Price,Close,High,Low,Open,Volume,MA_5,MA_10,MA_15,MA_20,MA_25,MA_30,Normalised Close,Return Ratio,Percentage Change Open,Percentage Change High,Percentage Change Low,Sector,Sector Encoded
Ticker,CANFINHOME.NS,CANFINHOME.NS,CANFINHOME.NS,CANFINHOME.NS,CANFINHOME.NS,,,,,,,,,,,,,
Date,,,,,,,,,,,,,,,,,,
2023-01-10,537.30908203125,549.4033175558193,532.4418728527537,545.7160469681963,474771,,,,,,,-2.1062900869473964,,0.0156464225491304,0.022508898377165076,-0.009058490431794408,Financial Services,8
2023-01-11,540.9963989257812,543.6512459789469,531.0653132845578,540.013126684918,427182,,,,,,,-2.0686752724831887,0.006862562011034079,-0.0018175208611659333,0.004907328511681852,-0.0183570272573772,Financial Services,8
2023-01-12,538.3906860351562,545.2735914981567,535.8833539050406,540.9963813946756,383567,,,,,,,-2.0952564993566423,-0.004816506904295448,0.004839785358673909,0.012784220904131782,-0.0046570867497360835,Financial Services,8
2023-01-13,540.357177734375,541.930449123786,534.113423822052,538.4889967280436,279457,,,,,,,-2.0751960536376366,0.0036525366248448448,-0.0034573076537344205,0.0029115397263852483,-0.011554864392663289,Financial Services,8
2023-01-16,533.8184814453125,546.4535047376726,531.9502403294302,541.7829619621368,359399,538.174365234375,,,,,,-2.1418981719491024,-0.01210069294624369,0.01491982910606704,0.02366913797767123,-0.0034997685183623117,Financial Services,8
2023-01-17,517.2503662109375,536.2275090403915,508.45006738172964,533.8676915982502,1938132,534.1626220703125,,,,,,-2.310911738829379,-0.031036983188586616,0.03212627089863873,0.03668850535277346,-0.017013615463771448,Financial Services,8
2023-01-18,524.57568359375,529.0495598015096,516.6112033124269,520.0034441640696,638097,530.8784790039062,,,,,,-2.2361851931791827,0.014162034212703092,-0.008716072003866038,0.00852856193621121,-0.015182709626874402,Financial Services,8
2023-01-19,521.4783935546875,528.4105106596444,519.167727862484,524.6248766354765,360319,527.4960205078125,,,,,,-2.2677810645115235,-0.005904372116228611,0.00603377459100618,0.01329320100436715,-0.004430990278336822,Financial Services,8
2023-01-20,512.3831787109375,526.4931724223492,508.45008945577257,526.4931724223492,808127,521.901220703125,,,,,,-2.3605625716738627,-0.01744121128730175,0.027537972161595592,0.027537972161595592,-0.007676070211867336,Financial Services,8
2023-01-23,542.6187133789062,545.5193782317618,513.7105481024455,521.1342408513622,3376553,523.6612670898437,530.9178161621094,,,,,-2.052125825038787,0.05900961609246391,-0.039594050108886725,0.0053456778790268444,-0.05327528255789149,Financial Services,8
2023-01-24,554.1721801757812,555.548785242227,539.5706122153489,543.749519006994,1733068,531.0456298828125,532.6041259765625,,,,,-1.934267359815096,0.021292053723932863,-0.018807622507288735,0.002484074653493318,-0.026348431918399084,Financial Services,8
2023-01-25,547.4368286132812,554.0739163423152,539.5214989540833,554.0739163423152,822355,535.6178588867188,533.2481689453125,,,,,-2.0029755849612445,-0.012153896935720542,0.012123933542882881,0.012123933542882881,-0.014458891410810581,Financial Services,8
2023-01-27,530.6719970703125,552.5989542485139,523.7399403410254,550.6324099273447,597972,537.4565795898437,532.4763000488281,,,,,-2.173995881304023,-0.030624230352634375,0.03761346550642952,0.041319227883238385,-0.013062789760072024,Financial Services,8
2023-01-30,531.6553344726562,538.1940591344371,526.0015188554905,533.3269093536103,506326,541.3110107421875,531.6061157226562,,,,,-2.163964724502791,0.0018530041301830001,0.0031440950039784976,0.012298803826103821,-0.01063436262287043,Financial Services,8
2023-01-31,558.05615234375,560.2685149017269,532.245255834019,532.245255834019,1512615,544.3984985351562,534.0298828125,535.411376953125,,,,-1.8946464385162056,0.04965776915843507,-0.04625143258671949,0.00396440850743307,-0.04625143258671949,Financial Services,8
2023-02-01,532.7368774414062,569.0687980174501,512.2848272433547,561.5959531420265,1547817,540.1114379882813,535.5785339355468,535.1065633138021,,,,-2.1529317595398565,-0.04537047893120914,0.054171349727510254,0.06819862133542642,-0.038390528352903464,Financial Services,8
2023-02-02,562.087646484375,566.3648570764155,528.2630546255283,534.6051731008345,1497538,543.0416015625,539.3297302246094,536.512646484375,,,,-1.8535206257773933,0.05509430693803797,-0.04889357301380315,0.007609508265824294,-0.06017672167393373,Financial Services,8
2023-02-03,568.4296875,571.2812011499653,554.614723812376,568.3313842765575,1067554,550.5931396484375,544.0248596191407,538.5152465820313,,,,-1.78882461430061,0.011283010853008129,-0.00017293822895636524,0.005016475586464342,-0.024303733586441112,Financial Services,8
2023-02-06,572.1661376953125,573.9360157159203,562.7758398373737,568.4296551900381,626504,558.6953002929688,550.0031555175781,540.6358439127604,,,,-1.7507085844416412,0.006573284748278564,-0.006530415309659698,0.0030932938949113087,-0.016411837819978237,Financial Services,8
2023-02-07,570.1011962890625,574.9684055686213,560.5142925621808,573.2476792586681,592372,561.1043090820312,552.7514038085938,543.0546915690104,541.8346099853516,,,-1.7717733288336277,-0.0036089891907402846,0.005519165702662754,0.008537447932473574,-0.016816143851802745,Financial Services,8
2023-02-08,581.7530517578125,588.488442676679,560.9568196274777,570.297906019171,1334583,570.9075439453125,555.5094909667969,547.3548706054687,544.0568084716797,,,-1.652911187564776,0.020438223151600047,-0.019690735964390527,0.01157774918157295,-0.03574752563393935,Financial Services,8
2023-02-09,590.3074340820312,591.8315539848251,576.0008357489348,583.0804075056318,985852,576.5515014648438,559.7965515136718,551.7369873046875,546.5223602294922,,,-1.5656467855117235,0.014704490674128847,-0.01224281816412831,0.002581908705188374,-0.02423584306598503,Financial Services,8
2023-02-10,587.3576049804688,595.9612364421389,585.7352419133417,588.9800280617661,543572,580.3370849609375,565.4651123046875,556.1289347330729,548.9707061767579,,,-1.595738388031962,-0.00499710647579712,0.002762240698920282,0.014648029392513306,-0.0027621385223759454,Financial Services,8
2023-02-13,581.1630249023438,588.5375664416193,570.2978790373123,585.0469621158635,531299,582.1364624023438,570.4158813476563,560.7142578125,551.0109985351562,,,-1.6589301306966433,-0.010546522298508396,0.006683042532123151,0.012689282048724326,-0.01869552156532528,Financial Services,8
2023-02-14,580.52392578125,587.6034375476635,577.2790795384433,581.2121683038606,469223,584.2210083007812,572.6626586914062,563.2412719726562,553.3462707519532,550.3118896484375,,-1.665449666595452,-0.001099689921259429,0.0011855541038801043,0.012195038743469722,-0.005589513366636711,Financial Services,8
2023-02-15,584.8502807617188,589.9633081014321,577.1807697592343,580.032283087393,484600,584.8404541015625,577.8739990234375,565.2864786783854,556.7262664794922,552.2135375976562,,-1.621315938860255,0.0074525007296580995,-0.008238001814841689,0.008742455134079785,-0.013113631393825376,Financial Services,8
2023-02-16,576.7383422851562,587.8001554055039,573.2477377033487,585.7844592397427,248733,582.1266357421875,579.3390686035157,567.239912923177,559.3343994140625,553.6432153320312,,-1.7040669118491814,-0.013870111280441511,0.015684958483501932,0.01917995095751479,-0.006052319268348039,Financial Services,8
2023-02-17,569.1670532226562,580.1305615698557,566.9055393075058,573.3459598102357,365113,578.488525390625,579.4128051757813,569.80625,561.7188323974609,554.8742700195312,,-1.7813026476122797,-0.01312777130873767,0.007342144215689128,0.019262373472117567,-0.003973374604776647,Financial Services,8
2023-02-20,580.130615234375,583.7687344852898,564.3982595670021,569.2654691044304,699245,578.2820434570312,580.2092529296875,573.0379353841146,565.1062042236329,556.4652075195313,,-1.669461880264817,0.01926246775817827,-0.018728792869438626,0.006271207130561285,-0.027118644067796627,Financial Services,8
2023-02-21,568.6263427734375,586.718576580048,565.8731924152603,579.1965196951821,747401,575.9025268554688,580.061767578125,573.7426147460938,566.4065856933594,557.8575219726563,554.5769958496094,-1.7868185074659275,-0.019830486719425642,0.018588968056227007,0.03181743870388898,-0.004841756617797399,Financial Services,8
2023-02-22,554.6146240234375,571.2810983623143,548.370870103802,564.8898296198788,367589,569.8553955078125,577.3479248046875,575.2011311848959,566.4287078857421,559.3520922851562,555.1538472493489,-1.92975393075097,-0.02464134651528588,0.018526748396751724,0.030050549727611342,-0.011257824170485042,Financial Services,8
2023-02-23,553.9263305664062,557.6136010548154,546.7484560184702,550.6323929357613,348750,565.2929931640625,573.709814453125,574.6570434570312,566.7531829833985,560.5261181640625,555.5848449707031,-1.936775304672359,-0.0012410301265373114,-0.0059465265485335594,0.006656608081148319,-0.01295817539598898,Financial Services,8
2023-02-24,556.974609375,567.3481201937308,555.1063679891412,555.5488525293897,297130,562.8545043945312,570.6715148925781,573.8933715820312,568.0683135986328,561.945966796875,556.2043090820313,-1.90567940347914,0.005503040098268652,-0.0025598237722365136,0.018624746342335463,-0.0033542667015921124,Financial Services,8
2023-02-27,560.6618041992188,564.2015600109953,552.3531423471046,557.5153212475449,445168,558.9607421875,568.6213928222656,573.126416015625,569.5186370849609,563.8771118164062,556.8811299641927,-1.8680658342705714,0.006620041133214808,-0.005612087229961982,0.006313531232669423,-0.014819382718573526,Financial Services,8
2023-02-28,565.5781860351562,568.9704871555351,557.76115997885,562.4317029667733,428394,558.3511108398437,567.1268188476563,572.824881998698,569.8947387695313,564.7954907226563,557.9397867838542,-1.8179131634035073,0.008768890263461879,-0.005563303440750733,0.005997934864071963,-0.013821300483856325,Financial Services,8
2023-03-01,567.249755859375,569.3146034725183,563.0708490117788,567.8396951733667,743579,560.8781372070313,565.3667663574219,571.8579956054688,571.6203826904297,565.31859375,559.6064331054688,-1.8008612553087053,0.002955506180209796,0.0010399992382508216,0.0036401031323762822,-0.007366961033355102,Financial Services,8
2023-03-02,557.4170532226562,570.1012290273446,553.5822675060211,570.1012290273446,188574,561.5762817382813,563.4346374511719,569.6653035481771,571.3868530273437,565.717802734375,560.7011454264323,-1.901165974415014,-0.01733399183543473,0.02275527045926551,0.02275527045926551,-0.0068795629671978276,Financial Services,8
2023-03-03,554.3197021484375,561.3992739835891,551.3207339445265,558.3510941583936,273370,561.0453002929687,561.94990234375,567.4627766927083,570.6813537597657,566.6637109375,561.7958557128907,-1.9327624683751743,-0.0055566134123663695,0.0072726839661863,0.012771640278547824,-0.005410177903270474,Financial Services,8
2023-03-06,559.9243774414062,564.3982540376505,552.3531693478226,555.5488040614504,750886,560.8978149414063,559.9292785644532,566.0468668619792,570.0692657470703,567.79447265625,563.3805623372396,-1.875588423586721,0.010110907606650272,-0.007814579175763336,0.007990144341790906,-0.013521840445991251,Financial Services,8
2023-03-08,554.90966796875,560.4160285543027,548.1742770899959,559.6785743698766,544207,558.764111328125,558.5576110839844,564.3392496744792,569.3096893310546,567.66861328125,563.7902608235677,-1.9267441478711265,-0.008956047771256428,0.008594022912924215,0.009922985493672654,-0.012137814977001615,Financial Services,8
2023-03-09,558.9902954101562,570.2979267157267,555.5488424041131,557.7120534393187,496275,557.1122192382812,558.9951782226562,562.6152506510417,568.1715515136718,568.71875,563.9508646647135,-1.8851171197375536,0.0073536787642273565,-0.0022866979647646613,0.020228671943711474,-0.006156552330694787,Financial Services,8
2023-03-10,547.7809448242188,555.5488195815602,541.635493280175,555.5488195815602,369574,555.1849975585938,558.3806396484375,560.6847574869792,566.0452270507812,568.1464819335938,563.9623352050781,-1.9994652093144598,-0.020052853650549866,0.014180622438106472,0.014180622438106472,-0.011218812195111783,Financial Services,8
2023-03-13,530.9669799804688,563.9065981829608,527.9188602121753,547.7317587344252,932544,550.514453125,555.7798767089844,558.1380859375,563.2256958007813,566.6479736328125,563.97216796875,-2.1709867210519995,-0.03069468736110481,0.031574051468460596,0.06203703703703711,-0.005740695529513951,Financial Services,8
2023-03-14,519.5610961914062,536.3750281554101,517.2012187163074,531.4095151496573,592536,542.441796875,551.6698059082031,554.1001180013021,560.1455993652344,564.5437719726563,563.5690266927083,-2.287339672207949,-0.02148134294430523,0.022804669258542853,0.032361799386552814,-0.004542059619932481,Financial Services,8
2023-03-15,511.0556640625,526.5421993371212,508.0075446172882,523.5923830943362,571925,533.67099609375,546.2175537109375,550.2620727539063,556.6721862792969,562.1819506835938,562.00234375,-2.3741047267496995,-0.016370417629908245,0.024531024531024626,0.030303030303030276,-0.005964358991702778,Financial Services,8
2023-03-16,512.432373046875,517.2995228245651,500.04310630265115,508.35176907666226,476795,524.3594116210937,540.7358154296875,547.4499226888021,553.0512908935547,559.4091235351563,561.325526936849,-2.360060733651282,0.002693853294631784,-0.007963204873161822,0.00949813094116303,-0.024177369338627908,Financial Services,8
2023-03-17,521.2818603515625,523.1500418080299,508.89259273321073,517.5945890391092,682828,519.0595947265625,537.1222961425781,545.2736246744792,550.278466796875,556.6481005859375,559.9653340657552,-2.269785926090567,0.017269571108611416,-0.007073469446963854,0.003583822109611612,-0.023766926418648415,Financial Services,8
2023-03-20,521.3309936523438,526.8864462261064,506.97518183832346,523.1008718173108,964205,517.1323974609375,533.8234252929688,542.897383626302,547.8866638183594,554.0070361328125,558.3953776041667,-2.269284710695806,9.425476794476133e-05,0.0033949222020499548,0.010656286776357105,-0.02753684701046888,Financial Services,8
2023-03-21,522.805908203125,527.1814820605618,515.5296689785661,523.936635370525,370906,517.7813598632813,530.1115783691406,540.3736572265625,545.0204284667968,551.6727514648437,556.7500366210937,-2.2542389094356867,0.0028291326791224994,0.002162804875878832,0.00836940399636199,-0.013917668317038001,Financial Services,8
2023-03-22,538.6365356445312,540.160595654937,525.0673903681886,525.4115116558305,576421,523.2975341796875,528.4842651367187,538.5775472005208,543.5209381103516,549.997255859375,555.7012145996093,-2.0927485544993796,0.030280123451197877,-0.024552779311332262,0.0028294775967656616,-0.02519165407171242,Financial Services,8
2023-03-23,531.2128295898438,538.8331894775278,527.6238618951354,538.8331894775278,840185,527.0536254882812,525.7065185546875,536.1750854492187,542.3508483886719,547.8517578125,554.0165405273438,-2.1684787761947364,-0.013782403463969094,0.01434521055067095,0.01434521055067095,-0.006756176610944076,Financial Services,8
2023-03-24,516.1195678710938,532.6876793467227,512.2847825374113,531.3602859696156,386989,526.0211669921875,522.540380859375,533.4219197591145,540.4605102539062,545.4270068359375,551.5436116536458,-2.3224471644427136,-0.028412833572569587,0.029529432804470623,0.03210130463367156,-0.007430032830377464,Financial Services,8
2023-03-27,511.2032470703125,521.625908512778,503.43537258914665,515.431305579457,367199,523.9956176757812,520.5640075683593,530.5474894205729,538.1719421386719,543.1084545898437,549.0051330566406,-2.372599212681958,-0.00952554622383384,0.00827079744382564,0.02038848834039575,-0.015195276097488164,Financial Services,8
2023-03-28,510.1707763671875,511.79319956456055,503.33705232153847,510.31829120846675,337531,521.4685913085938,519.6249755859375,527.2305826822917,535.6473907470703,540.3100610351562,546.6387247721354,-2.3831315848779515,-0.002019687294715072,0.0002891479640008132,0.0031801570621625697,-0.013394973530844845,Financial Services,8
2023-03-29,506.77850341796875,514.5954692043189,503.43535401454756,512.0389855528821,846192,515.0969848632812,519.1972595214844,524.0218383789063,532.707406616211,537.8361474609375,544.1805440266927,-2.417736616462316,-0.00664928903488822,0.010380239294749183,0.015424817220202947,-0.006596865062099777,Financial Services,8
2023-03-31,520.3477172851562,523.5925038980265,510.3183277428653,511.301600050655,404383,512.9239624023437,519.9887939453125,521.4456665039063,530.3623046875,536.4654711914062,542.030458577474,-2.2793152448692187,0.026775433006076436,-0.0173847543363852,0.006235804453605498,-0.01927439903958439,Financial Services,8
2023-04-03,536.2767944335938,538.6366122003432,521.3310418541078,523.9366777224468,634976,516.9554077148438,521.4882873535156,520.6787231445312,529.3052917480469,535.7594897460938,540.6817403157552,-2.116820591259931,0.030612370573172308,-0.02301072289391226,0.004400372701641508,-0.02786947474628554,Financial Services,8
2023-04-05,535.0967407226562,537.7023760318809,530.4261977946534,536.9157702784202,234421,521.7341064453125,522.8648620605469,520.9540405273438,528.3441436767578,534.884375,539.5460632324218,-2.1288584775236656,-0.002200456412035975,0.0033994405447270726,0.004869465857156419,-0.008728408477493677,Financial Services,8
2023-04-06,557.662841796875,559.7768409788,529.5903730010208,535.244188045188,881334,531.23251953125,526.3505554199219,523.4941569010417,528.2310668945313,534.7644165039062,538.7971374511719,-1.8986586521855706,0.042172002475183996,-0.040201089388438804,0.0037908195122224875,-0.05033950030703216,Financial Services,8
2023-04-10,572.4119873046875,573.8376841130371,558.54781201504,563.3658702389799,765353,544.3592163085938,529.7281005859375,527.5845784505208,529.1061828613281,535.0377685546875,538.9233256022136,-1.7482006395843783,0.02644814106725938,-0.01580350737989078,0.0024906830044959527,-0.02422062360176913,Financial Services,8
2023-04-11,565.3323974609375,581.0647536090019,563.0708832674884,575.2142716636052,1127721,553.35615234375,533.1400573730468,531.1112467447916,529.4232879638672,534.96107421875,539.2805847167969,-1.8204204856329507,-0.012367997178196106,0.01747975924792211,0.027828506235840544,-0.0040003265399368715,Financial Services,8
2023-04-12,560.07177734375,565.7255920518946,555.7454160103661,565.3323192111329,303075,558.1151489257812,537.5352783203125,533.6972412109375,530.0378295898438,535.0672631835937,539.4854329427084,-1.8740847774024385,-0.009305357592832792,0.009392620875010138,0.010094803803467833,-0.0077246551395654395,Financial Services,8
2023-04-13,557.26953125,562.4317104102338,548.7642025327073,560.46516596824,407594,562.54970703125,542.1419067382812,536.0931437174479,531.3529571533203,535.1852563476563,539.495263671875,-1.9026708658549358,-0.005003369580663751,0.005734450816056391,0.009263343625937281,-0.01526250448003974,Financial Services,8
2023-04-17,560.8585205078125,565.3323972831764,554.6147056550071,560.4651875985642,308969,563.1888427734375,547.2106811523438,538.6299845377604,533.4178283691406,535.2226220703125,539.5018208821615,-1.8660591048080692,0.006440311297411346,-0.00070130504372512,0.007976836602773263,-0.011132602295409688,Financial Services,8
2023-04-18,553.04150390625,561.4484698672766,541.5863578796444,560.7110156599203,590385,559.31474609375,551.8369812011719,539.5903157552083,535.5171203613281,535.1478955078124,539.0839314778646,-1.9458015401727913,-0.01393759088207275,0.013867877364535763,0.015201329197983116,-0.020712995219518637,Financial Services,8
2023-04-19,555.1063842773438,565.2340773169058,552.1074156608289,552.1074156608289,412979,557.2695434570312,555.3128479003906,541.1832194010417,537.6508209228516,534.9925390625,538.6791524251302,-1.9247374184086243,0.0037336806668379495,-0.0054025114851075084,0.018244598380446675,-0.0054025114851075084,Financial Services,8
2023-04-20,553.9263305664062,560.5142658418641,551.7139682733608,554.565481456731,259117,556.0404541015625,557.0778015136718,543.7036702473958,539.2830444335938,535.2383544921875,538.5627950032552,-1.936775304672359,-0.002125815419099771,0.001153855404691262,0.011893161440297506,-0.003993964848688858,Financial Services,8
2023-04-21,552.5989990234375,556.8762092628778,542.8645798392408,556.8762092628778,451968,555.10634765625,558.82802734375,546.4633870442708,540.8464447021485,536.1036352539063,538.5054382324219,-1.950315591864737,-0.002396223955650409,0.007740170081739217,0.007740170081739217,-0.017615701804381656,Financial Services,8
2023-04-24,567.4463500976562,569.8062273312713,551.4681772001012,553.4839331769757,703195,556.4239135742188,559.8063781738281,550.2817586263021,543.078466796875,538.0190454101562,538.7561706542969,-1.7988557711018425,0.026868219270134844,-0.0246057039899501,0.00415876713844221,-0.028158032728213378,Financial Services,8
2023-04-25,574.3785400390625,577.6724782497942,566.9547861370202,570.2979359742649,550626,560.6913208007812,560.0030334472656,554.788427734375,544.8655670166015,540.5519604492188,539.4051330566406,-1.7281395712375527,0.012216467583610743,-0.007104381136036397,0.005734786349273602,-0.012924845523541784,Financial Services,8
2023-04-26,575.36181640625,582.2447225786914,568.5280618464903,572.7561207781541,724986,564.7424072265625,561.0059753417969,558.4560343424479,547.0730163574219,543.0691381835937,539.950850423177,-1.7181090370641399,0.001711896073137811,-0.004528794844905093,0.011962744096284395,-0.011877316785538161,Financial Services,8
2023-04-27,583.2771606445312,587.9968558458087,566.4140161074951,568.3314091620024,1275144,570.6125732421875,563.326513671875,561.5893920898437,550.4308959960938,545.5489501953125,541.1340576171875,-1.6373635482820763,0.013757159430080088,-0.025623755721917107,0.008091685256563341,-0.02891103179559118,Financial Services,8
2023-04-28,606.384033203125,614.5451812067146,586.7185874045101,588.3409506743891,1601617,581.369580078125,568.2379638671875,566.3418782552084,555.1899353027344,548.9510717773437,543.647959391276,-1.4016472404625142,0.039615596353987634,-0.029755207163728037,0.013458711899915432,-0.032430678780797306,Financial Services,8
2023-05-02,616.806640625,621.9196680808311,606.7772521566723,609.3829474989645,1067045,591.2416381835938,573.8327758789062,570.2847981770833,560.521728515625,552.7111010742187,546.8894775390625,-1.2953248234799772,0.017188129718421628,-0.012035689366951652,0.008289514280602095,-0.016260182377681787,Financial Services,8
2023-05-03,622.9521484375,629.0976002609584,612.6769409858418,612.6769409858418,616261,600.9563598632812,580.8238403320313,573.6541422526042,566.3304107666015,556.0837255859375,550.6193603515625,-1.2326336735822374,0.009963426798182422,-0.016494376779068176,0.00986504635849239,-0.016494376779068176,Financial Services,8
2023-05-04,626.73779296875,629.2942769632416,620.9856139598755,623.3946431167112,378592,611.2315551757813,587.9869812011718,577.7478352864583,571.6499145507812,559.9047241210938,554.429541015625,-1.1940158057006882,0.006076942732672523,-0.0053342081641556405,0.004079032768044888,-0.009177967362758443,Financial Services,8
2023-05-05,632.9815063476562,638.6844733534681,624.9678135625945,627.2785393418444,687273,621.1724243164062,595.8924987792968,582.6084838867188,576.4851501464843,564.5792016601563,558.1528625488281,-1.1303228476412461,0.009962241704510662,-0.009009689775485441,0.009009689775485441,-0.012660232099514612,Financial Services,8
2023-05-08,646.0098876953125,647.9272806433623,628.8026228023627,631.4574699601104,618516,629.0975952148438,605.2335876464844,588.5245076497396,582.0308074951172,569.9714672851562,562.3088256835938,-0.997418581157436,0.020582562392432037,-0.022526617645310165,0.0029680551096364916,-0.026636225266362334,Financial Services,8
2023-05-09,635.04638671875,648.1731078448089,631.8999633910537,647.9764413832834,535583,632.7455444335938,611.9935913085938,593.4703653971354,585.8999847412109,574.9664916992188,566.0501749674479,-1.1092587258770792,-0.016971103980583938,0.020360803454598342,0.02067049179491276,-0.004954635430576504,Financial Services,8
2023-05-10,635.6362915039062,641.5850759911049,631.1132036186858,635.0462922071371,375429,635.282373046875,618.1193664550781,598.9766845703125,589.0611999511718,580.1208032226563,569.2835001627604,-1.103241028000851,0.0009289160563596871,-0.0009282026603188998,0.009358786725540691,-0.007115842732199673,Financial Services,8
2023-05-11,633.1781616210938,643.9941561017224,631.3590719953927,638.9302801346676,337114,636.5704467773437,623.9010009765625,604.1814697265625,592.4534881591796,584.6340209960938,572.6823445638021,-1.1283167408065635,-0.0038671956206222905,0.009084518169178324,0.017082071265593024,-0.0028729506732255716,Financial Services,8
2023-05-12,632.8832397460938,638.5370554697129,629.5892415333911,633.178209433186,357957,636.5507934570312,628.8616088867187,609.445263671875,596.0940612792969,588.4982788085938,576.5744669596354,-1.131325278430768,-0.0004657802382901624,0.00046607283708532954,0.008933426212846651,-0.00520474868954357,Financial Services,8
2023-05-15,647.92724609375,650.4837298787115,629.7367098911824,634.2597381304755,786620,636.9342651367188,633.0159301757812,615.8004801432292,600.6269470214844,593.0114990234375,581.13193359375,-0.9778593508331908,0.023770587373575812,-0.021094201618582553,0.0039456340204462315,-0.02807496723163816,Financial Services,8
2023-05-16,647.4847412109375,661.2014003510424,642.7158950649389,652.3519505850614,719609,639.4219360351562,636.083740234375,621.1363728841146,604.9582580566406,596.604375,585.7090657552084,-0.9823734025251364,-0.0006829545839911678,0.007517102820093102,0.021184528788202428,-0.007365186918659838,Financial Services,8
2023-05-17,659.3331909179688,662.1847044299699,638.7336254125004,647.9764085076574,650229,644.1613159179688,639.7218444824218,626.8000162760417,610.2728424072266,600.0812231445312,590.7942220052083,-0.8615057770494216,0.018299195259601126,-0.017224648427754174,0.0043248444811812,-0.03124302824310765,Financial Services,8
2023-05-18,664.1511840820312,686.8647466853346,660.2672470962782,666.1177283771802,2562867,650.3559204101563,643.46318359375,632.719307454427,615.7250823974609,604.033974609375,595.5876708984375,-0.8123567822275183,0.007307372403556024,0.002960988916803853,0.03419938584419957,-0.005847971183129519,Financial Services,8
2023-05-19,655.203369140625,667.5926341633731,640.1101657360794,667.5926341633731,901489,654.8199462890625,645.6853698730469,637.5143880208333,620.7889343261719,607.83923828125,599.5518900553385,-0.9036346432055751,-0.013472557387326858,0.018909037416883212,0.018909037416883212,-0.02303590627798835,Financial Services,8
2023-05-22,658.890625,663.0695315188391,644.4857244200316,657.6123832441298,500401,657.0126220703125,646.9734436035156,641.0148274739583,626.103515625,611.90408203125,603.6783528645833,-0.8660204513691867,0.005627650944791787,-0.0019399908078373551,0.0063423371957054275,-0.02186235474206122,Financial Services,8
2023-05-23,665.6260986328125,675.065487333619,659.8247689012906,662.6762821620392,452425,660.6408935546875,650.0314147949218,644.2694580078125,631.0125030517578,616.09478515625,607.2771280924479,-0.797310980967399,0.010222445694704641,-0.004431641843419487,0.014181217834148718,-0.008715598356851983,Financial Services,8
2023-05-24,667.936767578125,673.2464612580712,658.3990156048283,661.545498525753,398758,662.3616088867187,653.2614624023438,647.2684326171875,635.6904144287109,620.690595703125,610.4612874348958,-0.7737395369737887,0.003471421793794721,-0.009568673806573225,0.00794939571779918,-0.0142794234967476,Financial Services,8
2023-05-25,665.921142578125,671.7716245674347,661.742235444929,668.7234445323624,249670,662.7156005859375,656.5357604980469,649.8806559244791,640.2183807373046,625.1231860351562,613.8142456054687,-0.7943011980875556,-0.0030176883469201195,0.0042081588570506145,0.008785547740171706,-0.006275378368401641,Financial Services,8
2023-05-26,665.4786987304688,673.5415438125203,661.7422758917171,661.7422758917171,321713,664.7706665039062,659.7953063964844,652.0471354166667,644.3284576416015,629.5852807617188,617.3278096516927,-0.7988146271516816,-0.000664408770599055,-0.0056146392752759455,0.012115857498418814,-0.0056146392752759455,Financial Services,8
2023-05-29,678.6053466796875,682.7350419925983,666.1177774820981,666.8060800389743,483110,668.7136108398438,662.8631164550782,654.220166015625,647.9395233154297,634.6255346679687,621.3723368326823,-0.6649079298783498,0.019725121141007832,-0.01738752383612241,0.006085562592627269,-0.01840181374740002,Financial Services,8
2023-05-30,678.7528076171875,683.3741990959228,672.9023258523084,679.9327462947203,342247,671.3389526367188,665.9899230957031,657.1339274088542,651.036831665039,639.07779296875,625.3021464029948,-0.6634036610662476,0.00021729999361411442,0.0017383923341327545,0.006808651731341042,-0.008619458658915335,Financial Services,8
2023-05-31,695.3700561523438,698.2215092954743,674.4263719725068,677.4253399394922,1383366,676.8256103515625,669.5936096191406,661.1161783854167,654.6577270507812,643.9174536132813,630.0464314778645,-0.4938888787912101,0.024482032853009247,-0.025805995029673956,0.0041006268790295675,-0.030118760499587283,Financial Services,8
2023-06-01,715.9204711914062,720.2960445232162,693.2069071747537,699.9422977990804,1398058,686.8254760742187,674.7705383300781,666.6323323567708,659.1168609619141,649.5397998046875,635.4069010416666,-0.2842513371947016,0.029553206752636257,-0.022318363610605574,0.006111814800501936,-0.03172637873988082,Financial Services,8
2023-06-02,713.75732421875,716.8545956846518,703.3346027408169,715.8221718626846,720903,696.481201171875,680.6259338378907,672.0239379882812,663.1556518554687,654.7590063476563,640.7346008300781,-0.30631788974839025,-0.0030214905980498466,0.0028929267327586494,0.004339390099137752,-0.014602612294509765,Financial Services,8
2023-06-05,701.9088134765625,719.2635912562188,700.0897839705095,716.7562592293832,496947,701.14189453125,684.9277526855469,675.6227091471354,665.9505981445312,658.5799975585937,645.7115946451823,-0.42718613785192455,-0.016600194968445895,0.021152955295262732,0.02472511734636562,-0.0025915467524098013,Financial Services,8
2023-06-06,705.9403076171875,707.8577004633233,695.2226163335787,701.8597038680823,429223,706.57939453125,688.9591735839844,679.5197469075521,669.4952941894531,662.1453442382813,650.3280598958333,-0.3860603251131124,0.005743615214997747,-0.0057803807277683195,0.0027160835348922774,-0.015182149493326191,Financial Services,8
2023-06-07,736.9133911132812,740.2073291064372,708.9392839263884,711.200798072001,2141726,714.8880615234375,695.8568359375,684.6917602539063,674.5591491699219,666.7037939453126,655.7458882649739,-0.07009974390624756,0.0438749327129931,-0.03489228632748187,0.00446991197728086,-0.03796118719546049,Financial Services,8
2023-06-08,728.8505859375,739.6665811419688,726.6873748937707,737.4050668747791,464175,717.4740844726563,702.1497802734375,689.0050537109375,679.3427703857421,670.7883056640625,660.8621805826823,-0.15234950150041315,-0.010941319933948389,0.011736947328204073,0.01483979763912302,-0.0029679759959949648,Financial Services,8
2023-06-09,729.391357421875,734.4552336148431,720.4436037762044,727.6214793398296,488172,720.6008911132812,708.5410461425781,693.9509195963542,684.1681762695313,674.6446997070312,665.7326538085938,-0.14683301901894588,0.0007419510868327297,-0.002426513645981787,0.006942605148033243,-0.012267424825675888,Financial Services,8
2023-06-12,731.8494873046875,745.959479399531,722.7542194441547,729.5388216376806,723202,726.5890258789062,713.8654602050781,698.81484375,688.3642883300781,678.0782836914062,669.9148356119791,-0.1217573062132334,0.003370111062874487,-0.0031572962843996466,0.01927990978966032,-0.012427784699323263,Financial Services,8
2023-06-13,733.8161010742188,741.8297942766982,728.4081034567408,738.3883412473941,529028,732.1641845703125,719.3717895507813,703.3608439127604,692.6808563232422,682.029072265625,673.8151509602865,-0.10169561523858817,0.002687183367134749,0.006230771124375867,0.010920574229358548,-0.007369690593544198,Financial Services,8
2023-06-14,736.3234252929688,741.8297860875771,728.7522767234207,736.4217885297984,494588,732.04619140625,723.4671264648438,707.9199544270833,696.5303680419922,686.0565576171875,677.5941935221355,-0.07611806441029526,0.0034168291143783546,0.000133586999205626,0.007478182284391455,-0.010282368195111635,Financial Services,8
2023-06-15,720.8367919921875,745.8119287060064,717.7886723208762,737.4541153981605,636878,730.4434326171875,723.9587585449219,711.5809977213542,699.3646484375,689.5629028320312,680.7308268229167,-0.23409928895545704,-0.021032378936768743,0.023052823594155836,0.03464742226155626,-0.00422858503502177,Financial Services,8
2023-06-16,737.1100463867188,745.8119815594289,726.195688696857,727.8672634797194,939196,731.9871704101563,726.2940307617188,716.3564208984375,703.4599822998047,693.7319750976562,684.2017781575521,-0.06809363707156499,0.022575504712455938,-0.012539217111891321,0.01180547628589057,-0.01480695825998224,Financial Services,8
2023-06-19,732.7344970703125,752.940729925417,730.6695893244994,742.3705531749133,772856,732.1641723632813,729.3765991210937,719.9650309244792,707.1521759033203,697.1242651367188,687.092598470052,-0.11272920282934228,-0.005936086935532899,0.013150815395110538,0.027576472700405086,-0.002818084523206199,Financial Services,8
2023-06-20,738.6340942382812,746.0086357941464,733.5210667567136,735.9300956677974,1081401,733.1277709960938,732.6459777832031,723.9571166992188,710.8025756835938,700.7702392578125,690.5455220540365,-0.0525466204166849,0.008051480026608642,-0.0036608093121835994,0.009984025396864604,-0.006922273858534056,Financial Services,8
2023-06-21,731.751220703125,744.5337599574972,729.8829794218159,744.5337599574972,338545,732.213330078125,732.1297607421875,726.3825276692709,713.9932983398437,703.6669604492188,693.7493530273438,-0.1227597370027551,-0.009318380492920835,0.017468422180546117,0.017468422180546117,-0.0025531098937067176,Financial Services,8
2023-06-22,720.984375,742.8621824923287,718.0345582594613,733.1769748665633,662262,732.2428466796875,731.3431396484375,726.7201212565104,716.7464599609375,705.9402880859375,696.6762268066407,-0.23259377488771574,-0.014713806275279398,0.016911045910756872,0.030344357313331072,-0.004091374019774996,Financial Services,8
2023-06-23,724.2783203125,726.1465616059853,708.4968125945821,720.7385641938893,452389,729.6765014648438,730.8318359375,727.4215209960937,719.6864410400391,708.7032861328125,699.7227294921875,-0.19899179672069256,0.004568677805951066,-0.004887287137192553,0.0025794521816961957,-0.02178928634935351,Financial Services,8
2023-06-26,729.9813842773438,735.4876851875146,720.7877522039925,727.5232035113427,447265,729.12587890625,730.6450256347656,729.2930257161458,722.2552429199219,711.5469165039062,702.4578674316406,-0.14081407588707862,0.007874133195624416,-0.003367456785811851,0.007543070314898204,-0.012594337706916536,Financial Services,8
2023-06-27,767.0506591796875,773.4419288126894,730.571282664685,730.571282664685,1937866,734.8091918945313,733.9684814453125,733.3670491536458,726.6701354980469,715.6038989257812,706.4433980305989,0.2373345719393066,0.05078112360226973,-0.04755797557623498,0.008332265354985768,-0.04755797557623498,Financial Services,8
2023-06-28,769.0172729492188,786.1262356673512,765.9200010873681,778.751693118877,1831098,742.26240234375,737.2378662109375,735.5073079427083,730.3524963378907,719.647119140625,710.0995340983073,0.25739626291395185,0.0025638642585020656,0.012658259459278787,0.022247826310219043,-0.00402757125333808,Financial Services,8
2023-06-30,766.3062133789062,778.7765196918178,759.8492808505111,774.7840698206753,533796,751.3267700195313,741.7848083496094,738.0043497721355,732.8717834472657,723.6625219726562,713.5047017415365,0.2297403804239052,-0.0035253558868911412,0.011063275089976399,0.016273267911956157,-0.008426047467270603,Financial Services,8
2023-07-03,767.3906860351562,782.1283055918203,764.6304772617702,767.4892412824763,489048,759.9492431640625,744.8128723144531,740.5376383463541,735.5534515380859,727.7390014648438,717.2442789713542,0.24080323152217953,0.0014151949146649731,0.0001284290376644126,0.019204845491164635,-0.0035968755206647884,Financial Services,8
2023-07-04,786.5643310546875,791.148232825143,762.4616779559799,770.5451933324837,1472282,771.2658325195313,750.1958557128906,744.1852945963542,739.7862274169922,732.0573608398438,721.500069173177,0.4363961573924513,0.024985506559370534,-0.020365960023541962,0.005827751894506905,-0.03064295207283152,Financial Services,8
2023-07-05,757.976318359375,792.5776311755725,754.230256545262,790.5567674082963,997197,769.4509643554687,752.130078125,745.795975748698,742.3880279541015,735.2263012695313,724.5784098307291,0.14476600349126323,-0.03634542219449417,0.04298346565687039,0.04564959613921893,-0.0049421884607441235,Financial Services,8
2023-07-06,757.6806030273438,762.2152876900138,750.8293886607255,758.96218227708,362221,767.1836303710937,754.7230163574219,747.2197875976562,743.4263885498046,737.7187231445313,727.5698710123698,0.14174937170540444,-0.00039013795664661407,0.001691450519672344,0.005984955460851982,-0.00904235153868782,Financial Services,8
2023-07-07,763.0531616210938,779.762367238381,751.716540605618,758.0749183392098,948619,766.5330200195312,758.9298950195313,750.0342122395833,745.1365173339843,739.6040307617187,730.8076049804688,0.19655556289599976,0.0070907960059736555,-0.006524110680975026,0.02189782633465387,-0.014856921621805852,Financial Services,8
2023-07-10,767.3413696289062,776.6570662472501,760.292924928642,763.053133562523,424035,766.5231567382813,763.2361999511719,752.0496337890625,747.0340179443359,741.747392578125,734.20302734375,0.24030014824395993,0.0056198024246466305,-0.005588433305058316,0.012140224660178278,-0.009185539812186727,Financial Services,8
2023-07-11,771.7774658203125,780.5509885796284,767.4399519795456,767.4399519795456,437391,763.5657836914063,767.4158081054687,754.6524983723958,749.0304168701172,744.542138671875,737.3087646484375,0.28555336079875926,0.00578112476009418,-0.005620161293717674,0.011367943672714764,-0.005620161293717674,Financial Services,8
2023-07-12,784.099853515625,786.5643362584224,770.2001347454265,775.1291002310212,869228,768.7904907226563,769.1207275390625,757.6835489908855,751.5446044921875,747.6685205078124,740.8203328450521,0.41125569129350265,0.015966244469466585,-0.011440830200875718,0.0031430725713663676,-0.017726975343608564,Financial Services,8
2023-07-13,780.9453125,791.0989694828075,775.4248349921953,786.5643452514291,375091,773.4434326171875,770.3135314941406,760.9631551106771,753.7756988525391,749.4297973632813,743.672841389974,0.3790757950663972,-0.004023136851105328,0.007195168037363864,0.013001751621125823,-0.007068968107551976,Financial Services,8
2023-07-14,791.0003662109375,800.4146777908312,779.8115790092563,781.5859944630112,618625,779.0328735351562,772.7829467773438,765.6308878580729,757.2838775634766,751.9157885742187,746.1755045572917,0.4816487473194311,0.012875490191174559,-0.011901855106620562,0.01190177904087486,-0.014145110014648798,Financial Services,8
2023-07-17,800.266845703125,802.9284991704467,790.655362748046,796.9644628062871,370293,785.61796875,776.0705627441406,770.6967895507812,760.4417175292969,754.7508081054688,749.0591552734375,0.5761773481435082,0.011714886475433554,-0.0041266021634775996,0.0033259574373385448,-0.012010347556800638,Financial Services,8
2023-07-18,786.3179321289062,802.5341813524826,780.1567249260158,800.2668691354268,278643,788.5260620117188,776.0459228515625,774.452559407552,763.1208892822266,756.9295458984375,751.872792561849,0.4338826088848121,-0.017430327957623996,0.017739563650487566,0.020623018452182507,-0.007835516590864677,Financial Services,8
2023-07-19,806.6744995117188,812.1949770944595,788.8809456973571,791.049702598861,1075146,793.0409912109375,780.9157409667969,777.0941487630208,766.5229095458984,759.8438818359375,755.2305989583333,0.6415426845263387,0.0258884689653438,-0.01936939487031686,0.006843500799990965,-0.02205791037789362,Financial Services,8
2023-07-20,819.2926025390625,831.4179055252014,798.1473891637986,799.3796305105172,1848350,800.71044921875,787.0769409179687,780.4458374023437,770.8999786376953,763.1626489257812,757.976572672526,0.7702616468069408,0.01564212459298206,-0.024305079731994583,0.014799722283054262,-0.025809110578727257,Financial Services,8
2023-07-21,825.7496337890625,833.4388081170982,812.9836008088807,824.123051068423,670647,807.660302734375,793.3465881347656,784.4087320963541,776.1382415771484,767.3591625976562,761.2065409342448,0.8361306890958103,0.007881227329514597,-0.0019698255428532985,0.009311750212655845,-0.015459931749049804,Financial Services,8
2023-07-24,877.306640625,883.665018583002,835.8540500042252,842.8531574196755,3582032,823.06826171875,804.343115234375,791.7364624023437,783.7896575927734,772.9670263671875,766.137050374349,1.3620706345721323,0.0624366087809949,-0.039271882383996926,0.007247611796797004,-0.04724983113229786,Financial Services,8
2023-07-25,839.1071166992188,896.8745695274513,820.9684992040819,896.8745695274513,4066238,833.6260986328125,811.0760803222656,795.2393147786458,789.2459442138672,777.2219311523437,769.7123046875,0.9723921647827889,-0.04354181554874316,0.06884395529318277,0.06884395529318277,-0.021616569725315116,Financial Services,8
2023-07-26,760.24365234375,806.1323092111246,756.497650589522,783.7055161392162,9546545,824.3399291992188,808.6904602050781,795.3904703776042,788.9055938720703,778.0863134765625,770.5932230631511,0.16789538173297272,-0.0939849785396799,0.03086097953351641,0.060360460394381255,-0.00492736998550336,Financial Services,8
2023-07-27,734.8102416992188,759.8000741076822,728.3039707763248,758.0749360866787,5395601,807.44345703125,804.076953125,793.8657796223958,787.1952423095703,778.2086743164062,770.542783610026,-0.09155425331329033,-0.03345428872194166,0.03166081944320931,0.03400855212724796,-0.008854355252110313,Financial Services,8
2023-07-28,722.2906494140625,740.5278225975461,715.4886526459802,735.4016862096619,2393751,786.75166015625,797.2059814453125,791.1482788085938,784.9944641113282,778.2609252929688,770.5912455240885,-0.21926829429309244,-0.017037857632747747,0.01815202343576683,0.025249078329171226,-0.009417257129938239,Financial Services,8
2023-07-31,740.7249755859375,744.6681480720632,719.7768717533944,720.6147718394813,1762697,759.4353271484375,791.2517944335938,789.3738525390625,783.6611785888672,778.9187915039063,770.7117431640625,-0.03121725920137744,0.025522033528786944,-0.02714935287627962,0.0053233961538916574,-0.02828054206755004,Financial Services,8
2023-08-01,727.6138916015625,743.0908559126391,723.0792672307932,740.4292024045623,1082718,737.1366821289063,785.3813903808593,786.4296142578125,780.713656616211,778.824091796875,770.5410563151041,-0.16496518638071672,-0.017700340094518492,0.017612790177482518,0.02127084775279653,-0.006232184985896949,Financial Services,8
2023-08-02,711.4469604492188,732.8386848018222,704.2506821635338,729.9305828446638,1363681,727.37734375,775.8586364746094,781.5860880533854,778.3871887207031,776.5999438476563,769.6348185221354,-0.3298862206029027,-0.02221910733006823,0.025980323795008253,0.030067911653029356,-0.010114989149916487,Financial Services,8
2023-08-03,716.9180908203125,721.5020531787828,705.5321916143544,712.6299145505493,583834,723.7989135742188,765.6211853027344,777.3176066080729,776.3490631103516,774.5159765625,769.140380859375,-0.2740744854836878,0.0076901451200792155,-0.005981403349518688,0.006393983381316692,-0.015881729519379495,Financial Services,8
2023-08-04,722.6848754882812,728.89541996318,715.7843239988686,725.5436994582516,517243,723.8777587890625,755.3147094726562,772.7632405598958,774.3306488037109,772.771123046875,769.1970642089843,-0.21524674120643364,0.008043854300524452,0.003955837553731412,0.00859371032319256,-0.009548493020212101,Financial Services,8
2023-08-07,732.739990234375,740.3306090451425,724.2129161244897,725.5437127259986,1064653,722.28076171875,740.8580444335937,768.2614501953125,772.6005798339844,771.3850952148438,769.4791198730469,-0.11267316632558019,0.013913553593189593,-0.00982105194787386,0.010359225526014537,-0.011637244075020203,Financial Services,8
2023-08-08,727.81103515625,738.8519299320033,724.4593747103487,738.8519299320033,437912,722.3201904296875,729.7284362792968,764.3609903971354,770.4022583007812,769.0349633789062,769.4067749023437,-0.16295409852347753,-0.006726745017080915,0.015170001885699502,0.015170001885699502,-0.004605124522715887,Financial Services,8
2023-08-09,722.2906494140625,731.4585136294493,717.6574095987049,728.5504118179347,362215,724.4889282226562,725.9331359863281,758.735400390625,767.3117980957031,767.6075366210938,767.9147745768229,-0.21926829429309244,-0.0075849162427200035,0.008666542213927597,0.012692763256486828,-0.006414647370994175,Financial Services,8
2023-08-10,740.5770874023438,748.2662617670568,707.7994658966826,722.2906369117403,1819423,729.2207275390625,726.5098205566406,753.4876993815104,765.2933868408203,766.9233959960937,766.9667683919271,-0.03272588640821663,0.025317284673580638,-0.02469216345153913,0.010382679258527538,-0.044259567387687215,Financial Services,8
2023-08-11,713.4185180664062,760.4408635776491,709.7710713605289,747.2312112378902,4143870,727.3674560546875,725.622607421875,745.9989583333333,761.4142944335938,764.9380102539062,765.2038452148438,-0.30977409677487155,-0.03667217065977452,0.04739531188947432,0.06591130496400432,-0.005112632506040216,Financial Services,8
2023-08-14,724.36083984375,729.4869765776338,690.1045257409489,715.6858716153542,2175253,725.6916259765625,723.9861938476563,735.8025716145834,757.618994140625,763.2187890625,763.7695170084636,-0.19815000390862217,0.015337871810506073,-0.011976031490419925,0.007076772310040225,-0.0472917808618567,Financial Services,8
2023-08-16,725.9380493164062,729.9304992630535,706.9615324966793,721.6005356903976,1145518,725.3170288085937,723.8186096191406,728.2579671223958,754.6,761.3852124023438,761.7486409505208,-0.18206067842288903,0.0021773809210841183,-0.005975046534746564,0.00549971164950902,-0.026140683543997345,Financial Services,8
2023-08-17,724.9029541015625,737.323983640784,721.6498488060656,726.4802592104357,796354,725.8394897460937,725.164208984375,725.9019205729167,750.5114227294922,759.0173364257812,760.6461954752605,-0.19261982361512417,-0.001425872656514516,0.002175884509710846,0.017134748132756616,-0.004487642486612264,Financial Services,8
2023-08-18,716.2279663085938,727.4660317399278,712.0383456246018,726.8745197778367,476526,720.9696655273438,725.0951965332031,724.6631022135417,745.3581909179687,756.428642578125,759.2644409179687,-0.2811145382396641,-0.011967102277463393,0.014864755315426637,0.01569062639267571,-0.005849563101515076,Financial Services,8
2023-08-21,731.3106079101562,736.1902959271674,716.6716040271605,722.0441886081518,689595,724.5480834960938,725.9577697753906,725.2644327799479,740.6362396240235,754.0410522460937,758.2063557942708,-0.1272544872322937,0.021058437133218557,-0.012670976192297845,0.006672524593832607,-0.020017491507239638,Financial Services,8
2023-08-22,735.9437866210938,741.3163707565932,729.4868542019667,736.28885028809,460473,726.8646728515625,726.2781494140625,724.9456868489583,733.5680969238281,751.4681298828125,757.1597696940104,-0.07999080944807475,0.006335445788455868,0.0004688723150725327,0.0073002642772028725,-0.008773676110199191,Financial Services,8
2023-08-23,737.225341796875,744.6187900070516,731.4584762601513,736.3874417336025,384807,729.1221313476562,727.219580078125,725.5864501953125,728.474008178711,749.5044262695312,756.0080322265625,-0.06691749312038082,0.001741376446243534,-0.0011365589539152898,0.010028749408093063,-0.00782239189264411,Financial Services,8
2023-08-24,737.4225463867188,750.9279244391199,734.6623376281643,747.1819225405075,652056,731.6260498046875,728.7327697753906,727.3181559244791,727.3329528808594,746.7343481445313,754.4521219889323,-0.06490578263532205,0.0002674956742033497,0.01323444231751325,0.01831430042188953,-0.003743049045732527,Financial Services,8
2023-08-25,728.4025268554688,744.0273230199425,723.9664580199739,737.0774938779407,643105,734.0609619140625,727.5153137207031,728.0837849934895,727.0125671386719,743.0987451171875,752.7006958007812,-0.15692021232394038,-0.012231819565928658,0.011909578430379764,0.02145077150120045,-0.006090133781722962,Financial Services,8
2023-08-28,732.9864501953125,740.2320656080602,728.5011036072513,729.4868967109147,403428,734.3961303710937,729.4721069335938,728.770556640625,727.5473571777344,739.3882177734375,750.7668986002604,-0.11015899519012141,0.0062931183937989035,-0.00477437677526682,0.009885060509395638,-0.0061192762661111955,Financial Services,8
2023-08-29,738.5562133789062,739.9856254284649,731.1627650205377,733.4793547722785,494610,734.9186157226562,730.8916442871093,729.1583048502604,727.4389190673828,733.8382006835938,748.7098775227864,-0.05334109351446732,0.007598725982055499,-0.0068740314070354636,0.0019354140194949299,-0.010010677893485531,Financial Services,8
2023-08-30,738.9998168945312,745.2595789734565,737.3732342224147,740.3798911251423,421738,735.2735107421875,732.1978210449219,729.9042236328125,728.0082153320312,729.8339086914062,747.1326070149739,-0.04881583452176934,0.0006006360891549567,0.0018674892727450487,0.00847058677934509,-0.0022010596416003336,Financial Services,8
2023-08-31,740.6756591796875,747.0340370307473,735.1552416069449,739.6898660296949,503892,735.9241333007812,733.7750915527344,731.1298909505208,729.4696502685547,729.0511889648437,744.9326456705729,-0.03172034247959703,0.0022677167799561486,-0.0013309376888183122,0.008584564339675804,-0.007453218563786224,Financial Services,8
2023-09-01,749.2027587890625,754.1317243074116,735.0073140290027,741.1685209269391,596150,740.0841796875,737.0725708007812,731.7049357096354,731.0838836669922,729.6268896484376,742.5963175455729,0.05526574493810372,0.01151259597057493,-0.010723716334292699,0.006578947368421018,-0.018947400544819026,Financial Services,8
2023-09-04,755.216064453125,759.0606815829019,747.9212316660066,756.6947540925722,633312,744.5301025390625,739.4631164550781,734.4914388020833,732.7104431152344,730.94390625,740.2451985677084,0.11660828297863621,0.008026272719259356,0.0019579689959561275,0.005090751257470716,-0.00965926591140609,Financial Services,8
2023-09-05,771.7774658203125,785.6771248910699,757.2370171476107,759.011432748638,1574345,751.1743530273437,743.046484375,737.6525472005209,734.6623168945313,732.186005859375,736.7275594075521,0.28555336079875926,0.021929355249057255,-0.016541080346399673,0.018009931212468855,-0.018840208890067767,Financial Services,8
2023-09-06,770.9888305664062,780.7482072239219,763.9897229779539,773.6012065896119,561361,757.5721557617187,746.4228332519531,740.6559326171875,736.8212066650391,733.9210034179688,734.4569498697916,0.2775083867419829,-0.0010218428094010488,0.003388344836703361,0.012658259459279009,-0.009078092069518706,Financial Services,8
2023-09-07,762.4124145507812,773.7983129258696,759.3071421902861,770.8409335989356,378499,761.9195068359375,748.9218200683594,743.156563313802,738.827294921875,735.9596215820312,734.5292419433594,0.1900192160460626,-0.011123917332660115,0.01105506532592404,0.014934041153824795,-0.004072956186481846,Financial Services,8
2023-09-08,762.6588745117188,772.8125316561354,759.4550468584587,767.6371177547154,371319,764.6107299804687,752.3474548339843,746.2519571940104,739.9313842773438,737.7892529296874,735.457529703776,0.19253338718152138,0.0003232633102947516,0.00652748353080379,0.013313497664230844,-0.004200865892121541,Financial Services,8
2023-09-11,777.34716796875,782.4733043267661,763.6939570565313,767.883577898596,602304,769.0369506835938,756.7835266113282,749.3210611979167,743.127816772461,739.9757446289062,737.2927469889323,0.34237063984659377,0.019259322808556075,-0.01217421309308031,0.006594397676151553,-0.0175638523877244,Financial Services,8
2023-09-12,741.1192626953125,782.9169154516819,730.0783676117397,782.4240188869513,994930,762.9053100585937,757.0398315429687,749.666092936198,743.9657379150391,740.3109155273437,737.3058898925781,-0.02719508348689905,-0.04660453754286256,0.0557329410673002,0.05639801157557178,-0.014897595622355153,Financial Services,8
2023-09-13,764.0389404296875,769.8551438653732,741.1192505454586,746.6890057028193,1052204,761.51533203125,759.5437438964843,751.4536661783854,745.8707824707031,741.7600317382812,738.5200581868489,0.20661162481001533,0.030925761733705866,-0.022708181231064994,0.007612443722324835,-0.02999806511346015,Financial Services,8
2023-09-14,770.7423095703125,776.7556835686704,759.4056889438093,769.017171648888,523449,763.1813110351562,762.5504089355469,753.6749837239583,748.1627502441406,743.6980981445313,740.4965698242188,0.27499359297870457,0.008773596195051388,-0.0022382810700845024,0.00780205514046628,-0.014708704174840714,Financial Services,8
2023-09-15,770.15087890625,780.4524290961075,767.7356737163925,776.706427254715,464526,764.6797119140625,764.6452209472657,756.4582071940105,750.8588958740235,744.8810498046874,742.27099609375,0.268960329406987,-0.0007673520146989486,0.008512031249999996,0.013376015625000015,-0.003136015624999988,Financial Services,8
2023-09-18,758.6664428710938,770.8410253163692,747.1819878858605,770.2988510755288,669152,760.9435668945313,764.9902587890625,758.1702067057291,752.2266876220704,746.690966796875,743.470381673177,0.15180605624723958,-0.014911930051246807,0.015332704265148989,0.01604734539094932,-0.015137686783366244,Financial Services,8
2023-09-20,760.5393676757812,772.1717140849146,753.9838195709211,756.1525763989374,525752,764.827587890625,763.8664489746094,759.6357503255208,753.4564666748047,748.1381079101562,744.3970275878906,0.1709120135188315,0.0024687065340594375,-0.005768000268348894,0.015294864281229614,-0.008619603906756312,Financial Services,8
2023-09-21,748.0198364257812,772.812558422298,742.6472516798596,759.5043507862915,467947,761.6237670898438,761.5695495605469,760.2370849609375,753.99619140625,749.0213793945312,745.070654296875,0.04319859516684897,-0.016461384883020402,0.015353221667738115,0.033144471295015965,-0.00718240945533366,Financial Services,8
2023-09-22,750.6815185546875,759.0607607184627,744.8653146326151,754.575413711462,479223,757.6116088867187,760.3964599609375,760.9041422526042,754.6591400146484,750.0525219726562,746.0170166015625,0.07035077175085641,0.0035583042043703115,0.005187146693409472,0.011162179908076109,-0.007747898114330187,Financial Services,8
2023-09-25,760.7858276367188,765.6162379111505,726.5787949111852,752.1601379809737,1024817,755.7385986328125,760.2091552734375,761.676346842448,756.2783050537109,751.8348364257813,746.6906412760417,0.1734261846542903,0.01346018095861134,-0.0113378684807256,0.006349237983884093,-0.04496276282090217,Financial Services,8
2023-09-26,748.069091796875,765.7148128713606,743.7316381305474,763.9896748957894,437747,753.6191284179688,757.28134765625,761.199881998698,757.032437133789,752.50517578125,747.8456604003907,0.04370105581724898,-0.01671526384678671,0.021282236191142445,0.02358835736963849,-0.005798199275830251,Financial Services,8
2023-09-27,759.011474609375,765.9613045280483,747.2312340183535,748.0691341581497,785341,753.3135498046875,759.0705688476562,760.3488159179688,758.0552001953125,753.4278833007812,749.0006815592448,0.15532577131131797,0.01462750290379757,-0.014416567887668319,0.009156422730302038,-0.015520503951648723,Financial Services,8
2023-09-28,737.5704345703125,762.9546077597273,735.0566741133179,762.9546077597273,739021,751.2236694335937,756.4237182617187,758.1209228515625,757.9837310791015,753.4416870117187,749.388427734375,-0.06339715542848287,-0.028248637545429896,0.034415931007596434,0.034415931007596434,-0.0034081632603116807,Financial Services,8
2023-09-29,753.9345703125,759.3071548798239,742.3022234657674,744.0766390579745,690640,751.8742797851562,754.7429443359375,757.555733235677,758.6466766357422,754.10216796875,750.3561482747396,0.10353558927876186,0.022186539719044975,-0.013075314016227524,0.007126062099920727,-0.01542885457807186,Financial Services,8
2023-10-03,754.4767456054688,761.4759129072792,749.4985023482328,753.8852937965439,425743,750.6124633789062,753.1755310058594,757.0102579752604,758.9103759765625,755.14513671875,751.6311075846354,0.10906639220007944,0.0007191277788787726,-0.0007839231790374157,0.009276849608126136,-0.006598272625673696,Financial Services,8
2023-10-04,743.5344848632812,752.7023491428699,736.1903138475966,749.2027954870318,545246,749.7055419921875,751.6623352050781,754.7560791015625,758.3262969970704,755.5670581054687,752.0385701497396,-0.0025570780383503923,-0.014503111999040233,0.007623467020218877,0.012330113083153682,-0.009877377801831289,Financial Services,8
2023-10-05,747.0833129882812,758.9128307618063,745.4567903952449,745.4567903952449,340178,747.3199096679688,750.3167297363282,755.1536824544271,757.0915893554687,755.9081420898438,752.4098876953125,0.033644993903233424,0.004772916653156373,-0.002177163597096521,0.01583426850508518,-0.002177163597096521,Financial Services,8
2023-10-06,762.7081298828125,765.8626798214441,748.3155145903169,748.3155145903169,540414,752.3474487304687,751.7855590820312,755.0649617513021,756.6775543212891,756.856474609375,753.2593139648437,0.19303584783192138,0.020914423629719514,-0.01887041022455993,0.004135985726435365,-0.01887041022455993,Financial Services,8
2023-10-09,739.7391967773438,755.8076129356006,735.4509605148882,755.6597198972944,405469,749.5083740234375,750.6913269042968,752.9980875651041,755.5438934326172,756.8190161132812,753.3365356445313,-0.041273321115392995,-0.030114970859164498,0.021521805508357472,0.02172173142677636,-0.005796956929059904,Financial Services,8
2023-10-10,748.1184692382812,750.7307850674914,742.8444396183301,745.6539862854183,211643,748.23671875,749.4245910644531,751.5292602539063,754.8168731689453,756.77564453125,753.9937337239584,0.04420476172328815,0.01132733333239823,-0.003294241559591793,0.003491847797675529,-0.007049725193018053,Financial Services,8
2023-10-11,744.3230590820312,756.8919209543899,740.4291643507131,749.2027469013775,509165,748.39443359375,749.0499877929688,750.5730346679687,753.1656677246094,756.3399243164063,754.3716206868489,0.005487273390606387,-0.005073274237052867,0.006555873501170817,0.01688629919360518,-0.005231457878142942,Financial Services,8
2023-10-12,741.5629272460938,751.7658626963209,739.3448925683887,745.2596517089357,197145,747.2903564453125,747.3051330566407,749.307938639323,753.1878509521484,755.1313427734375,754.4718444824218,-0.022669201866381498,-0.0037082444272807462,0.004985044865403854,0.013758691373795262,-0.0029910269192421346,Financial Services,8
2023-10-13,736.2395629882812,747.9212474878549,732.5921766015815,741.3164215916622,453556,741.9966430664062,747.1720458984375,748.5225870768229,751.7978820800781,753.7413720703125,754.3798360188802,-0.07697355503439639,-0.0071785738771780565,0.006895661220343463,0.015866689440267923,-0.004954075507563771,Financial Services,8
2023-10-16,728.4517822265625,736.2395111768619,727.5152668007329,731.6556096210102,387137,739.73916015625,744.6237670898438,747.040604654948,749.6833557128906,752.3829467773437,753.9723734537761,-0.15641775167354036,-0.010577780865387573,0.0043981324126285415,0.010690795383183405,-0.0012856244554266816,Financial Services,8
2023-10-17,757.3355102539062,759.5535446152096,730.6205426805325,732.2470651113352,1608867,741.582568359375,744.9096435546875,746.8105834960937,749.0425872802734,752.1700122070313,754.2434651692708,0.1382290340135065,0.03965084406693147,-0.03312725311686471,0.0029287341360233476,-0.035274943815083004,Financial Services,8
2023-10-18,751.8644409179688,764.97547766391,741.3164422722427,762.0180982399517,1863055,743.0908447265625,745.7426391601563,747.0636067708333,748.7024871826172,751.150703125,754.1317443847656,0.08241792152211115,-0.007224102477517864,0.013504638295682714,0.017438032752199017,-0.014029122899930857,Financial Services,8
2023-10-19,754.2302856445312,758.5677994029388,745.0624217399354,753.2938303229075,1170357,745.62431640625,746.4573364257812,746.7448608398438,748.3870330810547,751.6751440429688,753.5468383789063,0.10655222106462064,0.003146637342861946,-0.001241603976195993,0.005750914330761692,-0.012155258253467527,Financial Services,8
2023-10-20,750.9279174804688,771.8267438896404,746.491848391316,753.589570967568,2055776,748.5619873046875,745.2793151855469,747.6353597005208,748.532437133789,751.150703125,752.8781412760417,0.07286432025849561,-0.00437846136242122,0.0035444859954463226,0.027830669126394758,-0.005907449950771193,Financial Services,8
2023-10-23,725.691650390625,757.3355863926636,718.3474794001343,749.2520705407417,838083,748.0099609375,743.874560546875,745.7524983723958,747.2829437255859,749.3486767578125,751.6541158040365,-0.18457422693052825,-0.03360677703196477,0.03246615850883017,0.04360520888590247,-0.010120236310473651,Financial Services,8
2023-10-25,710.6582641601562,735.5988173566108,706.8136470337627,729.9305070770513,807717,738.67451171875,740.1285400390625,742.8312662760417,744.7765655517578,746.9689721679688,749.9207621256511,-0.3379318172874986,-0.02071594212552478,0.02711886132735075,0.035095001992172525,-0.005409937969182876,Financial Services,8
2023-10-26,709.5738525390625,711.7426093657507,682.218094353606,709.2781266463403,987386,730.2163940429688,736.6536193847656,740.5672241210938,742.8518035888671,745.0052685546875,747.6616516113281,-0.34899404575795334,-0.0015259255760225192,-0.00041676548771352184,0.0030564215675756845,-0.03855237631371222,Financial Services,8
2023-10-27,730.177001953125,734.4159004860811,711.1018683027636,713.6649666066259,575335,725.4057373046875,735.5150268554687,739.44013671875,741.4100799560547,743.7907739257812,747.2969095865885,-0.1388185537253289,0.02903594790075538,-0.022613743383223084,0.005805302716488825,-0.026123985827187113,Financial Services,8
2023-10-30,741.0206909179688,744.2737961390088,726.2337943059355,734.2186944092189,480397,723.4242919921875,735.9931396484375,737.994307454427,741.5825927734375,743.5108081054688,746.5296346028646,-0.02820062741551865,0.014850767602702283,-0.009179226156726616,0.004390032911240516,-0.019954768865786177,Financial Services,8
2023-10-31,752.6038208007812,757.286338439977,742.0558216641424,742.2529923351905,537057,728.8067260742188,738.4083435058594,738.8519490559896,741.5160552978516,743.5877001953126,745.9250183105469,0.0899604349284875,0.015631317755059496,-0.013753356253994764,0.006221756400616618,-0.014015340933847042,Financial Services,8
2023-11-01,747.9212036132812,765.3697527379123,746.0974503588797,753.3430654212267,437508,736.2593139648437,737.4669128417969,738.838798014323,741.1882781982422,743.073115234375,745.1840291341146,0.04219242861040979,-0.006221888672472627,0.007249242008050993,0.02332939491531394,-0.002438429670921005,Financial Services,8
2023-11-02,757.976318359375,761.9194906537808,751.7164962411852,751.8643892694391,360254,745.9398071289063,738.0781005859375,739.7490152994792,741.9103698730469,743.469404296875,745.1610249837239,0.14476600349126323,0.013444083009702757,-0.008063482910871222,0.0052022367967126115,-0.008258598542681517,Financial Services,8
2023-11-03,761.0816040039062,769.4115683145909,758.0749468724156,762.5110161323972,380511,752.1207275390625,738.763232421875,741.0502604166667,742.6102844238281,743.5522094726563,745.1790995279948,0.17644343906796867,0.004096810902024723,0.0018781325431742601,0.010944902973429205,-0.003950505590561093,Financial Services,8
2023-11-06,765.5669555664062,770.0030248534927,759.9972602289998,764.2361588474965,314085,757.02998046875,740.2271362304688,743.005419921875,742.7532257080078,744.6720703125,745.764003499349,0.22219911227316802,0.005893391114570914,-0.001738315256730405,0.005794488979483647,-0.007275255674124126,Financial Services,8
2023-11-07,745.7525634765625,765.4684276795119,743.8302546831663,764.0882931180885,335202,755.6597290039062,742.2332275390625,744.1588053385417,743.0538940429688,744.3447900390624,745.5997049967448,0.020069839552959073,-0.02588198451588605,0.02458688114466301,0.026437541308658385,-0.0025776764137889208,Financial Services,8
2023-11-08,750.5829467773438,754.0825005115594,746.2454327443743,746.491881037883,172512,756.1920776367188,746.2256958007813,743.7086344401042,743.1771179199219,744.1890380859375,745.259608968099,0.06934522782223682,0.006477193022660068,-0.005450517836870561,0.004662447700472194,-0.005778860353266468,Financial Services,8
2023-11-09,743.7316284179688,758.5678027805237,739.7884559538725,751.3222474449615,276416,753.3431396484375,749.6414733886719,743.1664469401042,743.1475463867188,744.196923828125,745.1150268554687,-0.0005459901811111976,-0.009127996297799456,0.01020612642646257,0.019948290210695774,-0.0053018754526871215,Financial Services,8
2023-11-10,737.71826171875,745.1610479539136,736.0917391617962,743.1894617020637,199819,748.6704711914062,750.3955993652344,742.0656453450521,742.9553131103515,743.8223217773437,744.4052530924479,-0.06188915084946326,-0.008085398643069817,0.007416381384631521,0.010088927740277365,-0.002204801807622725,Financial Services,8
2023-11-13,738.0633544921875,746.0482550595575,736.2396010365508,745.2596325613546,158426,743.1697509765625,750.0998657226562,741.2080078125,743.0465026855469,742.8365307617188,744.4216837565104,-0.05836881315756531,0.00046778396488856915,0.009750217275207085,0.010818719719344339,-0.002470998518672607,Financial Services,8
2023-11-15,741.6121826171875,753.934597123548,739.5913186717523,745.1610740958431,606512,742.3416748046875,749.0007019042969,742.2693766276042,743.7045227050781,742.9114501953125,744.0109375,-0.022166741215981486,0.004808297422437012,0.004785373759815359,0.016615712086705425,-0.002724960555938294,Financial Services,8
2023-11-16,738.8519287109375,746.4918252386357,737.0775131639181,741.7107527691616,176802,739.9954711914063,748.0937744140625,744.1489542643229,742.7803436279297,742.5407885742187,743.4901102701823,-0.05032446172860853,-0.003721964081696881,0.0038692787379086546,0.010340226817878717,-0.002401584780478583,Financial Services,8
2023-11-17,755.6104125976562,760.9829970365566,735.5002092519132,735.5002092519132,1021033,742.3712280273437,747.8571838378906,747.2180582682291,742.967642211914,742.9922827148438,743.8926411946615,0.12063108132093417,0.02268178945672781,-0.026614513260355466,0.007110257282493482,-0.026614513260355466,Financial Services,8
2023-11-20,762.3630981445312,780.6496089634228,755.8076098867738,760.7858531931407,1110878,747.3001953125,747.9853332519531,749.3637980143229,743.3742828369141,743.8242895507813,744.4019673665365,0.18951613276784302,0.008936729079288955,-0.0020688894245134426,0.023986615909660225,-0.008598905526398748,Financial Services,8
2023-11-21,768.6228637695312,773.847554973324,759.1592142575723,763.0038312730609,539366,753.4120971679688,748.2909240722656,751.2039428710938,744.2590301513671,745.1196215820313,744.5991251627604,0.2533728419438343,0.00821100292004592,-0.007310519581623098,0.006797470450162546,-0.012312474632288017,Financial Services,8
2023-11-22,755.5119018554688,774.9813167645475,751.6672844644348,768.9186647636186,233945,756.192041015625,749.2668579101562,751.3978149414063,745.7500427246093,746.2020263671875,745.1248819986979,0.11962616002013415,-0.017057730822321433,0.017745270293193283,0.025769832164475037,-0.00508875820697452,Financial Services,8
2023-11-23,753.5403442382812,762.1660347164299,750.6322422720399,753.1460028920634,222502,759.1297241210938,749.56259765625,751.7724243164063,747.8941467285156,746.0502197265625,745.3056111653646,0.09951403619210304,-0.002609565266073947,-0.0005233181597150693,0.011446886081285967,-0.0038592518482617466,Financial Services,8
2023-11-24,742.9429931640625,756.103306969127,740.3306173843733,754.2796138031042,197122,756.596240234375,749.4837341308594,750.7702026367188,749.5626037597656,745.6933618164062,745.259608968099,-0.008590964237887555,-0.014063415655509616,0.01525907201945742,0.01771375990641899,-0.003516253338043507,Financial Services,8
2023-11-28,745.1610717773438,750.1885928130804,742.3515251778115,742.9430371731002,206809,753.1558349609375,750.2280151367188,749.7088338216146,750.3118072509766,745.3305932617187,745.3795471191406,0.01403595335342191,0.002985530025439565,-0.00297658410812196,0.006746891680405653,-0.003770388317294926,Financial Services,8
2023-11-29,758.419921875,764.3840184567564,744.0273662180891,748.0198163682288,400245,751.1152465820312,752.263671875,749.2323649088542,751.1817687988281,745.6302734375,746.1188924153646,0.1492912624839612,0.01779326725432865,-0.013712859072925632,0.00786384483019864,-0.018977027424766146,Financial Services,8
2023-11-30,770.0030517578125,778.7766353882645,757.1384624093744,759.9972867837129,1053538,754.0134765625,755.1027587890625,750.8490641276042,752.0517303466797,747.4027294921875,747.5039347330729,0.2674523248279674,0.015272713108822568,-0.01299444846518183,0.011394219296174235,-0.01670719267809395,Financial Services,8
2023-12-01,801.991943359375,805.0972156098446,767.9328046845711,774.8333562029177,1918869,763.7037963867188,761.4167602539062,754.2763305664063,754.7552673339844,751.0560766601562,748.9924825032552,0.5937753008360804,0.04154385041531485,-0.03386391519432941,0.003871949433135624,-0.04246818058063939,Financial Services,8
2023-12-04,813.42724609375,831.023629847141,802.7313542588322,809.3361804323877,1739451,777.8006469726563,767.1984436035157,758.922705078125,757.5278137207031,755.2102124023437,751.0445760091146,0.710428358601067,0.014258625450119774,-0.005029418034628752,0.021632400239717242,-0.013149168393709165,Financial Services,8
2023-12-05,824.9609375,830.7278632765918,809.3854184434931,819.1940718914444,939227,793.7606201171875,773.4582275390625,764.7388834635417,760.7217803955078,759.0015698242188,753.4022644042968,0.8280850924112144,0.014179130907696085,-0.006990471119798447,0.00699054405420485,-0.018880310992309135,Financial Services,8
2023-12-06,777.5443725585938,827.7705472316445,774.0448187949493,827.7705472316445,4153345,797.5855102539062,774.3503784179687,767.3709513346354,761.3206512451172,760.4625170898438,754.2894795735677,0.34438235033165254,-0.057477345636630525,0.06459589503268615,0.06459589503268615,-0.004500776916600668,Financial Services,8
2023-12-07,785.6771240234375,798.5909899495814,777.1499893880886,783.7055377649094,1213552,800.7203247070313,777.3669006347657,770.3086140950521,763.3168792724609,761.78544921875,756.2889953613281,0.42734563940705533,0.01045953356730247,-0.0025094102885822034,0.016436606757763705,-0.010853230130567715,Financial Services,8
2023-12-08,779.2201538085938,792.5283604174398,768.4257075255895,789.4230881414951,653127,796.165966796875,779.9348815917969,772.9998291015625,764.7487396240234,763.0374072265626,758.5743916829427,0.3614772197460053,-0.008218350792470231,0.013093776236449362,0.017078878855737445,-0.013852883848350483,Financial Services,8
2023-12-11,744.9146118164062,792.577686164692,741.5136134429127,780.8467237077256,3010666,782.4634399414062,780.1320434570313,772.2867757161458,764.8078887939453,762.5149389648437,759.7524169921875,0.011521782217963128,-0.04402548089203331,0.04823655130579607,0.06398461460175109,-0.004565621776703388,Financial Services,8
2023-12-12,759.6522216796875,772.9111523549984,723.7693850252738,751.9630466943162,3297558,769.4016967773438,781.5811584472656,772.1060506184896,765.9045867919922,762.457763671875,760.7349243164062,0.16186211816125512,0.019784294239234928,-0.010121967350229744,0.017453948394956065,-0.04723587403597951,Financial Services,8
2023-12-13,764.4826049804688,777.7908128041133,756.3990889354618,767.9328810828952,995077,766.7893432617187,782.1874267578125,771.8300333658855,767.2255493164063,762.4143896484375,761.5169881184896,0.21113750643053286,0.006358677251151401,0.004513217279174864,0.01740812379110257,-0.010573839080633474,Financial Services,8
2023-12-14,779.7623901367188,786.613664637394,768.6229394540878,770.8902516901569,802841,765.606396484375,783.1633605957031,773.4467325846355,769.1330596923829,763.7747827148437,762.4222737630208,0.36700864529514243,0.01998709330559637,-0.011378002528444897,0.008786361829369538,-0.014285698853310658,Financial Services,8
2023-12-15,770.6930541992188,782.7197423751139,767.8835678561452,780.2552595590713,519916,763.9009765625,780.0334716796875,774.5902465820312,770.7251159667969,764.5791870117188,763.1813354492188,0.2744911323283046,-0.011630896863222447,0.012407281092974287,0.015605029927759473,-0.0036454024436392007,Financial Services,8
2023-12-18,772.418212890625,779.8609391611177,768.1300367428953,772.8618318430202,310641,769.4016967773438,775.932568359375,776.5552612304688,771.5655059814453,765.726650390625,763.6627319335937,0.29208970764869646,0.002238451069471178,0.000574324821698724,0.00963561726831852,-0.005551624853176396,Financial Services,8
2023-12-19,772.02392578125,783.5576574464159,769.4608275027387,777.790791613833,365272,771.8760375976562,770.6388671875,778.3461181640625,772.0485473632813,767.098876953125,764.0274759928385,0.2880675319342181,-0.0005104580689513484,0.007469801958206457,0.014939603916412691,-0.0033199725978927397,Financial Services,8
2023-12-20,743.0908203125,779.1708835609301,739.3448185985411,776.8049560742005,559996,767.5976806640625,767.1935119628906,777.3241780598959,770.7719451904297,767.2999755859375,763.278271484375,-0.007082959658867949,-0.037476954408467496,0.04537014163022812,0.04855404246987871,-0.005041108854478282,Financial Services,8
2023-12-21,749.005615234375,751.962994652385,731.4585093877904,742.7458528668026,403213,761.4463256835937,763.5263610839844,775.9243489583333,770.446630859375,767.595712890625,763.3867065429688,0.05325465708086452,0.007959720077537208,-0.008357430492178186,0.003948407539086984,-0.023427201999138392,Financial Services,8
2023-12-22,753.6881103515625,757.1876638590805,738.4575947657338,752.9487655189304,832625,758.0453369140625,760.9731567382812,772.7040934244792,770.4540191650391,768.18916015625,763.4902119954427,0.10102141814330308,0.006251615504541014,-0.0009809692132296544,0.00464323830965796,-0.020207981758826432,Financial Services,8
2023-12-26,763.9896850585938,772.8125457132006,758.173481453513,763.0038919165827,630697,756.3596313476562,762.8806640625,769.4082560221354,771.5063537597656,768.5243310546875,764.1654805501302,0.2061091641596153,0.013668219739098732,-0.001290322580645098,0.011548402847782135,-0.00761293472782254,Financial Services,8
2023-12-27,766.947021484375,774.8333661783017,756.5469164528661,766.4048473202745,448984,755.3442504882812,763.6101440429687,765.5406616210937,772.5956512451172,768.7076879882812,765.1397725423177,0.23627734990166196,0.003870911458123206,-0.000706925183764584,0.010282776349614497,-0.013560395620782484,Financial Services,8
2023-12-28,765.9119873046875,779.2201946103824,763.1517785637806,768.9186443290332,889076,759.9084838867187,763.7530822753906,764.7651692708333,772.9702545166016,768.5992529296875,766.0680603027344,0.2257188273372464,-0.0013495510780969723,0.003925590765234466,0.017375635224782915,-0.0036038197425534158,Financial Services,8
2023-12-29,768.5804443359375,771.6936703082839,765.5659676305161,766.900259038649,403254,763.8234497070313,762.6348876953125,763.625390625,772.8991241455078,769.1219946289062,766.9670023600261,0.2529401156092271,0.0034840256785124073,-0.0021860890550503553,0.004050618247301685,-0.003922135578177444,Financial Services,8
2024-01-01,767.8392333984375,776.4377192119172,765.7142841823182,768.5804863356905,474059,766.6536743164063,762.3495056152344,762.8666625976563,771.1914886474609,769.6939501953125,767.9332458496094,0.24537892336826336,-0.0009643895352299979,0.0009653751788276654,0.011198289224455316,-0.0027674402709461088,Financial Services,8
2024-01-02,757.1651611328125,771.6443263195616,754.4472336305662,771.3478372021624,404115,765.28876953125,760.8242004394531,763.6833658854167,768.378384399414,770.2628369140625,767.9850708007813,0.13649127976906233,-0.013901441605662451,0.018731284529957648,0.01912286239515626,-0.003589609825919604,Financial Services,8
2024-01-03,757.0169067382812,764.4294358982162,751.7292664102043,756.0779743133595,612518,763.3027465820312,759.3234985351562,763.5076782226563,764.9811828613281,770.7370703125,767.8068644205729,0.1349789167953057,-0.00019580192293771565,-0.001240305753496651,0.009791761708299207,-0.006984837829923096,Financial Services,8
2024-01-04,776.5859985351562,780.6876222749462,759.0430122494431,759.0430122494431,685873,765.437548828125,762.6730163574218,764.3145711263021,764.9332641601562,771.4637133789063,768.0723022460937,0.33460584830862783,0.02585027047967966,-0.022589882278078344,0.005281609181116753,-0.022589882278078344,Financial Services,8
2024-01-05,772.2867431640625,785.9751898033956,761.1184840977648,780.6876097007854,830394,766.17880859375,765.0011291503906,763.8161946614583,764.2637451171875,771.5550610351562,768.6314636230469,0.29074856732532395,-0.005536096941231579,0.010877911101133897,0.017724565079612065,-0.014461285481272457,Financial Services,8
2024-01-08,762.0574340820312,784.6409767210679,758.9936126980268,778.6120832266486,723933,765.0224487304688,765.8380615234375,763.2404866536458,763.4056091308594,769.9576806640625,768.9153666178386,0.1863980126473929,-0.013245480610118623,0.02172362397403682,0.029634961394006565,-0.004020459937767118,Financial Services,8
2024-01-09,766.0107421875,773.4232712590325,760.0313141344603,766.653185503026,594552,766.7915649414062,766.0401672363281,762.8133219401042,764.460415649414,768.0610205078125,769.6842915852865,0.22672623914932474,0.005187677370053972,0.0008386870838015259,0.009676795197890442,-0.007805932376306113,Financial Services,8
2024-01-10,750.83984375,764.4788861505955,742.5377864679052,764.4788861505955,610061,765.55615234375,764.4294494628906,761.4010498046875,764.0197967529297,765.0961767578125,769.873583984375,0.07196586831484356,-0.01980507269934153,0.01816504879719294,0.01816504879719294,-0.01105702814148879,Financial Services,8
2024-01-11,760.7726440429688,767.938089537365,756.0780418225022,756.0780418225022,574476,762.3934814453125,763.9155151367188,762.5798380533854,763.8342987060547,764.4253076171875,769.9520080566406,0.1732916970452613,0.013228920089483131,-0.006170834686586635,0.009418642416368916,-0.006170834686586635,Financial Services,8
2024-01-12,758.3511352539062,764.9730066787082,752.1740276418366,762.9963322428459,431866,759.6063598632812,762.8925842285156,763.2028727213542,762.7637359619141,763.3322680664063,769.5636108398437,0.14858956093129602,-0.0031829598606410094,0.0061253906969946925,0.008731933159940253,-0.008145445196704904,Financial Services,8
2024-01-15,754.9908447265625,763.9846895165111,744.2179446389817,761.0196777848818,678182,758.1930419921875,761.6077453613282,763.2897216796875,761.9786254882813,762.363095703125,767.9969075520834,0.1143107863243908,-0.00443104832462429,0.007985306180106955,0.011912521658730801,-0.014268914865427806,Financial Services,8
2024-01-16,747.7759399414062,760.0313459825459,742.4389549802534,754.990850132015,345653,754.5460815429688,760.6688232421875,762.2088053385417,760.7465118408203,762.477548828125,765.8085306803385,0.04071057439981249,-0.009556281159633527,0.009648492021786748,0.016389141969584964,-0.007137144532319506,Financial Services,8
2024-01-17,755.1884765625,757.1651510833528,740.2646080593887,743.8225980675961,634008,755.4158081054687,760.4859802246094,761.42490234375,759.9047393798828,762.2989990234375,763.4827819824219,0.11632685520418663,0.00991277764523231,-0.015050386556001993,0.002617458531478656,-0.01976177996126527,Financial Services,8
2024-01-18,768.8275756835938,775.2517678485285,750.7904207589693,751.1363146692921,965088,757.0267944335938,759.7101379394531,761.6192749023437,761.1915771484375,762.4727978515625,763.1922220865886,0.2554611356507012,0.018060523358588307,-0.023010700414292096,0.008355829535930503,-0.023460598312419978,Financial Services,8
2024-01-19,784.8880615234375,789.6814731195539,769.3711544300164,775.6470719206001,1015337,762.3341796875,760.9702697753906,762.7064493815104,762.9856994628906,762.6778247070313,763.1659200032552,0.41929630695554193,0.020889580899285203,-0.011773640160739673,0.006107127667112744,-0.019769579707077378,Financial Services,8
2024-01-23,716.9398803710938,770.1124134757254,713.0853408856274,765.9613848736815,2758262,754.7239868164063,756.4585144042969,759.3131591796875,761.1482879638672,760.5276977539063,761.0899108886719,-0.2738522073520982,-0.08657053723107846,0.06837603241880452,0.07416595806765436,-0.00537637756107423,Financial Services,8
2024-01-24,736.9537353515625,740.9564893707848,712.6406014628508,722.8699287601097,1339277,752.5595458984375,753.5528137207032,757.9657307942708,759.7964904785156,759.1091186523438,760.8245483398438,-0.06968818691750603,0.027915667029304356,-0.019110842263027727,0.005431486166920241,-0.03299139786178462,Financial Services,8
2024-01-25,761.5138549804688,764.0341029160649,738.2879294878783,740.9564521410524,1041879,753.8246215820312,754.62021484375,758.26552734375,759.5248321533203,758.6887158203125,760.8866027832031,0.180852889286225,0.033326542021243556,-0.0269954416521333,0.0033095234172209054,-0.030499675535366588,Financial Services,8
2024-01-29,757.0662841796875,769.2228194980665,753.7059136192769,769.2228194980665,557047,751.47236328125,754.2495788574219,756.9642130533854,759.0825469970703,759.247734375,760.6393920898438,0.13548262270134487,-0.005840433199859931,0.016057425317191454,0.016057425317191454,-0.004438674169794377,Financial Services,8
2024-01-30,755.435546875,770.9030488432985,754.101315727483,758.9441923431335,536250,745.5818603515625,753.9580200195312,755.8407999674479,758.4253021240235,759.504931640625,759.8284973144531,0.1188472526178412,-0.0021540218323874653,0.00464453318704372,0.020474945919983112,-0.0017661746962216451,Financial Services,8
2024-01-31,767.3450927734375,770.359509430263,755.4355802216827,758.1041029578295,461465,755.6629028320312,755.1934448242188,756.193310546875,758.4005950927734,760.0512109375,759.7168986002604,0.24033812854095424,0.015765138333380734,-0.012042808252292425,0.003928371583025836,-0.015520412737260014,Financial Services,8
2024-02-01,785.6787109375,790.6698019979483,764.9730334330151,771.8913942004971,733221,765.4078979492188,758.9837219238282,757.5045084635417,759.8262725830078,760.9187719726563,760.1589152018229,0.4273618277303644,0.02389227263811485,-0.01754828856257462,0.0063525853392321086,-0.026353873684292872,Financial Services,8
2024-02-02,819.1832885742188,828.2265983538291,790.5709740377134,797.2916551339164,3651061,776.9417846679687,765.383203125,762.0607381184896,762.9345916748047,763.00822265625,761.7308939615885,0.7691465203820753,0.042644120516820275,-0.026723730507740906,0.011039421709090558,-0.034927854285583426,Financial Services,8
2024-02-05,792.3993530273438,827.0899647461744,787.7047513100006,827.0899647461744,1318696,784.0083984375,767.740380859375,764.1691853841146,763.7252593994141,764.0677172851563,763.37451171875,0.4959199995719944,-0.032695900808099004,0.0437792024770034,0.0437792024770034,-0.005924540068599993,Financial Services,8
2024-02-06,808.5586547851562,810.2388401222247,792.6464496875874,799.268321119965,757804,794.6330200195313,770.1074401855469,767.5163533528646,765.5388549804687,765.666845703125,765.3596130371094,0.660763205316733,0.020392876011415526,-0.011489993471976212,0.002078000559544879,-0.019679716497248978,Financial Services,8
2024-02-07,841.025634765625,849.8712656365336,809.4976508687888,811.4249206621879,3220370,809.3691284179688,782.516015625,773.2520060221354,769.4872650146484,768.5943017578124,768.2708638509115,0.9919632250356061,0.040154143163671434,-0.03519597129959795,0.010517670930891176,-0.03748754210758665,Financial Services,8
2024-02-08,803.8146362304688,847.7956418238947,800.256646424147,847.7956418238947,1158979,812.9963134765625,789.2021057128907,776.9879191080729,771.3774597167969,770.4602807617188,769.5983622233073,0.6123688354121591,-0.044244785172958635,0.054715358008006865,0.054715358008006865,-0.0044263809663968035,Financial Services,8
2024-02-09,799.713134765625,810.3377605325906,778.1673337888432,810.3377605325906,682750,809.1022827148438,793.0220336914062,779.956229654948,773.8211242675782,772.1681298828125,770.6905659993489,0.5705288685642902,-0.005102546383178537,0.013285546160348272,0.013285546160348272,-0.026941912093386255,Financial Services,8
2024-02-12,775.004638671875,807.224407227733,768.530981760218,799.7130686451757,495821,805.62333984375,794.815869140625,780.3680338541667,774.5327239990235,772.1048754882812,770.9936543782552,0.31847418413116335,-0.030896699103224574,0.03188165430292589,0.04157364607658742,-0.008353055696222578,Financial Services,8
2024-02-13,788.2483520507812,790.5709807539203,765.3683811865654,772.3855514465803,349282,801.561279296875,798.0971496582031,780.5920532226562,776.0275848388671,772.74333984375,771.6492513020834,0.45357508156244714,0.017088560142816685,-0.020124115150930266,0.0029465696910069283,-0.02902634785685132,Financial Services,8
2024-02-14,794.7219848632812,797.4399123906157,767.3944951915284,771.8914177629996,300045,792.3005493164062,800.8348388671875,785.7775268554688,778.0141418457031,774.049921875,772.5453430175781,0.5196134786182421,0.008212681695632584,-0.02872774068809647,0.0034199727440560324,-0.03438622586545659,Financial Services,8
2024-02-15,807.3232421875,811.8202248426055,796.5998073714421,807.6691964119866,465670,793.0022705078125,802.9992919921875,790.468827311198,780.9915069580078,775.702421875,774.2172790527344,0.6481605956206407,0.015856183123443588,0.0004285200851510407,0.005570238065883748,-0.013282702956751158,Financial Services,8
2024-02-16,797.8352661132812,815.3782527636507,794.6231699660306,810.6836507022842,580292,792.6266967773438,800.8644897460938,792.8902547200521,783.1238464355469,777.5822387695313,775.577891031901,0.5513724784393124,-0.011752388112239158,0.01610405698358619,0.02198823165066588,-0.0040260142458965475,Financial Services,8
2024-02-19,792.1029052734375,805.0995039857976,790.4721246729708,798.4776926343725,208480,796.0463500976563,800.8348449707031,795.2260294596355,784.2876129150391,778.83544921875,776.0951212565104,0.4928958962523007,-0.007184892775885187,0.00804792826600531,0.01640771498985183,-0.0020587989131333195,Financial Services,8
2024-02-20,788.6437377929688,796.7975202821705,781.4288877762784,794.623166220386,333698,796.1254272460938,798.8433532714844,797.4399088541667,784.4753967285156,780.0471533203125,776.6403544108073,0.45760846457767795,-0.004367068290545696,0.0075819132782957155,0.010338993513116845,-0.00914842744694988,Financial Services,8
2024-02-21,776.931884765625,801.9368653421047,773.2750852149534,788.6437173219174,445219,792.5674072265625,792.4339782714844,798.0790283203125,787.4749969482422,780.924794921875,777.1361694335938,0.33813428016218033,-0.014850625784615427,0.015074465066941434,0.03218426359734594,-0.004706718339632543,Financial Services,8
2024-02-22,785.579833984375,787.7047831875457,772.3855559109999,780.7864224820089,258141,788.2187255859375,790.610498046875,798.0724365234375,789.9063018798828,782.4369506835938,777.7884724934896,0.4263531706626469,0.011130897557845505,-0.006101749682211777,0.002704943675034377,-0.016795591616010852,Financial Services,8
2024-02-23,790.3239135742188,802.3815798797199,787.7047957075948,790.6698074856661,445438,786.716455078125,789.6715759277344,796.1484781901041,791.3468048095704,783.8423681640625,779.1046081542969,0.4747481631950404,0.006038952865913445,0.00043766094572927905,0.015256613267553343,-0.0033139802828172638,Financial Services,8
2024-02-26,789.9779663085938,799.5648498735962,786.2222967545683,794.6231635332156,310941,786.2914672851563,791.1689086914063,795.9870524088542,792.9923889160157,784.6883837890625,780.0781188964844,0.4712191087136683,-0.00043772845498304963,0.005880160488941133,0.01213563412382257,-0.004754144690357509,Financial Services,8
2024-02-27,782.318359375,794.0301922989017,776.0918465959146,789.9779732700886,297797,785.0263916015625,790.5759094238281,794.2376993815104,794.3365295410156,784.585595703125,780.8770263671875,0.39308243049563957,-0.00969597540724526,0.009790916707116404,0.014970673746246277,-0.007959052353136431,Financial Services,8
2024-02-28,758.7465209960938,786.0740098404692,753.0141769948433,782.3677451426798,309315,781.3893188476562,786.9783630371094,788.7524251302083,793.9066009521484,786.257861328125,781.0022155761719,0.15262294394652684,-0.030130749325297655,0.03113190438827429,0.03601662490458546,-0.0075550184977783985,Financial Services,8
2024-02-29,765.4178466796875,768.7287525599916,753.7554784119131,759.5866323841391,397438,777.3569213867188,782.7878234863281,786.1926391601562,792.8935577392579,787.39642578125,781.5902791341146,0.22067803250993726,0.008792561809490123,-0.007618341172529131,0.004325618869048364,-0.015236603534088733,Financial Services,8
2024-03-01,783.306640625,788.4460061613511,765.417761324028,776.1906006764613,346647,775.953466796875,781.3349609375,785.0988728841146,791.0997253417969,788.2681372070313,782.5275512695313,0.4031640201502579,0.023371278868022805,-0.009084615882818059,0.0065611157493192795,-0.02283764540371891,Financial Services,8
2024-03-04,781.5770263671875,787.7047289203144,777.8707619588422,781.2311324850675,278586,774.2732788085938,780.282373046875,785.537032063802,790.5586090087891,789.2485668945312,782.9525329589844,0.3855199929990367,-0.002208093444008647,-0.0004425589167170729,0.007840177418736216,-0.004742033457114547,Financial Services,8
2024-03-05,782.7137451171875,791.6581857125715,776.1906826738772,780.7370704961824,448025,774.3523559570312,779.6893737792968,785.1680582682292,789.2663635253906,790.3396948242188,782.8800557454427,0.3971158135108704,0.0014543912009332344,-0.002525411918899212,0.011427473519127762,-0.008333905574040568,Financial Services,8
2024-03-06,775.6470336914062,786.3210635408174,752.1246200565353,782.6642641066857,636798,777.7324584960937,779.560888671875,783.8963948567708,785.9974334716796,790.6717724609375,784.8369608561198,0.32502734193222915,-0.009028474930797626,0.00904693773130738,0.013761452549637232,-0.030326182674772495,Financial Services,8
2024-03-07,777.4260864257812,782.7137271093108,773.6704167969425,775.6470913724703,306652,780.1341064453125,778.7455139160156,781.903251139323,784.6780059814453,790.3416674804688,786.1860392252604,0.34317569761730904,0.0022936369986593695,-0.0022883140717465666,0.006801470616762284,-0.0048309025056072485,Financial Services,8
2024-03-11,762.0079956054688,778.5132392221572,757.0663095120481,773.9668518222202,553779,775.8743774414063,775.9139221191406,779.5147664388021,782.7927490234375,788.0546557617188,786.2025105794271,0.18589368411353413,-0.019832227255451664,0.015693872355301508,0.021660197415085847,-0.006485084306095956,Financial Services,8
2024-03-12,751.4328002929688,762.600999170882,745.2062876728329,761.9586161513621,311361,769.8455322265625,772.0594055175782,776.8034261067709,781.6141571044922,786.4159936523438,786.0147277832032,0.07801469758205061,-0.013878063450104965,0.014007660903662345,0.014862538437980133,-0.008286186892172198,Financial Services,8
2024-03-13,713.035888671875,752.3222925739287,709.576708454084,748.3689437535962,467762,755.9099609375,765.1311584472656,771.7629028320313,777.8535339355469,782.5950830078125,784.601405843099,-0.3136773505758104,-0.05109826401791824,0.049552982736302154,0.055097372413091206,-0.004851340967190532,Financial Services,8
2024-03-14,720.942626953125,727.4656287450583,703.3502357756,708.4895412730898,394070,744.9690795898438,761.3507690429688,768.0302856445312,774.1645660400391,777.7917626953125,783.0546569824219,-0.23301965231630759,0.011088836350127286,-0.017273338008413908,0.009047879190472008,-0.024401929529225597,Financial Services,8
2024-03-15,716.0009155273438,725.7854178719422,700.8793680323702,725.7854178719422,734692,732.6840454101563,756.4090759277344,763.3916910807292,769.5984497070312,774.2792138671875,780.7320638020833,-0.2834307137284969,-0.006854514133345253,0.013665488594231778,0.013665488594231778,-0.021119452736783728,Financial Services,8
2024-03-18,711.1580810546875,719.0647793313254,703.7949562199043,716.0009578784565,523546,722.5140625,749.1942199707031,758.1139689127605,765.2645904541016,770.73701171875,777.1312235514323,-0.33283311807296867,-0.006763726648435137,0.0068098457330143525,0.01111806008716365,-0.01035371042098443,Financial Services,8
2024-03-19,700.7311401367188,713.5795249347121,693.7633742917019,713.5795249347121,595062,712.37373046875,741.1096313476562,752.1641805013021,760.6960021972657,767.7660717773438,774.0756164550781,-0.43919974163069553,-0.01466191722451499,0.01833568406205921,0.01833568406205921,-0.00994356529332685,Financial Services,8
2024-03-20,709.675537109375,712.245250105611,693.911546200166,701.1264562497404,306618,711.70166015625,733.805810546875,747.3213256835937,756.747592163086,764.6231591796875,770.7795125325521,-0.3479567478105352,0.01276437774823468,-0.012046464070688434,0.0036209688257016204,-0.022212955195579087,Financial Services,8
2024-03-21,729.590576171875,733.2968408906531,714.913731691522,715.5561750387712,620355,713.43125,729.2001647949219,745.3775960286458,754.3805267333985,762.0179028320313,767.065010579427,-0.144800761815841,0.02806217492520205,-0.019235995627495006,0.005079924055796825,-0.0201165488695888,Financial Services,8
2024-03-22,738.3867797851562,743.1802519301403,727.6633441065984,731.3202042163485,496110,717.9084228515625,725.2962341308594,743.5755249023438,752.0208740234375,759.2604443359374,764.88408203125,-0.055069508341617786,0.01205635585294219,-0.009570289937834264,0.006491817400060773,-0.014522789372905631,Financial Services,8
2024-03-26,745.6510620117188,749.2584568367565,732.2591041290268,738.2879373191729,293576,724.8070190429687,723.6605407714844,741.0651529947917,749.7872314453125,757.173076171875,763.0820129394531,0.019034409488999697,0.009838044809897792,-0.009874759210669715,0.004837912810457645,-0.01796008691593798,Financial Services,8
2024-03-27,748.319580078125,752.6188230271534,741.9447926903815,749.7526208455885,314645,734.32470703125,723.34921875,738.8479899088542,747.704312133789,755.4217431640625,762.1925109863281,0.046256320388799954,0.0035787759212824823,0.0019150117217483498,0.005745196388660112,-0.008518803406263875,Financial Services,8
2024-03-28,744.1685791015625,752.4211713939859,739.3751070218815,749.1102655816535,400597,741.2233154296875,726.4624877929688,736.2783121744792,745.7968231201172,753.6427368164062,760.7231852213541,0.003911402379252702,-0.005547096570864995,0.006640547073429426,0.011089681188080736,-0.006441379298045891,Financial Services,8
2024-04-01,783.0101318359375,792.6464193530096,745.2062346535777,745.2062346535777,701556,751.9072265625,732.66923828125,736.7691853841146,747.0100036621094,753.8858666992187,760.3327901204427,0.4001392942027446,0.05219456158881171,-0.04828021457873144,0.012306721363205986,-0.04828021457873144,Financial Services,8
2024-04-02,783.8008422851562,787.6059768830901,771.9407953118282,781.527678679932,222656,760.9900390625,739.4492309570312,737.194169108073,747.9291534423828,753.81470703125,759.5487101236979,0.4082054376053866,0.001009834249992088,-0.002900180100083638,0.004854721241227544,-0.015131454743975925,Financial Services,8
2024-04-03,795.8091430664062,798.2799861209322,779.7980680084142,780.7370004337974,320322,771.0216552734375,747.9143371582031,739.447578938802,748.5542785644532,754.0341162109376,759.4811726888021,0.530703725340578,0.01532060203742577,-0.018939393652268044,0.003104818631519235,-0.020119239892492646,Financial Services,8
2024-04-04,799.2683715820312,808.4104914355439,787.4577290039103,803.5182098276488,467410,781.2114135742188,757.7680603027344,742.6366170247396,749.4388458251954,754.405732421875,759.7200215657552,0.5659917796430203,0.004346806700782457,0.005317160539213717,0.011438110375138644,-0.01477681714684087,Financial Services,8
2024-04-05,789.533203125,799.3177662163581,788.1989719413237,789.7308826434423,226057,790.2843383789062,765.7538269042968,747.7364379882813,749.779818725586,754.694326171875,759.7496704101562,0.4666820197923983,-0.012180099705136525,0.0002503751807523269,0.012392845611344017,-0.0016898987634659246,Financial Services,8
2024-04-08,789.632080078125,798.5765203765899,786.7164730442643,789.5332101563636,292135,791.6087280273438,771.7579772949218,752.3157348632812,750.4790710449219,755.9297485351562,760.1730102539062,0.46769067686011584,0.00012523469910276296,-0.00012521011272947913,0.011327351717498546,-0.003692361426820834,Financial Services,8
2024-04-09,801.0967407226562,826.2499356365423,795.6114810854266,805.4948535212703,3011848,795.0679077148437,778.0289733886718,757.9887898763021,751.6626037597656,757.356904296875,760.6902404785156,0.5846432186063197,0.014518990468823092,0.005490114458144735,0.03139844869571662,-0.006847187559746559,Financial Services,8
2024-04-10,798.6259155273438,819.2327837122931,796.4515614780224,802.5298597917334,636792,795.6312622070312,783.3264587402343,763.8199788411458,753.4934997558594,757.9696752929688,760.9669738769531,0.5594379992141348,-0.003084303143068101,0.004888326547494826,0.025802904444119257,-0.002722618947176958,Financial Services,8
2024-04-12,776.5859985351562,804.210036891971,775.0046830556307,799.3671602105311,396428,791.0947875976562,786.1531005859375,768.8769694010417,754.7511596679688,757.7700341796875,760.5205749511719,0.33460584830862783,-0.02759729751273378,0.029335014690383465,0.03557112593958789,-0.0020362400075565334,Financial Services,8
2024-04-15,766.7520141601562,778.7109308869134,753.8048205226037,772.3855484592635,355718,786.5385498046875,788.4114440917969,772.6820678710938,757.4369659423828,757.1315649414063,760.0016967773438,0.234288054018108,-0.012663097703988302,0.0073472702973957915,0.015596850749529656,-0.01688576410423126,Financial Services,8
2024-04-16,756.275634765625,766.9990692174613,753.2117532627323,766.9990692174613,380265,779.8672607421875,785.7379943847657,774.4610717773437,759.2036163330079,756.356708984375,759.9193339029948,0.1274171019265224,-0.01366332164905534,0.014179267397870898,0.014179267397870898,-0.004051276230579992,Financial Services,8
2024-04-18,753.2117919921875,768.9757831503273,749.8514815455629,761.5632537960282,616472,770.2902709960938,782.6790893554687,775.4494059244792,761.06416015625,755.3881372070313,759.5124654134114,0.09616243063931092,-0.004051225019813055,0.011087800128237069,0.020929028628780877,-0.004461308867372837,Financial Services,8
2024-04-19,745.9969482421875,751.8775669759368,733.4945181565264,745.7992687264621,360337,759.7644775390625,777.6978698730469,775.4724650065104,762.806103515625,754.7476953125,758.268809000651,0.02256284134255218,-0.00957877163728052,-0.00026498703002908464,0.007882899182906744,-0.016759358218717768,Financial Services,8
2024-04-22,744.0696411132812,758.3017210033747,741.7964776050441,753.1129506739284,305781,753.2612060546875,772.1779968261719,775.1891357421875,764.9730285644531,754.4531689453125,757.0185628255208,0.002902122683715632,-0.0025835321893040116,0.012153848324084837,0.01912734924757764,-0.003055041333007602,Financial Services,8
2024-04-23,735.5206298828125,750.5927736905614,730.3812638640305,744.1685812479143,894176,747.0149291992187,766.7767395019531,774.6126057942708,766.265283203125,755.35255859375,755.445458984375,-0.08430748812121387,-0.011489531030560083,0.011757591852290528,0.020491802942563808,-0.006987385275108893,Financial Services,8
2024-04-24,735.1746826171875,761.019727357421,729.9365069480931,738.9304126472194,1765054,742.7947387695312,761.3309997558594,771.4235758463542,766.5444885253906,755.9218408203125,754.0963806152344,-0.08783654260258593,-0.000470343388845692,0.005108622642800542,0.035154971126353685,-0.007125076247792905,Financial Services,8
2024-04-25,736.7066040039062,740.2645939442712,727.1197206959056,740.2645939442712,740636,739.493701171875,754.8919860839844,768.2839599609375,766.4604797363281,756.750068359375,752.7390645345052,-0.07220920695898018,0.0020837515531209284,0.004829588768483495,0.004829588768483495,-0.013013163253725701,Financial Services,8
2024-04-26,738.238525390625,743.2296164684689,732.8520752810767,743.2296164684689,474706,737.9420166015625,748.8532470703125,764.4459187825521,766.0898529052735,757.8332861328125,751.9467488606771,-0.05658187131537444,0.0020794185614638892,0.0067608109116263915,0.0067608109116263915,-0.007296354666261995,Financial Services,8
2024-04-29,737.5960693359375,744.9591938305011,719.7071894409435,743.1307940678397,1464619,736.6473022460938,744.9542541503906,760.3344319661459,765.553677368164,759.3078833007812,751.4855244954427,-0.06313565174425982,-0.0008702553884566733,0.007503734038177834,0.009982597251626757,-0.024252949058011564,Financial Services,8
2024-04-30,753.7554321289062,772.8797338958507,743.970869168928,761.2173663441832,4060950,740.2942626953125,743.6545959472656,757.9492472330729,766.0330200195312,761.0710791015625,752.842842610677,0.10170817662829838,0.021908146565256414,0.009899675540913089,0.025372025131453757,-0.012981084504217533,Financial Services,8
2024-05-02,766.9003295898438,782.7631309748595,754.9908773511656,758.0546988102491,1520140,746.6393920898438,744.7170654296875,756.4337972005209,765.2275299072265,762.5634692382813,754.374766031901,0.23580103961968427,0.017439207600548977,-0.011534263891013752,0.02068430638633245,-0.015529335141957201,Financial Services,8
2024-05-03,759.883056640625,777.5743172215123,752.3717178072783,770.8536361090468,659380,751.2746826171875,745.3841918945312,753.6862182617188,764.031640625,763.4233203125,755.8375040690104,0.16421689657490177,-0.009150175946555861,0.014437194476899728,0.023281556847837503,-0.00988486158193036,Financial Services,8
2024-05-06,750.6915893554688,767.4439187712901,747.72657743491,767.4439187712901,353854,753.7652954101562,745.8536560058594,750.4905965169271,761.7757629394531,763.62494140625,757.1552876790364,0.0704535053410869,-0.012095897131580883,0.022315861338215726,0.022315861338215726,-0.003949707126870039,Financial Services,8
2024-05-07,730.7765502929688,751.0374629063778,723.4628308788022,751.0374629063778,493507,752.4013916015625,744.5243469238281,747.4366333007813,758.351171875,762.9232202148437,758.1568013509115,-0.13270248065360732,-0.026528922589366854,0.027725181665019694,0.027725181665019694,-0.010008147375876408,Financial Services,8
2024-05-08,733.5933227539062,743.2296109275009,723.8582249847816,731.1718844302368,503561,748.3689697265625,744.3316162109375,745.2260538736979,755.5541778564453,762.5002099609375,758.9540608723959,-0.1039682067800504,0.003854492128692764,-0.003300791117590074,0.013135735938026194,-0.013270428542859647,Financial Services,8
2024-05-09,711.2074584960938,737.1019064206602,707.7977432541123,737.1019064206602,380606,737.2303955078125,741.9348937988282,742.2215087890625,751.6329467773437,759.6281030273437,758.3412902832031,-0.3323294121669295,-0.030515359891466923,0.036409134374549845,0.036409134374549845,-0.004794262491554235,Financial Services,8
2024-05-10,726.3784790039062,731.3695700864541,709.8238299512738,716.5445112333504,481490,730.5294799804688,740.9020812988281,740.4326212565104,747.8970336914062,757.3312084960937,757.9410135904948,-0.17756779607680914,0.021331357435273333,-0.013538352325693004,0.006871199005499484,-0.0227906656531649,Financial Services,8
2024-05-13,730.1341552734375,733.8404200210184,712.7394435207856,726.9220591588673,275017,726.4179931640625,740.0916442871094,739.3751017252604,744.472445678711,754.704208984375,757.4237833658855,-0.13925563845467312,0.005170412365026928,-0.004399323181049075,0.005076142131979822,-0.023823994024957718,Financial Services,8
2024-05-14,741.2529296875,744.21794140625,729.2446080972353,734.1368894978364,270229,728.5132690429688,740.4573303222656,739.1873209635417,742.7057922363281,752.3835913085937,757.1882283528646,-0.025831528562021703,0.015228399238354333,-0.00960001627604179,0.0040000000000000036,-0.016200032552083465,Financial Services,8
2024-05-15,744.2179565429688,748.3689850983105,737.7443595566943,742.2412820235983,270791,730.6381958007812,739.5035827636718,739.7671427408854,741.5790893554688,750.5709814453126,757.1898742675781,0.004415108285291868,0.004000020420450489,-0.0026560424966800555,0.005577705454224757,-0.008698522965430056,Financial Services,8
2024-05-16,751.3834228515625,753.8048612706974,743.328449828791,751.1363385296778,226162,738.673388671875,737.9518920898438,740.847725423177,741.3344787597656,749.04103515625,756.1356506347656,0.07751099167601144,0.009628182504328004,-0.0003288391976322691,0.0032226401933985738,-0.010720189956017645,Financial Services,8
2024-05-17,748.9125366210938,757.0169139781267,744.3167443686548,751.3833796980356,189482,743.1802001953125,736.8548400878906,741.661454264323,741.119515991211,746.9536669921876,754.9727071126302,0.05230514965600701,-0.0032884492195629383,0.0032992411745298433,0.010821527162033995,-0.006136620803777748,Financial Services,8
2024-05-21,736.21240234375,751.0868650973539,734.3345375396925,747.6770897022576,333716,744.395849609375,735.4069213867188,741.5263793945312,740.6302886962891,744.4571264648438,752.9861490885417,-0.0772506244141089,-0.01695810078790186,0.015572526789836116,0.02020403718580499,-0.0025507106347016917,Financial Services,8
2024-05-22,730.8754272460938,743.8226216386366,727.0703528022004,736.21247275085,301251,742.3203491210937,735.4168090820312,741.0783365885417,739.9705780029296,742.6287036132812,750.7063842773438,-0.13169382358588982,-0.007249232803829249,0.00730226425160585,0.01771463906144355,-0.0052061874049188495,Financial Services,8
2024-05-23,735.9158935546875,737.991437977441,725.93371144092,730.8753976998779,405125,740.6599365234375,735.6490661621094,739.8890340169271,739.9903411865234,741.3952587890625,748.919140625,-0.08027535036162221,0.00689647800526829,-0.006849282504910348,0.002820355479385084,-0.01356429749811583,Financial Services,8
2024-05-24,729.9364624023438,738.4856037263628,727.3174048892904,735.9158906877246,377050,736.3705444335938,737.5219665527344,737.4247762044271,739.7284301757812,740.3416918945312,746.929286702474,-0.14127232996228853,-0.008125155611820476,0.008191710639720018,0.011712171900390311,-0.0035880623149494584,Financial Services,8
2024-05-27,733.3462524414062,740.2646133134949,724.9947904668637,734.1863149894035,423585,733.2572875976563,738.2187438964844,735.6556559244792,739.5604125976563,739.5470703125,744.6709370930989,-0.10648860419370498,0.004671351843200581,0.0011455196575977933,0.00943396226415083,-0.011388156613249767,Financial Services,8
2024-05-28,736.2618408203125,747.1335504871521,731.5672389187226,733.346233890451,506474,733.2671752929688,738.8315124511719,734.693672688802,739.4615783691406,739.157666015625,742.5921346028646,-0.07674629588025016,0.0039757322945332746,-0.0039600136367423655,0.014766091442042883,-0.006376266759063998,Financial Services,8
2024-05-29,713.7771606445312,735.2240906324613,711.8992957753792,735.2240906324613,1026105,729.8475219726563,736.083935546875,733.560380045573,738.2706329345704,737.945966796875,740.4985066731771,-0.30611553570702715,-0.03053897258987339,0.030047094766332716,0.030047094766332716,-0.0026308839406634643,Financial Services,8
2024-05-30,712.2452392578125,722.3262306082769,706.8587893627874,713.5794703708691,563019,725.1133911132813,732.8866638183594,732.1371744791667,736.1951232910156,737.014951171875,738.6816141764323,-0.3217428713506329,-0.002146217995172955,0.001873274877129294,0.014153820615170565,-0.007562633764513382,Financial Services,8
2024-05-31,718.7188720703125,726.3290810849811,714.1230796529948,714.5678434874641,384226,722.869873046875,729.6202087402344,732.6379353841146,733.7860504150391,736.35671875,737.4297220865885,-0.25570447429483784,0.009089050309758167,-0.00577559424715135,0.010588575464488548,-0.006394422904298147,Financial Services,8
2024-06-03,743.3778686523438,750.1479545209996,727.4161983233936,741.2529194871537,753365,724.8761962890625,729.0667419433594,733.7712280273438,732.960791015625,736.6235693359375,737.1019246419271,-0.004154741023389331,0.03430965505469411,-0.002858504745429591,0.00910719319762543,-0.021471812656848055,Financial Services,8
2024-06-04,690.79833984375,743.3778941329612,672.0693367047407,743.3778941329612,1127713,715.78349609375,724.5253356933594,731.1488403320312,729.9661285400391,734.7259619140625,735.2619710286458,-0.5405255703611133,-0.07073055444052191,0.07611418739237852,0.07611418739237852,-0.02711211370780875,Financial Services,8
2024-06-05,736.5582885742188,742.14241780981,693.5656209419094,696.7777167994957,992953,720.3397216796875,725.0936218261719,730.8358642578125,730.2552154541015,734.6844506835937,735.0115926106771,-0.07372219256055643,0.06624212319447537,-0.05400872190540096,0.0075813813003187125,-0.058369674605836974,Financial Services,8
2024-06-06,755.040283203125,761.0197117306301,738.8809323509562,745.2063151232404,812090,728.89873046875,727.0060607910157,731.5573527018229,731.3275634765625,734.7358447265625,735.6622477213542,0.11481511485824955,0.02509237207103118,-0.013024428363167195,0.007919350345306553,-0.021401971804226982,Financial Services,8
2024-06-07,765.26953125,768.8275815934592,752.1740625054316,765.7636998818705,888474,738.2088623046875,730.5393676757812,732.4830932617188,734.0306671142578,734.6706127929688,736.6654093424479,0.21916504690836103,0.01354795005569666,0.0006457445536389717,0.004649408081943918,-0.01711223067143164,Financial Services,8
2024-06-10,764.3306274414062,776.9813931502548,758.2029844351272,765.9120033166731,434782,742.3994140625,733.6378051757813,733.5109659830729,735.9282745361328,734.848515625,737.5862101236979,0.2095871631597819,-0.0012268929707159957,0.0020689683475860754,0.016551431088398072,-0.008017005712294134,Financial Services,8
2024-06-11,781.478271484375,787.7047840616036,765.9613646772181,772.8797253904316,1269109,760.535400390625,738.1594482421875,736.5286905924479,738.4954803466796,736.0799829101562,739.0275349934896,0.3845125811869584,0.02243485139457308,-0.011002924083366894,0.007967608063371712,-0.019855839085178184,Financial Services,8
2024-06-12,795.1173095703125,801.5415016302342,777.870812667859,786.5187635177537,1357409,772.2472045898437,746.2934631347656,740.8114827473959,741.1886993408203,738.65361328125,740.9449096679688,0.5236462390056534,0.017452869239769006,-0.010814185465545356,0.00807955251709136,-0.02169050616162993,Financial Services,8
2024-06-13,807.8173828125,810.2882258018614,790.7191613907819,805.4948145318263,780406,782.8026245117187,755.8506774902344,745.6049153645833,744.3686706542969,741.6225756835937,742.7469746907552,0.6532013904479498,0.015972577994875645,-0.0028751155026986996,0.003058665289868978,-0.021165948871004536,Financial Services,8
2024-06-14,825.1627807617188,827.6830286436508,806.9773515275457,814.5381554966592,1045330,794.7812744140625,766.495068359375,751.9533365885417,748.0576385498047,746.1807885742187,744.6890563964844,0.8301441226105613,0.02147192957005821,-0.01287579313169196,0.003054243284707603,-0.02203859609056269,Financial Services,8
2024-06-18,878.87890625,891.7766953959772,824.5697618845912,832.1305660339498,4784271,817.6909301757812,780.0451721191406,761.6555135091146,754.55595703125,752.2808056640625,748.6555847167969,1.3781095272044797,0.06509761072681342,-0.05319087747311635,0.014675274436849906,-0.06179366005851139,Financial Services,8
2024-06-19,856.1471557617188,884.4135774099208,853.5280378802772,879.5213562070808,844031,832.62470703125,796.5800537109375,769.6478678385416,760.5526947021484,757.3213256835937,752.1707702636719,1.146219889964048,-0.02586448522842933,0.027301615485209263,0.03301584483225106,-0.0030591912427849755,Financial Services,8
2024-06-20,852.4408569335938,868.7484211531929,848.7345923382303,850.2170981763757,542596,844.0894165039062,808.168310546875,778.8921142578125,766.6309661865234,761.7688427734375,756.2262471516927,1.1084114382479513,-0.0043290441405805825,-0.00260869565217392,0.019130434782608674,-0.004347826086956497,Financial Services,8
2024-06-21,850.8101196289062,863.9055885314987,840.136089116363,849.970057073917,739407,852.6879638671875,817.7452941894531,788.1297729492187,772.3756774902344,766.032529296875,760.1334737141927,1.0917760681644475,-0.0019130210517520239,-0.0009873678457840152,0.015391764390748186,-0.012545725851496603,Financial Services,8
2024-06-24,872.3558959960938,889.5035231179853,844.9789421643543,849.6735440919214,2210250,862.1265869140625,828.4539306640625,798.3722412109375,779.4966491699219,770.8714282226563,765.5050882975261,1.3115674242426454,0.02532383650606438,-0.026001259357882445,0.019656687368762027,-0.0313827807634397,Financial Services,8
2024-06-25,889.108154296875,899.2880760968695,855.1093895372625,873.3442236250067,1583825,864.1724365234375,840.9316833496093,808.0875935872396,787.2847442626953,776.4792529296875,770.9294108072917,1.4824594592545912,0.01920346773337595,-0.017730048471251147,0.011449587714157161,-0.03823917775953756,Financial Services,8
2024-06-26,890.7389526367188,902.0060214928797,875.1726408430674,886.5385192955747,949576,871.0907958984375,851.8577514648438,821.4169677734375,795.0085998535156,782.6603149414062,776.2829040527344,1.4990954519659143,0.0018341956847009449,-0.004715672676837701,0.012649125563453545,-0.01747572815533982,Financial Services,8
2024-06-27,900.2269897460938,911.2469745766472,885.9949690703423,897.2619778982305,1431374,880.6480224609375,862.3687194824219,832.3282145182292,804.3310913085937,789.4343774414062,781.5820393880208,1.5958841917750621,0.010651871776000152,-0.003293626920360948,0.012241340190946248,-0.01580936901232599,Financial Services,8
2024-06-28,904.5262451171875,916.6333761867826,898.843306043704,900.3752166858058,796344,891.3912475585937,872.0396057128906,842.2939453125,813.9451416015625,796.1787915039063,786.9256490071615,1.6397414727583661,0.004775745917489479,-0.004589174116052308,0.013385052269021314,-0.006282779636479385,Financial Services,8
2024-07-01,912.6800537109375,927.0603487619305,905.5640133828559,917.9676339162328,1260759,899.4560791015625,880.7913330078125,852.1213134765625,823.6432006835937,803.48853515625,792.3022033691407,1.7229195684315235,0.009014452192809086,0.005793465282599497,0.015756118469471447,-0.007796861889495577,Financial Services,8
2024-07-02,879.4224853515625,920.092587890283,860.1993135040872,914.0142895879841,2178450,897.5189453125,880.8456909179688,859.7941040039062,830.4454315185546,809.3315844726562,796.6525349934896,1.3836546505656475,-0.03643946005410159,0.03933468249062666,0.04624637556596256,-0.021858858702925477,Financial Services,8
2024-07-03,892.3202514648438,898.9915278233315,870.7251069374364,882.5851537969702,1326007,897.835205078125,884.4630004882813,867.1835693359375,840.5215270996093,815.5739208984374,801.8561299641927,1.5152264935155593,0.014666177324457621,-0.010909869692963148,0.007476325173093379,-0.0242011144451294,Financial Services,8
2024-07-04,880.213134765625,897.4102271239803,876.1115713532677,897.4102271239803,369698,893.8324340820312,887.2402282714844,872.8566243489583,847.7042694091797,822.2313598632812,806.834053548177,1.39172017134047,-0.013568129468476771,0.01953741847187329,0.01953741847187329,-0.004659738931809376,Financial Services,8
2024-07-05,876.5563354492188,884.9572021153807,869.242615634056,880.2131350334813,340493,888.2384521484375,889.8148498535156,877.4392211914062,853.7800720214843,828.8038037109375,811.5220682779948,1.3544166707860514,-0.004154447567270112,0.004171779309984025,0.009583943811046325,-0.00834369625702902,Financial Services,8
2024-07-08,876.5068359375,887.526820025946,864.7950640564619,876.2597516334838,404409,881.00380859375,890.2299438476563,880.862158203125,859.3419372558594,835.115322265625,816.4077473958333,1.353911719624373,-5.647042833063596e-05,-0.00028189660808741746,0.012572616249660218,-0.013361871694373417,Financial Services,8
2024-07-09,869.044921875,891.4801892568822,864.7456790162257,881.6956264649796,1075285,878.9282958984375,888.2236206054688,880.2065592447917,864.5776519775391,840.1420043945312,820.9310363769531,1.2777917329139599,-0.008513241148334955,0.014557020323742398,0.025816004233103707,-0.004947089328246057,Financial Services,8
2024-07-10,872.9488525390625,878.3353024710771,850.3653711144492,872.0593249087053,443690,875.0540161132812,886.4446105957031,881.3266723632812,869.1511810302734,847.4280249023437,825.4872701009115,1.3176162535098526,0.00449220813078294,-0.0010189916943814659,0.006170407253927257,-0.02587033748761669,Financial Services,8
2024-07-11,868.0071411132812,880.0154621563863,864.7950452309947,879.6201031492403,196440,872.6128173828125,883.2226257324219,882.364424641927,872.7956726074219,852.6859790039063,830.6282694498698,1.2672051920976632,-0.005660940399208692,0.013378878451465903,0.01383435743132666,-0.0037005408482778668,Financial Services,8
2024-07-12,858.1238403320312,871.6640730849174,854.9117441833654,871.6640730849174,866676,868.926318359375,878.5823852539063,882.8520060221355,875.3109954833984,856.8093212890625,835.490889485677,1.1663843145289239,-0.011386197547377271,0.015778879593471018,0.015778879593471018,-0.003743161531816974,Financial Services,8
2024-07-15,868.2048950195312,872.1582441365208,845.2754580763278,854.9117465489899,737699,867.2659301757812,874.1348693847656,882.575272623698,877.463101196289,860.9267358398438,840.4737569173177,1.2692225062330982,0.01174778535881181,-0.015311072935429992,0.004553474807235114,-0.026410167778065374,Financial Services,8
2024-07-16,877.3469848632812,889.5035209178279,868.2542701403465,868.7484387630786,897775,868.9263427734375,873.9273193359375,881.7911946614583,877.3865051269531,865.4473901367187,844.939394124349,1.362482191560874,0.010529875950013319,-0.009800621930150633,0.013856018501552159,-0.01036387527376259,Financial Services,8
2024-07-18,870.79443359375,888.2679421415712,859.9232024980904,887.5729623783768,392701,868.495458984375,871.7747375488282,880.4615600585937,878.1188690185547,869.0200366210937,850.9392639160156,1.2956387367343636,-0.007468597239839318,0.019268070783803992,0.020066169320477112,-0.012484268015809707,Financial Services,8
2024-07-19,843.1942749023438,878.4390614197904,837.9323893161957,878.4390614197904,555823,863.5328857421875,868.0728515625,876.6593790690105,877.6565399169922,870.943115234375,854.4937967936198,1.0140858140930569,-0.031695377952177514,0.04179912929499974,0.04179912929499974,-0.006240419014654108,Financial Services,8
2024-07-22,839.1734008789062,850.2432664895914,800.5034047735536,824.0330348766545,3996731,859.7427978515625,864.3345581054688,872.3025227864583,877.0747039794921,872.1973559570313,857.2982340494792,0.9730683385948513,-0.0047686211151080045,-0.018041999408458964,0.013191392385758505,-0.04608105555401509,Financial Services,8
2024-07-23,836.7410278320312,856.0015838397476,787.2494279111431,851.285731989049,2849622,853.4500244140625,860.3579772949219,867.239921061198,875.2939605712891,872.6604858398438,859.6806172688802,0.948255374729001,-0.002898534491593108,0.017382563628680403,0.02301853903067208,-0.05914804972467913,Financial Services,8
2024-07-24,844.137451171875,848.8533028543994,823.0402199605815,833.9611396464276,1333753,846.8081176757812,857.8672302246093,864.8875854492187,873.0454254150391,871.2708276367188,862.3408447265625,1.0237072817890065,0.00883956097982627,-0.01205527785945304,0.005586592178770999,-0.024992649220817453,Financial Services,8
2024-07-25,821.848876953125,838.8756086664154,816.0905856698623,838.8756086664154,1079220,837.0190063476563,852.7572326660156,860.1894938151041,869.6009216308594,869.898896484375,863.6865315755208,0.7963385451465358,-0.02640396322637724,0.020717594427352992,0.020717594427352992,-0.007006508671777545,Financial Services,8
2024-07-26,850.7396850585938,862.1073213946505,822.0970542152337,822.0970542152337,831348,838.5280883789062,851.0304870605469,858.2245971679688,867.1265563964844,869.830849609375,865.5406107584636,1.0910575556606539,0.03515343138580034,-0.03366791434137384,0.013362061904134359,-0.03366791434137384,Financial Services,8
2024-07-29,849.5979614257812,865.7311391916812,846.9173597700191,850.8389751000813,609474,840.6130004882813,850.1778991699218,856.4273722330729,864.3801422119141,869.78236328125,866.9332967122396,1.0794106796676146,-0.001342036410037537,0.0014607069821794827,0.01898919076833172,-0.0031551413462240774,Financial Services,8
2024-07-30,845.4281005859375,855.1080067557172,839.6698095478038,848.8533102729792,268939,842.3504150390625,847.9002197265625,854.3554565429688,861.017544555664,868.7052514648437,867.6088073730468,1.0368733696618175,-0.004908040072090049,0.004051450010554181,0.01144970951766422,-0.006811094916460481,Financial Services,8
2024-07-31,842.5490112304688,851.2361067777254,839.0741730115661,849.2007959152725,164005,842.0327270507812,844.4204223632812,852.5890625,859.1738708496093,866.8428857421875,866.3978108723958,1.0075033927844708,-0.003405481026090038,0.007894834123761463,0.010310492839543883,-0.0041241971358175755,Financial Services,8
2024-08-01,828.9971313476562,847.3145052314385,823.2884684671185,843.8892953838417,324361,843.4623779296875,840.2406921386719,849.6589477539062,856.00771484375,864.373212890625,865.4928100585937,0.8692588474921341,-0.016084381682462807,0.017964071856287456,0.022095823002432624,-0.006886227544910195,Financial Services,8
2024-08-02,830.5855712890625,835.7482000671259,809.1408801757135,823.8344693160725,442892,839.4315551757812,838.9798217773438,847.1641764322917,853.5263366699219,861.5875561523437,864.7643005371094,0.8854627364966697,0.001916098236460732,-0.008128123346174077,0.006215649484557106,-0.02581876191283583,Financial Services,8
2024-08-05,776.3781127929688,813.9063521616418,768.0384771126559,813.9063521616418,1151511,824.7875854492188,832.70029296875,841.7144612630208,848.5174255371094,856.461630859375,862.2832336425781,0.3324851779551428,-0.06526414660919788,0.04833758029791402,0.04833758029791402,-0.010741719199568345,Financial Services,8
2024-08-06,766.84716796875,801.1984010749268,760.8406135108578,786.7530145131099,685408,809.0713989257813,825.7109069824219,834.9572794596354,843.0344421386719,850.6283154296875,858.7662760416666,0.23525873078883122,-0.012276163723796654,0.025958036197860856,0.044795409751811954,-0.00783279212441057,Financial Services,8
2024-08-07,781.8882446289062,784.0724408188375,768.4356684948151,782.3350216717239,265308,796.9392456054687,819.485986328125,828.5933634440104,838.6766082763672,846.7269458007812,855.1922790527344,0.3886947722510685,0.01961417775069516,0.0005714078014176227,0.002793488973565461,-0.017205241575764973,Financial Services,8
2024-08-08,780.4486083984375,795.0925688759792,774.9385201346358,781.8881962934693,1032271,787.229541015625,815.3459594726562,822.5703084309896,834.0515960693359,842.252080078125,851.5159342447917,0.37400884987066574,-0.0018412301762536652,0.0018445646254479087,0.01876351667484255,-0.007060155152443626,Financial Services,8
2024-08-09,797.3760986328125,802.1912072596231,784.3702394840249,784.3702394840249,663662,780.587646484375,810.0096008300782,819.5157633463542,830.5200439453125,838.9385986328125,848.0875712076823,0.5466884493526218,0.02168943611689178,-0.01631082141926199,0.006038691948588193,-0.01631082141926199,Financial Services,8
2024-08-12,812.31787109375,816.8847768861035,792.2630792735669,799.2127554075455,613242,787.7755981445313,806.281591796875,817.7253946940104,828.2297454833985,836.3690600585937,845.0139587402343,0.6991114753524046,0.018738676123546696,-0.016132989501460804,0.005622067364102534,-0.024688354810143753,Financial Services,8
2024-08-13,797.0781860351562,812.3178693104595,794.248699282509,807.1552406458499,472800,793.8218017578125,801.4466003417969,815.0812052408854,824.6734100341797,833.1919140625,841.1605631510416,0.5436494029652582,-0.018760740839142427,0.012642492025555452,0.019119433378435247,-0.003549823345087022,Financial Services,8
2024-08-14,799.6099243164062,803.0350734495283,787.3486733249106,801.1983975202783,272425,797.3661376953125,797.1526916503906,812.1127034505208,820.7865570068359,830.4145141601563,838.5001444498698,0.5694760049213826,0.003176273451721754,0.001986560140846194,0.004283525040100322,-0.015334040534799476,Financial Services,8
2024-08-16,828.5503540039062,832.968374785631,799.6099515953387,799.6099515953387,397103,806.9864868164062,797.1080139160156,812.5594685872396,818.6743530273437,828.63857421875,836.3744812011719,0.8647012118528181,0.036193184710959454,-0.034928960284327126,0.005332229671226374,-0.034928960284327126,Financial Services,8
2024-08-19,837.6842041015625,839.9180286458334,829.6920884068895,830.6352708892998,242818,815.0481079101562,797.8178771972656,811.6891031901042,818.3988494873047,827.4256567382813,834.9568501790365,0.9578768424249506,0.011023892577581577,-0.008414785879629738,0.002666666666666817,-0.00954072627314817,Financial Services,8
2024-08-20,841.5562133789062,844.6835314666595,834.6065368331828,838.8259833073721,265744,820.8957763671875,804.3356872558594,811.1529866536458,818.5179901123047,826.7629516601562,833.7901794433594,0.9973757286712037,0.004622278011672165,-0.0032442634587320773,0.0037161131223746313,-0.008258125167681984,Financial Services,8
2024-08-21,840.9108276367188,853.2217069669961,838.0316518041379,841.7546926584918,352021,829.6623046875,811.7420532226563,810.8518351236979,818.7264801025391,825.6711889648437,832.6036458333333,0.9907920621069786,-0.0007668955821694093,0.0010035130884740173,0.014639934373155361,-0.0034238777025530354,Financial Services,8
2024-08-22,843.4921264648438,846.8677078036638,834.8547200088888,843.8892750681293,425674,838.4387451171875,817.90244140625,810.9147094726562,818.6942138671875,824.3169946289063,831.7518859863281,1.0171242378526009,0.003069646320739427,0.00047083854232288225,0.004001912090119353,-0.010240055816709503,Financial Services,8
2024-08-23,843.988525390625,851.4842961941524,836.4928151834662,843.7900116868873,795371,841.5263793945312,824.2564331054688,811.9141357421875,819.8011962890625,823.2447583007812,830.7865417480468,1.0221880699092345,0.000588504516173382,-0.00023520900790185983,0.008881365774562111,-0.008881293976940707,Financial Services,8
2024-08-26,846.2223510742188,850.7893175973932,836.3935594674757,849.3001012391259,306215,843.2340087890625,829.1410583496094,812.9565877278645,819.5753295898437,823.3658813476562,830.0603820800782,1.0449756254779952,0.0026467488791507726,0.003637046647373632,0.005396887138914508,-0.011614904279313887,Financial Services,8
2024-08-27,855.1080322265625,861.0152693125817,840.4144427478817,846.2223623842011,432911,845.9443725585937,833.4200744628906,818.2052490234375,819.8508331298829,824.0032666015625,829.9598551432292,1.1356196513357208,0.010500409426747017,-0.010391283332030654,0.00690817635128238,-0.017183313598892358,Financial Services,8
2024-08-28,867.4188842773438,871.390127826196,852.079943950628,860.7670392137426,669843,851.2459838867187,840.4541442871093,824.9100301106771,820.9503723144531,825.230380859375,829.9336547851562,1.2612043051725637,0.01439683827869771,-0.007668549975301642,0.004578230449940879,-0.017683429084547453,Financial Services,8
2024-08-29,876.5527954101562,897.352135942059,862.2562937620814,867.4189227236845,2174332,857.8581176757813,848.1484313964844,831.2210001627604,822.6505615234375,826.5269946289062,829.9071818033855,1.354380558372516,0.010529988795923047,-0.010420219676782638,0.023728565627550546,-0.0163099150706435,Financial Services,8
2024-08-30,857.3418579101562,893.0334226060709,853.8173912631695,883.6017188653731,591783,860.5287841796875,851.0275817871094,836.347216796875,824.0677978515625,827.9467138671876,829.4587626139323,1.1584072069044815,-0.021916463675198054,0.03062939329619052,0.04163049356171156,-0.004110923331770988,Financial Services,8
2024-09-02,873.5743408203125,878.6872806306877,851.8317577305993,859.6252991076523,810362,865.9991821289062,854.6165954589844,841.427099609375,826.217236328125,828.8601000976563,830.4714314778646,1.323996943404895,0.018933500983754962,-0.015967778654718323,0.00585289605183914,-0.024889219009450625,Financial Services,8
2024-09-03,876.5527954101562,883.6017287832498,872.432605807057,879.4319107528638,290414,870.288134765625,858.1162536621093,845.7094278971355,831.2259704589844,829.9382934570312,831.7174112955729,1.354380558372516,0.0034095032908669134,0.0032845886269297075,0.008041652950060207,-0.0047004465956569375,Financial Services,8
2024-09-04,875.5599365234375,889.8067483675397,866.6742670564493,867.8159632069946,467093,871.9163452148438,861.5811645507813,850.9415445963542,836.6616088867188,831.1435668945312,833.0113749186198,1.3442522716314291,-0.0011326857799297439,-0.008844595319415394,0.01627165799827668,-0.010148556479491644,Financial Services,8
2024-09-05,879.2333374023438,890.7499805747938,876.3045936291684,882.6089188106967,688432,872.4524536132812,865.1552856445312,856.2497721354167,841.5288635253906,832.6109399414063,834.1812377929688,1.381725126952773,0.004195487625315663,0.003839232732377962,0.013098506030805757,-0.0033310199336028523,Financial Services,8
2024-09-06,864.4901123046875,892.3880750380164,858.7814494901576,881.6161007482773,473713,873.8821044921875,867.2054443359375,858.6457560221354,845.7309387207031,834.0306591796875,835.6026123046875,1.23132750925008,-0.016768273529316417,0.019810508182601216,0.03227100268267313,-0.006603502727533739,Financial Services,8
2024-09-09,863.0008544921875,867.6670777315222,847.215137315561,863.546888355049,491448,871.7674072265625,868.8832946777344,860.3335327148437,849.0121765136719,835.3272705078125,836.011317952474,1.2161353904523597,-0.0017227008051366984,0.0006327153212180026,0.005406974066185066,-0.01829165880248773,Financial Services,8
2024-09-10,842.5986328125,867.4685340293465,839.3719973497299,866.7239258456303,692077,864.9765747070312,867.6323547363281,860.40302734375,850.5262145996094,837.9760913085937,835.778006998698,1.0080095892017882,-0.023641021412073464,0.028632010655657902,0.02951571513216633,-0.003829386064869267,Financial Services,8
2024-09-11,859.27783203125,864.0433122213351,831.9755323422155,843.4921145179519,559042,861.7201538085938,866.8182495117187,861.6274943033854,853.636196899414,841.6733178710938,836.2396647135416,1.1781563387136982,0.019794951675955963,-0.01837091209019348,0.005545913105683198,-0.031773541305603725,Financial Services,8
2024-09-12,901.8197631835938,907.4291690469942,866.7735502838752,868.7095436719036,1794537,866.2374389648437,869.3449462890625,865.5160034179687,858.7466888427734,846.4705786132813,838.2153564453125,1.6121322873547879,0.04950893595355384,-0.03671489677139572,0.006220096401079234,-0.03886165986870682,Financial Services,8
2024-09-13,924.5055541992188,944.907806781129,902.8125989255386,908.9680388378708,3072023,878.24052734375,876.0613159179687,870.8838053385417,863.5444488525391,852.2328564453124,841.3989705403645,1.8435530858470766,0.025155570926434216,-0.01680629747520135,0.022068285570855384,-0.02346438609822088,Financial Services,8
2024-09-16,897.004638671875,940.8372636822686,877.4462520292634,932.6962022690168,1972984,885.0412841796875,878.404345703125,874.2692911783854,866.5104705810547,856.217998046875,843.612939453125,1.5630125560404047,-0.029746620128382337,0.03978972020700744,0.048865549987894275,-0.021804108696216074,Financial Services,8
2024-09-17,875.0138549804688,901.8197490508306,870.7447802663144,898.6924311004425,712240,891.5243286132812,878.2504516601563,875.5963460286458,868.1833526611329,858.7258374023437,846.9007975260416,1.3386816205296586,-0.024515797068749047,0.027060801363542053,0.03063482242913773,-0.0048788652772242536,Financial Services,8
2024-09-18,871.09228515625,891.5441649237492,862.8022779998628,876.6520018125507,699623,893.8872192382812,877.8036865234375,875.841239420573,869.6924255371093,861.6864013671875,850.375634765625,1.2986771604939076,-0.004481723120037092,0.006382465728419939,0.02347843060489363,-0.00951679551943252,Financial Services,8
2024-09-19,845.7259521484375,882.8074761132954,830.1388692887064,877.6448472455185,841701,882.66845703125,874.4529479980469,873.7861165364583,869.8041168212891,863.5310424804687,852.5035583496094,1.0399117934213615,-0.029120144260332277,0.037741416136037875,0.04384579173745107,-0.01843041805697765,Financial Services,8
2024-09-20,856.4483642578125,863.6958718535338,842.4993223566507,852.5267490050823,442052,869.0570190429687,873.6487731933594,873.7265502929688,870.4271087646484,864.646962890625,855.0368835449219,1.149292558253669,0.012678352937067086,-0.004578927833120083,0.008462282022106526,-0.01628707868833379,Financial Services,8
2024-09-23,873.673583984375,879.5311924791811,860.0224342346191,864.1426236703653,549217,864.3908081054688,874.7160461425781,873.7331665039062,871.7996704101563,866.0865380859375,857.5801330566406,1.3250093362395299,0.02011238557445277,-0.010909063165838062,0.00670457319779838,-0.015625,Financial Services,8
2024-09-24,855.2073364257812,882.261433543383,853.3705998966733,877.6448386040337,490770,860.4295043945312,875.9769165039063,872.310135904948,871.8046356201172,866.6325830078125,859.0097819010417,1.1366326667981752,-0.021136323561917383,0.026236330329001634,0.03163454751296979,-0.0021477090418615674,Financial Services,8
2024-09-25,861.8095092773438,865.5325502372392,851.484312039722,858.7814480825693,360410,858.57294921875,876.2300842285156,871.3934407552083,871.5241668701171,867.4685302734375,861.1674926757812,1.203982318042003,0.007719967510048911,-0.0035136084740043927,0.004320027708927698,-0.011980834658322337,Financial Services,8
2024-09-26,878.8858642578125,886.282317708598,853.2713547189654,866.7239305247899,729666,865.204931640625,873.9366943359375,871.3702758789062,871.6408203125,868.8842797851562,863.8100240071615,1.3781805067759116,0.019814535342952817,-0.013837898898616308,0.008415715568518722,-0.029144295727725256,Financial Services,8
2024-09-27,877.9426879882812,879.5312218245291,865.7807541690823,878.8362420584438,535642,869.5037963867187,869.2804077148437,872.2671142578125,872.6708618164063,870.2424462890625,865.4564351399739,1.368559039079962,-0.0010731498911155301,0.0010177817782275334,0.0018093821589741932,-0.013852765090016095,Financial Services,8
2024-09-30,885.8355102539062,894.5226054791477,866.7735291832458,878.6376313529919,537306,871.936181640625,868.1634948730468,873.7894246419271,873.2839202880859,871.82697265625,867.0614786783855,1.449074778196601,0.008990133836310683,-0.00812552535724298,0.009806668534603658,-0.02151864635139389,Financial Services,8
2024-10-01,895.4658203125,918.7968769038197,890.1046171125425,893.182367318581,1572768,879.9878784179688,870.20869140625,877.3139038085938,874.2295715332032,873.4412841796875,868.8584655761719,1.5473148634531866,0.010871442775909292,-0.0025500169209385914,0.026054658996562896,-0.005987055092830373,Financial Services,8
2024-10-03,877.5455932617188,887.9701078841232,863.4972945558354,881.2189451753752,934129,883.1350952148438,870.8540222167969,878.5317545572917,874.3288543701171,873.8463525390625,870.0796244303385,1.364508222485783,-0.02001218432271088,0.0041859385334077626,0.011879171523906829,-0.016008625436392032,Financial Services,8
2024-10-04,841.0597534179688,873.6735662844732,827.011455357916,873.6735662844732,864805,875.569873046875,870.38740234375,874.4810872395833,872.4201751708985,872.426630859375,869.998545328776,0.9923112739867506,-0.041577144394443426,0.03877704614204358,0.03877704614204358,-0.016703091549633786,Financial Services,8
2024-10-07,818.1754150390625,852.1295589667259,815.0977255756791,845.9244910192862,309966,863.6164184570313,866.560107421875,867.392411295573,870.1044403076172,870.8599731445313,869.1381083170573,0.7588650671973722,-0.0272089328801039,0.03391580273638373,0.04149983402525281,-0.0037616498941568377,Financial Services,8
2024-10-08,848.3073120117188,850.8389677661947,816.4877337962128,818.0762070470764,415781,856.1107788085938,864.0234802246093,864.1459228515625,869.3697631835937,869.8492919921875,869.207607014974,1.0662445917948036,0.03682816229722284,-0.035636973224892676,0.0029843615852753747,-0.0375094942186075,Financial Services,8
2024-10-09,863.944091796875,874.0210864764321,836.6914193843922,853.8174080932391,555932,849.8064331054687,864.8971557617188,863.4079386393229,870.4370361328125,869.3449438476563,869.5021423339844,1.225757480776129,0.018432918782786866,-0.01172145720977602,0.011663943043580982,-0.031544486120393844,Financial Services,8
2024-10-10,851.9310302734375,870.5462351121506,847.8605297205869,868.1635252506172,189500,844.6835205078125,863.9093078613281,862.1305216471354,870.0696960449219,868.3997875976562,868.9858805338541,1.1032106280710103,-0.01390490615943923,0.019053766561325736,0.021850600784829144,-0.004777969586979514,Financial Services,8
2024-10-11,861.5116577148438,865.7311040361208,846.7684401013998,853.8173732466329,220490,848.7739013671875,862.1718872070312,863.1829020182291,868.0542907714844,867.6909204101562,868.4845092773437,1.200943894282459,0.011245778239033308,-0.008931143762604399,0.004897723998847692,-0.017113195719893337,Financial Services,8
2024-10-14,865.6318359375,869.9009106289909,852.1791999520669,867.5181402635056,410371,858.265185546875,860.9408020019531,863.7951334635417,865.1106048583985,867.7365893554687,868.7608418782552,1.242974385243119,0.004782498513815827,0.002179106922474361,0.004931744090566514,-0.015540828591249278,Financial Services,8
2024-10-15,884.3959350585938,890.5513747401741,867.7167241058106,871.9857988442658,717891,865.48291015625,860.7968444824219,864.5099568684896,864.4801696777344,868.592392578125,869.1215616861979,1.4343894784440177,0.021676766428965474,-0.014032330681739036,0.006960049721590478,-0.018859438732809264,Financial Services,8
2024-10-16,876.0066528320312,883.5520518528948,867.3195576607641,878.637625893876,194324,867.8954223632812,858.850927734375,865.8965779622396,864.5298095703125,869.9287133789062,869.1033569335938,1.3488092846429256,-0.00948588962703304,0.0030033710969421534,0.00861340378691211,-0.009916699996721179,Financial Services,8
2024-10-17,851.4346313476562,876.6520532679787,848.5555160016539,876.6520532679787,295183,867.796142578125,856.2398315429688,865.2049194335938,863.5469268798828,869.6149853515625,868.2991800944011,1.098146796014377,-0.028050039808415164,0.029617566624472458,0.029617566624472458,-0.0033814872451749522,Financial Services,8
2024-10-18,854.909423828125,858.7814104954955,835.9963886989138,846.867679945269,175385,866.4756958007813,857.6247985839843,863.6064900716145,864.0061004638671,867.7385717773437,867.4883829752604,1.1335936204108117,0.004081103061275328,-0.009406544902554215,0.004529119178535268,-0.022122852552639016,Financial Services,8
2024-10-21,853.2713623046875,866.6743098030912,842.1518678163674,857.7886398978385,279871,864.0036010742188,861.1343933105469,861.9617350260417,863.8472503662109,864.8892041015625,867.114424641927,1.1168835349889585,-0.0019160644131194224,0.005294069146947411,0.015707719830420963,-0.013031603988543972,Financial Services,8
2024-10-22,826.9122314453125,857.6893696652786,822.841670355173,855.5548019695398,334033,852.5068603515625,858.9948852539062,858.033516438802,861.5091827392578,862.0855078125,865.9114705403646,0.8479905038031454,-0.030891849912997125,0.03463798143868857,0.03721935297313528,-0.004922603554944116,Financial Services,8
2024-10-23,865.0361328125,891.4945677734529,834.2093662101721,837.9324071185781,2265745,850.3127563476562,859.1040893554688,856.0048706054688,862.0006225585937,861.6863989257813,866.6593872070313,1.236897537724031,0.046103927257857724,-0.03133247810793671,0.03058650842124755,-0.035636391860419225,Financial Services,8
2024-10-24,839.3720092773438,881.5168451938382,835.2518196970179,863.5469310803109,900505,847.9002319335938,857.8481872558593,853.4599650065104,860.8787475585938,860.417587890625,865.995859781901,0.9750943695197604,-0.029668267673067305,0.028801200821290784,0.05020996107885356,-0.004908657347143519,Financial Services,8
2024-10-25,844.5346069335938,861.6109057466363,838.9252011724145,844.7331206342918,752327,845.8252685546875,856.1504821777344,853.6916219075521,859.1611846923828,860.3699340820312,864.0863545735677,1.027758721011005,0.00615054778952509,0.00023505691663583406,0.020219773911982708,-0.006642008172461189,Financial Services,8
2024-10-28,841.6554565429688,864.7383104086415,838.4288210563693,843.8892811106145,485963,843.5020874023437,853.7528442382812,855.2569580078125,857.3468231201172,859.7782177734375,861.3246846516927,0.9983881215058387,-0.0034091561991507462,0.0026540843409024184,0.027425538189324694,-0.0038336773813034686,Financial Services,8
2024-10-29,856.398681640625,860.6678171050622,826.0683199312314,844.2367477813393,655404,849.3993774414063,850.9531188964844,855.7963826497396,855.8749816894531,859.0872216796874,859.9711527506511,1.1487857392085319,0.017516936393679246,-0.014201252430686595,0.004984986030406757,-0.03541617048182388,Financial Services,8
2024-10-30,878.4390869140625,890.3528179136105,856.7958210508242,856.7958210508242,1311532,852.0799682617187,851.1963623046875,856.7627156575521,855.0236450195313,860.0164916992187,860.0853271484375,1.3736228711365956,0.025736150400435143,-0.02463832289074319,0.013562387167220358,-0.02463832289074319,Financial Services,8
2024-10-31,861.7102661132812,877.6944979831534,855.5051977482111,877.495923676197,465469,856.5476196289062,852.22392578125,857.4146647135417,854.2318786621094,860.0125219726563,859.7725931803385,1.202969925207368,-0.019043802865773236,0.018318985143482625,0.01854942722449926,-0.007200875525201655,Financial Services,8
2024-11-01,869.751953125,872.6807573194639,865.4828784906059,871.6879464465179,71313,861.5910888671875,853.7081787109375,857.9640177408854,855.6664886474609,859.6471655273438,860.5734598795573,1.2850042535759594,0.00933223999754644,0.002225914313341848,0.0033674016872748957,-0.004908381773740644,Financial Services,8
2024-11-04,850.193603515625,872.6807949972766,841.7050823047206,872.6807949972766,268481,863.2987182617187,853.4004028320312,856.9348022460938,857.2673980712891,858.5372021484375,860.3649678548177,1.085486904558883,-0.02248727299674611,0.026449495019328584,0.026449495019328584,-0.00998422144768396,Financial Services,8
2024-11-05,859.57568359375,864.2419070434134,835.7978499079169,848.8533377623418,372561,863.9341186523437,856.666748046875,855.2801188151042,857.8308166503906,857.4868090820313,859.8950378417969,1.1811947624732424,0.011035227787329,-0.01247399855074982,0.005428519604178117,-0.027662292151427237,Financial Services,8
2024-11-06,863.5469360351562,885.4880939774954,857.4411851647078,861.1642261575557,516391,860.9556884765625,856.5178283691406,854.4494710286458,857.8109588623047,856.2100537109375,860.1730244954427,1.2217060415541303,0.004620014871527161,-0.002759212936983335,0.025408182261729362,-0.0070705489367862695,Financial Services,8
2024-11-07,852.3778076171875,868.1635255646747,848.7540840984291,866.0785862641626,187974,859.0891967773438,857.818408203125,854.5123494466146,857.8332977294922,855.2033422851563,859.8586344401042,1.1077682637103266,-0.012934014298342712,0.016073598496511243,0.01851962569463894,-0.004251311432999949,Financial Services,8
2024-11-08,843.4921264648438,856.7958169221125,839.3223691121906,853.7677557602595,200702,853.8372314453125,857.71416015625,853.7511962890625,856.9323211669922,855.3006372070313,858.6788431803385,1.0171242378526009,-0.010424580594353543,0.012182246843822853,0.01577215724944092,-0.004943445495014909,Financial Services,8
2024-11-11,832.6209106445312,842.0029254555011,824.0330718618804,838.9252358111916,193207,850.3226928710938,856.8107055664062,852.3744995117188,855.2817749023437,855.87845703125,857.1681172688802,0.9062255063961606,-0.012888342972298752,0.007571663269638762,0.011268050911317218,-0.010314224244023618,Financial Services,8
2024-11-12,822.8912963867188,841.1590413220207,820.0618095390843,835.0532300027645,183237,842.9858154296875,853.4599670410156,852.1064371744792,852.20654296875,854.86181640625,855.0699768066406,0.8069724056771204,-0.011685527150982568,0.014779514219494416,0.02219946305850473,-0.0034384697712306345,Financial Services,8
2024-11-13,809.736572265625,821.8488777607585,804.673260748691,821.8488777607585,299321,832.2237426757813,846.5897155761719,848.4197998046875,848.8930389404297,852.693515625,852.2123352050781,0.6727792996067823,-0.01598598038265272,0.014958328313174007,0.014958328313174007,-0.006253035481362801,Financial Services,8
2024-11-14,817.0337524414062,826.2172533806853,807.949508354815,809.7365558777792,199382,825.154931640625,842.1220642089844,846.9305826822916,847.1729949951172,851.2976245117187,850.1952738444011,0.7472188138321527,0.009011795225407569,-0.008931328163398478,0.011240050869180784,-0.011118566472249625,Financial Services,8
2024-11-18,823.53662109375,831.9258851096384,806.0631739263293,810.1833027011662,206386,821.1638305664062,837.5005310058593,845.5307169596355,845.6043548583984,849.778623046875,849.6111694335938,0.813555449613526,0.00795911874253947,-0.016214601816794794,0.010186874270079915,-0.021217571532172963,Financial Services,8
2024-11-19,826.6640014648438,846.073442002478,822.6430689335059,824.6286906886883,248145,819.9724487304687,835.1475708007813,844.5312866210937,844.2739868164062,848.2199096679688,849.8941223144532,0.8454582764609189,0.003797500063737584,-0.0024620774251072897,0.02347923763855797,-0.0048640469697637245,Financial Services,8
2024-11-21,816.7359008789062,828.8978342513543,806.5099002600803,826.664009754374,266625,818.7413696289062,830.8635925292969,841.8871012369792,843.765170288086,845.5135083007813,848.8417419433594,0.7441803900726087,-0.012009837816023154,0.012155837480370302,0.014890900913453686,-0.012520571959456661,Financial Services,8
2024-11-22,836.7410278320312,842.251116296205,817.5797892737301,817.5797892737301,365815,824.1422607421875,828.1830017089844,839.1072306315104,842.3504150390625,843.9428833007812,847.9349731445312,0.948255374729001,0.024493997302674063,-0.02289984346524432,0.006585177827900024,-0.02289984346524432,Financial Services,8
2024-11-25,838.1806030273438,867.3692677503494,833.961156698808,848.8533202112868,541970,828.371630859375,826.76328125,837.5385864257812,842.2908447265625,843.4127221679687,847.4766255696615,0.9629406744815843,0.001720454892766992,0.012733195143618481,0.034823837031759064,-0.00503405389398881,Financial Services,8
2024-11-26,815.1473999023438,838.2798823937557,813.5092982297953,838.180625539554,716832,826.6937866210938,823.92880859375,833.8982828776042,840.821484375,841.8222412109375,845.9311503092448,0.7279758784402535,-0.027480000183502926,0.028256516109809837,0.028378281638613112,-0.0020095772528314626,Financial Services,8
2024-11-27,820.3099975585938,827.5078765084271,809.7365373454638,819.0689839465535,977644,825.4229858398437,822.6977172851563,831.9060424804687,839.7542114257812,840.5037866210937,844.4204223632812,0.7806402299314981,0.006333330213490823,-0.001512859304084735,0.008774583963691462,-0.012889590818835117,Financial Services,8
2024-11-28,815.9415893554688,828.9970765358677,812.1689201683513,823.9337653368898,529131,825.2641235351563,822.0027465820312,828.9971028645833,837.7313568115235,840.0649609375,842.1386108398438,0.7360775116286115,-0.005325313864424735,0.009795034455510887,0.016000516888361682,-0.00462370007404278,Financial Services,8
2024-11-29,818.0265502929688,823.1394900521385,811.7221647423534,822.0474223045325,296879,821.5212280273438,822.8317443847657,825.9624104817708,834.7107299804687,838.1845776367187,840.2059407552083,0.7573464779454199,0.002555282099478419,0.004915331916945265,0.00625033473221448,-0.007706822655520806,Financial Services,8
2024-12-02,808.694091796875,828.202849866313,807.6516524900703,822.0474102787686,3653242,815.62392578125,821.9977783203125,823.0501627604167,832.0599212646484,836.9574609375,838.7812561035156,0.6621448164483782,-0.011408503174806997,0.016512199875509337,0.02412377964341328,-0.0012890403397017858,Financial Services,8
2024-12-03,828.5999755859375,830.9827460497177,810.7790679201513,814.1049602876565,652530,818.3144409179688,822.5041137695313,822.0573527018229,830.0023223876954,836.3200756835937,837.9042744954427,0.8652074082701355,0.024614850029178143,-0.017493381276086795,0.002875658380384616,-0.021507251014802775,Financial Services,8
2024-12-04,844.1500244140625,847.7000122070312,828.2999877929688,834.0,1229540,823.0824462890625,824.2527160644531,822.8259602864583,829.7001434326172,836.4198583984376,837.6002298990885,1.0238355431198396,0.018766653736779215,-0.012023957970157984,0.004205399147423794,-0.018776326674983523,Financial Services,8
2024-12-05,835.5499877929688,849.8499755859375,832.4000244140625,840.0,423591,827.0041259765625,826.1341247558594,823.669873046875,828.4988586425782,835.5859106445313,837.8881551106771,0.9361054154577424,-0.010187805925923141,0.00532584797085045,0.017114461135641745,-0.0037699281011619457,Financial Services,8
2024-12-06,802.9500122070312,836.0,801.0,836.0,1565730,823.988818359375,822.7550231933594,823.2174357096354,825.4690124511719,832.56634765625,835.8186177571614,0.6035486897200073,-0.03901618821400195,0.04116070401708538,0.04116070401708538,-0.002428559907074801,Financial Services,8
2024-12-09,804.5,807.6500244140625,795.0,803.0,849391,823.15,819.386962890625,822.3818522135417,823.0751220703125,830.2779370117188,834.6562174479167,0.6193603231982083,0.001930366485341187,-0.0018645121193288094,0.003915505797467356,-0.011808576755748867,Financial Services,8
2024-12-10,818.8499755859375,826.0,807.25,807.2999877929688,1076619,821.2,819.7572204589844,822.0694091796875,821.8430145263671,828.2418579101562,833.8000630696614,0.7657463498593561,0.017837135594701677,-0.01410513297592031,0.00873178802862662,-0.01416617931463815,Financial Services,8
2024-12-11,819.9500122070312,827.7000122070312,818.0,824.0,366800,816.3599975585937,819.7212219238281,821.6218098958333,821.2094696044921,827.0321142578125,833.0765482584635,0.776967971051623,0.001343392140064004,0.004939310607566805,0.009451795700496035,-0.0023782086444300576,Financial Services,8
2024-12-12,810.8499755859375,822.7999877929688,809.5,820.0499877929688,167677,811.4199951171875,819.212060546875,821.229414876302,820.6074035644531,825.0830859375,831.5582580566406,0.684137276291537,-0.011098282194788308,0.011346133667184288,0.01473763651333404,-0.0016648894697961492,Financial Services,8
2024-12-13,803.0999755859375,811.75,789.0999755859375,811.0,451723,811.4499877929687,817.7194030761718,818.9866780598958,820.2755737304688,822.6652075195312,829.0469543457032,0.6050784862727122,-0.00955787165733055,0.009836912780751383,0.010770794019451246,-0.017432449789063553,Financial Services,8
2024-12-16,801.9500122070312,809.5,800.0,801.0,198073,810.939990234375,817.0449951171875,816.5713053385417,819.52138671875,820.648095703125,827.0549458821614,0.59334755552403,-0.0014319056330032171,-0.0011846277106682956,0.009414536664436923,-0.002431588225386583,Financial Services,8
2024-12-17,781.4500122070312,804.5499877929688,775.0999755859375,802.2999877929688,653676,803.4599975585937,812.3299987792968,814.3248128255208,817.4170562744141,818.1664111328125,824.1115478515625,0.3842243045064935,-0.025562690551724467,0.02668113796178906,0.029560400825507482,-0.008125966500607595,Financial Services,8
2024-12-18,772.9500122070312,781.5,764.2999877929688,778.0,665418,794.0599975585938,805.2099975585937,811.16748046875,814.7313568115235,815.7795751953125,821.5367614746094,0.29751466384068564,-0.0108772152629362,0.00653339506205497,0.011061501595110546,-0.011190923445830281,Financial Services,8
2024-12-19,770.5499877929688,772.5499877929688,758.0999755859375,760.0,435621,786.0,798.7099975585937,808.1413736979167,812.4220611572266,813.6859228515625,818.56923828125,0.27303169271921207,-0.003105018922516899,-0.013691503419766882,0.002595548675211168,-0.016157306345161215,Financial Services,8
2024-12-20,747.7000122070312,772.8499755859375,745.5,771.9000244140625,517033,774.9200073242188,793.1849975585938,803.4529378255208,807.9700103759766,811.2044604492188,814.7076741536458,0.03993602539225659,-0.029654111930343483,0.03236593795899312,0.033636435693868094,-0.002942372838188545,Financial Services,8
2024-12-23,726.5499877929688,756.0,723.5499877929688,747.5499877929688,940565,759.8400024414062,785.3899963378906,797.9766642252604,802.3884796142578,807.5851098632812,810.5134134928386,-0.17581821190379301,-0.02828677821153526,0.028903723560427474,0.040534048175392856,-0.004129103365775322,Financial Services,8
2024-12-24,726.2000122070312,732.7999877929688,717.8499755859375,728.9500122070312,792904,748.7900024414063,776.125,791.15,797.9411102294922,803.6916455078125,806.6036763509114,-0.17938835982125725,-0.00048169512327791265,0.0037868355188295233,0.009088371626267522,-0.011498260094649049,Financial Services,8
2024-12-26,723.9500122070312,729.7000122070312,716.7000122070312,726.2000122070312,523582,738.9900024414062,766.525,783.1366658528646,793.1231109619141,799.5830859375,802.9813130696615,-0.2023409117622064,-0.0030983199699514065,0.003107949391617071,0.007942537334132416,-0.0100145035952105,Financial Services,8
2024-12-27,750.5499877929688,754.25,725.9500122070312,730.0,1034470,734.9900024414062,760.4950012207031,777.4699991861979,789.8535308837891,796.9356494140625,800.5699361165365,0.06900900879966432,0.03674283463970795,-0.02737990557217518,0.004929734550940923,-0.032775932297694155,Financial Services,8
2024-12-30,754.2999877929688,763.9000244140625,746.5499877929688,751.25,645351,736.3099975585938,755.6150024414062,774.2266642252604,786.667202758789,793.6380078125,798.7220499674479,0.10726326203457952,0.004996336101512799,-0.004043467907102638,0.012727080440744665,-0.01027442678698165,Financial Services,8
2024-12-31,759.2999877929688,761.9500122070312,746.0,746.0,482066,742.8599975585937,751.35,771.213330078125,784.1974975585938,790.482783203125,796.7975911458333,0.15826893301446646,0.006628662443213959,-0.017516117485563698,0.0034900888405979824,-0.017516117485563698,Financial Services,8
2025-01-01,730.3499755859375,758.0,727.0999755859375,752.0499877929688,1241318,743.689990234375,746.2399963378906,765.313330078125,779.2849975585938,787.0908862304688,793.6913696289063,-0.13705402648464285,-0.03812723913137317,0.029711799729468025,0.037858595657348726,-0.004449921419375169,Financial Services,8
2025-01-02,729.4500122070312,736.0,716.9000244140625,728.5499877929688,1595191,744.789990234375,741.8899963378906,759.2799967447917,773.5499969482422,783.4564868164063,790.4509033203125,-0.14623467368433074,-0.0012322357896763629,-0.0012338397409020763,0.008979351132164748,-0.017204726277263882,Financial Services,8
2025-01-03,721.1500244140625,733.9000244140625,718.0,731.0,1327182,738.9099975585938,736.95,753.3,767.8299987792968,779.66482421875,787.264707438151,-0.23090396298537916,-0.01137841888281861,0.013658705196523568,0.017680093695288113,-0.004368057002593795,Financial Services,8
2025-01-06,697.75,728.6500244140625,695.25,726.0,776227,727.6,731.9549987792968,746.2766682942708,762.5699981689453,774.8537622070312,782.6316731770834,-0.46961075222237786,-0.03244820581275737,0.04048728054460771,0.0442852374261018,-0.0035829451809387125,Financial Services,8
2025-01-07,714.7999877929688,721.5999755859375,698.25,698.25,550218,718.7,730.7799987792969,740.4666666666667,758.0849975585937,771.097998046875,778.5189860026042,-0.2956815387065273,0.024435668639152634,-0.023153312920540015,0.00951313361653039,-0.023153312920540015,Financial Services,8
2025-01-08,705.4000244140625,716.4500122070312,692.0,716.0,648590,713.710009765625,728.7,735.3966674804688,752.4125,766.17,774.8607401529948,-0.39157182657202305,-0.013150480609169806,0.015026899941976035,0.01566485314789623,-0.018996348100771887,Financial Services,8
2025-01-09,693.0999755859375,708.3499755859375,692.0499877929688,705.4000244140625,243903,706.4400024414062,725.6149963378906,730.0733317057292,746.0699981689453,760.127998046875,770.6204060872395,-0.5170462752848005,-0.017436983842383593,0.017746428021046645,0.02200259780287528,-0.0015149153512538094,Financial Services,8
