Price,Close,High,Low,Open,Volume,MA_5,MA_10,MA_15,MA_20,MA_25,MA_30,Normalised Close,Return Ratio,Percentage Change Open,Percentage Change High,Percentage Change Low,Sector,Sector Encoded
Ticker,CERA.NS,CERA.NS,CERA.NS,CERA.NS,CERA.NS,,,,,,,,,,,,,
Date,,,,,,,,,,,,,,,,,,
2023-01-10,5303.11865234375,5355.339283703299,5246.702593895586,5266.494945356147,5584,,,,,,,-2.2611569139331467,,-0.0069060696900337115,0.009847155001231123,-0.01063827950054086,Consumer Durables,5
2023-01-11,5292.5068359375,5336.534239003823,5265.902698859489,5303.118798866613,2606,,,,,,,-2.2713562235141094,-0.002001052041624608,0.0020050919645593357,0.008318818365498526,-0.005026755354827772,Consumer Durables,5
2023-01-12,5256.08056640625,5318.962325072615,5244.975024199445,5244.975024199445,6002,,,,,,,-2.30636651634296,-0.006882611711317242,-0.002112894212045524,0.011963621537361524,-0.002112894212045524,Consumer Durables,5
2023-01-13,5252.32861328125,5304.993654128579,5212.249852502797,5244.826106798711,6958,,,,,,,-2.3099726220264882,-0.0007138309768271551,-0.0014284152868058175,0.010026988927188896,-0.007630665125770819,Consumer Durables,5
2023-01-16,5297.04736328125,5304.993802428617,5236.583859299346,5252.674362248356,2457,5280.21640625,,,,,,-2.2669921973882468,0.008514080761611595,-0.008376931144789102,0.0015001638842142562,-0.0114145673684235,Consumer Durables,5
2023-01-17,5284.7080078125,5330.660079209286,5251.736502454225,5281.351280672055,3734,5276.53427734375,,,,,,-2.278851892433593,-0.002329478032287482,-0.0006351774091365447,0.008695290511576692,-0.006239040134200846,Consumer Durables,5
2023-01-18,5313.384765625,5348.083317529596,5281.302089381096,5311.1636572696525,2597,5280.70986328125,,,,,,-2.251289869165294,0.005426365613787274,-0.0004180213655364806,0.006530404522758992,-0.006038086391082165,Consumer Durables,5
2023-01-19,5331.44970703125,5355.339154682493,5287.27432875069,5330.660172402851,2397,5295.78369140625,,,,,,-2.2339271554779576,0.0033998933265893586,-0.00014809004525695446,0.00448085398231135,-0.008285809809347011,Consumer Durables,5
2023-01-20,5218.32177734375,5453.018905096047,5187.769003660401,5355.339297817929,20393,5288.98232421875,,,,,,-2.3426575304641513,-0.02121898093464223,0.026257008732015086,0.04497559517530636,-0.005854904121857629,Consumer Durables,5
2023-01-23,5334.70751953125,5384.855017756655,5192.556584328243,5244.382446121006,10156,5296.51435546875,5288.365380859375,,,,,-2.23079598198492,0.022303289669258975,-0.016931588672771447,0.009400233853834816,-0.026646434632558336,Consumer Durables,5
2023-01-24,5384.55908203125,5429.277204419201,5317.876183745994,5330.6109240125525,7798,5316.4845703125,5296.509423828125,,,,,-2.182882269613044,0.009344760198658531,-0.01001904839315948,0.00830488099521065,-0.012384096314920656,Consumer Durables,5
2023-01-25,5383.52197265625,5409.583361679273,5336.582744539062,5336.582744539062,3133,5330.51201171875,5305.6109375,,,,,-2.1838790640523746,-0.000192608040732792,-0.008719055732585357,0.004840955262260138,-0.008719055732585357,Consumer Durables,5
2023-01-27,5357.2646484375,5429.376446435136,5298.676644381415,5331.647670399304,9527,5335.675,5315.729345703125,,,,,-2.2091157029294863,-0.004877350617702511,-0.004781727190884211,0.013460562942073206,-0.010936178796612683,Consumer Durables,5
2023-01-30,5213.2373046875,5439.938818159243,5182.586201954771,5366.7902193636655,15885,5334.65810546875,5311.82021484375,,,,,-2.3475443574400208,-0.026884492964521927,0.029454426434434078,0.04348574603882005,-0.005879475830722014,Consumer Durables,5
2023-01-31,5199.466796875,5304.1548468577785,5162.84309078475,5230.95708184864,14128,5307.6099609375,5302.062158203125,5294.780240885417,,,,-2.3607795724955727,-0.0026414504093489476,0.0060564450555904425,0.020134381865021034,-0.007043742660740149,Consumer Durables,5
2023-02-01,5274.44091796875,5362.544879027792,5192.457536925069,5192.457536925069,8704,5285.586328125,5301.03544921875,5292.868391927083,,,,-2.288719875802613,0.014419578780426328,-0.015543520596540072,0.016703943115353503,-0.015543520596540072,Consumer Durables,5
2023-02-02,5561.6552734375,5725.523710674032,5231.944080443513,5231.944080443513,37668,5321.21298828125,5325.8625,5310.81162109375,,,,-2.012670233085729,0.05445399046755455,-0.059282925097621564,0.029463968761093362,-0.059282925097621564,Consumer Durables,5
2023-02-03,5579.86865234375,5694.921873361403,5522.218164913838,5590.97419421848,18372,5365.7337890625,5350.70439453125,5332.397493489583,,,,-1.995164852021012,0.003274812625161651,0.001990287328728746,0.020619342172028876,-0.010331871773665569,Consumer Durables,5
2023-02-06,5647.736328125,5666.294731304501,5540.086310616979,5579.869122066257,8646,5452.63359375,5393.645849609375,5358.7580078125,,,,-1.9299353560201487,0.01216295221442947,-0.012016709370933909,0.003285989660509081,-0.019060737126118554,Consumer Durables,5
2023-02-07,5707.0146484375,5725.474719975157,5616.936363175676,5676.017943116802,10441,5554.1431640625,5430.8765625,5386.08916015625,5359.6209716796875,,,-1.8729613265834373,0.010495943306931946,-0.005431334459459425,0.0032346283783784013,-0.015783783783783756,Consumer Durables,5
2023-02-08,5696.6494140625,5903.21249336633,5626.807895014729,5768.958831309838,20583,5638.58486328125,5462.085595703125,5413.551920572917,5379.297509765625,,,-1.8829236393697382,-0.00181622704925733,0.012693324091322511,0.03626045141446088,-0.01226010483905915,Consumer Durables,5
2023-02-09,5892.0576171875,5913.083916439748,5725.17805651589,5725.17805651589,22517,5704.66533203125,5512.93916015625,5452.130110677083,5409.275048828125,,,-1.6951114230598412,0.0343023045516236,-0.028322798505026836,0.00356858344204114,-0.028322798505026836,Consumer Durables,5
2023-02-10,5957.7041015625,5996.992849566629,5842.008836828858,5854.545952956786,20583,5780.232421875,5572.98310546875,5493.880403645833,5444.356225585938,,,-1.6320167754132686,0.011141521118786264,-0.017315084275276282,0.006594612175154113,-0.019419437884351964,Consumer Durables,5
2023-02-13,6027.54541015625,6065.007815697748,5936.627943890468,6016.686658055288,17020,5856.19423828125,5654.413916015625,5547.828645833333,5483.1170654296875,,,-1.5648903664539433,0.011722856221649718,-0.0018015214091403609,0.006215200880672622,-0.015083663428331673,Consumer Durables,5
2023-02-14,5851.8310546875,6071.029580306878,5825.424543911368,6066.093783900125,14107,5885.15751953125,5719.650341796875,5582.303548177083,5510.85625,5464.72828125,,-1.7337742823299853,-0.029151892439113952,0.03661464714381912,0.03745810902107194,-0.004512521043303019,Consumer Durables,5
2023-02-15,5944.525390625,5989.09553709396,5797.635796008647,5840.034481201231,17981,5934.73271484375,5786.6587890625,5619.634635416666,5543.847119140625,5490.38455078125,,-1.644683198161632,0.015840227626402328,-0.017577670639368437,0.007497679552223024,-0.02471006261458819,Consumer Durables,5
2023-02-16,6013.03369140625,6038.453041712625,5945.265306312104,5956.518825191104,27783,5958.9279296875,5831.796630859375,5661.602083333333,5578.829565429687,5519.205625,,-1.5788379797952314,0.01152460394723743,-0.009398727683152086,0.0042273753334700626,-0.011270248691770957,Consumer Durables,5
2023-02-17,5874.04248046875,6021.671966784289,5837.122335587874,6021.671966784289,13116,5942.19560546875,5861.214013671875,5696.053938802083,5605.959204101562,5543.9241015625,,-1.7124262680876616,-0.023114989549475575,0.025132519352117244,0.025132519352117244,-0.006285304371501543,Consumer Durables,5
2023-02-20,6353.357421875,6411.303867113375,5889.39253867406,5889.39253867406,165062,6007.3580078125,5931.776123046875,5772.061946614584,5662.710986328125,5587.96525390625,,-1.251743451213434,0.08159882108445367,-0.0730267246737103,0.009120602130593625,-0.0730267246737103,Consumer Durables,5
2023-02-21,6485.0439453125,6563.27631665629,6298.076077897562,6334.600970512328,76813,6134.0005859375,6009.579052734375,5857.76708984375,5720.227807617188,5635.4851171875,5576.273665364583,-1.1251758996499968,0.02072707620447973,-0.02319845109282792,0.012063506740048746,-0.02883062458660468,Consumer Durables,5
2023-02-22,6630.40380859375,6700.837725222106,6364.709963666695,6379.418541705459,92359,6271.17626953125,6102.9544921875,5948.164615885416,5782.520043945313,5689.31294921875,5620.51650390625,-0.9854665238471216,0.022414630418398102,-0.037853692495016134,0.010622869837439763,-0.040072045775354614,Consumer Durables,5
2023-02-23,6366.83203125,6638.44882257396,6317.819667264825,6618.95242594451,53969,6341.9359375,6150.43193359375,6001.84306640625,5831.685546875,5731.45083984375,5656.32734375,-1.2387926323114762,-0.03975199474308507,0.0395990334686136,0.042661215183751766,-0.007698077119768554,Consumer Durables,5
2023-02-24,6029.71728515625,6435.094175687331,5950.596559684163,6376.062239382882,88700,6373.0708984375,6157.633251953125,6031.832975260417,5865.308178710938,5759.38154296875,5682.115234375,-1.562802917458585,-0.052948584859645535,0.05743966720948124,0.06722983373184399,-0.013121796882063275,Consumer Durables,5
2023-02-27,6285.09521484375,6345.361096625669,5937.763122647067,6071.029626646627,68913,6359.41845703125,6183.388232421875,6074.323567708333,5918.90107421875,5802.05248046875,5716.540787760417,-1.3173521420857564,0.042353217839280886,-0.034059243476782464,0.009588698296819187,-0.05526282105899938,Consumer Durables,5
2023-02-28,6429.46728515625,6465.8933666516,6244.6217076134235,6317.819472758815,47517,6348.303125,6241.15185546875,6122.487076822917,5980.401098632812,5845.84287109375,5754.288118489583,-1.1785921613632793,0.022970546249089584,-0.017365017573881536,0.005665489826730763,-0.02874975007176417,Consumer Durables,5
2023-03-01,6478.87451171875,6542.891889203532,6378.184262367699,6475.469101315175,31404,6317.997265625,6294.586767578125,6174.635416666667,6040.622778320312,5889.61548828125,5794.093668619792,-1.1311055125223781,0.007684497699609851,-0.0005256175895080872,0.00988094110620441,-0.015541318043577723,Consumer Durables,5
2023-03-02,6361.60009765625,6511.253543145725,6319.300225473061,6511.253543145725,21440,6316.95087890625,6329.443408203125,6205.938248697917,6080.62001953125,5928.73861328125,5829.0341796875,-1.243821188063559,-0.018101047311593756,0.023524497483677242,0.023524497483677242,-0.006649250429742293,Consumer Durables,5
2023-03-03,6220.43603515625,6419.496601477006,6180.604063024379,6344.472498491883,32635,6355.09462890625,6364.082763671875,6223.4537109375,6112.648388671875,5963.26546875,5858.667057291666,-1.3794978639525146,-0.02219002457447897,0.01994015574384367,0.03200106314022344,-0.006403405148248664,Consumer Durables,5
2023-03-06,6128.28466796875,6383.366523596621,6072.559335101895,6253.160313989698,21896,6323.73251953125,6341.57548828125,6230.169661458333,6136.675805664063,5999.86736328125,5888.999153645834,-1.4680670858720282,-0.014814293831925123,0.020376932989690566,0.04162369560949575,-0.00909313713152382,Consumer Durables,5
2023-03-08,5966.2919921875,6169.745620160177,5921.62303389754,6128.284929592701,26539,6231.0974609375,6289.70029296875,6237.800390625,6149.639672851563,6030.54037109375,5910.051969401042,-1.623762716750867,-0.026433608188593378,0.027151359272613584,0.03410051473161002,-0.007486887726656843,Consumer Durables,5
2023-03-09,6081.5927734375,6115.452146188106,5945.463114065775,5999.658547750072,27298,6151.64111328125,6234.819189453125,6246.938216145833,6168.8868408203125,6062.8264453125,5933.28642578125,-1.5129439541681478,0.019325366810906915,-0.013472494581566075,0.0055675172626639124,-0.02238388271676084,Consumer Durables,5
2023-03-10,6215.84619140625,6276.358864025537,6032.5796807411,6081.542878693496,37811,6122.49033203125,6219.72060546875,6260.459049479166,6185.07626953125,6088.99408203125,5961.03056640625,-1.3839092894373097,0.02207537120129566,-0.021606601672099823,0.009735226830893673,-0.029483758931893478,Consumer Durables,5
2023-03-13,6095.7578125,6272.360996005309,6080.901257913058,6246.990809316284,23217,6097.5546875,6226.324658203125,6275.240071614583,6191.978955078125,6109.6296484375,5985.647005208333,-1.4993295442411367,-0.01931971532247352,0.024809548126430547,0.028971489507533477,-0.0024371956767175185,Consumer Durables,5
2023-03-14,6002.61962890625,6161.552273044651,5948.621823465862,6127.890045182008,20605,6072.4216796875,6198.077099609375,6251.857552083334,6190.732666015625,6123.82498046875,6011.959749348958,-1.5888472226398813,-0.015279180449518556,0.020869291079598895,0.026477213943899347,-0.008995706671193315,Consumer Durables,5
2023-03-15,5997.2392578125,6110.515782208037,5951.780766970728,5977.34809524684,15101,6078.6111328125,6154.854296875,6219.337239583333,6198.003076171875,6135.43396484375,6038.552164713542,-1.5940184457693447,-0.0008963371704980695,-0.0033167198623513805,0.01888811160034587,-0.007579902833216745,Consumer Durables,5
2023-03-16,5868.31640625,6071.029663867762,5807.112529963853,6028.779438848972,34022,6035.955859375,6093.798486328125,6168.531412760417,6194.192626953125,6142.30064453125,6058.348014322916,-1.7179297560302353,-0.02149703322150345,0.027343964007815247,0.03454368230756333,-0.010429546065539697,Consumer Durables,5
2023-03-17,6104.4453125,6215.155134835298,5811.308156974773,5922.955973477095,172926,6013.67568359375,6068.0830078125,6151.03896484375,6198.763208007813,6150.79615234375,6076.441015625,-1.4909797482597036,0.04023793025176913,-0.029730684727615087,0.01813593482582254,-0.04802027711264345,Consumer Durables,5
2023-03-20,6065.60009765625,6405.627298946057,5999.312449480832,6104.4449110969745,28497,6007.644140625,6052.5994140625,6153.43115234375,6208.341088867188,6155.1119921875,6092.632063802083,-1.5283149561791576,-0.00636343072223239,0.006404117122019715,0.05605829527422901,-0.010928456724509705,Consumer Durables,5
2023-03-21,6106.5673828125,6140.081633594173,6080.90124120999,6080.90124120999,7056,6028.43369140625,6050.427685546875,6141.529296875,6196.0015869140625,6158.27287109375,6107.926432291667,-1.488940167923861,0.006754036615780156,-0.0042030391205949424,0.005488230732702881,-0.0042030391205949424,Consumer Durables,5
2023-03-22,6170.78173828125,6318.806463055033,6106.567220818378,6158.886661927879,13663,6063.1421875,6070.87666015625,6124.28359375,6180.2884765625,6171.0308984375,6123.385335286458,-1.427221978888661,0.010515622188905548,-0.0019276449658847117,0.023988002015286503,-0.010406220830095014,Consumer Durables,5
2023-03-23,6245.4609375,6311.79775326789,6121.423985818383,6165.796989167777,12575,6138.57109375,6087.2634765625,6108.722688802083,6161.041333007813,6183.0683203125,6141.679052734375,-1.3554457397481285,0.01210206459830978,-0.012755495411698514,0.010621604463103784,-0.019860335837961096,Consumer Durables,5
2023-03-24,6162.8359375,6245.461369447404,6137.268606258321,6245.461369447404,7575,6150.24921875,6081.962451171875,6095.471744791666,6150.841528320312,6189.06041015625,6150.704996744792,-1.434858907283775,-0.013229608002812043,0.013407047142799833,0.013407047142799833,-0.0041486308415426,Consumer Durables,5
2023-03-27,6066.19287109375,6218.116594975116,6008.83881784625,6209.084183543766,9557,6150.3677734375,6079.00595703125,6085.1888671875,6152.665307617188,6196.74642578125,6154.3212890625,-1.5277452252708021,-0.015681589999530957,0.023555352671180696,0.025044327984575565,-0.009454703216048355,Consumer Durables,5
2023-03-28,6136.2314453125,6150.00251051218,6002.471358607138,6042.4021455610045,7143,6156.3005859375,6092.367138671875,6085.71865234375,6145.222119140625,6188.06138671875,6157.944156901041,-1.4604292188757475,0.011545721625913597,-0.015291030103366188,0.002244221933675572,-0.02179840964237778,Consumer Durables,5
2023-03-29,6380.70166015625,6544.866056367373,6156.714832889575,6166.93202788663,40152,6198.2845703125,6130.71337890625,6113.345963541667,6142.783837890625,6183.8876953125,6175.573177083334,-1.225462149237476,0.039840448819853776,-0.033502527410815386,0.025728267039381247,-0.035103792528859645,Consumer Durables,5
2023-03-31,6320.830078125,6479.417603148099,6273.446432361712,6384.0082724760505,17026,6213.3583984375,6175.96474609375,6129.2951171875,6134.881616210938,6171.50474609375,6188.116666666667,-1.2830063788831263,-0.009383228556996014,0.009995236949921438,0.02508966750616115,-0.007496427712441189,Consumer Durables,5
2023-04-03,6356.5654296875,6443.188656997369,6283.811597535517,6352.468815054606,14474,6252.104296875,6201.1767578125,6138.676399739584,6134.6298828125,6171.09408203125,6199.567724609375,-1.2486601463799125,0.00565358522865093,-0.0006444698285903439,0.013627363435182671,-0.011445462641223814,Consumer Durables,5
2023-04-05,6451.234375,6470.829584637223,6318.9058560088915,6337.563071452475,8195,6329.11259765625,6239.740185546875,6162.374837239583,6146.1697998046875,6187.954765625,6218.807454427083,-1.1576712106519305,0.014893096965597362,-0.017620085853341072,0.003037435705817604,-0.020512123928392967,Consumer Durables,5
2023-04-06,6444.71875,6515.2514758269535,6396.792358084645,6455.232382308737,16493,6390.81005859375,6273.555322265625,6191.848111979167,6161.99150390625,6194.33970703125,6221.85283203125,-1.1639335576380054,-0.0010099811324867575,0.0016313562649630242,0.010944267479004122,-0.007436537384250541,Consumer Durables,5
2023-04-10,6255.529296875,6454.047116610139,6204.690595971754,6454.047116610139,26784,6365.7755859375,6282.030078125,6209.067447916666,6176.453369140625,6187.3821875,6214.20234375,-1.3457687617165888,-0.02935573458888334,0.03173477579815831,0.03173477579815831,-0.008127002287183438,Consumer Durables,5
2023-04-11,6243.3876953125,6307.898650834526,6221.07779912283,6268.461444688983,12061,6350.287109375,6281.82275390625,6234.072200520834,6184.543115234375,6177.96271484375,6201.301806640625,-1.3574383900256222,-0.0019409391254174822,0.004016048754317714,0.010332684540871995,-0.003573363897683368,Consumer Durables,5
2023-04-12,6223.8916015625,6288.155770382985,6199.360595796283,6231.936853704129,4646,6323.75234375,6287.9283203125,6242.035286458334,6184.945385742188,6172.454375,6196.537125651042,-1.3761766237231643,-0.0031226786964771635,0.0012926401448909441,0.010325399755412024,-0.0039414256122422,Consumer Durables,5
2023-04-13,6413.82080078125,6441.214471522207,6213.378296506478,6249.754731322753,32163,6316.26962890625,6322.69111328125,6265.25,6200.84853515625,6180.189765625,6209.340576171875,-1.1936304292605955,0.03051614831644377,-0.02558008316018312,0.0042710377467389815,-0.031251653343722374,Consumer Durables,5
2023-04-17,6350.248046875,6405.676947327776,6328.678518927165,6393.831035266144,6711,6297.37548828125,6344.0927734375,6281.495377604167,6218.229956054687,6189.06830078125,6211.512337239584,-1.254731957329091,-0.009911838182087403,0.006863194645222004,0.008728619739515997,-0.0033966433733954027,Consumer Durables,5
2023-04-18,6250.939453125,6364.068004867498,6228.975158785384,6350.247774721223,18494,6296.45751953125,6331.116552734375,6286.839225260416,6230.914965820312,6200.45419921875,6205.561409505209,-1.3501801872013839,-0.01563853774166671,0.0158869434492086,0.01809784794603031,-0.003513758932448985,Consumer Durables,5
2023-04-19,6258.046875,6376.209547542047,6170.831259211668,6274.778935013265,16149,6299.38935546875,6324.838232421875,6287.678287760416,6250.4014892578125,6207.51236328125,6198.20048828125,-1.3433490479081203,0.001137016592193486,0.0026736872298140923,0.018881717395580866,-0.013936555211298551,Consumer Durables,5
2023-04-20,6203.26025390625,6287.217964680916,6184.553391227185,6287.217964680916,10806,6295.2630859375,6309.50771484375,6290.3732421875,6255.342236328125,6207.00892578125,6192.922493489584,-1.3960059812773178,-0.008754587843151942,0.013534449198999488,0.013534449198999488,-0.003015650144177817,Consumer Durables,5
2023-04-21,6146.54736328125,6260.51509693392,6120.091686924002,6203.309022863466,15200,6241.8083984375,6279.039013671875,6295.730208333333,6259.389599609375,6209.0405078125,6190.459537760416,-1.450514305448379,-0.009142432898778892,0.00923472255681368,0.018541748223319665,-0.004304152362884506,Consumer Durables,5
2023-04-24,6232.77587890625,6275.816121038496,6011.800171915583,6140.130881660907,15172,6218.31396484375,6257.8447265625,6302.16650390625,6265.700024414063,6218.2467578125,6193.942578125,-1.3676376996065849,0.014028772663514967,-0.01486416310249239,0.006905469243312368,-0.03545381885758503,Consumer Durables,5
2023-04-25,6141.90771484375,6247.78055278378,6026.607698124804,6214.167970466117,10618,6196.5076171875,6246.482568359375,6286.246907552083,6264.256323242187,6224.03349609375,6199.796435546875,-1.4549735995926898,-0.014579084155749536,0.011765115820240757,0.01723777739026544,-0.018772671631045346,Consumer Durables,5
2023-04-26,5982.3828125,6158.294305549499,5952.5704096834415,6119.400326638085,23164,6141.3748046875,6220.382080078125,6263.683756510417,6251.1024169921875,6228.59615234375,6196.489436848959,-1.608297385322576,-0.02597318451369931,0.022903501569941476,0.029404920842233118,-0.00498336595148452,Consumer Durables,5
2023-04-27,5987.6640625,6081.937778219363,5977.792469230956,6001.928707578323,8398,6098.25556640625,6196.759326171875,6239.09033203125,6242.343823242188,6223.92490234375,6188.883365885416,-1.6032214302115606,0.0008828004100581786,0.0023823389103709847,0.015744656803608592,-0.0016486551626816448,Consumer Durables,5
2023-04-28,6161.1572265625,6193.338716564086,5992.057029073753,5992.057029073753,23323,6101.1775390625,6171.49296875,6219.75185546875,6247.092041015625,6227.7471875,6191.063346354166,-1.4364723626898095,0.028975099847211912,-0.027446174682851376,0.005223286603179389,-0.027446174682851376,Consumer Durables,5
2023-05-02,6265.99365234375,6510.957136064216,6219.103585626723,6252.667001803121,42075,6107.82109375,6163.067529296875,6207.836848958334,6253.580151367188,6234.12423828125,6199.84248046875,-1.3357111809118396,0.01701570369431093,-0.0021268215833005755,0.039094116162859294,-0.0074832611264278315,Consumer Durables,5
2023-05-03,6308.1455078125,6392.794417199049,6239.685914431132,6265.993613190974,25365,6141.06865234375,6168.788134765625,6211.344596354166,6249.95234375,6239.6187890625,6210.206022135417,-1.2951978694409991,0.006727082376309685,-0.006682137336451954,0.013418984911130138,-0.010852570426059804,Consumer Durables,5
2023-05-04,6365.8447265625,6386.920674029773,6293.189705645759,6308.095907485105,10379,6217.76103515625,6179.567919921875,6219.5083984375,6252.203076171875,6244.434140625,6226.790299479167,-1.2397415580912907,0.009146779933744518,-0.009071666300063619,0.0033107856651499734,-0.011413256847685349,Consumer Durables,5
2023-05-05,6387.61181640625,6531.391470723,6352.419202076704,6367.177426280151,31472,6297.7505859375,6198.003076171875,6230.423079427083,6253.755395507813,6253.42517578125,6236.229182942709,-1.218820607379942,0.003419356075859556,-0.003199065740597251,0.022509140888533397,-0.0055095104932888495,Consumer Durables,5
2023-05-08,6632.97021484375,6690.965824490968,6392.251319931275,6392.251319931275,46905,6392.11318359375,6246.645361328125,6245.033040364583,6262.8421875,6276.09626953125,6255.141520182292,-0.9829998799803044,0.03841160131354721,-0.03629126727778398,0.008743535364809985,-0.03629126727778398,Consumer Durables,5
2023-05-09,6491.36181640625,6732.426305973058,6436.476145913864,6613.96719208497,21346,6437.18681640625,6272.503955078125,6254.440625,6265.174340820313,6290.301484375,6267.968001302083,-1.1191036194002348,-0.021349168449542905,0.018887466011961784,0.03713619674650426,-0.008455185836917734,Consumer Durables,5
2023-05-10,6641.80517578125,6673.19664768029,6456.0216088504585,6525.517524873732,51951,6503.91875,6322.493701171875,6280.49833984375,6284.488134765625,6300.745625,6283.668782552083,-0.9745083552226573,0.02317593189687407,-0.017508440526312063,0.004726346387501135,-0.027971848317417503,Consumer Durables,5
2023-05-11,6730.5009765625,6860.756833273582,6622.900617594612,6712.682944785663,33118,6576.85,6397.305517578125,6311.995279947917,6308.843798828125,6317.1324609375,6299.836783854166,-0.8892603735324943,0.013354170806555923,-0.0026473559455506557,0.01935307002623876,-0.015986976206166847,Consumer Durables,5
2023-05-12,7108.6328125,7263.518007672032,6744.272224573977,6752.169498841628,177523,6721.05419921875,6509.402392578125,6372.353450520834,6353.080859375,6347.21515625,6331.363346354166,-0.5258274314705732,0.056181826175237405,-0.050145129599542315,0.02178832403604769,-0.051256070968431766,Consumer Durables,5
2023-05-15,7062.28564453125,7176.549334069917,7016.975128840007,7058.189029818316,27678,6806.91728515625,6599.515234375,6433.402669270833,6385.5041015625,6371.65720703125,6364.566438802083,-0.5703729735547497,-0.0065198427308345375,-0.0005800692465768309,0.016179420557301816,-0.006415842968109042,Consumer Durables,5
2023-05-16,7343.42919921875,7378.0289414419585,7042.14797444629,7107.547281025168,48431,6977.33076171875,6707.2587890625,6507.446223958334,6435.163159179688,6407.605625,6404.806363932292,-0.3001581449923824,0.039809145202899895,-0.0321214941676945,0.004711660082034941,-0.04102732069705417,Consumer Durables,5
2023-05-17,7258.8291015625,7398.46297694496,7206.262868990752,7391.848816849692,36606,7100.735546875,6802.3271484375,6581.907649739584,6485.557641601563,6447.7376171875,6434.077278645834,-0.38146963338824114,-0.011520516554479807,0.018325230340325627,0.019236418632917474,-0.007241695848774321,Consumer Durables,5
2023-05-18,7314.751953125,7431.779982985758,7250.636242707446,7256.608363955659,30345,7217.5857421875,6897.21787109375,6670.732259114583,6538.392895507813,6490.5921875,6467.2080078125,-0.32772063756126507,0.007704114641638597,-0.007948812145913031,0.015998906129791823,-0.008765261054431539,Consumer Durables,5
2023-05-19,7400.83203125,7428.373679119811,7315.88668488859,7334.593546293713,20200,7276.0255859375,6998.539892578125,6764.94345703125,6598.271484375,6537.6698046875,6502.01689453125,-0.24498669909685172,0.011768010545897592,-0.008950140291874575,0.00372142588205171,-0.011477810333044736,Consumer Durables,5
2023-05-22,7387.15966796875,7423.2897939501045,7335.087016048081,7398.758789486625,15062,7341.000390625,7073.958837890625,6846.676953125,6660.302099609375,6576.603359375,6533.214404296875,-0.25812758473512254,-0.001847408943145645,0.0015701733872315327,0.004890936111482391,-0.007049076270337018,Consumer Durables,5
2023-05-23,7591.30419921875,7746.732624157562,7387.159848324572,7387.900217801235,58266,7390.575390625,7183.953076171875,6935.030989583333,6728.228515625,6626.24560546875,6571.433919270833,-0.06191864238544331,0.027635050604792693,-0.02679433942832221,0.020474535186563614,-0.02689186805545052,Consumer Durables,5
2023-05-24,7501.32470703125,7704.580710462762,7453.052713672126,7591.304180807943,35568,7439.07451171875,7269.905029296875,7014.57626953125,6796.199365234375,6676.261015625,6612.960432942708,-0.1484004153095985,-0.011852968847798266,0.01199514449659178,0.027096014553401826,-0.006435129159770625,Consumer Durables,5
2023-05-25,7588.88623046875,7604.2363653847715,7502.410975974969,7537.948712176956,20225,7493.9013671875,7355.7435546875,7096.112369791666,6876.5245361328125,6729.49458984375,6657.810384114583,-0.06424261887488002,0.011672808051546624,-0.006712120427801893,0.002022712483735978,-0.011394986282254438,Consumer Durables,5
2023-05-26,7484.29638671875,7632.715887371718,7453.052890540153,7581.3836025627,13176,7510.59423828125,7393.309912109375,7169.224674479166,6951.35615234375,6780.73603515625,6699.823876953125,-0.16476680385818807,-0.013781975453799852,0.012972123340309727,0.019830788758759654,-0.004174540205815425,Consumer Durables,5
2023-05-29,7480.5947265625,7570.969454075787,7412.1847765528955,7491.552291727223,13409,7529.28125,7435.1408203125,7225.732975260416,7017.32802734375,6834.0979296875,6735.3830078125,-0.1683245715816169,-0.0004945902680736665,0.001464798664444933,0.012081222257954938,-0.00914498813399034,Consumer Durables,5
2023-05-30,7407.05126953125,7506.90234002187,7365.294622399381,7487.850357630848,8511,7492.4306640625,7441.50302734375,7286.778938802084,7074.380908203125,6881.0689453125,6770.609781901042,-0.23900921756495447,-0.009831231301718287,0.01090840135425597,0.013480542642030136,-0.005637418402061556,Consumer Durables,5
2023-05-31,7424.671875,7482.667483795912,7285.235624065149,7407.050985116754,28836,7477.10009765625,7458.0873046875,7338.970052083333,7130.2072265625,6932.37951171875,6809.734195963541,-0.22207356740859294,0.00237889611230747,-0.0023732887028419247,0.007811201595479433,-0.01878012298487619,Consumer Durables,5
2023-06-01,7523.63427734375,7678.07553590837,7443.1807978969855,7443.1807978969855,29401,7464.04970703125,7478.975537109375,7391.84560546875,7188.096704101563,6994.0295703125,6851.920442708333,-0.1269580716499937,0.013328858703772683,-0.0106934330512366,0.02052748085186651,-0.0106934330512366,Consumer Durables,5
2023-06-02,7493.7236328125,7596.0425946035075,7443.180885454208,7507.3462379150205,10873,7465.93515625,7488.264697265625,7417.518326822917,7243.402294921875,7054.271953125,6894.935888671875,-0.15570601749276916,-0.003975558012079512,0.0018178686284708867,0.013653954536432034,-0.006744677257242593,Consumer Durables,5
2023-06-05,7486.2216796875,7591.699751744353,7425.363402677477,7531.236242068709,6058,7467.060546875,7498.1708984375,7445.780729166667,7286.064868164062,7107.27453125,6939.59169921875,-0.16291635165749158,-0.0010010981846396718,0.006012988167762634,0.014089627126999016,-0.008129371479227099,Consumer Durables,5
2023-06-06,7598.1162109375,7749.101941514272,7465.343280823769,7522.154107558582,37894,7505.27353515625,7498.852099609375,7462.75986328125,7341.402587890625,7160.55943359375,6985.103043619792,-0.055371429945190606,0.014946729610426238,-0.009997491650571289,0.019871468977985307,-0.017474453723490546,Consumer Durables,5
2023-06-07,7642.982421875,7724.423067896631,7562.676912698664,7625.805945661809,14025,7548.93564453125,7513.01787109375,7488.370084635417,7391.461450195313,7213.95291015625,7035.1388671875,-0.012249276530735691,0.005904912440390819,-0.002247352573261141,0.010655610797761339,-0.010507090654362061,Consumer Durables,5
2023-06-08,7875.0634765625,8090.757788017079,7628.816391344468,7669.240758309503,133203,7619.221484375,7541.635595703125,7525.724186197916,7448.6895751953125,7274.32166015625,7098.22822265625,0.21081022940267363,0.030365247736702915,-0.026136007521153304,0.027389533061736193,-0.031269219092760925,Consumer Durables,5
2023-06-09,7785.97216796875,8031.82399816748,7729.506463356179,7896.287219446833,25774,7677.67119140625,7571.803173828125,7551.4001953125,7482.55654296875,7330.25607421875,7158.171826171875,0.12518211423988465,-0.011313090854302389,0.014168436400519901,0.031576253407398,-0.007252235609686575,Consumer Durables,5
2023-06-12,7740.7607421875,7881.184157263758,7659.023660233289,7847.867529785208,13163,7728.57900390625,7597.819775390625,7574.973600260417,7516.480297851563,7374.5676953125,7210.825276692708,0.08172816531290313,-0.005806779783679219,0.013836726281174272,0.018140777082922055,-0.010559308661839961,Consumer Durables,5
2023-06-13,7733.751953125,7837.008917578005,7696.7334774854,7837.008917578005,11108,7755.70615234375,7630.48984375,7584.4701171875,7535.996435546875,7424.26330078125,7259.750553385416,0.07499182473750442,-0.0009054393096406894,0.013351470939183763,0.013351470939183763,-0.004786612741651486,Consumer Durables,5
2023-06-14,7863.365234375,7944.01634047909,7701.027179737148,7746.485671846235,27815,7799.78271484375,7674.3591796875,7608.60615234375,7566.2232421875,7473.125703125,7311.5912109375,0.1995667260234482,0.016759430873345606,-0.014863809456264532,0.01025656365947758,-0.020644857487756685,Consumer Durables,5
2023-06-15,7793.080078125,7936.7117590291955,7764.452457876054,7863.365532425925,12867,7783.38603515625,7701.303759765625,7622.219075520833,7590.1396484375,7515.6288671875,7359.16572265625,0.13201372283373158,-0.00893830493116939,0.009018957022938201,0.018430669191680238,-0.0036734667117438446,Consumer Durables,5
2023-06-16,7745.15283203125,7865.0926835211585,7675.064523753196,7814.352793367207,13755,7775.22216796875,7726.4466796875,7639.609505208334,7607.355688476562,7541.08966796875,7404.41708984375,0.08594952406138517,-0.006149974799858749,0.008934615344163399,0.015485795321414253,-0.009049312492349193,Consumer Durables,5
2023-06-19,7810.75,7860.7495222467005,7736.565074853005,7745.153071574038,11211,7789.22001953125,7758.89951171875,7661.619856770833,7628.535205078125,7571.0282421875,7443.676416015625,0.14899677234902547,0.008469447845814352,-0.008398288055047387,0.006401372755074908,-0.00949779792555061,Consumer Durables,5
2023-06-20,7983.6572265625,8062.536029488941,7799.474098776764,7859.428120370009,23591,7839.20107421875,7797.45361328125,7700.06025390625,7648.152856445313,7596.63736328125,7493.419596354167,0.3151826791705901,0.022137083706750313,-0.015560425838319625,0.009880033759966711,-0.023070019485924242,Consumer Durables,5
2023-06-21,7905.22607421875,8046.840335726064,7858.087290813972,7971.3391177612275,15495,7847.5732421875,7823.677978515625,7732.097200520833,7668.347924804688,7622.4932421875,7535.533626302084,0.2398003343465293,-0.009823962892945978,0.0083632071899995,0.017914005264082045,-0.005962989921124651,Consumer Durables,5
2023-06-22,7717.86376953125,8028.362335400021,7669.632108166503,7904.28214090539,21867,7832.52998046875,7807.9580078125,7745.045833333334,7674.796801757812,7638.61771484375,7568.445719401042,0.05972125305136128,-0.023701068499298605,0.02415414121587456,0.04023115400074362,-0.006249353811498604,Consumer Durables,5
2023-06-23,7613.65185546875,7883.816762437882,7532.38841605857,7717.018783532124,26726,7806.22978515625,7790.7259765625,7753.041048177083,7681.264575195312,7647.1305078125,7585.2796875,-0.04043969328032641,-0.013502688979029412,0.013576524120830102,0.035484273788415566,-0.010673385249656442,Consumer Durables,5
2023-06-26,7582.65673828125,7772.651576471455,7503.430132552262,7503.430132552262,19103,7760.6111328125,7774.915576171875,7759.470052083333,7686.36767578125,7654.950390625,7602.625390625,-0.07022995571903055,-0.004070992182974162,-0.010448396711539187,0.02505649995086956,-0.010448396711539187,Consumer Durables,5
2023-06-27,7561.248046875,7757.749695561986,7542.571139837633,7639.48121226436,19740,7676.129296875,7757.665185546875,7757.012174479167,7694.0775146484375,7653.74814453125,7609.886018880208,-0.09080643980209843,-0.00282337604683694,0.01034659422682127,0.02598799133010843,-0.002470082573879484,Consumer Durables,5
2023-06-28,7719.94970703125,7738.477210684747,7524.093207878206,7635.308677773529,24956,7639.0740234375,7743.3236328125,7762.143326822917,7708.84140625,7662.49314453125,7625.256705729166,0.06172610514402557,0.02098881813853998,-0.010963935319504903,0.0023999513412142903,-0.02537017812106468,Consumer Durables,5
2023-06-30,7610.62158203125,7830.221126709756,7571.529738214564,7738.874398539713,14877,7617.6255859375,7725.077783203125,7744.5138671875,7713.190771484375,7663.36255859375,7635.119026692709,-0.0433521727014581,-0.014161766481512838,0.016851818885762038,0.028854350766431835,-0.005136485028894744,Consumer Durables,5
2023-07-03,7589.0146484375,7728.9403558803115,7560.105532867391,7714.038799924244,12596,7612.69814453125,7709.46396484375,7731.383365885416,7717.955322265625,7667.5512890625,7641.391780598959,-0.06411919282142245,-0.0028390497886222822,0.01647435896206706,0.01843792823243806,-0.0038093371681738875,Consumer Durables,5
2023-07-04,7625.37451171875,7723.973139903369,7589.064581213931,7627.609745103288,14338,7621.24169921875,7690.926416015625,7723.690950520833,7724.9129638671875,7673.34248046875,7649.332275390625,-0.0291727248719265,0.004791117815108727,0.0002931309644009783,0.01293033254079412,-0.004761724220760266,Consumer Durables,5
2023-07-05,7575.9013671875,7689.103226520295,7554.095230192242,7665.459619067724,7407,7624.17236328125,7650.150830078125,7713.167578125,7723.802221679687,7680.096484375,7648.81884765625,-0.07672272929159855,-0.006487962585341768,0.011821464871244913,0.014942361818897298,-0.0028783554508383657,Consumer Durables,5
2023-07-06,7488.0810546875,7639.48124537763,7465.033606750643,7589.858871942052,17032,7577.7986328125,7608.436328125,7688.1486328125,7716.057153320313,7682.6328515625,7648.377392578125,-0.1611292550355661,-0.011592061227244129,0.013591975902937037,0.02021882369921113,-0.0030778844097085756,Consumer Durables,5
2023-07-07,7543.31640625,7620.655577270091,7341.499767439183,7488.528450197099,23431,7564.33759765625,7590.981591796875,7671.497721354167,7699.469799804688,7683.42013671875,7646.8583984375,-0.10804103443014233,0.007376436120162315,-0.007263112549210637,0.01025267493168025,-0.026754364783585394,Consumer Durables,5
2023-07-10,7465.927734375,7643.504605739164,7413.523930378024,7599.693935145313,8519,7539.72021484375,7576.2091796875,7652.88271484375,7683.467578125,7682.30830078125,7646.246110026042,-0.18242142250845447,-0.01025923714546559,0.017916889304248063,0.023784970559861618,-0.0070190612421409115,Consumer Durables,5
2023-07-11,7221.54248046875,7528.216700529722,7192.484445932352,7465.928001697944,20796,7458.95380859375,7540.09775390625,7613.602213541667,7657.506665039063,7671.7211328125,7637.61103515625,-0.4173068338451989,-0.032733407367585295,0.033841180314337915,0.04246658118960012,-0.004023798878838969,Consumer Durables,5
2023-07-12,7093.8359375,7289.840867923027,6938.164162111531,7225.0191022331965,71234,7362.54072265625,7493.35654296875,7554.280794270833,7625.5108642578125,7651.549921875,7627.170524088541,-0.5400491163526188,-0.01768410880558312,0.018492556902778956,0.027630316256243015,-0.021944654029217636,Consumer Durables,5
2023-07-13,7121.5029296875,7234.208556390865,7083.1566478399345,7093.836096065862,37188,7289.22509765625,7433.511865234375,7502.032584635416,7588.417749023438,7630.6907421875,7617.064892578125,-0.5134576066909745,0.0039001454828190407,-0.003884971177404606,0.015826101290154382,-0.005384577135777224,Consumer Durables,5
2023-07-14,6984.16015625,7172.466436285906,6962.1061452354625,7142.6633253932805,24332,7177.39384765625,7370.86572265625,7453.119010416666,7547.971752929688,7595.054609375,7599.082421875,-0.6454615362135465,-0.01928564444802198,0.02269466415391963,0.026961907491109605,-0.003157718397222342,Consumer Durables,5
2023-07-17,7120.41064453125,7151.703911898412,7014.857956983282,7078.23904733435,19711,7108.2904296875,7324.005322265625,7420.236263020834,7516.734643554688,7568.4321484375,7586.638655598958,-0.5145074320962391,0.01950849998182271,-0.00592263554761252,0.0043948683481052075,-0.014823960697974203,Consumer Durables,5
2023-07-18,7348.3544921875,7395.145474729404,7120.559568357422,7120.559568357422,25386,7133.65283203125,7296.3033203125,7404.61611328125,7493.6148681640625,7552.7358984375,7582.043082682291,-0.2954243100067306,0.03201273901685989,-0.03099944675672095,0.006367545631018601,-0.03099944675672095,Consumer Durables,5
2023-07-19,7637.44482421875,7796.494197615101,7332.310722355716,7348.354634169566,69615,7242.374609375,7302.457666015625,7409.6958984375,7476.304248046875,7548.88361328125,7583.354036458333,-0.017571614448082546,0.039340825532927164,-0.03785168949862172,0.020824945653551197,-0.03995238052593675,Consumer Durables,5
2023-07-20,7678.2255859375,7793.215926037153,7599.942454288006,7669.1352487451595,40664,7353.719140625,7321.472119140625,7406.914290364583,7464.9542236328125,7541.47802734375,7584.52880859375,0.0216239009843213,0.00533958184410472,-0.0011839111902350874,0.0149761606783545,-0.01019547169763646,Consumer Durables,5
2023-07-21,7550.86669921875,7778.5127034599955,7510.6819762950845,7706.091239132959,35508,7467.06044921875,7322.2271484375,7402.930631510417,7456.6043701171875,7531.7894921875,7573.722249348958,-0.10078423950765451,-0.016587020698116108,0.020557181857053575,0.030148327776041706,-0.0053218689356313575,Consumer Durables,5
2023-07-24,7610.7705078125,7718.9561876328935,7556.131471570552,7569.990112066224,33276,7565.132421875,7336.71142578125,7404.381022135417,7456.460302734375,7526.41419921875,7567.882194010416,-0.043209036023494005,0.007933368576079874,-0.005358247986115727,0.014214813034940432,-0.007179172750756413,Consumer Durables,5
2023-07-25,7796.24560546875,7846.960372816711,7631.5834145087365,7631.5834145087365,56039,7654.71064453125,7394.18173828125,7415.772428385417,7467.13974609375,7525.8340234375,7569.731689453125,0.1350561985164897,0.02437008151354173,-0.021120703386320883,0.006505024330222042,-0.021120703386320883,Consumer Durables,5
2023-07-26,7741.3583984375,7896.731859781561,7699.137322796359,7826.297268256737,18383,7675.493359375,7458.933984375,7426.802897135417,7476.145263671875,7516.1420703125,7569.985237630209,0.08230258922709346,-0.007040210097120189,0.010972088546679526,0.0200705681544755,-0.005453962143086355,Consumer Durables,5
2023-07-27,7695.51123046875,7778.214865323875,7585.388635871544,7741.358253556284,37240,7678.95048828125,7516.334814453125,7440.631575520833,7474.92333984375,7507.7534765625,7564.390104166667,0.03823761094040948,-0.005922367317085293,0.005957631886236658,0.010746996837283085,-0.014309977764855875,Consumer Durables,5
2023-07-28,7622.1953125,7695.163458509441,7571.480544672051,7675.294717330744,7517,7693.2162109375,7580.138330078125,7445.890169270833,7475.502026367188,7503.92673828125,7558.6939453125,-0.03222834097102229,-0.00952710167954419,0.006966418814231101,0.009573114177457098,-0.006653564458625083,Consumer Durables,5
2023-07-31,7521.95751953125,7695.163365682495,7471.689507940193,7662.28050241308,14043,7675.45361328125,7620.293017578125,7449.62548828125,7472.149169921875,7500.25896484375,7551.2541015625,-0.12856964985369437,-0.013150777283857485,0.018655115043852977,0.023026698263251877,-0.006682836410672799,Consumer Durables,5
2023-08-01,7631.98046875,7711.306511846814,7525.334907591311,7573.914365951763,11060,7642.6005859375,7648.655615234375,7476.988020833333,7472.479467773437,7502.2319140625,7545.2951171875,-0.022823557277906078,0.014626903825642234,-0.007608261451401144,0.010393900170686088,-0.013973510754562435,Consumer Durables,5
2023-08-02,7693.1767578125,7722.632070258567,7601.780546330223,7601.780546330223,11748,7632.9642578125,7654.22880859375,7516.944075520833,7478.343237304687,7507.5090625,7535.612434895834,0.03599388485074937,0.008018402210681104,-0.011880165289256284,0.0038287580505875773,-0.011880165289256284,Consumer Durables,5
2023-08-03,7711.25732421875,7788.546533286247,7466.225685846806,7688.209390446717,35999,7636.1134765625,7657.531982421875,7556.26103515625,7489.50205078125,7507.1613671875,7529.146809895833,0.05337161615675737,0.0023502081097888463,-0.0029888684559450374,0.01002290622889146,-0.03177583473999401,Consumer Durables,5
2023-08-04,7865.140625,7979.6837236998235,7761.823171019324,7788.497053028711,34504,7684.7025390625,7688.959375,7614.99306640625,7505.59326171875,7517.34212890625,7534.056038411459,0.20127310294501358,0.019955669265237543,-0.009744717307109685,0.014563388521718013,-0.013136122913336434,Consumer Durables,5
2023-08-07,7877.658203125,7977.150829618847,7779.655247173663,7946.503198701776,12175,7755.84267578125,7715.64814453125,7665.476236979167,7526.17978515625,7528.88787109375,7542.85625,0.2133040927033333,0.0015915262958187731,0.008739271722840947,0.012629721159313378,-0.012440620476839137,Consumer Durables,5
2023-08-08,8321.326171875,8414.013650198358,7868.021061563323,7877.657594520398,73828,7893.71181640625,7768.156201171875,7730.341015625,7581.168969726563,7556.7259375,7567.478564453125,0.6397256204799586,0.05631977896349967,-0.053317051656278536,0.011138546477919453,-0.05447510420199475,Consumer Durables,5
2023-08-09,8226.404296875,8564.421271425821,8169.977263412703,8345.815630776393,33324,8000.35732421875,7816.660791015625,7769.60498046875,7637.797387695313,7582.7460546875,7589.650439453125,0.5484935870497295,-0.011407060970740889,0.014515616980647739,0.04108927331461509,-0.006859258483531194,Consumer Durables,5
2023-08-10,8341.294921875,8474.017718716424,8264.40250902719,8264.40250902719,24147,8126.36484375,7881.23916015625,7813.809602864583,7698.7869873046875,7616.874609375,7610.361946614584,0.658918137142318,0.01396608054428397,-0.009218282481076256,0.015911533890662355,-0.009218282481076256,Consumer Durables,5
2023-08-11,8369.111328125,8473.96841291819,8259.534447272128,8444.16530193083,35213,8227.158984375,7955.93076171875,7868.359244791666,7768.0345458984375,7649.90640625,7635.644938151042,0.6856532527825098,0.0033347827298434956,0.008967974120932753,0.012529058424735062,-0.013093012693549788,Consumer Durables,5
2023-08-14,8398.8642578125,8471.435611493633,8258.44231681316,8413.418498868117,10181,8331.4001953125,8043.621435546875,7920.898828125,7831.9572265625,7687.2238671875,7662.639925130208,0.7142496145368183,0.0035550882908574944,0.0017328820431976588,0.008640615141937591,-0.01671915829199433,Consumer Durables,5
2023-08-16,8218.4560546875,8378.647773138844,8195.855362626922,8374.674025084238,9871,8310.826171875,8102.268994140625,7949.04619140625,7875.4623046875,7727.10041015625,7682.409309895834,0.5408543121516983,-0.02148007130335354,0.01900818953794081,0.019491704693118894,-0.0027499924450757884,Consumer Durables,5
2023-08-17,8230.8251953125,8369.707506855515,8195.856015615193,8255.462241183302,7353,8311.7103515625,8156.033837890625,7981.677311197916,7905.131323242187,7772.57998046875,7704.240104166666,0.5527426345326374,0.001505044322521516,0.0029932655944184816,0.016873437139949043,-0.004248563038032005,Consumer Durables,5
2023-08-18,8389.2783203125,8442.774519116307,8186.020511245284,8255.462151337753,11654,8321.30703125,8223.8359375,8027.928450520833,7940.6839599609375,7823.29099609375,7734.280013020833,0.7050363054817655,0.019251183355253363,-0.01595085582638789,0.006376734298381592,-0.024228282971024973,Consumer Durables,5
2023-08-21,8509.6328125,8685.074386813389,8390.321404605635,8442.476852463053,26308,8349.411328125,8288.28515625,8087.090950520834,7988.622265625,7884.30990234375,7766.490559895833,0.820712329103594,0.01434622712374344,-0.007891757672352284,0.020616820746446107,-0.014020746902158487,Consumer Durables,5
2023-08-22,8519.865234375,8583.29579964787,8464.13283580612,8583.29579964787,13505,8373.6115234375,8352.505859375,8153.618131510417,8034.077001953125,7940.2880859375,7801.621809895833,0.8305469921311861,0.0012024516333970785,0.007445019789391605,0.007445019789391605,-0.0065414648043982115,Consumer Durables,5
2023-08-23,8799.41796875,8837.814698010821,8533.624085473517,8533.624085473517,26761,8489.80390625,8400.3150390625,8231.447298177083,8084.235620117188,7998.330625,7854.217659505209,1.0992328393925468,0.03281187280370256,-0.030205848184552186,0.004363553293772693,-0.030205848184552186,Consumer Durables,5
2023-08-24,8772.1982421875,8901.195650466916,8717.409802773125,8901.195650466916,8373,8598.078515625,8454.89443359375,8303.382063802082,8135.777612304688,8043.72076171875,7910.163069661458,1.0730712090653782,-0.0030933553399971857,0.01470525456880778,0.01470525456880778,-0.006245690977534579,Consumer Durables,5
2023-08-25,9276.267578125,9382.41690495784,8702.756585081384,8764.101320577378,65854,8775.4763671875,8548.39169921875,8407.716080729168,8214.8154296875,8107.64244140625,7981.988557942708,1.5575461576207392,0.057462145977654235,-0.0552125359940453,0.011443107471711844,-0.061825619864184445,Consumer Durables,5
2023-08-28,9274.62890625,9432.38650832773,9158.495732514419,9275.721298892193,41573,8928.4755859375,8638.94345703125,8501.681966145834,8297.437109375,8176.5929296875,8058.337516276041,1.5559711848625508,-0.00017665207058755657,0.00011778289495301131,0.01700958643977879,-0.0125215978891966,Consumer Durables,5
2023-08-29,9182.2392578125,9298.371461304458,9145.58104436154,9274.727854677312,21632,9060.950390625,8717.28095703125,8588.654036458332,8380.451196289063,8239.4516796875,8127.06513671875,1.4671729442582946,-0.009961546642069996,0.010072553575220855,0.012647481755950762,-0.0039922956069534665,Consumer Durables,5
2023-08-30,9259.529296875,9371.58880681514,9109.867610912888,9199.227471363565,53341,9152.97265625,8821.38828125,8651.200911458332,8461.828637695313,8297.98302734375,8190.770963541667,1.541458533618742,0.008417341009355591,-0.006512407226983541,0.012102074127888773,-0.01616299070543692,Consumer Durables,5
2023-08-31,9444.8046875,9578.67032675183,9189.39144602658,9259.826519230439,28301,9287.4939453125,8942.78623046875,8732.427604166667,8549.410034179688,8366.12087890625,8251.016292317709,1.7195318242200788,0.020009158639146877,-0.019585176654248415,0.01417346823794019,-0.02704272347859704,Consumer Durables,5
2023-09-01,9483.6474609375,9676.076402311883,9365.130620594879,9457.520261807918,23178,9328.969921875,9052.22314453125,8808.584440104167,8638.029541015625,8437.646328125,8311.197021484375,1.7568646856366155,0.00411260737756786,-0.002754973678344541,0.020290604661021394,-0.012496968158167476,Consumer Durables,5
2023-09-04,9212.4892578125,9631.372386111494,9139.62103684639,9511.16650073558,22230,9316.5419921875,9122.5087890625,8864.809635416666,8705.39697265625,8501.2580859375,8366.584440104167,1.4962470540065949,-0.028592185047143753,0.03242090542138665,0.04546904930649087,-0.007909721132571712,Consumer Durables,5
2023-09-05,9238.2197265625,9348.193404877446,9189.292950582372,9204.592269610104,12543,9327.7380859375,9194.34423828125,8920.766666666666,8773.425048828125,8569.90857421875,8420.832747395832,1.5209773175541224,0.0027929985077789587,-0.0036400364948786512,0.011904206824475017,-0.005296126031669179,Consumer Durables,5
2023-09-06,8980.8701171875,9284.414624050667,8921.065010724125,9224.063321221993,30239,9272.00625,9212.489453125,8971.594270833333,8806.40224609375,8623.86416015625,8460.320231119791,1.273631506425166,-0.027857056553336455,0.027079024733814183,0.033799008659778584,-0.006659166170204345,Consumer Durables,5
2023-09-07,8960.9013671875,9139.522129296372,8916.09774319115,9020.408636008427,16708,9175.2255859375,9231.359765625,9020.266015625,8843.127099609375,8674.57314453125,8500.971663411457,1.2544389897628065,-0.002223476093010632,0.006640768197586411,0.019933347638769305,-0.004999901478707103,Consumer Durables,5
2023-09-08,9023.0908203125,9227.638925279554,8960.802123714544,9040.32656493923,22318,9083.1142578125,9206.04208984375,9062.520182291666,8877.21689453125,8727.046484375,8545.22431640625,1.3142109892782783,0.006940089013000597,0.0019101818844524665,0.022669405533033427,-0.006903254975305528,Consumer Durables,5
2023-09-11,9040.6748046875,9189.292597445381,9020.358823238692,9184.424367899986,15864,9048.7513671875,9182.6466796875,9097.922981770833,8910.795068359375,8774.0678515625,8592.506966145833,1.3311114418908783,0.0019487761705130446,0.01590031345203946,0.01643879422372585,-0.002247175336765217,Consumer Durables,5
2023-09-12,8813.6748046875,9146.575181627035,8767.181173291605,9139.571644254382,18210,8963.8423828125,9145.790234375,9117.510286458333,8931.535595703124,8811.508515625,8635.564208984375,1.1129354778292537,-0.025108745188169225,0.03697627230284861,0.03777089401602196,-0.00527516982713816,Consumer Durables,5
2023-09-13,8746.716796875,9013.355698001413,8613.74563138287,8832.55014890365,33226,8917.01171875,9094.508984375,9113.996875,8957.9486328125,8828.524140625,8672.722086588541,1.04858028881543,-0.007597059035680416,0.00981320808961339,0.030484455747061157,-0.01520240892441349,Consumer Durables,5
2023-09-14,8702.9560546875,8916.395623096656,8648.415970976937,8807.81314436854,19515,8865.42265625,9020.32412109375,9109.380729166667,8981.55517578125,8847.5862109375,8706.381396484376,1.0065206319219937,-0.0050031049596958145,0.01204844526642912,0.02452495072570149,-0.006266845812830102,Consumer Durables,5
2023-09-15,8543.2109375,8861.458094340227,8493.886402086204,8803.192625871603,25416,8769.4466796875,8926.28046875,9060.510286458333,8989.251806640625,8855.6628515625,8734.11318359375,0.8529851916289541,-0.018355271034772108,0.03043137881922431,0.03725146893462461,-0.005773535942708463,Consumer Durables,5
2023-09-18,8465.2763671875,8623.033983828707,8434.430339421191,8618.066798354152,12312,8654.3669921875,8851.5591796875,9006.553450520832,8987.033984375,8859.509453125,8754.117708333333,0.7780801254983015,-0.009122397993289628,0.018049077731104868,0.018635849533831683,-0.003643829974160351,Consumer Durables,5
2023-09-20,8614.7880859375,8646.776952329921,8426.382365161684,8464.083494475846,19275,8614.5896484375,8789.216015625,8968.723372395832,8991.780126953125,8868.14640625,8778.688704427082,0.9217799641625822,0.017661764632933504,-0.01749370848804266,0.0037132505261086024,-0.02187003544328192,Consumer Durables,5
2023-09-21,8665.1552734375,8971.630587816404,8593.23004660459,8652.83626658104,43082,8598.27734375,8757.64453125,8929.0984375,8985.0669921875,8886.014375,8790.149674479168,0.9701892579506223,0.005846596224719417,-0.001421671795567625,0.03536870427681604,-0.008300512173554653,Consumer Durables,5
2023-09-22,8553.2451171875,8791.918381731104,8524.68380041069,8732.113273962543,15841,8568.33515625,8716.87890625,8869.6611328125,8974.1193359375,8898.911171875,8801.044368489584,0.8626293186196496,-0.012914962596579625,0.02091231507157576,0.027904410697174642,-0.0033392374923777446,Consumer Durables,5
2023-09-25,8665.453125,8770.956328565435,8528.954492964307,8595.216934979617,14502,8592.78359375,8681.11513671875,8815.11484375,8943.57861328125,8909.9581640625,8811.849641927083,0.9704755313065505,0.013118764430943437,-0.008105310709921265,0.012175151379107518,-0.015752047823314852,Consumer Durables,5
2023-09-26,8510.12890625,8763.058555953263,8493.886598885401,8708.766834251095,11190,8601.7541015625,8628.060546875,8768.2908203125,8905.35361328125,8909.9780078125,8816.550227864584,0.8211891384964187,-0.017924535106177728,0.02334135360220113,0.029721012747234266,-0.0019085853508834516,Consumer Durables,5
2023-09-27,8386.9931640625,8543.558451815832,8354.805416252459,8523.689711230214,12428,8556.1951171875,8585.3923828125,8711.5423828125,8865.59130859375,8904.663125,8816.154524739582,0.7028399787510379,-0.014469315746447362,0.01629863581544888,0.018667630304529226,-0.003837817341733718,Consumer Durables,5
2023-09-28,8440.2412109375,8573.361776175921,8392.556232344634,8392.556232344634,12308,8511.2123046875,8554.74482421875,8675.500455729167,8824.626904296874,8890.2960546875,8823.54736328125,0.7540181459816621,0.00634888401998025,-0.005649717514124131,0.015772128060263624,-0.005649717514124131,Consumer Durables,5
2023-09-29,8465.17578125,8612.949537594259,8400.156104581196,8482.461973414798,13410,8493.5984375,8530.966796875,8642.452083333334,8775.645458984374,8878.01515625,8831.359049479166,0.7779834495781028,0.002954248544483291,0.0020420358196324706,0.017456667193086695,-0.007680841880781664,Consumer Durables,5
2023-10-03,8476.103515625,8503.820796234808,8307.567509156106,8444.214575700451,12581,8455.728515625,8524.2560546875,8605.986263020834,8725.26826171875,8846.00859375,8834.25322265625,0.7884863966365829,0.0012909046022652549,-0.0037622169037653252,0.003270049800443431,-0.019883665431670527,Consumer Durables,5
2023-10-04,8243.44140625,8495.922841870028,8220.69131051365,8446.300468871366,17266,8402.391015625,8502.07255859375,8552.837369791667,8676.815869140624,8804.76109375,8825.38017578125,0.5648684230088219,-0.02744918215617666,0.024608540611153362,0.03062815918465822,-0.0027597813358752887,Consumer Durables,5
2023-10-05,8238.474609375,8337.37107498471,8201.36915297289,8286.85421822956,8034,8372.6873046875,8464.4412109375,8514.490690104167,8626.82861328125,8767.0105078125,8816.00048828125,0.5600946974735734,-0.0006025149728406247,0.005872398853970617,0.012004220477559224,-0.0045039231364367716,Consumer Durables,5
2023-10-06,8122.63916015625,8339.904037082693,8075.153063183642,8295.19936982019,16120,8309.16689453125,8410.189599609375,8472.885514322918,8583.917065429687,8721.53490234375,8793.441194661458,0.4487620507519341,-0.014060302994310945,0.021244352514191878,0.02674806459360979,-0.0058461413878312385,Consumer Durables,5
2023-10-09,8126.36474609375,8213.191534454234,8069.242114318009,8116.380897527104,9926,8241.4046875,8367.5015625,8434.44609375,8542.190234375,8668.7973046875,8771.913411458334,0.4523428142039539,0.0004586669263575083,-0.0012285749998417472,0.010684579276634132,-0.007029297054774619,Consumer Durables,5
2023-10-10,8167.1953125,8223.522416566297,8076.692616030268,8146.183731034828,7111,8179.623046875,8317.67578125,8409.378385416667,8499.395458984374,8616.13921875,8734.9443359375,0.49158619829587363,0.0050244565290866105,-0.0025726801749204053,0.006896749974876659,-0.011081245520260352,Consumer Durables,5
2023-10-11,8244.2861328125,8327.03924920366,8173.056498718836,8209.764193590903,27651,8179.7919921875,8291.09150390625,8394.645703125,8459.576025390625,8577.41109375,8700.599576822917,0.5656803130182575,0.009439081271205978,-0.0041873776171108545,0.010037632738364222,-0.008639878935080558,Consumer Durables,5
2023-10-12,8570.083984375,8628.994610097805,8245.527891297696,8285.513734385013,47008,8246.1138671875,8309.4005859375,8391.6654296875,8447.396484375,8550.6856640625,8680.194401041666,0.8788136185418456,0.039518018457148765,-0.033205071328217595,0.0068739846459160425,-0.03787081826374583,Consumer Durables,5
2023-10-13,8778.65625,8840.298827407962,8503.82149097166,8569.38833891607,30116,8377.31728515625,8343.24208984375,8399.232161458332,8448.99345703125,8542.597109375,8664.165299479168,1.0792781785826016,0.024337248737033326,-0.023838262385992293,0.007021869367303424,-0.031307155810815446,Consumer Durables,5
2023-10-16,8941.4794921875,8984.297210396304,8654.376189687424,8742.245889275644,23011,8540.340234375,8390.8724609375,8425.114453125,8460.91962890625,8541.820234375,8647.38779296875,1.2357720897539548,0.018547627057102275,-0.022281950440744547,0.004788661456553767,-0.032109149582116525,Consumer Durables,5
2023-10-17,8972.42578125,9139.62104613946,8892.85088983234,8941.4798284509,21131,8701.386328125,8440.5046875,8445.579296875,8482.38037109375,8539.7936328125,8630.3470703125,1.2655154221343101,0.003460980824206879,-0.003449006272503108,0.018634343595112624,-0.008868826932394436,Consumer Durables,5
2023-10-18,9069.3349609375,9134.603967513953,8824.949452775207,8972.425373174545,21659,8866.39609375,8523.09404296875,8482.859700520834,8512.58330078125,8540.9400390625,8625.575260416666,1.3586575089393387,0.010800778078322429,-0.010685412787194926,0.007196669530629585,-0.026946353753046437,Consumer Durables,5
2023-10-19,9031.783203125,9191.27932289577,8960.801933908328,9069.334928506942,17510,8958.7359375,8602.42490234375,8525.845703125,8533.433056640624,8549.664375,8618.69404296875,1.3225654782655465,-0.0041405194509012005,0.004157731041301904,0.017659427400292804,-0.00785905370183293,Consumer Durables,5
2023-10-20,8830.3642578125,9054.284390783012,8792.911486329038,9031.78362329134,11047,8969.0775390625,8673.197412109375,8551.85390625,8541.693505859375,8553.0102734375,8613.677180989584,1.128976171772902,-0.02230112711771126,0.02280985920831502,0.025357972381762517,-0.004241362008404859,Consumer Durables,5
2023-10-23,8720.837890625,8871.393085406567,8523.690108934867,8871.393085406567,28482,8924.94921875,8732.6447265625,8568.898046875,8550.07314453125,8553.725546875,8605.675065104168,1.0237073578905218,-0.012403380425739356,0.01726384513389667,0.01726384513389667,-0.022606518337196624,Consumer Durables,5
2023-10-25,8184.3818359375,8720.887332384009,7987.234055062646,8720.83785456111,34373,8767.3404296875,8734.36337890625,8549.449934895832,8526.019580078126,8539.3723828125,8577.718098958334,0.5081046402335135,-0.06151427895067243,0.06554630873501521,0.06555235413024363,-0.024088292167550263,Consumer Durables,5
2023-10-26,8454.099609375,8527.663427084264,7923.6537155666465,8106.495606083375,29831,8644.293359375,8755.3447265625,8563.493815104166,8523.218115234375,8538.9253125,8558.165592447916,0.7673378351422422,0.03295517961456457,-0.041116620261506864,0.00870155558939567,-0.06274422094815713,Consumer Durables,5
2023-10-27,8490.7080078125,8587.717528638175,8417.541947527783,8498.556548959765,10461,8536.0783203125,8747.40712890625,8580.309375,8528.403857421876,8533.962109375,8547.400032552083,0.8025231770887339,0.004330253974876741,0.0009243682788340202,0.011425374743356365,-0.008617191901711285,Consumer Durables,5
2023-10-30,8468.0576171875,8563.378098450597,8396.530147872918,8464.083868892245,5881,8463.6169921875,8716.347265625,8603.337272135417,8529.794677734375,8526.078203125,8538.111393229166,0.7807532616218539,-0.0026676680677463933,-0.00046926325668705804,0.011256475283024425,-0.008446738620365934,Consumer Durables,5
2023-10-31,8427.6240234375,8549.568416856831,8381.97539863194,8484.945533152855,7042,8404.97421875,8664.96171875,8623.421223958334,8527.91708984375,8521.053359375,8528.933658854166,0.7418914189043107,-0.0047748368726179295,0.006801621614341391,0.014469605321761003,-0.0054165473778386986,Consumer Durables,5
2023-11-01,8104.85693359375,8523.690101322072,7952.811583334528,8471.932417789154,81049,8389.06923828125,8578.204833984375,8619.26533203125,8509.354760742188,8498.62951171875,8514.321858723959,0.4316710621024378,-0.038298705417579626,0.04529080367525262,0.05167681196102358,-0.018759782128788816,Consumer Durables,5
2023-11-02,8078.6298828125,8200.77315899907,7973.325558220994,8165.902937348934,27251,8313.97529296875,8479.134326171876,8608.22158203125,8501.114184570313,8481.36955078125,8501.433642578126,0.4064635198615021,-0.003235967148604651,0.010802952456345327,0.015119305867252741,-0.013034923757993089,Consumer Durables,5
2023-11-03,8281.5400390625,8419.37943692364,8061.543198859929,8116.331643080158,32619,8272.14169921875,8404.110009765625,8588.985319010417,8503.267456054688,8477.15142578125,8490.325374348959,0.6014860703361216,0.025116902147194135,-0.019948994414454857,0.016644174538911427,-0.026564725783475795,Consumer Durables,5
2023-11-06,8459.5146484375,8469.0512565125,8281.540004352179,8281.540004352179,14224,8270.43310546875,8367.025048828125,8567.709212239582,8520.11123046875,8477.92236328125,8483.470686848957,0.7725423786131332,0.021490520909821908,-0.02103839894859616,0.001127323312426709,-0.02103839894859616,Consumer Durables,5
2023-11-07,8477.9423828125,8513.755594755094,8424.346259454283,8459.51431940062,10833,8280.49677734375,8342.735498046875,8536.80673828125,8537.690112304688,8478.43302734375,8480.960595703125,0.7902537826340018,0.0021783441652179964,-0.0021736481070265823,0.004224281119814988,-0.006321831517382415,Consumer Durables,5
2023-11-08,8449.9267578125,8518.722270022301,8344.870795123887,8508.490062958945,13629,8349.5107421875,8369.289990234374,8501.973470052084,8551.826684570313,8477.38595703125,8473.776383463543,0.7633271923557465,-0.003304531186340288,0.006930628729095112,0.008141551303529893,-0.012432766070011425,Consumer Durables,5
2023-11-09,8542.1669921875,8563.27752841785,8435.273559148327,8457.62589162752,7822,8442.2181640625,8378.096728515626,8466.828938802084,8566.720727539063,8489.33498046875,8474.844319661459,0.8519818269814551,0.010916098685674166,-0.009896914990926708,0.0024713326547767256,-0.012513620154807947,Consumer Durables,5
2023-11-10,8550.611328125,8692.5738653705,8499.151484872673,8533.425061827564,17271,8496.032421875,8384.087060546875,8434.750813802084,8565.747094726563,8501.82044921875,8480.298258463541,0.8600979112723109,0.000988547279071344,-0.0020099459135637376,0.016602618432503213,-0.006018264809097729,Consumer Durables,5
2023-11-13,8821.720703125,8841.589443447354,8680.702124656429,8693.07060953776,11649,8568.4736328125,8419.453369140625,8434.174576822918,8567.900317382813,8529.7837109375,8493.014241536459,1.1206686128439827,0.03170643180894641,-0.014583333333333282,0.0022522522522523403,-0.015985382355011124,Consumer Durables,5
2023-11-15,8713.7841796875,8929.410479866387,8691.630726233954,8929.410479866387,17514,8615.6419921875,8448.069384765626,8433.704329427082,8556.515551757813,8553.28048828125,8501.301188151041,1.0169278416614422,-0.012235314069653627,0.024745425837092494,0.024745425837092494,-0.002542345896652698,Consumer Durables,5
2023-11-16,8781.6357421875,8816.7533519845,8742.19609935979,8757.395491389449,7609,8681.9837890625,8515.747265625,8473.521256510418,8546.976049804687,8577.85810546875,8511.485595703125,1.0821418507430505,0.007786693025765683,-0.0027603343511050094,0.003998982743988355,-0.004491149938984584,Consumer Durables,5
2023-11-17,8592.087890625,8836.473412001465,8467.411537239852,8789.63343582968,15586,8691.96796875,8567.09306640625,8482.720475260418,8523.113696289063,8591.77017578125,8523.107145182292,0.8999621800361863,-0.021584572296924235,0.022991564765093564,0.028443089093993068,-0.014510600330472023,Consumer Durables,5
2023-11-20,8539.0390625,8684.130356028427,8499.10269729591,8603.165232878358,6516,8689.653515625,8592.84296875,8485.942545572916,8498.476489257813,8590.52837890625,8533.125960286457,0.8489754874436256,-0.006174148681938257,0.007509764261411478,0.016991524744933928,-0.004676915623852196,Consumer Durables,5
2023-11-21,8476.103515625,8637.934792437109,8364.739614987977,8523.689536412927,7013,8620.530078125,8594.50185546875,8486.478938802084,8480.763452148438,8578.42626953125,8544.90810546875,0.7884863966365829,-0.007370331300085911,0.005614138701846461,0.019092649884913104,-0.013138572509376889,Consumer Durables,5
2023-11-22,8443.767578125,8542.515607714691,8384.608596572038,8542.515607714691,6351,8566.5267578125,8591.084375,8487.55517578125,8466.909936523438,8558.51779296875,8555.488199869791,0.7574074347956185,-0.0038149531138206793,0.011694783007234255,0.011694783007234255,-0.007006230454071671,Consumer Durables,5
2023-11-23,8413.4677734375,8516.239029303275,8394.791351107611,8483.952325488477,4075,8492.8931640625,8587.4384765625,8508.129231770834,8478.364233398437,8536.15947265625,8563.697281901043,0.7282854563878024,-0.0035884223964189562,0.008377586263954795,0.012215088787793205,-0.0022198245518754156,Consumer Durables,5
2023-11-24,8393.5498046875,8568.394729012864,8306.127342524818,8404.477612457835,20964,8453.185546875,8572.5767578125,8529.123893229167,8475.336743164062,8509.12806640625,8568.672737630208,0.7091417469861259,-0.002367391102736951,0.0013019292223930279,0.02083086755829089,-0.010415433779145444,Consumer Durables,5
2023-11-28,8272.748046875,8464.878189524743,8245.527483746826,8405.470848190591,22039,8399.92734375,8544.7904296875,8528.537760416666,8464.438745117188,8478.76666015625,8558.761539713541,0.5930358440298217,-0.014392213142648717,0.016043375256149295,0.023224464417518353,-0.003290389478071476,Consumer Durables,5
2023-11-29,8355.4013671875,8404.477546121001,8265.396357414507,8326.98945527024,10996,8375.7869140625,8498.15849609375,8521.596875,8458.805932617188,8459.76814453125,8544.653043619792,0.6724762309993103,0.009991035608019271,-0.0034004245479858364,0.0058735872493485,-0.010772074950995303,Consumer Durables,5
2023-11-30,8530.693359375,8599.191037466826,8295.199302547135,8295.199302547135,14575,8393.1720703125,8479.8494140625,8525.113606770834,8463.959399414063,8452.16236328125,8530.960172526042,0.8409542018706344,0.020979481952343934,-0.02760550015187968,0.008029555770698193,-0.02760550015187968,Consumer Durables,5
2023-12-01,8598.9423828125,8642.901970420673,8476.153956673372,8540.577958586959,13063,8430.2669921875,8461.580078125,8535.047981770833,8488.663671875,8468.74478515625,8518.510725911457,0.9065502216272026,0.008000407535748098,-0.006787395661843276,0.005112208647430672,-0.014279480042168502,Consumer Durables,5
2023-12-04,8547.185546875,8686.067860291985,8492.446580230968,8623.034081872498,9372,8460.994140625,8457.08984375,8535.382552083332,8512.091455078125,8472.46822265625,8501.105745442708,0.8568052983785532,-0.0060189769431356075,0.00887409482121626,0.01624889417169184,-0.006404326470254906,Consumer Durables,5
2023-12-05,8453.056640625,8642.752663316163,8439.24747799696,8642.752663316163,11073,8497.055859375,8448.4916015625,8528.87890625,8520.66728515625,8470.96216796875,8481.814860026041,0.76633540909591,-0.011012853966229289,0.022441115771009157,0.022441115771009157,-0.0016336294922801864,Consumer Durables,5
2023-12-06,8420.1240234375,8495.227475882526,8387.588960255176,8495.227475882526,9054,8510.000390625,8442.89365234375,8502.105794270834,8518.69775390625,8469.04482421875,8468.140185546876,0.7346829619419222,-0.003895941857200786,0.008919518552930494,0.008919518552930494,-0.0038639648408695937,Consumer Durables,5
2023-12-07,8448.9833984375,8522.696623058097,8406.464485874532,8416.448334396802,9561,8493.6583984375,8443.415234375,8484.452408854168,8517.2498046875,8469.89919921875,8459.078369140625,0.7624205036284462,0.0034274287314141265,-0.0038507667143380386,0.008724508162038624,-0.00503242941284876,Consumer Durables,5
2023-12-08,8406.712890625,8493.837516161226,8384.608915699135,8493.837516161226,5264,8455.2125,8442.73974609375,8459.457552083333,8515.089111328125,8481.9734375,8466.489404296875,0.7217931521158178,-0.005003028863841445,0.010363697044225795,0.010363697044225795,-0.002629324352270368,Consumer Durables,5
2023-12-11,8412.6728515625,8476.004460134178,8369.805657071873,8444.164998404493,5787,8428.3099609375,8444.65205078125,8447.496549479167,8508.614404296875,8495.33515625,8465.108512369792,0.7275214350378826,0.0007089525971734363,0.003743417508044855,0.007528119741387007,-0.00509554992176664,Consumer Durables,5
2023-12-12,8284.072265625,8454.744548277893,8236.635648851776,8454.744548277893,9993,8394.5130859375,8445.78447265625,8430.498763020832,8495.287451171875,8495.4364453125,8458.220654296874,0.6039198631620947,-0.0152865311900979,0.02060246183040948,0.02060246183040948,-0.005726243718329638,Consumer Durables,5
2023-12-13,8185.47412109375,8316.459379345173,8171.019805923674,8284.072749146993,10100,8347.58310546875,8428.791748046875,8411.123470052084,8463.475122070313,8484.47482421875,8448.801204427084,0.5091544656387781,-0.011902134767750141,0.012045561026105656,0.016002158984765202,-0.0017658494738659325,Consumer Durables,5
2023-12-14,8193.9677734375,8314.918734708881,8178.2221841998635,8196.849128954183,7581,8296.57998046875,8395.119189453126,8394.470149739584,8437.484301757813,8473.11583984375,8441.012662760417,0.5173179492885663,0.0010376494040659273,0.00035164350121363874,0.014760975953977962,-0.0019216074157234475,Consumer Durables,5
2023-12-15,8223.5732421875,8389.72559481952,8195.855959426986,8303.346046161909,27668,8259.95205078125,8357.582275390625,8381.810514322917,8409.581176757812,8464.06169921875,8444.969873046875,0.5457725822666613,0.0036130809357064427,0.009700503859461973,0.020204398713158822,-0.0033704670639184142,Consumer Durables,5
2023-12-18,8139.8759765625,8257.846627753912,8128.450965265167,8205.790137608938,16641,8205.39267578125,8316.851318359375,8364.89892578125,8386.970581054688,8447.97005859375,8447.011409505209,0.4653288306496734,-0.010177724835674501,0.008097686160849049,0.014492929810121069,-0.0014035854268823478,Consumer Durables,5
2023-12-19,8092.48876953125,8156.11821885228,8081.610439751924,8139.875911069751,11687,8167.0759765625,8280.79453125,8352.881640625,8364.64306640625,8429.64515625,8440.709700520832,0.41978367832266567,-0.0058216129051221486,0.005855694445560111,0.007862778822826266,-0.0013442502163590886,Consumer Durables,5
2023-12-20,8009.53662109375,8161.13472465342,7993.889987784242,8132.921209859865,11910,8131.8884765625,8239.735791015624,8329.823990885418,8341.314721679688,8397.15779296875,8425.710432942707,0.34005607939608173,-0.010250511406308066,0.015404709985490372,0.018927200252811582,-0.0019535004395012656,Consumer Durables,5
2023-12-21,8044.60498046875,8081.610511081879,7932.098233034206,8009.536846160006,24707,8102.01591796875,8199.29794921875,8297.418098958333,8321.356591796875,8370.390625,8411.265852864582,0.37376124730224974,0.004378325617819724,-0.00435921147077889,0.004600043221882677,-0.013985366305455105,Consumer Durables,5
2023-12-22,8053.49658203125,8172.0134318147575,8026.9716179264815,8082.504653762885,11031,8068.0005859375,8163.976318359375,8261.055045572917,8303.358032226562,8341.26505859375,8398.051513671875,0.3823072109275814,0.0011052875292307885,0.0036019226476555755,0.014716197936675002,-0.0032935959970418205,Consumer Durables,5
2023-12-26,8043.01513671875,8131.282114105284,8022.600199723781,8131.282114105284,7227,8048.62841796875,8127.010546875,8227.443684895834,8285.831298828125,8319.3021484375,8381.413118489583,0.3722332046024101,-0.0013014775887390236,0.010974364201251863,0.010974364201251863,-0.0025382193925967966,Consumer Durables,5
2023-12-27,7953.20849609375,8121.347713276883,7917.693122301745,8121.347713276883,16948,8020.77236328125,8093.924169921875,8194.120475260417,8269.854321289062,8295.86892578125,8361.499690755209,0.28591756408480995,-0.011165792815060865,0.0211410548668145,0.0211410548668145,-0.004465540392842637,Consumer Durables,5
2023-12-28,7877.90625,7972.3322466287755,7829.277312857493,7972.282768807444,25035,7994.4462890625,8063.1673828125,8157.972623697917,8245.979565429687,8271.94103515625,8330.039208984375,0.21354249739974562,-0.009468159439141447,0.011979898695474223,0.011986179275587983,-0.006172825062815024,Consumer Durables,5
2023-12-29,7795.79833984375,7966.322196912213,7778.6120729724535,7868.021407144551,22218,7944.6849609375,8023.350439453125,8114.426953125,8209.234814453124,8246.022265625,8299.439680989582,0.13462631918201393,-0.010422554870623144,0.009264358074999812,0.0218738158216496,-0.002204555084943438,Consumer Durables,5
2024-01-01,7860.52099609375,7895.241329131576,7798.480659744476,7819.591196562255,22294,7906.08984375,7987.04521484375,8078.01416015625,8172.313745117188,8223.90439453125,8268.735856119793,0.1968330501246257,0.008302248650944097,-0.005207008486057707,0.004417052388140608,-0.007892649403278051,Consumer Durables,5
2024-01-02,7786.51025390625,7849.195744777288,7715.131703621618,7849.195744777288,33309,7854.7888671875,7951.708642578125,8036.269986979167,8134.27998046875,8199.6228125,8241.883268229167,0.12569928348288933,-0.009415500858566411,0.008050524410417426,0.008050524410417426,-0.009166950014459108,Consumer Durables,5
2024-01-03,7725.91064453125,7872.988809265461,7709.816769906237,7788.695576544611,18776,7809.329296875,7915.050830078125,7999.059212239584,8097.922680664063,8177.74931640625,8214.778987630209,0.06745532666725725,-0.007782640412577517,0.008126541310415458,0.01903700049110979,-0.002083103903926853,Consumer Durables,5
2024-01-04,7696.15673828125,7906.715912649951,7679.516667884166,7906.715912649951,18524,7772.97939453125,7883.712841796875,7966.438053385416,8061.72431640625,8151.37953125,8188.78076171875,0.038858026311781715,-0.003851184361167983,0.027359002880147143,0.027359002880147143,-0.002162127275074144,Consumer Durables,5
2024-01-05,7675.2451171875,7778.562569670147,7619.66212059525,7778.562569670147,24296,7748.86875,7846.77685546875,7931.85654296875,8023.03740234375,8117.1616015625,8163.163346354167,0.018759290222705463,-0.0027171511450298376,0.0134611274174532,0.0134611274174532,-0.007241852962816875,Consumer Durables,5
2024-01-08,7735.794921875,7813.3824530394,7679.268450348959,7748.709603615562,20447,7723.92353515625,7815.006689453125,7899.33798828125,7989.49150390625,8082.635703125,8140.574251302083,0.0769553783788217,0.007888973415573174,0.0016694705419402212,0.010029677873828025,-0.007307131600166605,Consumer Durables,5
2024-01-09,7725.5126953125,7805.385422174883,7689.202765174296,7796.49396654882,12894,7711.7240234375,7783.2564453125,7871.71376953125,7955.13349609375,8049.7687890625,8118.30634765625,0.06707284669171384,-0.001329175174153634,0.009187904290078874,0.010338825397419482,-0.004700002649692836,Consumer Durables,5
2024-01-10,7691.78564453125,7797.487247494694,7621.698371027512,7768.677573628297,13716,7704.8990234375,7757.11416015625,7845.000227864583,7925.5191650390625,8019.31794921875,8098.940934244792,0.03465684748838968,-0.00436567152387363,0.009996629215963226,0.013742141012288434,-0.009111963949953505,Consumer Durables,5
2024-01-11,7711.85302734375,7798.480933141295,7639.531003293829,7707.482001288283,21454,7708.03828125,7740.508837890625,7825.154654947916,7901.838110351562,7990.987109375,8077.489322916666,0.05394416286861375,0.0026089368242818395,-0.000566793225956097,0.011233085678680643,-0.009378034538974012,Consumer Durables,5
2024-01-12,7964.88134765625,8002.135236092435,7728.940054227081,7776.6250314253975,81483,7765.96552734375,7757.417138671875,7819.83974609375,7890.3837890625,7971.62302734375,8058.628922526042,0.297136663833694,0.03281031412493767,-0.02363579669473026,0.00467726847521055,-0.02962270034299963,Consumer Durables,5
2024-01-15,7997.3671875,8065.566544423902,7976.40556858928,8046.840158890653,19399,7818.27998046875,7771.1017578125,7816.097786458334,7879.073486328125,7955.24919921875,8038.576416015625,0.3283597009537896,0.004078634498844016,0.006186157297864092,0.008527726103473077,-0.0026210649604139213,Consumer Durables,5
2024-01-16,8002.93017578125,8046.6913698772705,7974.567741387919,8044.853414277539,11281,7873.7634765625,7792.74375,7813.425455729167,7872.2261962890625,7938.8594921875,8020.4345703125,0.33370644250147785,0.0006956024590123899,0.005238486101398099,0.005468146433221799,-0.003544006229013741,Consumer Durables,5
2024-01-17,7975.26318359375,8017.037017641368,7917.246071637698,8007.102647111453,10559,7930.458984375,7817.67900390625,7814.895768229167,7866.364916992187,7926.50712890625,8004.508121744791,0.3071149328398336,-0.003457107781750593,0.0039922774690621665,0.0052379254559966615,-0.007274632901820843,Consumer Durables,5
2024-01-18,7882.2275390625,7984.2042422117665,7745.034267955413,7975.263308594706,10471,7964.53388671875,7836.286083984375,7815.183854166667,7859.999462890625,7914.377265625,7986.578238932291,0.2176958075636218,-0.011665526565021395,0.011803233168687699,0.012937548763200857,-0.01740539339002689,Consumer Durables,5
2024-01-19,8116.77783203125,8136.2492948804875,7897.824407118422,7981.273117835144,85589,7994.91318359375,7880.43935546875,7836.582486979167,7863.60810546875,7911.28966796875,7975.504720052083,0.44312856654773414,0.029756853859695485,-0.016694397333553157,0.0023989153395818086,-0.026975411849856523,Consumer Durables,5
2024-01-23,8104.06201171875,8171.019570515297,8033.478019701911,8101.4789784258055,22641,8016.2521484375,7917.266064453125,7852.8185546875,7866.136376953125,7906.50921875,7965.416357421875,0.43090704075251796,-0.0015666093831371783,-0.00031873315989061624,0.00826222192028192,-0.008709705319970729,Consumer Durables,5
2024-01-24,8142.6572265625,8168.039348922605,8008.3443446244655,8111.462915422079,19911,8044.19755859375,7958.980517578125,7876.561686197917,7871.118481445313,7906.62046875,7956.415836588541,0.4680019667732258,0.004762453049833529,-0.003830974370216733,0.0031171792762325623,-0.01649496941856854,Consumer Durables,5
2024-01-25,8133.1201171875,8209.813165528105,8081.85866897593,8165.456783842759,12971,8075.7689453125,8003.11396484375,7903.708984375,7880.1140625,7908.24572265625,7951.384098307291,0.4588355877765219,-0.0011712527139038347,0.003975923899970812,0.009429720357692961,-0.006302802303784993,Consumer Durables,5
2024-01-29,8128.55029296875,8285.612302330894,8106.446318631794,8235.443731363872,10619,8125.03349609375,8044.78369140625,7932.535221354166,7892.646264648438,7913.00626953125,7949.486637369791,0.45444340361564994,-0.0005618783631502891,0.013150369320785948,0.019322265804027072,-0.002719300925784429,Consumer Durables,5
2024-01-30,8170.0263671875,8214.632079165038,8118.864358686752,8210.607882956356,10708,8135.683203125,8065.298193359375,7965.520638020834,7911.357666015625,7918.023125,7948.688590494791,0.4943072030789419,0.005102518004302327,0.004967121762524451,0.005459677848370648,-0.006262159533073852,Consumer Durables,5
2024-01-31,8199.53125,8230.576156587233,8126.314748274004,8210.161220046135,10382,8154.77705078125,8085.514599609375,7996.436393229166,7928.308178710938,7923.86451171875,7947.887190755208,0.5226651601368381,0.0036113571103023184,0.0012964119194174284,0.0037861806535870457,-0.008929352117048817,Consumer Durables,5
2024-02-01,8208.671875,8224.963661493524,8109.476597586589,8223.67238728267,18008,8167.97998046875,8106.08876953125,8028.647005208333,7949.416259765625,7930.49078125,7950.180387369792,0.5314504670597491,0.0011147740915067553,0.0018273982090031282,0.0019847043153402577,-0.01208420545052069,Consumer Durables,5
2024-02-02,8185.275390625,8249.749844970318,8128.3021623321965,8225.063321673335,7343,8178.41103515625,8127.089990234375,8061.546321614584,7972.384497070312,7939.77345703125,7953.273274739583,0.5089634603012981,-0.002850215568520334,0.004860915381528441,0.007876882727631207,-0.006960453445226555,Consumer Durables,5
2024-02-05,8185.8720703125,8240.262750501874,8087.571277108514,8184.92811105479,8011,8189.875390625,8157.454443359375,8093.147591145834,7996.870263671875,7952.09208984375,7959.151123046875,0.5095369456143215,7.289671501870379e-05,-0.00011531566210687405,0.006644457636545642,-0.012008591431631466,Consumer Durables,5
2024-02-06,8166.25146484375,8263.906133215563,7947.496431535073,8225.6588066388,9203,8189.12041015625,8162.401806640625,8106.572265625,8021.420581054687,7966.91021484375,7963.206005859375,0.4906790402679897,-0.0023968864038209888,0.0072747382383218095,0.011958322468053284,-0.02678769252336055,Consumer Durables,5
2024-02-07,8198.240234375,8218.257408681513,8097.604770963187,8130.338230454723,7908,8188.86220703125,8171.81962890625,8119.963802083334,8044.5428466796875,7980.418984375,7968.030794270833,0.5214243293940937,0.003917191341579886,-0.008282509658056325,0.0024416428079994112,-0.012275251826587286,Consumer Durables,5
2024-02-08,8185.6728515625,8205.789951625506,7977.448350932067,8205.789951625506,8048,8184.26240234375,8176.12119140625,8132.146647135417,8067.550854492188,7996.38548828125,7972.786051432292,0.509345470976258,-0.0015329366367925281,0.0024575988349162525,0.0024575988349162525,-0.025437676829545675,Consumer Durables,5
2024-02-09,7986.439453125,8215.52565242895,7947.447048293742,8178.967362439492,12274,8144.49521484375,8161.453125,8132.891731770834,8082.283544921875,8006.806640625,7973.89375,0.3178567538953095,-0.024339281822076467,0.024106851425406806,0.02868439692663194,-0.004882326481045363,Consumer Durables,5
2024-02-12,7611.11865234375,8042.717580373313,7450.778006655855,7972.779707832841,47858,8029.54453125,8109.7099609375,8114.817805989584,8077.246826171875,8003.4051171875,7965.000830078125,-0.04287442470746647,-0.046994759427418105,0.04751746385897193,0.05670637231448983,-0.021066633304753446,Consumer Durables,5
2024-02-13,7485.79638671875,7610.671615527371,7422.067498205004,7610.671615527371,11868,7893.453515625,8041.286962890625,8072.752376302084,8053.292578125,7995.82716796875,7954.667431640625,-0.16332511246571035,-0.016465682818702157,0.016681622416310216,0.016681622416310216,-0.008513307765999789,Consumer Durables,5
2024-02-14,7483.1640625,7568.003490038255,7438.608313538191,7485.796573682169,13135,7750.43828125,7969.650244140625,8031.3591796875,8027.582421875,7985.72193359375,7942.0888671875,-0.16585511191129865,-0.000351642508393663,0.00035179118888506444,0.011337373713802057,-0.005954132314843763,Consumer Durables,5
2024-02-15,7298.63330078125,7550.121800311824,7281.893788984956,7550.121800311824,39452,7573.03037109375,7878.64638671875,7975.09091796875,7992.367578125,7968.6467578125,7925.826302083334,-0.343212719122815,-0.024659456905866815,0.03445693038224773,0.03445693038224773,-0.002293513197121788,Consumer Durables,5
2024-02-16,7507.205078125,7569.990495160156,7284.228418168564,7351.43433913191,19481,7477.18349609375,7810.83935546875,7933.363248697917,7968.964672851563,7961.26353515625,7918.536116536458,-0.1427486283826425,0.02857682647536551,-0.020749498298239577,0.008363354455056093,-0.02970168759691416,Consumer Durables,5
2024-02-19,7411.63671875,7644.498271485968,7393.307610735057,7630.590152473518,8232,7437.287109375,7733.4158203125,7885.569010416667,7945.435131835938,7949.2548828125,7909.052115885416,-0.23460201578541084,-0.012730218287691851,0.029541846427740825,0.031418371079477536,-0.0024730175952328848,Consumer Durables,5
2024-02-20,7530.74951171875,7588.865578790255,7387.297299586644,7426.28970356197,26108,7446.277734375,7669.865625,7842.950553385416,7916.133715820312,7931.889609375,7904.235595703125,-0.12011942354739444,0.016071051171115524,-0.013871103798397288,0.007717169052173345,-0.01904886252143656,Consumer Durables,5
2024-02-21,7433.6904296875,7568.052788277584,7392.2643964953795,7500.449592274575,5259,7436.3830078125,7593.41064453125,7791.894498697917,7882.61513671875,7909.3425390625,7894.165445963542,-0.2134055856315542,-0.012888369461793201,0.00898062183494508,0.018074785311678943,-0.005572741235857714,Consumer Durables,5
2024-02-22,7385.06201171875,7540.13763015101,7321.630959915005,7408.357819181563,17994,7453.66875,7513.349560546875,7736.987174479166,7844.735375976563,7884.6278125,7882.81708984375,-0.26014370004179055,-0.006541625378230104,0.0031544498104210117,0.020998553321039504,-0.008589102123054748,Consumer Durables,5
2024-02-23,7400.85791015625,7530.153649512175,7363.40513809102,7530.153649512175,26196,7432.39931640625,7454.79140625,7684.69267578125,7808.122265625,7861.6516015625,7873.119498697916,-0.24496182616592682,0.002138898551215248,0.017470371803584017,0.017470371803584017,-0.005060598719755727,Consumer Durables,5
2024-02-26,7498.0654296875,7547.985640478583,7446.853459710544,7450.7777300123535,14899,7449.68505859375,7443.486083984375,7638.838899739583,7776.5980224609375,7846.2851171875,7865.993245442708,-0.15153299670438644,0.01313462854054412,-0.00630665337860592,0.006657745422363304,-0.006830024418590708,Consumer Durables,5
2024-02-27,7569.7421875,7700.130804201253,7484.753839368454,7509.390884912563,41192,7457.48359375,7451.8806640625,7599.071614583333,7746.583813476563,7824.40369140625,7852.821940104167,-0.08264248685172669,0.009559366810631752,-0.00797270251648674,0.017224974572656482,-0.011227376841431713,Consumer Durables,5
2024-02-28,7608.48583984375,7650.855832081797,7556.330395862448,7584.842232602897,10625,7492.44267578125,7464.412841796875,7559.754654947917,7717.03154296875,7804.58064453125,7839.859228515625,-0.04540489345363826,0.005118226140875422,-0.003107531214297299,0.005568781112289978,-0.006854904520972704,Consumer Durables,5
2024-02-29,7529.75634765625,7631.335289083501,7476.458545331032,7599.793661794354,49775,7521.38154296875,7487.525146484375,7516.026888020833,7683.085766601563,7780.064609375,7824.086767578125,-0.12107398093421072,-0.010347590025759554,0.009301405105877514,0.013490335774127615,-0.007078290433900625,Consumer Durables,5
2024-03-01,7546.64453125,7588.716687226495,7493.197812125767,7529.756101442687,10816,7550.5388671875,7491.469091796875,7486.7072265625,7651.154223632812,7756.6055859375,7809.799479166667,-0.10484228165308246,0.0022428592392643226,-0.0022378727045350155,0.0055749486811360605,-0.007082183201145176,Consumer Durables,5
2024-03-04,7493.94287109375,7515.351245382706,7450.77783745807,7477.650115494496,10424,7549.71435546875,7499.69970703125,7478.8955078125,7616.557763671875,7731.2212890625,7796.856656901042,-0.15549530153078267,-0.006983456016513962,-0.002174123272556505,0.0028567570713053936,-0.005759989684759881,Consumer Durables,5
2024-03-05,7482.4189453125,7531.39519786813,7442.8798596592915,7509.837904919764,25111,7532.24970703125,7494.866650390625,7478.670345052084,7582.366137695312,7703.7169921875,7775.711360677084,-0.16657126460170263,-0.001537765363237693,0.003664451270058988,0.006545510604737181,-0.005284265147700418,Consumer Durables,5
2024-03-06,7596.9619140625,7617.277895429177,7376.269974075692,7482.4188181253685,15201,7529.944921875,7511.193798828125,7486.256868489583,7552.302221679687,7679.61421875,7758.808024088542,-0.056480856524558205,0.015308280595776793,-0.015077487189333438,0.0026742244592632414,-0.029050025850240524,Consumer Durables,5
2024-03-07,7540.8330078125,7664.36700463686,7435.777037528593,7604.462943271607,23892,7532.16025390625,7526.7708984375,7502.403515625,7520.060229492187,7652.9006640625,7738.747216796875,-0.11042789719776655,-0.007388335874910933,0.008438051259480828,0.016382009347823523,-0.013931613413938004,Consumer Durables,5
2024-03-11,7420.18017578125,7540.832813935637,7363.355382736474,7540.832813935637,16703,7506.8673828125,7528.703125,7496.60185546875,7491.747265625,7622.29685546875,7714.982552083334,-0.22639066347610673,-0.015999934212341065,0.016260068528819005,0.016260068528819005,-0.0076581419451574595,Consumer Durables,5
2024-03-12,7256.16357421875,7440.843422769893,7232.22164456139,7434.833322714081,15277,7459.3115234375,7504.512939453125,7486.236979166667,7473.99951171875,7585.108515625,7685.902994791667,-0.3840315452735067,-0.022104126541001568,0.024623169897953767,0.025451445059385458,-0.0032995300357375745,Consumer Durables,5
2024-03-13,6980.1865234375,7255.468025945121,6897.930130045723,7252.090437003496,19660,7358.8650390625,7445.557373046875,7449.532779947916,7448.719018554688,7537.66591796875,7646.241666666667,-0.6492807043619786,-0.03803346602628974,0.038953674468872546,0.039437556802143225,-0.011784268674709941,Consumer Durables,5
2024-03-14,6890.97607421875,7301.762293016336,6804.596528980217,6980.186526978943,24799,7217.66787109375,7373.806396484375,7413.351822916667,7419.109619140625,7485.3753515625,7602.623160807291,-0.7350233288671388,-0.012780525121958625,0.012945982078497842,0.05961219635262749,-0.012535168357601045,Consumer Durables,5
2024-03-15,6903.890625,6966.477157754155,6852.480258809087,6885.015321470969,24701,7090.27939453125,7311.21982421875,7381.27373046875,7399.372485351562,7434.1040625,7559.130452473958,-0.7226107977344427,0.0018741250357213234,-0.002734009640981361,0.009065400388517109,-0.007446578890567657,Consumer Durables,5
2024-03-18,6769.0810546875,6894.4530021579885,6751.000791750901,6859.682706037595,25223,6960.0595703125,7233.4634765625,7339.1552734375,7362.466284179687,7385.4097265625,7511.923974609375,-0.8521799958298747,-0.01952660863779255,0.013384630885362903,0.018521265509691354,-0.0026710070082671677,Consumer Durables,5
2024-03-19,6586.63671875,6824.912697949198,6547.9426357661605,6803.454360136814,21298,6826.15419921875,7142.732861328125,7278.393359375,7321.216284179687,7344.43044921875,7458.616129557292,-1.0275322816481431,-0.02695260028112083,0.032917807774277996,0.036175667396518785,-0.005874634450946714,Consumer Durables,5
2024-03-20,6946.658203125,7031.249757859145,6599.650827938944,6599.650827938944,47347,6819.44853515625,7089.156787109375,7236.854427083334,7292.01171875,7322.864921875,7417.963020833334,-0.6815056982278228,0.05465938076562453,-0.049953137903050004,0.012177301986167954,-0.049953137903050004,Consumer Durables,5
2024-03-21,6766.44873046875,7031.0507882690345,6735.50326308217,7003.731269134114,24542,6794.54306640625,7006.10546875,7180.718619791666,7258.649633789062,7294.19630859375,7370.236637369791,-0.854709995275463,-0.02594189427301628,0.03506751445509382,0.039105011851904514,-0.004573369077228828,Consumer Durables,5
2024-03-22,6796.251953125,6904.387675825754,6775.240855990164,6786.764823083141,43633,6773.01533203125,6931.64736328125,7131.818326822917,7229.209130859375,7274.1010546875,7323.922607421875,-0.826065295561055,0.004404559000358429,-0.0013959355991057798,0.015911082085623862,-0.0030915712483517988,Consumer Durables,5
2024-03-26,6764.31298828125,6943.131660316883,6736.496750409041,6943.131660316883,33663,6772.06171875,6866.06064453125,7079.662890625,7197.381884765625,7244.38537109375,7283.18505859375,-0.8567627160276431,-0.004699496879167947,0.026435599941254218,0.026435599941254218,-0.004112204435306133,Consumer Durables,5
2024-03-27,6825.70703125,6894.651949996924,6769.826197661184,6825.409194168199,51898,6819.87578125,6823.014990234375,7035.113834635416,7163.76396484375,7220.94818359375,7257.004671223958,-0.7977552071626747,0.009076168278302814,-4.363461256651213e-05,0.01010077321386249,-0.008186819817050162,Consumer Durables,5
2024-03-28,6737.98681640625,6894.254270915303,6715.634482699042,6859.881736920234,10520,6778.14150390625,6798.79501953125,6985.485026041667,7122.176196289062,7189.23767578125,7232.077685546875,-0.8820655262870271,-0.012851447394700984,0.018090703326575808,0.023192009537412517,-0.003317360855141893,Consumer Durables,5
2024-04-01,6904.88427734375,6934.190670579005,6755.371999991007,6771.4159114756485,7166,6805.82861328125,6800.18583984375,6939.346516927083,7086.996118164063,7168.0854296875,7212.801692708334,-0.7216557710470429,0.024769633049907907,-0.019329558687324666,0.004244298971296967,-0.021653118480684963,Consumer Durables,5
2024-04-02,6850.79150390625,6949.092295889503,6838.870259081278,6948.247777365728,19357,6816.7365234375,6794.875927734375,6893.34375,7053.047875976563,7146.714609375,7197.8736328125,-0.7736458282871028,-0.007833986967021122,0.014225549471752252,0.014348822603519995,-0.0017401266434943219,Consumer Durables,5
2024-04-03,7575.951171875,7773.64515078965,6850.344825677974,6889.436671790256,157232,6979.06416015625,6875.562939453125,6903.728483072917,7054.513208007813,7153.71833984375,7200.165169270834,-0.07667486063208269,0.10585049443633944,-0.09061759830677951,0.02609493836873855,-0.09577759013162213,Consumer Durables,5
2024-04-04,7446.2080078125,7628.900985279891,7416.057096166653,7575.950984259291,29252,7103.16435546875,6961.520068359375,6916.398111979167,7052.12646484375,7151.64404296875,7201.317545572917,-0.20137459587323447,-0.017125660015360075,0.017424033321479238,0.024535035453711496,-0.004049163227002661,Consumer Durables,5
2024-04-05,7279.55908203125,7502.635668158899,7263.018451755967,7412.0340129327415,29375,7211.47880859375,6994.81015625,6936.356282552083,7041.983471679688,7140.03671875,7192.94453125,-0.36154547711622276,-0.022380374763423656,0.018198208079455158,0.030644244193070325,-0.002272202215668706,Consumer Durables,5
2024-04-08,7369.46484375,7527.968013721224,7324.561780816565,7324.561780816565,18513,7304.394921875,7055.111767578125,6968.255533854167,7030.608618164062,7130.47587890625,7190.803678385417,-0.2751345685801744,0.012350440556306765,-0.00609312397650108,0.02150809771562323,-0.00609312397650108,Consumer Durables,5
2024-04-09,7204.107421875,7399.069436776947,7166.207411553745,7369.464722576408,11739,7375.05810546875,7095.897314453125,6988.269986979167,7013.7723388671875,7117.449921875,7184.771858723959,-0.43406414977983465,-0.022438185863012654,0.022953197532744607,0.027062619070608696,-0.00526088911530842,Consumer Durables,5
2024-04-10,7147.978515625,7240.368162043205,7127.910893017467,7202.170313122423,9029,7289.46357421875,7134.2638671875,7013.529817708333,7000.162255859375,7101.50328125,7176.342545572917,-0.488011190453043,-0.007791236715816688,0.0075814158337161874,0.012925283171493662,-0.0028074542422961146,Consumer Durables,5
2024-04-12,7086.88232421875,7279.658596448634,7074.265479214046,7147.9787049197275,18283,7217.5984375,7160.381396484375,7046.879524739584,6991.698193359375,7085.220859375,7162.636442057292,-0.5467324259620833,-0.008547338422002506,0.00862105195287155,0.02720184467732567,-0.0017803096520436767,Consumer Durables,5
2024-04-15,7124.33447265625,7322.67408571634,6988.929194694535,7054.396600278599,23682,7186.553515625,7199.016162109375,7058.724609375,6998.905590820313,7070.89748046875,7147.789518229167,-0.5107361326073228,0.005284714310764104,-0.009816758694594974,0.0278397391112577,-0.019006024840834024,Consumer Durables,5
2024-04-16,7143.30908203125,7275.932927723646,7019.626169756319,7053.899747856601,17587,7141.32236328125,7222.858642578125,7083.8486328125,7011.522241210938,7052.7513671875,7132.283626302084,-0.4924991119329467,0.002663351846804221,-0.012516514845977378,0.018566163688199744,-0.017314512203602028,Consumer Durables,5
2024-04-18,7044.1142578125,7192.9314176016005,7003.731139110835,7143.309043372547,15239,7109.32373046875,7242.19091796875,7100.372786458333,7018.533422851562,7032.8826171875,7116.095556640625,-0.5878379947692867,-0.013886396777688256,0.014081938754759937,0.021126454560848495,-0.005732888085521415,Consumer Durables,5
2024-04-19,7056.4326171875,7103.07467921666,6983.911714868224,7028.318543606722,9497,7091.01455078125,7190.2390625,7119.847428385417,7032.9010009765625,7018.33271484375,7099.755159505208,-0.5759984796490304,0.0017487449697934597,-0.003984176581279808,0.006609864298222412,-0.01027727553759028,Consumer Durables,5
2024-04-22,7119.86376953125,7232.172117074917,7063.386777231597,7152.647191596026,10413,7097.61083984375,7157.604638671875,7139.457877604166,7059.562353515625,7012.88072265625,7087.285856119792,-0.5150330487497465,0.008989124644831075,0.004604501311537668,0.01577394612861549,-0.0079323136127043,Consumer Durables,5
2024-04-23,7259.392578125,7290.735324117585,7155.429484223233,7155.478962046788,15971,7124.6224609375,7155.58798828125,7174.21826171875,7075.199072265625,7024.04896484375,7079.851643880208,-0.38092806051489503,0.019597117741332312,-0.014314367897851232,0.004317543879226449,-0.014321183595311093,Consumer Durables,5
2024-04-24,7214.93603515625,7271.959224959585,7167.648334437624,7271.959224959585,6356,7138.9478515625,7140.135107421875,7194.88837890625,7097.6234375,7037.00736328125,7067.117447916667,-0.42365647073980284,-0.006124003143556745,0.007903492078859431,0.007903492078859431,-0.006554139979648821,Consumer Durables,5
2024-04-25,7197.55078125,7250.948022044139,7159.352933107057,7214.935929415534,5443,7169.63515625,7139.479443359375,7218.0056640625,7117.68837890625,7048.75376953125,7055.67470703125,-0.4403659180149227,-0.002409619963577889,0.0024154255654329493,0.0074188070938299155,-0.005307061985925898,Consumer Durables,5
2024-04-26,7156.91943359375,7252.090509537555,7132.87806280543,7221.4428793415,4283,7189.73251953125,7140.37353515625,7190.07021484375,7137.318701171875,7064.2673046875,7046.899348958334,-0.479417827468779,-0.0056451630410301245,0.009015533337553672,0.013297771034990635,-0.00335917862585855,Consumer Durables,5
2024-04-29,7165.61181640625,7245.0867787711695,7135.013664849751,7245.0867787711695,4579,7198.88212890625,7148.246484375,7171.363802083333,7154.313940429687,7087.42630859375,7043.88095703125,-0.4710633384815108,0.0012145424987878113,0.011091162122814913,0.011091162122814913,-0.004270138034332516,Consumer Durables,5
2024-04-30,7143.70654296875,7227.254697726884,7111.122001042667,7227.254697726884,5073,7175.744921875,7150.18369140625,7162.306966145833,7174.599926757813,7095.3082421875,7049.331624348958,-0.4921171012579868,-0.0030569997369025905,0.011695350901608226,0.011695350901608226,-0.004561293458807403,Consumer Durables,5
2024-05-02,7000.353515625,7178.476582167756,6954.108730548357,7162.68103030904,16149,7132.82841796875,7135.888134765625,7137.699544270833,7179.373388671875,7104.66443359375,7052.9775390625,-0.6298976516627228,-0.020067037535975826,0.023188473885171534,0.025444867340653543,-0.0066060642471017506,Consumer Durables,5
2024-05-03,6807.37841796875,7045.852786087539,6755.3718917573115,7000.353563553141,29935,7054.7939453125,7112.21455078125,7111.250944010417,7177.202734375,7105.1094921875,7049.760465494792,-0.815371343165095,-0.027566478925031966,0.02834793862421603,0.03503174841717516,-0.007639728984973448,Consumer Durables,5
2024-05-06,6851.53662109375,6883.525488921988,6782.939985133078,6825.458897889218,8833,6993.7173828125,7091.724951171875,7091.488151041666,7140.982006835938,7108.5984375,7052.508984375,-0.7729296755966989,0.006486814807950157,-0.003806113087719165,0.004668860373562511,-0.010011861536211364,Consumer Durables,5
2024-05-07,6776.73095703125,6865.743015308774,6706.743121584044,6858.292237301337,7917,6915.9412109375,7057.411669921875,7070.811393229166,7107.508154296875,7106.63939453125,7058.845458984375,-0.8448274635883551,-0.010918085708276976,0.012035490384262992,0.013134955311331797,-0.010327669180165588,Consumer Durables,5
2024-05-08,6730.486328125,6814.977952588155,6706.693317481433,6810.656404538745,5716,6833.29716796875,7004.521044921875,7044.554850260417,7080.054516601563,7106.339375,7051.639729817708,-0.889274452549999,-0.006824032000011529,0.011911483436008785,0.012553568991008346,-0.003535110166429156,Consumer Durables,5
2024-05-09,6698.845703125,6752.4413428006965,6685.831580299567,6730.486771289306,15438,6772.99560546875,6952.91201171875,7014.923958333334,7046.5235595703125,7098.09783203125,7049.386295572916,-0.9196851303600754,-0.004701090449850827,0.004723361242601198,0.00800072759560555,-0.0019427410933442468,Consumer Durables,5
2024-05-10,6700.08740234375,6734.509899815594,6674.704794150619,6714.740599131223,3631,6751.53740234375,6903.165673828125,6991.988834635416,7021.32255859375,7092.06966796875,7046.180810546875,-0.9184916989762633,0.00018536017603312604,0.002187015766741629,0.00513761916893829,-0.00378839956389998,Consumer Durables,5
2024-05-13,7072.67578125,7102.777215525985,6659.008682194085,6705.700224497997,90136,6795.765234375,6894.74130859375,6993.071712239584,7017.557421875,7071.93865234375,7056.4595703125,-0.5603867264386908,0.05560948037422844,-0.05188638191572037,0.004256017836387516,-0.05848806192312195,Consumer Durables,5
2024-05-14,6898.6259765625,7138.838868879591,6835.840558970285,7087.1801406327595,35059,6820.14423828125,6868.042724609375,6978.322526041667,7008.144604492188,7050.03537109375,7058.890201822916,-0.7276707966256193,-0.02460876336915009,0.027332133197372377,0.03482039657363578,-0.009101148229447853,Consumer Durables,5
2024-05-15,7126.71875,7253.084140952911,6909.255469607507,6909.255469607507,46316,6899.39072265625,6866.3439453125,6969.477604166666,7008.263818359375,7043.9217578125,7071.847932942708,-0.5084445378581468,0.03306350774957593,-0.030513801374930538,0.017731216200009392,-0.030513801374930538,Consumer Durables,5
2024-05-16,6996.578125,7182.54973115689,6938.909299404991,7132.778438909057,16593,6958.93720703125,6865.96640625,6954.92041015625,7000.927270507813,7029.0062890625,7074.90439453125,-0.6335262837742585,-0.01826094582447217,0.019466703790870232,0.02658036583517598,-0.008242432881432227,Consumer Durables,5
2024-05-17,7095.8232421875,7151.7535558935615,6996.77737104575,6996.77737104575,11193,7038.084375,6894.810888671875,6948.13857421875,7003.512719726563,7024.674921875,7083.072119140625,-0.5381390629778192,0.014184807975327224,-0.013958334045425791,0.007882145847931232,-0.013958334045425791,Consumer Durables,5
2024-05-21,7075.7060546875,7184.338010252681,7021.6626900071815,7172.615646854981,7328,7038.6904296875,6917.22783203125,6942.724348958333,7004.476391601563,7021.7840234375,7066.397281901041,-0.5574742470175591,-0.002835074495711124,0.013696102045290592,0.015352807864766227,-0.007637875890069812,Consumer Durables,5
2024-05-22,7104.068359375,7152.746774926583,7023.550480335146,7144.9981599510875,6860,7079.77890625,6949.961572265625,6938.621451822916,7003.68662109375,7022.47146484375,7054.992626953125,-0.5302144533250268,0.004008406294480053,0.005761459280170689,0.006852188505104051,-0.011334051837155745,Consumer Durables,5
2024-05-23,7106.3037109375,7168.244609179827,7041.4819422115825,7168.244609179827,16203,7075.6958984375,6987.543310546875,6936.1279296875,6996.032177734375,7021.750234375,7049.217447916667,-0.5280659952538149,0.0003146579466046497,0.008716331409674094,0.008716331409674094,-0.009121727885925912,Consumer Durables,5
2024-05-24,7078.53662109375,7141.8682312665405,7064.330665705267,7126.867720290871,7476,7092.08759765625,7025.51240234375,6941.34013671875,6989.21220703125,7019.1593359375,7039.519840494791,-0.5547537115350744,-0.003907388562778838,0.006827837699263428,0.008946991950859573,-0.0020069056853008194,Consumer Durables,5
2024-05-27,7125.2783203125,7142.613505783465,7053.50249347287,7137.845201975659,5303,7097.97861328125,7068.031494140625,6962.533463541667,6985.598583984375,7022.4058984375,7036.892203776041,-0.5098289745794389,0.0066032997667147255,0.001763703970318442,0.0024329134514713413,-0.010073406765741866,Consumer Durables,5
2024-05-28,7091.79931640625,7147.680150598284,7023.599959780998,7139.484294916785,36390,7101.197265625,7069.94384765625,6978.5509765625,6982.342578125,7023.82056640625,7035.019563802083,-0.5420065690863507,-0.004698624025788466,0.006723960504666282,0.007879641216405942,-0.009616650666845472,Consumer Durables,5
2024-05-29,7021.4140625,7088.521025074437,6969.209140485977,7066.814328904457,9410,7084.66640625,7082.22265625,6994.86318359375,6975.1326904296875,7019.882578125,7032.837288411459,-0.6096557788956825,-0.009924879535637724,0.006465971953844907,0.009557471184165278,-0.0074351008998087,Consumer Durables,5
2024-05-30,6995.982421875,7060.059110082657,6972.388292496212,7021.414021691429,6140,7062.6021484375,7069.1490234375,7012.562923177084,6967.746484375,7009.346171875,7028.55888671875,-0.6340988304861148,-0.0036220112357175202,0.003635172057738334,0.009159069354905958,-0.00337252553765921,Consumer Durables,5
2024-05-31,6960.7158203125,7056.582499053733,6949.0924123826235,6980.087843477827,7584,7039.03798828125,7065.56279296875,7030.020930989584,6965.764599609375,6999.17736328125,7022.472444661458,-0.6679945344291793,-0.0050409791557263755,0.002783050431220957,0.013772531621170092,-0.001669858133837021,Consumer Durables,5
2024-06-03,7112.90966796875,7180.06610796554,7008.698220919667,7052.409450079193,72476,7036.5642578125,7067.271435546875,7057.542415364584,6981.041162109375,6995.79171875,7024.765625,-0.5217168276597944,0.021864683401112802,-0.008505691863627152,0.009441486414373035,-0.01465102917282557,Consumer Durables,5
2024-06-04,6944.572265625,7148.723580735277,6735.552720876534,7112.909883802522,15718,7007.11884765625,7054.158056640625,7049.002180989583,6985.692944335938,6987.29783203125,7021.036946614583,-0.6835105503204871,-0.023666461434455766,0.02424017084691843,0.029397248282778676,-0.03009826044767272,Consumer Durables,5
2024-06-05,6869.9150390625,6960.963932772625,6765.3063117094725,6944.124980741441,16893,6976.81904296875,7030.742724609375,7047.088118489583,6990.3521484375,6975.4699609375,7012.705322265625,-0.7552656709347627,-0.01075044274966314,0.010802162946263794,0.013253277979774047,-0.015227077301279479,Consumer Durables,5
2024-06-06,7106.70068359375,7240.317963582556,6844.781108720247,6844.781108720247,15974,6998.9626953125,7030.782421875,7045.753580729167,7009.162866210938,6973.9897265625,7007.615592447916,-0.5276844538794385,0.034467041176620264,-0.03685529847600877,0.018801591052971967,-0.03685529847600877,Consumer Durables,5
2024-06-07,7159.94921875,7216.525653095332,7127.066355195327,7127.066355195327,7835,7038.809375,7038.923681640625,7056.644986979167,7032.218041992188,6980.3735546875,7005.782698567708,-0.4765058173482308,0.007492722365411769,-0.004592611281175274,0.007901792682715403,-0.004592611281175274,Consumer Durables,5
2024-06-10,7309.46142578125,7481.474953294339,7177.731576455955,7232.172217627046,22796,7078.1197265625,7057.3419921875,7070.887532552083,7062.686743164062,7000.456875,7009.513053385416,-0.3328055093833666,0.02088174126147674,-0.010573858134280134,0.023532996139274953,-0.01802182700638788,Consumer Durables,5
2024-06-11,7445.810546875,7568.599460914184,7252.090325842228,7450.777732029686,25267,7178.3673828125,7092.743115234375,7095.561165364584,7081.343481445312,7024.22783203125,7019.142757161459,-0.20175660654819438,0.018653784889380784,0.0006671114076051143,0.01649100702551709,-0.026017344896597794,Consumer Durables,5
2024-06-12,7368.02490234375,7520.566970230297,7353.421183401427,7520.2691331403275,9066,7277.98935546875,7127.40419921875,7113.158268229166,7104.813427734375,7047.87958984375,7025.889860026042,-0.27651853600088294,-0.010446900850021838,0.020662827937531603,0.02070325085872371,-0.0019820398459399202,Consumer Durables,5
2024-06-13,7513.3642578125,7599.7932794216085,7379.200780943053,7478.544483942029,10824,7359.3220703125,7179.1423828125,7140.295638020833,7124.145703125,7079.19470703125,7038.211783854166,-0.13682887082251433,0.019725687330741502,-0.0046343785121645276,0.011503371677905605,-0.017856644808607713,Consumer Durables,5
2024-06-14,7598.94873046875,7618.66855245033,7480.928605809746,7530.252657135677,13632,7447.12197265625,7242.965673828125,7174.989778645833,7154.264233398438,7115.198828125,7058.164957682292,-0.05457127245034214,0.0113909654476366,-0.009040207503654973,0.0025950723818561894,-0.015531112111046408,Consumer Durables,5
2024-06-18,8025.53076171875,8205.79011016708,7700.23008768314,7748.610181427094,114258,7590.33583984375,7334.227783203125,7235.006608072917,7200.749609375,7168.2165625,7098.770035807292,0.35542848930884197,0.0561369797824239,-0.03450495531243225,0.022460738585434736,-0.04053322872890519,Consumer Durables,5
2024-06-19,8064.72216796875,8132.275889011109,7849.345204323199,8096.512154341625,31725,7714.1181640625,7446.2427734375,7299.868131510417,7250.200415039062,7207.89841796875,7139.209554036458,0.3930964313419897,0.004883341353190049,0.003941857600394227,0.00837644740083765,-0.02670606118348129,Consumer Durables,5
2024-06-20,8241.0078125,8290.232425742603,7977.79646434104,8099.194669447303,35998,7888.71474609375,7583.35205078125,7381.174381510416,7307.047387695313,7261.59369140625,7188.018782552083,0.5625294289007136,0.021858861453580715,-0.017208228202088893,0.005973130272724392,-0.03193921837566038,Consumer Durables,5
2024-06-21,9030.640625,9229.1291536344,8245.527518118719,8245.527518118719,300651,8192.17001953125,7775.746044921875,7516.81826171875,7403.264233398438,7337.75056640625,7264.690592447917,1.3214673149001828,0.09581750563350773,-0.08693880528340492,0.0219794516110976,-0.08693880528340492,Consumer Durables,5
2024-06-24,9082.25,9387.980256501409,8792.016973638447,8997.55949027865,139900,8488.8302734375,7967.976123046875,7658.253873697917,7503.44990234375,7421.17744140625,7344.13740234375,1.3710705093726183,0.005714918480658729,-0.009324837977522038,0.033662391643195066,-0.03195607105745302,Consumer Durables,5
2024-06-25,9002.0,9190.4501953125,8900.0,9080.0,31514,8684.12412109375,8137.22998046875,7784.193229166666,7597.285986328125,7497.42451171875,7420.867822265625,1.2939400198750617,-0.008835916210190206,0.008664741168629142,0.020934258532826044,-0.011330815374361203,Consumer Durables,5
2024-06-26,8995.5498046875,9057.7001953125,8830.099609375,9010.0,27854,8870.2896484375,8292.20390625,7920.925065104167,7692.4735107421875,7574.21826171875,7484.963623046875,1.2877405591671742,-0.0007165291393579204,0.0016063715532952383,0.006909015232466897,-0.018392449478328188,Consumer Durables,5
2024-06-27,8755.2998046875,9294.9501953125,8654.099609375,8956.0,71050,8973.148046875,8430.931396484375,8046.6173828125,7779.167797851563,7640.26751953125,7546.852750651042,1.0568296544719966,-0.02670765047343831,0.022923280731637297,0.06163699732316141,-0.011558735573888423,Consumer Durables,5
2024-06-28,8683.25,8991.900390625,8645.0,8900.0,35178,8903.669921875,8547.919970703126,8151.720670572917,7863.531176757812,7703.34537109375,7598.737125651041,0.9875805989735514,-0.008229278984704241,0.024961851841188487,0.0355454916793827,-0.004405032677856746,Consumer Durables,5
2024-07-01,8740.150390625,8847.099609375,8630.4501953125,8800.0,78007,8835.25,8662.04013671875,8257.067415364583,7952.502905273437,7769.809921875,7656.856201171875,1.042269134568672,0.006552890982638989,0.00684766356414146,0.012236542161187192,-0.012551293788968243,Consumer Durables,5
2024-07-02,9080.0,9143.0498046875,8721.0,8745.0,70848,8850.85,8767.487060546875,8375.1033203125,8050.857421875,7847.9987890625,7722.995426432291,1.368907972283902,0.03888372558663692,-0.036894273127753285,0.006943811088931717,-0.03953744493392075,Consumer Durables,5
2024-07-03,8987.2998046875,9275.849609375,8893.599609375,9140.0,27059,8849.2,8859.74482421875,8477.869270833333,8152.993798828125,7923.81880859375,7786.715218098959,1.2798112565085469,-0.01020927261150881,0.016990664452170234,0.032106395798324305,-0.010425845064568673,Consumer Durables,5
2024-07-04,9022.900390625,9113.150390625,8929.0,8986.9501953125,15797,8902.7201171875,8937.93408203125,8588.194303385417,8260.64306640625,8003.87826171875,7850.676285807292,1.3140279620507178,0.003961210453770756,-0.003984328071476084,0.010002326978337361,-0.010406896514402963,Consumer Durables,5
2024-07-05,9154.7001953125,9288.0,9043.0,9043.0,26536,8997.01015625,8950.3400390625,8697.61669921875,8363.043041992187,8090.22697265625,7918.956168619791,1.4407043913495245,0.01460725476083533,-0.012201403970573899,0.014560805033872581,-0.012201403970573899,Consumer Durables,5
2024-07-08,9005.5,9233.9501953125,8952.0,9120.0,14025,9050.080078125,8942.6650390625,8791.386783854166,8455.320581054688,8172.01833984375,7983.18828125,1.2973039664575097,-0.016297660450846362,0.01271445227916268,0.02536785245821993,-0.005940813947032386,Consumer Durables,5
2024-07-09,8980.5,9650.0,8915.0,9190.0,79988,9030.180078125,8940.5150390625,8855.051399739583,8538.872509765624,8246.721953125,8045.02900390625,1.2732757765828815,-0.0027760812836599854,0.02332832247647687,0.07455041478759528,-0.0072935805356049155,Consumer Durables,5
2024-07-10,8990.4501953125,9200.0,8807.599609375,8960.0,51854,9030.81015625,8940.005078125,8916.7666015625,8616.1044921875,8328.5570703125,8108.317366536458,1.282839183873217,0.0011079778756750737,-0.0033869488903209843,0.02330804355011673,-0.020338312538879966,Consumer Durables,5
2024-07-11,8923.0498046875,9084.900390625,8900.0,8960.0,7271,9010.8400390625,8956.780078125,8962.236067708332,8693.855737304688,8410.6824609375,8171.705224609375,1.2180588085307522,-0.007496887159237216,0.00414098274931618,0.01813848285957964,-0.0025831756173086973,Consumer Durables,5
2024-07-12,8988.7001953125,9505.0,8900.150390625,8900.150390625,54145,8977.6400390625,8987.32509765625,8959.4400390625,8767.622534179687,8485.96244140625,8238.129150390625,1.2811572105819928,0.0073573937232214275,-0.009851235747486364,0.05743876127459946,-0.009851235747486364,Consumer Durables,5
2024-07-15,9046.599609375,9166.099609375,8970.0,9028.349609375,13938,8985.8599609375,9017.97001953125,8957.063346354167,8840.005078125,8561.42845703125,8307.658610026041,1.3368059351709316,0.0064413555691504604,-0.0020173325656069885,0.013209383100824201,-0.008467226657806304,Consumer Durables,5
2024-07-16,9170.75,9478.75,9015.2001953125,9150.0,45350,9023.9099609375,9027.04501953125,8968.313346354167,8897.266040039063,8635.88,8376.253287760417,1.4561303015288023,0.013723431563871007,-0.002262628465501737,0.03358503939154378,-0.01696151401875523,Consumer Durables,5
2024-07-18,8997.900390625,9217.150390625,8951.0,9072.2998046875,11244,9025.4,9028.105078125,8968.470052083334,8943.924951171875,8697.96359375,8444.69755859375,1.2899997721760894,-0.01884792512880626,0.00826853052741261,0.024366795639173544,-0.00521237050744261,Consumer Durables,5
2024-07-19,8720.4501953125,9065.9501953125,8650.0,9016.099609375,10807,8984.880078125,8997.86005859375,8966.146744791668,8967.8970703125,8752.06060546875,8506.382063802082,1.0233347332272318,-0.03083499297253591,0.03390299897835791,0.039619514160601055,-0.008078733750508604,Consumer Durables,5
2024-07-22,8985.400390625,9019.9501953125,8720.4501953125,8720.4501953125,11814,8984.2201171875,8980.930078125,8986.290104166666,8965.63505859375,8810.94205078125,8569.005387369793,1.2779856772387754,0.030382628118777465,-0.02948674336081203,0.0038451046347971474,-0.02948674336081203,Consumer Durables,5
2024-07-23,9017.4501953125,9067.849609375,8681.099609375,8973.0,30973,8978.390234375,8982.12509765625,9004.7767578125,8962.395068359376,8867.682109375,8630.922086588542,1.3087896289378154,0.00356687551964178,-0.004929353015512783,0.005589098134270776,-0.037299966027241616,Consumer Durables,5
2024-07-24,8893.25,9025.900390625,8870.0,9017.4501953125,8638,8922.890234375,8973.40009765625,8992.3267578125,8956.957568359376,8902.39087890625,8683.7150390625,1.189417393920429,-0.013773316472217658,0.0139656700657802,0.014915850855986346,-0.0026143423382902764,Consumer Durables,5
2024-07-25,8780.349609375,8892.0,8754.2998046875,8812.0,5345,8879.380078125,8952.3900390625,8978.530078125,8946.19755859375,8931.0159765625,8728.199674479167,1.0809057130061408,-0.012695065428836477,0.003604684555066795,0.012715939067595716,-0.002966830006368548,Consumer Durables,5
2024-07-26,8768.2001953125,8862.849609375,8702.650390625,8790.0,7997,8888.930078125,8936.905078125,8961.550065104168,8946.842578125,8952.103671875,8774.872184244792,1.0692285758877718,-0.0013837050462692016,0.00248623482606547,0.010794622836405976,-0.0074758563020199675,Consumer Durables,5
2024-07-29,9027.150390625,9139.900390625,8924.0498046875,9139.900390625,15483,8897.280078125,8940.75009765625,8953.046744791667,8964.03759765625,8951.9640625,8825.331722005209,1.3181127543294044,0.029532878988202775,0.012490098771046787,0.012490098771046787,-0.011421166312303055,Consumer Durables,5
2024-07-30,9081.0,9139.4501953125,9030.0498046875,9090.0,12460,8909.9900390625,8944.19013671875,8958.080078125,8981.080078125,8951.9140625,8874.733430989583,1.369869099878887,0.0059652943669715125,0.0009910802775023875,0.006436537310043011,-0.005610637078790837,Consumer Durables,5
2024-07-31,8933.150390625,9110.0,8911.0,9109.0,8658,8917.9701171875,8920.43017578125,8954.9234375,8973.73759765625,8949.160078125,8904.987418619792,1.2277667604008022,-0.01628120354311199,0.019685060889554462,0.0197970034804964,-0.0024795721169371676,Consumer Durables,5
2024-08-01,9015.0498046875,9049.849609375,8955.0,8999.900390625,5350,8964.91015625,8922.1451171875,8956.563411458334,8975.12509765625,8949.940078125,8936.665006510417,1.3064825472693842,0.009168032606777819,-0.0016804581661460372,0.0038601899536268025,-0.006661061889672082,Consumer Durables,5
2024-08-02,8938.900390625,9044.5,8925.0,9010.0498046875,5598,8999.0501953125,8943.99013671875,8957.6201171875,8970.92509765625,8957.2841015625,8959.928092447917,1.2332932440719668,-0.008446921061146558,0.00795952644657727,0.011813489888057305,-0.0015550448061349975,Consumer Durables,5
2024-08-05,9436.7001953125,9487.0,8760.0,8840.0,238374,9080.96015625,8989.1201171875,8987.486783854167,8985.02509765625,8987.422109375,8973.463411458333,1.7117423731353312,0.055689154474703156,-0.0632318695054972,0.005330232353093711,-0.0717094091479814,Consumer Durables,5
2024-08-06,9833.599609375,10178.650390625,9700.0,9899.9501953125,280312,9231.480078125,9070.73505859375,9039.953450520834,9026.430078125,9031.160078125,8998.5083984375,2.093213352424229,0.04205913145991987,0.006747334503455216,0.035088959786510054,-0.013586033058294422,Consumer Durables,5
2024-08-07,9956.9501953125,10286.7001953125,9933.0498046875,10000.0,91270,9436.2400390625,9177.105078125,9092.366796875,9075.252587890625,9066.2380859375,9030.340071614582,2.211769004426345,0.012543787711257024,0.004323593454124808,0.03311757049414976,-0.002400372619745683,Consumer Durables,5
2024-08-08,10377.150390625,10499.0,9979.849609375,10047.2001953125,92897,9708.66015625,9336.78515625,9184.316796875,9144.58759765625,9121.832109375,9076.393424479167,2.61563500755933,0.04220169701263751,-0.03179583824963994,0.011742106916469375,-0.0382861157730674,Consumer Durables,5
2024-08-09,10420.4501953125,10789.9501953125,10300.0,10500.0,83264,10004.9701171875,9502.01015625,9297.650130208332,9219.4576171875,9177.7341015625,9131.8984375,2.6572516447019527,0.00417261030799151,0.00763400843499884,0.035459120582545856,-0.011559020297096434,Consumer Durables,5
2024-08-12,10296.4501953125,10699.0,10083.7001953125,10499.9501953125,116575,10176.9201171875,9628.94013671875,9385.053450520832,9284.8451171875,9223.4041015625,9185.67177734375,2.5380718229237966,-0.011899677813899032,0.019764093074780664,0.03909597939596332,-0.02066246094181612,Consumer Durables,5
2024-08-13,9880.0,10300.0,9856.900390625,10300.0,95865,10186.2001953125,9708.84013671875,9442.556770833333,9326.51513671875,9258.3841015625,9223.666764322918,2.137810048272006,-0.04044599715561103,0.04251012145748989,0.04251012145748989,-0.0023380171432185737,Consumer Durables,5
2024-08-14,10164.7998046875,10271.75,9854.0498046875,10077.599609375,83909,10227.7701171875,9832.005078125,9527.3267578125,9376.217626953125,9305.75609375,9259.8267578125,2.4115389996035375,0.02882589116270243,-0.008578643651426132,0.010521623383392242,-0.03057118742827547,Consumer Durables,5
2024-08-16,10101.5,10200.0,9915.2001953125,10044.0,18135,10172.6400390625,9940.65009765625,9615.403450520833,9431.397607421875,9350.1980859375,9296.966764322917,2.350699810561212,-0.006227353799757992,-0.005692223927139528,0.009751027075186824,-0.01844278618893236,Consumer Durables,5
2024-08-19,9797.0498046875,10148.75,9750.0,10148.75,18156,10047.9599609375,10026.4650390625,9683.993424479168,9485.227587890626,9385.1580859375,9322.771744791668,2.058084326547756,-0.03013910758921942,0.035898581953133,0.035898581953133,-0.004802446208346134,Consumer Durables,5
2024-08-20,9689.75,9872.400390625,9670.0498046875,9790.0498046875,11422,9926.619921875,10051.77001953125,9728.166731770832,9520.445068359375,9413.200078125,9340.60673828125,1.954955523326085,-0.01095225673305869,0.010351124093758823,0.018849855839933927,-0.002033096345364971,Consumer Durables,5
2024-08-21,9790.349609375,9855.0,9611.0498046875,9650.099609375,18146,9908.68984375,10047.44501953125,9775.456705729166,9559.0900390625,9442.950078125,9366.768391927084,2.051644583941122,0.010382064488247892,-0.014325331126653573,0.006603481306029391,-0.01831393278497495,Consumer Durables,5
2024-08-22,9765.099609375,9852.2998046875,9729.0,9765.0,11379,9828.7498046875,10028.2599609375,9830.919986979166,9602.68251953125,9466.7240625,9392.921712239584,2.027376112167748,-0.0025790703097896745,-1.0200548789529584e-05,0.008929780422186617,-0.003696798887780184,Consumer Durables,5
2024-08-23,9741.0,9835.099609375,9651.0498046875,9835.099609375,7711,9756.6498046875,9964.644921875,9879.316666666668,9650.7150390625,9496.448046875,9417.9400390625,2.004213312569073,-0.0024679327747832835,0.009660159057078399,0.009660159057078399,-0.009234184920696054,Consumer Durables,5
2024-08-26,9773.0,9880.9501953125,9680.0498046875,9680.0498046875,14854,9751.83984375,9899.89990234375,9934.923307291667,9700.955029296874,9538.5500390625,9446.271712239582,2.034969395608597,0.0032850836669746433,-0.009510917355213366,0.011045758243374504,-0.009510917355213366,Consumer Durables,5
2024-08-27,9794.650390625,9816.099609375,9725.0,9801.0,8919,9772.819921875,9849.719921875,9958.786653645833,9739.330029296874,9570.9200390625,9473.13671875,2.055778183480492,0.002215326985060882,0.0006482732023878057,0.0021898912053595065,-0.007111064494110586,Consumer Durables,5
2024-08-28,9587.599609375,9840.0,9555.0498046875,9840.0,8945,9732.269921875,9820.4798828125,9942.386653645834,9764.660009765625,9593.726015625,9491.170052083333,1.8567759640578871,-0.02113917015845504,0.026325712473244778,0.026325712473244778,-0.003394989988492192,Consumer Durables,5
2024-08-29,9463.2001953125,9641.400390625,9437.0,9635.5498046875,5979,9671.8900390625,9750.319921875,9909.469986979168,9791.1625,9616.5240234375,9500.918391927084,1.737212254402437,-0.01297503224277942,0.018212613684361445,0.01883085971284526,-0.0027686400764804775,Consumer Durables,5
2024-08-30,9216.599609375,9550.0,9157.5,9550.0,8456,9567.0099609375,9661.8298828125,9832.099934895834,9801.239990234375,9633.9740234375,9508.208365885417,1.5001976263184038,-0.02605889982752886,0.03617390412466981,0.03617390412466981,-0.0064123008354278754,Consumer Durables,5
2024-09-02,9299.9501953125,9350.0,9145.900390625,9245.0,8263,9472.4,9612.119921875,9757.399934895833,9819.29248046875,9655.2440234375,9527.525032552083,1.5803081745211147,0.009043529009627033,-0.005908654794753332,0.005381728249762796,-0.016564583836712,Consumer Durables,5
2024-09-03,9058.7998046875,9401.2001953125,9035.0,9340.0,28348,9325.2298828125,9549.02490234375,9674.889908854168,9800.3974609375,9656.51,9529.9716796875,1.3485318795499837,-0.025930288395151647,0.03104166129899366,0.03779754470871777,-0.0026272580474937524,Consumer Durables,5
2024-09-04,9355.849609375,9390.0498046875,9005.0,9009.25,48958,9278.8798828125,9505.57490234375,9639.946549479168,9776.5099609375,9667.503984375,9541.25166015625,1.6340346439200832,0.03279129808496163,-0.037046299785290615,0.003655487928988288,-0.037500561041878266,Consumer Durables,5
2024-09-05,9201.9501953125,9374.7998046875,9050.0,9100.0,60842,9226.6298828125,9449.2599609375,9575.756575520832,9738.7599609375,9678.2559765625,9551.541666666666,1.4861176702125718,-0.016449539110620758,-0.011079194426028671,0.018784019224864945,-0.016512825225885708,Consumer Durables,5
2024-09-06,9182.599609375,9385.0,9076.599609375,9200.0,36697,9219.8298828125,9393.419921875,9514.496549479167,9679.032421875,9684.95796875,9564.95,1.4675192880889094,-0.002102878794905589,0.001894930778342463,0.022041731016819943,-0.011543572028533067,Consumer Durables,5
2024-09-09,8803.2001953125,9185.0,8765.0,9180.650390625,33900,9120.4798828125,9296.43994140625,9448.239908854166,9598.169921875,9679.5299609375,9566.116666666667,1.1028680417122512,-0.04131721192277088,0.04287647525197524,0.04337056936303685,-0.004339353242567512,Consumer Durables,5
2024-09-10,8651.5498046875,8949.0,8622.0,8949.0,25895,9039.0298828125,9182.1298828125,9379.0265625,9515.92490234375,9648.1239453125,9553.596647135417,0.9571126664922894,-0.017226734285305738,0.03438114580942919,0.03438114580942919,-0.003415550433691017,Consumer Durables,5
2024-09-11,8536.2998046875,8770.0,8520.0498046875,8770.0,18552,8875.119921875,9076.99990234375,9295.4232421875,9448.739892578125,9596.231953125,9535.439973958333,0.8463427111702532,-0.013321312666726643,0.02737722440162771,0.02737722440162771,-0.0019036351079277924,Consumer Durables,5
2024-09-12,8458.7001953125,8655.150390625,8451.0,8540.5498046875,19484,8726.469921875,8976.54990234375,9208.329947916667,9363.434912109375,9536.301953125,9519.624967447917,0.7717595852398739,-0.00909054404724493,0.009676381416184654,0.023224631536340024,-0.000910328435185237,Consumer Durables,5
2024-09-13,8452.900390625,8546.0498046875,8430.0498046875,8546.0498046875,15502,8580.530078125,8900.17998046875,9122.456640625,9281.004931640626,9459.331953125,9500.886653645834,0.7661852329091936,-0.0006856614554933674,0.011019816838941043,0.011019816838941043,-0.002703283474491558,Consumer Durables,5
2024-09-16,8360.2001953125,8471.4501953125,8320.0498046875,8440.0,21717,8491.930078125,8806.20498046875,9028.269986979167,9209.162451171875,9376.921953125,9481.596647135417,0.6770885171338386,-0.010966673097829541,0.009545202605584002,0.013307097605435025,-0.004802563298366036,Consumer Durables,5
2024-09-17,8381.849609375,8402.0498046875,8225.349609375,8395.0,22653,8437.9900390625,8738.5099609375,8934.083268229168,9143.767431640625,9300.3379296875,9446.4349609375,0.6978963664045665,0.002589580818248666,0.0015689127385787316,0.0024099925737042227,-0.01867129658649047,Consumer Durables,5
2024-09-18,8264.75,8408.2998046875,8220.0,8353.0,13991,8383.680078125,8629.4,8845.893294270832,9067.487451171875,9235.7279296875,9394.139973958334,0.5853487004722745,-0.01397061684858023,0.010677878943706753,0.017368922797120323,-0.005414561843975929,Consumer Durables,5
2024-09-19,8197.400390625,8298.0498046875,8109.0498046875,8298.0498046875,27335,8331.4201171875,8528.94501953125,8761.506640625,8989.102490234374,9157.031953125,9335.488313802083,0.5206171323904928,-0.00814901955594543,0.012278211294596275,0.012278211294596275,-0.010777878562396759,Consumer Durables,5
2024-09-20,8269.9501953125,8342.0,8135.14990234375,8180.25,26847,8294.830078125,8437.680078125,8698.3966796875,8915.55,9083.7699609375,9265.248307291668,0.5903467516864306,0.008850342941705272,-0.010846521828310807,0.00871224166843687,-0.016300012670591002,Consumer Durables,5
2024-09-23,8250.2001953125,8321.5,8154.0,8250.0,15787,8272.830078125,8382.380078125,8628.413346354168,8839.410009765625,9021.8959765625,9192.906640625,0.5713644816854743,-0.0023881643218594617,-2.42655096556188e-05,0.008642190855927323,-0.011660346783725073,Consumer Durables,5
2024-09-24,8315.849609375,8346.0,8210.0498046875,8299.9501953125,14294,8259.630078125,8348.81005859375,8578.883333333333,8765.469970703125,8966.9399609375,9126.88662109375,0.6344619451355479,0.007957311641940508,-0.0019119410294019534,0.003625653666344597,-0.012722669319106594,Consumer Durables,5
2024-09-25,8260.25,8375.0,8215.150390625,8375.0,9311,8258.730078125,8321.205078125,8505.843359375,8699.102490234374,8905.7359765625,9072.894954427084,0.5810236262948415,-0.0066859806257581825,0.013891831361036333,0.013891831361036333,-0.005459835885717745,Consumer Durables,5
2024-09-26,8156.89990234375,8260.25,8110.2001953125,8260.25,15167,8250.62998046875,8291.025048828125,8436.17333984375,8633.787475585938,8841.40798828125,9005.964957682292,0.4816909954930116,-0.012511739675705942,0.012670266754965853,0.012670266754965853,-0.005725178387665619,Consumer Durables,5
2024-09-27,8123.64990234375,8237.0,8100.0,8150.0,11387,8221.369921875,8258.1,8365.576692708333,8579.139990234375,8776.713984375,8940.03662109375,0.449733502959756,-0.004076303546454722,0.0032436279225485087,0.01395309977889947,-0.002911240960411954,Consumer Durables,5
2024-09-30,8090.2998046875,8156.39990234375,8037.5,8126.0,12829,8189.38984375,8231.1099609375,8318.05,8518.657470703125,8709.4059765625,8883.144954427084,0.4176798038068852,-0.004105309566162887,0.004412715990057103,0.008170290255245183,-0.006526310020910198,Consumer Durables,5
2024-10-01,8095.14990234375,8129.9501953125,8050.5498046875,8050.5498046875,13972,8145.24990234375,8202.439990234376,8280.956673177083,8470.474975585938,8641.42595703125,8829.991617838541,0.4223413665026798,0.0005994954171463294,-0.005509483850736019,0.004298906553747095,-0.005509483850736019,Consumer Durables,5
2024-10-03,8146.5498046875,8272.7998046875,8027.9501953125,8060.39990234375,21924,8122.50986328125,8190.619970703125,8254.97333984375,8410.009985351562,8583.78396484375,8775.198291015626,0.47174323102479876,0.006349468875044356,-0.010575016959226025,0.01549735814876585,-0.0145582623587176,Consumer Durables,5
2024-10-04,7982.10009765625,8161.7998046875,7902.0,8146.5,18570,8087.54990234375,8169.08994140625,8223.2,8349.01748046875,8524.5399609375,8715.764973958334,0.31368607960984424,-0.02018642382037929,0.020596071250975845,0.02251283557368744,-0.010034965319436373,Consumer Durables,5
2024-10-07,7745.89990234375,8019.9501953125,7680.0,8019.9501953125,15067,8011.99990234375,8116.684912109375,8176.066634114583,8277.182495117188,8465.71197265625,8649.261637369791,0.0866675539541231,-0.029591234439900655,0.03538004575631404,0.03538004575631404,-0.008507714168086489,Consumer Durables,5
2024-10-08,7969.5498046875,8030.89990234375,7670.5498046875,7719.2001953125,23801,7987.84990234375,8088.619873046875,8150.023274739583,8235.499975585937,8412.49595703125,8589.146630859375,0.30162364671243075,0.028873327200636578,-0.031413268692762286,0.0076980631478287265,-0.037517803053835674,Consumer Durables,5
2024-10-09,7941.5498046875,8039.0,7900.0,8039.0,20660,7957.1298828125,8051.189892578125,8120.669954427083,8199.999975585937,8367.80595703125,8527.376611328125,0.2747120740528471,-0.0035133728612287566,0.01227092919004047,0.01227092919004047,-0.005231951660490175,Consumer Durables,5
2024-10-10,7997.10009765625,8027.9501953125,7880.0,7941.5498046875,13415,7927.23994140625,8024.87490234375,8102.826627604167,8173.039990234375,8313.4559765625,8474.3599609375,0.3281029935346212,0.006994893230533093,-0.006946304571707196,0.003857660561894294,-0.014642820050554173,Consumer Durables,5
2024-10-11,7899.64990234375,7970.0,7876.0,7920.0,6403,7910.74990234375,7999.14990234375,8082.976595052083,8145.087475585938,8261.36396484375,8422.241617838541,0.23444092168308683,-0.012185691578508592,0.0025760758904280756,0.008905470308928187,-0.002993791197852147,Consumer Durables,5
2024-10-14,7852.5498046875,7950.0,7834.14990234375,7950.0,10488,7932.0798828125,7972.039892578125,8055.14990234375,8115.0699462890625,8208.16197265625,8376.773291015625,0.18917171809917052,-0.00596230190432564,0.012410006652148642,0.012410006652148642,-0.0023431755036773527,Consumer Durables,5
2024-10-15,8025.64990234375,8050.60009765625,7892.0,7892.0,20513,7943.29990234375,7965.57490234375,8040.1798828125,8098.342431640625,8177.0599609375,8334.296614583332,0.35554299865121325,0.02204380767542788,-0.016652844812570233,0.0031088068400808577,-0.016652844812570233,Consumer Durables,5
2024-10-16,7970.14990234375,8041.14990234375,7931.0,8025.64990234375,6126,7949.019921875,7953.07490234375,8017.133235677084,8077.7574462890625,8149.80396484375,8298.008284505207,0.30220041712953855,-0.006915327814610029,0.006963482579377844,0.008908238975420257,-0.0049120659991899185,Consumer Durables,5
2024-10-17,7817.85009765625,8000.0,7801.0498046875,7970.14990234375,10244,7913.169921875,7920.204931640625,7987.639908854167,8055.412451171875,8121.0659765625,8246.741634114584,0.1558208721335366,-0.01910877543755028,0.01948103414430502,0.02329923189475802,-0.0021489658613160767,Consumer Durables,5
2024-10-18,7769.60009765625,7841.4501953125,7694.64990234375,7802.0498046875,7568,7887.1599609375,7898.954931640625,7961.819921875,8034.022436523437,8093.50197265625,8198.996630859376,0.10944646567550408,-0.00617177349236526,0.00417649642496265,0.009247592765800672,-0.009646596268849006,Consumer Durables,5
2024-10-21,7667.0498046875,7808.4501953125,7630.0,7774.9501953125,7280,7850.0599609375,7891.069921875,7931.379915364583,8003.877416992187,8062.06794921875,8148.478304036458,0.010882549229428889,-0.01319891521826007,0.014073260690054656,0.01844260755141436,-0.004832341726128897,Consumer Durables,5
2024-10-22,7347.5,7689.0,7301.0,7689.0,17525,7714.42998046875,7828.86494140625,7881.859928385416,7958.742407226562,8021.55994140625,8099.954964192709,-0.296245586027836,-0.041678326452520606,0.0464783940115685,0.0464783940115685,-0.006328683225586884,Consumer Durables,5
2024-10-23,7296.5,7449.7001953125,7220.2998046875,7384.25,14970,7579.7,7764.3599609375,7828.6166015625,7907.774926757813,7978.14595703125,8054.786637369792,-0.34526309337207767,-0.006941136440966315,0.012026313986157833,0.020996394889673198,-0.010443390024326704,Consumer Durables,5
2024-10-24,7072.64990234375,7331.64990234375,7050.0498046875,7304.0,15142,7430.6599609375,7671.91494140625,7757.023274739583,7848.394921875,7930.461953125,8005.998307291667,-0.5604115993696157,-0.030679106099671075,0.03271052587794343,0.03661993786998741,-0.003195421513619734,Consumer Durables,5
2024-10-25,6992.14990234375,7131.14990234375,6874.75,7072.85009765625,20857,7275.169921875,7581.16494140625,7691.026595052083,7790.157421875,7882.25193359375,7957.113297526042,-0.6377823707659187,-0.011381872581212274,0.01154154250689765,0.019879436502556525,-0.016790243914021064,Consumer Durables,5
2024-10-28,7017.7998046875,7080.0,6895.0,7040.0,17641,7145.319921875,7497.68994140625,7642.486588541667,7734.864916992187,7832.16591796875,7909.276611328125,-0.6131295418146668,0.003668385647045728,0.0031634124555208754,0.008863204571745387,-0.017498333965793145,Consumer Durables,5
2024-10-29,7026.5498046875,7104.7001953125,6963.4501953125,7100.0,5834,7081.1298828125,7397.779931640625,7579.619921875,7681.677416992187,7783.21990234375,7864.821598307291,-0.604719675358547,0.0012468295254241203,0.010453237699034057,0.011122157075278194,-0.00898016966063564,Consumer Durables,5
2024-10-30,7179.10009765625,7220.0,6980.75,7027.60009765625,13572,7057.64990234375,7318.674951171875,7528.78994140625,7635.874926757812,7737.749921875,7824.729947916667,-0.45809937916321525,0.0217105545693253,-0.02110292347775733,0.0056970792700190565,-0.027628824637924376,Consumer Durables,5
2024-10-31,7183.85009765625,7289.0,7103.9501953125,7160.0498046875,16912,7079.88994140625,7255.274951171875,7474.573274739583,7587.73994140625,7694.69392578125,7788.699951171875,-0.4535340230870359,0.0006616428153092232,-0.0033130275054757963,0.01463698447411299,-0.011122156122079674,Consumer Durables,5
2024-11-01,7261.85009765625,7380.0,7216.5,7380.0,3473,7133.82998046875,7204.499951171875,7432.053287760416,7551.72744140625,7658.89193359375,7757.51494140625,-0.37856607067819575,0.010857687582518977,0.0162699450904229,0.0162699450904229,-0.006244978489832298,Consumer Durables,5
2024-11-04,7134.4501953125,7358.0,7045.0,7358.0,9945,7157.16005859375,7151.239990234375,7384.17998046875,7521.154956054687,7619.3239453125,7719.66494140625,-0.5010136324191846,-0.0175437251706515,0.031333851742966434,0.031333851742966434,-0.012537783972655814,Consumer Durables,5
2024-11-05,7129.5,7189.9501953125,7073.39990234375,7132.9501953125,8042,7177.75009765625,7129.439990234375,7324.436653645834,7479.1524658203125,7580.891953125,7682.308268229167,-0.5057714017345945,-0.0006938439791411528,0.00048393229714571717,0.00847888285468823,-0.007868728193597074,Consumer Durables,5
2024-11-06,7213.0498046875,7250.0,7106.10009765625,7157.4501953125,8419,7184.5400390625,7121.094970703125,7273.963313802084,7442.727465820312,7545.60794921875,7645.548274739584,-0.4254693788938202,0.01171888697489305,-0.007708197070657619,0.005122686840244306,-0.014827251984555478,Consumer Durables,5
2024-11-07,7207.2998046875,7263.2001953125,7124.0,7210.0,10928,7189.22998046875,7134.5599609375,7233.2599609375,7403.237451171875,7508.03794921875,7610.449934895833,-0.4309958625649847,-0.0007971662688732973,0.000374647286178309,0.007756079549881223,-0.011557699408219935,Consumer Durables,5
2024-11-08,7051.60009765625,7190.0,7010.0,7190.0,8064,7147.17998046875,7140.50498046875,7185.393294270833,7360.8349609375,7470.81794921875,7573.606608072917,-0.5806431475238193,-0.02160305679666408,0.019626737254960114,0.019626737254960114,-0.005899384122771911,Consumer Durables,5
2024-11-11,6924.89990234375,7086.4501953125,6900.0,7055.10009765625,11176,7105.269921875,7131.214990234375,7135.916634114584,7314.452465820313,7437.97794921875,7533.648274739583,-0.7024182015286687,-0.01796758091182901,0.018801744017763022,0.02332889936994942,-0.0035957057423057215,Consumer Durables,5
2024-11-12,7065.89990234375,7184.9501953125,6888.0,6945.14990234375,29170,7092.54990234375,7135.15,7117.143294270833,7266.4649658203125,7401.831953125,7499.501611328125,-0.5668992106357653,0.020361305143526794,-0.01708911839523053,0.016848567714532914,-0.025177246324242564,Consumer Durables,5
2024-11-13,6765.39990234375,7090.0,6750.0,7090.0,25286,7003.019921875,7093.77998046875,7081.73662109375,7206.227465820312,7354.78595703125,7455.176611328125,-0.855718052928797,-0.04252819940179517,0.04797943984712538,0.04797943984712538,-0.00227627377036721,Consumer Durables,5
2024-11-14,7009.10009765625,7070.0,6750.0498046875,6872.0,24826,6963.37998046875,7076.30498046875,7077.499967447917,7165.789965820312,7315.26595703125,7417.26162109375,-0.6214910703106874,0.03602155065927064,-0.019560299574276963,0.00868869063007316,-0.03695913731569811,Consumer Durables,5
2024-11-18,7281.25,7321.0,7055.2001953125,7180.0,50127,7009.3099609375,7078.244970703125,7096.773307291666,7141.3724609375,7290.5299609375,7393.899951171875,-0.35992028919560093,0.03882808043143132,-0.01390557939914161,0.005459227467811134,-0.031045466738197414,Consumer Durables,5
2024-11-19,7133.25,7320.0498046875,7091.85009765625,7306.5,13950,7050.97998046875,7078.124951171875,7104.469986979167,7114.682470703125,7261.75796875,7373.478287760417,-0.5021671732534002,-0.02032618025751073,0.024287666911996686,0.026187194432762073,-0.005803792428941912,Consumer Durables,5
2024-11-21,6949.60009765625,7132.0,6940.0,7132.0,17086,7027.72001953125,7060.1349609375,7099.340006510417,7094.7874755859375,7218.7159765625,7339.479964192708,-0.6786781622123026,-0.02574561417919602,0.026246100463430233,0.026246100463430233,-0.0013813885002516013,Consumer Durables,5
2024-11-22,6999.5,7044.5,6942.0,6976.4501953125,21273,7074.5400390625,7038.77998046875,7087.366666666667,7079.937475585937,7179.88998046875,7308.078304036459,-0.6307179890826613,0.007180255215056003,-0.00329306445996147,0.006429030645046074,-0.008214872490892255,Consumer Durables,5
2024-11-25,7038.60009765625,7158.5,7008.0,7040.0,14490,7080.4400390625,7021.910009765625,7077.683333333333,7078.2349853515625,7148.71998046875,7276.128304036459,-0.593137806258626,0.005586127245696121,0.00019888931383049702,0.017034623459240894,-0.004347469273959681,Consumer Durables,5
2024-11-26,7239.25,7270.0,7045.0498046875,7050.7001953125,21735,7072.0400390625,7040.675,7076.17666015625,7090.589990234375,7127.5059765625,7254.114973958333,-0.40028764818497636,0.028507075208117516,-0.02604548878509516,0.0042476775909106035,-0.026826010334288775,Consumer Durables,5
2024-11-27,7217.7998046875,7260.39990234375,7139.4501953125,7248.0,12332,7088.95,7069.964990234375,7081.73330078125,7100.589990234375,7109.5359765625,7232.956640625,-0.4209040228176408,-0.002963041104050834,0.0041841275914700216,0.005902089114273368,-0.010855054378775764,Consumer Durables,5
2024-11-28,7329.2001953125,7362.0,7174.14990234375,7279.89990234375,19252,7164.87001953125,7096.29501953125,7095.046647135417,7115.722509765625,7108.803984375,7209.741650390625,-0.31383403329583054,0.015434120319138328,-0.006726558376762726,0.004475222918385757,-0.021155145014037813,Consumer Durables,5
2024-11-29,7413.0498046875,7440.0,7251.10009765625,7368.7998046875,18674,7247.57998046875,7161.060009765625,7108.37998046875,7127.419995117188,7113.4659765625,7191.171647135417,-0.23324385989679416,0.01144048561105307,-0.0059692031169167326,0.003635507115500314,-0.021846569401010152,Consumer Durables,5
2024-12-02,7409.5,7489.0,7313.2001953125,7489.0,13219,7321.7599609375,7201.1,7121.859993489584,7138.702490234375,7126.93998046875,7177.559977213542,-0.23665567513875796,-0.000478858874690866,0.010729468925028574,0.010729468925028574,-0.01299680203623721,Consumer Durables,5
2024-12-03,7830.7001953125,7896.75,7431.0498046875,7444.14990234375,89912,7440.05,7256.04501953125,7173.8,7167.144995117187,7160.4819921875,7179.596647135417,0.16817145558921223,0.056845967381402254,-0.04936343919795849,0.008434725253182007,-0.05103635443280452,Consumer Durables,5
2024-12-04,7718.60009765625,7884.9501953125,7678.0,7830.0,13618,7540.21005859375,7314.580029296875,7226.713346354167,7196.352490234375,7188.51400390625,7181.314990234375,0.06042895833126244,-0.014315462839881641,0.01443265630221946,0.021551848204542035,-0.005260033832893862,Consumer Durables,5
2024-12-05,7673.35009765625,7800.0,7650.10009765625,7800.0,8887,7609.0400390625,7386.955029296875,7267.210026041666,7223.544995117188,7214.386015625,7192.17666015625,0.016937934658185303,-0.005862462030354461,0.01650516407200464,0.01650516407200464,-0.003029967315983817,Consumer Durables,5
2024-12-06,7868.7998046875,7911.89990234375,7622.14990234375,7686.2998046875,15822,7700.1900390625,7473.885009765625,7340.77001953125,7256.332495117187,7241.97400390625,7211.2533203125,0.20479004151767888,0.025471235450464876,-0.02319286352809269,0.005477340728706093,-0.03134530150288217,Consumer Durables,5
2024-12-09,7822.35009765625,7888.7998046875,7766.2998046875,7888.7998046875,9082,7782.76005859375,7552.260009765625,7394.986686197916,7287.085009765625,7267.51400390625,7236.243326822917,0.16014594631096968,-0.005903023101894088,0.008494852084306448,0.008494852084306448,-0.007165403269989601,Consumer Durables,5
2024-12-10,7961.75,8014.9501953125,7706.10009765625,7837.7001953125,23145,7808.97001953125,7624.510009765625,7440.353352864583,7332.592504882812,7295.51,7268.563330078125,0.2941270391917801,0.01782071891483319,-0.015580720907777845,0.006681972595534935,-0.0321097625953779,Consumer Durables,5
2024-12-11,7832.7001953125,7989.0,7800.0,7932.7001953125,11721,7831.7900390625,7686.000048828125,7486.983365885417,7377.98251953125,7323.44,7295.726676432291,0.17009371077918248,-0.01620872354538889,0.01276698935315368,0.01995477942345314,-0.00417483045400735,Consumer Durables,5
2024-12-12,7693.60009765625,7830.0,7635.14990234375,7830.0,9028,7835.8400390625,7722.4400390625,7536.583365885416,7409.367529296875,7346.00400390625,7317.961686197917,0.03640076845663419,-0.01775889465799991,0.01772900860616633,0.01772900860616633,-0.007597248956350833,Consumer Durables,5
2024-12-13,7683.4501953125,7729.89990234375,7530.10009765625,7693.60009765625,9808,7798.7701171875,7749.480078125,7582.180045572916,7455.270043945313,7364.82001953125,7334.773356119792,0.026645417227651815,-0.0013192656513095903,0.00132100841233318,0.006045423065224931,-0.019958494394849535,Consumer Durables,5
2024-12-16,7725.0498046875,7790.0,7692.0498046875,7790.0,7124,7779.31005859375,7781.03505859375,7627.943359375,7491.067529296875,7385.53001953125,7352.813346354166,0.06662794973856644,0.005414183513596403,0.008407738067020443,0.008407738067020443,-0.0042718171188975695,Consumer Durables,5
2024-12-17,7592.60009765625,7879.9501953125,7538.0,7855.0,11466,7705.480078125,7757.225048828125,7651.500032552083,7506.635034179688,7407.17001953125,7363.838346354167,-0.060673118636863956,-0.017145482602698634,0.03455995297641845,0.03784607301324239,-0.007191225265914425,Consumer Durables,5
2024-12-18,7505.0498046875,7610.25,7463.0,7590.0,6967,7639.95,7735.87001953125,7670.650032552084,7525.225024414062,7430.376015625,7376.191666666667,-0.14482012115816217,-0.01153100279781307,0.01131907149496092,0.014017254788475153,-0.005602868173004816,Consumer Durables,5
2024-12-19,7588.10009765625,7600.0,7392.64990234375,7514.89990234375,7779,7618.85,7727.34501953125,7687.910026041666,7557.1500244140625,7451.2640234375,7391.478336588541,-0.06499819281429704,0.011065921630110769,-0.009646709238206985,0.0015682321253809306,-0.02575746139311852,Consumer Durables,5
2024-12-20,7293.64990234375,7637.2001953125,7262.7998046875,7556.0,9274,7540.88994140625,7669.830029296875,7679.950032552083,7571.85751953125,7472.3940234375,7394.165006510417,-0.34800240087790196,-0.03880420546948865,0.035969658698856044,0.04710265745801068,-0.004229720108492763,Consumer Durables,5
2024-12-23,7294.7998046875,7398.0,7202.2001953125,7311.85009765625,6141,7454.83994140625,7617.075,7672.303352864584,7584.667504882813,7483.82201171875,7397.081673177084,-0.34689719800378577,0.00015765801198937298,0.00233732157499289,0.014147090814772723,-0.012693920581000384,Consumer Durables,5
2024-12-24,7343.39990234375,7356.0498046875,7202.7001953125,7300.0,4877,7404.99990234375,7555.239990234375,7639.816666666667,7589.875,7486.3080078125,7406.808333333333,-0.30018630302739174,0.006662293545742064,-0.005910055685500404,0.0017226220159565209,-0.019160022455857795,Consumer Durables,5
2024-12-26,7208.5498046875,7356.0,7201.5,7343.39990234375,5213,7345.69990234375,7492.824951171875,7605.813313802083,7589.4125,7489.32,7416.263330078125,-0.42979445307125325,-0.018363441927384438,0.01870696621511314,0.02045490414959983,-0.0009779782173268137,Consumer Durables,5
2024-12-27,7192.75,7268.9501953125,7175.0,7209.0,4349,7266.6298828125,7442.73994140625,7573.773307291666,7582.589990234375,7499.04599609375,7420.491666666667,-0.4449800813517849,-0.0021918145973307793,0.002259219352820585,0.010594028057766547,-0.002467762677696328,Consumer Durables,5
2024-12-30,7684.9501953125,7739.5,7140.0,7200.0,114965,7344.88994140625,7442.88994140625,7561.516666666666,7596.185009765625,7526.46400390625,7451.143343098958,0.02808710862012951,0.06843004348997254,-0.06310388265213474,0.007098263918583703,-0.07091135029670026,Consumer Durables,5
2024-12-31,7587.0,7669.9501953125,7400.0,7570.25,17580,7403.32998046875,7429.0849609375,7545.82666015625,7605.060009765625,7548.4,7470.406673177084,-0.06605552702889737,-0.01274571634468699,-0.0022077237379728443,0.01093320091109784,-0.02464742322393565,Consumer Durables,5
2025-01-01,7647.9501953125,7687.0,7525.0,7687.0,7056,7464.2400390625,7434.619970703125,7524.906673177084,7595.922509765625,7564.7480078125,7482.630013020834,-0.007474612394320304,0.008033504061223145,0.005105917754463674,0.005105917754463674,-0.016076228554398497,Consumer Durables,5
2025-01-02,7685.7001953125,7703.39990234375,7520.64990234375,7647.9501953125,11049,7559.6701171875,7452.685009765625,7515.106673177083,7594.277514648437,7583.4640234375,7501.04501953125,0.02880795431636836,0.004935963105923117,-0.004911719041945428,0.002302940081119198,-0.021474984552404708,Consumer Durables,5
2025-01-03,7525.14990234375,7679.9501953125,7506.0,7645.0,8468,7626.15009765625,7446.389990234375,7503.87666015625,7586.867504882813,7591.30201171875,7520.230013020833,-0.12550136263884437,-0.020889481620252302,0.015926606009392774,0.02057105771680856,-0.002544786827141543,Consumer Durables,5
2025-01-06,7288.2001953125,7679.9501953125,7247.75,7525.14990234375,12031,7546.80009765625,7445.84501953125,7477.52666015625,7557.8375244140625,7586.30802734375,7529.853352864583,-0.35324026469022085,-0.03148770590702129,0.03251141580655914,0.05375126773437966,-0.0055500938816851475,Consumer Durables,5
2025-01-07,7385.0498046875,7420.0,7215.35009765625,7288.0,11515,7506.41005859375,7454.87001953125,7454.859993489584,7535.972509765625,7585.33001953125,7541.401676432291,-0.2601554325563778,0.013288549543039457,-0.013141387973565122,0.004732560542830111,-0.022978816869120733,Consumer Durables,5
2025-01-08,7187.9501953125,7460.0,7171.0,7460.0,9246,7414.41005859375,7439.325048828125,7427.883333333333,7497.28251953125,7559.62001953125,7539.691682942708,-0.44959330608748016,-0.026689002049775656,0.037848036963989085,0.037848036963989085,-0.0023581403393075906,Consumer Durables,5
2025-01-09,7141.7001953125,7247.4501953125,7111.0,7218.0,8278,7305.61005859375,7432.640087890625,7403.660026041666,7462.73251953125,7536.5440234375,7537.155029296875,-0.4940454573555424,-0.0064343795857351865,0.010683703124023669,0.014807398393649862,-0.004298723619433176,Consumer Durables,5
