Price,Close,High,Low,Open,Volume,MA_5,MA_10,MA_15,MA_20,MA_25,MA_30,Normalised Close,Return Ratio,Percentage Change Open,Percentage Change High,Percentage Change Low,Sector,Sector Encoded
Ticker,FINPIPE.NS,FINPIPE.NS,FINPIPE.NS,FINPIPE.NS,FINPIPE.NS,,,,,,,,,,,,,
Date,,,,,,,,,,,,,,,,,,
2023-01-10,172.3016357421875,177.9645932889126,170.9228346984544,176.97973110687343,415086,,,,,,,-1.1319771001016605,,0.027150614934879025,0.032866533868537884,-0.00800225161992174,Capital Goods,1
2023-01-11,170.578125,174.27135814099802,169.8887244859079,172.30163379913242,337180,,,,,,,-1.1644341035953707,-0.010002869298155501,0.010103926275027542,0.02165127058934435,-0.004041552890161726,Capital Goods,1
2023-01-12,168.50991821289062,172.1539051263629,167.72202549510655,171.36601240857883,281435,,,,,,,-1.203382392846951,-0.01212468941788037,0.016949116265547515,0.021624762222414606,-0.00467564595686687,Capital Goods,1
2023-01-13,169.5440216064453,173.53271651936112,168.8546210724634,168.8546210724634,548791,,,,,,,-1.183908248221161,0.006136750907731323,-0.004066203735465179,0.02352601333342541,-0.004066203735465179,Capital Goods,1
2023-01-16,172.69557189941406,173.33572624088714,169.00233909598606,170.82432492899557,526212,170.7258544921875,,,,,,-1.1245585288572637,0.01858838939354817,-0.010835523747582787,0.003706837033701893,-0.02138579908452498,Capital Goods,1
2023-01-17,169.59324645996094,175.00998787726854,168.80535379370113,173.72966417307165,293780,170.18417663574218,,,,,,-1.1829812500868142,-0.01796412846798448,0.024390226612515997,0.031939605676376104,-0.004645778547825774,Capital Goods,1
2023-01-18,170.33189392089844,172.35086419271653,169.59324736007252,169.59324736007252,444167,170.1349304199219,,,,,,-1.169071105732367,0.0043554061046404136,-0.004336513519710761,0.011853154599194893,-0.004336513519710761,Capital Goods,1
2023-01-19,170.28265380859375,171.7599469822755,168.95309896896214,169.39628391550602,316747,170.4894775390625,,,,,,-1.169998391218894,-0.0002890833370734106,-0.005205285877703414,0.008675535297578252,-0.007807928816555232,Capital Goods,1
2023-01-20,171.46449279785156,174.02512516913956,169.39627643490897,170.0364307707803,298004,170.87357177734376,,,,,,-1.1477421027813424,0.006940454372917272,-0.008328616635252195,0.014933892898204126,-0.012062067948848898,Capital Goods,1
2023-01-23,170.03643798828125,173.58194761016333,169.3962836252374,172.15390055027868,316379,170.34174499511718,170.53379974365234,,,,,-1.17463510600371,-0.008328574541983574,0.012452992941097474,0.020851469625154273,-0.0037648069473671386,Capital Goods,1
2023-01-24,165.01365661621094,171.41526060588106,164.47197942690886,170.03644457603903,262172,169.4258270263672,169.80500183105468,,,,,-1.2692236853208985,-0.029539441260328436,0.0304386198259341,0.038794389027806186,-0.0032826203625189176,Capital Goods,1
2023-01-25,164.27500915527344,165.80154848896402,160.0400989168364,165.01365576565883,459835,168.21445007324218,169.17469024658203,,,,,-1.2831338296753456,-0.004476280788416486,0.004496402795431953,0.009292584073136156,-0.02577939432305365,Capital Goods,1
2023-01-27,162.55149841308594,166.09699308296598,161.6158823902483,165.0628998632949,431388,166.66821899414063,168.57884826660157,,,,,-1.3155908331690558,-0.010491618603767237,0.015449881881905547,0.02181151637784362,-0.005755812969868823,Capital Goods,1
2023-01-30,164.81668090820312,167.72202114104337,162.50224892750822,162.50224892750822,420813,165.33865661621093,168.10611419677736,,,,,-1.2729331146191871,0.01393516834499283,-0.01404246201259185,0.017627707443389262,-0.01404246201259185,Capital Goods,1
2023-01-31,169.8394775390625,171.16904747442445,165.4568439054608,165.4568439054608,435257,165.29926452636718,167.82050476074218,168.78895467122396,,,,-1.178344247949818,0.030475050238736996,-0.02580456379815288,0.007828391576723659,-0.02580456379815288,Capital Goods,1
2023-02-01,166.14622497558594,173.2864748443667,163.43785433570358,170.8735658253047,380031,165.5257781982422,167.47580261230468,168.37859395345052,,,,-1.2478952570742348,-0.0217455483082673,0.02845289353046332,0.04297569728009143,-0.016301126554517542,Capital Goods,1
2023-02-02,173.58193969726562,174.27134014014814,165.16136600000797,165.45682762632978,971038,167.3871643066406,167.8008071899414,168.57884826660157,,,,-1.1078665280432354,0.04475403953819784,-0.04680851063829794,0.003971613890735748,-0.048510655612810316,Capital Goods,1
2023-02-03,174.61605834960938,181.11613937957546,170.52887150056517,174.51756612565998,1401127,169.80007629394532,168.23414764404296,168.98592427571614,,,,-1.0883920960652647,0.005957524464511098,-0.0005640502075255904,0.03722499002326507,-0.02340670662065336,Capital Goods,1
2023-02-06,170.82432556152344,177.96457567458978,169.39627854447073,172.44935701773056,1129004,171.00160522460936,168.17013092041014,169.07127787272137,,,,-1.1597976761627355,-0.021714685487255015,0.009512880855027106,0.04179879001187525,-0.00835974040792209,Capital Goods,1
2023-02-07,171.51373291015625,175.05924256822908,170.43039359026977,171.3167634908863,317014,171.33645629882812,168.31786041259767,168.99248860677082,169.425830078125,,,-1.1468148172948154,0.004035768011181278,-0.0011484177734801815,0.020671870397282133,-0.00631634156347094,Capital Goods,1
2023-02-08,173.43421936035156,175.94560565747636,170.87357192556206,170.97206414528583,399050,172.79405517578124,169.15991668701173,169.24855346679686,169.4824592590332,,,-1.1106483845028166,0.01119727509634064,-0.014196478781099198,0.014480339037977297,-0.014764372591715258,Capital Goods,1
2023-02-09,173.04026794433594,175.89637705068594,171.90768254058875,173.33572957986223,325937,172.68572082519532,170.03644256591798,169.42911173502605,169.60556640625,,,-1.1180672430993939,-0.002271474553687099,0.001707473289519701,0.016505459337758044,-0.006545212956509783,Capital Goods,1
2023-02-10,175.20697021484375,178.16155666047553,172.3016298821999,172.59709153232384,719427,172.80390319824218,171.30198974609374,169.7573994954427,169.94041900634767,,,-1.0772640955225792,0.012521376071867868,-0.014895975196190014,0.016863406986655782,-0.016582333049200204,Capital Goods,1
2023-02-13,176.19183349609375,179.24491218732916,174.76378637708515,176.044110183984,382541,173.87740478515624,172.43950500488282,170.0725555419922,170.27280960083007,,,-1.0587172363833162,0.0056211421271786886,-0.0008384231503727468,0.017328150974165846,-0.008105069858645009,Capital Goods,1
2023-02-14,175.74862670898438,178.26002789763297,173.82814875100675,176.93045814252432,387661,174.72438354492186,173.030419921875,170.4533681233724,170.4254623413086,170.48554077148438,,-1.0670636678186012,-0.0025154786025834795,0.006724555722969594,0.014289734353413408,-0.010927413738246017,Capital Goods,1
2023-02-15,176.29031372070312,180.72219311591633,174.91151280886905,175.25620552292614,780689,175.29560241699218,174.04482879638672,171.20514526367188,170.76031570434571,170.645087890625,,-1.0568626654102622,0.0030821692428681644,-0.005865938836635887,0.025139664804469275,-0.007821194952426613,Capital Goods,1
2023-02-16,175.5516815185547,178.11232916753463,174.91152712021173,177.0782208851464,407289,175.79788513183593,174.24180297851564,171.95692342122396,171.02130508422852,170.84403015136718,,-1.0707725224125288,-0.004189862656428492,0.008695669294573882,0.014586289500788885,-0.0036465295735449432,Capital Goods,1
2023-02-17,176.33956909179688,179.2449093979055,175.35470695224794,176.19183075418235,440966,176.02440490722657,174.41415405273438,172.87612813313802,171.32415084838868,171.15721618652344,,-1.0559350925715545,0.004488066228855306,-0.0008378059353066902,0.016475827411125188,-0.005585032018742497,Capital Goods,1
2023-02-20,176.33956909179688,178.26004725835656,173.28649044807375,176.48729240160776,397271,176.0539520263672,174.9656784057617,173.64432067871093,171.56790466308593,171.4290380859375,,-1.0559350925715545,0.0,0.0008377207144811827,0.01089079539238269,-0.017313633346431656,Capital Goods,1
2023-02-21,172.15390014648438,177.27518012223268,171.51373075713883,175.84713306569756,341435,175.3350067138672,175.02969512939453,173.79861551920573,171.67377777099608,171.40737121582032,171.29378509521484,-1.1347592439134222,-0.023736413596052122,0.021453088870311054,0.029748265774929505,-0.003718587779892424,Capital Goods,1
2023-02-22,167.1803436279297,171.07054596746667,164.57046504044118,167.62352857307636,352309,173.5130126953125,174.40430755615233,173.8675567626953,171.78211212158203,171.31085510253905,171.12307535807292,-1.2284208250962643,-0.028890176256958035,0.002650939312177858,0.023269496013208713,-0.015611156974871143,Capital Goods,1
2023-02-23,166.8848876953125,168.31293480197522,162.6499774603994,166.4417027350108,621387,171.77965393066407,173.78876953125,173.42108662923178,171.912606048584,171.17297485351563,170.99996744791667,-1.2339848253676071,-0.0017672887027600755,-0.002655632672449282,0.008557078632967396,-0.025376235640011346,Capital Goods,1
2023-02-24,167.6727752685547,170.62736161689926,166.68791315243982,166.93412868146854,230587,170.04629516601562,173.03535003662108,172.95820109049478,172.1686698913574,171.06857971191405,170.97206268310546,-1.2191473955266328,0.00472114392215466,-0.004405286343612369,0.017621145374449254,-0.005873715124816492,Capital Goods,1
2023-02-27,164.57046508789062,168.21445190030752,163.48711075250574,167.42655920437335,165739,167.69247436523438,171.8732131958008,172.54127705891926,172.1563591003418,170.79281860351563,170.8062774658203,-1.2775698294040028,-0.018502169930062994,0.017354840158939844,0.02214241061098532,-0.006582920785976443,Capital Goods,1
2023-02-28,166.49093627929688,169.79021520385766,162.8961806997692,165.01364317127792,462984,166.55988159179688,170.94744415283202,172.2064239501953,171.98893203735352,170.65099853515625,170.59945627848307,-1.2414036839641844,0.011669598128562143,-0.008873114302995533,0.01981656778616503,-0.021591298961147642,Capital Goods,1
2023-03-01,165.25985717773438,168.3621666650779,164.1765028973083,166.49093475649013,238589,166.1757843017578,169.84439849853516,171.66146647135417,171.94461364746093,170.6608465576172,170.45500996907552,-1.264587257888263,-0.007394270998015791,0.007449344322207452,0.018772311318211,-0.006555459377294182,Capital Goods,1
2023-03-02,164.1272735595703,167.42656781888766,163.58561139181126,165.25987406443932,164382,165.62426147460937,168.70195770263672,171.06726684570313,171.47188034057618,170.65493713378908,170.2481892903646,-1.2859159734871073,-0.006853349854623114,0.006900745258879404,0.020102047562009062,-0.0033002569043618646,Capital Goods,1
2023-03-03,167.47581481933594,169.29780081503503,164.2750127705575,164.2750127705575,344105,165.58486938476562,167.81558227539062,170.5518564860026,171.1148681640625,170.85190979003906,170.15462799072264,-1.222856537472741,0.02040210129092448,-0.01911202553175384,0.010879099156284378,-0.01911202553175384,Capital Goods,1
2023-03-06,167.52505493164062,171.858442308234,166.4417005735905,167.91899377394782,502412,166.17578735351563,166.934130859375,169.97407124837238,170.94990463256835,170.96024475097656,170.0233133951823,-1.221929251986214,0.00029401327205247596,0.0023515219408103416,0.02586710016816074,-0.006466819894446085,Capital Goods,1
2023-03-08,169.19932556152344,171.6122348974184,166.93413954153468,167.4265706316277,333187,166.71746520996095,166.6386734008789,169.537451171875,170.8341842651367,170.934638671875,169.9954096476237,-1.1903995339790308,0.009994150609686453,-0.010477316762419031,0.014260750318520587,-0.01338767759547066,Capital Goods,1
2023-03-09,168.26370239257812,172.20315094701667,166.88488638184245,170.52887328913738,377134,167.3182342529297,166.74700927734375,169.00234375,170.57565841674804,171.0193377685547,170.10374450683594,-1.2080191076317666,-0.0055297098013851465,0.01346202932866869,0.02341234917824031,-0.008194375798998732,Capital Goods,1
2023-03-10,165.9492645263672,168.11595814963746,164.91515631159183,168.11595814963746,425305,167.68263244628906,166.65344696044923,168.3621826171875,170.22110824584962,170.71403076171876,170.15955301920573,-1.251604399020343,-0.013754825510799078,0.013056361710636066,0.013056361710636066,-0.006231472117256942,Capital Goods,1
2023-03-13,162.79771423339844,168.60839482992517,160.8772360720246,166.83563997796333,740671,166.74701232910155,166.1659408569336,167.45939229329426,169.60064544677735,170.24129699707032,170.16776021321616,-1.3109541183842401,-0.018991047064676865,0.02480333193607276,0.03569264239297687,-0.011796714532616215,Capital Goods,1
2023-03-14,159.74462890625,164.96440101867,158.85825903130072,163.24089235131075,521616,165.19092712402343,165.68335723876953,166.35306294759116,168.77828521728514,169.7981091308594,169.99869181315105,-1.3684495541272637,-0.01875385868607047,0.021886579029286812,0.0326757284308028,-0.005548667776927085,Capital Goods,1
2023-03-15,161.36965942382812,163.29013749336536,159.64615076668906,160.5325206363823,224851,163.62499389648437,165.17122955322264,165.63411356608074,168.05933685302733,169.39234619140626,169.71636454264322,-1.3378471216066075,0.010172677032739632,-0.005187708708284111,0.011901110012838334,-0.010680500059880305,Capital Goods,1
2023-03-16,157.87339782714844,162.206785061286,157.57793619122927,162.206785061286,292621,161.54693298339845,164.43258361816407,165.0136505126953,167.13849105834962,168.7699133300781,169.44060363769532,-1.403688414080555,-0.021666164563791744,0.02744849540061267,0.02744849540061267,-0.0018715099566214422,Capital Goods,1
2023-03-17,160.04010009765625,161.27117779071514,157.82416025015024,158.7105301780311,260772,160.36510009765624,164.02386627197265,164.55733133951824,166.3629119873047,168.24990661621095,168.989208984375,-1.3628852665037403,0.013724302512827902,-0.008307729867788494,0.007692307692307665,-0.013846153846153841,Capital Goods,1
2023-03-20,157.57794189453125,160.53252830505372,155.60821762084962,155.80518704265705,281790,159.3211456298828,163.0340789794922,163.88434244791668,165.4248306274414,167.54474548339843,168.42127176920573,-1.4092524143518979,-0.015384632986498973,-0.011250019073486328,0.018750000000000044,-0.012499999999999956,Capital Goods,1
2023-03-21,163.191650390625,165.60455958072308,158.1688625918541,159.8431251914444,1137527,160.01054992675782,162.60073852539062,163.79242146809895,164.7674346923828,167.0247381591797,168.1668492635091,-1.3035355471398433,0.03562496392960298,-0.020518973802675533,0.014785739247825447,-0.030778460704013133,Capital Goods,1
2023-03-22,169.19932556152344,171.3660193523719,162.64998304660367,163.19166025126685,669089,161.57648315429688,162.60073852539062,163.97298075358074,164.61970596313478,166.76276611328126,168.089702351888,-1.1903995339790308,0.03681361856760513,-0.03550643769009654,0.012805569901994662,-0.038707852369886275,Capital Goods,1
2023-03-23,165.55532836914062,169.2977924025819,164.96440508606918,168.4114225057781,358745,163.1128692626953,162.32990112304688,163.9926788330078,164.5384552001953,166.33336669921874,167.827072652181,-1.2590229702647397,-0.021536712278783877,0.017251598995770223,0.02260551847112202,-0.0035693401649620204,Capital Goods,1
2023-03-24,160.9757080078125,166.7371573314344,158.21809110908916,165.55532581135387,236543,163.29999084472655,161.8325454711914,163.78257446289064,164.2429962158203,165.75032775878907,167.42492065429687,-1.345265980203185,-0.027662174370594057,0.028449123536820276,0.03579079971086241,-0.01713063997575026,Capital Goods,1
2023-03-27,162.1083221435547,164.4227392684955,160.53253663175315,160.8772444086486,301634,164.20606689453126,161.76360626220702,163.42474161783855,163.96477355957032,165.18107788085936,166.98829905192056,-1.3239366898999798,0.007035932003400285,-0.007594167397623752,0.014276979086189412,-0.009720571349854046,Capital Goods,1
2023-03-28,162.7484588623047,164.66893691442337,159.54765709950595,162.99467438251997,444868,164.1174285888672,162.0639892578125,163.1063018798828,163.87367324829103,164.63743347167969,166.5401865641276,-1.3118816912229476,0.003948820827243701,0.001512859304084735,0.011800284104339864,-0.01966717095310133,Capital Goods,1
2023-03-29,171.11978149414062,172.35085905884668,162.10829973161327,163.58559280926053,619081,164.50151977539062,163.03900146484375,163.2343322753906,164.1051155090332,164.59606872558595,166.38589172363282,-1.1542336758913927,0.051437185275705725,-0.04402874185026984,0.007194244604316502,-0.05266183537544966,Capital Goods,1
2023-03-31,168.01747131347656,174.27133629837763,166.49093213430152,172.35085831132616,336971,164.99394836425782,164.05340881347655,163.2179168701172,164.2429962158203,164.6295538330078,166.1101303100586,-1.212656109768763,-0.018129465533301244,0.02579128803673414,0.03722151592933454,-0.009085597868134343,Capital Goods,1
2023-04-03,169.59324645996094,172.35086327796898,167.52504511730692,172.35086327796898,225428,166.7174560546875,165.00872344970702,163.46084899902343,164.51629486083985,164.73788818359375,165.91151580810546,-1.1829812500868142,0.009378638627077012,0.01626018061196266,0.01626018061196266,-0.012195069000830117,Capital Goods,1
2023-04-05,169.19932556152344,174.0743903478835,168.06672503762692,169.88872608209283,297248,168.13565673828126,166.17086181640624,163.88762308756512,164.60247039794922,164.7989501953125,165.6735076904297,-1.1903995339790308,-0.0023227392992355997,0.004074487402839555,0.028812554483779174,-0.006693883206317364,Capital Goods,1
2023-04-06,167.62353515625,171.36601433698632,166.44170358017638,169.39629003426234,308035,169.1106719970703,166.61405029296876,164.41288350423176,164.60739440917968,164.92107299804687,165.38297322591146,-1.2200746810131597,-0.009313219187156016,0.01057581130453955,0.02232669283133637,-0.0070505109856559,Capital Goods,1
2023-04-10,162.7484588623047,169.93795505815163,161.51738126122825,168.4606619368599,379473,167.43640747070313,165.96896362304688,164.5048034667969,164.28485107421875,164.77137390136718,165.0694585164388,-1.3118816912229476,-0.029083483350956764,0.035098354322286474,0.04417551014679466,-0.0075642965204235635,Capital Goods,1
2023-04-11,164.91514587402344,168.3129169122645,163.58559113443457,163.58559113443457,340217,166.8159423828125,165.90494537353516,164.97425333658853,164.117423248291,164.75758544921874,164.99395192464192,-1.2710788309983134,0.013313103097043161,-0.008062053564228178,0.02060314727451762,-0.008062053564228178,Capital Goods,1
2023-04-12,164.91514587402344,167.32805487058292,163.58559113443457,165.94925402334954,255540,165.880322265625,166.29888916015625,165.29925638834635,164.06571731567382,164.78910034179688,164.92829386393228,-1.2710788309983134,0.0,0.006270546855144721,0.014631215245703766,-0.008062053564228178,Capital Goods,1
2023-04-13,167.9189910888672,171.02130074888916,165.11212804194955,165.75229743521666,592883,165.62425537109374,166.8799560546875,165.98865966796876,164.32178115844727,164.80682739257813,164.9365010579427,-1.214510680741817,0.01821448963297979,-0.012903207907578818,0.018475037516037407,-0.0167155783197398,Capital Goods,1
2023-04-17,165.99850463867188,168.75612143582367,165.16136586938921,168.36216759177194,182254,165.29924926757812,167.20496063232423,166.1757832845052,164.63447494506835,164.74576538085938,164.98410237630208,-1.250677113533816,-0.011436981831191089,0.014239061720736856,0.01661229902735739,-0.0050430500630404,Capital Goods,1
2023-04-18,165.9000244140625,167.91899480585195,164.7181928520747,166.4417015964163,140570,165.9295623779297,166.6829849243164,165.9558298746745,164.8609931945801,164.61379333496095,164.96440531412762,-1.25253168450687,-0.0005932597093192883,0.003265081993007124,0.012169801655667056,-0.007123757613429316,Capital Goods,1
2023-04-19,163.78257751464844,167.03262559465287,162.99468479407102,166.7371639459609,226193,165.7030487060547,166.2594955444336,165.837646484375,165.15645217895508,164.43454833984376,164.9151626586914,-1.2924072592449771,-0.012763391126026726,0.018039686981041747,0.019843674030064262,-0.004810601545863102,Capital Goods,1
2023-04-20,161.81283569335938,165.35833001006873,161.51737407668307,164.57045240266805,241681,165.08258666992188,165.48145446777343,165.8934549967448,165.24508895874024,164.26909118652344,164.8380147298177,-1.3295012648756837,-0.012026565042383046,0.017042014605902267,0.021911082032010087,-0.0018259467205445912,Capital Goods,1
2023-04-21,163.53634643554688,167.3280563120028,161.81283784775718,162.30526887283995,236425,164.2060577392578,164.91515655517577,165.98865661621093,165.54300918579102,164.29863647460937,164.70669911702473,-1.2970442613819735,0.010651260975696695,-0.007527852917957434,0.023185731851667057,-0.010538994085140363,Capital Goods,1
2023-04-24,159.30145263671875,164.37348669409246,159.05523709941315,164.37348669409246,500810,162.86664733886718,164.08294830322265,165.75885620117188,165.3484992980957,164.28090942382812,164.43257904052734,-1.3767954108581877,-0.025895734441500354,0.03183922038011988,0.03183922038011988,-0.0015455950540959051,Capital Goods,1
2023-04-25,161.71435546875,164.7674340211037,159.79387735966444,159.79387735966444,308892,162.02951354980468,163.9795379638672,165.13182779947917,164.97425079345703,164.294697265625,164.1830800374349,-1.3313558358487376,0.015146772311824352,-0.011875742901851893,0.018879452869251745,-0.011875742901851893,Capital Goods,1
2023-04-26,161.32041931152344,163.68408240378614,160.53252660483474,162.4037586338924,184302,161.53708190917968,163.62006530761718,164.68535766601562,164.76250534057618,164.432578125,163.9516372680664,-1.3387744070931347,-0.0024359999214954514,0.00671545069739099,0.014651977117033477,-0.0048840234240106195,Capital Goods,1
2023-04-27,161.76361083984375,163.33939631728958,161.17268752885056,162.1083186092238,191958,161.52723693847656,163.3049118041992,164.16338195800782,164.80190048217773,164.5015185546875,163.81211547851564,-1.3304282630100301,0.00274727483483955,0.0021309351812215382,0.009741285257325094,-0.0036530051964420718,Capital Goods,1
2023-04-28,164.9644012451172,166.04775556292273,161.96056884374997,161.96056884374997,838708,161.81284790039064,163.00945281982422,163.88105367024738,164.94470443725587,164.79697692871093,163.88433837890625,-1.270151258159606,0.019786838267615226,-0.01820897344333028,0.0065672006180037545,-0.01820897344333028,Capital Goods,1
2023-05-02,167.52505493164062,169.00234813199793,165.45683844001897,165.85077728232616,439377,163.457568359375,163.1621078491211,163.8744883219401,165.18353424072265,164.97031311035155,164.14368591308593,-1.221929251986214,0.015522462223341235,-0.00999419251047351,0.008818341835256316,-0.01234571445128374,Capital Goods,1
2023-05-03,171.90768432617188,173.77891632426952,166.9833737755958,168.41142082970222,1438685,165.49623413085936,163.76287384033202,164.48510335286457,165.22292938232422,165.0786474609375,164.49495340983074,-1.139395958698238,0.026161038397030236,-0.020338029158929016,0.010885098042198171,-0.028645086866697977,Capital Goods,1
2023-05-04,176.0933380126953,179.2448935754952,172.0061514776716,172.84329023351324,1146972,168.45081787109376,164.99394989013672,165.23031616210938,165.62672271728516,165.5001678466797,165.10228474934897,-1.0605720947085508,0.024348264028626658,-0.018456392591909232,0.017897074349131126,-0.023210341635576448,Capital Goods,1
2023-05-05,174.3698272705078,178.55549094249892,172.7447958870535,176.8812284792629,540517,170.97206115722656,166.24964904785156,165.86062825520833,165.8655517578125,166.0359326171875,165.57994232177734,-1.093029098202261,-0.00978748407883122,0.01440272808700449,0.024004518083840853,-0.009319452848532861,Capital Goods,1
2023-05-08,171.16903686523438,176.8319939693375,168.8546049072188,175.2069624793043,633842,172.21298828125,167.0129180908203,166.07729797363282,165.96403732299805,166.3983612060547,166.0329788208008,-1.1533061030526852,-0.01835633179992721,0.0235902806256314,0.033084004022069236,-0.013521323718364897,Capital Goods,1
2023-05-09,168.46067810058594,172.89255788969797,167.96824701290683,171.16904908282106,752323,172.40011291503907,167.92884063720703,166.24144287109374,166.00589447021486,166.62684997558594,166.20861307779947,-1.204309678333478,-0.01582271428436438,0.016077170131168383,0.02630809657827582,-0.002923121842030585,Capital Goods,1
2023-05-10,182.05177307128906,183.67678959546257,168.9038574564173,169.19931910475896,6296718,174.4289306640625,169.96258239746095,167.31822611490887,166.97106018066407,167.0641296386719,166.63702799479168,-0.9483633670342653,0.08067814473943906,-0.07059779616371686,0.00892612302950302,-0.07222075013640872,Capital Goods,1
2023-05-11,181.8547821044922,184.90786064828825,181.21462774585905,183.18435196048796,956683,175.5812194824219,172.01601867675782,168.52303975423177,167.8180419921875,167.6176220703125,167.1803431193034,-0.9520730836847345,-0.0010820601385724267,0.007311162459460618,0.016788552428837367,-0.00352014036268411,Capital Goods,1
2023-05-12,178.8509521484375,181.60855383315885,175.650150524284,181.60855383315885,785854,176.47744445800782,173.7247528076172,169.6589141845703,168.51483230590821,167.98793029785156,167.77618459065755,-1.0086409465890505,-0.016517739711286297,0.015418434465099606,0.015418434465099606,-0.017896475169430492,Capital Goods,1
2023-05-15,178.50625610351562,181.9040273520633,176.5857780089281,179.68808762112312,533024,177.94488830566405,175.07893829345704,170.6569081624349,169.04419555664063,168.36020751953126,168.32278238932292,-1.0151322323469203,-0.001927281016853599,0.006620672817887918,0.019034465921336174,-0.010758603852370596,Capital Goods,1
2023-05-16,184.85862731933594,188.2563988189477,178.9494542668619,179.98356255660568,2099799,181.22447814941407,176.81229553222656,172.3607198079427,169.98720169067383,169.0496112060547,169.0597880045573,-0.895504933428238,0.03558626657956782,-0.026371854175400666,0.018380378286279475,-0.031965903556484765,Capital Goods,1
2023-05-17,185.84347534179688,191.45718630857297,182.24873468642178,187.0253068567282,1427965,181.98281860351562,178.20587463378905,173.96932779947917,170.98437423706054,169.97341186523437,169.55057779947916,-0.8769583616411555,0.005327574031801349,0.006359284407255972,0.030206661581481775,-0.019342840251796667,Capital Goods,1
2023-05-18,184.51393127441406,189.58596537594772,183.67679242916495,187.0253177545536,632111,182.5146484375,179.04793395996094,175.51556193033855,172.02094192504882,170.75736328125,170.10045979817707,-0.9019962191861078,-0.007154106782266965,0.013610823111261716,0.027488624119066607,-0.0045369953339950975,Capital Goods,1
2023-05-19,187.61624145507812,189.0935346948819,183.9230083555687,185.99122490241555,773969,184.26770629882813,180.37257537841796,177.23907063802082,173.31111221313478,171.66540710449217,170.70122629801432,-0.8435737853087377,0.01681341977398023,-0.008661385283382561,0.007874015748031482,-0.019685039370078816,Capital Goods,1
2023-05-22,188.01016235351562,192.54053386739895,186.4343920648885,188.55183949527597,1547329,186.16848754882812,182.0566879272461,178.77545471191405,174.5348030090332,172.46905395507812,171.32825419108073,-0.8361555014165214,0.0020996097959451896,0.0028811056539690405,0.024096418284905496,-0.00838130380241997,Capital Goods,1
2023-05-23,179.29415893554688,183.77528476165935,177.32443461882085,182.19949929715696,2433102,185.05559387207032,183.1400360107422,179.5600616455078,175.5344383239746,173.00088012695312,171.71727498372397,-1.0002945151537657,-0.04635921435767947,0.016204322432246787,0.02499315009879033,-0.010985992674943268,Capital Goods,1
2023-05-24,175.65016174316406,182.64267364432638,175.1084845819958,180.22976450218022,738528,183.01693115234374,182.4998748779297,179.80956013997397,176.23122863769532,173.3908856201172,172.14733174641927,-1.0689179514394747,-0.020324126642032807,0.026072294574442045,0.039809310915333906,-0.0030838409472135897,Capital Goods,1
2023-05-25,174.96075439453125,177.4721558748143,173.58195339992287,176.29032430403515,497191,181.10629577636718,181.8104721069336,179.7340545654297,176.9132453918457,173.8380126953125,172.48218536376953,-1.0819008103073948,-0.003924888777733464,0.007599246551633909,0.014354084657293598,-0.007880630141198552,Capital Goods,1
2023-05-26,177.22593688964844,178.75247619327845,171.7599490748718,174.56681215018517,711889,179.02823486328126,181.6479705810547,179.9244618733724,177.68636169433594,174.45453674316406,172.89254506429037,-1.0392430917575262,0.012946803430038196,-0.015004151119928921,0.008613520856038948,-0.03084191800989089,Capital Goods,1
2023-05-29,176.14259338378906,178.94944136465878,174.3205924795203,177.37367101429413,576752,176.65472106933595,181.41160430908204,180.25603230794272,178.24527130126953,174.95878662109374,173.16666514078776,-1.0596445218698431,-0.006112781937408687,0.006989096770153358,0.015935089446276196,-0.010343897346276165,Capital Goods,1
2023-05-30,171.95693969726562,176.88125051302003,171.36601638825348,176.88125051302003,512605,175.1872772216797,180.121435546875,180.489116414388,178.46686553955078,175.46500610351563,173.3652796427409,-1.1384683858595304,-0.0237628707861903,0.028636883305924066,0.028636883305924066,-0.0034364609538438673,Capital Goods,1
2023-05-31,175.25621032714844,176.2410724419712,168.80536046949874,171.8091929252688,990897,175.10848693847657,179.06270904541014,180.03607889811198,178.6342918395996,176.00668029785157,173.67715250651042,-1.0763368100360522,0.019186609366805777,-0.019668446530055284,0.005619556151444494,-0.03680810994148498,Capital Goods,1
2023-06-01,170.3811492919922,178.21080025678603,169.88871822467428,176.044106566148,876829,174.19256591796875,177.64943084716796,179.27117004394532,178.34868240356445,176.36910949707033,173.89710489908853,-1.1681435328936596,-0.027816766242155063,0.033236994219653315,0.04595373958521498,-0.0028901734104046506,Capital Goods,1
2023-06-02,169.24855041503906,172.74479869325634,168.41141165592083,171.80918274517282,596116,172.5970886230469,175.81266174316406,178.63100992838542,178.092618560791,176.66850708007811,174.14496205647785,-1.189472535844684,-0.006647442405803495,0.015129419565806934,0.020657478422377196,-0.004946209329801388,Capital Goods,1
2023-06-05,168.21444702148438,170.82432553402953,167.4758004581826,170.1841711902891,852730,171.01145935058594,173.83309020996094,177.94488932291668,177.94488906860352,176.7985089111328,174.30089874267577,-1.2089466804704743,-0.00610996898359727,0.011709601664315672,0.015515186470349995,-0.004391100624118516,Capital Goods,1
2023-06-06,164.4719696044922,169.74098781551777,164.07803077823735,168.4114179782525,1010759,169.51446533203125,172.35087127685546,176.58577880859374,177.74545364379884,176.67638549804687,174.47324930826824,-1.2794246877292375,-0.022248252057174362,0.023952095808383422,0.03203596469171033,-0.0023951730328405363,Capital Goods,1
2023-06-07,164.4227294921875,166.88488481560393,163.7333290071916,165.4568377335831,991875,167.34776916503907,171.2281280517578,175.15772908528646,176.86400146484374,176.3769873046875,174.56352844238282,-1.2803519732157644,-0.0002993830038218416,0.006289326570537934,0.014974543550156927,-0.0041928539145718036,Capital Goods,1
2023-06-08,163.191650390625,168.7561303891323,162.50224991171174,165.2106207435736,1386849,165.9098693847656,170.05121765136718,173.73624369303386,175.93084487915038,175.8609197998047,174.6259028116862,-1.3035355471398433,-0.007487280532105474,0.01237177483110119,0.03409782292897856,-0.00422448377268736,Capital Goods,1
2023-06-09,162.05906677246094,165.0628992796263,161.51738959447974,164.61969929813034,691362,164.47197265625,168.53453063964844,172.03243204752604,175.09125061035155,175.36848937988282,174.63575134277343,-1.3248642627386873,-0.0069402056750639185,0.015800612558535043,0.018535417776920138,-0.0033424675877082866,Capital Goods,1
2023-06-12,162.79771423339844,165.21062346321705,160.58177442539701,162.40376036196048,3064440,163.3886260986328,167.20004272460938,170.35160217285156,174.3058235168457,175.03363647460938,174.56352844238282,-1.3109541183842401,0.004557890376936442,-0.0024198980513520096,0.014821517864552325,-0.013611614993712329,Capital Goods,1
2023-06-13,168.55914306640625,169.8887129177534,161.22192339812767,163.68407865780526,4329243,164.20606079101563,166.86026306152343,169.63593444824218,173.49084930419923,175.03757507324218,174.597998046875,-1.2024553947126044,0.03539010888536074,-0.028921981447665446,0.00788785364685518,-0.043529051790373474,Capital Goods,1
2023-06-14,172.1046600341797,174.0251382135497,170.7750901257984,171.36601342459093,2618266,165.74244689941406,166.54510803222655,169.39956766764323,172.80390853881835,174.6396905517578,174.60456390380858,-1.1356865293999492,0.021034260754260188,-0.0042918454935622075,0.011158780819697789,-0.0077253568155402075,Capital Goods,1
2023-06-15,171.75994873046875,176.97972100283235,170.5288710732039,172.35087201707725,2029872,167.45610656738282,166.68298797607423,169.1861806233724,172.16620941162108,174.23589721679687,174.46011759440105,-1.1421781025099997,-0.002002916734750113,0.003440402090104211,0.030389926819055058,-0.007167431443500849,Capital Goods,1
2023-06-16,172.00616455078125,174.36984267338127,171.36601017904985,173.3357344339815,616074,169.44552612304688,166.95874938964843,168.83819580078125,171.38570556640624,173.96210571289063,174.38132883707684,-1.1375413877251839,0.001433487970463183,0.007729780421955157,0.01374182215371822,-0.003721694355567129,Capital Goods,1
2023-06-19,172.7940673828125,175.60093062167354,171.66148188098677,173.04028292910542,932086,171.44479675292968,167.41671142578124,168.61496073404948,170.6249008178711,173.7336181640625,174.43549652099608,-1.122703670532029,0.004580666245823056,0.0014249074058048095,0.016243979213954374,-0.006554539278924243,Capital Goods,1
2023-06-20,174.56680297851562,175.99484998321657,172.44935552614552,173.23723316473732,912277,172.64632873535157,168.4261947631836,168.78895161946613,170.38853302001954,173.3219451904297,174.63903401692707,-1.0893196689039724,0.010259238772218725,-0.007616395506435114,0.008180518748898136,-0.012129725791167223,Capital Goods,1
2023-06-21,174.2220916748047,176.73349292287003,173.1879985383681,175.5024153530147,682623,173.06981506347657,169.4061309814453,168.72001037597656,170.31712951660157,172.85708984375,174.37804463704427,-1.0958112420140227,-0.0019746669918298382,0.0073488021289505046,0.014414941434367723,-0.0059354880112837405,Capital Goods,1
2023-06-22,173.87741088867188,177.76761327047052,171.95693275363746,175.10848854289952,1241539,173.4933074951172,170.47470703125,168.95309448242188,170.2629623413086,172.43162902832032,174.11213226318358,-1.102302240419712,-0.0019783988518297583,0.007080147144679305,0.022373247691670706,-0.01104501226018395,Capital Goods,1
2023-06-23,172.64634704589844,174.81304088511072,170.97208430777096,174.81304088511072,819391,173.62134399414063,171.53343505859374,169.1796142578125,170.0339828491211,171.83283325195313,173.90531209309896,-1.1254855269916102,-0.0070800677125428795,0.01254989680515095,0.01254989680515095,-0.009697643574713921,Capital Goods,1
2023-06-26,174.96075439453125,175.9948626543894,171.3167674563773,172.74481456389395,504429,174.05468139648437,172.74973907470704,169.6293680826823,169.9748908996582,171.31085693359375,173.7871287027995,-1.0819008103073948,0.01340548113663547,-0.012665353657771883,0.005910515552112194,-0.020827453280961916,Capital Goods,1
2023-06-27,173.0895233154297,176.3888175376846,172.79406166409578,176.24107919811573,361867,173.75922546386718,173.20277709960936,170.20387166341146,170.0315200805664,171.06267150878907,173.39482523600262,-1.1171396702606864,-0.010695147523666893,0.018207664001377966,0.019061201157983598,-0.0017069874922208683,Capital Goods,1
2023-06-28,170.1349334716797,174.27135142462,169.39628687194735,174.27135142462,516792,172.9417938232422,173.00580444335938,170.58468526204427,169.77545623779298,170.8420623779297,172.87120717366537,-1.1727802476784752,-0.017069720842466607,0.024312572782877906,0.024312572782877906,-0.00434153400868309,Capital Goods,1
2023-06-30,173.13876342773438,174.12362554617678,170.381146490535,170.381146490535,609667,172.7940643310547,173.14368591308593,171.2478261311849,169.91333694458007,170.76918273925781,172.49203491210938,-1.1162123847741592,0.01765557428307161,-0.015927207071398275,0.005688282040049675,-0.015927207071398275,Capital Goods,1
2023-07-03,172.1046600341797,173.97589210068304,171.36601342459093,173.3357377168276,437086,172.68572692871095,173.15353546142578,171.91753234863282,170.0561424255371,170.56433166503905,171.97498219807943,-1.1356865293999492,-0.00597268556781802,0.007153075822603716,0.010872640323229543,-0.0042918454935622075,Capital Goods,1
2023-07-04,172.20314025878906,173.13875622683608,170.03643166608725,172.35086355929022,374319,172.1342041015625,173.09444274902344,172.54456075032553,170.25557708740234,170.40675354003906,171.44808146158854,-1.1338319584268952,0.0005722112613906968,0.0008578432442007955,0.005433210838321267,-0.012582282700801195,Capital Goods,1
2023-07-05,170.23342895507812,173.33573872222365,169.93796730396812,172.35087657039284,363984,171.5629852294922,172.66110534667968,172.65617980957032,170.54365005493165,170.33781311035156,171.14605712890625,-1.1709253893532408,-0.01143830072291847,0.012438494767520014,0.01822385759476286,-0.0017356265036990726,Capital Goods,1
2023-07-06,172.1046600341797,172.99102995456468,169.79022797968008,170.134935741943,595064,171.9569305419922,172.4493621826172,172.65617980957032,170.92774658203126,170.21175109863282,171.02787373860676,-1.1356865293999492,0.010992148196670293,-0.011444921316166035,0.005150179665146526,-0.013447817473623114,Capital Goods,1
2023-07-07,169.69175720214844,172.15391266060152,169.05158776626806,171.80920488529637,346337,171.267529296875,172.03079681396486,172.51830037434897,171.25275192260742,170.18417541503905,170.85224049886068,-1.1811261044093992,-0.014019973843544106,0.012478199990736627,0.014509576063379326,-0.0037725429121331366,Capital Goods,1
2023-07-10,169.44552612304688,170.33189599571378,167.47580193685116,169.69174164632133,315204,170.73570251464844,171.7107147216797,172.34759114583332,171.62207489013673,170.19205444335938,170.5928934733073,-1.1857631065463954,-0.0014510491444097381,0.0014530659434210946,0.005231001921073064,-0.011624527547368535,Capital Goods,1
2023-07-11,169.3470458984375,171.07055468344475,168.1159681948609,168.90386093071072,340380,170.16448364257812,171.14934387207032,172.11778971354167,171.94954147338868,170.2373583984375,170.3663752237956,-1.1876176775194496,-0.0005811910580504867,-0.0026170221356714984,0.01017737732514612,-0.00726955523224726,Capital Goods,1
2023-07-12,169.8394775390625,170.52887804977445,167.96824543458666,168.46067651763863,301254,170.085693359375,170.8243392944336,171.8026346842448,172.0135581970215,170.4520587158203,170.29579315185546,-1.178344247949818,0.002907825394960394,-0.008118259908723169,0.004059129954361751,-0.01101765108789543,Capital Goods,1
2023-07-13,171.95693969726562,173.2864946008369,169.98721537096387,169.98721537096387,722714,170.0561492919922,171.00653991699218,171.65162455240886,172.00617218017578,170.75342712402343,170.1858174641927,-1.1384683858595304,0.012467432124054408,-0.01145475332236956,0.007731906056900106,-0.01145475332236956,Capital Goods,1
2023-07-14,173.68043518066406,174.91151279031493,172.35086535112,172.35086535112,588893,170.8538848876953,171.06070709228516,171.63849283854168,172.10219650268556,171.172978515625,170.29579366048176,-1.1060116697180007,0.010022831799825545,-0.007655265419855839,0.0070881766755725994,-0.007655265419855839,Capital Goods,1
2023-07-17,176.97972106933594,181.70706228056997,174.32059633420536,174.6160579776206,2175803,172.36072387695313,171.54821319580077,171.92738444010416,172.3508743286133,171.7698046875,170.55349934895833,-1.0438798065423418,0.018996301369465857,-0.013355558916206545,0.026711202744985618,-0.015025025008875481,Capital Goods,1
2023-07-18,176.19183349609375,179.14641996072007,173.97589364762402,178.75248110989145,455513,173.72968139648438,171.94708251953125,172.00945638020832,172.52076263427733,172.30556945800782,170.8194122314453,-1.0587172363833162,-0.004451852271444784,0.014533293416544524,0.016769145345728154,-0.01257685900929606,Capital Goods,1
2023-07-19,178.11231994628906,181.16538349360496,176.3395651293748,177.27518113536186,761334,175.38424987792968,172.73497161865234,172.34430948893228,172.69803848266602,172.68769653320314,171.2740905761719,-1.0225508035913173,0.01089997426150793,-0.004700061237648545,0.017141226099556484,-0.00995301626214773,Capital Goods,1
2023-07-20,181.65780639648438,183.7752688705495,177.47214258537733,180.2297593959025,2454809,177.32442321777344,173.6902862548828,173.1125010172526,173.06982421875,173.06982238769533,171.84859313964844,-0.9557825129830232,0.01990590236129919,-0.00786119258461715,0.011656325241776733,-0.023041475035603276,Capital Goods,1
2023-07-21,185.5480194091797,187.0253126052012,180.0328004940482,180.18052380252894,1643606,179.69794006347655,175.27591247558593,173.93978474934895,173.6533546447754,173.62134521484376,172.59380544026692,-0.8825223619124983,0.021415061041773098,-0.02892779790235367,0.007961783697425062,-0.029723943875515357,Capital Goods,1
2023-07-24,187.1730499267578,190.96476009264143,186.18818780141606,186.92683439542236,1235655,181.73660583496093,177.04866485595704,174.94434407552083,174.37968978881835,174.22802062988282,173.43093821207682,-0.8519199293918421,0.008758005193224548,-0.001315443283270712,0.02025777838939602,-0.005261773133082626,Capital Goods,1
2023-07-25,188.55184936523438,191.30946629943554,186.3851557125775,187.17304841203543,725476,184.20860900878907,178.96914520263672,176.0342580159505,175.05924453735352,174.8583319091797,174.289409383138,-0.8259544990081823,0.007366442118756396,-0.007312582495693998,0.014625244692559436,-0.011491235222306884,Capital Goods,1
2023-07-26,190.02914428710938,191.75265300834377,187.46851177510038,187.46851177510038,762927,186.59197387695312,180.9881118774414,177.35397237141927,175.9062255859375,175.47682556152344,175.00507609049478,-0.7981342102992879,0.007834953233544826,-0.013474946285819245,0.00906970732147494,-0.013474946285819245,Capital Goods,1
2023-07-27,196.13528442382812,199.68079405315592,190.52157336722854,190.52157336722854,3924495,189.4874694824219,183.40594635009765,178.95601399739584,177.20624313354492,176.35335327148437,175.80609690348308,-0.6831439135176017,0.03213265080798956,-0.028621627531683402,0.01807685771452694,-0.028621627531683402,Capital Goods,1
2023-07-28,196.47999572753906,200.02550542096193,194.11633261712618,197.957288928498,1071246,191.67386474609376,185.68590240478517,180.7418965657552,178.37330474853516,177.25745666503906,176.63009847005208,-0.6766523404075514,0.0017575180555786786,0.007518796992481258,0.018045143376018036,-0.012030044593906664,Capital Goods,1
2023-07-31,196.6769561767578,200.41943512069,195.4951246754642,197.9572798980771,929859,193.57464599609375,187.65562591552734,182.5573252360026,179.60191955566407,178.21868103027344,177.45245819091798,-0.6729431984614431,0.0010024453048740757,0.006509780028162604,0.019028558386722016,-0.006008998330396476,Capital Goods,1
2023-08-01,194.2147979736328,198.25273848787097,193.82085915518147,197.7110613416484,520041,194.70723571777344,189.45792236328126,184.21517537434895,180.70250244140624,178.9888427734375,178.1664825439453,-0.7193103463096007,-0.012518793512912643,0.018002044151600893,0.020791106323352126,-0.0020283666464222527,Capital Goods,1
2023-08-02,200.71490478515625,207.80590910448802,194.2640548382003,195.19967085467403,4802013,196.84438781738282,191.71818084716796,186.2735371907552,182.22657623291016,180.09385803222656,179.0380859375,-0.5969009035791566,0.03346864852391892,-0.027477949066043172,0.035328738176778396,-0.03213936679919649,Capital Goods,1
2023-08-03,203.42327880859375,205.5899725194052,197.56335205851158,200.81338511082686,1510090,198.30198669433594,193.8947280883789,188.3712931315104,183.79250717163086,181.42539184570313,180.01145884195964,-0.5458970409461834,0.01349363678963714,-0.012829867422511687,0.010651159117586184,-0.028806569161614615,Capital Goods,1
2023-08-04,202.0937042236328,204.90056727960408,200.22247220485423,203.86645904699344,779232,199.4247283935547,195.5492965698242,190.26551106770833,185.41260452270507,182.58358947753905,180.952001953125,-0.5709354731954968,-0.006536000170422819,0.008771944827132838,0.013888918839674691,-0.00925922965273529,Capital Goods,1
2023-08-07,198.05577087402344,204.85131323462795,197.07090879116464,204.85131323462795,657427,199.70049133300782,196.63756866455077,191.6705810546875,186.8431167602539,183.62163391113282,181.79898274739583,-0.6469774807256028,-0.019980500457060648,0.034311256524441,0.034311256524441,-0.004972650271752199,Capital Goods,1
2023-08-08,202.5861358642578,204.85132175460498,198.30199464232192,199.4345800735938,757396,201.3747589111328,198.04099731445314,193.4302012125651,188.50507125854492,184.83695373535156,182.7198287963867,-0.5616620436258652,0.02287418826647564,-0.015556621272324933,0.01118134703879714,-0.021147257701812694,Capital Goods,1
2023-08-09,203.62025451660156,205.83619440855972,201.2565913096345,203.86647006015247,607227,201.95582885742186,199.40010833740234,195.13073018391927,190.19411010742186,186.1724267578125,183.73751983642578,-0.5421876116478948,0.005104587477973606,0.0012091898428052694,0.010882708585247869,-0.01160819296969473,Capital Goods,1
2023-08-10,200.07472229003906,203.86644724755172,196.57847398508875,203.62023173155225,442163,201.28611755371094,199.79405212402344,196.35852457682293,191.59999923706056,187.29122924804688,184.73551279703776,-0.6089567643127303,-0.017412473208913634,0.017720926466529896,0.018951544273623666,-0.0174747127719711,Capital Goods,1
2023-08-11,200.46868896484375,201.60127439982003,199.68079625764992,200.86262780453896,322669,200.96111450195312,200.19292144775392,197.35323588053384,192.93941192626954,188.5223065185547,185.6465103149414,-0.6015376183639723,0.001969097696577443,0.001965089120547381,0.005649687444082119,-0.0039302532044394045,Capital Goods,1
2023-08-14,205.49147033691406,207.31347122579163,197.36635804421678,200.56715985649146,969514,202.44825439453126,201.07437286376953,198.5744639078776,194.36499938964843,189.96414428710938,186.75940399169923,-0.5069490390467839,0.025055191401741343,-0.023963576066436953,0.008866552396993965,-0.03953990050962086,Capital Goods,1
2023-08-16,203.96495056152344,210.07109268494634,203.12781175046084,206.8210446913783,814408,202.72401733398436,202.04938812255858,199.6020039876302,195.75365524291993,191.3488604736328,187.81813100179036,-0.5356963258900249,-0.0074286284140544405,0.014002867267105978,0.02993721277411865,-0.004104326791235069,Capital Goods,1
2023-08-17,201.1088409423828,206.23012093647597,200.51793268987396,204.01418117701039,320622,202.22173461914062,202.08878173828126,200.3406504313151,196.90348129272462,192.59963500976562,188.8473114013672,-0.5894823323347598,-0.01400294320802493,0.014446606230801962,0.02546521560213444,-0.0029382509975189874,Capital Goods,1
2023-08-18,205.93467712402344,207.46120140127852,200.9118742564898,201.84749027320197,907952,203.3937255859375,202.3399215698242,200.9939432779948,198.11732482910156,193.95874450683593,189.9749786376953,-0.4986026076114989,0.02399614138805173,-0.019847006380377508,0.007412662590748242,-0.024390272379958056,Capital Goods,1
2023-08-21,204.5458984375,207.4722310519352,203.60352219032742,206.6290586776801,366097,204.20916748046875,202.58514099121095,201.53167012532552,199.06721878051758,195.19336303710938,191.13678334554035,-0.5247559663212166,-0.006743782571825193,0.010184316850609498,0.014306483956848304,-0.004607162765771777,Capital Goods,1
2023-08-22,208.91061401367188,209.80338833501114,205.09149190668344,206.03386816507177,663991,204.89299621582032,203.67062530517578,202.3472473144531,200.1540969848633,196.47059875488281,192.45228627522786,-0.4425600244931672,0.021338563175861164,-0.013770223510098156,0.004273475168096619,-0.018281130066175044,Capital Goods,1
2023-08-23,213.82089233398438,216.00324122725826,210.89455983143176,211.142554367858,1534943,206.8641845703125,204.79410095214843,203.6543202718099,201.41754913330078,197.97576110839844,193.93474782307942,-0.3500900928029275,0.023504207019329107,-0.012526081698054359,0.010206434317302726,-0.013685905388430064,Capital Goods,1
2023-08-24,215.1104736328125,217.73920974603493,213.2753079516971,214.31688806431973,879423,209.66451110839844,205.94312286376953,204.61402486165363,202.67161560058594,199.45568725585937,195.44378102620442,-0.32580481061874816,0.006031128599041773,-0.0036892000426134164,0.012220400377666474,-0.008531270700691151,Capital Goods,1
2023-08-25,209.60499572753906,215.90404818686534,207.72022807433734,212.28333382799826,654994,210.39857482910156,206.89615020751953,205.02613932291666,203.3451011657715,200.57357482910157,196.69871622721354,-0.42948348881439863,-0.0255937231334962,0.01277802607310341,0.030052014921983394,-0.008991997765414372,Capital Goods,1
2023-08-28,218.3343963623047,220.9631323991433,210.29936731141808,210.6961525159421,1274293,213.1562744140625,208.68272094726564,206.10885213216145,204.43782119750978,201.88502990722657,198.1871815999349,-0.2650921798626608,0.04164691115527028,-0.03498415262837318,0.012039953761918909,-0.036801480594716995,Capital Goods,1
2023-08-29,234.0572509765625,239.26513647569433,220.0703675750114,220.1199543754182,10796894,218.18560180664062,211.53929901123047,208.50895080566406,206.3068359375,203.76039794921874,200.0897659301758,0.030999242519983455,0.07201272395105014,-0.05954652779605585,0.02225047708371708,-0.05975838536594491,Capital Goods,1
2023-08-30,228.25418090820312,235.89240972087865,226.66700979599642,235.29721676970473,3374490,221.07225952148437,213.96822204589844,210.22015380859375,208.00880508422853,205.3484912109375,201.82517751057944,-0.07828366525228209,-0.02479337873168676,0.03085610889350643,0.03346369727942622,-0.006953524819968249,Capital Goods,1
2023-08-31,237.6283721923828,239.4139359147014,227.60938668231796,232.023686484449,1928800,225.57583923339843,217.62017517089845,212.48736165364582,209.85447845458984,207.25246032714844,203.80904591878254,0.09825028479154536,0.04106908906062799,-0.023585928128970535,0.007514101560536668,-0.042162412752436484,Capital Goods,1
2023-09-01,246.0601806640625,247.99453500986237,238.9179410830555,238.96752788094932,2592493,232.86687622070312,221.63272552490236,215.55305887858074,211.98632354736327,209.2494561767578,205.95579172770184,0.257037364166668,0.03548317229077905,-0.028824870257234125,0.007861305882892022,-0.029026393306432863,Capital Goods,1
2023-09-04,251.21847534179688,257.8647412901555,248.29214272343415,248.98652442563088,1725383,239.44369201660157,226.29998321533202,218.9363779703776,214.44256210327148,211.43899536132812,208.14480692545573,0.3541779181990244,0.020963549095238686,-0.008884501480750151,0.026456119277517454,-0.011648556557718459,Capital Goods,1
2023-09-05,245.2666015625,251.21847055896106,241.14989822783534,251.21847055896106,1118491,241.68556213378906,229.93558197021486,221.58805338541666,216.8031036376953,213.3825811767578,210.08125864664714,0.24209275196236105,-0.023692022536157088,0.02426693629929222,0.02426693629929222,-0.016784606254739654,Capital Goods,1
2023-09-06,247.99453735351562,250.87126793226227,243.53063568115235,246.50657012939453,1233054,245.63363342285157,233.35294647216796,224.5233591715495,219.0735237121582,215.5337707519531,212.06268157958985,0.29346500009075654,0.011122328819484537,-0.006000000000000005,0.011599975585937505,-0.018000000000000016,Capital Goods,1
2023-09-07,247.796142578125,248.14332584554447,243.0346444754113,247.99453517899116,653544,247.6671875,236.62151336669922,227.63584594726564,221.28231811523438,217.41702026367187,213.98824818929037,0.28972884703967977,-0.0007999965543910902,0.0008006282858241676,0.0014010842291865,-0.019215384279892445,Capital Goods,1
2023-09-08,239.90992736816406,248.9369196671631,239.1163418019128,247.74654888597908,931500,246.4371368408203,239.65200653076172,229.90086263020834,223.27407836914062,218.8764862060547,215.44740295410156,0.14121633223110844,-0.03182541555292604,0.03266484886133525,0.03762658927050677,-0.003307847970098532,Capital Goods,1
2023-09-11,239.61233520507812,244.22502774140253,236.1404115345242,244.22502774140253,711697,244.11590881347655,241.77980041503906,232.2386250813802,225.23126068115235,220.3772314453125,216.88514760335286,0.13561210265449333,-0.001240432883918366,0.01925064722722447,0.01925064722722447,-0.014489753491123025,Capital Goods,1
2023-09-12,227.65899658203125,242.29067501159537,221.5087347778985,239.86033145226702,1109151,240.59438781738282,241.13997497558594,233.48851725260417,226.3396369934082,221.56136047363282,217.91788228352866,-0.08949212440551231,-0.04988615720812668,0.05359478453924971,0.06427015250544676,-0.02701523724724253,Capital Goods,1
2023-09-13,224.03826904296875,231.0317028230274,219.27677094221644,225.57582305133698,567237,235.80313415527343,240.7183837890625,234.1696756998698,227.34330291748046,222.41944580078126,218.91199798583983,-0.15767734861593366,-0.015904170682566728,0.006862907908261606,0.03121535356407068,-0.02125305699375446,Capital Goods,1
2023-09-14,230.93252563476562,232.91648201455504,225.0302584321693,225.07984523255527,733920,232.43041076660157,240.04879913330078,235.22447916666667,228.8344871520996,223.5119366455078,219.91925201416015,-0.02784531171056552,0.03077267388847131,-0.02534368160623135,0.008591065179476498,-0.02555840580001767,Capital Goods,1
2023-09-15,224.23666381835938,233.71005817744285,223.19508373365858,232.0732851482315,1036841,229.29575805664064,237.86644744873047,236.19992370605468,229.7495864868164,224.47841430664062,220.61303151448567,-0.15394119556485691,-0.02899488410305692,0.03494799287693695,0.04224730335248528,-0.004645003484106902,Capital Goods,1
2023-09-18,225.2782440185547,229.84133442872877,223.59186905370532,224.2366639333199,638257,226.42893981933594,235.27242431640624,236.66284688313803,230.78620376586915,225.47079650878905,221.38584950764974,-0.13432624837061377,0.004645003999163285,-0.004623527184227316,0.02025535324129324,-0.0074857426743368816,Capital Goods,1
2023-09-20,225.079833984375,227.55977933517855,222.6990925021577,225.27824172154743,350894,225.9131072998047,233.25374755859374,236.0643524169922,231.59466476440429,226.2543310546875,222.28665161132812,-0.138062688773871,-0.0008807332241250325,0.0008814993936161475,0.01101806993058152,-0.010577320233773446,Capital Goods,1
2023-09-21,218.97918701171875,226.96461452572,218.2352033638873,223.6910834479845,401735,224.9012908935547,230.35221252441406,235.4460194905599,231.85257949829102,226.8549005126953,222.8330866495768,-0.25294953877057114,-0.027104369434890183,0.021517553793884536,0.036466604990975204,-0.003397508493771295,Capital Goods,1
2023-09-22,219.52476501464844,220.21914668412316,212.82891258168524,218.33439427606535,669670,222.61973876953124,227.52507476806642,234.2391123453776,232.07329406738282,227.59153747558594,223.3632369995117,-0.24267526155620037,0.0024914605372997876,-0.005422489524148477,0.003163113143195506,-0.030501581142867384,Capital Goods,1
2023-09-25,219.2271728515625,223.0462948132593,214.86247501223943,220.26875294442394,422322,221.6178405761719,225.45679931640626,232.45024515787762,232.55440292358398,228.1232373046875,224.00165201822918,-0.2482794911328155,-0.001355620005178367,0.004751145030578385,0.017420842097355838,-0.0199094746447257,Capital Goods,1
2023-09-26,226.4190216064453,231.82529970843484,218.5327980323151,218.5327980323151,1612511,221.84599609375,224.13746795654296,230.7969482421875,232.95863418579103,228.99816223144532,224.86666310628254,-0.11284322465083223,0.03280546230349088,-0.03483021664071051,0.023877314121542925,-0.03483021664071051,Capital Goods,1
2023-09-27,224.4846649169922,227.3613955813074,222.45110662292794,227.16300297280046,436690,221.72696228027343,223.82003479003907,229.41148579915364,232.4800048828125,229.62112426757812,225.49976959228516,-0.14927086057492073,-0.008543260525236988,0.011931051311672602,0.012814820403785454,-0.009058784905490946,Capital Goods,1
2023-09-28,224.3854522705078,228.1549722302852,222.00471078874588,224.28626353832576,690489,222.80821533203124,223.85475311279296,227.8375467936198,232.28656845092775,230.04370666503905,226.18045298258463,-0.15113922445263964,-0.00044195734493071456,-0.00044204618070553536,0.01679930637942184,-0.010610052735913644,Capital Goods,1
2023-09-29,222.20310974121094,224.13746414248453,220.41754601065622,223.1950879096985,359694,223.34388427734376,222.9818115234375,226.1313446044922,231.51530532836915,230.327412109375,226.88359527587892,-0.19223690801448381,-0.009725864610268729,0.0044642857142858094,0.008705343518938369,-0.008035727909633139,Capital Goods,1
2023-10-03,226.91500854492188,227.46059957088627,222.00471958401386,222.45110673748079,534978,224.88145141601564,223.24964599609376,225.2650166829427,230.55804672241212,231.0198126220703,227.58293965657552,-0.10350284202314036,0.02120536840910397,-0.01967213114754096,0.0024043849257171512,-0.021639330921277233,Capital Goods,1
2023-10-04,222.55030822753906,229.09735505986725,220.51674995419722,225.72463534046054,512861,224.1077087402344,222.9768524169922,224.12754821777344,229.12463836669923,231.18844909667968,228.18308664957684,-0.18569849649900924,-0.019234956494817938,0.014263413689258986,0.029418277981598573,-0.009137521711552465,Capital Goods,1
2023-10-05,221.8559112548828,224.73265702438405,220.8143462874212,223.6910769205368,509159,223.5819580078125,222.65446014404296,223.7406758626302,227.95410385131837,230.7003955078125,228.61459655761718,-0.19877531952995836,-0.0031201797840077006,0.008271880858498504,0.01296673031261375,-0.004694781227916001,Capital Goods,1
2023-10-06,224.98065185546875,231.08131154294878,221.1119279128351,221.70712086905127,1331998,223.70099792480468,223.25460662841797,223.80350138346355,226.80340957641602,230.56945434570312,228.98658854166666,-0.13993047794722888,0.014084549665192504,-0.01455027781020235,0.02711637484008711,-0.017195807331552126,Capital Goods,1
2023-10-09,219.77276611328125,222.64949674547677,216.99522421603882,220.21915326153425,370950,223.21492919921874,223.27940673828124,223.05951741536458,225.40224075317383,229.85523010253905,229.14199829101562,-0.23800492656626418,-0.023148149404123564,0.0020311304086826354,0.013089568298524812,-0.012638244248201147,Capital Goods,1
2023-10-10,221.55833435058594,223.88947401061995,220.21915774219391,223.19509230627762,309387,222.14359436035156,223.51252288818358,222.880962117513,224.48466110229492,228.87515625,229.54044291178386,-0.20437926175439297,0.008124611019293999,0.007387480865882257,0.010521561587230943,-0.006044352212329573,Capital Goods,1
2023-10-11,221.2111358642578,223.2446941763858,220.61594289706417,222.59989927252838,284927,221.87575988769532,222.99173431396486,222.60982157389324,223.5646011352539,227.67486267089845,229.63633422851564,-0.21091767326986752,-0.0015670748173198061,0.006277999535804435,0.009192838797120295,-0.002690610329666554,Capital Goods,1
2023-10-12,223.49269104003906,225.1790509493872,219.42557437362345,221.21113815732753,407216,222.20311584472657,222.89253692626954,222.50401204427084,223.3562858581543,226.80390625,229.2841822306315,-0.16795162583030446,0.010313925503195666,-0.010208624148262624,0.007545481248180996,-0.018197985121969795,Capital Goods,1
2023-10-13,219.97116088867188,223.8894716630193,218.48319362223214,222.20311178833146,312253,221.2012176513672,222.45110778808595,222.5701436360677,223.15293045043944,225.68297119140624,229.0080815633138,-0.23426877351518743,-0.015756802314113708,0.01014656144306647,0.017812838549006393,-0.006764374295377795,Capital Goods,1
2023-10-16,222.84788513183594,228.10537234913244,219.62395614739006,220.76474010064055,597520,221.8162414550781,222.51558532714844,222.79168497721355,222.74869842529296,224.68504089355469,228.51539866129556,-0.18009455427457466,0.013077733606270242,-0.009347833971872777,0.023592268843772857,-0.014466948979742877,Capital Goods,1
2023-10-17,224.63345336914062,227.36139333421085,222.7983028381066,224.08786234884946,529898,222.43126525878907,222.2874298095703,223.15210367838543,222.76853790283204,224.07398193359376,227.80117441813152,-0.14646888946270345,0.008012498015174577,-0.0024288057371161242,0.012143961302982786,-0.008169533537902396,Capital Goods,1
2023-10-18,220.51675415039062,227.55979020114614,217.73921219758614,225.52624702549383,839605,222.29238891601562,222.08407440185547,222.7586191813151,222.53046340942382,223.31015869140626,226.7777837117513,-0.22399420894863614,-0.018326296270685112,0.02271706244908156,0.03193877978973081,-0.012595605098151497,Capital Goods,1
2023-10-19,221.11192321777344,222.64949237502856,219.17756885572328,219.227170790419,269692,221.8162353515625,222.00967559814453,222.5337697347005,222.33206787109376,223.04827575683595,225.97262776692708,-0.21278603714758643,0.002698974368981107,-0.008523974645628485,0.006953804819203491,-0.008748304179621358,Capital Goods,1
2023-10-20,223.04629516601562,229.64294387059516,218.03680243443398,219.9215548824894,1323739,222.43126220703124,221.8162399291992,222.44449259440105,222.5354232788086,223.00859680175782,225.14101969401042,-0.1763581138713174,0.008748383714871051,-0.01400937989667328,0.029575244456176986,-0.022459430352129495,Capital Goods,1
2023-10-23,201.0243682861328,220.21915175737735,198.39563221385345,218.6319806451123,1800554,218.06655883789062,219.94140014648437,221.03257649739584,221.61040344238282,221.8122705078125,223.58196055094402,-0.5910731140060996,-0.09873253829879429,0.08758944255910928,0.09548485904914372,-0.013076703559330105,Capital Goods,1
2023-10-25,191.55099487304688,205.14109307214642,189.66622722697326,203.15713668873374,1136841,211.45006713867187,216.94066619873047,218.6749755859375,220.22659454345703,220.50484375,221.9699961344401,-0.7694748532232849,-0.0471254977386711,0.060590349965965906,0.07094767744801622,-0.009839508520030238,Capital Goods,1
2023-10-26,190.85659790039062,192.14617257601205,184.3095509213977,187.48387810542934,829693,205.51803588867188,213.90521240234375,216.56206156412762,218.4484733581543,219.12797790527344,220.3448048909505,-0.782551676254234,-0.003625128510120615,-0.017671486509057033,0.006756772832629432,-0.03430348780716441,Capital Goods,1
2023-10-27,192.7909698486328,195.51890990746335,191.50139515718115,192.49337336039227,622665,199.85384521484374,210.8350402832031,214.62439880371093,216.86378860473633,217.83642333984375,219.1825373331706,-0.746123752977965,0.01013521130273814,-0.001543622548681567,0.014149729424424606,-0.006688978703017878,Capital Goods,1
2023-10-30,190.45980834960938,193.9317319393158,188.12865359910938,193.43574285507202,477428,193.3365478515625,207.88390502929687,212.32300923665363,215.1675064086914,216.69564819335938,218.0632553100586,-0.7900239823563875,-0.0120916529485469,0.015625,0.01822916666666674,-0.012239615122477177,Capital Goods,1
2023-10-31,190.50941467285156,195.2213110816851,188.97184544900765,191.4021889904972,391748,191.23355712890626,204.65005798339843,210.372119140625,213.58282165527345,215.5350341796875,216.7158182779948,-0.7890898004175281,0.00026045559780848765,0.004686247759349449,0.024733142017810072,-0.008070830654139938,Capital Goods,1
2023-11-01,189.3190460205078,192.64216391738162,188.62464916957984,191.40219116413328,286357,190.78716735839845,201.11861724853514,208.22283325195312,211.70302352905273,214.33870910644532,215.55189768473306,-0.8115067187239885,-0.006248345544433521,0.011003357493148513,0.01755300360278511,-0.0036678657827842187,Capital Goods,1
2023-11-02,191.0550079345703,192.5429752389318,189.6662293686679,190.9558040597251,325605,190.82684936523438,198.1724426269531,206.2124247233073,210.1282585144043,212.9241485595703,214.41112314860027,-0.7788152358509768,0.009169504867853884,-0.0005192424732419765,0.00778816174696173,-0.0072689984989978695,Capital Goods,1
2023-11-03,190.21180725097656,192.84054325230304,189.0710384510919,192.3941561191475,310166,190.31101684570314,195.08243103027343,203.9936991373698,208.546053314209,211.55323425292968,213.2488555908203,-0.7946943173463237,-0.004413392209444292,0.011473256574926705,0.013820046396267882,-0.005997360607480351,Capital Goods,1
2023-11-06,188.07907104492188,191.50139277617194,185.94630885270374,191.25339822845257,1042965,189.83486938476562,191.58570861816406,201.86755981445313,206.70097427368165,210.10097900390625,212.2188517252604,-0.8348578189693084,-0.011212428065733221,0.01687762049171604,0.0181961858501134,-0.01133971036952186,Capital Goods,1
2023-11-07,189.3190460205078,191.40219116413328,186.09511686206218,189.021449532451,655961,189.59679565429687,190.41517639160156,199.6323038736979,205.17828826904298,208.78561645507813,211.21199442545574,-0.8115067187239885,0.006592838685861942,-0.0015719310566597589,0.011003357493148513,-0.017029079885054976,Capital Goods,1
2023-11-08,190.6085968017578,191.8485694979347,188.27745721477652,190.36060226252243,683283,189.85470581054688,190.32093658447266,197.36398010253907,203.63080139160155,207.33335998535156,210.25804189046224,-0.7872220112441702,0.006811521652767628,-0.001301066916164828,0.006505334580824362,-0.012229981365456388,Capital Goods,1
2023-11-09,189.51742553710938,191.5509837391844,188.57504933704098,191.5509837391844,418929,189.54718933105468,190.18701934814453,195.29735819498697,202.04611587524414,206.01204467773437,209.02798868815105,-0.8077708530250923,-0.005724669731362162,0.01073019114897611,0.01073019114897611,-0.004972504229611707,Capital Goods,1
2023-11-10,188.2774658203125,189.56704051055573,187.28548761803097,189.46783663577312,260087,189.1603210449219,189.7356689453125,193.10839436848957,200.2853546142578,204.66890686035157,207.82108205159506,-0.8311216659182317,-0.006542721405605411,0.006322428498143795,0.006849331037172446,-0.005268703814126363,Capital Goods,1
2023-11-13,190.31101989746094,193.18775056505638,189.51743432614248,193.03895989260295,269470,189.6067108154297,189.72079010009764,190.92604268391926,198.80234756469727,203.28212158203124,206.68526763916014,-0.7928259534686048,0.010800836246060444,0.014334114738136616,0.015115943728037484,-0.004169940194456601,Capital Goods,1
2023-11-15,190.7078094482422,191.650185713427,188.475858492411,191.50139503759272,502306,189.88446350097655,189.74062957763672,190.23827209472657,197.1953437805176,202.1195233154297,205.6354242960612,-0.7853536473664513,0.002084953099379317,0.004161264248415009,0.0049414665708304994,-0.011703511053316018,Capital Goods,1
2023-11-16,200.67718505859375,204.34750122813261,190.41020503456784,191.7493816068792,3332422,191.89818115234374,190.8764434814453,190.84668477376303,195.99753036499024,201.28427734375,204.76083017985027,-0.5976112381693937,0.05227565477887384,-0.044488382917608704,0.018289653447486787,-0.05116167052586551,Capital Goods,1
2023-11-17,210.94415283203125,214.2672857724076,201.37156949906824,202.26434380189897,4398788,196.18352661132812,192.8653579711914,192.18585510253905,195.51890029907227,200.87359802246092,204.37395833333332,-0.40426459939572085,0.05116160947962146,-0.04114742652783443,0.015753614858537768,-0.04537970455424467,Capital Goods,1
2023-11-20,201.4707794189453,213.02731944856197,200.87558644160092,212.18413192005508,1762648,198.8221893310547,193.9912551879883,192.76450907389324,194.53684310913087,199.9927215576172,203.69445393880207,-0.5826663386129062,-0.044909390878586294,0.05317571377848318,0.057360874182084576,-0.002954239711887574,Capital Goods,1
2023-11-21,207.9186248779297,210.74575350433622,202.36354122122432,202.56193382259553,1424444,202.34371032714844,195.97521057128907,193.92843017578124,193.78045959472655,199.5106201171875,203.12571970621744,-0.4612410771007314,0.03200387409817134,-0.025763401708139955,0.013597284168584522,-0.026717585593723392,Capital Goods,1
2023-11-22,203.5043182373047,207.7698274525175,202.36354938113206,207.72022551607827,609446,204.90301208496095,197.39373779296875,194.7947570800781,193.90445709228516,198.73687744140625,202.58343811035155,-0.5443709135154597,-0.021230934185028718,0.02071654948303081,0.020960288470335264,-0.005605624814518095,Capital Goods,1
2023-11-23,197.60205078125,205.8354727172158,196.41167999040348,204.34750544456122,1160234,204.2879852294922,198.09308319091798,195.34695739746093,194.2070098876953,197.65562133789064,201.78489532470704,-0.6555218978132636,-0.02900315584051687,0.0341365620277827,0.04166668262507245,-0.006024081157762318,Capital Goods,1
2023-11-24,198.2964324951172,202.36354909521256,197.50286205875443,198.59402897694613,647078,201.75844116210936,198.97098388671876,195.82971903483073,194.57900161743163,196.7668084716797,201.021071879069,-0.6424453621344951,0.0035140410290371124,0.0015007656874324038,0.02051028628664575,-0.004001940057001718,Capital Goods,1
2023-11-28,200.32998657226562,201.4707705391649,197.60204662971182,199.88359942712484,469748,201.53028259277343,200.17623596191407,196.50426432291667,194.9559524536133,195.9355310058594,200.24898173014324,-0.6041496496848682,0.01025512184743168,-0.0022282592475478813,0.005694524251803612,-0.013617232193891993,Capital Goods,1
2023-11-29,202.8099365234375,205.33948391781823,199.98280778321208,202.06595288605408,1353559,200.508544921875,201.4261276245117,197.48632202148437,195.57345886230468,195.12607666015626,199.67694091796875,-0.5574474491942284,0.01237932470123376,-0.0036683786314258837,0.012472502273518593,-0.013939794019405483,Capital Goods,1
2023-11-30,204.84349060058594,205.83546876330064,201.56995963635032,203.85151243787124,837186,200.77637939453126,202.8396957397461,198.5212849934896,196.2901626586914,195.27884155273438,199.07679443359376,-0.5191517367446015,0.010026895683749855,-0.004842615012106588,0.004842615012106588,-0.015980644318439707,Capital Goods,1
2023-12-01,203.45472717285156,205.9842593779882,202.21475446979028,205.83546870817506,632648,201.94691467285156,203.11744995117186,199.37769368489583,196.9969467163086,195.75499084472656,198.37083689371744,-0.5453048081021387,-0.006779631725971002,0.011701578864278916,0.01243289964448735,-0.006094587824483577,Capital Goods,1
2023-12-04,205.48826599121094,206.3314534661797,202.61153543493847,205.33947532451538,622703,203.38528137207032,202.57186126708984,200.44241638183593,197.71860961914064,196.34025756835936,197.86988728841146,-0.5070093830046923,0.009995043352478687,-0.0007240835187247718,0.004103336367658361,-0.013999488206277944,Capital Goods,1
2023-12-05,204.04991149902344,207.47223324139006,203.15713717888815,205.6370826641373,815341,204.12926635742187,202.82977447509765,201.49391276041666,198.41051483154297,196.790615234375,197.30115356445313,-0.5340963489489085,-0.0069996916137733175,0.007778347726073109,0.0167719834682849,-0.004375274233527682,Capital Goods,1
2023-12-06,204.4467010498047,209.15859722266953,203.35551903942928,204.9922769186072,729787,204.4566192626953,202.48258209228516,202.43629150390626,199.2288963317871,197.35009094238282,196.68116709391276,-0.526624042846755,0.0019445710506135112,0.002668548164392215,0.023047063849257254,-0.005337244400483554,Capital Goods,1
2023-12-07,212.72972106933594,213.7713012022389,205.041890051622,205.041890051622,5575895,206.03386535644532,203.40512237548828,203.9044189453125,200.39943008422853,198.23890319824218,197.07134552001952,-0.3706389345838496,0.04051432464793573,-0.036138960644846674,0.004896260511541239,-0.036138960644846674,Capital Goods,1
2023-12-08,210.7953643798828,218.13599689667495,209.0594025555779,214.81287905769423,1375884,207.50199279785156,204.72445373535157,204.57896423339844,201.40876846313478,199.0979559326172,197.71282450358072,-0.40706657050793815,-0.009093025082389176,0.019058837890625124,0.03482350068933826,-0.008235294117647118,Capital Goods,1
2023-12-11,210.4481658935547,216.74723342286978,209.80338612785795,211.88654637091585,952866,208.4939727783203,205.93962707519532,204.5458984375,202.45530548095704,199.87368225097657,198.36587677001953,-0.4136049820234127,-0.001647087863385955,0.006834844443779575,0.029931681763865736,-0.003063841221704333,Capital Goods,1
2023-12-12,210.20016479492188,212.43211564160106,208.81140143376453,211.29134681896363,1539881,209.7240234375,206.92664489746093,205.12785746256512,203.5514404296875,200.67321655273437,198.94618326822916,-0.4182753170133489,-0.0011784426705731053,0.005191156843793898,0.010618216445533069,-0.006606861429020561,Capital Goods,1
2023-12-13,210.05137634277344,212.33292914850807,208.31541455481664,211.29134904845688,389951,210.84495849609374,207.65078887939453,205.2700408935547,204.53845825195313,201.55210876464844,199.59923553466797,-0.42107728812556616,-0.0007078417483335484,0.005903187721369552,0.010861879819399345,-0.008264462809917328,Capital Goods,1
2023-12-14,211.78733825683594,214.3664875407474,208.46420534907142,211.29134917426725,804577,210.65648193359374,208.34517364501954,205.8222422281901,205.59243469238282,202.45084045410155,200.30849965413412,-0.3883858052525544,0.008264463410273787,-0.0023419203747071515,0.012178014536373016,-0.0156908950984338,Capital Goods,1
2023-12-15,209.55538940429688,216.10245141183748,208.8610077092876,213.07691495174092,4006994,210.40848693847656,208.95523986816406,206.61913146972657,206.03634490966797,203.20871215820313,200.98304443359376,-0.43041767075325804,-0.01053863215293996,0.01680474817400146,0.031242632442677554,-0.0033135950212647147,Capital Goods,1
2023-12-18,215.50726318359375,216.44963944296515,209.8529904909792,210.49777026413173,1040803,211.42030639648436,209.95713958740234,207.76652018229166,206.2645004272461,204.2483056640625,201.7981196085612,-0.31833250451659467,0.028402389440883708,-0.023245123368275333,0.004372828300309273,-0.026237040037938697,Capital Goods,1
2023-12-19,212.87852478027344,217.24322274432657,212.33293375067035,216.2512445582794,418824,211.9559783935547,210.84000091552736,208.60308939615885,206.8348876953125,205.23234802246094,202.55367685953777,-0.3678366761194518,-0.012197910940388364,0.01584340074456625,0.02050323285807365,-0.002562921883107916,Capital Goods,1
2023-12-20,205.6370849609375,214.56488880755083,202.90914489669453,213.9696958298888,1055169,211.0731201171875,210.95903930664062,208.79156595865885,206.7208106994629,205.845390625,203.13894399007162,-0.504206837188114,-0.03401677001853675,0.04052095404160272,0.04341533944769371,-0.013265798164573073,Capital Goods,1
2023-12-21,209.10899353027344,210.15057359753217,201.37156106313222,204.34749546308,566811,210.537451171875,210.5969665527344,209.07593282063803,207.00104446411132,206.58143798828124,203.7986089070638,-0.438824158794271,0.016883669450942936,-0.022770412629354864,0.004981039072850413,-0.03700191147455856,Capital Goods,1
2023-12-22,208.017822265625,210.74576227304266,206.13306976959987,210.6961603365397,278728,210.2299377441406,210.3192123413086,209.38013916015626,207.52183303833007,206.8750634765625,204.37891642252603,-0.4593730005751931,-0.005218193853008359,0.012875522115093796,0.013113972532287521,-0.00906053373454907,Capital Goods,1
2023-12-26,209.902587890625,210.99375480132514,207.12504597326753,209.5057875387821,307926,209.10900268554687,210.26465454101563,209.67442728678387,208.10214080810547,206.83340087890625,205.05842183430988,-0.42387925923778347,0.009060596849212656,-0.0018904023806016745,0.0051984442958308286,-0.013232528218302786,Capital Goods,1
2023-12-27,211.5889434814453,214.5648779463422,209.406594567798,210.00177237894613,475476,208.85108642578126,210.40353240966797,210.17702941894532,208.66508865356445,207.23812744140625,205.835471089681,-0.39212195830363117,0.008033991423197842,-0.0075012005655124,0.014064697407772941,-0.010314097125016741,Capital Goods,1
2023-12-28,206.1826629638672,213.27530062786775,205.63707195823977,213.27530062786775,789651,208.9602020263672,210.01666107177735,210.29276021321616,208.83372497558594,207.16868896484374,206.3645258585612,-0.4939325599737432,-0.025550864939463215,0.03439977717837284,0.03439977717837284,-0.0026461536473754155,Capital Goods,1
2023-12-29,209.30738830566406,212.77931180836464,206.8274429465922,207.17464135141637,805467,208.9998809814453,209.76866607666017,210.06460469563802,209.05691986083986,207.40081176757812,206.98451182047526,-0.43508800574319423,0.015155131362060604,-0.01018954453310128,0.016587677725118377,-0.011848341232227444,Capital Goods,1
2024-01-01,209.15859985351562,210.7457558182973,208.56340690648162,209.80337959914797,259760,209.22803649902343,209.72898712158204,209.9554870605469,209.34211349487305,207.86307373046876,207.26722564697266,-0.43788997685541153,-0.0007108609655534608,0.0030827312196768375,0.007588289297658646,-0.0028456537166096085,Capital Goods,1
2024-01-02,207.17465209960938,210.10098474785485,206.03386809342146,209.35700110153553,420254,208.6824493408203,208.8957260131836,209.73725280761718,209.42643280029296,208.21820251464842,207.1415756225586,-0.475251507366179,-0.0094853749991428,0.010533861067505867,0.014124955049223287,-0.005506387941896618,Capital Goods,1
2024-01-03,211.14256286621094,211.88654650543455,205.63708090867917,205.63708090867917,544743,208.59317321777343,208.72212982177734,209.80007934570312,209.78106536865235,208.65070556640626,207.4639684041341,-0.4005281589924636,0.01915249151567922,-0.02607471408320583,0.003523608073730866,-0.02607471408320583,Capital Goods,1
2024-01-04,216.54884338378906,217.14402122002386,211.48974852566977,211.48974852566977,1658002,210.66640930175782,209.8133056640625,210.23324381510417,210.38617248535155,209.2002618408203,207.75164235432942,-0.29871755732235156,0.025604882521975344,-0.023362373028947947,0.0027484692457118154,-0.023362373028947947,Capital Goods,1
2024-01-05,235.44602966308594,238.07476581439886,219.22718018742563,220.21915837831895,9688548,215.89413757324218,212.44700927734374,211.81048990885418,211.52198791503906,210.4243634033203,208.81636606852214,0.05715260122970118,0.08726523764343286,-0.06467244874146338,0.011164920279499002,-0.06888563590929453,Capital Goods,1
2024-01-08,234.8012237548828,241.9930653018649,232.9164713350554,239.95950707854465,2322801,221.0226623535156,215.12534942626954,213.49354553222656,212.72228088378907,211.67822326660155,210.05633850097655,0.045009672785430985,-0.0027386569615372876,0.021968724187940047,0.030629489199297755,-0.00802701276291029,Capital Goods,1
2024-01-09,236.4875946044922,238.07476576414086,232.51968184175652,236.98358369983416,1125826,226.8852508544922,217.78385009765626,214.8922342936198,214.02425231933594,212.9181964111328,211.32937723795573,0.07676726107176383,0.007182121211471352,0.0020973154899370794,0.006711435169794333,-0.016778523919496524,Capital Goods,1
2024-01-10,235.04922485351562,237.47956834790105,230.1389359288623,234.85083224637134,611539,231.6665832519531,220.12987823486327,216.37028096516926,215.26670532226564,214.1581689453125,212.48668518066407,0.04968000777536718,-0.006082220732897758,-0.0008440470597932404,0.010339721374958977,-0.02089047061403182,Capital Goods,1
2024-01-11,232.51968383789062,236.88439699620164,231.52770563869078,234.20605888563927,727664,234.86075134277343,222.76358032226562,218.1624542236328,216.39012069702147,215.28108825683594,213.47701009114584,0.0020439126980484313,-0.010761750085333947,0.007252611993590952,0.018771370605140003,-0.004266211715182933,Capital Goods,1
2024-01-12,239.3643341064453,244.02662845203224,232.9164760375908,232.9164760375908,2510469,235.6444122314453,225.76927490234374,220.17947692871093,217.76897048950195,216.3464727783203,214.6277048746745,0.13094176766455715,0.029436863819781722,-0.026937421955215535,0.01947781553585015,-0.026937421955215535,Capital Goods,1
2024-01-15,238.52114868164062,246.10979078727416,237.08278335800102,240.90190537878252,1424734,236.38839721679688,228.70552978515624,222.213032023112,219.21725845336914,217.45550415039062,215.7965855916341,0.11506297352139071,-0.003522602596382312,0.009981323292717947,0.03181538470520384,-0.006030347126826152,Capital Goods,1
2024-01-16,233.9580535888672,240.40591158748086,231.13090979645932,238.76913855215537,484242,235.8824890136719,231.38386993408204,223.8167297363281,220.13979797363282,218.39589965820312,216.74557851155598,0.029131165994445082,-0.01913077778635009,0.020563878393956347,0.02755988904722395,-0.01208397723027732,Capital Goods,1
2024-01-17,225.03025817871094,231.13091798513767,224.18707066369575,231.13091798513767,699480,233.87869567871093,232.77263946533202,224.7128173828125,220.74738464355468,218.9891033935547,217.4449234008789,-0.13899629600836944,-0.03815981229628881,0.027110397756295646,0.027110397756295646,-0.0037469961677134567,Capital Goods,1
2024-01-18,230.43653869628906,232.96608613146978,217.78881665677164,224.88145472633875,1143647,233.46206665039062,234.16140899658203,226.32974243164062,221.98735733032225,219.8045098876953,218.31125132242838,-0.03718569433825738,0.024024682553066494,-0.024106784459524522,0.010977197667921157,-0.05488592265390202,Capital Goods,1
2024-01-19,229.5437469482422,238.7195451992183,228.35337614836573,232.12289629496283,1057388,231.49794921875,233.57118072509766,227.6788330078125,223.00909500122071,220.51476623535157,218.87171885172526,-0.053998670420283244,-0.0038743497584970994,0.011235981729017297,0.039974071927322274,-0.005185812359091879,Capital Goods,1
2024-01-23,222.0543212890625,233.75965168505638,219.5743758430662,233.2636625958571,427620,228.20458374023437,232.29649047851564,228.5385477701823,223.71091995239257,221.0147235107422,219.24701741536458,-0.19503887912670112,-0.032627443608247854,0.05048017638982438,0.052713814926196756,-0.011168192681861755,Capital Goods,1
2024-01-24,228.25418090820312,229.84133688402432,219.57437199916606,223.4430807726398,546612,227.06380920410157,231.47314910888673,229.9438496907552,224.62849960327148,221.52460021972655,219.8405512491862,-0.07828366525228209,0.027920463709732835,-0.021077818230625045,0.0069534585062409615,-0.038026943797922486,Capital Goods,1
2024-01-25,223.24468994140625,228.89896247693977,222.55030825044346,228.89896247693977,288011,226.70669555664062,230.29269561767578,230.7506581624349,225.21128692626954,221.93924682617188,220.275368754069,-0.17262196082024064,-0.02194698448398428,0.02532769105064747,0.02532769105064747,-0.0031104063041546004,Capital Goods,1
2024-01-29,215.40805053710938,223.1950851168515,214.56487818627699,223.1950851168515,884924,223.70099792480468,228.58153228759767,230.6746053059896,225.67255630493165,222.33008544921876,220.45392456054688,-0.3202008683943136,-0.03510336306925693,0.036150155764028025,0.036150155764028025,-0.003914302871828479,Capital Goods,1
2024-01-30,213.42410278320312,216.44963930783175,212.4321245873502,216.2512466959384,621882,220.47706909179686,225.98750915527344,229.20647684733072,225.8783920288086,222.50268981933593,220.50848337809245,-0.357562398905081,-0.009210183876412112,0.013246600903399797,0.014176170756599049,-0.004647920187630272,Capital Goods,1
2024-01-31,220.56634521484375,221.55832335363525,213.22569790595554,213.22569790595554,838489,220.17947387695312,224.19202880859376,228.25748494466146,226.448779296875,223.0046307373047,220.87551523844402,-0.2230603143619572,0.033465022640370365,-0.03328090376497839,0.004497413863503219,-0.03328090376497839,Capital Goods,1
2024-02-01,218.63198852539062,222.59990131268546,216.54884339389247,222.1039122142736,392670,218.25503540039062,222.6594223022461,227.06711120605468,227.02164611816406,223.3538067626953,220.97967274983725,-0.2594879502860457,-0.008769953945462329,0.015880218225613252,0.018148820829272383,-0.009528089396013684,Capital Goods,1
2024-02-02,215.95364379882812,220.5167494188398,215.11047143921627,219.22717477523776,379773,216.796826171875,221.75176086425782,225.79407246907553,227.26220016479493,223.52839477539064,221.0821767171224,-0.30992630382776226,-0.01225047050354872,0.015158489196223535,0.021130023739087456,-0.003904413673136764,Capital Goods,1
2024-02-05,215.20965576171875,219.17756834598234,213.27530140416732,215.50725223281557,574923,216.75714721679688,220.22907257080078,224.64007059733072,227.19524078369142,223.88947448730468,221.40126241048176,-0.3239370214453903,-0.003445128426739759,0.001382821184502614,0.018437428238149645,-0.008988232199456436,Capital Goods,1
2024-02-06,219.1279754638672,220.119953650913,216.35044864924762,216.35044864924762,491554,217.89792175292968,219.18749542236327,223.29098002115884,226.37933807373048,224.2822979736328,221.7352284749349,-0.25014756765835383,0.01820698838200281,-0.012675363831294861,0.004526935389906006,-0.012675363831294861,Capital Goods,1
2024-02-07,215.40805053710938,219.72316157058935,214.8128727252957,218.235194336477,1351987,216.86626281738282,218.52286834716796,221.75010681152344,225.4096794128418,224.53227600097657,221.9815694173177,-0.3202008683943136,-0.016976038403509114,0.013124596747049466,0.020032264452143123,-0.002763024920979573,Capital Goods,1
2024-02-08,212.82891845703125,218.2351964322811,211.88654222698716,216.54883657803603,486445,215.70564880371094,216.98034210205077,220.34149780273438,224.22674560546875,224.75844665527345,222.07911376953126,-0.3687708580583113,-0.011973239039335745,0.01747844300470769,0.02540198960951523,-0.004427858003865914,Capital Goods,1
2024-02-09,216.846435546875,218.73118802862174,208.46420784211173,213.2753080551187,1383930,215.88420715332032,216.34051666259765,219.79590962727863,223.3166061401367,224.9866015625,222.25436350504557,-0.2931133277457364,0.018876744377455738,-0.016468462959744357,0.008691646127332087,-0.03865513253018771,Capital Goods,1
2024-02-12,212.48171997070312,216.5984384383497,208.46420537413647,216.2512400259556,1734359,215.3386199951172,216.04788360595703,218.5989217122396,222.31470794677733,224.82391662597655,222.4643320719401,-0.3753092695737858,-0.02012814075160746,0.01774044400512298,0.0193744594509786,-0.018907577541826148,Capital Goods,1
2024-02-13,217.04483032226562,220.51675397643592,211.1921499376899,216.7968357755392,1008554,214.92199096679687,216.4099563598633,217.76566060384116,221.19873275756837,224.08786865234376,222.7222468058268,-0.2893771746946597,0.02147530786267948,-0.0011425959621255144,0.015996343469757868,-0.02696530654927709,Capital Goods,1
2024-02-14,216.35044860839844,217.6896100788259,214.76327745487043,215.06087393820516,350553,215.1104705810547,215.98836669921874,217.3854024251302,220.09019775390624,223.3498376464844,222.96197509765625,-0.3024537103734283,-0.00319925479375011,-0.005960582372202317,0.006189779032311549,-0.007336112144610496,Capital Goods,1
2024-02-15,216.5984344482422,221.45912131390364,215.30885982988752,217.29281612385307,698682,215.86437377929687,215.7850112915039,216.6083526611328,219.222216796875,222.55427124023439,223.276101175944,-0.2977836627356726,0.001146222905655318,0.0032058480818650814,0.02244100645530267,-0.00595375779903351,Capital Goods,1
2024-02-16,224.23666381835938,227.4109908708499,217.34241870364121,217.5408113063496,1072287,217.34241943359376,216.61331329345703,216.6744842529297,219.18253707885742,222.12176879882813,223.7125712076823,-0.15394119556485691,0.03526447173810206,-0.029860649895476876,0.014156146450082119,-0.03074539639201368,Capital Goods,1
2024-02-19,222.84788513183594,228.0061836160576,220.71513816591047,227.16299613480226,1071497,219.4156524658203,217.37713623046875,217.17047322591145,218.80310440063477,221.73489685058593,223.92253926595052,-0.18009455427457466,-0.006193361348117467,0.019363481957271,0.02314717270558808,-0.009570416002214865,Capital Goods,1
2024-02-20,221.55833435058594,223.98867788397712,219.57437797453014,222.94709775927063,546971,220.31835327148437,217.62017211914062,217.71275533040364,218.40383377075196,221.02265686035156,223.4596160888672,-0.20437926175439297,-0.0057866861984672046,0.006268161442697817,0.010969316683639097,-0.008954555385474516,Capital Goods,1
2024-02-21,217.4912109375,222.84788693112142,213.42409443896062,222.84788693112142,475355,220.5465057373047,217.8284881591797,217.50774637858072,218.17567825317383,220.18145935058592,222.8826156616211,-0.28097097400582727,-0.018356896503158703,0.024629390633908343,0.024629390633908343,-0.018700141863241204,Capital Goods,1
2024-02-22,216.25123596191406,222.6990939149069,212.97770505080987,222.6990939149069,518416,220.47706604003906,218.17071990966798,217.34902954101562,217.57553100585938,219.4731866455078,222.20807037353515,-0.30432207425114716,-0.005701264755669904,0.029816513761467878,0.029816513761467878,-0.015137628677788117,Capital Goods,1
2024-02-23,213.37451171875,217.34242442287265,212.9281094304276,216.54883885477096,742555,218.30463562011718,217.82352752685546,217.17708740234374,217.08202209472657,219.00695678710937,221.48557993570964,-0.35849629349175993,-0.013302695036021474,0.014876786877924042,0.018596001331933953,-0.0020921069003349,Capital Goods,1
2024-02-26,213.9200897216797,217.73921179171515,212.77932086251892,214.41607881459933,1153561,216.51907653808593,217.9673645019531,217.09111633300782,217.00762405395508,218.346298828125,220.86559346516927,-0.3482220162773892,0.002556903345835498,0.002318571825418392,0.017853031358598948,-0.005332686895583194,Capital Goods,1
2024-02-27,217.83840942382812,222.99669281513127,214.0192874632097,216.05284571319632,1431381,215.77509155273438,218.04672241210938,217.00514526367186,217.22833938598632,217.87808532714843,220.14806264241537,-0.2744325624903527,0.018316744851997583,-0.008196734980550624,0.02367940256700618,-0.017531903444942598,Capital Goods,1
2024-02-28,215.40805053710938,221.70711788273914,214.96166339415277,219.27677442763274,1032604,215.35845947265625,217.95248260498047,217.00514526367186,216.9704246520996,217.61223449707032,219.37762603759765,-0.3202008683943136,-0.011156705069353607,0.017959978194300952,0.02924248805893437,-0.0020722862578420598,Capital Goods,1
2024-02-29,216.54884338378906,219.0287888757326,214.6144889273503,216.49924144667295,547387,215.41798095703126,217.94752349853516,217.25314025878907,216.86626739501952,217.14402099609376,218.7973190307617,-0.29871755732235156,0.0052959619839424606,-0.00022905657837291038,0.011452129936101008,-0.008932647370508029,Capital Goods,1
2024-03-01,221.35992431640625,225.1790463554024,217.54081741379585,217.6400061497421,969847,217.0150634765625,217.65984954833985,217.55403951009114,217.13658142089844,217.06863037109375,218.6749745686849,-0.20811570215765024,0.02221707055756709,-0.016804840253500375,0.017252996678555066,-0.017252928299485104,Capital Goods,1
2024-03-04,220.2687530517578,224.53426215922076,218.8799745484707,224.1870637493026,495809,218.28479614257813,217.40193634033204,218.07317504882812,217.3895362854004,217.2630584716797,218.33604838053387,-0.22866454393857233,-0.004929398435684072,0.017788772321347235,0.019365021358525025,-0.0063049274309042724,Capital Goods,1
2024-03-05,222.10391235351562,223.1950944252602,217.8880050143718,220.2687617700729,1152847,219.1378967285156,217.456494140625,218.4104471842448,217.5383331298828,217.6102508544922,218.08805389404296,-0.19410498454002217,0.008331455444007506,-0.008262576575066238,0.004912934941946334,-0.018981688771125715,Capital Goods,1
2024-03-06,222.0047149658203,222.9966931246163,217.24321677632244,222.20310757030242,588768,220.4572296142578,217.90784454345703,218.7873982747396,217.86816635131837,217.66778564453125,218.0864003499349,-0.19597306106556056,-0.0004466260258280512,0.0008936414008713367,0.004468275184825288,-0.021447734523255324,Capital Goods,1
2024-03-07,229.44454956054688,233.1148656952806,220.5167461934936,220.5167461934936,3258704,223.03637084960937,219.2271759033203,219.64380594889323,218.69894790649414,218.1002880859375,218.126079305013,-0.05586674694582162,0.033512056696057085,-0.03891050532319307,0.015996527883375133,-0.03891050532319307,Capital Goods,1
2024-03-11,223.3934783935547,233.11486737964242,222.69909670948817,230.98212039221264,1154509,223.44308166503907,220.22907257080078,219.58759358723958,219.02630004882812,218.39788146972657,218.13103892008465,-0.16981998970802334,-0.026372695183135755,0.0339698457324209,0.043516888030909584,-0.003108334625790743,Capital Goods,1
2024-03-12,213.02731323242188,224.3854603169549,206.3810624824826,223.39348214125093,2067763,221.9947937011719,220.139794921875,218.93288879394532,219.05357971191407,218.31058776855468,218.0516810099284,-0.3650347050072345,-0.04640316823784188,0.04866121978226867,0.05331779719786822,-0.03119905447377036,Capital Goods,1
2024-03-13,205.6370849609375,214.1680884436474,202.4131557941049,214.019297767425,1295072,218.70142822265626,218.91966247558594,217.87147216796876,218.48319244384766,217.7709521484375,217.7921137491862,-0.504206837188114,-0.034691458852608825,0.04076216509332342,0.04148572464120681,-0.015677761467222773,Capital Goods,1
2024-03-14,209.30738830566406,214.76326809562212,201.76834835953153,205.5874702670563,653138,216.161962890625,218.3095962524414,217.325883992513,218.13103942871095,217.52692565917968,217.41681518554688,-0.43508800574319423,0.01784845056242539,-0.017772511848341277,0.026066350710900466,-0.03601898627258593,Capital Goods,1
2024-03-15,211.73773193359375,213.8208920917685,208.31541036206545,210.24976471672184,1092553,212.62059936523437,217.82848510742187,217.02498372395834,217.88800430297852,217.48327819824217,217.18700663248697,-0.38931998719141386,0.011611360915652494,-0.00702740698733173,0.009838398376856627,-0.016163021773566655,Capital Goods,1
2024-03-18,224.58384704589844,225.67502906516324,212.68010924905465,212.8289150533464,1638075,212.85867309570312,218.1508773803711,217.77227274576822,217.90536346435547,217.79277465820311,217.47468007405598,-0.1474030714015629,0.06066993820607066,-0.05234095037186559,0.004858684333792773,-0.05300353499782651,Capital Goods,1
2024-03-19,218.135986328125,223.74067188545465,217.342415927428,223.74067188545465,582761,213.88040771484376,217.9376007080078,218.05333251953124,217.6697685241699,218.0189453125,217.57222442626954,-0.2688286202659181,-0.028710260344127426,0.025693539391061115,0.025693539391061115,-0.0036379618698186844,Capital Goods,1
2024-03-20,215.16006469726562,219.9215630662152,213.47370479103387,219.2271813561652,638405,215.78500366210938,217.24321594238282,217.8747762044271,217.3498550415039,217.9435546875,217.4399607340495,-0.32487091603206925,-0.013642506589366358,0.01890274881922016,0.022130028523876355,-0.007837699382571284,Capital Goods,1
2024-03-21,222.50070190429688,224.6830508053722,215.1600545180076,216.25123653673793,843182,218.42366638183594,217.29281463623047,218.34761962890624,217.60032958984374,218.18956481933594,217.67638244628907,-0.18663267843786868,0.03411709890197174,-0.028087396192785885,0.009808278726302744,-0.032991569570179013,Capital Goods,1
2024-03-22,233.71006774902344,239.46352914512656,220.51675478738105,223.24469481140395,3030302,222.81813354492186,217.71936645507813,219.4917012532552,218.47327117919923,218.87403015136718,218.37242075602214,0.02446111835668941,0.050379013408901475,-0.044779298720062144,0.024617944154128768,-0.05645162439390683,Capital Goods,1
2024-03-26,242.78665161132812,247.94493495127847,229.94053762791387,233.7100576158571,4904677,226.4586944580078,219.65868377685547,220.92014973958334,219.94387817382812,219.61602966308592,219.23709462483723,0.1953905514717212,0.03883693993042631,-0.03738506188553381,0.0212461570918987,-0.052911121341132517,Capital Goods,1
2024-03-27,247.796142578125,249.97849146042307,242.04266633469535,242.78664994023234,2686883,232.3907257080078,223.13556671142578,222.75530904134115,221.6376808166504,220.6139599609375,220.41424204508465,0.28972884703967977,0.020633304728863183,-0.020216184908178225,0.008807033312110635,-0.023218586793035678,Capital Goods,1
2024-03-28,244.4730224609375,250.62328422581666,242.2906734651915,247.99454807082037,831154,238.2533172607422,227.01916046142577,224.2465830485026,222.96941146850585,221.53054748535158,221.3285151163737,0.22714813975805406,-0.013410701565460361,0.014404557093597337,0.025157220633053035,-0.008926747719555483,Capital Goods,1
2024-04-01,247.0521697998047,252.55765174933654,243.5306442186529,244.47302046635625,1177240,243.16361083984376,230.79363861083985,225.91641337076823,224.55161743164064,222.71298583984375,222.3519058227539,0.27571841677423226,0.010549823914740082,-0.010439695128111715,0.022284693771332353,-0.014254177909084564,Capital Goods,1
2024-04-02,246.3081817626953,251.4664652010814,243.53063986929183,247.0521653875506,730154,245.68323364257813,234.25068359375,227.04065551757813,226.03958435058593,223.915263671875,223.34223073323568,0.2617076991566042,-0.0030114612541644764,0.0030205396326301592,0.02094239582896118,-0.011276693585759556,Capital Goods,1
2024-04-03,257.86474609375,259.69988155189907,244.8698255741107,244.9690143126232,2689363,248.6988525390625,237.57877349853516,229.33874003092447,227.8648254394531,225.694873046875,224.46316680908203,0.47933990746663685,0.04691912484737846,-0.05000967358461017,0.007116658969279488,-0.05039432771052321,Capital Goods,1
2024-04-04,252.75604248046875,262.6758091122616,249.4329095335746,260.3942714146891,2508560,249.69083251953126,241.04077911376953,231.98732198079426,229.48918991088868,227.24831115722657,225.4601053873698,0.38313324802095944,-0.01981156280829453,0.030219767880764303,0.03924640746248187,-0.013147590515668717,Capital Goods,1
2024-04-05,252.855224609375,255.48396065470087,250.47448310177367,252.95442847901896,683205,251.36727294921874,244.81029510498047,235.13519795735678,231.02675552368163,228.64898376464845,226.50333506266276,0.3850010371943173,0.0003924026026555393,0.00039233466422228247,0.010396210121372373,-0.00941543332268191,Capital Goods,1
2024-04-08,253.20242309570312,259.15429200294784,250.37527931020773,253.94640670910871,1067711,252.59732360839843,247.8804672241211,238.06153361002603,232.58664093017578,230.1607586669922,227.69370880126954,0.39153944870979185,0.0013731117751847792,0.002938295788442735,0.023506366307541438,-0.011165547907994622,Capital Goods,1
2024-04-09,251.06968688964844,254.93839579067233,249.6313063996195,253.9464175969343,513125,253.54962463378905,249.6164291381836,240.68366394042968,233.66789779663085,231.54159240722657,228.854323832194,0.3513759470868071,-0.008423048168257756,0.011457897378707838,0.01540890479034318,-0.005729008976942507,Capital Goods,1
2024-04-10,256.52557373046875,262.6758205304194,254.73999477091704,258.9063154037649,2567977,253.28179016113282,250.99032135009764,242.8131123860677,235.32450256347656,232.94821838378905,230.29269256591797,0.4541207306957786,0.021730567749575897,0.009280718638203345,0.02397517998113008,-0.00696062748670756,Capital Goods,1
2024-04-12,246.50657653808594,254.83918715524158,245.3162057551188,254.83918715524158,1034747,252.03189697265626,250.86136474609376,244.70448506673176,236.99846572875975,233.9977313232422,231.3789087931315,0.26544385220768096,-0.039056523864984184,0.033802792339977294,0.033802792339977294,-0.004828961562342804,Capital Goods,1
2024-04-15,245.2666015625,251.26807249454203,237.13238362794698,242.04267252275025,1093908,250.51417236328126,250.94072265625,246.71158752441406,238.97994155883788,234.92423889160156,232.29318186442057,0.24209275196236105,-0.00503019024076365,-0.013144590495449915,0.02446917311125496,-0.03316480059956395,Capital Goods,1
2024-04-16,247.6473388671875,250.97047172121222,241.59628123953493,242.0426683793509,523185,249.4031555175781,251.00023956298827,248.38802998860677,240.89693908691407,235.94994384765624,233.36782480875652,0.28692658857528197,0.00970673254948179,-0.02263166046311671,0.013418811077178239,-0.02443417181598595,Capital Goods,1
2024-04-18,251.86325073242188,255.63278593346354,244.225021868168,248.49053101668972,867256,249.5618682861328,251.55574645996094,249.5982421875,242.90321502685546,236.84669189453126,234.54497172037762,0.3663202719389336,0.01702385288902844,-0.013391075140673503,0.01496659472979811,-0.030326889063973406,Capital Goods,1
2024-04-19,250.02810668945312,253.84721365245142,244.12583946562958,247.49855926884703,588646,248.2623748779297,250.77208251953124,250.081005859375,244.1754280090332,237.9120770263672,235.50057779947917,0.3317609998925639,-0.0072862715685282605,-0.01011705225504067,0.015274710565807759,-0.023606414902603068,Capital Goods,1
2024-04-22,248.4905242919922,254.0951947334451,247.498546151106,252.0616516537366,393069,248.65916442871094,250.34553070068358,250.1272979736328,245.69315490722656,239.33060546875,236.441303507487,0.30280538271844837,-0.006149638205958534,0.01437128185036185,0.022554865854228945,-0.003992015968063756,Capital Goods,1
2024-04-23,252.95443725585938,255.63279046532423,249.2841209974633,249.78011009012184,808884,250.1967315673828,250.35545196533204,250.6927256266276,247.58287353515624,241.22329956054688,237.46965433756512,0.38686940107203616,0.0179641174511017,-0.012549007640165422,0.010588283164828516,-0.014509791953890905,Capital Goods,1
2024-04-24,271.9012145996094,272.79398887227364,253.9464041865529,254.24398551985087,6895970,255.0475067138672,252.22533111572267,252.34932861328124,250.0528991699219,243.72705261230467,239.13287099202475,0.7436734542107678,0.07490193708120502,-0.06493986834799481,0.0032834508443770893,-0.06603431485032529,Capital Goods,1
2024-04-25,268.92529296875,272.54600730238013,266.346143623982,272.2980127552442,1125993,258.4599151611328,254.01089172363282,253.85713602701824,251.81366043090821,246.01455505371095,240.4488957722982,0.6876311584446166,-0.010944863321929605,0.012541474806113229,0.013463643726701724,-0.009590579288009549,Capital Goods,1
2024-04-26,270.90924072265625,277.3570987429516,264.85816791059415,270.81003685240523,1974220,262.6361419677734,255.44925842285156,254.72676900227864,253.21978988647462,247.86757080078124,242.03275451660156,0.724992688955384,0.0073773192993668735,-0.00036618858030235124,0.02380080503380233,-0.022336162457658237,Capital Goods,1
2024-04-29,269.6196594238281,275.22436040496353,268.33009988837165,272.5460071879117,813386,266.8619689941406,257.7605667114258,255.85101013183595,254.31096572875975,249.92691772460938,243.9191660563151,0.7007074067712047,-0.004760196792800936,0.010853614199858974,0.02078743439225672,-0.004782883926981563,Capital Goods,1
2024-04-30,264.3125915527344,271.0084441000959,263.0726188587785,270.56204182116346,511761,269.13359985351565,259.66516571044923,256.6148345947266,255.3029441833496,251.89301879882814,245.87501627604166,0.6007651689788116,-0.01968353451092865,0.023644164024558822,0.025333081969443727,-0.004691311475822912,Capital Goods,1
2024-05-02,266.8917236328125,269.2228784663802,262.4278217155531,265.0565881739348,573573,268.13170166015624,261.58960418701173,257.52745463053384,256.294921875,253.66865966796874,247.79449412027995,0.6493351586428092,0.009757885785640102,-0.0068759549149693955,0.008734459060165234,-0.016725516462252066,Capital Goods,1
2024-05-03,268.5780944824219,275.0259527063766,264.9077630766004,268.82608902949704,1454104,268.0622619628906,263.2610885620117,258.69468180338544,257.40841751098634,255.0633807373047,249.68917287190754,0.6810927469291421,0.006318558052888408,0.0009233610341643494,0.024007386888273308,-0.013665788391620581,Capital Goods,1
2024-05-06,270.21484375,272.44679460190986,266.1477272541878,269.3220694637902,909753,267.9233825683594,265.2797622680664,259.6072998046875,258.02592239379885,256.16050842285154,251.2102060953776,0.711915865924435,0.006094127932258632,-0.00330394242529386,0.008259912079348286,-0.015051417751036023,Capital Goods,1
2024-05-07,281.6722106933594,284.20174289272023,266.8421250895,271.50443455147325,3544681,270.3338928222656,268.5979309082031,261.95167541503906,259.4717308044434,257.51555114746094,253.3280802408854,0.9276799977089293,0.04240095319840983,-0.03609790300881055,0.008980410929193994,-0.05265015518340954,Capital Goods,1
2024-05-08,276.8611145019531,285.6897141986774,273.1411963483245,282.7137796757745,1811920,272.8435974121094,270.9885986328125,264.0579762776693,260.6720252990723,258.8110748291016,255.38478190104166,0.8370778551920475,-0.017080478686780424,0.021139354236689334,0.031888189544443835,-0.013436044134693237,Capital Goods,1
2024-05-09,266.2469482421875,276.761923430667,264.41178248029695,276.761923430667,993116,272.7146423339844,270.4231719970703,265.2979502360026,261.32425155639646,259.57886596679685,256.8429901123047,0.6371928049029001,-0.03833751185629482,0.03949331723011795,0.03949331723011795,-0.006892720363582239,Capital Goods,1
2024-05-10,271.3060302734375,275.2739429648223,265.10616669314874,266.8421284956296,678543,273.2602294921875,270.66124572753904,266.59413553873696,262.33606872558596,260.5787799072266,258.09618886311847,0.7324649950575376,0.019001464860540232,-0.01645338208409497,0.014625228519195455,-0.022851919561242995,Capital Goods,1
2024-05-13,268.9748840332031,271.60362021996366,262.7254334554123,268.82609335711714,967097,273.0122375488281,270.4678100585937,267.8572540283203,262.95853424072266,261.0231854248047,258.96912994384763,0.6885650530312956,-0.008592312665829487,-0.0005531768388740144,0.009773165982426946,-0.023234327622274842,Capital Goods,1
2024-05-14,298.88299560546875,301.3629409067845,270.2644510465006,270.2644510465006,9385461,276.45439453125,273.39414367675784,271.2167521158854,265.5773551940918,262.8682635498047,260.6720250447591,1.2517919932702881,0.11119295275381054,-0.09575166529963841,0.008297378364707342,-0.09575166529963841,Capital Goods,1
2024-05-15,302.404541015625,325.0712474928803,294.71671045650317,298.38701139848627,9922280,281.5630798339844,277.2033386230469,274.5134256998698,268.434252166748,264.85023620605466,262.6030756632487,1.3181094283073516,0.01178235450639272,-0.013285282038576152,0.07495491437109103,-0.02542233834618446,Capital Goods,1
2024-05-16,293.0799560546875,304.6860822273368,290.30239907549753,303.3965227435215,1617842,286.9296813964844,279.82216186523436,275.925341796875,270.70588302612305,266.4453375244141,264.1373352050781,1.1425096602023836,-0.030834804694469538,0.03520051943405145,0.039600545628864614,-0.009477130461530758,Capital Goods,1
2024-05-17,293.1295471191406,298.98221222534085,289.95520488894505,293.0799603201071,1217749,291.294384765625,282.2773071289063,277.53895874023436,272.76919784545896,268.12773193359374,265.6980473836263,1.1434435547890625,0.00016920660532606166,-0.00016916342798212192,0.019966138397578437,-0.010829144524640455,Capital Goods,1
2024-05-21,302.6525573730469,305.43008424686735,288.4672508322794,295.0639301349548,1628676,298.02991943359376,285.5210784912109,279.6551798502604,275.40042037963866,269.9728112792969,267.1909744262695,1.3227800506494682,0.03248737750082793,-0.025073725806117775,0.00917727871830576,-0.04686993780555704,Capital Goods,1
2024-05-22,311.1835632324219,313.3658970371088,297.79185797209436,303.54531923408956,1768723,300.4900329589844,288.4722137451172,282.4261067708333,278.53507232666016,272.5598907470703,269.13855845133463,1.4834352065501293,0.02818745671083082,-0.024545782299649765,0.007013011169413774,-0.043034744898544974,Capital Goods,1
2024-05-23,304.3885192871094,310.98516831809013,302.55335354710525,310.98516831809013,572039,300.88682861328124,291.22495422363284,285.09783528645835,281.10677642822264,274.92476745605467,270.85633494059243,1.35547153352248,-0.021836127444293408,0.02167180630343868,0.02167180630343868,-0.00602902417049811,Capital Goods,1
2024-05-24,318.42498779296875,325.0712535413696,302.6029241097238,305.5292717764311,2830422,305.9558349609375,296.44275817871096,288.53338623046875,283.43296508789064,277.75587341308596,273.0304204305013,1.619805080266611,0.046113659407172686,-0.04049844236760125,0.020872312171436924,-0.04968851154838394,Capital Goods,1
2024-05-27,309.10040283203125,318.47457834470725,307.5132317105837,318.42499154547534,704152,309.15000610351564,300.2221954345703,291.23487345377606,285.4417205810547,280.0453594970703,274.96477762858075,1.444205312161643,-0.029283458643013564,0.03016686043761374,0.030327283390083615,-0.005134807677070752,Capital Goods,1
2024-05-28,302.10693359375,317.33380425687045,299.5774014193505,310.48916107369774,1027655,309.04088134765624,303.535400390625,293.3610127766927,287.00160522460936,282.1285125732422,276.4841562906901,1.312504911378556,-0.02262523495345162,0.027745895733791714,0.05040225486382366,-0.00837296961148537,Capital Goods,1
2024-05-29,319.466552734375,322.09531906355346,299.2798214967156,300.1229787103169,1821783,310.6974792480469,305.5937561035156,295.88063557942706,289.4939498901367,284.9675537109375,278.9161554972331,1.6394197401086736,0.0574618362250794,-0.060549606393823674,0.008228612061821128,-0.06318887240268911,Capital Goods,1
2024-05-30,308.406005859375,320.2105399842217,307.01724248105853,315.64746463729205,1900195,311.5009765625,306.19390258789065,297.98362833658854,291.69862060546876,287.1856164550781,281.0208023071289,1.431128489130694,-0.03462192451864107,0.02348027807609876,0.038275954101326004,-0.004503036101539792,Capital Goods,1
2024-05-31,309.05078125,319.4169650509802,305.67806158662455,312.5723218544419,1276535,309.6261352539062,307.7909851074219,300.83721720377605,293.80657348632815,288.6715991210938,283.06758371988934,1.4432708428706031,0.0020906706691016922,0.011394698923583135,0.03354200807728969,-0.0109131568919969,Capital Goods,1
2024-06-03,333.2054748535156,338.26456978163714,313.5643183946586,317.4330273610671,3142916,314.4471496582031,311.7985778808594,304.96384684244794,297.03794250488284,291.24280639648435,285.7789911905924,1.898149919332731,0.07815768497920801,-0.04733549921225766,0.01518310865193806,-0.058946079644975,Capital Goods,1
2024-06-04,320.0617370605469,343.62121760907826,304.6364892736691,323.2856659777143,4122053,318.0381103515625,313.53949584960935,308.36963704427086,299.53028717041013,293.20890625,288.11344553629556,1.6506281992619039,-0.03944634402765147,0.0100728345311627,0.07360917542003653,-0.04819460123082364,Capital Goods,1
2024-06-05,338.2645568847656,346.2003822662264,313.56430643952325,325.7160390548851,1828884,321.79771118164064,316.2475952148437,310.9950744628906,302.35990447998046,295.9547021484375,291.105913289388,1.9934221094873685,0.05687283956962115,-0.03709675629467546,0.02346041055718473,-0.07302050996036469,Capital Goods,1
2024-06-06,338.81011962890625,347.19234697205394,335.040614828032,347.19234697205394,1079944,327.8785339355469,319.68975524902345,313.4221130371094,305.4573547363281,298.9346032714844,293.9677693684896,2.003696099349559,0.0016128285776226868,0.02474019179925513,0.02474019179925513,-0.011125714913719054,Capital Goods,1
2024-06-07,347.48992919921875,353.04501281964957,334.29663208936955,339.8517157098004,2755154,335.5663635253906,322.59624938964845,317.0494445800781,309.5195037841797,302.1585314941406,296.4873931884766,2.167153513714618,0.025618507439563398,-0.02198110750150495,0.015986315440083,-0.03796742294158795,Capital Goods,1
2024-06-10,344.2660217285156,351.85467916632086,340.54610348361985,347.1923695236092,1020291,337.7784729003906,326.11281127929686,320.4585428873698,313.1675033569336,305.18604858398436,298.9987508138021,2.1064411703107107,-0.009277700444823058,0.008500251579870666,0.022043004417640732,-0.010805359838355622,Capital Goods,1
2024-06-11,337.66937255859375,346.6963802153211,335.3878348122084,344.2660215210118,834171,341.3,329.66905517578124,322.7929972330729,316.60222778320315,307.8842297363281,301.2240885416667,1.9822136503341383,-0.01916148778436206,0.019535822607877673,0.026733273403885427,-0.006756721017063705,Capital Goods,1
2024-06-12,336.5285949707031,341.6868935760465,334.2966440829092,341.6868935760465,662870,340.9528076171875,331.37525939941406,324.482666015625,318.48450775146483,310.0784851074219,303.4543863932292,1.9607306266143567,-0.0033783863169072957,0.015327965238117303,0.015327965238117303,-0.006632277081798144,Capital Goods,1
2024-06-13,333.10626220703125,344.16684318113,332.51109951461825,338.21497407482616,771974,339.8120361328125,333.8452850341797,326.3971822102865,320.0195938110352,312.328291015625,305.7475087483724,1.896281555455012,-0.01016951550274594,0.015336583088971567,0.033204362178050006,-0.001786705204728567,Capital Goods,1
2024-06-14,329.78314208984375,335.2886086132912,328.3447616893473,335.2886086132912,501937,336.2706787109375,335.91852111816405,327.1543924967448,321.854753112793,314.86973876953124,307.84388936360676,1.8337008481733863,-0.009976156242665063,0.016694202403916725,0.016694202403916725,-0.004361594687288695,Capital Goods,1
2024-06-18,328.7415466308594,335.5861896817047,324.6744302383144,335.5861896817047,686488,333.16578369140626,335.4721282958984,328.46380208333335,323.6353530883789,317.16715942382814,309.8493377685547,1.8140856136269627,-0.003158425419758449,0.020820742376475687,0.020820742376475687,-0.01237177483110119,Capital Goods,1
2024-06-19,326.5096130371094,330.3287350980526,322.5913173760357,330.3287350980526,514109,330.9338317871094,336.1169158935547,330.0906473795573,324.82820587158204,319.4685485839844,311.725830078125,1.7720540354784395,-0.006789326194465515,0.011696813534580963,0.011696813534580963,-0.012000552218437543,Capital Goods,1
2024-06-20,323.5336608886719,329.13833126591067,321.8969030295165,327.8983586040096,533499,328.3348449707031,334.6438262939453,330.3617879231771,325.44571075439455,320.4545751953125,313.1212117513021,1.7160111650079275,-0.009114439604873958,0.013490706665108432,0.0173232991023069,-0.005059003303271581,Capital Goods,1
2024-06-21,330.13031005859375,335.28860845157214,320.2105287434585,323.53366153858286,2552207,327.7396545410156,333.7758453369141,331.81007486979166,326.73280029296876,321.56360595703126,314.8968516031901,1.8402386849844998,0.020389375101812934,-0.01998195354688903,0.015625037252904317,-0.030048078025233793,Capital Goods,1
2024-06-24,330.2295227050781,333.0070797108163,324.57526536880107,331.0727101938338,906555,327.8289306640625,332.0498046875,333.22199096679685,327.3230270385742,323.0495886230469,317.02960408528645,1.8421070488622189,0.000300525712003742,0.002553337696304947,0.008410989371833821,-0.017122204247397854,Capital Goods,1
2024-06-25,332.0151062011719,337.27257840245454,327.2535928130038,331.816698457709,1359007,328.483642578125,330.8247131347656,333.14263305664065,328.46876220703126,324.6050109863281,319.05323994954426,1.8757330010262705,0.005407098315944397,-0.0005975864945816367,0.015835039138541784,-0.014341255259882613,Capital Goods,1
2024-06-26,330.9239196777344,338.2645519949174,327.2535883827574,330.42793059856297,948681,329.36650390625,330.15016784667966,333.8667785644531,329.9096115112305,325.7358654785156,321.118207804362,1.855183871893168,-0.0032865568555677017,-0.001498800931810651,0.022182235494888403,-0.011091163487218614,Capital Goods,1
2024-06-27,325.0712585449219,332.1142793364524,320.4585358344054,332.1142793364524,520563,329.6740234375,329.0044342041016,332.9872253417969,330.1898468017578,326.29137329101565,321.99114990234375,1.7449670695342234,-0.017685820772678,0.021666082763072803,0.021666082763072803,-0.014189881723668418,Capital Goods,1
2024-06-28,322.83929443359375,326.6087992175048,313.96107806329616,326.50959534997656,842750,328.2158203125,327.9777374267578,331.92250366210936,330.91151123046876,327.029404296875,322.67230834960935,1.7029349166813392,-0.006866076445265578,0.011368817178287305,0.011676102782111508,-0.02750042056024815,Capital Goods,1
2024-07-01,329.93194580078125,331.5191169292801,318.62340070348046,324.37686198742097,814441,328.15630493164065,327.99261779785155,330.75197143554686,331.9555694580078,327.4896826171875,323.9007080078125,1.8365031066377842,0.021969603730026797,-0.01683705953322434,0.004810601545863102,-0.03427538691306087,Capital Goods,1
2024-07-02,322.1448974609375,329.8327279623148,320.90492479942503,329.8327279623148,436236,326.18226318359376,327.33295288085935,329.27722981770836,331.4025405883789,328.01146240234374,324.8678863525391,1.6898580936503902,-0.023601983496759384,0.02386451116243271,0.02386451116243271,-0.0038491147036181506,Capital Goods,1
2024-07-03,328.5927734375,331.4695041164362,321.6985129498536,322.44249658782525,774082,325.7160339355469,327.54126892089846,328.6721232096354,331.82909240722654,329.0708959960937,325.73256022135416,1.8112839298669259,0.02001545275862814,-0.01871701798349068,0.008754698555424545,-0.02098116892688673,Capital Goods,1
2024-07-04,324.87286376953125,330.1303361733338,324.3768746645396,328.4935781814158,461731,325.6763549804688,327.67518920898436,327.89507446289065,331.15950775146484,329.2871484375,326.1888702392578,1.7412309164831468,-0.01132072878247974,0.011145019531249911,0.01618316883349258,-0.0015267175572518665,Capital Goods,1
2024-07-05,320.5577392578125,327.74958098306286,319.51617428947094,323.0873017524254,759104,325.2200439453125,326.7179321289062,327.058506266276,330.2468887329102,329.7732177734375,326.72784423828125,1.6599688692417762,-0.013282502150687327,0.007891129069195424,0.02243540194007365,-0.0032492273334379096,Capital Goods,1
2024-07-08,315.0026550292969,323.3848826550784,313.7626823197299,321.6489208616846,646990,322.23418579101565,325.19524536132815,326.07314046223956,328.6225250244141,330.01129272460935,326.6137664794922,1.5553560091072665,-0.017329434133698703,0.021099078773699764,0.02661002214410524,-0.003936388121718037,Capital Goods,1
2024-07-09,313.9114990234375,320.40894382470634,309.5467709264942,317.43300936193816,501964,320.58750610351564,323.3848846435547,325.0844706217448,327.1047988891602,329.2395336914062,326.7741363525391,1.5348074546785249,-0.0034639581236478524,0.0112181629199819,0.0206983331973567,-0.013904326889972896,Capital Goods,1
2024-07-10,314.5562744140625,317.2842143004978,308.2076203692761,313.86187760658896,396062,317.78020629882815,321.7481201171875,324.28758138020834,325.9491439819336,329.0193151855469,327.1891143798828,1.5469498084184339,0.002054003732360436,-0.002207543972114423,0.008672342942504407,-0.020182887963726914,Capital Goods,1
2024-07-11,317.92901611328125,319.1689888750335,311.58036162766416,314.75467373408645,433582,316.3914367675781,321.0338958740234,323.9139383951823,325.0191650390625,328.2058935546875,327.1378631591797,1.6104649849910997,0.010722220389662553,-0.009984437463436024,0.003900156006240163,-0.01996877970821953,Capital Goods,1
2024-07-12,312.6715393066406,323.5832994563007,312.47313155844705,320.45854392249856,324252,314.81419677734374,320.0171203613281,322.75002034505206,323.99742889404297,327.16035034179686,327.28004760742186,1.5114566417853854,-0.016536637237185466,0.024904743914735183,0.034898475805816176,-0.0006345564698134742,Capital Goods,1
2024-07-15,319.76416015625,322.39289617822607,305.0332786917062,312.7211092928793,1078418,315.76649780273436,319.000341796875,322.0523295084635,323.4964797973633,326.05131958007814,327.6371602376302,1.6450242570374694,0.022683934922051088,-0.022025766927504242,0.008220858837624467,-0.0460679566382477,Capital Goods,1
2024-07-16,320.80572509765625,328.79116730515057,315.44904918491926,319.76416015756894,1918860,317.1453430175781,318.8664245605469,321.30503743489584,323.0996887207031,325.11290771484374,327.2238352457682,1.664638916879532,0.003257291063818091,-0.003246715562106206,0.02489183198044076,-0.016697569568331017,Capital Goods,1
2024-07-18,329.0391845703125,331.32072234561946,314.55629664076986,322.3929184500788,2916691,320.04192504882815,318.91106567382815,321.17938842773435,323.2261672973633,324.7677001953125,327.52308349609376,1.8196907052601194,0.025664939334077996,-0.020199011035457515,0.006933939428175995,-0.044015693597270644,Capital Goods,1
2024-07-19,315.5482482910156,331.51910219218087,313.61387883402614,330.52712406506214,1400767,319.565771484375,317.9786041259766,320.544521077474,322.82689666748047,323.928486328125,326.7658732096354,1.5656305736738176,-0.04100100204452699,0.04746936753783593,0.050613032991506435,-0.006130186009479899,Capital Goods,1
2024-07-22,314.9034729003906,320.7065208057497,310.14195966097424,313.4650924871484,707966,320.012158203125,317.4131774902344,320.0154663085938,322.0655548095703,323.2003747558594,325.96898498535154,1.5534882199339086,-0.002043349611721987,-0.004567686726329567,0.018428021297798303,-0.015120548514631738,Capital Goods,1
2024-07-23,317.5322265625,321.3017315978154,296.1054914764816,318.325797010112,826058,319.565771484375,317.6661346435547,319.188818359375,321.4306900024414,322.7103381347656,324.97039489746095,1.6029926788889461,0.008347807783437482,0.0024991808113554725,0.011871251860394727,-0.06747893062060895,Capital Goods,1
2024-07-24,318.82177734375,324.9224370262822,314.65548719915864,316.4906225929107,600015,319.1689819335937,318.15716247558595,318.96727701822914,320.7710235595703,322.31354736328126,324.12225341796875,1.6272773863687644,0.004061165051529587,-0.007311780174683147,0.01913501559824282,-0.013067771528352368,Capital Goods,1
2024-07-25,315.10186767578125,321.84733756734084,313.5146965087806,317.433022489241,415007,316.3815185546875,318.2117218017578,318.06788330078126,319.9799209594727,321.85723754882815,323.37000325520836,1.5572243729849853,-0.011667677468462218,0.007398099004155556,0.021407267247619766,-0.005037009709614737,Capital Goods,1
2024-07-26,315.349853515625,318.42499189061823,312.9691119672587,317.1354323814781,391656,316.3418395996094,317.9538055419922,317.4330159505208,319.4938507080078,321.52988525390623,322.66404520670574,1.561894420622741,0.0007870021262422692,0.005662215618453148,0.009751513567266779,-0.007549524827187959,Capital Goods,1
2024-07-29,325.765625,331.66790722108965,319.9129598510772,325.3688397865219,3712425,318.51427001953124,319.2632141113281,317.78020833333335,319.6401672363281,321.3552978515625,322.4193572998047,1.7580433178608115,0.033029257404931435,-0.001218008233613066,0.018118186107234813,-0.01796587699798846,Capital Goods,1
2024-07-30,319.66497802734375,323.8808854179294,318.9209943701816,321.8969289988303,610637,318.9408203125,319.2532958984375,318.0910298665365,319.12681884765624,320.93271606445313,322.08208516438805,1.6431564678641115,-0.018727104717252627,0.006982156710628518,0.013188518231187052,-0.002327385570209506,Capital Goods,1
2024-07-31,315.74664306640625,322.3929089916505,315.3002710483885,322.3929089916505,439755,318.32579345703124,318.7473876953125,318.2133728027344,318.80690612792966,320.2819775390625,321.6489217122396,1.5693667267248945,-0.012257629800792036,0.021049363694569445,0.021049363694569445,-0.0014137031313549153,Capital Goods,1
2024-08-01,311.6795654296875,317.4330269337528,309.74519581270096,317.4330269337528,346530,317.6413330078125,317.01142578125,318.02159220377604,317.96124572753905,319.51220336914065,321.1545867919922,1.4927758765300017,-0.012880826213133745,0.018459540317099288,0.018459540317099288,-0.0062062766749555465,Capital Goods,1
2024-08-02,307.9596252441406,311.0843503262442,304.88448695986006,307.662013638892,308812,316.1632873535156,316.2525634765625,317.3569661458333,317.1155838012695,318.8277380371094,320.6354522705078,1.4227222884418615,-0.011935143006306792,-0.0009663981277178157,0.010146541383879049,-0.009985524179809913,Capital Goods,1
2024-08-05,286.3345031738281,301.2637933412579,284.35054676136747,287.67367980679353,967321,308.2770629882813,313.3956665039062,315.6011637369792,315.4044219970703,317.36754638671874,319.17559204101565,1.0154798817614132,-0.0702206402971454,0.004676965640261654,0.052139333548519184,-0.00692880665958806,Capital Goods,1
2024-08-06,286.284912109375,297.49425356374326,284.6977409484876,287.77287939656225,457062,301.6010498046875,310.27093505859375,313.3692138671875,313.9685348510742,315.6216650390625,317.7107716878255,1.0145459871747344,-0.00017319276546640705,0.005197505087584764,0.03915449602906684,-0.005544026575459271,Capital Goods,1
2024-08-07,287.574462890625,291.24479419634315,278.7954501090448,288.8640526639073,914198,295.96661376953125,307.1462036132813,311.15379638671874,312.6516830444336,314.23884765625,316.2294169108073,1.0388306946545527,0.004504431518058233,0.0044843681887454245,0.012763064108074484,-0.03052778989252314,Capital Goods,1
2024-08-08,287.97125244140625,292.0879860908485,285.7393015449589,285.7393015449589,313492,291.224951171875,304.4331420898437,308.4159342447917,311.32243194580076,312.6139868164062,314.79766133626305,1.0463030007567062,0.0013797802029875074,-0.007750603150574853,0.01429564102159775,-0.007750603150574853,Capital Goods,1
2024-08-09,288.3184509277344,294.31993705885935,287.77287503980097,290.1536166087027,355437,287.2967163085938,301.73000183105466,306.6006144205729,309.84190368652344,311.15181030273436,313.57256774902345,1.0528414122721808,0.0012056706472767442,0.0063650650003952425,0.020815477163579788,-0.0018922683795570272,Capital Goods,1
2024-08-12,287.0784606933594,289.65760984931126,280.48181227703003,282.7137630378552,447327,287.4455078125,297.8612854003906,304.74561360677086,308.5622497558594,309.81263916015627,312.3805399576823,1.0294900246746803,-0.004300766150709507,-0.015203849306431594,0.008984126324638408,-0.022978555759275543,Capital Goods,1
2024-08-13,280.82904052734375,289.26085540907707,279.98585298461586,288.56645854500164,381037,286.3543334960938,293.9776916503906,302.2987345377604,306.61549377441406,308.4456945800781,310.7437764485677,0.9118014909179434,-0.021769031890870053,0.027552058017676906,0.030024725597822766,-0.0030024941193564914,Capital Goods,1
2024-08-14,275.7203369140625,281.4242112354458,273.0419838192613,281.4242112354458,414245,283.98350830078124,289.9750610351563,299.42530517578126,304.36122436523436,306.9180480957031,309.1962910970052,0.8155948314722659,-0.01819150755807901,0.020687173043608675,0.020687173043608675,-0.00971402082551498,Capital Goods,1
2024-08-16,283.70574951171875,289.2112161081701,274.9763539435433,276.96031023383506,1373440,283.1304077148437,287.17767944335935,297.3322306315104,302.0945526123047,305.68402709960935,307.70005696614584,0.9659754228063756,0.02896200072519559,-0.023776181094296356,0.01940555172366687,-0.030769188087303334,Capital Goods,1
2024-08-19,292.7327575683594,294.12152092119027,284.8961362526693,284.8961362526693,700523,284.0132690429688,285.6549926757813,295.824424235026,300.9537780761719,304.6761767578125,306.62872009277345,1.1359712486869091,0.03181820626538891,-0.026770565005387437,0.004744133742895507,-0.026770565005387437,Capital Goods,1
2024-08-20,289.8064270019531,295.1135164617868,288.5664542437103,294.61752735848967,295017,284.5588623046875,286.00218505859374,293.42714436848956,299.69892578125,303.761572265625,305.6036763509115,1.0808628475074369,-0.00999659413150197,0.016601082337294404,0.018312531970859025,-0.00427862408391122,Capital Goods,1
2024-08-21,292.93115234375,294.61752740433155,286.7809056255722,291.14560368071153,409688,286.9792846679687,286.66680908203125,291.64488932291664,298.4688720703125,302.688251953125,304.8679595947266,1.1397074017379858,0.010782111957012659,-0.006095455019898832,0.00575689900882459,-0.020995536558571892,Capital Goods,1
2024-08-22,285.59051513671875,295.6095009204564,284.6977408193657,294.5183188557929,623632,288.9533203125,286.4684143066406,289.6344807942708,296.80730895996095,301.2796435546875,303.9239267985026,1.0014691641437852,-0.02505925760472594,0.03126085512608934,0.035081647508291125,-0.0031260643124847443,Capital Goods,1
2024-08-23,285.64013671875,289.1616472433074,284.7473321145321,286.73128852786533,352545,289.34019775390624,286.235302734375,287.8985188802083,295.3342224121094,299.543681640625,302.9600555419922,1.0024036334348252,0.00017375080544077245,0.0038200227098676987,0.012328486343026857,-0.003125627282194454,Capital Goods,1
2024-08-26,285.8385009765625,289.21122066868816,283.70575398542206,287.67366662857484,802959,287.9613464355469,285.9873077392578,286.4237772623698,293.85865478515626,298.35529174804685,301.89037170410154,1.0061392117815409,0.0006944551283694963,0.00642028853965626,0.01179938909769973,-0.0074613706126149815,Capital Goods,1
2024-08-27,287.97125244140625,292.13757289054985,285.4913070009092,286.8304835933319,465061,287.5943115234375,286.0765869140625,286.53289388020835,291.96893615722655,297.2780029296875,301.06702880859376,1.0463030007567062,0.007461386263772165,-0.003961398363214963,0.014467834597452711,-0.008611781278416442,Capital Goods,1
2024-08-28,295.06390380859375,296.5518709881171,286.731263385047,289.8560186802619,1080980,288.02086181640624,287.5000732421875,287.1181599934896,290.73888244628904,296.37927001953125,300.2436869303385,1.179871190713151,0.024629720178859338,-0.01765002448998354,0.005042864139995329,-0.02824012126184061,Capital Goods,1
2024-08-29,310.83636474609375,325.0712574999414,291.9887795693289,296.0558961093956,5353808,293.0700317382813,291.0116760253906,288.66895345052086,290.4933685302734,296.059853515625,299.9113749186198,1.4768967950346548,0.053454389825098717,-0.04755064179434598,0.04579545499920967,-0.06063507142145497,Capital Goods,1
2024-08-30,309.348388671875,317.4330044493914,307.5132230603479,312.47311375486964,1428799,297.8116821289062,293.57593994140626,290.09409586588544,290.37680969238284,295.82971435546875,299.25501505533856,1.4488753597993986,-0.004787007708812323,0.010100990331354254,0.02613433938423282,-0.005932358721524311,Capital Goods,1
2024-09-02,308.15802001953125,310.8363732533786,303.49574066976066,309.74519118504185,757019,302.2755859375,295.11846618652345,291.41673380533854,290.38672943115233,295.542041015625,299.0086741129557,1.4264584414929382,-0.003847987240064052,0.005150510654923002,0.008691492870046336,-0.015129508391425572,Capital Goods,1
2024-09-03,308.45562744140625,311.6299394564323,306.62046175229733,307.5132360604993,684938,306.3724609375,296.98338623046874,292.8418782552083,291.49278564453124,294.8496411132812,298.7937459309896,1.432062958421734,0.0009657623769004533,-0.0030551926989432765,0.010290984286318583,-0.005949528962500561,Capital Goods,1
2024-09-04,304.7357177734375,312.72113024309755,303.1485465852146,306.3724757629785,772444,308.30682373046875,298.1638427734375,294.43565673828124,292.4153259277344,294.252470703125,298.36719563802086,1.3620099450379546,-0.01205978862770263,0.005371073668357873,0.026204386305634708,-0.0052083529945869955,Capital Goods,1
2024-09-05,304.1405029296875,309.69558655273715,303.5948967905481,306.91802960482715,335094,306.9676513671875,300.0188415527344,296.33033447265626,293.2436279296875,293.78822509765627,297.87781982421876,1.3508009111803634,-0.0019532165382481538,0.009132380095333126,0.01826485972614411,-0.0017939279178003087,Capital Goods,1
2024-09-06,306.5708312988281,313.6634992004831,304.2892936915853,305.2812718291292,962962,306.4121398925781,302.1119110107422,297.85467325846355,294.1736068725586,293.58387573242186,297.59345194498695,1.3965686423799633,0.007990808017117268,-0.004206399755108947,0.02313549489234168,-0.007442122257935502,Capital Goods,1
2024-09-09,304.7357177734375,307.51324464824813,301.06538629272035,307.51324464824813,437143,305.72767944335936,304.0016326904297,298.6548706054688,294.9944702148438,293.4549194335938,297.2396474202474,1.3620099450379546,-0.005985936488529983,0.009114543234723937,0.009114543234723937,-0.012044310091165467,Capital Goods,1
2024-09-10,309.1499938964844,312.4731268556945,304.6365052843441,305.6284834648384,659725,305.866552734375,306.1195068359375,299.94444173177084,296.098046875,294.3675390625,296.6857930501302,1.445139206748322,0.01448558821821066,-0.011390944529098501,0.010749257722200811,-0.014599672331391256,Capital Goods,1
2024-09-11,310.6499938964844,315.04998779296875,308.0,314.6499938964844,498502,307.0494079589844,307.67811584472656,301.1256978352865,297.589094543457,295.3421423339844,296.3852935791016,1.473387075501825,0.004852013681430831,0.012876227518397787,0.014163830622673457,-0.008530481083374508,Capital Goods,1
2024-09-12,307.75,312.3999938964844,307.04998779296875,312.1499938964844,279215,307.77130737304685,307.3694793701172,302.6029968261719,299.1905776977539,296.1491638183594,296.1187388102214,1.4187746441859246,-0.009335245303274394,0.014297299419933074,0.015109647104742052,-0.0022746131828798033,Capital Goods,1
2024-09-13,306.6499938964844,310.29998779296875,305.6499938964844,307.75,262214,307.7871398925781,307.0996398925781,304.00365397135414,300.33778991699216,296.8963134765625,295.9510864257812,1.3980594254924834,-0.003574349645867181,0.003587171450872173,0.011902801138540031,-0.0032610468609288734,Capital Goods,1
2024-09-16,305.29998779296875,310.95001220703125,304.25,308.6000061035156,302860,307.8999938964844,306.8138366699219,305.30108642578125,300.96615142822264,297.57557495117186,295.8624318440755,1.3726362286734581,-0.004402433166104499,0.010809100696016705,0.018506467867577925,-0.0034392002455000403,Capital Goods,1
2024-09-17,304.3999938964844,307.20001220703125,304.0,306.45001220703125,188063,306.9499938964844,306.4082733154297,306.3963358561198,301.6958297729492,298.26843627929685,296.46461486816406,1.3556876223622285,-0.002947900204616721,0.006734620077699427,0.009198483464815999,-0.0013140404221572144,Capital Goods,1
2024-09-18,301.6000061035156,305.6499938964844,300.0,304.70001220703125,291609,305.13999633789064,306.0947021484375,306.8320760091146,302.1292724609375,299.0992749023437,296.97511800130206,1.3029584972374337,-0.009198383209958035,0.010278534617972346,0.013428341216872308,-0.005305059917560029,Capital Goods,1
2024-09-19,307.8999938964844,309.5,297.0,303.8999938964844,697133,305.1699951171875,306.4706512451172,306.636317952474,303.24474639892577,300.38646118164064,297.6526357014974,1.4215993161204026,0.020888553267490513,-0.012991231176655349,0.005196512293707656,-0.03540108513334017,Capital Goods,1
2024-09-20,296.1000061035156,311.95001220703125,295.04998779296875,309.0,987437,303.05999755859375,305.42356872558594,305.7530924479167,303.7677398681641,300.8822314453125,297.92359415690106,1.1993829784745886,-0.038324092325042046,0.04356634120424352,0.053529232613303224,-0.003546161056747099,Capital Goods,1
2024-09-23,296.20001220703125,298.5,291.3500061035156,297.8999938964844,548227,301.24000244140626,304.5699981689453,304.9558919270833,304.2858154296875,301.0209216308594,298.1863128662109,1.2012662846656945,0.00033774434803849067,0.005739303239004956,0.0077649821005447706,-0.01637409150451241,Capital Goods,1
2024-09-24,291.5,296.0,290.1000061035156,296.0,539114,298.6600036621094,302.80499877929685,303.8255167643229,304.4622528076172,301.08866455078123,298.3336975097656,1.1127560660229734,-0.015867697546704154,0.015437392795883298,0.015437392795883298,-0.004802723487081884,Capital Goods,1
2024-09-25,288.04998779296875,292.79998779296875,286.04998779296875,291.8500061035156,569057,295.95,300.5449981689453,302.713134765625,304.11155700683594,300.89341796875,298.57439575195315,1.0477857380081717,-0.011835376353451972,0.01319221826622008,0.01649019337370694,-0.006943239315245098,Capital Goods,1
2024-09-26,282.79998779296875,289.04998779296875,281.54998779296875,288.8500061035156,516827,290.92999877929685,298.0499969482422,301.2904337565104,302.70973815917966,300.781796875,298.8103841145833,0.9489181973709107,-0.01822600320251828,0.02139327642042166,0.022100425282109537,-0.004420085056421885,Capital Goods,1
2024-09-27,281.04998779296875,286.25,279.0,283.20001220703125,814211,287.9199951171875,295.4899963378906,299.58904418945315,301.29481811523436,300.59819091796874,298.72185872395835,0.9159623504918236,-0.006188119078990676,0.007649971561807245,0.01850209013658377,-0.007294032670369099,Capital Goods,1
2024-09-30,278.6499938964844,283.54998779296875,274.04998779296875,283.54998779296875,842613,284.4099914550781,292.8249969482422,297.84999593098956,299.81941680908204,300.31065063476564,298.25243326822914,0.8707658754270907,-0.008539384453744558,0.017584762260230535,0.017584762260230535,-0.016508186629368704,Capital Goods,1
2024-10-01,278.29998779296875,280.0,275.04998779296875,280.0,760605,281.7699890136719,290.2149963378906,295.7933288574219,298.31163482666017,299.9238000488281,297.86888529459634,0.8641745911104012,-0.0012560779156006322,0.006108560120728024,0.006108560120728024,-0.01167804578711562,Capital Goods,1
2024-10-03,271.1000061035156,277.79998779296875,270.0,277.79998779296875,870113,278.37999267578124,287.1649963378906,293.1566630045573,296.6298492431641,298.965244140625,297.14118041992185,0.7285851659162025,-0.02587129718025461,0.024714059530101418,0.024714059530101418,-0.004057565764478799,Capital Goods,1
2024-10-04,271.6499938964844,273.5,265.95001220703125,270.79998779296875,748626,276.1499938964844,283.5399963378906,290.7499959309896,295.0053237915039,297.3977893066406,296.67649637858074,0.7389424879107426,0.0020287265975152545,-0.0031290488592446986,0.0068102563779941505,-0.020982815451949466,Capital Goods,1
2024-10-07,294.3999938964844,297.79998779296875,273.5,274.95001220703125,11331824,278.8199951171875,283.3699951171875,289.93332926432294,294.3967819213867,296.799853515625,296.96849161783854,1.167368497338874,0.08374747105155163,-0.06606651526049978,0.011548892550860224,-0.07099182856584274,Capital Goods,1
2024-10-08,289.6499938964844,292.5,280.6000061035156,285.0,2294128,281.0199951171875,282.7149932861328,288.88999633789064,293.6424957275391,296.0595324707031,297.0955413818359,1.0779169129527806,-0.016134511204066716,-0.016053837370858748,0.009839482698329238,-0.031244564072744452,Capital Goods,1
2024-10-09,286.45001220703125,295.3999938964844,285.0,289.6499938964844,912744,282.65,282.2099945068359,287.6933308919271,292.5074966430664,295.17930786132814,297.0448333740234,1.017655137767924,-0.011047753346740066,0.011171169673891868,0.031244480042069478,-0.005062007838153804,Capital Goods,1
2024-10-10,293.0,294.0,286.3500061035156,288.0,719027,287.0299987792969,282.7049957275391,287.1199971516927,291.6249969482422,294.70987915039063,296.9760365804037,1.1410039347764767,0.022866076152354142,-0.017064846416382284,0.0034129692832765013,-0.022696224902677087,Capital Goods,1
2024-10-11,299.45001220703125,301.45001220703125,290.6000061035156,293.20001220703125,1416992,292.5900024414062,284.3699981689453,286.5566650390625,291.2099975585937,294.5222595214844,296.59649149576825,1.2624700002982847,0.0220136935393558,-0.020871597078710225,0.006678911065187254,-0.029554201845872652,Capital Goods,1
2024-10-14,316.04998779296875,319.45001220703125,295.3500061035156,295.3500061035156,9638566,296.9200012207031,287.8699981689453,287.88666381835935,291.679997253418,294.90142578125,296.81987813313805,1.5750792880735642,0.05543488031137814,-0.06549591042228686,0.010757869151666322,-0.06549591042228686,Capital Goods,1
2024-10-15,315.20001220703125,319.25,310.8999938964844,312.0,2561254,302.0300048828125,291.525,289.15333048502606,292.1749984741211,295.31999755859374,297.0546112060547,1.559072622210068,-0.0026893707285769106,-0.01015232259867238,0.012848945546070079,-0.013642189543198735,Capital Goods,1
2024-10-16,322.6499938964844,324.20001220703125,313.1499938964844,315.0,2866878,309.27000122070314,295.9600006103516,291.22999674479166,293.0874984741211,295.85999755859376,297.5277567545573,1.6993700255298505,0.023635727794832036,-0.02370988390267481,0.0048040239884341585,-0.029443670168014524,Capital Goods,1
2024-10-17,312.3999938964844,324.20001220703125,311.1000061035156,324.0,1200541,313.15,300.0899993896484,292.85333048502605,293.6274978637695,295.92999755859375,297.7832326253255,1.5063429223809122,-0.03176817044443677,0.03713190246527143,0.037772146418341146,-0.004161292632417601,Capital Goods,1
2024-10-18,326.04998779296875,332.70001220703125,301.1499938964844,312.0,5904539,318.4699951171875,305.5299987792969,295.7366638183594,294.5349975585938,296.6619970703125,298.5135487874349,1.7633984130969187,0.04369396339043266,-0.04309151454987947,0.020395720481624524,-0.07636863925385295,Capital Goods,1
2024-10-21,322.04998779296875,334.29998779296875,320.0,330.0,2126953,319.6699951171875,308.2949981689453,298.4699971516927,295.8324966430664,297.2779968261719,299.02952067057294,1.688070763087577,-0.012268057505770775,0.024685646664709626,0.03803757324740209,-0.006365433537251386,Capital Goods,1
2024-10-22,297.3999938964844,320.3500061035156,295.1499938964844,320.0,1768859,316.1099914550781,309.0699981689453,299.7199971516927,295.8924957275391,296.9619970703125,298.7849965413412,1.2238642348458804,-0.07654089374575829,0.07599195214301857,0.07716883886359271,-0.007565568413505641,Capital Goods,1
2024-10-23,301.54998779296875,309.1000061035156,291.5,300.8999938964844,1470243,311.889990234375,310.5799957275391,301.26999715169273,296.3949951171875,296.8479968261719,298.5316630045573,1.3020165567897004,0.013954250106436982,-0.002155509609672479,0.02503736898086162,-0.03332776720212849,Capital Goods,1
2024-10-24,300.6499938964844,311.0,297.5,301.6000061035156,1525236,309.539990234375,311.3449951171875,303.2399963378906,297.0249954223633,296.80999633789065,298.198329671224,1.2850679504784706,-0.0029845595520377605,0.0031598610554381956,0.0344254326081217,-0.010477279096732461,Capital Goods,1
2024-10-25,284.0,290.0,275.75,290.0,2997619,301.12999267578124,309.79999389648435,304.063330078125,297.08499603271486,295.85399658203124,297.4066630045573,0.9715167222554576,-0.05537999080158661,0.021126760563380254,0.021126760563380254,-0.029049295774647876,Capital Goods,1
2024-10-28,289.3500061035156,295.29998779296875,277.6499938964844,282.0,976759,294.5899963378906,307.12999572753904,303.72666422526044,297.4999969482422,295.58399658203126,296.8299967447917,1.0722675690838244,0.018838049660266285,-0.02540178312934316,0.020563267889908143,-0.040435500121764445,Capital Goods,1
2024-10-29,288.75,292.70001220703125,285.3999938964844,290.8999938964844,327606,292.85999755859376,304.48499450683596,303.6666646321615,298.00499725341797,295.28599609375,296.27833048502606,1.060968306641551,-0.002073634321268932,0.007445866308170901,0.013679695955086668,-0.011601752739448079,Capital Goods,1
2024-10-30,295.0,302.0,286.1000061035156,291.0,746469,291.55,301.7199951171875,304.2366638183594,298.83999786376955,295.42599609375,295.9649973551432,1.1786677597811475,0.021645021645021644,-0.013559322033898313,0.023728813559322104,-0.030169470835540224,Capital Goods,1
2024-10-31,303.3500061035156,305.8999938964844,292.3500061035156,295.0,824305,292.0900024414062,300.81499633789065,304.9266642252604,300.4524978637695,296.0379968261719,296.02333068847656,1.3359143441165207,0.028305105435646186,-0.027525979678623247,0.008406091121351711,-0.03626174313062758,Capital Goods,1
2024-11-01,305.54998779296875,309.8500061035156,304.0,305.20001220703125,182799,296.4,298.76499633789064,305.3333292643229,302.1474975585937,296.9479968261719,295.9449971516927,1.377344206799042,0.007252288265003033,-0.0011453955160182216,0.014073043633896054,-0.005072779757461454,Capital Goods,1
2024-11-04,302.29998779296875,311.3500061035156,299.0,304.95001220703125,794138,298.9899963378906,296.7899963378906,304.4166625976562,302.542497253418,297.79799682617187,296.1516632080078,1.3161404911664518,-0.010636557453250824,0.008766207479562915,0.02993721030761276,-0.010916268363294623,Capital Goods,1
2024-11-05,304.0,304.95001220703125,298.29998779296875,302.29998779296875,463668,302.0399963378906,297.4499969482422,303.6699951171875,303.25999755859374,298.8119970703125,296.4116628011068,1.3481549723021666,0.005623593369760602,-0.005592145417865901,0.0031250401547080475,-0.018750040154708048,Capital Goods,1
2024-11-06,302.70001220703125,308.54998779296875,301.6000061035156,305.54998779296875,508066,303.5799987792969,297.56499938964845,302.3399963378906,304.07249755859374,299.787998046875,296.7849965413412,1.323673715930875,-0.004276275634765625,0.009415181602266509,0.019325983977616756,-0.003633981034540823,Capital Goods,1
2024-11-07,296.3999938964844,307.5,295.04998779296875,302.8500061035156,410701,302.18999633789065,297.13999938964844,301.27332967122396,304.242497253418,300.79999755859376,297.063330078125,1.205032322343545,-0.020812745478972713,0.021761175235664343,0.03744941407587277,-0.004554676556393966,Capital Goods,1
2024-11-08,287.8500061035156,296.25,286.70001220703125,295.0,344585,298.65,297.525,298.72666422526044,303.66249694824216,301.447998046875,297.2316640218099,1.0440197003303213,-0.028846113255841608,0.02483930430737291,0.029181843732404067,-0.003995115067222943,Capital Goods,1
2024-11-11,281.54998779296875,288.8999938964844,280.75,287.95001220703125,324269,294.5,296.7449981689453,296.0266642252604,301.9374969482422,300.9339978027344,297.2483306884766,0.9253783067429914,-0.021886462313574814,0.022731396524757086,0.026105510290131084,-0.0028413703699288195,Capital Goods,1
2024-11-12,275.25,284.8999938964844,273.1000061035156,282.95001220703125,373460,288.75,295.39499816894534,294.5499979654948,299.93999633789065,300.357998046875,297.13499755859374,0.8067374878600224,-0.022376089739351363,0.027974612922911035,0.0350590150644301,-0.007811058661160275,Capital Goods,1
2024-11-13,263.29998779296875,274.95001220703125,261.25,274.5,539420,280.8699951171875,292.22499694824216,291.9999979654948,296.97249603271484,299.4319970703125,296.63499755859374,0.5816959035753694,-0.04341512155143052,0.04253707833757203,0.044246201876860125,-0.007785749669614983,Capital Goods,1
2024-11-14,264.54998779296875,272.95001220703125,261.0,261.0,484816,274.4999938964844,288.3449951171875,289.5933308919271,294.5799957275391,298.29399658203124,296.4166636149088,0.6052357942032888,0.004747436604451602,-0.013418967895575507,0.03175212550240669,-0.013418967895575507,Capital Goods,1
2024-11-18,263.3999938964844,266.5,259.3500061035156,264.54998779296875,493178,269.6099914550781,284.12999572753904,288.2199971516927,291.44749603271487,296.85199584960935,296.14166361490885,0.5835792097664751,-0.004346981476273346,0.004365960224495424,0.011769195806184962,-0.015375808226329668,Capital Goods,1
2024-11-19,262.6000061035156,267.6499938964844,261.1000061035156,264.79998779296875,674094,265.8199951171875,280.1599975585938,286.43666381835936,288.47499694824216,294.71399658203126,295.0816640218099,0.5685139096463512,-0.0030371594969859548,0.008377690930387427,0.019230722298529068,-0.005712109539741217,Capital Goods,1
2024-11-21,255.6999969482422,262.25,252.10000610351562,261.95001220703125,588801,261.9099945068359,275.32999725341796,284.23333028157555,286.3899971008301,292.3339959716797,293.9499974568685,0.4385735409689283,-0.02627573874675954,0.024442766262739335,0.025615968439310022,-0.014078963190035765,Capital Goods,1
2024-11-22,258.29998779296875,261.0,254.14999389648438,255.25,370763,260.9099945068359,270.8899948120117,281.7866628011068,284.2274971008301,289.75999572753904,293.0116633097331,0.4875363410636922,0.010168130135929734,-0.011807928521519573,0.010453009425596127,-0.016066566367051727,Capital Goods,1
2024-11-25,267.0,268.8999938964844,260.5,260.5,504639,261.3999969482422,267.94999542236326,279.3633290608724,282.54499740600585,287.94399597167967,292.1449966430664,0.651374209715755,0.03368181423997758,-0.02434456928838946,0.007116082009304803,-0.02434456928838946,Capital Goods,1
2024-11-26,263.5,268.3500061035156,263.0,267.0,250910,261.4199981689453,265.5149948120117,276.55999654134115,281.51999740600587,285.44199645996093,290.94666290283203,0.5854625159575809,-0.013108614232209739,0.013282732447817747,0.018406095269509093,-0.00189753320683117,Capital Goods,1
2024-11-27,270.95001220703125,272.8500061035156,262.3500061035156,263.6000061035156,301892,263.0899993896484,264.45499725341796,274.4699981689453,280.59999771118163,283.39799743652344,289.4433303833008,0.7257604939817244,0.02827329110827799,-0.02712679746218105,0.007012341062500482,-0.03174019456011101,Capital Goods,1
2024-11-28,268.45001220703125,274.6000061035156,267.3999938964844,272.3999938964844,238824,265.64000244140624,263.7749984741211,272.0999989827474,279.5849983215332,282.2399981689453,287.88499704996747,0.6786807127258858,-0.009226794195859882,0.014714030582374749,0.022909270317862607,-0.003911410924940073,Capital Goods,1
2024-11-29,268.45001220703125,270.3999938964844,265.04998779296875,269.8999938964844,281235,267.6700073242188,264.29000091552734,269.81666564941406,278.25749893188475,280.91599914550784,286.07833099365234,0.6786807127258858,0.0,0.005401309828717338,0.007263853979448731,-0.012665391169512707,Capital Goods,1
2024-12-02,267.8999938964844,271.70001220703125,266.04998779296875,269.79998779296875,296574,267.8500061035156,264.62500152587893,267.9166656494141,276.4849983215332,279.60599914550784,284.594997660319,0.6683228160269847,-0.0020488667742085834,0.007092175960326852,0.014184465834721882,-0.006905584716924151,Capital Goods,1
2024-12-03,272.04998779296875,273.8500061035156,266.20001220703125,268.1000061035156,637392,269.56000366210935,265.49000091552733,266.8633310953776,274.8099983215332,279.12799865722656,282.794997660319,0.7464751379708046,0.015490832366677539,-0.014519323163723397,0.006616498405861648,-0.02150331133405292,Capital Goods,1
2024-12-04,272.70001220703125,278.0,270.3500061035156,271.79998779296875,522433,269.9100036621094,266.50000152587893,266.27333272298176,273.32999954223635,278.46199890136717,281.1499984741211,0.7587163408608114,0.0023893565272172386,-0.0033004194124465203,0.019435231227437733,-0.008617550415551567,Capital Goods,1
2024-12-05,274.95001220703125,277.45001220703125,272.75,273.5,285045,271.2100036621094,268.4250030517578,266.2533335367838,271.8775001525879,277.9099993896484,280.4016657511393,0.8010881439910662,0.008250824713171708,-0.005273730287887468,0.009092561880366556,-0.008001498851997413,Capital Goods,1
2024-12-06,273.54998779296875,277.5,272.25,275.8999938964844,280440,272.22999877929686,269.9500030517578,266.93666687011716,270.4199989318848,277.0519989013672,279.468332417806,0.7747230067243077,-0.005091923447554942,0.008590773929385787,0.014439818619260025,-0.004752286057320587,Capital Goods,1
2024-12-09,275.8500061035156,278.54998779296875,272.8500061035156,273.95001220703125,320392,273.82000122070315,270.8350036621094,267.69000142415365,269.39249954223635,275.9519989013672,278.6416661580404,0.818036750302296,0.008408036604584319,-0.006887779062696109,0.009787861626654903,-0.010875475561433312,Capital Goods,1
2024-12-10,274.04998779296875,276.45001220703125,271.54998779296875,275.8500061035156,338634,274.2200012207031,271.89000244140624,268.4000010172526,268.702498626709,274.6919989013672,278.3099990844727,0.7841389629754755,-0.006525351715494975,0.006568211606368335,0.008757615475157854,-0.00912242332186719,Capital Goods,1
2024-12-11,273.25,277.04998779296875,271.8999938964844,275.29998779296875,303233,274.3299987792969,272.1200012207031,269.11000061035156,268.28749923706056,273.5299993896484,277.7733322143555,0.7690736628553515,-0.002919130919914878,0.007502242609217724,0.01390663419201732,-0.004940552986333446,Capital Goods,1
2024-12-12,269.25,273.8999938964844,268.0,273.20001220703125,197733,273.18999633789065,272.2,270.0133341471354,267.98749923706055,272.13999938964844,277.12333221435546,0.6937460128460098,-0.01463860933211345,0.014670426024257166,0.017270172317490617,-0.00464252553389044,Capital Goods,1
2024-12-13,264.6000061035156,269.5,262.5,269.0,259932,271.4,271.81499938964845,270.43333536783854,268.05250015258787,270.6159991455078,276.10999908447263,0.6061777346510221,-0.017270172317490715,0.016628850321201538,0.01851849502440084,-0.00793653082038881,Capital Goods,1
2024-12-16,261.79998779296875,265.8999938964844,260.79998779296875,265.45001220703125,286929,268.5899963378906,271.2049987792969,270.0866678873698,267.9150001525879,269.2319989013672,274.7249984741211,0.5534480348218662,-0.010582079538771683,0.013942034317239616,0.015660833822337406,-0.003819709880165445,Capital Goods,1
2024-12-17,255.60000610351562,261.75,255.0,261.75,520206,264.9,269.56000061035155,269.56000162760415,267.52500076293944,267.9419989013672,273.0599990844727,0.4366905221300031,-0.023682131316049054,0.02406100841012382,0.02406100841012382,-0.002347441663489769,Capital Goods,1
2024-12-18,246.5,256.04998779296875,245.5,255.5500030517578,574369,259.55,266.93999938964845,267.9300008138021,266.72000045776366,266.5399993896484,271.1999994913737,0.2653200034178783,-0.03560252694137342,0.03671400832356109,0.03874234398770282,-0.0040567951318458695,Capital Goods,1
2024-12-19,248.5,250.3000030517578,239.9499969482422,244.3000030517578,601942,255.4,264.2949981689453,266.6,266.36000061035156,265.4699993896484,269.3499994913737,0.3029838284225492,0.008113590263691683,-0.016901396169988647,0.007243473045303039,-0.03440645091250627,Capital Goods,1
2024-12-20,238.5,252.4499969482422,235.25,249.5500030517578,527791,250.17999877929688,260.7899993896484,264.60333251953125,265.3700012207031,264.4779998779297,267.20999908447266,0.11466470339919471,-0.04024144869215292,0.04633124969290492,0.058490553242105614,-0.013626834381551323,Capital Goods,1
2024-12-23,239.5500030517578,243.25,236.0500030517578,239.9499969482422,283558,245.7300018310547,257.15999908447264,262.7133331298828,263.997501373291,263.4780004882812,265.31499938964845,0.13443826899708303,0.004402528518900681,0.0016697720366880553,0.015445614281385467,-0.01461072826304155,Capital Goods,1
2024-12-24,241.35000610351562,244.89999389648438,235.8000030517578,239.5500030517578,393392,242.8800018310547,253.89000091552734,260.6666676839193,262.8900016784668,262.5960009765625,263.76499938964844,0.16833576897172295,0.007514101560536816,-0.007458060933239752,0.014708877991269409,-0.022995661534714884,Capital Goods,1
2024-12-26,237.39999389648438,241.89999389648438,236.10000610351562,241.8000030517578,218470,241.06000061035155,250.30500030517578,258.31333312988284,261.21250076293944,261.58800048828124,262.2933329264323,0.09394948470575351,-0.016366323211680713,0.018534158670585388,0.018955350108232016,-0.005475938611589015,Capital Goods,1
2024-12-27,256.04998779296875,266.3999938964844,238.0500030517578,238.3000030517578,43285136,242.56999816894532,248.98499908447266,257.05333150227864,260.59249954223634,261.6020001220703,261.65333251953126,0.4451645379334374,0.07855936973872248,-0.06932234168104245,0.040421818382917474,-0.07029871352997275,Capital Goods,1
2024-12-30,243.4499969482422,254.75,241.60000610351562,254.75,2794317,243.55999755859375,246.8699981689453,255.04666544596355,259.3424987792969,261.00800048828125,260.99166615804035,0.20788261281531908,-0.049209105430281785,0.046416114986274515,0.046416114986274515,-0.00759905881255718,Capital Goods,1
2024-12-31,251.5500030517578,254.75,239.5500030517578,243.35000610351562,1251890,245.95999755859376,245.84499969482422,253.42666524251302,258.52499923706057,260.39000061035154,260.55833333333334,0.36042121902510843,0.03327174452681426,-0.03259788053572388,0.012721116714054626,-0.04770423317200645,Capital Goods,1
2025-01-01,248.8000030517578,255.10000610351562,248.0500030517578,253.39999389648438,690211,247.4499969482422,245.16499938964844,251.7433329264323,257.3625,259.8020007324219,260.07166697184243,0.30863345964368594,-0.010932220101918156,0.018488708956203803,0.025321555363675863,-0.0030144694164010444,Capital Goods,1
2025-01-02,248.6999969482422,252.64999389648438,246.3000030517578,250.0,607700,249.70999755859376,245.38499908447267,250.1066660563151,256.16249923706056,258.9120001220703,259.60833333333335,0.30675015345258017,-0.00040195378733504577,0.005227193677965092,0.015882577389272123,-0.009650156517628905,Capital Goods,1
2025-01-03,248.60000610351562,254.5,247.10000610351562,250.1999969482422,685663,248.22000122070312,245.3949996948242,248.7299997965495,254.84499893188476,258.11799987792966,259.37166697184244,0.30486713461365494,-0.00040205406495188637,0.006436004848931143,0.02373287912964761,-0.006033789071490991,Capital Goods,1
2025-01-06,246.85000610351562,249.89999389648438,241.0500030517578,249.60000610351562,860269,248.9000030517578,246.2300003051758,247.54666646321616,253.5099998474121,257.2539996337891,258.99000091552733,0.2719112877345679,-0.007039420583406221,0.011140368369473741,0.012355631831298286,-0.02349606201478316,Capital Goods,1
2025-01-07,240.0500030517578,249.8000030517578,239.5,248.0,797613,246.60000305175782,246.28000030517578,246.09666748046874,251.71999969482422,256.14,258.0916676839193,0.14385422524825076,-0.02754710505822818,0.03311808726171139,0.04061653770484552,-0.0022912020194360005,Capital Goods,1
2025-01-08,232.64999389648438,241.9499969482422,231.5500030517578,241.9499969482422,875913,243.37000122070313,245.40999908447264,244.56666666666666,249.65,254.56400024414063,257.06333414713544,0.004497900319660137,-0.03082694880731954,0.03997422435306741,0.03997422435306741,-0.004728093159615532,Capital Goods,1
2025-01-09,225.64999389648438,233.39999389648438,224.3000030517578,232.8000030517578,1133674,238.76000061035157,244.23499908447266,243.17666625976562,247.2699996948242,252.68199951171874,255.55333353678387,-0.12732548719668801,-0.03008811598385251,0.031686281181791065,0.034345225834817805,-0.0059826761854283594,Capital Goods,1
