Price,Close,High,Low,Open,Volume,MA_5,MA_10,MA_15,MA_20,MA_25,MA_30,Normalised Close,Return Ratio,Percentage Change Open,Percentage Change High,Percentage Change Low,Sector,Sector Encoded
Ticker,GRINDWELL.NS,GRINDWELL.NS,GRINDWELL.NS,GRINDWELL.NS,GRINDWELL.NS,,,,,,,,,,,,,
Date,,,,,,,,,,,,,,,,,,
2023-01-10,1902.1455078125,1923.9872473053622,1884.7211987788683,1915.2015168797473,44519,,,,,,,-1.1276173160493048,,0.006863832978930118,0.01148268594760693,-0.009160344969439294,Capital Goods,1
2023-01-11,1901.5565185546875,1942.6877278656889,1892.230832139971,1904.4033310052737,36495,,,,,,,-1.1300772172192541,-0.00030964469089951363,0.001497095891080935,0.021630284932190103,-0.004904238356167601,Capital Goods,1
2023-01-12,1924.036376953125,1938.7611451440928,1889.7277150003583,1911.029498384437,27100,,,,,,,-1.0361905643794609,0.011821819745606995,-0.0067602040816325815,0.007653061224489832,-0.01783160774075243,Capital Goods,1
2023-01-13,1900.5748291015625,1942.63855827526,1891.8381096175196,1934.8836098034758,22636,,,,,,,-1.1341772224438618,-0.012193921140262355,0.0180517915825138,0.022132108943893503,-0.004596882664268942,Capital Goods,1
2023-01-16,1952.94580078125,1963.3022681780735,1899.0532493841304,1911.2747580713547,116753,1916.251806640625,,,,,,-0.915450967597202,0.02755533266977141,-0.02133753158598939,0.005302997857226988,-0.02759551820412043,Capital Goods,1
2023-01-17,1927.66845703125,1963.3024443279917,1914.2198832197919,1963.3024443279917,116343,1921.356396484375,,,,,,-1.02102125880212,-0.012943187537456562,0.018485537368609917,0.018485537368609917,-0.006976601065605381,Capital Goods,1
2023-01-18,1904.6978759765625,1937.779473565735,1894.586820659508,1937.3377784568363,525180,1921.98466796875,,,,,,-1.1169574044301405,-0.011916250935632297,0.017136524848351042,0.017368422575791076,-0.005308482486688582,Capital Goods,1
2023-01-19,1923.4473876953125,1928.9446104562187,1890.2185184990944,1904.403330424969,18863,1921.8668701171875,,,,,,-1.0386504655494102,0.009843824553611628,-0.009901002435612316,0.0028580052649596066,-0.017275683966605948,Capital Goods,1
2023-01-20,1900.8692626953125,1935.619736491509,1889.6784159025767,1933.5581732643384,10396,1921.9257568359376,,,,,,-1.1329475267709255,-0.011738363702816567,0.017196822112150567,0.018281359206641312,-0.0058872259194027166,Capital Goods,1
2023-01-23,1895.47021484375,1915.2013788400798,1859.6399481458193,1910.3912642761832,33273,1910.4306396484376,1913.3412231445313,,,,,-1.155496535858114,-0.002840304674034758,0.007871951411097866,0.01040964075394668,-0.018903101941321943,Capital Goods,1
2023-01-24,1909.458740234375,1963.302281333864,1888.7949357911514,1900.4766083311802,91432,1906.7886962890625,1914.0725463867188,,,,,-1.0970737556158003,0.007379976367382867,-0.004704019895236056,0.02819832655450827,-0.01082181248948444,Capital Goods,1
2023-01-25,1933.1165771484375,1942.0987093694034,1894.5867685141473,1911.814794574532,14055,1912.4724365234374,1917.2285522460938,,,,,-0.9982673004361087,0.012389813100207987,-0.011019398843150952,0.004646451397264162,-0.01993144598197283,Capital Goods,1
2023-01-27,1918.0972900390625,1963.302375159292,1888.6968849032392,1942.0987334736653,27824,1911.4024169921875,1916.6346435546875,,,,,-1.0609950351818527,-0.007769467856682561,0.012513152257315419,0.02356767060512821,-0.015327900877866618,Capital Goods,1
2023-01-30,1907.299072265625,1955.1545662874182,1899.396852330561,1923.6927185262407,64474,1912.68837890625,1917.3070678710938,,,,,-1.1060935631803066,-0.005629650711418081,0.008595215348761398,0.025090713206789905,-0.00414314674083982,Capital Goods,1
2023-01-31,1960.357421875,1964.2840266258763,1896.157410232079,1922.7111227920668,89387,1925.6658203125,1918.0482299804687,1917.4494222005208,,,,-0.8844964889578988,0.027818578837952527,-0.019203793483193565,0.0020030045067600533,-0.032749135910897564,Capital Goods,1
2023-02-01,1950.4427490234375,1963.302355485776,1910.195050735979,1962.320704308033,32773,1933.8626220703125,1920.3256591796876,1920.66923828125,,,,-0.9259049102893905,-0.005057584265464983,0.006089876409109074,0.0065931729956068,-0.020635160046409973,Capital Goods,1
2023-02-02,1943.86572265625,1963.3024649918584,1931.6442127438647,1947.5960452719237,76495,1936.012451171875,1924.2424438476562,1923.489851888021,,,,-0.9533737217164776,-0.0033720684036896422,0.0019190227865000242,0.00999901490574584,-0.006287219209609174,Capital Goods,1
2023-02-03,1992.997314453125,2012.3849253190033,1938.7610865878203,1956.3816773919632,194362,1950.9924560546874,1931.1974365234375,1928.087247721354,,,,-0.7481766683925004,0.025275198396799627,-0.018372145710195853,0.009727866026351562,-0.027213397364856506,Capital Goods,1
2023-02-06,2045.859375,2084.5363366654665,1979.2051142928715,1988.8744745397075,76729,1978.7045166015625,1945.6964477539063,1937.7728841145833,,,,-0.5273993912853835,0.02652389953740618,-0.027853771943779138,0.018904995200594632,-0.03258007931612039,Capital Goods,1
2023-02-07,2091.21142578125,2102.549544132697,2004.5807145691297,2043.7976288230561,64526,2004.8753173828125,1965.2705688476562,1946.9905924479167,1939.3058959960938,,,-0.33798751102336866,0.022167726352770457,-0.022672885378139496,0.005421794377969746,-0.04142608927251634,Capital Goods,1
2023-02-08,2101.911376953125,2109.715455598485,2056.6082726220634,2101.6659641676674,59814,2035.16904296875,1984.5158325195312,1958.606787109375,1949.294189453125,,,-0.2932993914066369,0.005116628113237108,-0.00011675696137736225,0.003712848567703375,-0.021553289462057035,Capital Goods,1
2023-02-09,2032.1650390625,2109.5683283616377,2023.5267006425286,2109.5683283616377,33617,2052.82890625,1994.4206787109374,1967.104597981771,1955.8246154785156,,,-0.5845934955029142,-0.03318233996702917,0.0380890763354762,0.0380890763354762,-0.004250805546756498,Capital Goods,1
2023-02-10,1987.40185546875,2020.3362990161831,1965.4618567131502,2015.4280433358183,44258,2051.709814453125,2001.3511352539062,1971.3682291666667,1958.9928894042969,,,-0.7715459844190565,-0.022027336723793176,0.014101922965377378,0.016571607527087195,-0.011039538226870094,Capital Goods,1
2023-02-13,1938.3193359375,1987.7944582825787,1923.1037430357846,1987.7944582825787,36335,2030.201806640625,2004.4531616210938,1973.864900716146,1960.8801147460938,,,-0.976538088464211,-0.024696826862765187,0.025524753031032077,0.025524753031032077,-0.00784988965420197,Capital Goods,1
2023-02-14,1956.0380859375,1977.0454448187475,1942.6876540696628,1950.5408633837394,41533,2003.167138671875,2004.0212280273438,1977.9027587890625,1961.0347290039062,1952.07814453125,,-0.9025361040869111,0.009141295591229314,-0.0028103862564239357,0.010739749410952237,-0.006825241268979987,Capital Goods,1
2023-02-15,1930.4169921875,1957.0197144651304,1890.6601204948513,1956.0380633122256,44263,1968.86826171875,2002.01865234375,1979.2999755859375,1961.1721557617188,1953.20900390625,,-1.0095420598917413,-0.013098463641478734,0.013272298797832427,0.013780816468821566,-0.020594965675057142,Capital Goods,1
2023-02-16,1900.280517578125,1949.5102313804182,1873.03969567882,1940.6263595601902,55485,1942.491357421875,1997.6601318359376,1977.1109049479167,1960.9512878417968,1953.1579638671874,,-1.1354064082927213,-0.01561138071791686,0.021231519035666002,0.025906550820736562,-0.014335158229177192,Capital Goods,1
2023-02-17,1939.4482421875,1945.6326927252221,1887.7644019913394,1902.440039607205,17832,1932.900634765625,1992.305224609375,1978.5343017578125,1961.7513305664063,1953.7744384765624,,-0.9718232354031352,0.02061154879348739,-0.019081820166829244,0.0031887680233975146,-0.026648733939848013,Capital Goods,1
2023-02-20,1925.9996337890625,1981.904621098612,1903.225374124967,1963.30237898987,41178,1930.4366943359375,1980.3192504882813,1979.781005859375,1963.0078491210938,1954.7914306640625,,-1.0279910637543224,-0.0069342445474434725,0.019367991845056,0.029026478680874046,-0.0118246438184888,Capital Goods,1
2023-02-21,1905.1885986328125,1929.582605728607,1889.6784625405542,1924.0362527685643,39306,1920.266796875,1961.7169677734375,1976.1030843098958,1963.4937683105468,1952.881142578125,1946.7762532552083,-1.1149079116419132,-0.01080531625819055,0.00989280229226508,0.012803985449681976,-0.008140997748668388,Capital Goods,1
2023-02-22,1913.72900390625,1934.2945485012933,1883.1015345663802,1911.2257454277888,36481,1916.92919921875,1942.89873046875,1973.6555013020834,1963.7072814941407,1952.323564453125,1947.1623697916666,-1.079239089765611,0.004482708577810198,-0.0013080527458964042,0.010746320170236023,-0.016004078569825664,Capital Goods,1
2023-02-23,1877.996826171875,1923.8400076313076,1870.0946061650727,1923.8400076313076,24369,1912.4724609375,1927.4819091796876,1969.2642415364583,1960.9512939453125,1951.2555224609375,1946.3770467122397,-1.2284737738413005,-0.01867149301778856,0.02441068100891286,0.02441068100891286,-0.004207791992338006,Capital Goods,1
2023-02-24,1869.26025390625,1893.55612223442,1832.399321532907,1877.9969739580301,35167,1898.43486328125,1915.6677490234374,1961.0151041666666,1958.5094421386718,1949.088037109375,1944.5511759440103,-1.264961883008817,-0.004652069771296528,0.004673891735258673,0.012997584620653146,-0.019719529314504824,Capital Goods,1
2023-02-27,1811.6373291015625,1865.1373206680946,1802.311642498222,1865.1373206680946,39712,1875.56240234375,1902.9995483398438,1945.400301106771,1953.7263549804688,1945.518759765625,1941.5865926106771,-1.5056228089302737,-0.030826592864354293,0.02953129233270113,0.02953129233270113,-0.005147656461663486,Capital Goods,1
2023-02-28,1771.5858154296875,1840.988624924068,1758.0391012059551,1815.0238796252675,66984,1848.841845703125,1884.5543212890625,1924.0919270833333,1944.287774658203,1940.5633837890625,1935.541259765625,-1.6728971081349755,-0.022107909253414187,0.024519311352153794,0.03917552787446943,-0.007646659905349629,Capital Goods,1
2023-03-01,1789.8447265625,1833.6753578965229,1779.7336710123152,1781.6478429689703,43183,1824.064990234375,1870.4970947265624,1903.2874837239583,1936.2578735351562,1935.7788232421874,1930.9471354166667,-1.5966391522183956,0.010306534955171738,-0.004579661839869353,0.024488510474426572,-0.0056491244185207234,Capital Goods,1
2023-03-02,1777.4757080078125,1798.7776100844185,1768.9353908454611,1798.7776100844185,49263,1803.9607666015625,1858.2166137695312,1886.308194986979,1927.9383728027344,1929.5531884765626,1926.706396484375,-1.648298096435483,-0.006910665696930545,0.011984356230938964,0.011984356230938964,-0.004804744798410421,Capital Goods,1
2023-03-03,1782.285888671875,1791.955128992785,1774.629081236285,1781.6477914279587,140418,1786.5658935546876,1842.5003784179687,1872.6337972005208,1917.4028015136719,1924.120732421875,1922.0010131835938,-1.628208478694167,0.002706186443163114,-0.00035802182353117384,0.0054251904155036,-0.0042960601799387765,Capital Goods,1
2023-03-06,1771.9295654296875,1839.6143684608815,1758.1373179900952,1786.9978875446363,235937,1778.6243408203125,1827.0933715820313,1861.5411458333333,1903.7063110351562,1918.7059521484375,1917.7030232747395,-1.671461443535063,-0.0058106969863879875,0.008503905803555423,0.03819835977215069,-0.007783744742837828,Capital Goods,1
2023-03-08,1768.248291015625,1816.054654807285,1761.2784718814523,1776.7886082168573,40062,1777.9568359375,1813.3993408203125,1849.021826171875,1887.558154296875,1911.0215869140625,1913.4622924804687,-1.6868362082153034,-0.002077551210772761,0.004829817873782227,0.027036001694197287,-0.003941651842439775,Capital Goods,1
2023-03-09,1776.2977294921875,1786.4087841189114,1758.1863139763857,1777.5247934114277,46002,1775.2474365234375,1799.6562133789062,1838.747208658854,1871.2774719238282,1904.0557861328125,1909.023592122396,-1.6532178987753816,0.004552210522391718,0.0006907985631390279,0.005692207144584183,-0.010196159807612681,Capital Goods,1
2023-03-10,1791.709716796875,1796.4216904745695,1756.9102297960987,1766.9721545651503,50488,1778.09423828125,1791.0275024414063,1831.5091552734375,1859.254705810547,1897.9695458984374,1904.3100301106772,-1.588850059974979,0.008676466252700507,-0.013806679731552252,0.002629875606255272,-0.01942250280530322,Capital Goods,1
2023-03-13,1780.4697265625,1803.2931152007236,1768.100946363361,1803.0968329080624,65873,1777.731005859375,1782.1484497070312,1820.9105875651042,1848.9080993652344,1889.4684423828126,1899.7224446614584,-1.635793641306914,-0.0062733321860135175,0.012708503833563034,0.012818745692625866,-0.006946919689007625,Capital Goods,1
2023-03-14,1765.9412841796875,1786.605088770454,1757.1555543401716,1785.5252964741026,12956,1776.533349609375,1777.5788452148438,1810.2400309244792,1840.2891967773437,1878.27171875,1895.010518391927,-1.6964713734403543,-0.008159892957496183,0.011089843399585186,0.011701297645558606,-0.0049750973705771084,Capital Goods,1
2023-03-15,1757.9901123046875,1774.5800423505636,1688.6855582096846,1774.5800423505636,98709,1774.4817138671874,1776.2192749023438,1800.4267985026042,1830.3867980957032,1864.9428662109376,1888.26494140625,-1.729679274498554,-0.0045025120292679875,0.009436873353131148,0.009436873353131148,-0.039422607448085234,Capital Goods,1
2023-03-16,1743.2161865234375,1770.8987014408256,1731.7307959960804,1756.9101723413069,43363,1767.8654052734375,1771.5564208984374,1789.05927734375,1821.0267578125,1850.59505859375,1881.3573893229166,-1.7913822628501843,-0.008403873080879675,0.007855586658577218,0.01588013875238059,-0.0065886208584735595,Capital Goods,1
2023-03-17,1737.7188720703125,1762.0638692828413,1728.6877291404364,1753.7689647384595,313369,1757.067236328125,1767.5807373046875,1779.707413736979,1812.8986755371093,1838.8172119140625,1874.4858276367188,-1.814341680319095,-0.003153547159339143,0.009236299913705226,0.014009744386054956,-0.0051971254240430476,Capital Goods,1
2023-03-20,1780.7152099609375,1791.513372755629,1693.348256440252,1693.348256440252,53749,1757.1163330078125,1767.4236694335937,1773.8044108072916,1804.9620239257813,1830.54974609375,1867.409757486979,-1.6347683850887238,0.024742976888660537,-0.04906284454244758,0.006063947078280174,-0.04906284454244758,Capital Goods,1
2023-03-21,1751.7073974609375,1783.6110607607086,1738.9950626321383,1766.9721212180914,23706,1754.2695556640624,1765.4014526367187,1769.80908203125,1796.247412109375,1823.0852685546874,1857.6046915690104,-1.7559189000767814,-0.01628997850848723,0.008714197233670395,0.018212895227830206,-0.007257110889196117,Capital Goods,1
2023-03-22,1743.3634033203125,1757.057509479115,1732.614370596392,1756.1739994316972,114396,1751.3442138671876,1762.9129638671875,1767.927587890625,1788.15615234375,1814.57828125,1846.0097574869792,-1.7907674150137163,-0.004763349262964489,0.007348207543525609,0.007854992328462096,-0.006165686800266856,Capital Goods,1
2023-03-23,1730.7491455078125,1748.2225841816667,1720.9326338551898,1743.4124695057885,25686,1748.8508056640626,1758.35810546875,1763.987882486979,1779.0071594238282,1806.5915673828124,1833.6376831054688,-1.8434505958008405,-0.007235587134888566,0.007316672107476663,0.010095881727982814,-0.0056718281087132505,Capital Goods,1
2023-03-24,1724.1722412109375,1752.9836807930874,1717.9387798778378,1730.7492565078198,29802,1746.1414794921875,1751.6043579101563,1760.4343180338542,1771.3159301757812,1799.547236328125,1823.3712565104167,-1.8709188974038509,-0.003800033247998684,0.0038145929621642427,0.016710302424260526,-0.0036153356283719074,Capital Goods,1
2023-03-27,1730.79833984375,1740.7129930125366,1700.219880951763,1732.7616422466967,25351,1736.15810546875,1746.6372192382812,1757.001814778646,1764.3928344726562,1791.201240234375,1814.8178059895833,-1.8432451366979412,0.003843060730498012,0.001134333421606959,0.00572836993227166,-0.017667256888371896,Capital Goods,1
2023-03-28,1742.7744140625,1759.0697998304165,1709.3001324906572,1732.7124893773432,26370,1734.3715087890625,1744.3205322265626,1755.0581380208334,1760.949688720703,1783.8722314453125,1808.2996419270833,-1.7932273161836656,0.0069193931742684445,-0.005773509528236631,0.00935025533794187,-0.019207466727614197,Capital Goods,1
2023-03-29,1780.37158203125,1793.4766005486417,1726.1843681787955,1742.7742961127428,29096,1741.77314453125,1746.5586791992187,1755.866357421875,1761.3889770507812,1778.87955078125,1802.444091796875,-1.6362035398645596,0.021573169576840984,-0.0211176623453021,0.007360833350552598,-0.03043590135865437,Capital Goods,1
2023-03-31,1843.9337158203125,1862.8795128811353,1752.885563180045,1780.7153519077679,52636,1764.41005859375,1756.6304321289062,1760.3754231770833,1764.0934265136718,1776.0877392578125,1799.5613159179688,-1.3707376333166343,0.03570161107410151,-0.03428450999629373,0.010274662748597896,-0.04937712883012324,Capital Goods,1
2023-04-03,1828.76708984375,1855.3208032403036,1823.9079642436425,1845.504291053847,43832,1785.3290283203125,1765.73525390625,1762.8459147135416,1766.6579956054688,1774.1185498046875,1797.1775349934896,-1.434080725722923,-0.008225147057314535,0.009152177608099388,0.0145200083400574,-0.0026570500022081722,Capital Goods,1
2023-04-05,1800.152099609375,1837.8965420180011,1792.7405847832151,1830.4360165279138,21309,1799.1997802734375,1767.6789428710938,1764.1580729166667,1767.5513061523438,1771.3542236328126,1792.5343302408853,-1.5535906268322457,-0.015647148504197912,0.01682297675019262,0.02096736293384116,-0.004117160337600456,Capital Goods,1
2023-04-06,1810.851806640625,1823.9078147104028,1768.051840982727,1810.5573831974523,87394,1812.8152587890625,1773.5933837890625,1767.1521077473958,1769.4974182128906,1771.322802734375,1788.6960693359374,-1.5089035268636672,0.005943779435955322,-0.00016258836978988445,0.0072098710794001875,-0.02363526684013839,Capital Goods,1
2023-04-10,1798.385009765625,1814.9749391165656,1780.1263212963254,1814.9749391165656,38743,1816.4179443359376,1779.0955444335937,1769.8451009114583,1771.0042541503906,1772.3947705078126,1785.1359497070312,-1.56097084016617,-0.006884493159121394,0.009224904156147629,0.009224904156147629,-0.0101528251014944,Capital Goods,1
2023-04-11,1826.50927734375,1840.1051221113148,1785.4271997572378,1801.4280419642744,39747,1812.933056640625,1788.6715576171875,1775.3979736328124,1773.5148315429688,1773.8613525390624,1782.2286254882813,-1.4435104318450747,0.015638624335392065,-0.013731786468640705,0.007443622069818856,-0.022492126427223536,Capital Goods,1
2023-04-12,1863.124755859375,1865.1371886530017,1820.5702023896215,1829.2577911180442,32933,1819.80458984375,1802.5668090820313,1783.7583658854167,1777.0855834960937,1777.287314453125,1781.732889811198,-1.2905866607505763,0.020046697254598147,-0.018177507778167845,0.0010801385077932046,-0.022840420823094565,Capital Goods,1
2023-04-13,1899.740478515625,1907.4464164440399,1859.4436489567402,1862.192320239835,62080,1839.722265625,1819.4610229492187,1791.6933837890624,1783.04912109375,1781.985498046875,1782.748897298177,-1.1376618700079246,0.019652856064037872,-0.019764888257331026,0.004056310856962897,-0.021211754981591557,Capital Goods,1
2023-04-17,1850.6087646484375,1901.4092134342677,1835.687714579762,1879.8620178717883,32763,1847.6736572265625,1830.2444580078125,1798.2868082682292,1787.2824951171874,1785.132666015625,1784.0479451497397,-1.3428594331559784,-0.02586232931435819,0.015807367706327735,0.027450669075092637,-0.00806277931549193,Capital Goods,1
2023-04-18,1827.44189453125,1871.9597535710939,1820.9630204193027,1854.290031540071,20572,1853.4850341796875,1834.9514892578125,1803.892041015625,1790.7550842285157,1787.50041015625,1785.909814453125,-1.4396153758992896,-0.012518513129158632,0.014691650163633607,0.024360752138312458,-0.003545324276156614,Capital Goods,1
2023-04-19,1830.141357421875,1845.5042223881678,1813.1097333781627,1837.0620461880173,15248,1854.2114501953124,1833.5722534179688,1810.5181884765625,1795.1013427734374,1789.6541552734375,1787.253035481771,-1.4283411262677337,0.0014771812437393138,0.0037815050395295646,0.008394359760239833,-0.009306179533424053,Capital Goods,1
2023-04-20,1826.852783203125,1848.449108421002,1814.3858615777174,1830.1412905770276,19498,1846.9570556640624,1833.3808227539062,1817.3635579427084,1799.558038330078,1791.0598779296874,1788.8989379882812,-1.4420757868933156,-0.001796896291870385,0.0018000943503158062,0.01182160128962928,-0.0068242617796211436,Capital Goods,1
2023-04-21,1821.5518798828125,1831.7119454860429,1799.8574130776935,1826.8528201459435,17520,1831.3193359375,1835.52080078125,1823.4137939453126,1801.599871826172,1792.7031640625,1790.2078043619792,-1.4642148974228588,-0.002901658726445447,0.002910123132738862,0.005577697629937317,-0.011909881373521225,Capital Goods,1
2023-04-24,1807.31787109375,1830.779357061868,1796.4215675191522,1811.3917472484784,15026,1822.6611572265624,1835.1674072265625,1827.716691080729,1804.3803955078124,1794.3582275390625,1791.3874145507812,-1.5236629338833627,-0.007814220910347187,0.0022541005209355536,0.012981383265977309,-0.006028991218906987,Capital Goods,1
2023-04-25,1803.3424072265625,1862.1432189704349,1786.605206127085,1814.0423095747058,39600,1817.841259765625,1835.6631469726562,1829.2480794270834,1807.379345703125,1796.1723193359376,1792.557218424479,-1.5402663745883858,-0.00219964840207198,0.00593337255601889,0.03260657072569195,-0.009281210840717868,Capital Goods,1
2023-04-26,1827.049072265625,1831.9573280151355,1799.0720144934148,1803.342292859859,20936,1817.222802734375,1835.7171264648437,1828.1224365234375,1812.1943420410157,1799.525634765625,1794.2489298502603,-1.4412559897780248,0.013145958828485599,-0.012975447548526087,0.0026864389271297195,-0.01531270188463918,Capital Goods,1
2023-04-27,1856.5970458984375,1866.1190150340174,1816.1529427432347,1827.0492475866495,27211,1823.1716552734374,1835.06435546875,1829.9777669270834,1818.8155822753906,1804.28076171875,1796.4118408203126,-1.3178495032506872,0.016172512321287382,-0.015915030338470304,0.0051287214727695485,-0.02178399628748262,Capital Goods,1
2023-04-28,1865.530029296875,1889.6786256902506,1839.6144127498856,1865.9227137566195,34853,1831.96728515625,1831.643310546875,1834.3362955729167,1825.5521667480468,1807.6733544921874,1799.2471842447917,-1.2805410871438032,0.004811482070475171,0.00021049484788648876,0.012944630219904552,-0.013891824918389029,Capital Goods,1
2023-05-02,1856.1551513671875,1894.5868198922353,1845.4551292991116,1877.7024671497356,51701,1841.7347412109375,1832.19794921875,1837.3565185546875,1831.2212036132812,1811.8512646484376,1802.2543131510417,-1.319695066408245,-0.005025316013391071,0.011608574728614096,0.02070498713253599,-0.005764616206891171,Capital Goods,1
2023-05-03,1879.61669921875,1890.6602755948882,1842.7556474710946,1863.1740410587217,29543,1856.989599609375,1837.4154296875,1842.7719645182292,1836.1834594726563,1817.301396484375,1806.3085327148438,-1.221708408343844,0.012639863555738559,-0.008747878313095758,0.005875440658049236,-0.019610940764133722,Capital Goods,1
2023-05-04,1862.09423828125,1888.6969625928405,1850.4125647024453,1869.0639380336634,15611,1863.9986328125,1840.6107177734375,1845.1442952473958,1837.091485595703,1822.5552001953124,1810.271134440104,-1.2948905956058532,-0.0093223586195968,0.0037429361034093667,0.01428645433978959,-0.0062734062211519115,Capital Goods,1
2023-05-05,1862.7322998046875,1888.6477958611747,1848.449226779751,1862.094202552663,14959,1865.22568359375,1844.1986694335938,1845.1181315104166,1838.78974609375,1828.0976025390626,1814.4382486979166,-1.2922257451570813,0.00034265801929898214,-0.00034255982574160626,0.013912625050418903,-0.007667807675012739,Capital Goods,1
2023-05-08,1856.5970458984375,1900.0351134498605,1851.4923875308332,1875.9846579694115,34143,1863.4390869140625,1847.7031860351562,1842.2419026692708,1841.611993408203,1833.12955078125,1816.9676432291667,-1.3178495032506872,-0.0032936852530518197,0.010442552471902733,0.023396604905402407,-0.0027494702627484102,Capital Goods,1
2023-05-09,1845.1607666015625,1871.5180782776151,1829.4052163581455,1862.2415220452497,26803,1861.2402099609376,1851.4874755859375,1841.8787027994792,1843.32744140625,1837.2250048828125,1820.0827555338542,-1.3656128816979132,-0.006159806901632119,0.00925705540289945,0.014284561081687075,-0.008538849583516694,Capital Goods,1
2023-05-10,1864.646484375,1878.8312965108396,1844.5717649444778,1845.5042856672808,46204,1858.2461669921875,1857.6178833007812,1844.3590087890625,1846.6405151367187,1840.5960009765624,1824.1255249023438,-1.2842311938107653,0.010560444448061028,-0.010265859436693892,0.007607239363977447,-0.010765965344498474,Capital Goods,1
2023-05-11,1865.4317626953125,1872.941298266997,1840.988624643232,1872.303320872096,26531,1858.913671875,1861.45615234375,1846.7117024739584,1848.5866394042969,1841.4559228515625,1828.6149454752604,-1.2809514955255252,0.00042114058986130707,0.0036836288060491107,0.004025628662414293,-0.01310320674328136,Capital Goods,1
2023-05-12,1953.6331787109375,2012.3849796381826,1856.106155005298,1872.7450950754844,91908,1877.09384765625,1871.159765625,1855.163728841146,1853.112060546875,1846.45056640625,1836.2636433919272,-0.9125801482214541,0.04728203828168184,-0.041403926037346106,0.030073097430711737,-0.04992084735681579,Capital Goods,1
2023-05-15,1940.3807373046875,1975.1802220605628,1925.361427027586,1963.3022673094329,32804,1893.8505859375,1878.6448364257812,1863.0856526692708,1855.1440734863281,1852.0597119140625,1843.2497233072916,-0.967928689281427,-0.006783485021990841,0.011812903294734278,0.01793435900843554,-0.0077403934126683005,Capital Goods,1
2023-05-16,2024.2630615234375,2064.4125002575074,1938.8102755278085,1950.0992644735818,99728,1929.671044921875,1895.4556274414062,1877.5486653645833,1863.8267883300782,1860.596162109375,1852.6326782226563,-0.6175959374582145,0.04322982732516088,-0.03663743041086809,0.019834101356299927,-0.042214269291323325,Capital Goods,1
2023-05-17,2033.2449951171875,2058.522512859743,2012.3849076597392,2035.944535846975,26331,1963.3907470703125,1910.81845703125,1892.8755045572916,1874.116943359375,1869.9905615234375,1861.0617919921874,-0.5800830818965845,0.004437137526478549,0.0013277006638503508,0.012432106216053285,-0.010259505129752489,Capital Goods,1
2023-05-18,2019.0601806640625,2041.8344399466662,2012.3849047551278,2041.8344399466662,21392,1994.1164306640626,1926.5150512695313,1905.6762451171876,1883.5628845214844,1877.69259765625,1866.8993408203125,-0.6393256592541889,-0.0069764413472993446,0.01127963371310381,0.01127963371310381,-0.0033061302346814037,Capital Goods,1
2023-05-19,2047.0863037109375,2067.7989989992193,1990.3468198022829,2019.0601156900293,35829,2012.8070556640625,1944.9504516601562,1918.3755289713542,1894.574560546875,1885.0510595703124,1874.1766479492187,-0.5222751494907389,0.013880776469801558,-0.0136907701302591,0.010118134858669192,-0.027717191896500792,Capital Goods,1
2023-05-22,2033.9814453125,2042.9634586298787,2021.219978715462,2041.8346555260619,17578,2031.527197265625,1962.6888916015625,1929.605623372396,1905.1960388183593,1890.4206982421874,1881.9709594726562,-0.5770073132420137,-0.006401712704872845,0.0038610038610038533,0.004415976034628288,-0.006274131274131345,Capital Goods,1
2023-05-23,1977.3890380859375,2038.4478136154814,1968.7995902278417,2032.0179504295202,33398,2022.152392578125,1975.91171875,1937.687882486979,1913.6995971679687,1895.4919091796876,1887.5222005208334,-0.8133643043081936,-0.02782346287228184,0.027626790323699746,0.03087848387621661,-0.00434383305088526,Capital Goods,1
2023-05-24,2007.8203125,2012.385014670102,1967.5726122065978,1987.8437340033936,22554,2017.0674560546875,1990.2291015625,1946.2347900390625,1923.9234924316406,1902.7070458984374,1894.5033772786458,-0.6862687307620472,0.01538962431162216,-0.009949385596031202,0.0022734614953756616,-0.020045469229907575,Capital Goods,1
2023-05-25,2003.0592041015625,2012.384890177997,1976.4073509801854,2006.4949831823542,41542,2013.8672607421875,2003.991845703125,1955.6324544270833,1932.7239990234375,1909.623759765625,1900.3883748372396,-0.7061533992245406,-0.0023712821156337913,0.0017152658662091813,0.0046557216368536825,-0.013305574326911263,Capital Goods,1
2023-05-26,2026.0296630859375,2036.9260864488995,1990.003114693941,2003.5499481649174,16094,2009.6559326171875,2011.231494140625,1966.5189453125,1941.1956298828125,1917.5908349609374,1905.8185384114583,-0.6102177634205969,0.011467688492351878,-0.011095452021556373,0.005378215117721963,-0.017781846459801076,Capital Goods,1
2023-05-29,2074.425048828125,2100.5370638548143,2036.1897865583323,2039.7238263694778,56510,2017.7446533203124,2024.6359252929688,1981.0408121744792,1951.640380859375,1927.70576171875,1911.641357421875,-0.408095459103037,0.023886810062037443,-0.01672811581129452,0.012587591458867342,-0.018431739575933248,Capital Goods,1
2023-05-30,2082.229248046875,2090.9169566183214,2061.4674220180636,2074.9159948866627,22806,2038.7126953125,2030.4325439453125,1996.8453776041667,1962.9440856933593,1938.702216796875,1919.362040201823,-0.3755013862331521,0.0037621022862015254,-0.0035122228578203796,0.0041723112762896974,-0.009970960713516996,Capital Goods,1
2023-05-31,2048.755126953125,2095.3344271436686,2023.4776092679765,2095.3344271436686,22178,2046.899658203125,2031.9835571289063,2009.119287109375,1971.4010070800782,1948.5187255859375,1926.7391479492187,-0.5153053445385367,-0.016076097828876732,0.02273541604741003,0.02273541604741003,-0.012337988738918115,Capital Goods,1
2023-06-01,2078.1064453125,2085.027134156081,2056.068423959469,2059.0133775387853,12489,2061.9091064453123,2037.88818359375,2023.2975992838542,1982.2016174316407,1958.5610205078126,1935.0046508789062,-0.3927201845987201,0.014326416062726735,-0.009187723668718784,0.003330286020329698,-0.010604856841063826,Capital Goods,1
2023-06-02,2051.25830078125,2083.456266174103,2041.8343540520261,2078.106315438218,14434,2066.954833984375,2038.3053833007812,2029.8059407552084,1991.6279174804688,1966.347470703125,1942.4848347981772,-0.5048508920222716,-0.012919523247622982,0.013088558689436036,0.0156966898710853,-0.004594227224155367,Capital Goods,1
2023-06-05,2051.01318359375,2089.935560713056,2041.8346483246391,2062.0567604176213,14550,2062.2724609375,2040.0085571289062,2037.1814371744792,2001.3487243652344,1973.766796875,1950.133544921875,-0.5058746187682318,-0.00011949601247519326,0.00538444945757055,0.01897714623711333,-0.004475122511415686,Capital Goods,1
2023-06-06,2018.9619140625,2058.9641992529914,2010.2253145110346,2046.7426901147082,19318,2049.618994140625,2044.1658447265625,2036.82802734375,2010.0387817382812,1980.2790673828124,1957.1883463541667,-0.6397360676359111,-0.01562704217975348,0.013759930714249302,0.01981329360988293,-0.004327273085546146,Capital Goods,1
2023-06-07,2070.400390625,2078.1553382998754,2017.292971283063,2018.961730188439,148810,2053.948046875,2050.4238525390624,2039.3050537109375,2020.3264770507812,1987.9104150390624,1966.0902791341146,-0.4249043589109596,0.025477685440334484,-0.024844788800021833,0.003745627034263954,-0.025650796620022454,Capital Goods,1
2023-06-08,2099.064697265625,2133.2262051411312,2061.172867096307,2070.40053168215,70780,2058.139697265625,2060.0244018554686,2044.6386881510416,2032.008123779297,1997.3892333984375,1975.1574666341146,-0.305188488874661,0.013844813191892798,-0.013655684658417044,0.016274633135418437,-0.01805176858944757,Capital Goods,1
2023-06-09,2069.860595703125,2125.2747556017566,2048.7550958207057,2105.6417324553204,32204,2061.86015625,2064.4074951171874,2046.1569742838542,2037.8194946289063,2005.674365234375,1982.266251627604,-0.42715880097800946,-0.013912911593693667,0.017286737486801984,0.026771928512319798,-0.010196580352431761,Capital Goods,1
2023-06-12,2055.57763671875,2098.6720290358226,2046.7427758159474,2084.3400651456177,17477,2062.773046875,2062.52275390625,2047.5967203776042,2043.5793395996093,2013.6335888671874,1988.601171875,-0.48681127689325937,-0.006900444896639585,0.013992382439410145,0.020964614299785245,-0.004297994269340966,Capital Goods,1
2023-06-13,2069.860595703125,2093.714766758231,2055.577523431907,2055.577523431907,64460,2072.952783203125,2061.285888671875,2053.7614908854166,2045.8592163085937,2022.62158203125,1995.7246866861979,-0.42715880097800946,0.0069483918920106615,-0.006900499628268886,0.011524530253208987,-0.006900499628268886,Capital Goods,1
2023-06-14,2087.82470703125,2092.8801142571415,2056.6572850670545,2069.860444234666,13004,2076.437646484375,2065.1928466796876,2059.0951171875,2048.588201904297,2031.5487109375,2002.6649536132813,-0.352132070206596,0.008678899132345987,-0.008604296489108987,0.002421375323735875,-0.01492817948711489,Capital Goods,1
2023-06-15,2065.00146484375,2104.6109451384273,2056.608299539073,2090.8678289729437,16631,2069.625,2063.8823486328124,2063.224601236979,2050.8852661132814,2039.5314990234374,2009.4285278320312,-0.44745285817407154,-0.010931589280765413,0.012526075438474837,0.019181332783061444,-0.004064483947139541,Capital Goods,1
2023-06-16,2127.581787109375,2131.164718062564,2062.5473962426568,2065.0015241998917,45085,2081.16923828125,2071.514697265625,2069.9947428385417,2054.910040283203,2046.489443359375,2018.2568440755208,-0.18608746667483056,0.030305219309062423,-0.02941379893766982,0.0016840391165675594,-0.03056728124895114,Capital Goods,1
2023-06-19,2124.980224609375,2151.2885237099044,2100.7334888155124,2135.091279520439,28061,2095.049755859375,2078.9114013671874,2073.365087890625,2059.4599792480467,2053.8734228515623,2027.202950032552,-0.19695283739689443,-0.0012227790798748075,0.004758187767569755,0.012380491260978843,-0.011410334794207166,Capital Goods,1
2023-06-20,2179.903564453125,2189.0820987134475,2115.4582613127714,2120.7590817412483,51985,2117.058349609375,2095.00556640625,2079.876708984375,2069.5857055664064,2060.09904296875,2038.3610432942708,0.03243332906892975,0.02584651810293731,-0.02713169686784489,0.004210523075421024,-0.029563373440568252,Capital Goods,1
2023-06-21,2204.44482421875,2217.4517020452595,2183.3884548393403,2193.990335264077,44685,2140.382373046875,2108.410009765625,2090.2560221354165,2079.4169311523438,2066.9470361328126,2049.6876546223957,0.13492938109150698,0.011257956620563486,-0.0047424588902459375,0.005900296384655057,-0.009551778818901457,Capital Goods,1
2023-06-22,2174.357421875,2217.550074950621,2155.362375169414,2208.715214094244,23634,2162.253564453125,2115.9392822265627,2096.67275390625,2087.9818420410156,2073.15892578125,2059.985176595052,0.009269981969349687,-0.013648516857033563,0.015801354401805856,0.019864559819413152,-0.008735935736455924,Capital Goods,1
2023-06-23,2160.025146484375,2184.615556314778,2148.8344189699183,2174.3573494830375,21580,2168.742236328125,2124.9557373046873,2103.923876953125,2094.6816162109376,2077.6764794921874,2066.8649088541665,-0.050588462872876286,-0.006591499284540781,0.006635201919750422,0.011384316460586685,-0.005180832053122475,Capital Goods,1
2023-06-26,2202.33447265625,2210.6293773846132,2151.92658754699,2169.2528750664783,122167,2184.2130859375,2139.6314208984377,2114.011962890625,2101.0770874023438,2084.4106005859376,2075.5967000325522,0.12611554245397694,0.019587422970856166,-0.01502115051119901,0.0037664146074771754,-0.022888387633719698,Capital Goods,1
2023-06-27,2244.6435546875,2256.6196504610984,2182.357599177462,2214.3595216654776,72210,2197.161083984375,2157.109716796875,2129.057405598958,2109.197802734375,2095.10078125,2082.9427164713543,0.30281852813267685,0.019211015654775062,-0.013491689118648731,0.005335410938003271,-0.02774870663984308,Capital Goods,1
2023-06-28,2221.231201171875,2256.3743612472294,2204.690282971961,2256.3743612472294,34493,2200.518359375,2170.4503662109373,2139.11279296875,2117.8216064453127,2103.637216796875,2089.2089233398438,0.20503732917117534,-0.010430321316154125,0.015821477771793324,0.015821477771793324,-0.007446734131587585,Capital Goods,1
2023-06-30,2238.6064453125,2268.105111991866,2211.022190214031,2232.3731039495096,72009,2213.3681640625,2187.8108642578127,2148.415576171875,2125.8466064453123,2113.0591064453124,2096.527132161458,0.2776046685967163,0.00782234831361012,-0.0027844739641675886,0.013177245487314027,-0.01232206543326475,Capital Goods,1
2023-07-03,2204.641357421875,2255.7852391511306,2190.0637418059046,2239.0971694018253,25044,2222.29140625,2195.5168212890626,2157.4009602864585,2133.515759277344,2120.20357421875,2101.7789672851563,0.13575019785495118,-0.015172424774236554,0.01562876059816065,0.02319827737835034,-0.006612239023320199,Capital Goods,1
2023-07-04,2187.7080078125,2221.4275834700393,2164.54094312376,2204.6414913811554,36837,2219.36611328125,2201.789599609375,2166.209651692708,2140.3505004882813,2124.734892578125,2106.903186035156,0.06502842158696803,-0.007680772907742687,0.0077402850417809255,0.015413197527788691,-0.010589651181057258,Capital Goods,1
2023-07-05,2170.8232421875,2206.4572266175064,2160.614166162686,2187.1187470288346,87202,2204.60205078125,2200.8815673828126,2172.940494791667,2147.943566894531,2128.27865234375,2113.3509928385415,-0.005490444698499103,-0.007718016099361981,0.007506601424127846,0.016414963566586227,-0.0047028591855899915,Capital Goods,1
2023-07-06,2151.043212890625,2193.9904533077224,2130.13399419537,2179.2656851647175,52548,2190.564453125,2195.54140625,2177.155061848958,2151.9757080078125,2132.37017578125,2118.1250895182293,-0.08810131843450636,-0.009111764105189428,0.013120365088419739,0.01996577296063884,-0.009720501461779829,Capital Goods,1
2023-07-07,2159.681884765625,2172.1979382278764,2139.999729232012,2151.0433058163517,34881,2174.779541015625,2194.0738525390625,2183.46708984375,2155.0065673828126,2135.633193359375,2123.3458455403647,-0.05202208817648194,0.004016038275396216,-0.003999931198298112,0.00579532270495009,-0.009113451232077519,Capital Goods,1
2023-07-10,2127.33642578125,2208.56806313099,2113.8387216899037,2159.681785107962,33402,2159.3185546875,2190.80498046875,2183.450732421875,2157.8803588867186,2138.676318359375,2126.7227376302085,-0.18711221306894413,-0.014976955269449428,0.015204628160697897,0.03818466903743656,-0.006344884583259769,Capital Goods,1
2023-07-11,2109.912109375,2158.650995747488,2086.745045116063,2125.274854840069,45424,2143.759375,2181.562744140625,2182.44619140625,2160.5970825195313,2141.032275390625,2127.9056396484375,-0.2598845017733078,-0.008190672709348751,0.007281225315882933,0.02309996049405383,-0.010980108676564515,Capital Goods,1
2023-07-12,2140.048583984375,2151.4847237315794,2106.427032937478,2109.8628118765773,44935,2137.604443359375,2171.1032470703126,2179.7891927083333,2164.106481933594,2145.8757421875,2129.8329508463544,-0.13402015337232775,0.014283284348892642,-0.014105180757904678,0.005343869215301833,-0.015710648486446877,Capital Goods,1
2023-07-13,2138.28173828125,2211.660165888973,2126.2565110144324,2140.048758383256,39130,2135.0521484375,2162.80830078125,2175.3783203125,2166.6293334960938,2148.59099609375,2132.817171223958,-0.14139934705809878,-0.0008256100895781813,0.0008263738451166347,0.03431653850568095,-0.005623780557787228,Capital Goods,1
2023-07-14,2111.6787109375,2182.1121787979623,2102.304134470173,2138.281552154042,33790,2125.451513671875,2150.11552734375,2171.199739583333,2168.9631958007812,2149.095556640625,2133.936246744792,-0.2525063277356901,-0.012441310640913718,0.0125979587134879,0.03335425389082647,-0.004439395263479806,Capital Goods,1
2023-07-17,2155.3134765625,2174.3574140309465,2117.421644273026,2120.3665978811937,49461,2131.046923828125,2145.1827392578125,2170.8856282552083,2170.3497802734373,2152.513671875,2137.404752604167,-0.07026665258431686,0.020663543842627426,-0.016214290432147727,0.008835808654070965,-0.017580659473213966,Capital Goods,1
2023-07-18,2134.060546875,2167.878382284706,2115.458304841182,2166.700448794243,16947,2135.876611328125,2139.8179931640625,2166.334033203125,2170.8037963867187,2155.65298828125,2140.172998046875,-0.1590290636294656,-0.009860713960456556,0.01529474033294842,0.015846708500949935,-0.008716829548748417,Capital Goods,1
2023-07-19,2132.048095703125,2147.116537136152,2120.366542559876,2131.753792078737,83137,2134.276513671875,2135.940478515625,2158.827669270833,2168.411022949219,2158.14048828125,2143.9425374348957,-0.16743402335750354,-0.0009430150305819214,-0.00013803798562561642,0.007067589827544518,-0.00547902890501939,Capital Goods,1
2023-07-20,2163.412109375,2169.4491684363634,2125.8639506905242,2132.0481615686276,34501,2139.302587890625,2137.1773681640625,2154.9730631510415,2166.3593872070314,2161.163984375,2147.042928059896,-0.03644288404149564,0.014710743971998206,-0.014497444879068011,0.0027905266108116944,-0.017355989883648726,Capital Goods,1
2023-07-21,2146.527587890625,2170.9217170668335,2127.6308015223062,2170.9217170668335,26040,2146.27236328125,2135.8619384765625,2148.83447265625,2164.9678955078125,2164.425029296875,2148.6250244140624,-0.10696073067880943,-0.007804579354625533,0.011364461055066277,0.011364461055066277,-0.008803421150942903,Capital Goods,1
2023-07-24,2110.451904296875,2167.4859371859384,2104.6602578472157,2146.5275873546575,26099,2137.300048828125,2134.173486328125,2142.55517578125,2162.4892333984376,2163.739833984375,2149.978068033854,-0.2576300597062579,-0.016806531533657704,0.01709381909359431,0.027024559419213556,-0.0027442683900389397,Capital Goods,1
2023-07-25,2076.78125,2117.372380888409,2067.700976944718,2103.727525891328,24286,2125.844189453125,2130.860400390625,2135.16005859375,2156.211572265625,2161.811875,2150.684855143229,-0.3982548347750867,-0.015954239103161568,0.012975018862158905,0.019545212519811228,-0.004372281893089025,Capital Goods,1
2023-07-26,2122.5751953125,2132.7353805613,2081.2967165962286,2087.1866234857534,19611,2123.949609375,2129.1130615234374,2131.9435221354165,2150.108154296875,2159.518740234375,2152.4420084635417,-0.20699739135551412,0.022050442391320705,-0.016672470263903394,0.004786725705283823,-0.01944735753410798,Capital Goods,1
2023-07-27,2120.513671875,2154.675180408223,2107.605054897313,2133.177115721942,14084,2115.369921875,2127.3362548828127,2129.9082194010416,2145.0722778320314,2156.161494140625,2153.531640625,-0.2156073003623748,-0.0009712369399457193,0.0059718755954751845,0.016110015693988178,-0.006087495284231248,Capital Goods,1
2023-07-28,2135.82763671875,2141.423000726949,2113.93676663382,2120.5137818596304,27176,2113.229931640625,2129.7511474609373,2128.317936197917,2139.9333374023436,2154.620302734375,2155.892513020833,-0.15164885029554118,0.007221818489955356,-0.007169986283465324,0.0026197638386189492,-0.010249361750258479,Capital Goods,1
2023-07-31,2275.467529296875,2287.3456049302304,2135.827643169834,2147.0675017132494,164169,2146.233056640625,2141.766552734375,2138.1933430989584,2143.474645996094,2159.237998046875,2160.8220377604166,0.4315542057334815,0.06537975732566713,-0.05642797619850082,0.005220059385785181,-0.06136755823986195,Capital Goods,1
2023-08-01,2394.73828125,2449.219926918938,2288.229118095409,2298.4873259693513,403583,2209.824462890625,2167.834326171875,2157.1817545572917,2153.8261596679686,2166.934150390625,2169.813972981771,0.9296859770324711,0.052415932294133834,-0.04019268244645413,0.022750563640090204,-0.0444763271162123,Capital Goods,1
2023-08-02,2307.125732421875,2394.738102007516,2298.0454588233633,2394.738102007516,63978,2246.7345703125,2185.34208984375,2168.3202311197915,2160.6412841796873,2169.4334375,2174.0547119140624,0.5637740210742724,-0.03658543796376496,0.03797468354430378,0.03797468354430378,-0.003935751515796171,Capital Goods,1
2023-08-03,2279.221923828125,2365.600188594598,2271.8138352349674,2321.4480288091227,49302,2278.476220703125,2196.9230712890626,2177.716243489583,2167.0502197265623,2171.75306640625,2176.5472819010415,0.4472343550356492,-0.012094619812704504,0.0185265438786566,0.03789813701923084,-0.00325027085590468,Capital Goods,1
2023-08-04,2269.232177734375,2324.1999400222203,2249.2531000756685,2295.125697214287,58112,2305.15712890625,2209.1935302734373,2188.2198079427085,2172.527734375,2172.978095703125,2179.7097737630206,0.4055123918970034,-0.004382963321523105,0.011410696417042843,0.024223066650996383,-0.008804333842407308,Capital Goods,1
2023-08-07,2350.640380859375,2373.8001835964938,2262.622404282867,2276.240036314736,77361,2320.19169921875,2233.2123779296876,2201.2416015625,2183.6929321289062,2178.818056640625,2186.063614908854,0.7455120293341989,0.03587477910976866,-0.03165109608022609,0.009852550362744905,-0.03744425446495958,Capital Goods,1
2023-08-08,2357.747314453125,2384.1875795514447,2332.201787110349,2365.6992446873683,35592,2312.793505859375,2261.308984375,2216.154052734375,2196.0846923828126,2185.61962890625,2191.24404296875,0.7751939870781254,0.0030234031762662746,0.003372681281618828,0.011214206431808593,-0.010834718031987767,Capital Goods,1
2023-08-09,2305.861083984375,2371.0172627345237,2287.1739988661216,2346.813477324169,48274,2312.540576171875,2279.6375732421875,2227.7415852864583,2204.3753173828127,2191.021142578125,2193.284627278646,0.5584922436399358,-0.02200669687997711,0.01776013031497592,0.02825676672489008,-0.008104167787056582,Capital Goods,1
2023-08-10,2276.687255859375,2336.823727694972,2266.300095622502,2305.0657551528866,23385,2312.033642578125,2295.254931640625,2235.29326171875,2211.2955932617188,2196.046904296875,2195.133162434896,0.4366483679076023,-0.012652031957879076,0.012464821077412092,0.02641402400827242,-0.0045624010105649315,Capital Goods,1
2023-08-11,2254.8193359375,2302.8789085251424,2247.513646069942,2285.1858162629333,19035,2309.15107421875,2307.1541015625,2242.5127115885416,2218.4526245117186,2199.85240234375,2195.673592122396,0.34531746316417294,-0.009605148825599489,0.013467367359082827,0.02131415666952341,-0.003240033359267147,Capital Goods,1
2023-08-14,2209.1455078125,2266.6975029375744,2198.708599901575,2266.6975029375744,32182,2280.852099609375,2300.5218994140623,2249.09228515625,2221.1442260742188,2203.124765625,2195.82373046875,0.15456168663604697,-0.020256092094407162,0.02605169959223841,0.02605169959223841,-0.0047244094488189115,Capital Goods,1
2023-08-16,2167.1494140625,2235.4863122240854,2152.786289092721,2186.780741170737,37029,2242.73251953125,2277.7630126953127,2255.1168294270833,2222.7986694335937,2205.4142578125,2195.1384440104166,-0.02083411011006228,-0.019010107573939124,0.009058594197913106,0.03153308106868469,-0.006627657916236762,Capital Goods,1
2023-08-17,2222.1669921875,2278.476500865238,2176.890641061686,2177.536638321187,76422,2225.993701171875,2269.267138671875,2261.756282552083,2227.3046142578123,2208.698994140625,2196.84990234375,0.20894564054295378,0.02538707196097985,-0.020084158401785457,0.025339908690798607,-0.0203748643936269,Capital Goods,1
2023-08-18,2177.48681640625,2285.1858645062657,2168.24289199801,2226.540381250124,61388,2206.15361328125,2259.0936279296875,2265.5544921875,2228.008349609375,2210.267197265625,2197.7313557942707,0.022339831998949424,-0.020106578820733387,0.022527605896063507,0.0494602526585044,-0.004245226349290365,Capital Goods,1
2023-08-21,2239.85986328125,2253.5769915412134,2177.834904201832,2177.834904201832,71914,2203.16171875,2256.156396484375,2272.4899739583334,2232.6749633789063,2215.394443359375,2200.403955078125,0.28283954221599894,0.02864451183127768,-0.027691446280284415,0.006124101103302415,-0.027691446280284415,Capital Goods,1
2023-08-22,2267.443115234375,2304.9662861194415,2241.4005921879466,2251.6884990232475,56967,2214.821240234375,2247.836669921875,2271.955013020833,2240.524523925781,2219.87962890625,2205.074178059896,0.3980404102292778,0.0123147221865556,-0.006948185868600798,0.016548671335107734,-0.011485414064615451,Capital Goods,1
2023-08-23,2259.839111328125,2283.4961516594713,2212.873024673076,2279.4206904569824,21343,2233.3591796875,2238.045849609375,2262.961735026042,2249.6774169921873,2224.910771484375,2210.071744791667,0.3662824488451372,-0.003353558841304828,0.008665032404607365,0.010468462207224416,-0.020782933802507064,Capital Goods,1
2023-08-24,2259.342041015625,2307.4511189506384,2232.5042780999092,2266.747227063197,37558,2240.794189453125,2233.3939453125,2259.776155598958,2256.515759277344,2230.002529296875,2214.048193359375,0.36420644520492307,-0.00021995827490916729,0.003277585205400335,0.0212934018230313,-0.011878574571051459,Capital Goods,1
2023-08-25,2235.486328125,2278.327448201211,2214.612511810805,2270.6735214137566,37288,2252.394091796875,2229.2738525390623,2256.86044921875,2262.2643920898436,2232.885498046875,2217.2883463541666,0.26457356519694375,-0.010558699151148146,0.01574028561305041,0.01916411634337467,-0.009337483325922658,Capital Goods,1
2023-08-28,2194.931396484375,2249.2531630786393,2190.7566818323085,2232.9515612212563,26423,2243.4083984375,2223.28505859375,2251.9070638020835,2265.219580078125,2234.821650390625,2220.063435872396,0.09519675150004085,-0.018141435771893175,0.017321800944566368,0.024748730954084364,-0.0019019795601599165,Capital Goods,1
2023-08-29,2224.999755859375,2244.3825860256443,2186.7808392713855,2205.9151716150104,67239,2234.9197265625,2224.8704833984375,2243.5310221354166,2262.69619140625,2239.403564453125,2222.3863118489585,0.2207766180662371,0.013698997345958301,-0.008577342174580838,0.008711385300257168,-0.017177043047911678,Capital Goods,1
2023-08-30,2209.54296875,2233.398757845176,2201.6905352422923,2227.4845586667243,22865,2224.860498046875,2229.1098388671876,2233.650732421875,2253.43642578125,2244.714033203125,2224.902392578125,0.1562216738296956,-0.006946871373208323,0.008120045715551027,0.010796707478683665,-0.003553872279818182,Capital Goods,1
2023-08-31,2262.423583984375,2290.9510843598246,2213.12152085412,2224.055424617603,83566,2225.476806640625,2233.135498046875,2230.7548990885416,2251.201318359375,2250.30796875,2229.2482421875,0.3770764441964668,0.02393282954089417,-0.016958875269148965,0.012609265823338767,-0.021791703144920738,Capital Goods,1
2023-09-01,2237.524169921875,2280.1165516277974,2229.9199908539135,2270.176638603266,13975,2225.884375,2239.1392333984377,2228.1440266927084,2249.1164306640626,2254.988388671875,2231.718644205729,0.27308456833292977,-0.01100563759976786,0.014593124454396866,0.019035495695856275,-0.0033984790735140935,Capital Goods,1
2023-09-04,2227.782958984375,2279.420757507866,2221.769263198398,2249.3027731528446,19592,2232.4546875,2237.93154296875,2226.3416015625,2247.0439697265624,2258.6666015625,2234.4271565755207,0.23240060701439103,-0.004353566798717586,0.009659744492470868,0.023179007773284965,-0.0026994082891801385,Capital Goods,1
2023-09-05,2209.1953125,2247.3147315279098,2204.722351852166,2238.9653020547444,28962,2229.293798828125,2232.1067626953127,2226.344921875,2239.971716308594,2256.015712890625,2237.718603515625,0.1547696948593297,-0.008343562558198637,0.013475490096462206,0.017254888606826002,-0.0020247013120683333,Capital Goods,1
2023-09-06,2181.26416015625,2228.97574256513,2176.989949030723,2209.1954127609115,51918,2223.638037109375,2224.249267578125,2227.2859049479166,2231.14755859375,2247.476748046875,2241.2013671875,0.03811582822753166,-0.012643133988973643,0.012805075659731546,0.021873362832616428,-0.001959511004490544,Capital Goods,1
2023-09-07,2171.02587890625,2191.75069341686,2162.9249473356404,2191.75069341686,48455,2205.35849609375,2215.4176513671873,2223.876497395833,2224.405798339844,2242.03275390625,2242.8163899739584,-0.0046441367312212295,-0.004693737437682286,0.009546092799709527,0.009546092799709527,-0.0037313841577470974,Capital Goods,1
2023-09-08,2208.94677734375,2216.6004613437062,2171.870855621524,2182.4072598166504,67530,2199.643017578125,2212.7636962890624,2225.973828125,2221.0187744140626,2239.221748046875,2245.76416015625,0.15373169303922263,0.017466810877724004,-0.012014557253848035,0.003464856681227868,-0.016784434148662375,Capital Goods,1
2023-09-11,2197.913330078125,2225.496586344635,2188.569909709555,2222.5643607897696,46608,2193.669091796875,2213.0618896484375,2223.177392578125,2218.173474121094,2236.368994140625,2247.8336832682294,0.1076507340450191,-0.004994890496588912,0.011215651852281239,0.012549747020975444,-0.004251041313006687,Capital Goods,1
2023-09-12,2141.10693359375,2223.5087124191828,2126.147316515979,2209.4438330843877,29468,2180.051416015625,2204.672607421875,2214.75498046875,2214.7715454101562,2227.98765625,2243.3549967447916,-0.12959997862756922,-0.025845603512653435,0.031916621453342175,0.03848559711453792,-0.006986861255295573,Capital Goods,1
2023-09-13,2085.443359375,2151.6927781261884,2055.6733704179305,2140.6098729240744,60953,2160.887255859375,2192.262646484375,2203.128597005208,2210.686242675781,2217.095498046875,2233.045166015625,-0.362077718294341,-0.02599756852186791,0.026453134438332304,0.03176754643244939,-0.01427513666254232,Capital Goods,1
2023-09-14,2102.9375,2113.0764049323416,2074.608749253667,2087.3318858428897,23566,2147.269580078125,2176.3140380859377,2192.701627604167,2204.7247680664063,2208.9785546875,2226.2388916015625,-0.28901381021812017,0.00838869132856379,-0.007420864460836452,0.004821305879200599,-0.013471037891679027,Capital Goods,1
2023-09-15,2053.78466796875,2127.0915225046765,2037.6820582867738,2113.225393130576,102709,2116.237158203125,2157.940087890625,2180.58818359375,2198.539660644531,2200.062451171875,2218.72431640625,-0.49429957293143856,-0.02337341553481737,0.028942043481420265,0.03569354454692131,-0.007840456661847739,Capital Goods,1
2023-09-18,2054.23193359375,2300.4932674416727,2008.856329794762,2057.2636554614205,82976,2087.50087890625,2140.5849853515624,2171.208219401042,2189.258264160156,2192.038955078125,2211.5576416015624,-0.4924315775145071,0.0002177762995194419,0.0014758420498151015,0.11988000469698856,-0.02208884160397917,Capital Goods,1
2023-09-20,2058.605712890625,2083.157249257075,2038.676138960401,2047.5225643856963,41245,2071.000634765625,2125.526025390625,2160.115283203125,2178.8163940429686,2186.01736328125,2201.8231526692707,-0.47416458084729857,0.0021291555375752276,-0.0053838131486413365,0.011926293710695868,-0.009681102993850943,Capital Goods,1
2023-09-21,2042.353759765625,2069.4400211547254,2027.7918851158045,2058.6056136685424,18399,2062.38271484375,2111.6349853515626,2148.9693359375,2167.9421264648436,2181.025537109375,2191.3100341796876,-0.5420405191192907,-0.007894641029718874,0.007957413756166654,0.013262277046562465,-0.00712994728762939,Capital Goods,1
2023-09-22,2079.0322265625,2090.363629911964,2017.8022675802601,2049.6099880544316,55522,2057.60166015625,2102.4356201171877,2136.7432454427085,2158.9266357421875,2175.300146484375,2183.749072265625,-0.3888536788012289,0.017958919517000876,-0.014151891506133829,0.005450325976043002,-0.0294511831995401,Capital Goods,1
2023-09-25,2064.718505859375,2117.1017944210125,2057.5618176371036,2089.966028356302,47150,2059.788427734375,2088.01279296875,2125.222867838542,2150.3882446289062,2170.7894140625,2176.683447265625,-0.4486346303838005,-0.00688479982188227,0.01222807003728521,0.02537066840490909,-0.0034661810808407356,Capital Goods,1
2023-09-26,2029.183349609375,2075.0561905155996,2016.2118368493518,2075.0561905155996,39156,2054.7787109375,2071.139794921875,2111.9828938802084,2142.1008422851564,2162.362353515625,2169.162247721354,-0.5970464583997391,-0.017210654212260083,0.022606552983521766,0.022606552983521766,-0.0063924793994195594,Capital Goods,1
2023-09-27,2019.5914306640625,2053.933876212556,2012.7824936656832,2039.8687546968006,32759,2046.9758544921874,2058.988244628906,2099.342635091146,2131.830426025391,2152.4482861328124,2162.843778483073,-0.6371069048725062,-0.004726984846962685,0.01004030999778549,0.01700465006290952,-0.003371442805211622,Capital Goods,1
2023-09-28,1990.5172119140625,2044.490984935819,1975.0605995529381,2030.227113531392,99529,2036.608544921875,2049.4956298828124,2086.626171875,2120.8791381835936,2141.67541015625,2156.9560384114584,-0.7585347641582741,-0.014396089381524112,0.01994953943610711,0.0271154515513361,-0.007765123691777287,Capital Goods,1
2023-09-29,2066.159912109375,2072.471853913779,1989.4238325279703,2000.5068597551146,59571,2034.03408203125,2045.81787109375,2079.635107421875,2111.065954589844,2133.948125,2151.7558024088544,-0.4426146276864408,0.038001530327173204,-0.03177539742663682,0.0030549144659184346,-0.03713946782708777,Capital Goods,1
2023-10-03,2073.316650390625,2082.4115728397796,2027.8414314607676,2061.488009456233,33593,2035.7537109375,2047.7710693359375,2070.5930989583335,2102.855578613281,2127.461337890625,2148.2834635416666,-0.41272466171923167,0.003463787211873438,-0.005705178189816418,0.0043866538415351375,-0.021933561822932157,Capital Goods,1
2023-10-04,2072.422119140625,2086.1889957598632,2036.7876765239216,2083.704017501781,24955,2044.40146484375,2049.590087890625,2062.227018229167,2095.087536621094,2122.560966796875,2142.7022054036456,-0.41646065255309445,-0.0004314494121442883,0.005443822596254755,0.006642892146387247,-0.017194587090915592,Capital Goods,1
2023-10-05,2073.61474609375,2091.00959294338,2056.369143535589,2075.2549772580446,23828,2055.2061279296877,2051.0909912109373,2057.7275390625,2088.3085083007813,2116.50556640625,2136.241259765625,-0.41147967132399516,0.000575474919954796,0.0007910009163392129,0.00838865892634999,-0.008316685917983513,Capital Goods,1
2023-10-06,2105.42236328125,2119.1892384711655,2054.7785601742758,2082.312067880474,27175,2078.187158203125,2057.3978515625,2059.05947265625,2084.5164184570312,2112.3407421875,2131.094034830729,-0.27863583131335606,0.015339212477833116,-0.01097656023979876,0.006538771236598961,-0.024053987451737258,Capital Goods,1
2023-10-09,2094.88623046875,2124.1592231705094,2060.5935336042753,2092.351504339692,39612,2083.932421875,2058.983251953125,2058.5227213541666,2080.709436035156,2105.639248046875,2125.6121744791667,-0.3226397670191921,-0.0050042846491284015,-0.0012099588474983047,0.013973547716340295,-0.016369718014138335,Capital Goods,1
2023-10-10,2113.970947265625,2131.6640405217977,2088.673917813798,2107.6590055904812,34389,2092.06328125,2063.90849609375,2062.5351399739584,2075.96064453125,2100.697119140625,2121.561661783854,-0.24293285122391664,0.009110144751204278,-0.0029858223374867876,0.008369600953626266,-0.011966592769190099,Capital Goods,1
2023-10-11,2162.576904296875,2170.8768280670442,2121.3262685987147,2126.942464605177,74527,2110.09423828125,2077.2478515625,2069.7581380208335,2074.1938232421876,2098.088876953125,2120.4831787109374,-0.03993110037409516,0.02299272707324608,-0.01647776762107056,0.0038379785494231378,-0.01907476012353526,Capital Goods,1
2023-10-12,2154.823974609375,2176.840783177998,2138.0751253953763,2170.6780861165144,15422,2126.336083984375,2090.771105957031,2076.1726888020835,2074.879675292969,2095.9140234375,2118.1439860026044,-0.07231104713177727,-0.003585042303973339,0.007357497268431601,0.010217451090228646,-0.007772722696309797,Capital Goods,1
2023-10-13,2156.265380859375,2172.019997398427,2128.234874666058,2150.599678970352,22163,2136.5046875,2107.3459228515626,2083.766796875,2078.4207763671875,2094.914072265625,2116.36806640625,-0.06629104443441755,0.0006689206482684031,-0.0026275531478248126,0.007306436711780551,-0.012999562318319668,Capital Goods,1
2023-10-16,2124.109619140625,2170.2309601776233,2115.263193810259,2147.021166699627,15838,2142.349365234375,2113.1408935546874,2086.7719563802084,2079.479382324219,2093.037421875,2111.757600911458,-0.20058890271172924,-0.014912710654351085,0.010786424275161188,0.0217132584031412,-0.004164768734461588,Capital Goods,1
2023-10-17,2126.345947265625,2173.5605297265993,2117.4000263782823,2134.695619031326,26066,2144.824365234375,2118.4438232421876,2090.8804524739585,2083.1074462890624,2089.733388671875,2108.05166015625,-0.19124892562707224,0.0010528308449093962,0.00392677013655196,0.022204562960081775,-0.004207180350331408,Capital Goods,1
2023-10-18,2175.101318359375,2200.6965926414514,2136.782907744101,2136.981657456224,154727,2147.329248046875,2128.7117431640627,2100.6083170572915,2089.150915527344,2088.820908203125,2106.29560546875,0.012376849892597495,0.022929181000131697,-0.01752546448360559,0.011767394036330314,-0.017616839405061202,Capital Goods,1
2023-10-19,2149.058837890625,2181.313805527862,2126.8927844056698,2175.101360194278,39788,2146.176220703125,2136.25615234375,2109.2394775390626,2093.6735717773436,2089.138984375,2104.291056315104,-0.09638901862490944,-0.011972996498569179,0.012118105770065668,0.015008880663730961,-0.010314307404776346,Capital Goods,1
2023-10-20,2143.691162109375,2185.7867892028175,2132.6082565869237,2149.058860538346,64085,2143.661376953125,2140.0830322265624,2119.45107421875,2098.740441894531,2091.468896484375,2103.038623046875,-0.11880700292439296,-0.002497686748548289,0.0025039513731488494,0.01963698308669648,-0.005170010362661515,Capital Goods,1
2023-10-23,2065.1162109375,2154.376426418035,2049.7093473617615,2154.3269209970194,17388,2131.8626953125,2137.1060302734377,2119.381494140625,2098.044641113281,2089.956044921875,2099.50830078125,-0.44697362354199854,-0.036654044463456145,0.043198881296380165,0.04322285351680688,-0.007460531031686757,Capital Goods,1
2023-10-25,2015.9136962890625,2075.2550486716614,1993.1016448845544,2065.1163861222863,41064,2109.7762451171875,2127.3003051757814,2115.5546305338544,2095.6044006347656,2088.4412060546874,2093.073864746094,-0.652466884654523,-0.02382554278923657,0.024407141002016575,0.029436454790617184,-0.011315986119098786,Capital Goods,1
2023-10-26,1984.006591796875,2026.6984686718017,1938.282992987929,2026.5494670494943,45342,2071.5572998046873,2109.4432739257813,2109.660262044271,2093.345562744141,2085.6321923828127,2085.943640136719,-0.785726231287651,-0.015827614322439888,0.021442910234531487,0.021518011609155785,-0.023046092184368705,Capital Goods,1
2023-10-27,2080.920654296875,2134.9936805107955,1979.0863006186992,1994.4434166929445,139582,2057.9296630859376,2102.052941894531,2110.147322591146,2096.4120239257813,2086.5247900390623,2083.937430826823,-0.3809667003350911,0.048847651464820424,-0.04155720085980419,0.025985145614401794,-0.04893716320605446,Capital Goods,1
2023-10-30,2119.040283203125,2129.5764445497207,2062.5815332717734,2080.423627167845,65227,2052.9994873046876,2098.330432128906,2111.055183919271,2102.8381774902346,2089.5922509765624,2085.0573282877604,-0.22176087696782293,0.01831863643024404,-0.018223653576281862,0.004972138297753004,-0.026643547259993072,Capital Goods,1
2023-10-31,2131.5146484375,2141.9515561169546,2101.2974127969132,2112.2313160801514,50487,2066.2791748046875,2099.070935058594,2113.497078450521,2106.1059143066404,2091.6915478515625,2086.009899902344,-0.1696619545725664,0.005886799478638908,-0.009046774495068188,0.00489647476131827,-0.014176414721211228,Capital Goods,1
2023-11-01,2127.4892578125,2156.762251436242,2108.752425779132,2133.25421289325,37682,2088.594287109375,2099.185266113281,2114.398299153646,2108.8145446777344,2094.2023779296874,2088.466719563802,-0.186473913324949,-0.0018885118279392543,0.0027097457999283314,0.013759408427679087,-0.008807016046996852,Capital Goods,1
2023-11-02,2136.435302734375,2164.913056476692,2108.8520440946927,2127.489381013397,18130,2119.080029296875,2095.3186645507812,2112.655525716146,2112.015203857422,2098.4924560546874,2091.2068318684896,-0.14911094604186093,0.004204977716819773,-0.004187312253045139,0.01332956523694806,-0.012910879446889512,Capital Goods,1
2023-11-03,2086.78515625,2155.321047834082,2077.7897294769714,2141.206177789126,34903,2120.2529296875,2089.0912963867186,2108.1196044921876,2112.673724365234,2101.180205078125,2092.1461466471355,-0.3564737320435468,-0.02323971450051818,0.02607888089300081,0.03284281152701052,-0.0043106626219220345,Capital Goods,1
2023-11-06,2110.59130859375,2130.3716363762214,2083.008052832901,2097.2219328338197,21371,2118.563134765625,2085.7813110351562,2105.074666341146,2112.9321716308596,2105.9831689453126,2094.420731608073,-0.25704784061069685,0.011408051409820354,-0.006334421877648211,0.009371936528844493,-0.013068970600105145,Capital Goods,1
2023-11-07,2085.64208984375,2119.139545623443,2078.4356534556327,2109.696628976945,9233,2109.388623046875,2087.8338989257813,2102.5101643880207,2112.4699645996093,2106.7624560546874,2094.6410603841146,-0.3612477246975167,-0.01182096157053884,0.01153339743685211,0.016060979946085796,-0.0034552603359941925,Capital Goods,1
2023-11-08,2146.722900390625,2182.506586162405,2087.1829203009293,2096.6258373795936,70804,2113.2353515625,2100.9148193359374,2103.8686279296876,2114.107562255859,2109.6987060546876,2097.374540201823,-0.10614501215613197,0.02928633385580121,-0.0233365298343422,0.0166689821798931,-0.02773528902070299,Capital Goods,1
2023-11-09,2084.449462890625,2146.6236660082036,2072.4718194282636,2146.6236660082036,27600,2102.83818359375,2110.9591064453125,2097.8251708984376,2110.2011901855467,2110.1797998046877,2099.2167439778646,-0.366228705926616,-0.029008605390415554,0.02982763757263651,0.02982763757263651,-0.005746190385326644,Capital Goods,1
2023-11-10,2053.685546875,2087.2822590830187,2039.670172305774,2087.2822590830187,76264,2096.21826171875,2108.235595703125,2091.4669514973957,2105.1442687988283,2109.3826318359374,2100.3532145182294,-0.4947135500816974,-0.01475877279028052,0.016359229025661337,0.016359229025661337,-0.006824498809251733,Capital Goods,1
2023-11-13,2082.36181640625,2087.1330227021244,2047.2243730819764,2064.7184726020055,36871,2090.57236328125,2104.5677490234375,2087.3783284505207,2101.449090576172,2108.4602099609374,2103.4147013346355,-0.3749477172858848,0.013963320516563685,-0.008472756110508017,0.0022912474951679584,-0.01687384154253946,Capital Goods,1
2023-11-15,2109.8955078125,2116.2074495530096,2062.5319200669305,2083.4057370892947,79227,2095.423046875,2102.4058349609377,2090.3636149088543,2100.738385009766,2109.0605810546876,2104.8725545247394,-0.25995383784773535,0.013222337823005118,-0.012555015461722774,0.002991589733774891,-0.02244830967703948,Capital Goods,1
2023-11-16,2081.020263671875,2120.978665030828,2077.441797955217,2106.864037234954,22013,2082.28251953125,2097.758935546875,2094.704052734375,2098.472100830078,2107.7425537109375,2105.1293416341146,-0.38055068388852564,-0.013685627574306896,0.01241879957357006,0.019201351402723832,-0.0017195727399327287,Capital Goods,1
2023-11-17,2103.68310546875,2115.213501701625,2064.1719510079233,2081.0202978037314,31315,2086.129248046875,2094.4837158203127,2102.6824869791667,2094.901190185547,2105.3868017578125,2106.1713745117186,-0.2858998047577989,0.010890255223602362,-0.010772918984852886,0.005481051876540022,-0.018781894648539632,Capital Goods,1
2023-11-20,2112.330810546875,2119.586752217287,2087.97802598135,2103.6828929091894,38585,2097.85830078125,2097.03828125,2104.7764973958333,2093.0647888183594,2103.6870751953124,2107.4619099934894,-0.24978284751810068,0.0041107451286956495,-0.004094016711069348,0.0034350403990621725,-0.011528868699888895,Capital Goods,1
2023-11-21,2110.989013671875,2122.9169092170487,2089.7176970191113,2108.0070397855816,14284,2103.583740234375,2097.0780517578123,2104.23974609375,2091.4296813964843,2101.8760205078124,2107.6474650065106,-0.25538683376889487,-0.0006352209929904936,-0.0014125956444968057,0.005650382577987001,-0.010076469614479056,Capital Goods,1
2023-11-22,2074.857177734375,2114.2690752528874,2061.836038342903,2114.2690752528874,15358,2096.57607421875,2095.999560546875,2100.462581380208,2091.9167297363283,2099.9059228515625,2106.9798299153645,-0.40629068187161316,-0.017116070099603184,0.01899499297660001,0.01899499297660001,-0.006275679854596206,Capital Goods,1
2023-11-23,2081.069580078125,2099.408911868202,2067.551445354071,2077.4416092653682,16148,2096.5859375,2089.434228515625,2097.3679361979166,2095.174523925781,2098.0948681640625,2105.8831176757812,-0.38034471496154953,0.002994134926690996,-0.0017433202846685036,0.008812454886486076,-0.00649576297374288,Capital Goods,1
2023-11-24,2097.66943359375,2105.273369231862,2076.0003768204706,2078.187108933671,29552,2095.383203125,2090.7562255859375,2094.783544921875,2100.857666015625,2094.9975927734376,2103.7195353190104,-0.3110157780710382,0.007976597070340064,-0.00928760478084567,0.00362494467256691,-0.01033006270018233,Capital Goods,1
2023-11-28,2075.90087890625,2117.201261916388,2067.501701777506,2092.1029840462525,21127,2088.097216796875,2092.9777587890626,2094.057926432292,2100.6066772460936,2092.0712744140624,2101.0887654622397,-0.4019316860160554,-0.010377495299726933,0.007804854896799718,0.01989516138742542,-0.004046039584110428,Capital Goods,1
2023-11-29,2066.408203125,2092.2519742563945,2047.5721184697293,2086.288027072226,19449,2079.1810546875,2091.3823974609377,2091.1123860677085,2097.9750732421876,2088.9799560546876,2098.0935262044272,-0.4415776455144871,-0.004572798189791941,0.009620472817114312,0.012506614662249005,-0.009115374506733609,Capital Goods,1
2023-11-30,2081.765625,2092.351534506551,2049.6099117114054,2072.968705564567,40851,2080.562744140625,2088.5694091796877,2090.853955078125,2095.4876220703127,2089.6459326171876,2096.682059733073,-0.37743769807635774,0.007431940045425288,-0.0042257011691376745,0.005085063073106966,-0.015446365768766457,Capital Goods,1
2023-12-01,2096.32763671875,2107.2615409406117,2077.9387978001646,2081.765761347278,178112,2083.61435546875,2090.100146484375,2087.4942708333333,2093.929541015625,2092.862490234375,2095.6814493815104,-0.31661976432183236,0.00699502938461192,-0.006946373799786798,0.005215742057847361,-0.00877192982456132,Capital Goods,1
2023-12-04,2133.204833984375,2141.8027616920954,2074.956846516881,2122.9666750213205,51941,2090.721435546875,2093.0523193359377,2090.74462890625,2093.768017578125,2098.830419921875,2094.2848999023436,-0.16260293040694623,0.017591332871681527,-0.004799426102898741,0.0040305213877005475,-0.02730538884008582,Capital Goods,1
2023-12-05,2209.54296875,2279.0231000938816,2141.2060729044433,2146.2755251566227,225437,2117.449853515625,2102.77353515625,2101.1351236979167,2099.905908203125,2103.9753125,2096.3010375976564,0.1562216738296956,0.035785656187100195,-0.028633724027177232,0.03144547642953888,-0.03092806829831274,Capital Goods,1
2023-12-06,2151.792236328125,2236.4802395302777,2142.051073861221,2226.540327354587,88249,2134.52666015625,2106.853857421875,2105.763818359375,2101.965954589844,2105.285390625,2096.571073404948,-0.08497303790003827,-0.02613695829348193,0.03473759676446009,0.039356961035730054,-0.004526999541334176,Capital Goods,1
2023-12-07,2186.234130859375,2196.671039579118,2161.9310919467057,2180.7174305727794,61093,2155.420361328125,2117.991552734375,2110.853059895833,2106.995556640625,2107.474169921875,2100.6083374023438,0.05887280568521319,0.016006143134907187,-0.0025233803684269196,0.004773920858897274,-0.011116393514136624,Capital Goods,1
2023-12-08,2185.140869140625,2196.522020978998,2174.8529621269145,2192.446559583795,31177,2173.1830078125,2128.398681640625,2117.79443359375,2108.916455078125,2109.780234375,2106.2492431640626,0.05430682125452606,-0.0005000661655210075,0.003343349871097079,0.005208429350758159,-0.0047081207253043544,Capital Goods,1
2023-12-11,2204.523681640625,2214.6125961740204,2168.8889967916125,2191.651300284262,51530,2187.44677734375,2139.0841064453125,2124.517138671875,2114.920166015625,2112.50376953125,2113.599812825521,0.13525872744503803,0.008870280526867313,-0.005839076016086686,0.0045764600386997145,-0.016164346586874934,Capital Goods,1
2023-12-12,2186.33349609375,2214.612498539019,2168.391905548864,2207.654559809318,42834,2182.8048828125,2150.1273681640623,2129.450651041667,2121.5525634765627,2116.485703125,2117.11357421875,0.05928780248362535,-0.00825129967909336,0.00975197231056546,0.012934441381332817,-0.008206246017335217,Capital Goods,1
2023-12-13,2154.97314453125,2197.267523001316,2137.081301080345,2197.267523001316,40664,2183.441064453125,2158.9838623046876,2132.3829264322917,2125.1831298828124,2118.2609765625,2118.3113362630206,-0.07168804211008235,-0.0143438096788667,0.019626406286035625,0.019626406286035625,-0.008302583025830201,Capital Goods,1
2023-12-14,2147.26953125,2178.92824865058,2132.558412671296,2165.7578649963443,147264,2175.64814453125,2165.5342529296877,2137.210416666667,2127.0518310546877,2120.72607421875,2118.8364990234377,-0.10386201994078839,-0.0035748070925151554,0.008610159776067716,0.014743709133780758,-0.006851081508216672,Capital Goods,1
2023-12-15,2182.307861328125,2192.4962719765485,2162.9250313140515,2186.7808221006035,58402,2175.08154296875,2174.132275390625,2143.9596354166665,2132.1162109375,2122.14947265625,2120.663785807292,0.042474824083089384,0.016317620852063213,0.00204964700523802,0.0046686404008200455,-0.008881803689364642,Capital Goods,1
2023-12-18,2176.492919921875,2211.630608912714,2156.961088242961,2156.961088242961,51514,2169.475390625,2178.461083984375,2149.214534505208,2135.756701660156,2125.8312109375,2121.9990397135416,0.018188844366674457,-0.0026645834482358966,-0.00897399274775268,0.016144177942972515,-0.00897399274775268,Capital Goods,1
2023-12-19,2159.943115234375,2186.780880587034,2147.021228212724,2177.834958802814,17500,2164.197314453125,2173.5010986328125,2154.817350260417,2138.137316894531,2130.081513671875,2124.437638346354,-0.050931064652400826,-0.007603886296167714,0.008283479061205634,0.012425218591808562,-0.005982512655315353,Capital Goods,1
2023-12-20,2147.219970703125,2186.7808732169633,2103.285603512316,2159.9431079547553,1261600,2162.6466796875,2173.0438720703123,2160.204801432292,2139.948864746094,2132.67583984375,2125.65859375,-0.1040690085159178,-0.005890499819885032,0.005925400017336768,0.018424242999604656,-0.020461046278561934,Capital Goods,1
2023-12-21,2167.1494140625,2170.429633708985,2108.255432737788,2108.255432737788,29522,2166.62265625,2171.135400390625,2165.8970540364585,2144.5634765625,2134.96599609375,2128.3755045572916,-0.02083411011006228,0.009281509873834182,-0.027175782593739317,0.0015136102869510726,-0.027175782593739317,Capital Goods,1
2023-12-22,2187.67529296875,2191.651258055829,2150.599612670656,2150.599612670656,78912,2167.696142578125,2171.3888427734373,2171.9868977864585,2149.893762207031,2139.232197265625,2129.740584309896,0.06489178873441956,0.00947137228889657,-0.01694752435028013,0.0018174384013285305,-0.01694752435028013,Capital Goods,1
2023-12-26,2193.589599609375,2211.6304430076007,2174.8527682250024,2211.6304430076007,82469,2171.115478515625,2170.2954345703124,2176.012548828125,2154.6897705078127,2142.82845703125,2133.3785888671873,0.08959276524924664,0.002703466396331187,0.008224347617912908,0.008224347617912908,-0.008541630297531189,Capital Goods,1
2023-12-27,2242.19580078125,2250.296732538729,2191.5519942567735,2207.058112419485,72049,2187.566015625,2175.8816650390627,2178.189404296875,2163.0045166015625,2148.023056640625,2139.6622639973957,0.29259553574722147,0.022158293046489,-0.01567110613155276,0.0036129457358970996,-0.022586701173390233,Capital Goods,1
2023-12-28,2245.6748046875,2274.2520540555493,2189.7627950543597,2242.1958351992157,89806,2207.256982421875,2184.9518310546873,2184.4482421875,2171.9678466796877,2153.41048828125,2145.1060302734377,0.3071255219324139,0.0015516057540727747,-0.0015491866769945517,0.01272546198959823,-0.024897643023127247,Capital Goods,1
2023-12-29,2315.105224609375,2350.789415066718,2243.48810319703,2245.6748355135232,122172,2236.84814453125,2201.735400390625,2193.0396484375,2183.6348266601562,2163.02041015625,2151.946354166667,0.5971002013182604,0.030917397201478014,-0.02999016561226353,0.01541363652849248,-0.03093471547256732,Capital Goods,1
2024-01-01,2345.421875,2376.384605690558,2292.6408420057605,2335.481962396463,68098,2268.3974609375,2218.0468017578123,2203.725048828125,2196.0895385742188,2173.594501953125,2160.7597412109376,0.7237170500564103,0.013095150090095924,-0.004238006266372385,0.013201348132970026,-0.022503854661217182,Capital Goods,1
2024-01-02,2321.963623046875,2355.6598302673497,2302.5310450470047,2345.4714196782097,24818,2294.072265625,2232.5938720703125,2211.554378255208,2205.527478027344,2182.56626953125,2168.0357584635417,0.6257441572420797,-0.010001719606680568,0.010124102030714788,0.01451194449646831,-0.008369027751765956,Capital Goods,1
2024-01-03,2328.424560546875,2336.2274891212633,2280.91172909042,2336.2274891212633,31581,2311.318017578125,2249.4420166015625,2221.0271158854166,2211.4715576171875,2192.667216796875,2175.2388834635417,0.6527281259722503,0.0027825317485042998,0.0033511622865529667,0.0033511622865529667,-0.020405570470917733,Capital Goods,1
2024-01-04,2331.75439453125,2353.0257095152865,2301.1394164989747,2328.424426883328,24415,2328.533935546875,2267.895458984375,2232.812532552083,2220.4696655273438,2203.281064453125,2182.5977294921877,0.6666351071357478,0.001430080252886924,-0.001428095367047133,0.00912245090388808,-0.013129589507401729,Capital Goods,1
2024-01-05,2317.1923828125,2351.584577567535,2286.179903954456,2331.754500413616,32517,2328.9513671875,2282.899755859375,2244.14072265625,2227.017578125,2212.698134765625,2190.675569661458,0.6058171733812224,-0.0062450881417454715,0.006284380058008354,0.014842183588265945,-0.013383644400039918,Capital Goods,1
2024-01-08,2265.902587890625,2311.2781921310384,2259.3421484631117,2311.2781921310384,14620,2313.047509765625,2290.7224853515627,2249.7137044270835,2231.0556640625,2219.4811328125,2196.836669921875,0.3916064303816592,-0.02213445689805947,0.020025399363109653,0.020025399363109653,-0.002895287494958265,Capital Goods,1
2024-01-09,2299.94677734375,2312.4211735358567,2245.426259584512,2279.8679597238192,19677,2308.644140625,2301.358203125,2257.9439615885417,2235.8268188476563,2226.150810546875,2203.579248046875,0.5337912671251087,0.015024560029660159,-0.008730122721848477,0.005423776026032057,-0.023705121482073932,Capital Goods,1
2024-01-10,2325.691162109375,2374.6452340118803,2286.229755729803,2286.229755729803,38807,2308.0974609375,2309.7077392578126,2268.993831380208,2242.7947021484374,2230.79673828125,2211.9055908203127,0.6413121452473791,0.01119346978774772,-0.01696760387728391,0.021049257399294863,-0.01696760387728391,Capital Goods,1
2024-01-11,2312.968017578125,2334.7860781781737,2289.7087181212164,2317.9379741008543,15783,2304.340185546875,2316.437060546875,2280.043701171875,2250.694445800781,2237.24376953125,2220.1242513020834,0.5881742013838621,-0.005470693933286592,0.0021487355142650877,0.009432927923877621,-0.010056040239269315,Capital Goods,1
2024-01-12,2317.937744140625,2364.7050789144973,2305.06560655852,2316.397009236702,27079,2304.4892578125,2316.7203125,2290.096256510417,2259.2278564453127,2242.5119140625,2227.9966552734377,0.6089301591933903,0.0021486360921253583,-0.0006647007271086691,0.020176268707860157,-0.005553271486537503,Capital Goods,1
2024-01-15,2286.97509765625,2332.2016991579144,2267.3935187276206,2332.2016991579144,23728,2308.703759765625,2310.875634765625,2296.716243489583,2264.461218261719,2246.585283203125,2234.351570638021,0.4796153214414846,-0.013357842143363689,0.019775729761121408,0.019775729761121408,-0.00856221781719313,Capital Goods,1
2024-01-16,2262.32421875,2297.41216048415,2246.420357809754,2282.253793025478,33228,2301.179248046875,2304.9116943359377,2301.298551432292,2268.752783203125,2248.8973046875,2238.655550130208,0.3766614473980546,-0.010778813871437799,0.008809336040476845,0.015509687534325689,-0.007029876977152849,Capital Goods,1
2024-01-17,2256.310302734375,2275.5441297525317,2236.5797227839444,2247.513626113956,15243,2287.303076171875,2297.7002685546877,2302.2395182291666,2273.571142578125,2251.696376953125,2240.214461263021,0.35154445443666205,-0.002658290958379018,-0.0038986998418428787,0.008524460042064197,-0.008744621662419183,Capital Goods,1
2024-01-18,2261.031982421875,2270.2761501318373,2201.4920000723823,2253.6765438035213,19597,2276.915869140625,2290.62802734375,2303.263330078125,2279.2617431640624,2255.93873046875,2243.8557861328127,0.37126444972238987,0.0020926552884937394,-0.0032531333813664576,0.004088472777842078,-0.026333100465795845,Capital Goods,1
2024-01-19,2281.2099609375,2291.1498736213234,2247.1160118972552,2251.4897190823276,15181,2269.5703125,2287.02978515625,2301.0036458333334,2284.9647705078123,2261.29634765625,2247.0216471354165,0.45553734994835243,0.008924234010176018,-0.013028279888344207,0.004357298474945592,-0.014945555044934666,Capital Goods,1
2024-01-23,2239.064697265625,2269.2321848923566,2196.2733271298835,2268.0394439747906,22231,2259.988232421875,2284.34599609375,2293.9131673177085,2287.5342407226562,2263.56662109375,2248.8191080729166,0.2795185481805483,-0.018474960391000012,0.012940558057366491,0.013473254106311616,-0.019111270070935826,Capital Goods,1
2024-01-24,2279.917724609375,2296.1198308248167,2203.231395294361,2236.4803546994967,23263,2263.50693359375,2282.3430908203127,2291.110107421875,2291.8506469726562,2267.70361328125,2251.332242838542,0.45014035227268767,0.018245577000807638,-0.019052165541333488,0.0071064433775642755,-0.033635568725688514,Capital Goods,1
2024-01-25,2365.997314453125,2453.269790811082,2244.4321415131467,2279.9673271017627,297500,2285.4443359375,2286.3737060546873,2293.614957682292,2298.04072265625,2275.94578125,2257.321036783854,0.8096499374760215,0.037755568507849675,-0.036360982671380215,0.03688612655003354,-0.05138009760086171,Capital Goods,1
2024-01-29,2397.556640625,2435.2785599888743,2365.699172560621,2373.849852267487,55922,2312.749267578125,2294.832568359375,2298.001774088542,2305.634814453125,2285.959248046875,2265.4071533203123,0.9414567953147069,0.01333869906744573,-0.00988789501604137,0.015733484133263698,-0.013287472556258173,Capital Goods,1
2024-01-30,2329.120361328125,2427.873493870392,2311.5765119849557,2407.397176058707,50560,2322.33134765625,2295.950830078125,2298.79697265625,2306.3355712890625,2292.4380859375,2271.46884765625,0.6556341232092888,-0.028544176240622575,0.03360788735106257,0.04239932559172477,-0.007532392758425432,Capital Goods,1
2024-01-31,2354.318115234375,2369.128488365595,2316.9936938113487,2333.891545718167,126011,2345.38203125,2302.6851318359377,2304.691341145833,2306.780383300781,2299.103798828125,2277.2025227864583,0.7608720091162157,0.010818570961219706,-0.008676214732423526,0.006290727253630113,-0.015853601593389888,Capital Goods,1
2024-02-01,2315.204345703125,2358.244214893228,2311.5763747496694,2335.8794120122598,14876,2352.43935546875,2307.97314453125,2305.7085123697916,2306.442419433594,2303.968388671875,2281.826236979167,0.5975141784685192,-0.016613629771674326,0.008930125907679054,0.018590095198284473,-0.001567019757970356,Capital Goods,1
2024-02-02,2279.172119140625,2434.2844975411317,2263.4175039093534,2315.2043008620894,34350,2335.07431640625,2310.259326171875,2302.607242838542,2303.9797973632812,2305.44744140625,2285.800537109375,0.4470263468123664,-0.015563302923724018,0.015809328930827204,0.06805645659573645,-0.006912428903005363,Capital Goods,1
2024-02-05,2235.73486328125,2300.8412914439364,2223.5584702279234,2289.1121459272263,27205,2302.7099609375,2307.7296142578125,2297.4583658854167,2299.178820800781,2305.04984375,2288.7510335286456,0.2656115670170508,-0.01905834820222058,0.023874603166333275,0.029120818050461406,-0.005446259864399172,Capital Goods,1
2024-02-06,2256.409912109375,2261.330120319957,2233.2498671775224,2251.1914579855597,27019,2288.16787109375,2305.249609375,2293.356510416667,2296.139697265625,2302.70203125,2291.726383463542,0.35196047088322757,0.009247540559340524,-0.0023127243395846264,0.002180547153324053,-0.010264112388250313,Capital Goods,1
2024-02-07,2252.83154296875,2290.1559649778383,2224.6520350976316,2270.276138892961,43854,2267.870556640625,2306.6262939453127,2291.0802734375,2295.4861450195312,2298.99841796875,2293.898258463542,0.337015487899623,-0.0015858683838522092,0.007743408946246699,0.016567782054357494,-0.012508484249107998,Capital Goods,1
2024-02-08,2166.00634765625,2256.360051779187,2133.1548895570727,2256.360051779187,61861,2238.03095703125,2295.23515625,2284.65908203125,2288.7891235351562,2292.760126953125,2292.9788167317706,-0.025608102764032165,-0.038540473913146196,0.04171442259193059,0.04171442259193059,-0.01516683371437233,Capital Goods,1
2024-02-09,2204.672607421875,2211.431796502352,2152.388570248543,2186.780764800778,22410,2223.1310546875,2279.102685546875,2281.2165690104166,2282.7381958007813,2287.810048828125,2291.7280436197916,0.13588071281857958,0.0178514064870882,-0.008115419296663595,0.0030658470821121053,-0.023715102640329166,Capital Goods,1
2024-02-12,2228.180419921875,2257.6026584063384,2187.8245202068356,2226.5404314057005,24302,2221.620166015625,2262.1650634765624,2279.02646484375,2278.498815917969,2283.66708984375,2291.1448974609375,0.23406059420803968,0.010662722628685369,-0.0007360214197699166,0.01320460328140527,-0.01811159426508846,Capital Goods,1
2024-02-13,2186.73095703125,2229.0253323856023,2156.016725105961,2228.1803427709833,26851,2207.684375,2247.926123046875,2272.7278645833335,2271.9384765625,2278.4486328125,2286.865755208333,0.060947789677274,-0.018602381799979334,0.01895495447506068,0.019341371291405673,-0.014045729689118769,Capital Goods,1
2024-02-14,2181.562255859375,2196.720622143396,2125.550752881421,2137.0811482390504,176180,2193.430517578125,2230.650537109375,2268.8943684895835,2266.667834472656,2275.07501953125,2281.403767903646,0.03936081862276815,-0.0023636657976855704,-0.020389566009796134,0.006948399589930432,-0.02567495052112989,Capital Goods,1
2024-02-15,2162.378173828125,2194.4343910113294,2147.070805948082,2175.200806305591,149398,2192.7048828125,2215.367919921875,2261.0583984375,2261.6705322265625,2269.572275390625,2276.0842529296874,-0.04076109397091949,-0.008793735764232355,0.00592987509431131,0.014824519397758307,-0.007078950419178387,Capital Goods,1
2024-02-16,2175.797119140625,2221.2224711690715,2162.9249808636887,2175.9463634337517,42892,2186.92978515625,2205.030419921875,2248.378385416667,2257.644873046875,2263.576513671875,2270.9966715494793,0.015282847129635974,0.006205642229889893,6.85929270765051e-05,0.020877567871028457,-0.005916056310443341,Capital Goods,1
2024-02-19,2163.77001953125,2189.2160507490817,2137.5782521781825,2175.797168440593,39569,2174.047705078125,2197.833935546875,2232.7926106770833,2252.781774902344,2257.60859375,2265.3971923828126,-0.03494807984868918,-0.005527675123554418,0.00555842293810338,0.011760044269096603,-0.01210469094064881,Capital Goods,1
2024-02-20,2136.087158203125,2180.02152213586,2127.58848463227,2164.9129039396958,26088,2163.9189453125,2185.80166015625,2219.92373046875,2245.525634765625,2250.3345703125,2259.3603515625,-0.1505649643085335,-0.01279380945213489,0.013494648673801679,0.02056768318840163,-0.0039786174165308275,Capital Goods,1
2024-02-21,2147.12060546875,2174.5546184830614,2127.191032285437,2137.081196730928,128500,2157.030615234375,2175.23056640625,2206.110563151042,2240.928430175781,2244.740390625,2255.4009521484377,-0.10448400531432997,0.005165260800924588,-0.0046757544556425,0.012777117850034436,-0.009281999871154079,Capital Goods,1
2024-02-22,2119.040283203125,2152.4382426504662,2102.291434046819,2147.1205352181714,11258,2148.363037109375,2170.5339599609374,2193.032958984375,2232.884558105469,2239.009033203125,2249.3707356770833,-0.22176087696782293,-0.013078129935553679,0.013251400757988696,0.015760889357354424,-0.0079039786497066,Capital Goods,1
2024-02-23,2131.017822265625,2140.013491944058,2102.2915711524365,2132.061561651283,75352,2139.407177734375,2163.1684814453124,2183.156005859375,2221.1355834960937,2233.997333984375,2242.881624348958,-0.17173693856462718,0.005652341372385259,0.0004897844470150847,0.004221301945222189,-0.013480061411522026,Capital Goods,1
2024-02-26,2152.636962890625,2171.1750445270623,2131.017654113061,2136.683598138503,19935,2137.18056640625,2155.6141357421875,2177.616145833333,2208.889599609375,2229.661533203125,2237.537255859375,-0.08144505528945822,0.010144983490572253,-0.007411080004265713,0.008611801226131366,-0.010043174557651913,Capital Goods,1
2024-02-27,2161.43408203125,2182.804894983042,2141.0572603795413,2159.9430950811247,64108,2142.249951171875,2153.0844482421876,2171.284423828125,2200.5052856445313,2224.870498046875,2232.3204671223957,-0.0447040733799117,0.00408667104220489,-0.0006898137502875379,0.009887330420786267,-0.009427454587261463,Capital Goods,1
2024-02-28,2106.118408203125,2185.7867079703324,2102.291444910074,2185.7867079703324,14424,2134.04951171875,2145.5400634765624,2161.5035481770833,2188.0953002929687,2219.552646484375,2226.2919108072915,-0.27572881442816427,-0.02559211695974601,0.03782707537093222,0.03782707537093222,-0.0018170693908496904,Capital Goods,1
2024-02-29,2076.05029296875,2111.6349867993736,2050.802768749293,2110.243496071143,80380,2125.451513671875,2136.907275390625,2155.5064778645833,2176.13759765625,2211.39794921875,2220.0827799479166,-0.40130766134620716,-0.014276554973007517,0.016470315395633595,0.01714057407527325,-0.012161325910536092,Capital Goods,1
2024-03-01,2097.470458984375,2110.839834925015,2069.4897034353353,2076.447641919508,14455,2118.742041015625,2129.074609375,2148.35966796875,2167.0525146484374,2200.656875,2214.788118489583,-0.31184679131601584,0.010317749087376002,-0.010022938332607811,0.006374047311786146,-0.013340238204159638,Capital Goods,1
2024-03-04,2068.247314453125,2106.1679839564817,2049.5104821307805,2096.6755615614447,121283,2101.864111328125,2119.5223388671875,2137.6974609375,2158.6781372070313,2187.484501953125,2208.361962890625,-0.43389663597532535,-0.013932565489098837,0.013745090787576686,0.01833468813829131,-0.009059280382674562,Capital Goods,1
2024-03-05,2067.0048828125,2081.2190067616184,2022.871645370393,2067.50187845636,103866,2082.978271484375,2112.614111328125,2129.71572265625,2149.2078857421875,2176.9998828125,2201.2217936197917,-0.4390856254277074,-0.0006007171540573315,0.00024044241404186373,0.006876676522301173,-0.021351298107267436,Capital Goods,1
2024-03-06,2021.7781982421875,2066.507804397988,2012.8322770110274,2066.507804397988,49204,2066.1102294921875,2100.079870605469,2119.0634521484376,2137.6552185058595,2163.6982861328124,2193.9789103190105,-0.6279739163629786,-0.02188029885482136,0.022123893805309658,0.022123893805309658,-0.004424778761061954,Capital Goods,1
2024-03-07,2026.201416015625,2057.5618885031436,2012.832282231336,2031.9168657059115,128036,2056.1404541015627,2090.7959838867187,2109.985001627604,2130.664971923828,2152.1381689453124,2185.521700032552,-0.6095004409447173,0.002187785869529713,0.00282077075117515,0.015477470423047368,-0.006598126760062439,Capital Goods,1
2024-03-11,1997.1768798828125,2027.7421102206981,1990.0201915579382,2026.2013752786945,23758,2036.08173828125,2077.4118896484374,2098.0769856770835,2120.290185546875,2140.858359375,2173.227685546875,-0.7307208018312792,-0.014324605591228487,0.01453276156370542,0.015304217991787938,-0.0035834023500683765,Capital Goods,1
2024-03-12,1934.5057373046875,1995.6361996565138,1899.6166684249124,1982.0185679600233,153043,2009.3334228515625,2055.598767089844,2082.7927001953126,2105.6064514160157,2128.8091943359377,2157.792655436198,-0.9924655024435652,-0.031379865854346524,0.024560708060517022,0.0316000418985567,-0.01803513331957618,Capital Goods,1
2024-03-13,1897.0323486328125,1952.5467370828394,1888.5834227939972,1918.4031610486393,42175,1975.338916015625,2029.15859375,2066.855712890625,2091.1215209960938,2114.434091796875,2143.3897216796877,-1.1489723171489243,-0.01937104033823441,0.011265391668849878,0.029263806961455252,-0.004453759496987231,Capital Goods,1
2024-03-14,1887.0924072265625,1927.050807346301,1867.7593257530978,1908.9602149479133,60286,1948.4017578125,2007.2559936523437,2049.520499674479,2076.398028564453,2099.8045263671875,2127.8155314127603,-1.1904862720642875,-0.005239732160294312,0.011588095865156633,0.021174585816104763,-0.010244904488741158,Capital Goods,1
2024-03-15,1883.6632080078125,1917.110917231732,1865.0754984245525,1887.5894249963767,86197,1919.8941162109375,1988.01728515625,2033.8286946614583,2062.4622802734375,2088.51080078125,2113.4308268229165,-1.204808250026197,-0.00181718669717391,0.002084351901058046,0.01775673543005296,-0.009867851909109882,Capital Goods,1
2024-03-18,1891.9132080078125,1926.0567829358943,1875.1147317345374,1880.631431667657,64113,1898.8413818359375,1967.4615600585937,2017.8883870442708,2048.2680847167967,2076.0004248046876,2100.5221964518228,-1.1703522996283007,0.004379763837254809,-0.005963157449508705,0.01804711483780741,-0.008879094560032108,Capital Goods,1
2024-03-19,1921.0867919921875,1962.1386781187616,1863.9322965555975,1889.080323082425,43949,1896.1575927734375,1952.7455078125,2002.451708984375,2036.1339233398437,2063.7166796875,2090.033927408854,-1.0485094435441207,0.015420149222962944,-0.01666060536316094,0.021369094981910086,-0.029751126120293736,Capital Goods,1
2024-03-20,1901.107666015625,1911.0475786491238,1883.6134440480319,1907.5686092273993,22545,1896.97265625,1936.1557861328124,1985.0966145833333,2024.3849487304688,2052.291748046875,2078.1905192057293,-1.1319518403491824,-0.010399908041553881,0.003398515153702597,0.005228484851850013,-0.009202120574400618,Capital Goods,1
2024-03-21,1935.4500732421875,1950.1610708377666,1898.5232742941798,1904.4872217526954,26864,1906.644189453125,1927.5229736328124,1973.7187255859376,2013.8014221191406,2042.4472607421876,2067.6111368815104,-0.9885215033864196,0.018064419938160537,-0.01599775262485814,0.007600814817680046,-0.019079179286784376,Capital Goods,1
2024-03-22,1968.7984619140625,1978.0426292689945,1928.3430657195222,1928.3430657195222,34137,1923.671240234375,1921.7826782226562,1966.568603515625,2006.2893310546874,2034.704072265625,2061.0375406901044,-0.8492426638800087,0.017230301692056117,-0.0205482668628304,0.004695334506684246,-0.0205482668628304,Capital Goods,1
2024-03-26,1924.0191650390625,1976.1539569628237,1913.4828821784956,1920.3910727512314,34565,1930.092431640625,1914.4669067382813,1955.0051839192708,1995.9393981933595,2024.6329541015625,2051.6824259440104,-1.0362624495742718,-0.022744479814081956,-0.0018856840689305265,0.0270968152870259,-0.005476183944536195,Capital Goods,1
2024-03-27,1918.80078125,1955.4293354610902,1884.1602095886226,1927.3490819463993,41146,1929.6352294921876,1912.8964111328125,1945.042081705729,1984.2475891113281,2014.8341845703126,2041.3697713216145,-1.0580569190279838,-0.0027122306699874027,0.004455022522364516,0.019089295026880615,-0.018053240336295295,Capital Goods,1
2024-03-28,1889.527587890625,1927.2992547856845,1877.450691466003,1918.4030817753921,48771,1927.3192138671875,1912.1459350585938,1933.2102620442708,1970.6522644042968,2004.9718017578125,2031.4629923502605,-1.1803157915587295,-0.015255983656784327,0.015281858846529106,0.019990005510967856,-0.006391489863402322,Capital Goods,1
2024-04-01,1937.0902099609375,1946.1851328920175,1898.8711733314433,1907.4692219709018,46603,1927.6472412109374,1917.1457153320312,1927.5643961588542,1962.2008544921875,1996.5705859375,2023.3139241536458,-0.9816715070922356,0.025171700257316198,-0.015291486084498374,0.0046951468157301335,-0.019730127400863218,Capital Goods,1
2024-04-02,2008.7569580078125,2017.7525060926257,1932.3687540808314,1942.258918565409,82673,1935.6389404296874,1929.6550903320312,1926.4014322916667,1958.8361877441407,1992.1592529296875,2018.1932169596355,-0.6823568506217321,0.03699711437203547,-0.03310407422725392,0.0044781664844784075,-0.03802759892005014,Capital Goods,1
2024-04-03,2023.4678955078125,2035.6442880580512,1985.9944747246627,2012.8322378966175,39652,1955.5286865234375,1942.8105590820312,1928.1541666666667,1955.1360595703125,1987.857255859375,2013.115576171875,-0.6209169314936652,0.007323403382054538,-0.005256153376491213,0.006017586232660577,-0.018519404664804617,Capital Goods,1
2024-04-04,2025.0086669921875,2053.188415900756,1999.910388017318,2031.0719893286528,26455,1976.770263671875,1953.2027465820313,1934.1876953125,1952.9741271972657,1982.7521240234375,2008.4901977539062,-0.6144819319978934,0.0007614509169112988,0.002994220437323447,0.013915865827095253,-0.012394158792489951,Capital Goods,1
2024-04-05,2055.325439453125,2067.501832456777,1964.2758637911434,2025.0087058521963,141250,2009.929833984375,1968.6245239257812,1944.740568033854,1952.390155029297,1978.5077783203126,2005.7981404622396,-0.48786457343566664,0.014971181583122805,-0.014750332487002749,0.005924313867730735,-0.04429934739980046,Capital Goods,1
2024-04-08,2056.66748046875,2071.4778536581684,2031.7679500558343,2055.325495154356,29223,2033.8452880859375,1980.7462646484375,1956.0455729166667,1954.134619140625,1976.5297412109376,2002.7830362955729,-0.4822595675367191,0.0006529579159892491,-0.0006525047569130304,0.0072011510514295995,-0.012106736090970238,Capital Goods,1
2024-04-09,2059.698974609375,2074.4100943797057,2039.6701469898296,2057.561990384477,218020,2044.03369140625,1989.8363159179687,1967.7812906901042,1955.8094970703125,1975.8756884765626,2000.8049926757812,-0.46959859641661145,0.001473983601828561,-0.0010375225949234013,0.00714236398215462,-0.009724152833228361,Capital Goods,1
2024-04-10,2060.34521484375,2081.3182856661865,2037.4834149474225,2070.036630017193,37316,2051.4091552734376,2003.4689208984375,1979.0100911458333,1958.9679138183594,1974.3906787109374,1998.449239095052,-0.46689958775470236,0.0003137547002457291,0.004703782212622132,0.01017939647751076,-0.011096101629775368,Capital Goods,1
2024-04-12,2058.357177734375,2083.8529568306335,2040.167088894278,2059.5499187278656,56670,2058.078857421875,2017.424560546875,1988.1614501953125,1965.1604858398437,1973.9950732421876,1995.3065795898438,-0.47520258266740567,-0.0009649048591722365,0.0005794625958956967,0.012386469837232905,-0.008837187751893794,Capital Goods,1
2024-04-15,2124.308349609375,2138.273975513891,2022.8219863555491,2044.6400462383847,81562,2071.875439453125,2040.90263671875,2003.0414957682292,1976.5242858886718,1976.2872119140625,1994.0690551757812,-0.19975890911490493,0.032040683992266186,-0.037503172920089534,0.006574199036163408,-0.04777383814006453,Capital Goods,1
2024-04-16,2064.917236328125,2123.2647143172485,2058.5557896728533,2102.2914027803404,28303,2073.525390625,2053.685339355469,2011.6726399739584,1985.41552734375,1978.0127734375,1992.695682779948,-0.4478046367869762,-0.027957858986041757,0.018099595371035226,0.028256569785275243,-0.003080727180418963,Capital Goods,1
2024-04-18,2022.1260986328125,2077.590738224274,2000.4074138356757,2077.590738224274,57251,2066.0108154296877,2055.022253417969,2015.2278157552084,1992.338671875,1977.8497607421875,1990.8982096354166,-0.6265209177444594,-0.02072293113858864,0.027428872822996553,0.027428872822996553,-0.010740519501638013,Capital Goods,1
2024-04-19,2029.034423828125,2051.0512333440515,1999.6121852269528,2022.1261117136855,77486,2059.7486572265625,2055.57890625,2022.2288330078125,1999.1947326660156,1979.1240625,1988.6170084635417,-0.5976684437732807,0.0034163671592900733,-0.003404728886465036,0.010850880230207194,-0.014500610859850327,Capital Goods,1
2024-04-22,2036.0421142578125,2050.554241190518,2027.742190086772,2032.712146435024,10853,2055.28564453125,2056.6822509765625,2030.044921875,2004.9424987792968,1983.185517578125,1987.5435017903646,-0.5684009730036897,0.003453707018171864,-0.0016355102870759808,0.0071276162860685055,-0.004076499259479172,Capital Goods,1
2024-04-23,2050.10693359375,2061.5378328598485,2032.8114617411586,2048.5164505394446,11246,2040.445361328125,2056.160400390625,2040.7502115885416,2012.3924621582032,1989.3085009765625,1986.9802368164062,-0.5096595527134553,0.006907921617851443,-0.0007758049242423404,0.005575757575757567,-0.008436375473484747,Capital Goods,1
2024-04-24,2090.413330078125,2108.006926527262,2057.5618709944274,2062.6808288214056,18456,2045.544580078125,2059.5349853515627,2050.9717529296877,2020.140625,1997.441337890625,1989.2680745442708,-0.3413207408366595,0.019660631269472175,-0.01326651569700954,0.00841632427232919,-0.015715293531193608,Capital Goods,1
2024-04-25,2084.548583984375,2100.8999336454626,2065.2652514410483,2090.4132777697637,17571,2058.0290771484374,2062.0199462890623,2056.0245279947917,2025.9281311035156,2005.4767529296876,1991.212980143229,-0.3658147287763572,-0.0028055437694376054,0.0028134118966798294,0.007844072230657195,-0.009250603555839731,Capital Goods,1
2024-04-26,2077.044189453125,2118.046328049424,2067.6012726854924,2088.325844408164,21539,2067.6310302734373,2063.68984375,2059.5962809244793,2033.5793823242188,2012.8819921875,1993.875223795573,-0.3971566737139322,-0.003600009416382233,0.005431591206545017,0.019740619291828798,-0.004546324442966654,Capital Goods,1
2024-04-29,2053.933837890625,2103.73265200534,2040.2664587262575,2077.044133568556,23631,2071.209375,2063.247509765625,2061.524625651042,2040.33603515625,2018.1958740234375,1997.8561604817708,-0.4936765679097436,-0.011126557480023974,0.01125172352273296,0.024245578506977505,-0.006654245094089184,Capital Goods,1
2024-04-30,2113.871337890625,2122.171261674357,2058.8043211911063,2066.7065028813486,43092,2083.962255859375,2062.20380859375,2065.427685546875,2051.55322265625,2026.7064208984375,2005.0841267903645,-0.24334886767048214,0.029181806587088206,-0.0223120651497839,0.003926409159799915,-0.026050316172255172,Capital Goods,1
2024-05-02,2111.6845703125,2140.063067795467,2093.892224783933,2137.0810941756868,19487,2088.21650390625,2066.8805419921873,2069.095491536458,2060.2829406738283,2033.75580078125,2012.5705322265626,-0.25248185618000973,-0.001034484710080376,0.01202666545005271,0.013438795680913218,-0.00842566440968684,Capital Goods,1
2024-05-03,2102.29150390625,2111.6846727293996,2072.4717662621897,2111.5854192081074,16060,2091.765087890625,2074.897082519531,2071.934993489583,2064.95966796875,2039.0955224609374,2019.8581420898438,-0.2917117992318759,-0.0044481389589639125,0.004420849955673711,0.004468062019798991,-0.014184397163120588,Capital Goods,1
2024-05-06,2184.04736328125,2246.420316766697,2077.2430476405025,2109.1500224647216,349348,2113.16572265625,2090.3983764648438,2080.1818033854165,2072.988641357422,2049.496650390625,2029.595947265625,0.04973981717568558,0.0388889263087874,-0.03429291052736361,0.028558425304357593,-0.048902014414324735,Capital Goods,1
2024-05-07,2155.718505859375,2203.7780794744463,2131.6639663402493,2186.7807321685877,57984,2133.52265625,2102.366015625,2086.67255859375,2079.524133300781,2058.973359375,2037.4170043945312,-0.06857505629791447,-0.012970807271924057,0.014409221902017322,0.022293993155619418,-0.011158478926512894,Capital Goods,1
2024-05-08,2146.424560546875,2169.3858549817737,2128.2347152144616,2155.7184755975813,19483,2140.03330078125,2111.9977783203126,2088.14697265625,2084.0790893554686,2069.24923828125,2045.5942342122396,-0.10739102219952179,-0.004311298199295727,0.004329951875102767,0.010697461656443474,-0.008474486206856868,Capital Goods,1
2024-05-09,2147.56787109375,2226.192434366661,2136.981718542139,2146.027136101884,52374,2147.2099609375,2117.713232421875,2093.657014973958,2088.6241088867187,2077.6683447265623,2052.664827473958,-0.10261600989739857,0.0005326581552829896,-0.0007174325024155159,0.036610979485769635,-0.00492936809779132,Capital Goods,1
2024-05-10,2150.79833984375,2161.93099343614,2114.418162608883,2154.8735584110964,29268,2156.911328125,2124.3382080078127,2102.2351643880206,2093.1790771484375,2083.35,2058.7314900716146,-0.08912402553231324,0.0015042452410850846,0.0018947469373824521,0.005176056437349974,-0.01691473187463499,Capital Goods,1
2024-05-13,2217.843017578125,2228.727173432182,2043.298053780724,2164.01848746468,78918,2163.670458984375,2138.4180908203125,2114.822403971354,2101.0539672851564,2091.1250048828124,2068.5256184895834,0.19088665209902797,0.031171996226873423,-0.024268863795518292,0.0049075411414567505,-0.07870032387955184,Capital Goods,1
2024-05-14,2236.579833984375,2257.8511499054407,2216.550764466211,2219.582486347721,29529,2179.842724609375,2156.6826904296877,2128.191585286458,2109.9651000976564,2099.5878515625,2079.1182535807293,0.2691405692757842,0.00844821579243716,-0.007599705308249161,0.009510644600229545,-0.00895522226116241,Capital Goods,1
2024-05-15,2269.083251953125,2276.2399403487507,2216.6004659291325,2251.1416615304947,48010,2204.374462890625,2172.2038818359374,2142.790006510417,2117.2038452148436,2108.1381640625,2091.7701090494793,0.4048904065234618,0.014532643760292919,-0.007906977589820396,0.00315399992021681,-0.02312951099472338,Capital Goods,1
2024-05-16,2344.67626953125,2356.7531656980805,2261.131259555391,2274.2518950304548,80429,2243.796142578125,2195.5030517578125,2159.740869140625,2131.191796875,2119.658515625,2105.356311035156,0.7206030445960891,0.033314342923759156,-0.030035862697102567,0.005150773402609277,-0.035631788943111364,Capital Goods,1
2024-05-17,2362.021484375,2373.5516374097656,2331.6550027868175,2363.015475636979,86286,2286.040771484375,2221.4760498046876,2178.2390625,2148.1865661621096,2131.751416015625,2117.131795247396,0.7930449672987684,0.00739770136677234,0.0004208222781012516,0.004881476782086391,-0.012856141143956501,Capital Goods,1
2024-05-21,2315.99951171875,2372.110266804849,2291.1497315500937,2367.9355522712412,26650,2305.6720703125,2234.6712646484375,2194.1694173177084,2162.5348205566406,2141.977587890625,2126.882849121094,0.6008351725039698,-0.019484146507849225,0.02242489270386261,0.024227446854881984,-0.010729613733905685,Capital Goods,1
2024-05-22,2365.3017578125,2368.681231110548,2317.1426859365624,2331.356809840526,63277,2331.416455078125,2255.62958984375,2214.927278645833,2178.997802734375,2154.25537109375,2138.2259521484375,0.8067449598871365,0.021287675513006393,-0.014351212423470039,0.0014287704673985324,-0.02036064604309784,Capital Goods,1
2024-05-23,2329.319091796875,2379.6151481377533,2281.2100104328083,2370.6692265282127,48012,2343.463623046875,2273.91904296875,2229.290462239583,2192.9584106445313,2162.45580078125,2147.3590738932294,0.6564641168061132,-0.015212716896174304,0.017752026708989677,0.021592600394684025,-0.020653710147953364,Capital Goods,1
2024-05-24,2360.1328125,2384.5353471069725,2320.919904800518,2338.861496048241,37514,2346.554931640625,2295.175537109375,2245.8536783854165,2206.444384765625,2174.264423828125,2157.4745849609376,0.7851569691844773,0.013228638708900458,-0.009012762476374059,0.010339475167553625,-0.016614703838613742,Capital Goods,1
2024-05-27,2316.89404296875,2375.6390212756064,2295.125732270031,2375.6390212756064,45020,2337.529443359375,2311.785107421875,2260.1605143229167,2218.061657714844,2186.0551416015624,2166.04775390625,0.6045711633378326,-0.01832048150097485,0.025355056043729896,0.025355056043729896,-0.00939547096026283,Capital Goods,1
2024-05-28,2377.080322265625,2380.609039731898,2309.538665476854,2328.523995389268,95475,2349.74560546875,2327.708837890625,2273.0293782552085,2233.0634643554686,2199.9769775390623,2176.6055908203125,0.8559378850453545,0.025977139299713237,-0.020426876795680782,0.0014844754858387432,-0.02841370405371757,Capital Goods,1
2024-05-29,2574.984130859375,2619.166994238845,2346.8631345869594,2377.0803720999897,1055552,2391.682080078125,2361.549267578125,2300.980419921875,2259.1159790039064,2221.534658203125,2193.8264892578127,1.6824789532224462,0.08325499426335135,-0.07685630229237062,0.017158499289362306,-0.08859122413165421,Capital Goods,1
2024-05-30,2491.93603515625,2760.3136695767475,2464.154028572264,2574.9840516755435,1106643,2424.20546875,2383.8345458984377,2324.0145182291667,2278.0192138671873,2239.207822265625,2206.080745442708,1.33563033913922,-0.03225188641275569,0.03332670475792776,0.10769844435580378,-0.01114876392974673,Capital Goods,1
2024-05-31,2547.40087890625,2593.3232271106976,2491.488869889394,2504.858003955139,325378,2461.65908203125,2404.1070068359377,2350.6700520833333,2299.805029296875,2257.48732421875,2222.163533528646,1.5672780852091674,0.022257731726457508,-0.016700502580252463,0.018027138400048326,-0.021948649495976524,Capital Goods,1
2024-06-03,2560.5712890625,2682.7824685795886,2546.6056630236776,2682.7824685795886,104465,2510.39453125,2423.9619873046877,2377.988248697917,2322.7190185546874,2276.528232421875,2240.111706542969,1.6222840244896157,0.005170136457637102,0.04772809100809439,0.04772809100809439,-0.005454105534369091,Capital Goods,1
2024-06-04,2497.204345703125,2604.108156591261,2395.270491223794,2583.134843476641,89361,2534.4193359375,2442.082470703125,2396.612337239583,2338.3768676757813,2293.334638671875,2255.7173706054687,1.3576333266402913,-0.024747189672104576,0.03441067925473318,0.04280939646452353,-0.04081918832742937,Capital Goods,1
2024-06-05,2391.1455078125,2533.186763916959,2381.6030945046236,2513.8039340576765,47259,2497.651611328125,2444.666845703125,2406.916715494792,2350.1482177734374,2306.82310546875,2267.554150390625,0.914680834807819,-0.04247102888200467,0.05129693105016786,0.059403016520898966,-0.003990728827124368,Capital Goods,1
2024-06-06,2522.89892578125,2554.55764581539,2391.195078282986,2391.195078282986,123933,2503.844189453125,2464.0248291015623,2423.8377604166667,2368.9719360351564,2323.184208984375,2283.3138834635415,1.464946196539279,0.055100543876680445,-0.05220337848353562,0.012548548699522932,-0.05220337848353562,Capital Goods,1
2024-06-07,2596.0068359375,2739.7878123564433,2525.7317048068044,2528.3161790633903,217607,2513.565380859375,2487.6122314453123,2440.5931315104167,2391.3938842773437,2342.557099609375,2300.167000325521,1.7702798360589889,0.028977740411701647,-0.02607491472558643,0.055385438292584244,-0.02707047229531545,Capital Goods,1
2024-06-10,2636.164306640625,2657.932618073715,2591.3849520310187,2614.147254719933,36998,2528.683984375,2519.5392578125,2458.869319661458,2415.6621826171877,2363.91201171875,2318.554191080729,1.9379966625622431,0.015468938735911637,-0.008351927027169803,0.00825757005291905,-0.016986556754753468,Capital Goods,1
2024-06-11,2616.880615234375,2653.4097922744913,2594.317063257248,2652.9625447638296,30082,2552.61923828125,2543.519287109375,2478.9280598958335,2435.6140625,2381.225341796875,2336.5487386067707,1.8574587335219899,-0.007315056712388318,0.013788145060726453,0.013959053702128799,-0.008622308501874953,Capital Goods,1
2024-06-12,2667.7236328125,2698.6863645667036,2620.6580479484765,2621.552543044064,62388,2607.93486328125,2552.7932373046874,2499.0895182291665,2457.171252441406,2401.705546875,2357.0083984375,2.0698035204009284,0.019428864000191066,-0.017307298702361917,0.011606424058837161,-0.01764260146183272,Capital Goods,1
2024-06-13,2695.455810546875,2717.621864272052,2671.8982661213536,2684.4721585433363,65577,2642.446240234375,2573.14521484375,2523.4986328125,2478.489880371094,2423.666796875,2376.3945475260416,2.185626373787749,0.010395446287341919,-0.004074877414262046,0.00822348993385269,-0.008739725701806922,Capital Goods,1
2024-06-14,2698.33837890625,2706.141307661716,2664.8906688121433,2695.7043990371253,85204,2662.912548828125,2588.23896484375,2546.0456705729166,2496.172985839844,2445.6976171875,2395.949674479167,2.197665359534315,0.0010694177764280107,-0.0009761488365267468,0.002891753242092898,-0.012395669259118058,Capital Goods,1
2024-06-18,2692.374267578125,2724.7784789803713,2625.1806055474453,2713.5960775618473,40094,2674.154541015625,2601.4192626953127,2571.077685546875,2512.690625,2467.360654296875,2415.619099934896,2.172756374796205,-0.0022102903678605738,0.007882191654881687,0.012035552334778155,-0.02495702876076089,Capital Goods,1
2024-06-19,2727.363037109375,2837.845069451303,2663.5486035803424,2682.235687948937,189478,2696.251025390625,2624.4351318359377,2594.429866536458,2533.2588012695314,2487.741455078125,2433.7296223958333,2.3188862302449533,0.01299550733068159,-0.016546146789562233,0.040508737134981265,-0.023397850840079948,Capital Goods,1
2024-06-20,2736.756103515625,2782.181454215498,2714.8882964442632,2738.2470903613994,66285,2710.05751953125,2658.99619140625,2605.214664713542,2551.8315185546876,2507.748505859375,2453.0975423177083,2.3581161732968194,0.0034440103053553672,0.0005448007748514172,0.016598245872739614,-0.007990411364487526,Capital Goods,1
2024-06-21,2720.405029296875,2778.205522982857,2687.0565745739264,2754.001739156823,56923,2715.04736328125,2678.7468017578126,2620.4459309895833,2571.3858154296877,2525.801376953125,2472.230224609375,2.2898262578745685,-0.0059746187092614795,0.012349892570457266,0.021247017654911993,-0.012258635888336089,Capital Goods,1
2024-06-24,2725.52392578125,2797.0415455397247,2678.8063384319726,2678.8063384319726,54878,2720.48447265625,2691.6985107421874,2632.32080078125,2589.65537109375,2541.035283203125,2491.495426432292,2.3112052207057916,0.0018816670419470763,-0.017140773158278666,0.026239953016730322,-0.017140773158278666,Capital Goods,1
2024-06-25,2707.731689453125,2748.3858349329453,2678.8064467067948,2748.3858349329453,50471,2723.55595703125,2698.8552490234374,2642.131494140625,2609.1972534179686,2554.86369140625,2510.0598714192706,2.2368963222343345,-0.006528005922026531,0.015014096720946224,0.015014096720946224,-0.010682462689710626,Capital Goods,1
2024-06-26,2734.81787109375,2749.08149965761,2683.8260723973026,2723.9334729729503,52298,2725.046923828125,2710.648974609375,2657.9723958333334,2627.084130859375,2571.61642578125,2527.2923665364583,2.3500211866073992,0.01000327386429323,-0.003979935276803848,0.005215567996180948,-0.0186454093471512,Capital Goods,1
2024-06-27,2684.52197265625,2735.662775919414,2648.9867840892,2714.5902091360617,33102,2714.60009765625,2712.32880859375,2677.530826822917,2632.5610229492186,2584.385234375,2542.223771158854,2.1399614312401107,-0.018390949894365325,0.011200592428029177,0.019050245736138116,-0.013237063778580027,Capital Goods,1
2024-06-28,2717.174560546875,2734.966906737677,2679.551894907539,2701.220952552528,37466,2713.95400390625,2714.50068359375,2690.4825358072917,2643.82294921875,2599.899453125,2557.160148111979,2.2763342735094834,0.012163278312941611,-0.0058713960545604404,0.006548105686379202,-0.013846245355603415,Capital Goods,1
2024-07-01,2815.778564453125,2827.905209611632,2721.1008944300993,2734.420280597473,64762,2732.004931640625,2726.2447021484377,2705.133984375,2657.241833496094,2618.125283203125,2572.863557942708,2.68815180897951,0.036289167923905616,-0.028893708078729374,0.004306675713636077,-0.03362397569832121,Capital Goods,1
2024-07-02,2837.0498046875,2912.3943907018192,2805.838576204728,2832.8253418340933,99830,2757.8685546875,2740.712255859375,2718.5263509114584,2671.0657592773437,2638.931513671875,2588.6978352864585,2.7769906936361597,0.007554301500447092,-0.001489033730189382,0.026557371636490634,-0.01100129734458788,Capital Goods,1
2024-07-03,2902.603515625,2913.686663911088,2827.8554205114165,2827.9051686097423,35458,2791.42568359375,2758.2363037109376,2737.5745442708335,2691.3357177734374,2659.95244140625,2608.2513020833335,3.0507743799950116,0.02310629543027029,-0.025734946785928248,0.0038183472962898257,-0.025752085915698553,Capital Goods,1
2024-07-04,2933.218505859375,2942.2141754372497,2888.4391503640204,2888.4391503640204,66050,2841.164990234375,2777.8825439453126,2755.274202473958,2718.4393676757813,2674.28181640625,2627.1818603515626,3.1786372387765516,0.010547424086538687,-0.015266286983360966,0.0030668255910375475,-0.015266286983360966,Capital Goods,1
2024-07-05,2839.18701171875,2934.01368015686,2831.235081697151,2919.2528129848083,76146,2865.56748046875,2789.7607421875,2764.8562825520835,2734.253771972656,2688.17185546875,2644.177457682292,2.7859166935705577,-0.032057446096425614,0.028200256247857824,0.033399232965885206,-0.002800777119920994,Capital Goods,1
2024-07-08,2812.199951171875,2868.9071996158573,2791.226881735126,2867.3167165717327,63756,2864.8517578125,2798.4283447265625,2772.447054036458,2745.063427734375,2698.763818359375,2659.2463623046874,2.673205806347752,-0.009505207101711108,0.019599163059828006,0.02016472847898032,-0.00745788699271166,Capital Goods,1
2024-07-09,2887.800048828125,2899.0,2806.050048828125,2829.89990234375,29392,2875.001806640625,2816.4351806640625,2785.475439453125,2757.64521484375,2711.85296875,2678.2765625,2.9889480142168265,0.026882902698560463,-0.02004991533533318,0.0038783679557108375,-0.028308746664497897,Capital Goods,1
2024-07-10,2787.0,2916.699951171875,2775.050048828125,2891.5,76707,2851.881103515625,2821.6533935546877,2789.451236979167,2766.1511840820312,2723.444794921875,2691.9405517578125,2.567958743607445,-0.034905480685558495,0.03749551489056335,0.04653747799493191,-0.004287747101498041,Capital Goods,1
2024-07-11,2728.85009765625,2824.39990234375,2712.5,2780.050048828125,21312,2811.007421875,2826.0862060546874,2788.924169921875,2769.2075073242186,2736.952978515625,2697.0694173177085,2.325096907146989,-0.02086469405947255,0.018762463799623763,0.03501467697678429,-0.005991570467829166,Capital Goods,1
2024-07-12,2680.5,2747.949951171875,2670.0,2747.449951171875,151649,2779.27001953125,2822.41875,2786.2638346354165,2768.459716796875,2743.257021484375,2703.3548828125,2.123163747561875,-0.017718121525904573,0.02497666523852815,0.02516319760189334,-0.003917179630665957,Capital Goods,1
2024-07-15,2664.10009765625,2693.949951171875,2653.35009765625,2688.39990234375,78379,2749.650048828125,2807.2509033203123,2782.168912760417,2766.747802734375,2745.980751953125,2707.2448567708334,2.0546699025089548,-0.006118225086271218,0.009121205584158742,0.01120447896904686,-0.004035133668384816,Capital Goods,1
2024-07-16,2674.550048828125,2723.39990234375,2650.050048828125,2670.550048828125,299551,2707.000048828125,2791.000927734375,2779.9568033854166,2765.856591796875,2747.516181640625,2711.044148763021,2.0983139024166593,0.003922506958754431,-0.0014955786681772887,0.01826469971538902,-0.009160419342586157,Capital Goods,1
2024-07-18,2649.85009765625,2722.0,2620.10009765625,2691.10009765625,225072,2679.570068359375,2765.7255859375,2774.29228515625,2761.9809448242186,2748.8349609375,2716.1323404947916,1.9951550790944066,-0.009235180019419519,0.015566918308505429,0.02722791844246797,-0.011227050174013042,Capital Goods,1
2024-07-19,2602.10009765625,2659.800048828125,2563.0,2655.14990234375,161149,2654.220068359375,2732.6137451171876,2768.7974934895833,2755.24814453125,2746.21001953125,2723.16416015625,1.7957282146702191,-0.018019887254088113,0.020387303599612716,0.022174378004845563,-0.015026361857281345,Capital Goods,1
2024-07-22,2550.85009765625,2584.949951171875,2522.64990234375,2543.050048828125,236642,2628.290087890625,2703.7800537109374,2757.709195963542,2746.770397949219,2740.425791015625,2724.0958658854165,1.5816836743196514,-0.019695629713154247,-0.0030578232861632193,0.013368035051121385,-0.011055214627629706,Capital Goods,1
2024-07-23,2548.89990234375,2609.14990234375,2505.0,2550.0,42478,2605.250048828125,2677.450048828125,2739.91728515625,2737.9391967773436,2734.448251953125,2722.525634765625,1.5735387248707169,-0.0007645276036768533,0.0004315970412327452,0.02363764851832717,-0.01722307820067137,Capital Goods,1
2024-07-24,2592.5,2620.5,2528.050048828125,2549.89990234375,45263,2588.8400390625,2647.9200439453125,2723.61396484375,2732.1776123046875,2730.45328125,2721.0701578776043,1.7556336099843148,0.01710545699191996,-0.01643205309787854,0.010800385728061634,-0.024860154743249763,Capital Goods,1
2024-07-25,2549.199951171875,2600.0,2527.800048828125,2595.85009765625,76258,2568.710009765625,2624.1400390625,2700.0537272135416,2722.8967163085936,2723.3267578125,2718.8141357421873,1.5747918724511802,-0.016702043906702026,0.01829991659262742,0.01992784002870085,-0.008394752374725423,Capital Goods,1
2024-07-26,2590.85009765625,2608.0,2520.0,2561.39990234375,51888,2566.460009765625,2610.3400390625,2677.2291666666665,2718.2131225585936,2717.490517578125,2716.2516845703126,1.748742827763997,0.016338516900264454,-0.011367000869383137,0.006619411273258935,-0.027346274383200697,Capital Goods,1
2024-07-29,2736.35009765625,2787.300048828125,2603.050048828125,2608.0,141646,2603.560009765625,2615.925048828125,2670.3733723958335,2719.1718994140624,2718.1283203125,2717.6148274739585,2.356420498417804,0.05615917344335092,-0.04690558337772088,0.018619675609314434,-0.04871454458342139,Capital Goods,1
2024-07-30,2670.0,2756.0,2662.0,2756.0,61849,2627.780029296875,2616.5150390625,2660.893375651042,2711.8829711914063,2715.90736328125,2716.67021484375,2.0793107197827343,-0.024247663964154464,0.0322097378277153,0.0322097378277153,-0.002996254681647992,Capital Goods,1
2024-07-31,2588.550048828125,2705.0,2578.0,2700.0,68809,2626.9900390625,2607.9150390625,2640.9433756510416,2699.4579833984376,2711.14009765625,2713.209407552083,1.7391367225113163,-0.030505599689840825,0.04305497250181811,0.04498655578422883,-0.004075659589004688,Capital Goods,1
2024-08-01,2571.550048828125,2615.0,2555.0,2580.550048828125,37392,2631.46005859375,2600.0850341796877,2626.580045572917,2682.905310058594,2704.609384765625,2708.0156412760416,1.6681365822974696,-0.006567383160196633,0.0034998346635723987,0.01689640502687295,-0.0064358260636097064,Capital Goods,1
2024-08-02,2529.10009765625,2574.14990234375,2517.0,2571.699951171875,21778,2619.11005859375,2592.7850341796875,2613.26337890625,2662.6993896484373,2698.392509765625,2701.0937744140624,1.4908452596342885,-0.016507534508698272,0.016843878008269808,0.017812582716377312,-0.004784349052638692,Capital Goods,1
2024-08-05,2430.14990234375,2475.75,2388.449951171875,2441.0,46281,2557.87001953125,2580.7150146484373,2596.5733723958333,2642.2475341796876,2686.9115234375,2691.418603515625,1.0775818630828162,-0.03912466549038467,0.004464785339285404,0.0187643147495844,-0.017159415199719863,Capital Goods,1
2024-08-06,2411.14990234375,2491.949951171875,2403.0,2448.699951171875,48662,2506.1,2566.9400146484377,2579.710026041667,2622.195031738281,2670.726376953125,2680.9394694010416,0.9982287651967521,-0.00781844773512758,0.015573502415434426,0.033511001845875965,-0.003380089448535739,Capital Goods,1
2024-08-07,2429.25,2445.0,2388.10009765625,2429.0,33466,2474.239990234375,2550.6150146484374,2563.356689453125,2599.267529296875,2654.414384765625,2671.656746419271,1.0738234399895799,0.007506832171096398,-0.0001029124215292665,0.006483482556344455,-0.0169393443835546,Capital Goods,1
2024-08-08,2399.14990234375,2465.0,2379.199951171875,2440.60009765625,22096,2439.7599609375,2535.610009765625,2546.643343098958,2579.8750244140624,2634.276240234375,2660.467814127604,0.9481110191634484,-0.012390695752289802,0.017277034366217414,0.027447262712480214,-0.008315425039671642,Capital Goods,1
2024-08-09,2422.800048828125,2442.699951171875,2367.800048828125,2405.0,135087,2418.499951171875,2518.8050048828127,2534.690006510417,2564.5725219726564,2613.859501953125,2651.74375,1.0468853554263098,0.00985771937854778,-0.007346891394002797,0.008213596641363452,-0.022701006641717147,Capital Goods,1
2024-08-12,2416.60009765625,2425.89990234375,2382.14990234375,2424.800048828125,50767,2415.789990234375,2486.8300048828123,2525.7400065104166,2551.3775268554687,2596.956025390625,2641.724601236979,1.020991390572067,-0.002559002413291939,0.003393176711292689,0.0038483010476244583,-0.014255645915893012,Capital Goods,1
2024-08-13,2400.64990234375,2444.0,2390.050048828125,2418.0,40386,2413.689990234375,2459.8949951171876,2515.8566731770834,2538.2050170898438,2580.4940234375,2627.8869791666666,0.9543757374176114,-0.006600262628462758,0.00722725027056681,0.018057650811110548,-0.0044154099709734496,Capital Goods,1
2024-08-14,2407.050048828125,2424.0,2394.800048828125,2407.300048828125,28618,2409.25,2441.7449951171875,2503.493343098958,2524.8300170898438,2561.2640234375,2613.5536539713544,0.9811058137575986,0.0026660057670743866,0.00010386157118813522,0.007041794241098964,-0.0050892169882233995,Capital Goods,1
2024-08-16,2454.050048828125,2465.0,2405.199951171875,2409.5,17412,2420.230029296875,2429.9949951171875,2497.1500162760417,2515.0400146484376,2547.946025390625,2598.601871744792,1.1774003190547047,0.019525975383387646,-0.018153683886520056,0.0044619917907151585,-0.019905909286396684,Capital Goods,1
2024-08-19,2444.64990234375,2490.0,2420.300048828125,2455.0,32451,2424.6,2421.5499755859373,2487.4033365885416,2507.1675048828124,2536.578017578125,2582.3162516276043,1.1381408062063914,-0.003830462418182475,0.004233775006526219,0.018550753468941084,-0.009960466524175926,Capital Goods,1
2024-08-20,2462.199951171875,2484.14990234375,2430.0,2449.89990234375,141106,2433.719970703125,2424.75498046875,2469.12666015625,2502.734997558594,2527.846015625,2569.7500162760416,1.2114382137097286,0.007178962031045553,-0.004995552380817392,0.008914771995437665,-0.013077715786871669,Capital Goods,1
2024-08-21,2466.10009765625,2503.449951171875,2446.0,2477.85009765625,22854,2446.810009765625,2430.25,2455.5333333333333,2498.595007324219,2519.926015625,2558.2133544921876,1.2277270929594444,0.0015840088383231182,0.004764607896965423,0.015145311234982639,-0.008150560342361168,Capital Goods,1
2024-08-22,2469.10009765625,2509.0,2453.300048828125,2478.449951171875,48169,2459.22001953125,2434.235009765625,2447.570003255208,2492.425012207031,2511.708017578125,2544.256689453125,1.2402565294677703,0.00121649563326775,0.003786745431868077,0.01615969412565499,-0.006399112309429245,Capital Goods,1
2024-08-23,2473.449951171875,2490.75,2442.0,2484.35009765625,25718,2463.1,2441.6650146484376,2441.029996744792,2488.6375122070312,2504.65201171875,2533.8050211588543,1.2584236006159508,0.001761716149035036,0.0044068595280089,0.006994299124560177,-0.012715014167549499,Capital Goods,1
2024-08-26,2465.699951171875,2488.699951171875,2448.0,2488.699951171875,64525,2467.310009765625,2445.9550048828123,2436.8033203125,2482.3800048828125,2499.196005859375,2525.033349609375,1.226055889636109,-0.0031332754464379574,0.009327980068730035,0.009327980068730035,-0.007178469206467253,Capital Goods,1
2024-08-27,2416.10009765625,2480.25,2401.14990234375,2480.25,31752,2458.0900390625,2445.9050048828126,2435.866666666667,2466.3675048828127,2493.806005859375,2516.22001953125,1.0189031511540125,-0.020115932391551388,0.026551011858316098,0.026551011858316098,-0.006187738383439667,Capital Goods,1
2024-08-28,2466.89990234375,2488.0,2408.14990234375,2415.0,156827,2458.25,2452.5300048828126,2439.5833333333335,2456.2125,2490.526005859375,2509.6466796875,1.2310674603098086,0.021025538112753938,-0.021038511653610703,0.008553284888537016,-0.023815315710290053,Capital Goods,1
2024-08-29,2451.25,2482.14990234375,2436.89990234375,2482.14990234375,83201,2454.67998046875,2456.95,2441.05,2449.3474975585937,2484.876005859375,2502.2033447265626,1.1657059743839697,-0.006343955151516831,0.012605773521162655,0.012605773521162655,-0.005854195882202928,Capital Goods,1
2024-08-30,2440.5,2472.89990234375,2429.0,2463.550048828125,116868,2448.089990234375,2455.5949951171874,2443.806673177083,2442.7949951171877,2480.5280078125,2495.2250081380207,1.1208088268958019,-0.0043855175930647625,0.009444805911954512,0.013275928024482742,-0.004712149149764366,Capital Goods,1
2024-09-02,2438.89990234375,2460.0,2430.0,2460.0,58923,2442.72998046875,2455.0199951171876,2444.8799967447917,2438.2849853515627,2474.45,2489.7850016276043,1.1141260528987669,-0.0006556433748207335,0.008651481611021916,0.008651481611021916,-0.003649146213502763,Capital Goods,1
2024-09-03,2458.5,2512.75,2445.199951171875,2454.35009765625,48372,2451.2099609375,2454.65,2447.6733235677084,2439.702490234375,2463.33599609375,2486.7066650390625,1.1959854459457575,0.008036450219795642,-0.001687981429225105,0.022066300589790533,-0.005409822586180613,Capital Goods,1
2024-09-04,2453.949951171875,2496.949951171875,2450.75,2457.0,14827,2448.619970703125,2453.4349853515623,2451.22666015625,2441.842492675781,2454.693994140625,2483.5416666666665,1.1769822633118325,-0.001850741845891804,0.001242914031994946,0.017522769761243673,-0.0013040001774881071,Capital Goods,1
2024-09-05,2440.25,2469.10009765625,2429.89990234375,2461.449951171875,110135,2446.419970703125,2450.5499755859373,2453.439990234375,2442.3924926757813,2448.7619921875,2478.4666666666667,1.1197647071867747,-0.005582816049419686,0.008687614454205406,0.011822599182973015,-0.004241408731175067,Capital Goods,1
2024-09-06,2450.300048828125,2539.39990234375,2445.0,2450.75,188694,2448.37998046875,2448.2349853515625,2453.189990234375,2444.95,2443.9119921875,2475.1700032552085,1.1617385234192972,0.004118450498155926,0.00018363105044638672,0.03636283383263117,-0.0021630203332281273,Capital Goods,1
2024-09-09,2425.050048828125,2467.449951171875,2410.050048828125,2452.0,89902,2445.610009765625,2444.1699951171877,2451.883333333333,2445.0625,2439.749990234375,2469.6433349609374,1.0562824328075542,-0.01030486042396155,0.011113152565613404,0.017484134962179043,-0.006185439350931521,Capital Goods,1
2024-09-10,2492.25,2500.0,2411.0,2434.199951171875,35537,2452.360009765625,2451.7849853515627,2453.886669921875,2448.8449951171874,2442.233994140625,2461.5066650390627,1.336941606664424,0.027710748157279697,-0.023292225430083247,0.0031096398836392147,-0.03260106329621826,Capital Goods,1
2024-09-11,2468.14990234375,2509.199951171875,2458.60009765625,2492.25,16036,2455.2,2451.9099853515627,2454.0233235677083,2452.2199951171874,2444.513994140625,2454.778328450521,1.2362880588549445,-0.00967001611244859,0.009764438388999208,0.016631910723551968,-0.003869215835890505,Capital Goods,1
2024-09-12,2463.10009765625,2477.949951171875,2451.0,2477.89990234375,13369,2459.77001953125,2453.0949951171874,2453.623323567708,2455.022497558594,2445.867998046875,2450.5966634114584,1.2151976564511184,-0.002045987840003039,0.006008608704771046,0.006028928150242585,-0.004912548080268309,Capital Goods,1
2024-09-13,2469.5,2491.0,2444.550048828125,2463.10009765625,13683,2463.610009765625,2455.9949951171875,2453.3599934895833,2455.7949951171877,2448.682001953125,2447.1949951171873,1.2419267131429523,0.0025983119199417815,-0.0025915781914355174,0.008706215833164554,-0.010103239996709812,Capital Goods,1
2024-09-16,2435.550048828125,2480.0,2423.0,2480.0,13144,2465.710009765625,2455.660009765625,2451.35,2455.3400024414063,2449.192001953125,2444.07666015625,1.1001354605866949,-0.013747702438499697,0.018250477420187705,0.018250477420187705,-0.005152860165679396,Capital Goods,1
2024-09-17,2397.699951171875,2454.64990234375,2387.0,2445.800048828125,29461,2446.8,2449.5800048828123,2450.123323567708,2452.1150024414064,2448.43599609375,2442.9949951171875,0.9420553287807215,-0.015540677422934393,0.020060932825536115,0.023751909051022313,-0.00446258972756175,Capital Goods,1
2024-09-18,2367.89990234375,2413.699951171875,2346.0,2409.699951171875,22765,2426.75,2440.975,2443.5233235677083,2447.2049926757813,2447.12599609375,2441.553328450521,0.8175960555350534,-0.012428598004333376,0.017652793847726,0.01934205444359871,-0.009248660520688956,Capital Goods,1
2024-09-19,2391.550048828125,2418.85009765625,2325.199951171875,2369.949951171875,38003,2412.439990234375,2436.1050048828124,2439.5433268229167,2443.327490234375,2446.50599609375,2440.296663411458,0.9163703917979148,0.00998781513566771,-0.009031840110071743,0.011415211168799066,-0.027743553888308514,Capital Goods,1
2024-09-20,2376.75,2425.60009765625,2345.14990234375,2394.5,50251,2393.889990234375,2428.75,2435.2933268229167,2438.4924926757812,2443.413994140625,2439.55,0.8545583010938763,-0.006188475476554262,0.007468181340065216,0.020553317621226475,-0.01329550758651521,Capital Goods,1
2024-09-23,2350.25,2379.949951171875,2335.050048828125,2374.0,27416,2376.82998046875,2421.2699951171876,2429.383333333333,2432.7199951171874,2439.637998046875,2437.1316650390627,0.7438816119369973,-0.011149679183759335,0.010105307945963204,0.0126369327398681,-0.006467376309701067,Capital Goods,1
2024-09-24,2363.85009765625,2375.0,2340.0,2350.0,33735,2370.060009765625,2408.4300048828127,2423.07333984375,2430.1074951171877,2435.70400390625,2435.373331705729,0.8006821319673362,0.005786659996276992,-0.005859126883714927,0.00471683985156468,-0.010089513577826836,Capital Goods,1
2024-09-25,2390.35009765625,2403.64990234375,2375.0,2377.89990234375,23753,2374.550048828125,2400.6500244140625,2418.833349609375,2426.2800048828126,2432.67400390625,2435.0300048828126,0.9113588211242151,0.011210524739396406,-0.005208523774282048,0.005563956803039227,-0.006421694324735494,Capital Goods,1
2024-09-26,2388.300048828125,2410.0,2374.699951171875,2402.35009765625,135779,2373.900048828125,2393.17001953125,2415.37001953125,2423.1325073242188,2429.442001953125,2434.4050048828126,0.9027968355805617,-0.0008576353857684207,0.005882865863114262,0.009085940094722522,-0.00569446777130167,Capital Goods,1
2024-09-27,2400.14990234375,2419.949951171875,2382.050048828125,2404.0,32974,2378.580029296875,2386.235009765625,2412.026676432292,2421.1150024414064,2426.51,2432.608333333333,0.952287497999557,0.004961626794522491,0.001604107165344315,0.008249505086657338,-0.007541134617446432,Capital Goods,1
2024-09-30,2405.5,2426.0,2385.25,2400.050048828125,30928,2389.630029296875,2383.2300048828124,2410.72333984375,2419.4450073242188,2424.102001953125,2431.3033365885417,0.9746320676319996,0.002229068130713678,-0.002265620940293034,0.008522136769902211,-0.008418208272708338,Capital Goods,1
2024-10-01,2413.75,2423.0,2394.0,2400.0,14592,2399.610009765625,2384.835009765625,2405.4900065104166,2417.2075073242186,2424.007998046875,2429.688338216146,1.0090880180298958,0.003429640407399709,-0.005696530295183799,0.0038322112894872973,-0.008182288969445839,Capital Goods,1
2024-10-03,2420.10009765625,2477.949951171875,2392.550048828125,2413.75,84427,2405.560009765625,2390.055029296875,2402.286686197917,2415.5150146484375,2422.136005859375,2428.1550048828126,1.035609066498447,0.002630801721905748,-0.0026238987645179623,0.023903909417486435,-0.011383846831296673,Capital Goods,1
2024-10-04,2441.14990234375,2469.949951171875,2395.0,2420.10009765625,185684,2416.12998046875,2395.0150146484375,2400.82333984375,2415.560009765625,2421.732001953125,2427.2233317057294,1.1235231302800113,0.008697906631170222,-0.008622905405067494,0.011797738762570065,-0.018904985023427412,Capital Goods,1
2024-10-07,2398.949951171875,2456.949951171875,2382.14990234375,2455.0,43961,2415.889990234375,2397.235009765625,2396.1200032552083,2412.9925048828127,2420.07,2424.739998372396,0.9472759273258573,-0.01728691512608824,0.023364409416188447,0.024177244703111667,-0.007003084336927645,Capital Goods,1
2024-10-08,2380.85009765625,2410.0,2357.14990234375,2398.949951171875,15474,2410.960009765625,2400.29501953125,2392.47333984375,2410.782507324219,2417.7480078125,2421.911669921875,0.871682272181183,-0.007544906681685173,0.007602265062148561,0.012243484952053851,-0.009954509666875277,Capital Goods,1
2024-10-09,2390.0,2416.89990234375,2377.0,2392.050048828125,12822,2406.210009765625,2402.910009765625,2391.960009765625,2405.6700073242187,2415.0080078125,2421.0416666666665,0.9098966456723158,0.0038431240810823503,0.0008577610159519189,0.011255189265167331,-0.005439330543933085,Capital Goods,1
2024-10-10,2450.64990234375,2469.550048828125,2392.0,2400.0,27331,2412.319970703125,2408.939990234375,2397.4766764322917,2404.7950073242187,2414.876005859375,2420.5,1.1631996792230432,0.025376528177301256,-0.020667947018996657,0.0077122996909102515,-0.02393238719559998,Capital Goods,1
2024-10-11,2416.5,2470.0,2401.10009765625,2466.0,13770,2407.389990234375,2411.7599853515626,2399.1400065104167,2402.4650024414063,2413.926005859375,2419.3416666666667,1.0205733348291945,-0.013935039154752277,0.020484171322160183,0.022139457893647796,-0.006372812887957768,Capital Goods,1
2024-10-14,2439.35009765625,2465.800048828125,2398.0,2432.25,71438,2415.47001953125,2415.6800048828127,2403.3133463541667,2400.9575073242186,2413.4880078125,2419.3033365885417,1.1160062840935383,0.009455864951893234,-0.0029106513505674503,0.010843032001551789,-0.016951276364954526,Capital Goods,1
2024-10-15,2466.89990234375,2479.89990234375,2420.0,2430.0,26506,2432.67998046875,2421.8199951171873,2411.0900065104165,2402.525,2415.162001953125,2420.236669921875,1.2310674603098086,0.011293911732461078,-0.014958005514813189,0.005269771986957883,-0.01901167627401157,Capital Goods,1
2024-10-16,2511.35009765625,2543.0,2441.25,2450.0,280160,2456.95,2431.5800048828123,2420.92333984375,2408.2075073242186,2415.926005859375,2421.99833984375,1.4167127602933602,0.018018645697893458,-0.024429129858678733,0.012602743987502052,-0.027913311537754892,Capital Goods,1
2024-10-17,2451.60009765625,2632.0,2430.0,2536.449951171875,147243,2457.1400390625,2434.7300048828124,2425.0066731770835,2412.3925170898438,2415.264013671875,2421.9200113932293,1.1671681498358693,-0.023791983465691408,0.03460998945005023,0.07358455504884898,-0.008810612169945609,Capital Goods,1
2024-10-18,2448.14990234375,2466.800048828125,2410.199951171875,2415.0,163086,2463.47001953125,2435.4300048828127,2428.9966634114585,2415.222509765625,2414.666005859375,2422.183341471354,1.1527584821327717,-0.0014073238599551434,-0.013540797608844857,0.0076180574018447356,-0.015501481806952877,Capital Goods,1
2024-10-21,2401.39990234375,2467.449951171875,2381.050048828125,2454.300048828125,14005,2455.87998046875,2435.675,2429.0799967447915,2416.4550048828123,2411.942001953125,2420.5533365885417,0.9575080965446928,-0.01909605288272733,0.022028878419102504,0.0275048103248694,-0.008474162714741329,Capital Goods,1
2024-10-22,2287.0,2401.0,2265.050048828125,2401.0,37456,2419.9,2426.289990234375,2421.179996744792,2413.2925048828124,2406.0,2415.951668294271,0.479719325553126,-0.04763883859247953,0.04984696108439013,0.04984696108439013,-0.009597704928672957,Capital Goods,1
2024-10-23,2276.699951171875,2295.60009765625,2224.25,2263.39990234375,17820,2372.969970703125,2414.9599853515624,2412.0433268229167,2408.9349975585938,2401.16,2408.766666666667,0.43670138961157634,-0.004503738009674246,-0.005841810125782776,0.008301553515932758,-0.02303770909507763,Capital Goods,1
2024-10-24,2166.449951171875,2277.949951171875,2148.60009765625,2276.699951171875,38660,2315.93994140625,2386.539990234375,2395.1333170572916,2397.739990234375,2393.102001953125,2398.710001627604,-0.023755402069400966,-0.04842535352243124,0.05088970550201899,0.05146668629002371,-0.008239218037771723,Capital Goods,1
2024-10-25,2202.300048828125,2238.75,2118.449951171875,2177.300048828125,34335,2266.769970703125,2365.1199951171875,2379.209993489583,2388.439990234375,2385.532001953125,2390.016666666667,0.12597177206435503,0.016547854076600286,-0.011351768353863867,0.016550856088511035,-0.03807387540170459,Capital Goods,1
2024-10-28,2090.699951171875,2213.35009765625,2083.550048828125,2202.300048828125,69382,2204.62998046875,2330.25498046875,2358.6599934895835,2372.967492675781,2374.09,2377.389998372396,-0.3401236739046303,-0.05067433827449352,0.05337929892507831,0.05866463354324347,-0.0034198605781486924,Capital Goods,1
2024-10-29,2111.199951171875,2150.0,2066.0,2119.0,120928,2169.469970703125,2294.6849853515623,2340.683317057292,2358.252490234375,2364.527998046875,2366.578328450521,-0.2545058577644032,0.009805328587925485,0.0036946044943755307,0.01837819710377886,-0.021409602224926938,Capital Goods,1
2024-10-30,2151.300048828125,2187.449951171875,2118.800048828125,2121.800048828125,40003,2144.389990234375,2258.67998046875,2324.769986979167,2345.129992675781,2356.02599609375,2358.364998372396,-0.0870286485771855,0.018993983792956904,-0.013712638558284529,0.016803747279902526,-0.015107144174381304,Capital Goods,1
2024-10-31,2213.550048828125,2339.0,2151.64990234375,2165.5,791588,2153.810009765625,2234.8749755859376,2308.963330078125,2334.802490234375,2348.953994140625,2353.220003255208,0.17295715897057723,0.028935991534007246,-0.021707233976283158,0.0566736456843564,-0.027964195576759443,Capital Goods,1
2024-11-01,2251.85009765625,2304.75,2218.699951171875,2251.949951171875,10801,2163.72001953125,2215.2449951171875,2297.986669921875,2325.3375,2343.49599609375,2348.563338216146,0.3329165023231687,0.017302544773451778,4.434287865295872e-05,0.023491751248810422,-0.014721293623797593,Capital Goods,1
2024-11-04,2202.0,2259.0,2191.10009765625,2259.0,96688,2185.980029296875,2195.3050048828127,2282.163330078125,2315.4900024414064,2335.57,2342.7383382161456,0.12471862448389179,-0.02213739613846167,0.02588555858310637,0.02588555858310637,-0.004950001064373266,Capital Goods,1
2024-11-05,2173.64990234375,2218.449951171875,2151.0,2209.10009765625,28447,2198.47001953125,2183.9699951171874,2262.613330078125,2305.129992675781,2326.29599609375,2336.851668294271,0.006315041620950558,-0.012874703749432333,0.016309063973124482,0.020610517259388894,-0.010420216392404091,Capital Goods,1
2024-11-06,2217.10009765625,2240.0,2167.550048828125,2176.0,20674,2211.630029296875,2178.010009765625,2242.9966634114585,2296.484997558594,2318.43,2331.960001627604,0.18778386276839357,0.0199895094723624,-0.018537772696730292,0.010328763400424767,-0.022349035517388427,Capital Goods,1
2024-11-07,2191.14990234375,2224.64990234375,2181.89990234375,2224.550048828125,23903,2207.15,2180.4800048828124,2225.6333170572916,2283.5099975585936,2309.2719921875,2325.3199951171873,0.07940342125285173,-0.011704566401820368,0.015243204697519275,0.015288775982038816,-0.004221527696533167,Capital Goods,1
2024-11-08,2161.89990234375,2198.60009765625,2151.10009765625,2198.60009765625,9653,2189.1599609375,2176.439990234375,2206.549983723958,2270.779992675781,2298.1019921875,2317.7733235677083,-0.04275858470332594,-0.013349155148496649,0.016975899426570518,0.016975899426570518,-0.0049955155998627765,Capital Goods,1
2024-11-11,2128.699951171875,2164.39990234375,2102.0,2141.5,35663,2174.499951171875,2180.239990234375,2188.3699869791667,2255.2474853515623,2287.2919921875,2308.724991861979,-0.18141747813250206,-0.015356840127464924,0.00601308268977907,0.016770776525936393,-0.012542843887968447,Capital Goods,1
2024-11-12,2120.199951171875,2166.5,2082.35009765625,2128.699951171875,18187,2163.8099609375,2181.139990234375,2177.2499837239584,2237.912487792969,2276.865986328125,2299.214990234375,-0.21691754823942547,-0.003993047491414019,0.004009055841786013,0.021837586026984823,-0.017852020746771835,Capital Goods,1
2024-11-13,2090.64990234375,2118.0,2066.0,2110.0,27177,2138.519921875,2175.0749755859374,2164.846647135417,2216.877478027344,2264.891982421875,2288.4449869791665,-0.3403327017760664,-0.013937387750524248,0.009255541845890836,0.013082103141988988,-0.011790545282649112,Capital Goods,1
2024-11-14,2084.800048828125,2110.85009765625,2060.5,2060.5,90124,2117.249951171875,2162.1999755859374,2159.4033203125,2198.5374755859375,2250.25798828125,2277.268318684896,-0.3647644911784099,-0.0027981028813418,-0.011655817468818719,0.012495226505183421,-0.011655817468818719,Capital Goods,1
2024-11-18,2096.050048828125,2124.0,2081.0,2084.800048828125,29889,2104.07998046875,2146.619970703125,2152.3199869791665,2180.932482910156,2237.439990234375,2265.764990234375,-0.31777910427218775,0.005396200948059106,-0.005367238251915651,0.013334581961676584,-0.0071801953567565135,Capital Goods,1
2024-11-19,2098.550048828125,2114.39990234375,2090.0,2103.199951171875,15793,2098.05,2136.2749755859377,2152.843326822917,2165.789990234375,2223.80798828125,2255.75166015625,-0.30733790718191617,0.0011927196115368134,0.0022157690955937337,0.007552764121339761,-0.004074264911098746,Capital Goods,1
2024-11-21,2031.300048828125,2083.449951171875,2015.5999755859375,2080.64990234375,28884,2080.27001953125,2122.039990234375,2147.516666666667,2153.004992675781,2206.383994140625,2244.099991861979,-0.5882061089102221,-0.03204593573431991,0.024294713892265785,0.02567316550493648,-0.0077290763869399814,Capital Goods,1
2024-11-22,2064.89990234375,2085.0,2022.0999755859375,2022.1500244140625,25922,2075.12001953125,2106.819970703125,2141.756656901042,2142.414990234375,2188.525986328125,2233.263321940104,-0.4478770318058638,0.016541058784008328,-0.020703123614449592,0.00973417531447196,-0.020727361509985442,Capital Goods,1
2024-11-25,2102.0,2146.0,2079.199951171875,2079.199951171875,754144,2078.560009765625,2097.90498046875,2134.3199869791665,2139.192492675781,2174.541982421875,2221.6416585286456,-0.292929259126972,0.017967019909362093,-0.010846835788832054,0.020932445290199775,-0.010846835788832054,Capital Goods,1
2024-11-26,2072.35009765625,2115.89990234375,2067.0,2115.89990234375,32983,2073.82001953125,2088.95,2122.3533203125,2132.6949951171873,2159.509990234375,2210.1699951171877,-0.41676144875833177,-0.014105567242507135,0.021014694735582262,0.021014694735582262,-0.002581657251012115,Capital Goods,1
2024-11-27,2094.35009765625,2113.35009765625,2064.699951171875,2069.0,17256,2072.980029296875,2085.5150146484375,2115.17666015625,2132.8775024414062,2147.227998046875,2198.6699951171877,-0.32487891436394173,0.010615966879766682,-0.012104040143345096,0.0090720266975719,-0.014157206341745776,Capital Goods,1
2024-11-28,2088.5,2099.75,2066.949951171875,2071.0,29848,2084.42001953125,2082.34501953125,2109.5,2131.7425048828127,2139.287998046875,2186.0566650390624,-0.3493117234144386,-0.0027932759011001745,-0.008379219535551874,0.005386641129997649,-0.010318433721869802,Capital Goods,1
2024-11-29,2102.0,2120.39990234375,2075.75,2088.5,67502,2091.8400390625,2083.480029296875,2101.82666015625,2129.2775024414063,2132.3,2172.411661783854,-0.292929259126972,0.006463969355997127,-0.0064224548049476304,0.008753521571717382,-0.012488106565176071,Capital Goods,1
2024-12-02,2105.60009765625,2113.89990234375,2054.0,2072.050048828125,33720,2092.56005859375,2085.5600341796876,2096.12333984375,2123.8800048828125,2129.866005859375,2160.8783284505207,-0.27789352745771956,0.0017127010733824929,-0.015933723058556892,0.003941776359498883,-0.024506124270076812,Capital Goods,1
2024-12-03,2215.85009765625,2251.300048828125,2110.10009765625,2110.10009765625,97932,2121.26005859375,2097.5400390625,2099.72001953125,2122.0800048828123,2130.4080078125,2153.135001627604,0.18256326422325775,0.05236036991198833,-0.047724347469106254,0.015998352600372634,-0.047724347469106254,Capital Goods,1
2024-12-04,2180.5,2240.5,2171.0,2215.85009765625,43302,2138.4900390625,2105.7350341796873,2103.1733561197916,2121.0050048828125,2134.000009765625,2145.7716715494794,0.034924329507556064,-0.015953289301311728,0.016211922795803746,0.027516624627379027,-0.004356798899335046,Capital Goods,1
2024-12-05,2164.550048828125,2188.89990234375,2152.0,2170.0,17560,2153.700048828125,2119.0600341796876,2106.130029296875,2120.550012207031,2136.134013671875,2141.690006510417,-0.03169030399874604,-0.007314813653691814,0.002517821740747328,0.011249383459074114,-0.005797994292125241,Capital Goods,1
2024-12-06,2161.699951171875,2175.0,2140.0,2150.0,13850,2165.6400390625,2128.7400390625,2110.86669921875,2117.7800048828126,2136.550009765625,2137.8566731770834,-0.043593676540917,-0.0013167159880609028,-0.005412384436393358,0.006152587837602086,-0.010038373345991558,Capital Goods,1
2024-12-09,2161.85009765625,2174.0,2146.5,2146.5,12836,2176.8900390625,2134.725048828125,2116.003369140625,2116.3150146484377,2134.48201171875,2137.7033447265626,-0.04296659292660869,6.945759715339049e-05,-0.0071004449720596385,0.005620140988000122,-0.0071004449720596385,Capital Goods,1
2024-12-10,2160.199951171875,2199.0,2133.800048828125,2169.0,31513,2165.760009765625,2143.5100341796874,2120.280029296875,2116.230017089844,2130.816005859375,2136.300008138021,-0.049858394795079954,-0.0007633029164066423,0.004073719575519386,0.017961322889150422,-0.012221045708953215,Capital Goods,1
2024-12-11,2246.699951171875,2255.60009765625,2163.0,2174.35009765625,75447,2179.0,2158.74501953125,2130.156689453125,2122.130017089844,2132.60400390625,2141.500008138021,0.31140702452831726,0.04004258955430264,-0.032202721808885726,0.00396143084426237,-0.03725461921527051,Capital Goods,1
2024-12-12,2209.800048828125,2280.0,2196.699951171875,2265.0,32090,2188.05,2170.8750244140624,2142.056689453125,2126.6100219726563,2134.050009765625,2144.7866780598956,0.15729536333516983,-0.016424045553792385,0.02497961351804112,0.031767557978425565,-0.005928182354415723,Capital Goods,1
2024-12-13,2211.199951171875,2220.0,2185.050048828125,2200.0,16836,2197.95,2181.79501953125,2151.810026041667,2132.6375244140627,2133.81400390625,2146.783341471354,0.1631420258464606,0.0006334972906224613,-0.00506510103979485,0.003979761678025273,-0.011826113839180974,Capital Goods,1
2024-12-16,2216.199951171875,2255.89990234375,2207.699951171875,2215.0,65925,2208.819970703125,2192.8550048828124,2159.4233561197916,2139.20751953125,2134.816005859375,2146.8716715494793,0.18402442002700378,0.002261215679455012,-0.0005414453561559673,0.017913524071184295,-0.0038353940020192656,Capital Goods,1
2024-12-17,2215.10009765625,2222.0,2192.699951171875,2216.199951171875,20095,2219.8,2192.7800048828126,2168.9400227864585,2145.160021972656,2136.944013671875,2145.6466715494794,0.1794309050961763,-0.0004962790090503445,0.0004965254241957595,0.0031149392982514623,-0.010112475959021539,Capital Goods,1
2024-12-18,2125.75,2221.949951171875,2112.199951171875,2190.0,61782,2195.610009765625,2187.3050048828127,2171.033349609375,2146.52001953125,2136.826015625,2143.1050048828124,-0.19373788676939185,-0.04033682168620255,0.03022462660237557,0.04525459304804191,-0.006374243833058957,Capital Goods,1
2024-12-19,2089.60009765625,2147.699951171875,2071.5,2130.0,26931,2171.57001953125,2179.810009765625,2171.106689453125,2149.435021972656,2135.602021484375,2140.3033447265625,-0.34471718883545777,-0.017005716732329767,0.0193337961598794,0.02780429307061727,-0.008661991199441221,Capital Goods,1
2024-12-20,2028.5,2107.449951171875,2006.5,2090.0,29874,2135.030029296875,2166.4900146484374,2166.206689453125,2147.615026855469,2133.116025390625,2134.0166748046877,-0.5999004535809569,-0.02924009130971111,0.03031796894256833,0.03892036044953162,-0.01084545230465861,Capital Goods,1
2024-12-23,1999.449951171875,2039.4000244140625,1986.699951171875,2028.0,16611,2091.680029296875,2150.25,2159.1300130208333,2142.4875244140626,2129.702021484375,2127.626676432292,-0.7212273676995435,-0.01432095086424698,0.014278951474325119,0.019980531755132258,-0.006376753762967313,Capital Goods,1
2024-12-24,1986.5,2013.449951171875,1972.0,2010.0,17555,2045.960009765625,2132.8800048828125,2143.8400065104165,2138.19501953125,2125.32001953125,2121.7800130208334,-0.7753125646975197,-0.0064767568521958,0.011829851497608956,0.013566549797067617,-0.007299270072992692,Capital Goods,1
2024-12-26,1958.550048828125,2004.300048828125,1953.0,1999.0,24142,2012.52001953125,2104.0650146484377,2129.0433430989583,2131.4050170898436,2119.72001953125,2116.108349609375,-0.8920449442371254,-0.01406994773313617,0.020653008686746466,0.023359117132275564,-0.0028337538943392637,Capital Goods,1
2024-12-27,1948.0,2000.6500244140625,1935.75,1953.0,56069,1984.2,2077.885009765625,2114.6066731770834,2124.380017089844,2116.388017578125,2110.3683512369794,-0.9361069998877023,-0.005386662870544205,0.002566735112936369,0.027027733272106058,-0.006288501026694093,Capital Goods,1
2024-12-30,1926.5,1979.9000244140625,1906.949951171875,1960.0,73312,1963.8,2049.4150146484376,2098.9266764322915,2115.605017089844,2110.852021484375,2104.896687825521,-1.025901294864038,-0.011036960985626284,0.01738904749545811,0.02771867345655976,-0.010147962018232537,Capital Goods,1
2024-12-31,1919.9000244140625,1947.75,1901.0,1910.0,37992,1947.8900146484375,2019.7850219726563,2082.796671549479,2106.3200134277345,2103.5680224609373,2099.400020345052,-1.0534659532175397,-0.003425889221872567,-0.005156531219423166,0.014505950951501756,-0.009844275313153683,Capital Goods,1
2025-01-01,1934.0,1967.199951171875,1920.199951171875,1920.199951171875,15852,1937.3900146484375,1991.6750122070312,2067.7166748046875,2092.227508544922,2098.0340185546875,2093.9983520507812,-0.9945777035932232,0.007344119697191366,-0.0071354957746251335,0.017166469065085233,-0.0071354957746251335,Capital Goods,1
2025-01-02,1939.199951171875,1946.550048828125,1895.0,1940.0,57421,1933.5199951171876,1973.0200073242188,2047.2166748046875,2080.1625061035156,2091.8280126953123,2088.6866821289063,-0.9728602175750889,0.002688702777598242,0.00041256644403353526,0.0037902732267542927,-0.02279287968482291,Capital Goods,1
2025-01-03,1933.300048828125,1964.3499755859375,1927.0999755859375,1951.8499755859375,23710,1930.5800048828125,1957.3900024414063,2028.783341471354,2068.6000061035156,2085.6200146484375,2085.4200154622395,-0.9975010348488685,-0.0030424414667423226,0.00959495489024409,0.016060583444682308,-0.0032069896475437343,Capital Goods,1
2025-01-06,1883.75,1947.0,1866.0,1946.3499755859375,32222,1922.0300048828126,1942.9150024414062,2006.9533447265626,2054.702508544922,2076.8900146484375,2079.3816853841145,-1.2044457651076823,-0.02562977684615479,0.03323157297196411,0.033576642335766405,-0.009422694094226913,Capital Goods,1
2025-01-07,1884.0,1915.199951171875,1873.6500244140625,1900.0,33170,1914.85,1931.3700073242187,1984.8066813151042,2040.8100036621095,2068.0260107421873,2072.115018717448,-1.2034016453986551,0.00013271400132714,0.00849256900212314,0.016560483636876233,-0.0054936176146165305,Capital Goods,1
2025-01-08,1850.300048828125,1882.3499755859375,1839.5999755859375,1870.199951171875,32769,1898.110009765625,1917.7500122070312,1960.486678059896,2025.315008544922,2053.4040087890626,2064.713350423177,-1.3441487782458854,-0.017887447543458068,0.010754959638223704,0.017321475388875962,-0.005782885456315223,Capital Goods,1
2025-01-09,1870.449951171875,1888.949951171875,1844.949951171875,1847.550048828125,21421,1884.360009765625,1908.9400024414062,1943.4666748046875,2006.502508544922,2041.0020068359374,2057.2500122070314,-1.2599931375575577,0.010890072859540701,-0.012242991227540023,0.00989066827926055,-0.013633083303845495,Capital Goods,1
