Price,Close,High,Low,Open,Volume,MA_5,MA_10,MA_15,MA_20,MA_25,MA_30,Normalised Close,Return Ratio,Percentage Change Open,Percentage Change High,Percentage Change Low,Sector,Sector Encoded
Ticker,HONAUT.NS,HONAUT.NS,HONAUT.NS,HONAUT.NS,HONAUT.NS,,,,,,,,,,,,,
Date,,,,,,,,,,,,,,,,,,
2023-01-10,39976.00390625,40344.79454907631,39687.6845277766,40006.181116672306,2285,,,,,,,-0.37599634155337663,,0.0007548831167085712,0.009225300349959387,-0.007212311144194294,Capital Goods,1
2023-01-11,39757.75,40051.196825927,39496.020951771294,39976.00472395806,2054,,,,,,,-0.4111344850921995,-0.005459622896821795,0.005489614577234958,0.00738087104846219,-0.00658309507526722,Capital Goods,1
2023-01-12,39515.29296875,40036.05895560431,39369.837802366,39824.92352031605,3122,,,,,,,-0.45016925020792975,-0.0060983589677484264,0.007835714436203567,0.013178846662383448,-0.0036809841318659053,Capital Goods,1
2023-01-13,39472.6171875,39818.649470281045,39311.67465387152,39538.099051798636,2713,,,,,,,-0.45703990720078214,-0.0010799813956522963,0.0016589187382125559,0.008766388130215574,-0.004077321067006534,Capital Goods,1
2023-01-16,39258.09765625,39640.03370599262,39219.754662990315,39537.10362120519,1332,39595.95234375,,,,,,-0.49157682894691235,-0.005434641696825034,0.007106965992040859,0.00972884761474968,-0.0009766900473736628,Capital Goods,1
2023-01-17,39158.90234375,39637.691799341286,39039.7885278431,39324.972321326386,1976,39432.53203125,,,,,,-0.5075469400385821,-0.0025267478156626327,0.0042409252465396285,0.012226835455915186,-0.0030418068121849107,Capital Goods,1
2023-01-18,39456.93359375,39830.90228424694,39158.90395158965,39158.90395158965,1870,39372.36875,,,,,,-0.4595649129514734,0.007610817264073992,-0.007553289498592908,0.009477895427641103,-0.007553289498592908,Capital Goods,1
2023-01-19,40375.51953125,40478.09948089185,39456.92946490702,39461.41111319234,3909,39544.4140625,,,,,,-0.31167567202468394,0.02328072290051208,-0.0226401648491521,0.0025406471751392434,-0.02275116399758037,Capital Goods,1
2023-01-20,40346.58984375,40583.31970270815,39783.94454110024,40334.8371871969,3537,39719.20859375,,,,,,-0.31633325423878594,-0.0007165155479326746,-0.00029129243880621214,0.005867406883083071,-0.013945300081833811,Capital Goods,1
2023-01-23,40540.79296875,40654.57704187257,40036.058989298566,40384.63164219047,1854,39975.74765625,39785.85,,,,,-0.28506720544641545,0.004813371483242805,-0.003851955404027274,0.002806656327869028,-0.012450027305595524,Capital Goods,1
2023-01-24,40190.57421875,40705.21683640024,39676.032749412974,40540.79247262584,5231,40182.08203125,39807.30703125,,,,,-0.3414512441970947,-0.008638675377414511,0.008713940039016821,0.012805057595075331,-0.012802540877780655,Capital Goods,1
2023-01-25,39715.07421875,40334.93834732873,38940.597104561675,40075.89750341156,9263,40233.71015625,39803.039453125,,,,,-0.41800514208505185,-0.011831132280219233,0.009085298007354803,0.015607779684976286,-0.019500835121760485,Capital Goods,1
2023-01-27,38144.15625,39633.705180170306,37854.988790287294,39612.79082172263,3915,39787.4375,39665.92578125,,,,,-0.6709176421272066,-0.03955470308572027,0.03850221675102938,0.03905051459016895,-0.007580911157595849,Capital Goods,1
2023-01-30,37886.21484375,38341.00101986058,37421.81568718426,38192.60865786881,6332,39295.3625,39507.285546875,,,,,-0.71244533944611,-0.006762278461723741,0.00808721101810872,0.01200400140225688,-0.012257734336380999,Capital Goods,1
2023-01-31,39063.34375,39239.32236946609,37819.58514460536,38143.8082931612,7574,38999.87265625,39487.81015625,39523.85755208333,,,,-0.5229315516647741,0.03107011115005035,-0.023539599239729703,0.004504955351296358,-0.03183953256419947,Capital Goods,1
2023-02-01,38969.28125,39619.71552634133,38538.743422887506,39537.10458055946,2573,38755.6140625,39468.848046875,39456.74270833333,,,,-0.5380752972380359,-0.0024079479883234523,0.014571049615123677,0.016690948754445545,-0.011048133640198854,Capital Goods,1
2023-02-02,39346.73046875,39518.02901759462,38517.67225774028,38802.25691083535,1755,38681.9453125,39457.827734375,39429.34140625,,,,-0.47730724476679154,0.009685814227071484,-0.01383783484493284,0.00435356500537365,-0.02107057438147686,Capital Goods,1
2023-02-03,39708.15234375,39954.39402886985,39042.77537881085,39533.119073133974,2300,38994.74453125,39391.091015625,39442.19869791667,,,,-0.4191195406380344,0.009185563087307821,-0.004407993328442439,0.006201287911564268,-0.016756684097991692,Capital Goods,1
2023-02-06,39430.2890625,39812.12394518985,39247.5374022938,39708.15125976174,2087,39303.559375,39299.4609375,39439.37682291667,,,,-0.4638545927087499,-0.006997638138500172,0.007046922654340815,0.009683796182285542,-0.004634803967998535,Capital Goods,1
2023-02-07,39063.54296875,39782.10062556168,38861.86878232676,39488.30366262413,2252,39303.59921875,39151.7359375,39426.406510416666,39468.79296875,,,-0.522899478117256,-0.00930112617659687,0.010873583438499868,0.01839458487896284,-0.00516272132777551,Capital Goods,1
2023-02-08,38906.53515625,39543.473863101135,38673.73842383464,39043.67281691801,4639,39291.05,39023.33203125,39409.58203125,39415.31953125,,,-0.5481772069200668,-0.004019292684885313,0.0035247975723682323,0.01637099536859732,-0.0059834866168482215,Capital Goods,1
2023-02-09,37923.85546875,38741.25831658585,36870.12348121565,38536.25014060159,20557,39006.475,38844.21015625,39307.37682291667,39323.6248046875,,,-0.7063853256444509,-0.025257445402257595,0.016148006690833716,0.021553790819327734,-0.02778546575789609,Capital Goods,1
2023-02-10,37987.25,38293.19642457922,37257.43766563092,38183.59444322462,3207,38662.29453125,38828.51953125,39148.158854166664,39247.22265625,,,-0.696179019709714,0.0016716267496124791,0.005168693264835378,0.008053924002901391,-0.019212033889504543,Capital Goods,1
2023-02-13,38499.55078125,38624.83853266336,37878.842465351736,38231.44938740894,3868,38476.146875,38889.853125,39025.02291666667,39198.5693359375,,,-0.6137003200341448,0.013486124456232025,-0.006963753820515506,0.003254265280268509,-0.016122482036869945,Capital Goods,1
2023-02-14,37251.3125,38499.54879823513,37101.62467007205,38442.58284731289,5356,38113.70078125,38708.65,38805.72421875,39098.230078125,39197.77453125,,-0.814662477600184,-0.03242215184126032,0.031979285221504394,0.03350851861220017,-0.004018323647735911,Capital Goods,1
2023-02-15,37147.78515625,37944.57323828095,37058.94970218616,37359.46913093691,6214,37761.95078125,38526.500390625,38602.87161458333,38997.67421875,39084.64578125,,-0.8313300311271008,-0.002779159626925897,0.005698427881945856,0.02144914101014428,-0.00239140647794156,Capital Goods,1
2023-02-16,37204.5546875,37575.13879673747,37100.18518065939,37207.64360163566,7366,37618.090625,38312.2828125,38435.503645833334,38885.0552734375,38982.51796875,,-0.8221903278706135,0.001528207698284502,8.302516080638256e-05,0.009960718851500738,-0.0028052884308725767,Capital Goods,1
2023-02-17,37094.8515625,37247.47658352742,36699.71957494614,37204.55079636346,9438,37439.6109375,38050.952734375,38365.55,38721.021875,38885.7003125,,-0.839852161370592,-0.0029486477105142746,0.002957263049796266,0.004114452938847046,-0.010651936074959512,Capital Goods,1
2023-02-20,36606.203125,37446.558834377065,36407.81238858076,37247.47562107567,4354,37060.94140625,37768.544140625,38280.21588541667,38534.0025390625,38771.04375,,-0.9185229133947452,-0.01317294494834926,0.01751813740108199,0.022956647716439793,-0.005419593388087618,Capital Goods,1
2023-02-21,35845.0234375,36801.70370230705,35757.13332781682,36699.72285354488,15092,36779.68359375,37446.6921875,38065.66119791667,38299.2140625,38634.52078125,38794.759375,-1.0410702784236876,-0.020793735009904828,0.023844297871227438,0.026689346890095722,-0.0024519473347933696,Capital Goods,1
2023-02-22,36056.8515625,36352.93989789882,35320.51520813618,35730.737740330784,11534,36561.496875,37161.723828125,37871.49921875,38092.5279296875,38510.43875,38664.12096354167,-1.0069666640155963,0.005909554651829066,-0.00904443422088419,0.008211707971384818,-0.020421537723211203,Capital Goods,1
2023-02-23,36589.0234375,36776.80138196586,35654.00069281222,36056.85106376871,15764,36438.390625,37028.240625,37687.652083333334,37936.225390625,38395.72234375,38558.496744791664,-0.9212887851983667,0.01475924413637578,-0.014544590801673918,0.005132084073974141,-0.025554733546932606,Capital Goods,1
2023-02-24,36001.58203125,37293.29278105031,35803.44414032961,36505.51853040108,15703,36219.73671875,36829.673828125,37440.54739583333,37829.0966796875,38220.76484375,38441.373046875,-1.0158648723260648,-0.016055126676267965,0.01399762095770285,0.035879277435060475,-0.005503588446430063,Capital Goods,1
2023-02-27,34845.11328125,36001.57688902058,34708.920976080466,36001.57688902058,8589,35867.51875,36464.230078125,37134.86901041667,37677.0416015625,38000.70578125,38287.12291666667,-1.202052444561845,-0.032122720301462446,0.03318868842343137,0.03318868842343137,-0.003908505163127685,Capital Goods,1
2023-02-28,34346.60546875,35132.885761251666,34244.57405432908,34955.860654231816,5368,35567.83515625,36173.759375,36820.406510416666,37441.2046875,37752.93828125,38123.406510416666,-1.2823105227416007,-0.01430639092708144,0.017738439568246278,0.022892518249497895,-0.0029706404178354573,Capital Goods,1
2023-03-01,35122.4296875,35241.09222231641,34359.30455375182,34408.10472543685,12571,35380.95078125,35971.223828125,36568.1328125,37248.862109375,37550.2125,37988.857421875,-1.157405437523532,0.02258809009396512,-0.0203381419912807,0.0033785400347356997,-0.021727572395703998,Capital Goods,1
2023-03-02,35256.08203125,35540.468302893845,34858.36296162079,35106.246362074984,14265,35114.3625,35776.3765625,36390.28125,37044.3296875,37371.8528125,37848.82903645833,-1.1358878604974045,0.0038053273916174024,-0.004249924000125915,0.008066303890255755,-0.011280864086845588,Capital Goods,1
2023-03-03,35130.34375,35359.30850451596,34934.69569173202,35275.549925555315,4529,34940.11484375,35579.92578125,36199.82083333333,36815.4392578125,37251.3003125,37673.98984375,-1.1561313001260476,-0.003566428088593313,0.004133354816811652,0.006517577970353905,-0.005569204208768386,Capital Goods,1
2023-03-06,35314.74609375,36052.37412027901,35159.580677897604,35205.84047380837,10195,35034.04140625,35450.780078125,35987.50052083333,36609.662109375,37148.4415625,37506.26171875,-1.1264431440929508,0.005249090218480996,-0.0030838568017030887,0.020887252723574168,-0.004393785401726524,Capital Goods,1
2023-03-08,35638.31640625,35712.61373227404,34883.15866464471,35197.97111707518,3001,35292.38359375,35430.109375,35879.967447916664,36438.40078125,37011.44046875,37342.84583333333,-1.0743494139926366,0.009162470307474913,-0.012355950942104288,0.0020847597057365164,-0.021189489789502414,Capital Goods,1
2023-03-09,35696.4296875,36351.147148786156,35355.22530909338,35559.3892862304,6483,35407.18359375,35394.0671875,35783.21041666667,36277.8955078125,36880.52640625,37193.041015625,-1.0649933715136743,0.0016306404766025507,-0.0038390506408989555,0.018341258972334185,-0.009558501547455855,Capital Goods,1
2023-03-10,35425.98828125,35743.58621725865,34980.71004611834,35639.064992501255,3844,35441.16484375,35277.763671875,35664.639322916664,36153.0021484375,36723.69671875,37050.071484375,-1.1085335267160676,-0.007576147211851326,0.006014700551460139,0.008965111530191194,-0.01256925372403317,Capital Goods,1
2023-03-13,34763.75,35454.81863060743,34661.46571152608,35356.22236531445,3116,35367.84609375,35153.98046875,35509.23255208333,35991.8271484375,36525.920625,36937.391276041664,-1.2151516587040987,-0.01869357252626046,0.017042820907251066,0.019879001275967756,-0.0029422685548573524,Capital Goods,1
2023-03-14,34633.03515625,35055.30602863196,34203.34155368945,34856.218912861885,3066,35231.50390625,35132.77265625,35377.68802083333,35798.5013671875,36334.03046875,36828.951953125,-1.2361963081276062,-0.003760090431843515,0.0064442447970549654,0.012192719190704748,-0.012407044332728767,Capital Goods,1
2023-03-15,34742.23828125,35205.8399358508,34374.99207258395,35070.1455740047,3269,35052.28828125,35172.3359375,35304.16901041667,35673.04765625,36161.17828125,36684.91510416667,-1.2186149729429672,0.003153149139465266,0.009438289211540773,0.013344035316544378,-0.010570597256661207,Capital Goods,1
2023-03-16,34626.4609375,35006.65411555442,34396.35240884147,34911.49300176524,2914,34838.29453125,35122.7390625,35208.80963541667,35546.9814453125,35989.9753125,36540.15442708333,-1.237254735195704,-0.003332466458054424,0.008231625657028951,0.010979845117312426,-0.006645453287122516,Capital Goods,1
2023-03-17,34876.5390625,35255.63517671145,34690.099371004515,34810.356940145415,2204,34728.4046875,35084.784765625,35094.64401041667,35430.5806640625,35868.08265625,36391.148046875,-1.1969929996641335,0.007222168198228098,-0.0018976115214868194,0.010869659788549813,-0.005345705064409567,Capital Goods,1
2023-03-20,34710.81640625,35304.43644990589,34275.69967173614,35304.43644990589,2968,34717.81796875,35042.83203125,35008.59296875,35311.37890625,35737.0253125,36224.57018229167,-1.22367378894759,-0.004751694425671627,0.017101875009456702,0.017101875009456702,-0.012535479702387886,Capital Goods,1
2023-03-21,35246.32421875,35355.22984201114,34658.084464844724,34884.40773193197,3469,34840.47578125,35035.98984375,35035.34036458333,35243.3849609375,35606.89625,36085.1046875,-1.137458835432704,0.015427692804240032,-0.010268205120393836,0.0030898434283597176,-0.016689392920931856,Capital Goods,1
2023-03-22,35471.8984375,35857.619770620535,34807.47069255395,35504.616028313256,8616,34986.4078125,35019.348046875,35110.35989583333,35224.7287109375,35535.7196875,35965.383203125,-1.1011421462458622,0.006399935986232607,0.0009223524044223996,0.010873997448999306,-0.0187311019204891,Capital Goods,1
2023-03-23,35375.0,35496.65031064275,35056.55395497368,35270.57602691805,4078,35136.115625,34987.205078125,35127.197916666664,35190.6361328125,35464.80828125,35847.665364583336,-1.1167424682014409,-0.002731695842858002,-0.0029519144334121394,0.0034388780393710405,-0.009002008339966672,Capital Goods,1
2023-03-24,35629.75,35727.40091551996,35002.669362867506,35355.22569799683,4221,35286.7578125,35007.58125,35152.109114583334,35142.6724609375,35401.81609375,35771.19518229167,-1.075728576535916,0.007201413427561838,-0.007704917996987692,0.002740712901997844,-0.017599916842876984,Capital Goods,1
2023-03-27,35383.95703125,35940.77456333998,35014.76571575601,35653.999665324816,6816,35421.3859375,35069.601953125,35169.01666666667,35111.7912109375,35333.3803125,35684.41875,-1.1153004163493025,-0.006898531950125948,0.007631781652807312,0.01573644043254463,-0.010433861740447248,Capital Goods,1
2023-03-28,35532.6484375,35678.20475351463,34982.75173113445,35195.92958623677,6074,35478.65078125,35159.56328125,35183.54348958333,35146.16796875,35290.438125,35585.52200520833,-1.0913616009321012,0.0042022266226098,-0.00947632293313283,0.004096410552415053,-0.01547581535704523,Capital Goods,1
2023-03-29,35092.8515625,35670.38509904984,34949.886199932,35554.41077529913,6481,35402.84140625,35194.624609375,35147.17916666667,35183.4802734375,35260.35125,35513.57330729167,-1.1621674159903401,-0.012377261317111749,0.013152513752753947,0.01645729859031997,-0.00407391694326642,Capital Goods,1
2023-03-31,36236.81640625,36529.022223228276,35029.113281393424,35205.83884286741,6924,35575.2046875,35355.66015625,35183.20494791667,35239.199609375,35267.54984375,35483.207682291664,-0.9779929305311386,0.03259822991906516,-0.028451107620060534,0.008063782803167996,-0.03332806920224585,Capital Goods,1
2023-04-03,36431.765625,36540.072123227445,35713.7565649299,36236.86450234566,5097,35735.6078125,35511.1828125,35250.25677083333,35297.9837890625,35261.25953125,35457.448046875,-0.9466067631588473,0.005379866061202215,-0.005349757809173905,0.0029728588875506112,-0.01970832452812532,Capital Goods,1
2023-04-05,36851.24609375,37043.26059390563,35933.15792114576,36328.28989334437,6099,36029.065625,35725.22578125,35389.423177083336,35384.02890625,35295.24609375,35449.327864583334,-0.879071821054368,0.011514140518683687,-0.014191004534153895,0.005210529371710848,-0.02491335490443436,Capital Goods,1
2023-04-06,36278.6953125,36933.21439413927,35761.21274739184,36749.5173813903,8986,36178.275,35828.462890625,35499.13385416667,35432.2263671875,35352.589375,35438.4109375,-0.9712505677283587,-0.015536809251807228,0.01297792174814183,0.018041417311216,-0.014264089726784168,Capital Goods,1
2023-04-10,36657.69140625,36940.63045696765,36251.60429010497,36300.35388441457,7611,36491.24296875,35947.0421875,35626.830729166664,35483.1951171875,35445.0328125,35465.49986979167,-0.9102334735940324,0.01044679502626477,-0.009747954880063747,0.007718408875835747,-0.011077814793208463,Capital Goods,1
2023-04-11,36677.5625,36856.33047981821,36362.75003345123,36749.619005096465,8131,36579.3921875,36077.2984375,35763.57083333333,35532.2517578125,35507.238125,35486.190234375,-0.907034294452372,0.0005420716086505123,0.0019645936148691145,0.004874041992790845,-0.008583243953269037,Capital Goods,1
2023-04-12,36528.375,36714.81081246662,36457.715115146566,36677.56488736687,6237,36598.7140625,36167.1609375,35873.69322916667,35587.37109375,35558.12984375,35484.168619791664,-0.9310529792918244,-0.004067541293127099,0.0040842191136853945,0.005103862749619159,-0.0019343834718471564,Capital Goods,1
2023-04-13,36266.4921875,36702.8070822889,36070.79355466068,36649.92207881367,12382,36481.76328125,36255.414453125,35977.404947916664,35662.508203125,35603.57578125,35492.99895833333,-0.9732152297371157,-0.007169298182577243,0.010572566250171667,0.012030799464506359,-0.005396127969243492,Capital Goods,1
2023-04-17,35889.88671875,36540.37149796964,35829.283320004244,36266.49299805299,9945,36404.0015625,36291.13828125,36020.30911458333,35725.35078125,35626.58140625,35527.82473958333,-1.0338474413012246,-0.010384391928585939,0.010493381666380142,0.018124458968542978,-0.0016885926450721511,Capital Goods,1
2023-04-18,35662.66796875,36212.51800904847,35604.25870510511,36002.57689325012,10311,36204.996875,36348.119921875,36033.027083333334,35771.372265625,35627.55546875,35571.69348958333,-1.0704288944783629,-0.006330996577966177,0.00953122533619677,0.015418084838192403,-0.001637826527619124,Capital Goods,1
2023-04-19,35273.609375,35902.93081300663,35117.996591595176,35703.79702440305,6985,35924.20625,36251.79921875,36026.26770833333,35803.7296875,35610.64265625,35576.7328125,-1.1330660172088984,-0.01090940795823013,0.012195736615146169,0.01784114098776235,-0.004411592296962752,Capital Goods,1
2023-04-20,36183.0390625,36450.74366287498,35255.63731327252,35355.22950907273,4832,35855.1390625,36226.9265625,36063.153645833336,35869.0546875,35640.9246875,35607.63138020833,-0.9866509016817654,0.02578215565727033,-0.022878386527935723,0.007398621213452028,-0.025630841777152913,Capital Goods,1
2023-04-21,35811.16015625,36347.16452803781,35410.94739709731,36151.96384172984,4762,35764.07265625,36122.91796875,36091.63385416667,35924.071875,35682.82109375,35630.32526041667,-1.0465221526086796,-0.010277713422790245,0.00951668932234706,0.014967523237145341,-0.011175643497906562,Capital Goods,1
2023-04-24,35770.67578125,36032.40484243956,35373.404079620086,35853.18946925378,2703,35740.23046875,36072.116015625,36107.50234375,35950.289453125,35728.32671875,35645.52291666667,-1.0530400005788327,-0.0011304960471361439,0.0023067411001229665,0.007316860961479321,-0.011106072025571123,Capital Goods,1
2023-04-25,35561.43359375,36100.17676349592,35255.6855727173,35822.26398129782,6269,35719.98359375,35962.490234375,36138.74114583333,35954.7662109375,35761.09453125,35642.96015625,-1.086727287762277,-0.005849545275006489,0.007334642088041798,0.015149647112106424,-0.008597741714395757,Capital Goods,1
2023-04-26,35503.3203125,35604.20797918753,34507.84579777596,35604.20797918753,6649,35765.92578125,35845.066015625,36089.84140625,35961.1822265625,35796.16890625,35636.523177083334,-1.0960833302412394,-0.0016341658751410275,0.002841640325454531,0.002841640325454531,-0.02803891314845708,Capital Goods,1
2023-04-27,35206.8359375,35803.39317001287,34976.77797304178,35503.32111622912,6717,35570.68515625,35712.912109375,36008.179427083334,35940.0365234375,35809.38078125,35629.218098958336,-1.1438163156652663,-0.008350891476919522,0.008421238967780242,0.0169443580096742,-0.006534468614749156,Capital Goods,1
2023-04-28,35450.23828125,35641.307461644115,35235.57041925246,35355.2288842637,7948,35498.50078125,35631.28671875,35914.77890625,35943.3505859375,35838.95765625,35652.10104166667,-1.1046293584220972,0.006913496690872578,-0.0026800778102682443,0.005389785503788103,-0.00605547021417574,Capital Goods,1
2023-05-02,35410.89453125,35852.18903893627,35355.224058508225,35680.890488568286,2731,35426.54453125,35583.3875,35856.925520833334,35937.262890625,35845.54046875,35678.0296875,-1.1109635696103817,-0.0011098303398657074,0.007624657916506905,0.012462111266260845,-0.0015721283937812913,Capital Goods,1
2023-05-03,35984.8984375,36052.372145036636,35410.947878574574,35410.947878574574,2406,35511.2375,35615.610546875,35812.07265625,35981.865234375,35866.06046875,35719.45169270833,-1.0185508747074352,0.01620981095926406,-0.01594976181250829,0.0018750562170912755,-0.01594976181250829,Capital Goods,1
2023-05-04,36214.0625,36439.88779234285,35889.04182962246,35889.04182962246,1990,35653.3859375,35709.655859375,35781.17265625,35980.7275390625,35899.62296875,35772.371744791664,-0.9816562327721788,0.006368339843949296,-0.008974985073203046,0.0062358453250819235,-0.008974985073203046,Capital Goods,1
2023-05-05,36182.2890625,36407.067851356216,35983.65322283144,36201.76011319706,7247,35848.4765625,35709.580859375,35758.100260416664,35968.2537109375,35921.72453125,35815.896744791666,-0.9867716491547748,-0.0008773784355179704,0.0005381376137763016,0.006212398239037409,-0.005489863820540619,Capital Goods,1
2023-05-08,36293.984375,36726.611284912295,36103.71272116027,36726.611284912295,2012,36017.22578125,35757.86328125,35759.93307291667,35940.390625,35958.125625,35868.66901041667,-0.9687890801796151,0.003087016200303455,0.011920072082532096,0.011920072082532096,-0.005242512143990186,Capital Goods,1
2023-05-09,36167.3515625,36577.02559646568,35953.7768868815,36465.68074882042,1889,36168.5171875,35797.530859375,35778.43072916667,35934.8234375,35983.51375,35899.369921875,-0.9891765363255453,-0.0034890854415870398,0.008248577057263562,0.01132717813903894,-0.005905178742475203,Capital Goods,1
2023-05-10,36577.57421875,36649.926389584056,36142.154046235155,36285.46954367337,1721,36287.05234375,35899.144921875,35839.424479166664,35930.817578125,36042.90265625,35936.22578125,-0.9231320708410258,0.011342347131531136,-0.007985895219013606,0.0019780472702033425,-0.011904019930650378,Capital Goods,1
2023-05-11,37325.01171875,37421.76397153318,36614.17248961675,36614.17248961675,9434,36509.2421875,36081.3140625,35976.18463541667,35963.1900390625,36086.43046875,36001.226171875,-0.802797151697745,0.020434310256060028,-0.019044581539304994,0.002592155992132694,-0.019044581539304994,Capital Goods,1
2023-05-12,36869.2265625,37718.49894932303,36551.32907510058,37490.38226366385,3460,36646.6296875,36247.553125,36021.93046875,35980.2326171875,36103.92890625,36042.54205729167,-0.8761770261675854,-0.012211252864015552,0.016847538152471975,0.023034722070542024,-0.008622298785154303,Capital Goods,1
2023-05-15,37406.578125,37496.46007777608,36869.227678012656,36869.227678012656,1925,36869.1484375,36443.187109375,36128.291666666664,36037.2369140625,36126.1421875,36109.96276041667,-0.7896652351148846,0.014574527664394913,-0.01436513238906012,0.0024028381445564406,-0.01436513238906012,Capital Goods,1
2023-05-16,37693.3515625,38189.02110152,37327.151867202956,37486.49936716967,4280,37174.3484375,36671.4328125,36256.470052083336,36127.41015625,36182.7284375,36181.98619791667,-0.743495677909094,0.007666390562154635,-0.005487763405367163,0.013150052157026026,-0.009715233061454942,Capital Goods,1
2023-05-17,37301.0078125,38044.214489537095,37088.12951807229,37944.571730853306,2880,37319.03515625,36803.04375,36372.441666666666,36209.3271484375,36208.46109375,36255.59140625,-0.8066616997271343,-0.010408831630412277,0.017253258185095044,0.019924573640823562,-0.005707038681039944,Capital Goods,1
2023-05-18,40042.6796875,41090.541195994665,38940.94114112114,39338.9130684427,57440,37862.56875,37185.90546875,36675.065625,36447.7806640625,36343.06578125,36382.453515625,-0.3652617654242236,0.07350128148766087,-0.017575412648444533,0.026168616003533263,-0.027514106322978793,Capital Goods,1
2023-05-19,38917.390625,40086.45508899916,38095.008126235545,40086.45508899916,13828,38272.2015625,37459.415625,36922.4359375,36584.4982421875,36438.62640625,36465.30768229167,-0.5464295130268735,-0.028102241690165355,0.030039641538766704,0.030039641538766704,-0.021131491231998645,Capital Goods,1
2023-05-22,39356.6953125,39673.49574677592,38592.77261191679,38915.59915198144,4836,38662.225,37765.68671875,37182.86640625,36761.775,36562.23453125,36548.82265625,-0.47570293849779693,0.011288133157051817,-0.01120765239601973,0.008049467358996143,-0.019410234891865552,Capital Goods,1
2023-05-23,39755.70703125,39836.87466337663,39356.84032368294,39445.477369808956,4584,39074.69609375,38124.522265625,37472.52057291667,36961.0265625,36716.86734375,36664.723046875,-0.4114633961775324,0.010138344075430305,-0.007803399426331126,0.002041659882009439,-0.010032942119568622,Capital Goods,1
2023-05-24,39727.0234375,40161.4437747322,39538.89535428943,39573.00567799161,2730,39559.89921875,38439.4671875,37721.99557291667,37169.3060546875,36879.4415625,36767.03411458333,-0.4160813581270532,-0.000721496255303754,-0.003876901569298097,0.0109351343152011,-0.004735519224251417,Capital Goods,1
2023-05-25,39808.9375,40133.80642847538,39366.798774023075,40133.80642847538,2144,39513.15078125,38687.859765625,37961.65390625,37384.5869140625,37060.8546875,36871.41328125,-0.4028934700593082,0.002061922978671437,0.008160703321342888,0.008160703321342888,-0.011106519132215609,Capital Goods,1
2023-05-26,39852.66015625,40185.44587994328,39470.07445068819,39835.87731727017,1662,39700.2046875,38986.203125,38206.3453125,37616.878125,37207.63953125,36982.22278645833,-0.39585426971871357,0.0010983125648605918,-0.0004211221763874562,0.008350401764613213,-0.00960000421707885,Capital Goods,1
2023-05-29,39595.61328125,40334.98413175976,39488.30269825537,40334.83629960511,1841,39747.98828125,39205.106640625,38426.45390625,37824.146875,37359.01765625,37093.19348958333,-0.43723795052032977,-0.006449930167577231,0.01866931604529931,0.01867304959410432,-0.0027101634272563846,Capital Goods,1
2023-05-30,40122.85546875,40313.92465116143,39538.10145139724,39717.36740256227,2746,39821.41796875,39448.05703125,38690.15416666667,38059.744921875,37533.10484375,37234.29244791667,-0.35235373478090143,0.013315671707241086,-0.010106161723797302,0.0047621032994584755,-0.014574087774191447,Capital Goods,1
2023-05-31,39891.25390625,40235.14261756739,39741.66332831009,40122.85242611681,992,39854.2640625,39707.081640625,38911.066145833334,38255.0626953125,37706.29765625,37375.2453125,-0.3896408060034384,-0.005772310066026699,0.005805746803825729,0.008620654345074641,-0.003749959284094495,Capital Goods,1
2023-06-01,40043.58203125,40311.93242028448,39781.05545138041,40080.13158843377,1813,39901.19296875,39707.171875,39092.30416666667,38446.538671875,37887.908125,37534.244401041666,-0.36511649112075917,0.0038185845287789723,0.0009127444481675795,0.006701458146902484,-0.006556021378524957,Capital Goods,1
2023-06-02,41079.734375,41294.4566844987,40085.80435707771,40085.854931234746,5627,40146.6078125,39923.40625,39373.0046875,38691.4109375,38122.8240625,37697.467578125,-0.19829945490665826,0.02587561579634377,-0.024193911155620862,0.00522696440874193,-0.024195142277433246,Capital Goods,1
2023-06-05,40964.7578125,41528.44961148803,40802.92050271987,41081.77863649486,3977,40420.43671875,40084.2125,39610.21666666667,38924.949609375,38343.40484375,37869.254166666666,-0.21681029407623412,-0.002798863338560718,0.002856621892664002,0.013760408436151561,-0.003950647298365029,Capital Goods,1
2023-06-06,40733.0546875,41216.9209705251,40389.609491056755,40932.386884044696,3077,40542.4765625,40181.947265625,39812.863541666666,39153.234765625,38556.29125,38034.666796875,-0.25411371651907444,-0.005656157569892871,0.004893622589171143,0.011878958912786564,-0.008431609145892027,Capital Goods,1
2023-06-07,40892.50390625,41081.72907311016,40534.022585307095,40827.819554905764,4822,40742.7265625,40298.4953125,40052.296614583334,39368.98125,38752.59546875,38212.369140625,-0.22844292953589454,0.003914492050087546,-0.0015818143954337005,0.00462738029674048,-0.008766431171951639,Capital Goods,1
2023-06-08,40848.9296875,40982.13423716011,40484.22387800857,40840.76390625769,3347,40903.79609375,40402.49453125,40106.046614583334,39545.1771484375,38937.99015625,38390.55611979167,-0.23545823193912274,-0.0010655796194309374,-0.00019990196327723808,0.003260906728258073,-0.00892816072003555,Capital Goods,1
2023-06-09,40677.43359375,41081.777880280766,40534.02084187702,41081.777880280766,1651,40823.3359375,40484.971875,40223.3828125,39735.5875,39117.7959375,38572.909375,-0.26306852520751606,-0.0041983007893222415,0.009940260503378706,0.009940260503378706,-0.0035256096366663714,Capital Goods,1
2023-06-12,40852.6640625,40982.235052421885,40272.24002528823,40832.796199486394,3212,40800.9171875,40610.676953125,40323.1140625,39907.891796875,39300.143125,38752.990234375,-0.23485701014643012,0.004307805416144144,-0.00048632967933770477,0.003171665615825159,-0.014207740193486251,Capital Goods,1
2023-06-13,41065.79296875,41299.33665383542,40852.66568257397,40852.66568257397,5255,40867.46484375,40704.970703125,40410.453125,40076.5138671875,39496.08078125,38941.48684895833,-0.20054397433983812,0.005217013654823995,-0.005189898228391998,0.00568706137643904,-0.005189898228391998,Capital Goods,1
2023-06-14,41731.265625,41853.616181673264,41131.5728329115,41231.165018947606,8538,41035.2171875,40888.971875,40544.06927083333,40298.0267578125,39702.2284375,39133.032421875,-0.09340511887445409,0.016205036068739923,-0.011983835106903595,0.0029318678655163577,-0.014370347582490783,Capital Goods,1
2023-06-15,41822.4453125,42027.90478147438,41579.790494220266,41731.26788318615,1740,41229.9203125,41066.858203125,40678.303125,40387.0150390625,39882.12578125,39319.978515625,-0.07872549640057218,0.0021849250468305203,-0.0021801075626393107,0.004912660353529663,-0.005802023685286706,Capital Goods,1
2023-06-16,41869.00390625,42016.94888200584,41812.53591279511,41822.74411223194,2079,41468.234375,41145.78515625,40812.72604166667,40534.595703125,40082.116875,39509.53567708333,-0.07122971967766076,0.001113244177907609,-0.001104869705561673,0.0035335203122364156,-0.0013486825141895142,Capital Goods,1
2023-06-19,42225.79296875,42426.27282473933,41709.209058687404,42044.78416391675,2788,41742.86015625,41271.888671875,40988.07135416667,40678.0505859375,40274.88546875,39707.26263020833,-0.01378788275197209,0.008521556025046497,-0.00428668811423405,0.004747805592134169,-0.012233847460127123,Capital Goods,1
2023-06-20,42461.328125,42625.5579786152,41948.2299460787,42226.94024271971,7737,42021.9671875,41444.716015625,41143.96953125,40813.331640625,40465.60453125,39917.061848958336,0.024132483810775616,0.00557799249440531,-0.00552003181789984,0.0038677512189853047,-0.012083893782380284,Capital Goods,1
2023-06-21,42475.87109375,42650.35583447644,42239.090659432506,42461.32907772281,1508,42170.88828125,41603.052734375,41316.27734375,40950.7740234375,40672.5990625,40113.67174479167,0.026473852779598437,0.00034249914904186713,-0.0003423594537965702,0.0041078555008637885,-0.005574469180276154,Capital Goods,1
2023-06-22,41958.140625,42516.055315954975,41569.781643792405,42475.872199995436,2822,42198.02734375,41713.973828125,41443.91458333333,41058.2341796875,40749.2175,40268.109375,-0.05687900828911175,-0.012188813446751892,0.012339240187563494,0.013296935532518539,-0.009255867286363961,Capital Goods,1
2023-06-23,41357.9453125,42225.09367021262,41330.755868527376,41778.92069119816,1707,42095.815625,41782.025,41462.46197916667,41133.4984375,40846.8396875,40417.73333333333,-0.15350843135105818,-0.014304621309705619,0.010178827200366891,0.020966910980718678,-0.0006574176682903055,Capital Goods,1
2023-06-26,41375.42578125,41664.39095237997,40957.337006967355,41357.94657456852,1407,41925.7421875,41834.301171875,41489.83984375,41222.4890625,40927.58890625,40550.02825520833,-0.15069413477961524,0.00042266289144486863,-0.0004224538201464956,0.0069839806037939045,-0.010104760649305766,Capital Goods,1
2023-06-27,41366.80859375,41629.5335572783,41133.66562158398,41525.907110156106,1564,41706.83828125,41864.402734375,41532.090104166666,41284.68671875,40992.03296875,40672.476822916666,-0.1520814729330461,-0.0002082682495053629,0.0038460428013329384,0.006351105450469685,-0.005635991271544238,Capital Goods,1
2023-06-28,41604.140625,41729.128827095476,40086.853566095946,41430.35224838119,12849,41532.4921875,41851.690234375,41579.532552083336,41370.3310546875,41067.11765625,40815.91458333333,-0.11387181554954673,0.005737257461187322,-0.004177189433745454,0.0030042250655304414,-0.03646961663215598,Capital Goods,1
2023-06-30,41509.08203125,41904.96101117256,41264.23306074719,41654.43606354999,2481,41442.68046875,41820.35390625,41623.542708333334,41443.6060546875,41135.1234375,40864.794661458334,-0.1291759288603991,-0.002284834930417458,0.0035017404670756314,0.009537165375628653,-0.005898684300425616,Capital Goods,1
2023-07-03,41632.5703125,42402.266154988865,41490.6514535015,41707.2138746602,2296,41497.60546875,41796.710546875,41687.218489583334,41471.2478515625,41206.31984375,40955.30065104167,-0.10929473165078431,0.002974970180189294,0.001792912654681622,0.018487829041335058,-0.003408842114076438,Capital Goods,1
2023-07-04,42406.90234375,42525.86443469597,41778.17608049578,41914.31782393586,5509,41703.90078125,41814.821484375,41790.834375,41543.355078125,41318.77140625,41056.97421875,0.015370116407442718,0.018599188698601925,-0.011615668501822052,0.0028052530218232175,-0.014826036057945635,Capital Goods,1
2023-07-05,42319.7578125,42926.82275518241,42108.12441904348,42525.76191330337,1969,41894.490625,41800.664453125,41874.43203125,41622.690234375,41406.6475,41142.442578125,0.001340140494074912,-0.0020549610189305304,0.0048677996153967396,0.014344716842947136,-0.0050008176888481914,Capital Goods,1
2023-07-06,42311.54296875,42490.758334276536,42040.850621761885,42415.5662317976,2525,42035.97109375,41784.231640625,41913.1171875,41693.6421875,41503.4590625,41228.59322916667,1.75783287688698e-05,-0.00019411367584843737,0.002458507909400387,0.004235614041749658,-0.0063976004653869545,Capital Goods,1
2023-07-07,42572.2265625,42694.57323513122,42195.865337966265,42326.68123716488,1675,42248.6,41845.640234375,41963.10260416667,41779.80703125,41604.60484375,41320.702864583334,0.04198675859586289,0.006161051463959442,-0.005767735097778837,0.0028738612590910595,-0.008840534191492222,Capital Goods,1
2023-07-10,43192.984375,43271.81003616964,42191.83389883577,42607.23058340346,19940,42560.6828125,42029.144140625,42051.36796875,41905.5845703125,41689.13484375,41432.04700520833,0.1419266748761503,0.014581286031367649,-0.013561317886975455,0.0018249644545345056,-0.023178543706826926,Capital Goods,1
2023-07-11,43743.078125,43814.03755717423,43003.50888961165,43173.212417588875,3252,42827.91796875,42265.909375,42152.5203125,42050.1052734375,41800.26765625,41570.29583333333,0.23048991518383363,0.012735719885065246,-0.013027563030262312,0.0016221865313514883,-0.016907114613081364,Capital Goods,1
2023-07-12,43418.109375,43969.95124792237,43124.514715389814,43720.97077652983,1616,43047.58828125,42471.039453125,42216.30572916667,42167.72109375,41907.66984375,41680.13763020833,0.17817104135780404,-0.007429032521931149,0.006975462678810551,0.01270994709042128,-0.00676203233711592,Capital Goods,1
2023-07-13,43041.8984375,43820.56149371566,42851.52953159326,43287.74330282616,2437,43193.659375,42614.815234375,42254.04088541667,42233.252734375,41993.645625,41785.15911458333,0.11760234799564287,-0.00866483923218962,0.005711757014694507,0.01809081579768912,-0.004422874288018908,Capital Goods,1
2023-07-14,43054.94921875,43512.97215059548,42846.7003905297,43156.28427343863,2338,43290.20390625,42769.401953125,42327.161458333336,42294.8779296875,42081.88640625,41885.53802083333,0.11970347980462408,0.0003032110971812894,0.0023536215122161863,0.010638101778227549,-0.004836815093248514,Capital Goods,1
2023-07-17,42927.91796875,43279.27999269023,42826.68406387082,43279.27999269023,1545,43237.190625,42898.93671875,42431.82630208333,42347.8236328125,42171.90578125,41947.144140625,0.09925187656365761,-0.0029504447759208866,0.008184930473357888,0.008184930473357888,-0.002358230020679586,Capital Goods,1
2023-07-18,43135.765625,43299.548091734905,42928.318207988785,42928.318207988785,1539,43115.728125,42971.823046875,42549.182291666664,42393.322265625,42263.22984375,42019.511067708336,0.1327146489144751,0.004841782832358786,-0.004809174336087074,0.003796906450177495,-0.004809174336087074,Capital Goods,1
2023-07-19,42548.21875,43185.16131860198,42389.520944527525,43185.16131860198,1687,42941.75,42994.669140625,42627.94296875,42397.666796875,42322.526875,42080.01653645833,0.03812158167338503,-0.013620875078648844,0.014969899735273406,0.014969899735273406,-0.0037298342947077456,Capital Goods,1
2023-07-20,42408.6953125,42799.89031184444,42326.67959015445,42550.76201151409,992,42815.109375,43004.384375,42681.57994791667,42394.3080078125,42349.6240625,42130.55625,0.015658778335105806,-0.0032791839846409553,0.003349942693761987,0.009224405430580118,-0.001933936466123276,Capital Goods,1
2023-07-21,42444.49609375,42725.04649511905,41744.063492841844,41744.063492841844,1495,42693.01875,42991.611328125,42743.94088541667,42418.62578125,42374.50609375,42183.741796875,0.0214225834920387,0.0008441849244875894,-0.01650231868370078,0.00660981816698647,-0.01650231868370078,Capital Goods,1
2023-07-24,41859.04296875,42525.8126509326,41456.29372655878,42525.8126509326,1620,42479.24375,42858.2171875,42759.0390625,42443.6806640625,42374.10765625,42223.12877604167,-0.07283339705356681,-0.013793381448253515,0.01592892801396295,0.01592892801396295,-0.009621558775051109,Capital Goods,1
2023-07-25,42424.87890625,42624.46009277007,41779.5215348134,41928.310705988915,1415,42337.06640625,42726.397265625,42760.2375,42496.1533203125,42382.07109375,42275.5359375,0.018264282401136683,0.013517651082525384,-0.011704646260945029,0.004704343103986153,-0.015211766964914664,Capital Goods,1
2023-07-26,42123.1640625,42817.62120631012,41979.35449111657,42424.88172516876,1261,42252.05546875,42596.902734375,42747.13125,42533.97109375,42368.54453125,42310.781640625,-0.030310790868513054,-0.0071117431924019375,0.007162749270712032,0.01648634805257565,-0.0034140258592647577,Capital Goods,1
2023-07-27,41864.0234375,42625.45628573353,41679.330503690384,42123.161531528276,1667,42143.12109375,42479.115234375,42717.296614583334,42546.965234375,42344.070625,42315.20690104167,-0.07203155836561378,-0.006151974353481652,0.00618999495868211,0.01818823862857566,-0.004411733957806252,Capital Goods,1
2023-07-28,41828.91796875,41928.311751869485,41629.535183566375,41828.719562435115,1846,42020.00546875,42356.512109375,42667.74270833333,42562.95703125,42338.90171875,42315.42265625,-0.07768342055277755,-0.0008385593611758306,-4.7432810724723495e-06,0.002376197806353453,-0.004766625455924545,Capital Goods,1
2023-07-31,42817.6171875,43123.4157672111,41939.86380606984,42222.65503509827,2363,42211.7203125,42345.48203125,42642.71822916667,42622.209375,42397.28859375,42347.04309895833,0.0814938224211247,0.023636739049493177,-0.013895265348288,0.007141886910053907,-0.020499818511302004,Capital Goods,1
2023-08-01,43058.1328125,43321.60471697781,42697.76082390653,43031.79145753183,2322,42338.37109375,42337.71875,42597.05520833333,42654.7708984375,42464.596875,42374.787760416664,0.12021602767182542,0.005617211811361963,-0.0006117625927458681,0.006118981183534267,-0.008369429073079804,Capital Goods,1
2023-08-02,42750.7421875,43038.76200347529,42442.006419339006,43038.76200347529,4757,42463.88671875,42357.97109375,42552.5640625,42676.3201171875,42519.95421875,42384.434895833336,0.07072717274445353,-0.0071389678307361,0.006737188671767758,0.006737188671767758,-0.0072217639358613805,Capital Goods,1
2023-08-03,42110.58984375,43163.16948726166,41821.68165563462,42715.008745892206,3679,42513.2,42328.160546875,42490.476822916666,42666.2724609375,42540.2121875,42372.25885416667,-0.03233519772068621,-0.014974063864022828,0.014353133128386153,0.024995604369761226,-0.006860701528697888,Capital Goods,1
2023-08-04,42248.6328125,42719.001972516555,41722.668544288186,42719.001972516555,1416,42597.14296875,42308.57421875,42436.722395833334,42650.0927734375,42569.79421875,42381.94192708333,-0.010110744862982822,0.003278105798617498,0.011133358139754801,0.011133358139754801,-0.012449261270679468,Capital Goods,1
2023-08-07,42285.5625,42570.2286290201,42063.22886066836,42470.466233720246,1027,42490.73203125,42351.226171875,42393.898697916666,42604.7216796875,42595.91390625,42412.8625,-0.004165189603447243,0.000874103729318164,0.004372739128638781,0.0067319934320395625,-0.005257908992735816,Capital Goods,1
2023-08-08,42075.85546875,42530.35591511538,41928.68185333476,42530.35591511538,793,42294.2765625,42316.323828125,42323.238020833334,42521.360546875,42582.67203125,42436.21015625,-0.03792731506443387,-0.004959305702744288,0.010801930021433481,0.010801930021433481,-0.003497816355143235,Capital Goods,1
2023-08-09,41766.5859375,42408.58291067933,41661.9303598876,42408.58291067933,2149,42097.4453125,42280.666015625,42271.129166666666,42438.784375,42560.54515625,42449.53606770833,-0.08771866756741784,-0.007350285046009259,0.015371066577958281,0.015371066577958281,-0.002505724977593493,Capital Goods,1
2023-08-10,42404.640625,42520.373114285445,41771.774996076194,41771.774996076194,1254,42156.25546875,42334.727734375,42270.85885416667,42406.921484375,42564.2690625,42476.219401041664,0.015005987309148757,0.0152766780711929,-0.014924442692970108,0.0027292411297363817,-0.014924442692970108,Capital Goods,1
2023-08-11,41952.3359375,42383.43098639925,41504.22587694812,42121.12142201933,2463,42096.99609375,42347.06953125,42238.048177083336,42351.7908203125,42539.4734375,42490.99453125,-0.057813543418757385,-0.010666395961232132,0.0040232678526122,0.010275829444670093,-0.01068140904524284,Capital Goods,1
2023-08-14,41041.89453125,41920.35108707705,40923.366488068095,41632.03941993464,2043,41848.2625,42169.497265625,42183.571614583336,42257.4896484375,42453.42984375,42471.305338541664,-0.20439154225583545,-0.0217018048197927,0.01437908496732021,0.02140389876880988,-0.0028879768961848074,Capital Goods,1
2023-08-16,40604.41015625,41224.24939576875,40324.48514743578,41069.09073951467,1661,41553.9734375,41924.125,42062.20703125,42130.921875,42327.883125,42411.222265625,-0.27482505260562884,-0.010659458584858745,0.011444091454020144,0.015265318154691565,-0.006893955797831808,Capital Goods,1
2023-08-17,40332.12109375,40703.72599463647,40000.34395375237,40603.96359445409,1892,41267.08046875,41682.262890625,41942.80416666667,42020.1169921875,42204.44359375,42344.96770833333,-0.3186626742389255,-0.006705898730019802,0.006740099288906842,0.009213621570328456,-0.008226126744646733,Capital Goods,1
2023-08-18,40108.7421875,40424.29969828132,39875.32772707009,40324.486612606546,1402,40807.90078125,41482.078125,41825.785416666666,41905.1193359375,42087.11734375,42271.541015625,-0.3546259255099793,-0.005538486451797734,0.005378987555829662,0.007867549406215701,-0.005819540770905851,Capital Goods,1
2023-08-21,40379.78125,40454.141998362735,40044.210437849455,40409.27679642219,897,40493.38984375,41295.19296875,41729.17630208333,41801.88359375,41980.110625,42198.45950520833,-0.31098954966503156,0.006757605642005649,0.0007304533484115971,0.0018415342050108752,-0.008310367262094664,Capital Goods,1
2023-08-22,40133.29296875,40494.56564447235,39955.47752018059,40285.55860732785,1925,40311.66953125,41079.966015625,41550.221354166664,41715.59609375,41868.325625,42096.46979166667,-0.3506733324481873,-0.006104250038501633,0.0037939981325829653,0.009001819910557929,-0.0044306219454224305,Capital Goods,1
2023-08-23,40266.6953125,40823.55094292195,39825.36942669046,40125.75612015923,12723,40244.1265625,40899.05,41364.12552083333,41607.6869140625,41753.5628125,41980.59036458333,-0.3291960045797296,0.0033239820080020457,-0.0035001430151387902,0.013829186281623773,-0.01096007214857142,Capital Goods,1
2023-08-24,40696.6875,40910.53703317068,40302.77672228278,40374.34192395555,2951,40317.03984375,40792.06015625,41227.18854166667,41536.3630859375,41679.5015625,41889.876302083336,-0.259968711173853,0.010678606331185997,-0.007920683373664028,0.005254715956198641,-0.009679185258437029,Capital Goods,1
2023-08-25,40132.09765625,40662.206523970046,40025.09880615334,40494.16963144862,794,40321.7109375,40564.805859375,41095.2890625,41449.766796875,41588.43765625,41792.88294270833,-0.3508657737332961,-0.013873115440906586,0.00902200473795145,0.013209099416150005,-0.0026661663941205394,Capital Goods,1
2023-08-28,40240.14453125,40373.39500054647,40076.950136268926,40373.39500054647,1003,40293.78359375,40393.58671875,40961.38984375,41370.328125,41500.26359375,41699.05611979167,-0.33347059090287995,0.002692280775489772,0.0033113814785876716,0.0033113814785876716,-0.004055512147933205,Capital Goods,1
2023-08-29,40352.78515625,40535.98895573032,40132.54524347983,40274.58004409421,821,40337.68203125,40324.67578125,40832.53802083333,41247.0865234375,41440.01328125,41613.218359375,-0.31533582980028124,0.0027992102491710656,-0.0019380350539118796,0.004540053400798438,-0.005457861506148354,Capital Goods,1
2023-08-30,40045.55859375,40583.10273126308,39974.14155317651,40574.01818114372,1635,40293.4546875,40268.790625,40697.184895833336,41096.4578125,41344.84046875,41510.21145833333,-0.36479827121793235,-0.007613515679534589,0.013196459381545456,0.013423314754235305,-0.0017833947903684866,Capital Goods,1
2023-08-31,39569.59765625,40354.12847377529,39296.05912767811,40323.385265003686,6920,40068.03671875,40192.53828125,40550.719010416666,40937.4005859375,41242.6978125,41410.924088541666,-0.44142637849034316,-0.011885486286468839,0.01904966573837852,0.019826605879106562,-0.006912845840591486,Capital Goods,1
2023-09-01,39323.9609375,39787.140432239554,38759.116358705985,39469.78551309812,4093,39906.409375,40114.06015625,40345.34036458333,40798.069140625,41141.0953125,41308.099609375,-0.4809730625801862,-0.006207713327891313,0.003708288079877997,0.011778556475420032,-0.01436387803588135,Capital Goods,1
2023-09-04,39293.51953125,39524.93383526399,38977.50973662574,39325.358346585,3589,39717.084375,40005.433984375,40168.0859375,40650.3134765625,41039.679375,41203.067057291664,-0.4858740264195728,-0.0007741185151308234,0.0008102815862467416,0.005889375825190335,-0.00804228784782024,Capital Goods,1
2023-09-05,39159.56640625,39521.43952700896,38952.056561368,39413.9923001994,2285,39478.440625,39908.061328125,40042.597395833334,40494.013671875,40893.35734375,41113.08450520833,-0.5074400282135217,-0.003409038604787427,0.006497158096949507,0.009240988957967655,-0.005299084334316806,Capital Goods,1
2023-09-06,39075.72265625,39426.167951724376,38887.1773012451,39276.44832659124,2610,39284.4734375,39788.9640625,39940.684895833336,40344.00703125,40734.0609375,41001.445963541664,-0.5209385894670305,-0.0021410796312243707,0.00513683834095735,0.008968363773006915,-0.004825127782371097,Capital Goods,1
2023-09-07,39067.94140625,39306.39330938286,38896.26289814401,39125.731623527136,2691,39184.1421875,39626.089453125,39856.40625,40209.0748046875,40586.74890625,40899.605208333334,-0.522191344499503,-0.00019913259361706062,0.0014792235064602366,0.006103518500074179,-0.004394357673489502,Capital Goods,1
2023-09-08,38951.7578125,39261.42792151449,38727.47858102286,39226.493340320274,12000,39109.7015625,39508.05546875,39779.27395833333,40036.4306640625,40460.395625,40802.5296875,-0.5408965116334534,-0.002973885737716736,0.0070532254062256605,0.007950093305291617,-0.0057578718926304395,Capital Goods,1
2023-09-11,39293.56640625,39481.06685112805,38578.75653805967,39126.7303896908,7177,39109.7109375,39413.39765625,39706.859635416666,39903.4921875,40342.19296875,40718.01796875,-0.4858664797025097,0.008775177628577015,-0.00424588633249301,0.004771784849955107,-0.01819152430196902,Capital Goods,1
2023-09-12,39866.7421875,40364.11157252564,39226.59330277115,39481.065984560584,11895,39251.14609375,39364.793359375,39689.089583333334,39844.7345703125,40245.44015625,40619.65546875,-0.39358711013434444,0.014587013439401907,-0.009674133921591,0.012475797061280547,-0.016057215854712203,Capital Goods,1
2023-09-13,39271.109375,40120.920363059806,39097.28643825647,39865.34816619557,3584,39290.2234375,39287.3484375,39622.7171875,39778.06953125,40133.2503125,40493.42135416667,-0.48948198606881704,-0.014940594084629203,0.015131703704144961,0.02163959718950026,-0.004426229345437904,Capital Goods,1
2023-09-14,39279.24609375,39510.960620437174,39126.7816002017,39271.10898762185,3562,39332.484375,39258.31328125,39528.22109375,39725.42578125,40033.75671875,40377.704817708334,-0.48817200176528286,0.0002071935038122411,-0.00020716044571555958,0.005899159218436312,-0.0038815534591576384,Capital Goods,1
2023-09-15,39935.4140625,40120.766181126506,39246.65309126104,39376.26194141318,3195,39529.215625,39319.45859375,39515.10885416667,39716.759375,39934.98765625,40305.198958333334,-0.38253116963692163,0.016705207813405756,-0.014001410382567636,0.004641297028658009,-0.017246871915764572,Capital Goods,1
2023-09-18,39923.38671875,40124.810308208864,39793.98061096773,39935.4149755294,5064,39655.1796875,39382.4453125,39493.99166666667,39693.9396484375,39853.8296875,40227.690755208336,-0.3844675314566921,-0.00030116987722167806,0.00030128347737967687,0.005045253071284783,-0.0032413609770609586,Capital Goods,1
2023-09-20,40555.00390625,40713.75739783491,39532.07184333501,39923.38592417172,3563,39792.83203125,39521.9890625,39507.472916666666,39715.0251953125,39834.3540625,40170.00546875,-0.28277929239012284,0.015820731641570912,-0.015574353871062985,0.003914522902078721,-0.025223325468780033,Capital Goods,1
2023-09-21,40126.5546875,40555.0023385778,39875.325941893585,40555.0023385778,30549,39963.92109375,39627.072265625,39512.87265625,39708.0181640625,39815.23984375,40105.02877604167,-0.35175817302600615,-0.010564644987840106,0.010677409371786073,0.010677409371786073,-0.0062609099525974266,Capital Goods,1
2023-09-22,40773.64453125,40923.36415621175,39826.46905699003,40126.555532375605,6695,40262.80078125,39797.642578125,39593.14244791667,39711.866015625,39832.90078125,40071.93072916667,-0.24757888843552947,0.01612622486005702,-0.015870276162790575,0.003671970624234966,-0.02323009103427176,Capital Goods,1
2023-09-25,40541.28125,40809.52892698182,40234.9057527681,40787.62073371204,1592,40383.97421875,39956.594921875,39674.297135416666,39732.3251953125,39850.20234375,40009.81875,-0.2849885938103416,-0.0056988597394552415,0.006076262913176755,0.006616655140414762,-0.00755712419009702,Capital Goods,1
2023-09-26,40762.31640625,41073.136703964105,40200.072396521275,40723.74020703045,3643,40551.76015625,40103.469921875,39772.21692708333,39758.4337890625,39865.50375,39970.15143229167,-0.24940267839244223,0.005452100906406356,-0.0009463691620241743,0.00762518730820827,-0.013793230103147813,Capital Goods,1
2023-09-27,40450.69921875,40810.47470395446,39925.2340123941,40762.314890427006,2485,40530.89921875,40161.865625,39858.29244791667,39763.3294921875,39878.2,39950.444921875,-0.29957199564166914,-0.00764473697702372,0.007703591722650893,0.008894172218355534,-0.012990262628447491,Capital Goods,1
2023-09-28,39068.0390625,40630.91315187292,38647.72849430409,40630.91315187292,6466,40319.19609375,40141.55859375,39857.78020833333,39714.453515625,39830.25375,39899.23255208333,-0.5221756221722883,-0.03418136603208825,0.04000390413434052,0.04000390413434052,-0.010758425001150207,Capital Goods,1
2023-09-29,39779.2578125,39915.253142348585,38896.1615329878,39086.80452749114,3142,40120.31875,40191.559765625,39905.20130208333,39724.9365234375,39793.5565625,39880.80377604167,-0.40767179974641965,0.018204618585084636,-0.01740739579086026,0.003418749803970833,-0.02219991845183955,Capital Goods,1
2023-10-03,39751.91015625,39915.252710350185,39563.21273917866,39715.626540255915,2218,39962.44453125,40173.209375,39958.54479166667,39746.333984375,39778.3490625,39868.909375,-0.41207468025964245,-0.0006874853316495621,-0.0009127515093354521,0.004109049186772351,-0.00474687672440488,Capital Goods,1
2023-10-04,39238.26953125,39826.31674829172,39091.84451874518,39626.84264192082,1647,39657.63515625,40104.69765625,39954.85833333333,39743.571484375,39738.2740625,39830.858984375,-0.4947690902645983,-0.012921155813168963,0.009902911502286171,0.014986573670721981,-0.0037316888398507553,Capital Goods,1
2023-10-05,39149.5390625,39625.79564886142,39106.76759502244,39625.79564886142,1988,39397.403125,39964.151171875,39907.04479166667,39743.0701171875,39690.14421875,39798.0671875,-0.5090543967719339,-0.0022613247171701495,0.0121650624187708,0.0121650624187708,-0.0010925152250013115,Capital Goods,1
2023-10-06,38912.3828125,39349.21324291387,38891.22321713186,39349.21324291387,2367,39366.271875,39842.733984375,39883.1296875,39734.903125,39644.8171875,39752.9234375,-0.5472357539664466,-0.006057702227895803,0.011226000538665293,0.011226000538665293,-0.0005437753701719172,Capital Goods,1
2023-10-09,38382.2265625,39116.351831057786,38349.186870508165,38912.382224394954,2181,39086.865625,39603.5921875,39823.328385416666,39700.6173828125,39597.32234375,39675.774739583336,-0.6325891239499636,-0.013624358409367198,0.013812530157198522,0.01912669832643421,-0.0008608070701170423,Capital Goods,1
2023-10-10,38361.71484375,38659.606232713544,38088.675354754436,38659.5555463785,8568,38808.8265625,39385.635546875,39718.41510416667,39671.115234375,39558.8325,39616.761979166666,-0.6358914415581528,-0.0005344066925507717,0.007764009086705936,0.007765330360670175,-0.007117499572364627,Capital Goods,1
2023-10-11,38390.0078125,38662.598910285196,38278.76690780409,38477.89401462227,2179,38639.17421875,39148.4046875,39616.18984375,39625.9373046875,39522.69203125,39555.09075520833,-0.6313363689174911,0.0007375313868329213,0.002289298886093194,0.007100574168063645,-0.0028976525672830267,Capital Goods,1
2023-10-12,38309.16015625,38677.52113945413,38208.50099578363,38677.52113945413,3864,38471.0984375,38934.25078125,39466.46692708333,39548.058203125,39488.67578125,39486.969921875,-0.6443525691720509,-0.002105955712352722,0.009615480519586272,0.009615480519586272,-0.0026275480865625145,Capital Goods,1
2023-10-13,37980.02734375,38428.039961425275,37896.08687374903,38428.039961425275,11994,38284.62734375,38825.449609375,39323.36510416667,39483.5041015625,39444.84796875,39418.118880208334,-0.697341843030518,-0.008591491203607166,0.011796005664250764,0.011796005664250764,-0.0022101213682981236,Capital Goods,1
2023-10-16,37802.609375,38097.70911578582,37729.348126313096,37989.86029194717,1893,38168.70390625,38627.784765625,39125.29609375,39409.672265625,39394.2346875,39359.21927083333,-0.7259055382212147,-0.004671349157919865,0.004953386023955231,0.007806332569755936,-0.0019379944902785384,Capital Goods,1
2023-10-17,37969.44921875,38199.865397833615,37741.32562157919,38016.80975020386,2727,38090.25078125,38449.538671875,38953.840625,39311.3740234375,39354.94234375,39314.06888020833,-0.6990448855144213,0.004413447815068983,0.0012473325904993615,0.006068462509322581,-0.0060080828630549865,Capital Goods,1
2023-10-18,37796.66796875,38202.408145241454,37679.43828426191,38114.57263347947,1775,37971.5828125,38305.378515625,38756.13072916667,39205.0380859375,39295.06640625,39264.173828125,-0.7268620846089611,-0.004550533482973925,0.00841091772936986,0.010734813365742113,-0.0031015878062324864,Capital Goods,1
2023-10-19,37410.1953125,38036.074067241985,37340.07661743518,37796.670813551485,4323,37791.78984375,38131.444140625,38553.43046875,39047.79765625,39196.80453125,39205.86145833333,-0.7890828801148497,-0.010225045672532105,0.010330753363438028,0.016730165387103924,-0.0018743204754504417,Capital Goods,1
2023-10-20,37111.65234375,37461.69996190641,37041.63502222123,37429.90793385509,2381,37618.11484375,37951.37109375,38423.0046875,38897.0525390625,39110.42625,39140.39244791667,-0.8371472921965639,-0.007980256886021837,0.008575624366094381,0.009432283287040377,-0.0018866667773299595,Capital Goods,1
2023-10-23,37302.0,37429.65938309603,36743.29622624983,37230.28273493775,2997,37517.99296875,37843.3484375,38257.854166666664,38723.4703125,39031.33640625,39081.527734375,-0.8065019608826323,0.0051290536591280765,-0.0019226117919214358,0.003422320065841644,-0.014977850349851662,Capital Goods,1
2023-10-25,37150.78125,37679.43969665453,36931.89037417116,37140.59719614159,2426,37354.259375,37722.255078125,38084.445572916666,38553.9453125,38919.95109375,39021.49518229167,-0.8308476701281517,-0.004053904616374457,-0.00027412758267120196,0.014230076161710015,-0.005891958889258531,Capital Goods,1
2023-10-26,36072.09765625,37133.46164466182,36017.602051749076,37133.46164466182,4846,37009.3453125,37490.4640625,37873.367447916666,38319.434375,38765.89953125,38914.112890625,-1.0045120942908272,-0.029035286942989926,0.029423406382576234,0.029423406382576234,-0.0015107412111222684,Capital Goods,1
2023-10-27,36150.40625,36381.87124575354,36063.46748917205,36381.87124575354,4130,36757.3875,37274.588671875,37673.42526041667,38104.4197265625,38589.715625,38790.235026041664,-0.9919046745438513,0.0021708910442703885,0.0064028324924712,0.0064028324924712,-0.002404917948272023,Capital Goods,1
2023-10-30,35979.0234375,36352.07485435878,35877.91589839066,36182.244444497424,2457,36530.86171875,37074.48828125,37477.86796875,37949.9689453125,38423.814375,38680.498828125,-1.0194967299126756,-0.004740826736905619,0.005648319147695702,0.01036858094569526,-0.0028101801952733485,Capital Goods,1
2023-10-31,35930.21484375,36166.67047971149,35852.9103901305,36166.62369232845,2404,36256.5046875,36887.248828125,37314.40052083333,37757.516796875,38230.0771875,38568.864453125,-1.027354749054615,-0.0013565847287319108,0.006579666990763178,0.00658096916452533,-0.0021515165983747586,Capital Goods,1
2023-11-01,35840.93359375,36167.27169851468,35657.22682924627,36167.27169851468,1694,35994.53515625,36674.397265625,37146.3484375,37561.96796875,38042.06328125,38432.38177083333,-1.041728729487442,-0.00248485154871069,0.009105178689363003,0.009105178689363003,-0.0051256132606927185,Capital Goods,1
2023-11-02,36065.4609375,36203.00414435603,35932.760224702855,36037.16236915912,1474,35993.2078125,36501.2765625,36991.378645833334,37403.3275390625,37854.1890625,38303.78424479167,-1.0055805836483427,0.006264550647451701,-0.0007846445769795762,0.0038137099396675644,-0.003679440366147313,Capital Goods,1
2023-11-03,37080.86328125,37329.0976571417,36112.42677220319,36112.42677220319,2295,36179.29921875,36468.343359375,36909.4921875,37299.89375,37719.395625,38187.97955729167,-0.842104227520835,0.028154425795628997,-0.02611688141404478,0.0066944066002156966,-0.02611688141404478,Capital Goods,1
2023-11-06,37196.29296875,37429.606051167626,37031.65206749249,37269.20720595407,1517,36422.753125,36476.807421875,36857.24322916667,37214.0892578125,37644.52578125,38090.30416666667,-0.8235204367529827,0.003112918019855466,0.0019602554820539186,0.006272482115721623,-0.004426271763044554,Capital Goods,1
2023-11-07,37109.859375,37629.48397850917,37050.618746922904,37196.29517096163,2049,36658.68203125,36457.593359375,36811.059895833336,37150.4708984375,37537.74984375,37968.177994791666,-0.837435954124227,-0.00232371526438444,0.002329186836527386,0.014002332864112788,-0.0015963581936127014,Capital Goods,1
2023-11-08,37458.80078125,37509.756139297046,36831.07786940833,37230.380882926765,2005,36982.25546875,36488.3953125,36777.01666666667,37105.3251953125,37446.02546875,37865.42864583333,-0.7812575634135168,0.009402929898599218,-0.006097896717440321,0.0013603040402871969,-0.016757688413663208,Capital Goods,1
2023-11-09,37366.82421875,37449.8679221993,37100.771672045004,37449.8679221993,1202,37242.528125,36617.86796875,36748.36041666667,37054.166015625,37371.16765625,37752.24557291667,-0.7960654800774712,-0.0024554059548547763,0.002222391257098888,0.002222391257098888,-0.007120020292532558,Capital Goods,1
2023-11-10,37271.953125,37457.5040927107,37080.662904831435,37366.82624324552,720,37280.74609375,36730.02265625,36739.144270833334,37002.3056640625,37296.06421875,37646.287369791666,-0.8113394065200712,-0.002538912410501168,0.0025454292112716548,0.00497830009305944,-0.0051322832352527215,Capital Goods,1
2023-11-13,36939.7734375,37618.35424619686,36828.03347015623,37498.77739220803,3402,37229.4421875,36826.09765625,36727.68567708333,36950.29296875,37217.15984375,37575.34518229167,-0.8648192169876391,-0.008912323064636823,0.015132847407790306,0.018369923406405864,-0.003024922920353723,Capital Goods,1
2023-11-15,35834.54296875,37272.65068112966,35782.991069786796,37130.46772095031,7082,36974.37890625,36816.53046875,36629.855208333334,36851.8896484375,37115.2525,37443.8546875,-1.0427575985803763,-0.02991979554557873,0.03616412111996081,0.04013188374228127,-0.0014386090819732411,Capital Goods,1
2023-11-16,36937.4765625,37050.61625117615,35877.26277919705,35877.26277919705,8713,36870.1140625,36926.184765625,36615.63489583333,36800.291015625,37058.28296875,37350.040234375,-0.8651890061237304,0.030778503153000396,-0.02870292943561037,0.0030630053594677964,-0.02870292943561037,Capital Goods,1
2023-11-17,37144.9921875,37396.57185469571,36639.28683958393,36928.74479375067,2310,36825.74765625,37034.137890625,36687.16119791667,36767.7072265625,37008.48234375,37280.264322916664,-0.831779689685443,0.005618023869304486,-0.0058217105729287955,0.0067729094120085875,-0.01361436140202632,Capital Goods,1
2023-11-20,36860.5234375,37380.99798275115,36798.140260177046,37144.99072609267,1497,36743.46171875,37012.10390625,36734.50234375,36740.2236328125,36950.536875,37203.96380208333,-0.8775781999689652,-0.007658333822337676,0.007717396880568161,0.014120107277739935,-0.001692411596615817,Capital Goods,1
2023-11-21,36808.96875,37209.87035220259,36643.87946413534,37178.32785721782,5204,36717.30078125,36973.371484375,36789.83203125,36725.089453125,36903.69453125,37133.85,-0.885878330952184,-0.0013986423059730866,0.01003448669606688,0.010891410865798479,-0.004485028825064852,Capital Goods,1
2023-11-22,36710.10546875,36880.88331361337,36373.832854290726,36845.10266289053,9956,36892.41328125,36933.39609375,36841.82473958333,36695.4947265625,36859.994375,37078.112630208336,-0.9017949861313237,-0.002685847623753382,0.0036773850801232744,0.004652066309336789,-0.009160219241144185,Capital Goods,1
2023-11-23,36689.79296875,36928.84530810051,36539.125896243444,36928.84530810051,874,36842.8765625,36856.4953125,36898.415364583336,36672.4453125,36808.808125,37022.38190104167,-0.9050652301919948,-0.0005533217554302943,0.006515499816369008,0.006515499816369008,-0.004106511929213741,Capital Goods,1
2023-11-24,36694.18359375,36976.55715464627,36391.851314515254,36731.21580839718,2511,36752.71484375,36789.23125,36940.33020833333,36703.549609375,36764.70875,36965.85442708333,-0.904358354360419,0.00011966884097001177,0.001009212115390623,0.007695322071271438,-0.008239242561762339,Capital Goods,1
2023-11-28,36591.625,36975.75721593121,36531.58898915056,36975.75721593121,1540,36698.93515625,36721.1984375,36907.71432291667,36725.610546875,36731.9659375,36908.603255208334,-0.9208699424013653,-0.0027949550502458505,0.010497817900440687,0.010497817900440687,-0.001640703599510629,Capital Goods,1
2023-11-29,36576.3046875,36789.9553671785,36442.754005327115,36789.9553671785,1088,36652.40234375,36684.8515625,36866.38177083333,36755.474609375,36710.55203125,36861.8125,-0.9233364610948177,-0.0004186835785511029,0.005841231953416015,0.005841231953416015,-0.003651289634475474,Capital Goods,1
2023-11-30,36584.9375,36768.84310446701,36396.89121218954,36631.40126968354,1726,36627.36875,36759.891015625,36831.386979166666,36788.2107421875,36681.86953125,36821.2234375,-0.9219466073690324,0.00023602199767737268,0.0012700245745544958,0.005026812044355955,-0.0051399920475594385,Capital Goods,1
2023-12-01,36611.140625,36941.771480496,36536.58102771639,36584.93968928145,2549,36611.63828125,36727.257421875,36774.876302083336,36826.72109375,36660.28390625,36775.946484375,-0.9177279925307666,0.0007162271358260486,-0.0007156547234330457,0.009030881033797344,-0.002036527570864477,Capital Goods,1
2023-12-04,36546.36328125,37230.281779621015,36455.28383855857,37180.3752356805,2757,36582.07421875,36667.39453125,36720.17890625,36850.7662109375,36679.25453125,36734.26966145833,-0.9281569266188647,-0.001769334214781788,0.01734815444019233,0.018713722432729618,-0.002492161586380215,Capital Goods,1
2023-12-05,36351.57421875,36690.190105580274,36302.01858221706,36597.465310298896,3138,36534.0640625,36616.499609375,36658.8203125,36814.3017578125,36687.30125,36698.98229166667,-0.9595173093745237,-0.005329916440685521,0.0067642487796875095,0.00931502676590057,-0.0013632322010247444,Capital Goods,1
2023-12-06,36158.33984375,36581.49664934883,36095.15737943355,36581.49664934883,5049,36450.47109375,36551.43671875,36606.72473958333,36762.4041015625,36694.47390625,36667.20520833333,-0.9906273926809238,-0.005315708580794568,0.011702882583310092,0.011702882583310092,-0.0017473828884146947,Capital Goods,1
2023-12-07,36474.046875,36531.5875564761,36132.385919784574,36137.325887492276,5507,36428.29296875,36527.830859375,36649.35833333333,36730.6134765625,36716.2271875,36639.606770833336,-0.9397996243679425,0.00873123690452205,-0.009231796752954158,0.0015775787554723752,-0.009367234636352029,Capital Goods,1
2023-12-08,36199.109375,36680.309806872356,35922.72850824066,36680.309806872356,4412,36345.88671875,36478.7625,36600.13385416667,36667.62890625,36730.55421875,36607.884375,-0.9840636355153037,-0.00753789402481816,0.013293156659945016,0.013293156659945016,-0.007635018417061268,Capital Goods,1
2023-12-11,36184.6875,36531.588652361526,36082.48046181982,36531.588652361526,3226,36273.5515625,36427.812890625,36536.113541666666,36608.5220703125,36735.32328125,36611.637369791664,-0.9863855087983802,-0.000398404138913984,0.009586960018972857,0.009586960018972857,-0.0028245936400633775,Capital Goods,1
2023-12-12,35915.890625,36384.31421386073,35877.81349255717,36192.2247110898,8012,36186.41484375,36360.239453125,36473.138020833336,36540.7189453125,36688.724375,36603.82018229167,-1.0296609000104768,-0.007428470261073831,0.007693922697755706,0.013042237870461548,-0.0010601750862979653,Capital Goods,1
2023-12-13,35858.84765625,36123.80070127663,35433.64392910079,36033.52054885824,6964,36126.51640625,36288.49375,36409.796614583334,36486.67265625,36635.2265625,36599.81432291667,-1.0388446257831656,-0.0015882376228836732,0.004871123977064018,0.007388777452262962,-0.011857707509881354,Capital Goods,1
2023-12-14,35559.859375,36172.1619881095,35483.553048445065,36131.33999439277,6890,35943.67890625,36185.9859375,36333.113541666666,36472.9384765625,36573.2265625,36587.469140625,-1.086980731676979,-0.008337922180772811,0.016070947113883793,0.017218926730063977,-0.0021458556894232705,Capital Goods,1
2023-12-15,35301.34375,35928.71970397392,35224.039291955756,35733.086048512785,13113,35764.12578125,36055.00625,36240.55026041667,36391.1318359375,36486.92828125,36569.4828125,-1.1286008762799051,-0.007269871972040103,0.01223019445294593,0.017772013394643515,-0.002189844630043125,Capital Goods,1
2023-12-18,35627.0859375,36112.42709360937,35384.73897220204,35433.5967005697,7863,35652.60546875,35963.078515625,36169.410416666666,36315.2365234375,36417.33875,36554.8703125,-1.0761574816223347,0.009227472750240563,-0.005430958829182209,0.013622813747966811,-0.0068023235389811365,Capital Goods,1
2023-12-19,35278.5859375,36132.338766808534,35216.553661323815,35726.09948840823,20335,35525.14453125,35855.7796875,36081.87447916667,36236.1396484375,36337.6040625,36494.79440104167,-1.132264807414034,-0.009781883385336866,0.012685132893394568,0.024200313210428925,-0.001758354948979024,Capital Goods,1
2023-12-20,35410.140625,36032.525935174206,35134.20811407568,35477.56514791778,17651,35435.403125,35780.959765625,36004.130208333336,36166.1982421875,36276.41875,36435.25598958333,-1.1110849459764798,0.003729023825758322,0.0019041020941379383,0.017576471010532835,-0.00779247148003448,Capital Goods,1
2023-12-21,35100.62109375,35634.071357643705,34912.32136568046,35379.74683207691,9448,35343.55546875,35643.6171875,35905.17578125,36085.7240234375,36247.061875,36368.28138020833,-1.1609165476371335,-0.008740985655150869,0.007952159523941127,0.015197744292584359,-0.0053645696914198515,Capital Goods,1
2023-12-22,35043.7265625,35399.708366961524,34959.532666577215,35333.83173152986,12352,35292.03203125,35528.07890625,35800.68151041667,36003.420703125,36171.311875,36287.77890625,-1.1700763754724557,-0.001620898134481461,0.008278376687834932,0.010158217729117291,-0.002402538319451475,Capital Goods,1
2023-12-26,35669.15234375,35804.39907003655,35084.696061546376,35233.37076653826,6141,35300.4453125,35476.525390625,35742.20078125,35952.169140625,36112.27828125,36231.18984375,-1.0693849319513025,0.01784701122280936,-0.012217323613749942,0.003791700037700574,-0.01638548279956631,Capital Goods,1
2023-12-27,35257.375,35757.789479574334,35195.09319225593,35733.085740131086,6107,35296.203125,35410.673828125,35669.254166666666,35885.456640625,36048.15234375,36164.03723958333,-1.135679696885081,-0.01154435462277399,0.01349251724301892,0.014193185952565468,-0.001766490209326954,Capital Goods,1
2023-12-28,36862.76953125,37080.56090189889,35416.72746916047,35472.57211016378,16287,35586.72890625,35511.066015625,35716.216145833336,35899.7798828125,36050.304375,36161.470442708334,-0.8772165864430257,0.045533580740199746,-0.03771277738390477,0.005908166245193858,-0.03922771078997922,Capital Goods,1
2023-12-29,36778.12890625,36979.64997337475,36322.084462158506,36862.771185517326,8767,35922.23046875,35632.89296875,35736.48828125,35909.439453125,36053.0253125,36192.92330729167,-0.8908434418866069,-0.0022961005392784406,0.0023014297296930497,0.005479372472657396,-0.012399881605015373,Capital Goods,1
2024-01-01,37419.92578125,37679.439803739326,36711.4517200644,37000.71082184416,6084,36397.4703125,35844.751171875,35817.87604166667,35949.8787109375,36082.230625,36209.00494791667,-0.7875163074311705,0.01745050371202909,-0.0112029874633236,0.006935182715390731,-0.01893306965190722,Capital Goods,1
2024-01-02,36939.12890625,37654.48854907445,36831.03054899529,37654.48854907445,3823,36651.465625,35975.95546875,35868.172135416666,35969.5169921875,36092.0284375,36202.142838541666,-0.8649229843472566,-0.012848685959738404,0.01936590450305431,0.01936590450305431,-0.0029263916192788786,Capital Goods,1
2024-01-03,36647.671875,36939.12607816866,36432.27446149866,36939.12607816866,2547,36929.525,36112.8640625,35916.95755208333,35984.321875,36094.2703125,36195.04778645833,-0.9118465843662673,-0.007890197735569402,0.00795287089894181,0.00795287089894181,-0.005877519702643941,Capital Goods,1
2024-01-04,36613.0859375,36855.98264608218,36431.82770954281,36855.98264608218,2088,36879.58828125,36233.15859375,35967.24010416667,36007.0591796875,36095.7415625,36188.518359375,-0.9174148037726485,-0.0009437417366638655,0.006634150123177696,0.006634150123177696,-0.004950640551484864,Capital Goods,1
2024-01-05,36786.3125,36980.64780292246,36440.7603684648,36980.64780292246,2568,36881.225,36401.727734375,36049.003645833334,36022.6724609375,36103.7965625,36191.05859375,-0.8895259108660096,0.004731274572039753,0.0052828155288047185,0.0052828155288047185,-0.00939349741932416,Capital Goods,1
2024-01-08,37271.15234375,37355.194179185724,36591.47594019342,36929.842288903885,5104,36851.4703125,36624.4703125,36180.32421875,36076.274609375,36130.19703125,36210.437239583334,-0.8114683296032323,0.013179897923990071,-0.009157485974628066,0.0022548762286878077,-0.01823599113029717,Capital Goods,1
2024-01-09,37740.2734375,37816.23275185508,36941.96763445676,37429.905441369854,17315,37011.69921875,36831.582421875,36321.203385416666,36154.05390625,36177.9534375,36245.306901041666,-0.7359414141289436,0.01258670752713303,-0.008223787690466278,0.0020126858508557888,-0.021152623718142305,Capital Goods,1
2024-01-10,36746.5859375,37816.882456929095,36681.30973770953,37740.27591210272,4254,37031.48203125,36980.503515625,36419.070052083334,36195.588671875,36193.75390625,36250.472265625,-0.895921753576976,-0.026329631703532884,0.0270416951466681,0.029126420648968532,-0.0017763881494049505,Capital Goods,1
2024-01-11,36756.91796875,37297.80352884263,36635.496907720306,36895.907692710774,3431,37060.2484375,36969.918359375,36508.855208333334,36240.4921875,36217.69703125,36256.49270833333,-0.8942583313576539,0.0002811698280643844,0.003781321493791845,0.014715204374656343,-0.0033033526133209312,Capital Goods,1
2024-01-12,36664.890625,36979.50069222097,36581.59738453896,36856.781282797616,2173,37035.9640625,36958.59453125,36613.13984375,36295.74375,36225.33078125,36259.1578125,-0.9090744236317599,-0.0025036741064155548,0.005233635080497789,0.008580690187752982,-0.002271743868349274,Capital Goods,1
2024-01-15,36965.2265625,37152.67631736246,36527.94777311861,36818.949705516934,16864,36974.77890625,36913.124609375,36741.23984375,36378.937890625,36255.97546875,36270.960677083334,-0.8607213496223827,0.008191376883454156,-0.003957147583979914,0.005070975408348222,-0.011829463256286199,Capital Goods,1
2024-01-16,37170.49609375,37637.5199823443,36993.72555175631,37129.471354174864,8648,36860.8234375,36936.261328125,36841.329427083336,36456.1083984375,36295.4078125,36291.76510416667,-0.827673646710035,0.005553044045406695,-0.0011036909346505697,0.012564370607709874,-0.00475566808545802,Capital Goods,1
2024-01-17,37191.703125,37220.29801321032,36766.89709144843,36975.75596404871,4492,36949.846875,36990.664453125,36970.28463541667,36551.7642578125,36346.4403125,36319.76940104167,-0.8242593861320766,0.0005705339847096051,-0.005806326218121827,0.0007688512707850759,-0.011422064542831234,Capital Goods,1
2024-01-18,37337.3828125,37464.344283248516,36531.59095677033,37035.64706150172,11779,37065.93984375,37063.094140625,37001.925520833334,36648.1263671875,36405.58171875,36359.07083333333,-0.8008054472861786,0.0039169942556912685,-0.008081331048657936,0.003400384847167537,-0.021581369529197536,Capital Goods,1
2024-01-19,37446.42578125,37529.71901880389,37131.46481964158,37429.90593630707,14359,37222.246875,37129.10546875,37046.47864583333,36765.4166015625,36481.044375,36391.48346354167,-0.7832498967181718,0.002920477026940786,-0.00044115945910117027,0.0022243307823410774,-0.008410975281013977,Capital Goods,1
2024-01-23,37776.55859375,37915.99669405502,37439.8882774108,37439.8882774108,14501,37384.51328125,37179.64609375,37070.254166666666,36902.058203125,36580.05296875,36444.065104166664,-0.7300996262290255,0.00881613680377748,-0.008912148932351482,0.003691127659471105,-0.008912148932351482,Capital Goods,1
2024-01-24,38585.2421875,38715.10056680634,37509.904388621544,37779.25155007114,10361,37667.4625,37264.14296875,37179.99505208333,37047.8626953125,36698.37921875,36524.08359375,-0.5999042923497326,0.02140702128128193,-0.020888572721981524,0.003365493435943945,-0.027869147319407483,Capital Goods,1
2024-01-25,38625.01953125,38935.637064930954,38527.84993562826,38577.75647699566,11726,37954.12578125,37451.986328125,37311.81822916667,37216.244921875,36832.2365625,36614.387890625,-0.5935002740286145,0.0010308952722573863,-0.0012236383263470874,0.00804187382817112,-0.0025157164138939203,Capital Goods,1
2024-01-29,38500.15234375,38891.220787165286,38203.90633025924,38827.28972698961,2706,38186.6796875,37626.309765625,37437.62265625,37298.1140625,36955.83703125,36702.431380208334,-0.6136034704985018,-0.0032328058086540205,0.0084970412667138,0.010157581713537533,-0.007694671201446623,Capital Goods,1
2024-01-30,38654.26171875,38727.47617465445,38228.60960640875,38527.85000880571,10810,38428.246875,37825.246875,37562.152604166666,37391.920703125,37097.98265625,36805.578125,-0.5887923803674253,0.004002825069990084,-0.003270317536111955,0.001894084963701026,-0.011011777056778804,Capital Goods,1
2024-01-31,38615.1875,38848.2510549273,38427.090519935125,38727.47722132472,2831,38595.97265625,37990.24296875,37651.75494791667,37451.6837890625,37240.84109375,36916.03958333333,-0.5950831979325971,-0.0010108644432095385,0.002907915993538124,0.006035541195476446,-0.004871062197092102,Capital Goods,1
2024-02-01,38632.2578125,38727.4779383669,38193.47792040231,38727.4779383669,8349,38605.37578125,38136.419140625,37711.22057291667,37536.340234375,37359.3653125,37016.21197916667,-0.5923349351354561,0.00044206214200047584,0.0024647828332748922,0.0024647828332748922,-0.011357863012493086,Capital Goods,1
2024-02-02,38734.46484375,39086.504823369396,38489.47440041252,38681.56390740556,4199,38627.26484375,38290.6953125,37843.745833333334,37640.6798828125,37498.44890625,37131.407942708334,-0.575879947472483,0.0026456396037233296,-0.0013657329863169254,0.009088546364057981,-0.006324869707784675,Capital Goods,1
2024-02-05,38277.3203125,39026.91658762289,37928.972642702545,38804.33340606176,2418,38582.6984375,38384.6890625,37945.10598958333,37723.8916015625,37555.0309375,37226.98059895833,-0.6494786767371529,-0.01180200973716983,0.01376828600485025,0.01958330073795933,-0.009100628438811986,Capital Goods,1
2024-02-06,38345.640625,38642.63523441649,38128.59785495828,38372.09109209834,2599,38520.97421875,38474.610546875,38057.155989583334,37801.8580078125,37617.73140625,37335.14791666667,-0.6384793366177032,0.0017848771006493116,0.000689790721114969,0.007745198791198726,-0.005660168053111536,Capital Goods,1
2024-02-07,38312.15234375,38574.06421248518,38008.82194458573,38423.046238362076,4946,38460.3671875,38528.169921875,38146.95104166667,37853.9080078125,37653.42046875,37444.095442708334,-0.6438708370661904,-0.0008733269467968368,0.002894483547076554,0.006836260891458501,-0.007917341642481479,Capital Goods,1
2024-02-08,38572.16796875,38777.18639379066,37754.40244628023,38479.94223370423,8796,38448.34921875,38526.8625,38240.395833333336,37895.502734375,37718.74203125,37540.862630208336,-0.6020091975172455,0.006786766315477373,-0.0023909917410006587,0.005315190611187903,-0.02120092194797807,Capital Goods,1
2024-02-09,38463.421875,40090.82358999108,38233.40339328389,39026.91744360788,18832,38394.140625,38510.702734375,38325.177083333336,37981.34453125,37791.37203125,37647.730859375,-0.6195169522105193,-0.0028192891267637015,0.014650167383420953,0.042310372703704635,-0.005980187682303351,Capital Goods,1
2024-02-12,37752.00390625,38795.24951812052,37529.720939940686,38463.42168816337,2911,38289.07734375,38435.887890625,38352.81848958333,38031.098828125,37836.92875,37677.37200520833,-0.734052848183906,-0.01849596146338709,0.018844503822367686,0.027634178425633538,-0.005887977943139444,Capital Goods,1
2024-02-13,37578.87890625,38106.09085548623,37430.10671930137,37907.71234375978,4469,38135.725,38328.349609375,38361.648697916666,38076.7982421875,37868.63140625,37704.063671875,-0.7619253898702416,-0.004585849281800335,0.008750485567441624,0.014029475188748863,-0.003958930954799822,Capital Goods,1
2024-02-14,37929.5234375,38028.78677436933,37262.86947905984,37654.487691944436,3252,38059.19921875,38259.783203125,38371.846354166664,38125.0130859375,37894.96625,37721.05026041667,-0.7054728017729059,0.009330893881235022,-0.00725123124757332,0.002617046771834497,-0.01757612271450415,Capital Goods,1
2024-02-15,38193.02734375,38428.03646488647,37475.21922714134,38039.76357696852,2139,37983.37109375,38215.86015625,38345.69869791667,38176.1396484375,37913.07640625,37762.846875,-0.6630495606958495,0.006947197917848872,-0.00401287296244035,0.006153194378159865,-0.018794218906716953,Capital Goods,1
2024-02-16,38302.421875,38677.46954655867,38039.81598446346,38259.35408786555,1445,37951.17109375,38172.655859375,38324.1921875,38231.6755859375,37975.30984375,37818.005208333336,-0.6454374097498696,0.0028642539976057066,-0.0011244142021881176,0.009791748228940689,-0.006856117124748873,Capital Goods,1
2024-02-19,37893.73828125,38496.41048067577,37709.9847273516,38302.47287273882,5655,37979.51796875,38134.29765625,38283.76458333333,38259.493359375,38020.78265625,37860.693619791666,-0.7112340913574845,-0.01066991521015928,0.010786335949627412,0.015904268799047827,-0.004849179897073452,Capital Goods,1
2024-02-20,37045.1796875,38247.37766090519,36797.19484710521,38247.37766090519,7950,37872.778125,38004.2515625,38176.492447916666,38239.4310546875,38035.99421875,37869.322526041666,-0.8478491658851102,-0.022393108525000576,0.032452210612730514,0.032452210612730514,-0.006694118978142427,Capital Goods,1
2024-02-21,37442.78125,37719.36486845879,36951.95040390144,37230.2807513499,7623,37775.4296875,37917.314453125,38098.33203125,38222.7421875,38055.09640625,37875.04348958333,-0.7838366539698269,0.010732882546502023,-0.005675339586321493,0.007386834236807305,-0.013108824443925582,Capital Goods,1
2024-02-22,37441.984375,37727.29772810848,37037.640023667365,37727.29772810848,2890,37625.22109375,37804.29609375,38018.98046875,38165.579296875,38065.9559375,37865.10052083333,-0.7839649481598994,-2.1282473507493517e-05,0.007620145082347429,0.007620145082347429,-0.010799223333969876,Capital Goods,1
2024-02-23,38116.5703125,38228.46234065516,37317.76541137986,37487.79856169859,3164,37588.05078125,37769.6109375,37977.7875,38140.1568359375,38102.950625,37910.76666666667,-0.6753588851188335,0.01801683187364452,-0.016496021169963737,0.002935521932792229,-0.0209568934080665,Capital Goods,1
2024-02-26,38047.19921875,38286.302237997246,37929.571840231125,38177.50597792264,3990,37618.74296875,37799.13046875,37962.44609375,38117.5091796875,38131.34328125,37953.776041666664,-0.686527397479114,-0.001819972079892255,0.0034248712611788523,0.006284378986020522,-0.003091617278911496,Capital Goods,1
2024-02-27,38295.38671875,38428.036745755286,37729.34516855973,38047.19914985277,2767,37868.784375,37870.78125,37959.09583333333,38099.5654296875,38165.30171875,38008.12591145833,-0.6465700462024213,0.006523147698022697,-0.006480873811771981,0.0034638644069453495,-0.014780933127726437,Capital Goods,1
2024-02-28,37890.9921875,38570.16953645742,37731.341939744554,38295.38723590274,2859,37958.4265625,37866.928125,37931.01848958333,38063.3556640625,38169.8790625,38038.984765625,-0.7116762031987637,-0.010559875898889992,0.010672590635833146,0.017924506848397526,-0.004213409006695645,Capital Goods,1
2024-02-29,37859.75,38028.73433106123,37429.056542388316,37759.28969049806,3843,38041.9796875,37833.600390625,37883.52395833333,38024.7302734375,38140.859375,38061.95989583333,-0.7167060901213114,-0.000824528092201993,-0.002653485812820766,0.004463429659763429,-0.011376024871048607,Capital Goods,1
2024-03-01,38108.4375,38158.84310857759,37730.79312843378,37879.06624791066,7003,38040.353125,37814.201953125,37859.85833333333,37993.42890625,38120.19609375,38092.51770833333,-0.6766682405292791,0.006568651404195749,-0.00601890990910714,0.0013226889341131365,-0.009909731186596549,Capital Goods,1
2024-03-04,38382.17578125,38827.392842794245,37640.56453286173,38124.55663996253,7064,38107.3484375,37863.045703125,37901.869791666664,37998.6716796875,38115.47703125,38127.344140625,-0.6325972995601152,0.007183141036679869,-0.006711947304803845,0.011599578514820408,-0.01932176155450127,Capital Goods,1
2024-03-05,37929.37109375,38434.42531851039,37748.561244603516,38382.17550636539,8398,38034.1453125,37951.46484375,37925.2359375,37977.858203125,38086.48140625,38143.44231770833,-0.705497328603361,-0.011797264701215785,0.011938094399092325,0.013315649856467271,-0.004767014161652594,Capital Goods,1
2024-03-06,37558.66796875,37923.03643681191,37010.892946188695,37850.42241319378,2533,37967.68046875,37963.053515625,37900.51223958333,37940.183984375,38044.220625,38136.179296875,-0.7651792827106094,-0.009773510983974222,0.00776796569799898,0.009701314976481079,-0.014584516762337518,Capital Goods,1
2024-03-07,37864.79296875,37929.971695217406,37330.09503437097,37558.667006640244,2240,37968.6890625,38005.334375,37878.62994791667,37904.815234375,38013.52203125,38112.164322916666,-0.7158941891439409,0.00815058191772684,-0.008084712423025886,0.0017213543600038683,-0.01412124278139637,Capital Goods,1
2024-03-11,37220.19921875,37914.699466265905,37130.66765842041,37500.52583655153,6567,37791.04140625,37915.697265625,37806.481770833336,37842.6541015625,37952.95140625,38065.33697916667,-0.8196716110508081,-0.017023564621942773,0.007531572202341019,0.018659229721856185,-0.0024054562363676757,Capital Goods,1
2024-03-12,37016.98046875,37517.391024899145,36930.840997660336,37249.24473491043,6098,37518.00234375,37812.675390625,37748.03125,37805.9029296875,37902.5378125,38015.89791666667,-0.8523891450916458,-0.005459904951224086,0.006274533017530004,0.01351840560230455,-0.0023270258675578415,Capital Goods,1
2024-03-13,36374.484375,37329.7423727345,36203.20356390926,37036.64281223062,2945,37207.025,37620.58515625,37703.31822916667,37745.683203125,37823.6915625,37939.90533854167,-0.9558288514099399,-0.0173567937096436,0.01820392642282287,0.026261760521093303,-0.0047088175690667144,Capital Goods,1
2024-03-14,36721.484375,36810.96524824493,36253.55984163424,36374.48573634847,1877,37039.58828125,37503.634375,37655.231770833336,37685.28125,37760.06484375,37876.781901041664,-0.8999630205642593,0.009539654127399572,-0.009449472006849646,0.0024367444499560076,-0.012742527741725018,Capital Goods,1
2024-03-15,38169.5234375,38977.01132905455,36262.34483578448,36631.40373306791,10358,37100.534375,37534.61171875,37703.734375,37684.1060546875,37743.9590625,37861.357421875,-0.6668336104098992,0.03943302094524876,-0.04029706336131378,0.021155304516095264,-0.049966005073089126,Capital Goods,1
2024-03-18,38114.32421875,38328.27512490256,37070.77842055923,38169.52163425464,3792,37279.359375,37535.200390625,37703.584635416664,37674.701171875,37729.99515625,37840.68606770833,-0.675720498644773,-0.0014461594952943273,0.0014482065899383834,0.005613398913348888,-0.027379359849108997,Capital Goods,1
2024-03-19,37970.09375,38228.309415928525,37590.00475015036,38114.323654933454,3565,37469.98203125,37493.9921875,37698.44427083333,37678.5189453125,37738.71875,37830.44518229167,-0.698941118154804,-0.0037841539029320405,0.003798513268971071,0.00680050114252162,-0.010010220210468712,Capital Goods,1
2024-03-20,37425.01953125,38016.66162322222,37199.34057480009,37763.18316158092,2707,37680.0890625,37443.55703125,37640.41979166667,37697.5109375,37732.564375,37799.7578125,-0.7866962308436484,-0.014355356147889416,0.009035763629957616,0.015808731682242616,-0.006030162690001228,Capital Goods,1
2024-03-21,36982.39453125,37736.33425248244,36732.36274533081,37729.34733630905,2842,37732.27109375,37385.9296875,37579.84661458333,37674.4916015625,37694.67921875,37755.43255208333,-0.857957364498027,-0.011826981135718763,0.02019752410644693,0.02038644957387392,-0.006760832798641925,Capital Goods,1
2024-03-22,37326.90234375,37379.95144139581,36549.30768792263,36955.79649610736,2599,37563.746875,37332.140625,37544.3234375,37668.7375,37660.03421875,37713.92369791667,-0.8024927674428671,0.009315454471421314,-0.009942047808442878,0.0014212027871285393,-0.02083201677616764,Capital Goods,1
2024-03-26,37473.17578125,38195.52226626813,37031.90059202913,37420.871387609914,11526,37435.5171875,37357.43828125,37501.97265625,37636.5677734375,37626.864375,37680.91549479167,-0.7789432368475034,0.003918713536766117,-0.0013957822508936513,0.01927636155619261,-0.011775761728784806,Capital Goods,1
2024-03-27,37769.76953125,38038.31740984609,37231.27795048047,37231.27795048047,5168,37395.45234375,37432.7171875,37461.14557291667,37622.6962890625,37621.905625,37681.50768229167,-0.7311926424169959,0.007914828242243696,-0.014257211189069863,0.00711012754191942,-0.014257211189069863,Capital Goods,1
2024-03-28,38614.9375,38876.147562122016,37603.6321085059,37774.11363647493,3448,37633.4359375,37656.7625,37506.85,37638.673828125,37684.6959375,37716.04296875,-0.5951234470902669,0.022376836799354146,-0.02177457527996951,0.006764482322987542,-0.02618948668488974,Capital Goods,1
2024-04-01,38477.74609375,38927.05314415239,38228.46290960478,38927.05314415239,7599,37932.50625,37832.388671875,37568.121875,37668.0115234375,37726.09453125,37734.317057291664,-0.6172108012546575,-0.0035528066373278475,0.01167706261452195,0.01167706261452195,-0.0064786327020779355,Capital Goods,1
2024-04-02,39650.8515625,39775.26702019327,38477.74753039791,38877.198738675346,5393,38397.29609375,37980.521484375,37687.19244791667,37757.5666015625,37814.44921875,37782.91119791667,-0.42834477335457,0.03048789463633758,-0.01951163199118633,0.0031377751748196125,-0.029585847109814933,Capital Goods,1
2024-04-03,40483.63671875,40624.02615937839,39439.04211867681,39650.848599991456,4663,38999.38828125,38217.452734375,37904.75494791667,37876.3265625,37909.131875,37855.618359375,-0.2942691691186732,0.02100295765243062,-0.02057098092605003,0.0034678070451947818,-0.02580288444267631,Capital Goods,1
2024-04-04,40809.77734375,41299.85959787628,39957.7751777787,40483.63808400303,7234,39607.38984375,38501.42109375,38157.608072916664,37997.706640625,38019.635,37952.819661458336,-0.24176162736606638,0.008056109861517158,-0.007991694171713415,0.012008942121840338,-0.02087740295161855,Capital Goods,1
2024-04-05,42090.23046875,42369.656420210435,40424.299395003945,40424.299395003945,20003,40302.4484375,38967.9421875,38538.6578125,38205.749609375,38171.42875,38120.988020833334,-0.03561298849842044,0.031376136022856806,-0.039579994102976634,0.006638736551178859,-0.039579994102976634,Capital Goods,1
2024-04-08,42777.04296875,42859.739671127645,41736.84243940854,41736.84243940854,8735,41162.3078125,39547.40703125,38942.36171875,38466.668359375,38366.87078125,38298.79674479167,0.07496150990993408,0.016317622696552486,-0.02431679370875084,0.0019332028732808038,-0.02431679370875084,Capital Goods,1
2024-04-09,42964.34375,43118.20406151433,42400.64935038782,42675.13533514807,5015,41825.00625,40111.151171875,39262.01640625,38721.6458984375,38571.05453125,38482.875390625,0.105116304614765,0.004378535033074381,-0.0067313588340780495,0.0035811162951679965,-0.013120051428975432,Capital Goods,1
2024-04-10,43771.83203125,44205.21967229002,42390.61776287385,42955.559831481965,20907,42482.6453125,40741.016796875,39639.18359375,39049.2275390625,38797.5903125,38671.384114583336,0.23511919720894908,0.018794381823881576,-0.018648344423538687,0.009901062416821205,-0.0315548654072797,Capital Goods,1
2024-04-12,44209.4609375,44466.581002856416,42962.54597887469,42962.54597887469,8802,43162.58203125,41384.9859375,40055.14140625,39408.8515625,39030.68171875,38876.79283854167,0.3055759766030203,0.009997957269359066,-0.028204708498665187,0.005815951153982812,-0.028204708498665187,Capital Goods,1
2024-04-15,44278.18359375,44857.99623949121,42869.719604960774,42919.62614699217,13627,43600.17265625,41951.310546875,40512.01901041667,39804.0365234375,39284.63421875,39076.219401041664,0.31664009271059484,0.0015544784938037338,-0.030682321100217846,0.013094770351488538,-0.031809434680333926,Capital Goods,1
2024-04-16,44644.6953125,45360.05488782314,43817.942778643104,43918.75399095843,13062,43973.703125,42568.00546875,41022.8390625,40200.1970703125,39568.0753125,39301.34283854167,0.3756472445337855,0.008277478636267595,-0.01626041607989903,0.016023394723960527,-0.018518494259393337,Capital Goods,1
2024-04-18,43702.9609375,44595.340614281406,43368.836631512684,44318.00839475099,4936,44121.4265625,42973.21640625,41447.90963541667,40476.8689453125,39801.60203125,39496.116536458336,0.2240311831640081,-0.021093981455313576,0.014073358968299088,0.020419204045639017,-0.007645347107376743,Capital Goods,1
2024-04-19,44007.94140625,44416.7734753442,42994.58903029172,43702.96173606473,4963,44168.6484375,43325.646875,41883.56067708333,40771.5498046875,40073.11171875,39692.76666666667,0.2731320110557196,0.006978485260670446,-0.006930105350075655,0.009289961221320198,-0.02302657983030232,Capital Goods,1
2024-04-22,44675.5390625,45115.46524941776,44168.839479053306,44321.00375245836,3849,44261.8640625,43712.223046875,42343.9453125,41106.8220703125,40379.4540625,39902.54544270833,0.3806129843612969,0.015169936036935096,-0.007935781357795268,0.009847137743594025,-0.011341767644657441,Capital Goods,1
2024-04-23,44754.890625,45058.07288193887,44466.73101770086,44814.77847822249,3185,44357.20546875,43978.6890625,42753.27552083333,41473.315625,40714.6703125,40130.062760416666,0.3933883185629265,0.001776174706901445,0.001338129808522881,0.006774282155646905,-0.006438617171777294,Capital Goods,1
2024-04-24,44740.16796875,45706.857727973824,44528.26400271015,44812.980836802664,2950,44376.3,44175.0015625,43170.7703125,41861.204296875,41035.41765625,40369.44609375,0.3910180205120285,-0.00032896195352952,0.0016274607664308327,0.021606753016641278,-0.004736324776157708,Capital Goods,1
2024-04-25,44854.25390625,45140.46792899493,44466.7296016965,44935.80041733476,2717,44606.55859375,44363.992578125,43517.663802083334,42237.571875,41302.806875,40602.428125,0.4093854720574057,0.0025499666782584827,0.0018180329396448869,0.006380978342503285,-0.008639633274548864,Capital Goods,1
2024-04-26,45117.4609375,45704.41257588882,44646.4445391288,45205.34714046745,3638,44828.4625,44498.55546875,43826.58541666667,42619.7861328125,41582.93234375,40865.670182291666,0.4517609172597292,0.0058680505933758195,0.0019479421301920041,0.013009412014605815,-0.010439780709816215,Capital Goods,1
2024-04-29,45136.2265625,45632.64851052637,44816.126772118005,45414.806448038114,3158,44920.6,44591.23203125,44115.015364583334,42988.108984375,41869.57765625,41136.31171875,0.4547821196573185,0.00041592821515367437,0.006171979953892848,0.01099830415240799,-0.007091859793347033,Capital Goods,1
2024-04-30,45054.1796875,45295.62597854437,41931.57803535901,41931.57803535901,5056,44980.4578125,44668.831640625,44312.611979166664,43310.07109375,42174.7440625,41425.63489583333,0.44157284922456147,-0.0018177610590993896,-0.06930770183365109,0.0053590209103586695,-0.06930770183365109,Capital Goods,1
2024-05-02,44866.78125,45469.85113324855,44227.37706423331,45369.53898224665,5870,45005.78046875,44691.040234375,44451.92786458333,43629.5228515625,42490.11953125,41697.144791666666,0.41140233219251576,-0.00415940183130207,0.011205567197817512,0.013441344942669575,-0.014251171310994959,Capital Goods,1
2024-05-03,44216.6484375,45295.17954468078,43618.31965849603,45295.17954468078,5622,44878.259375,44742.408984375,44535.41484375,43857.8126953125,42765.709375,41898.715625,0.306733139886027,-0.014490293138645867,0.02439196875596039,0.02439196875596039,-0.01353175331345391,Capital Goods,1
2024-05-06,44173.67578125,45414.95284315351,44017.62036508008,45414.95284315351,3109,44689.50234375,44758.982421875,44562.204427083336,44042.3146484375,43033.729375,42100.694010416664,0.2998146870184418,-0.0009718659773759566,0.028099926934999964,0.028099926934999964,-0.0035327695377380675,Capital Goods,1
2024-05-07,44056.1484375,44514.540048619936,43753.067552405446,44177.273180551274,1819,44473.48671875,44697.043359375,44551.98359375,44204.633203125,43285.18453125,42303.5625,0.28089318066201624,-0.002660574237290114,0.002749326651264372,0.010404713697799384,-0.00687942309629086,Capital Goods,1
2024-05-08,43852.6796875,44490.63345544824,43418.89046408026,44116.03417073614,3182,44233.18671875,44606.822265625,44523.61666666667,44292.7556640625,43494.69421875,42517.81783854167,0.24813539746350882,-0.004618396233357752,0.0060054365004107435,0.014547657577470341,-0.009891966158305121,Capital Goods,1
2024-05-09,43174.44921875,44299.042443768405,42919.82448474389,43917.75646716709,2268,43894.7203125,44450.250390625,44425.600260416664,44312.6259765625,43682.56234375,42724.21966145833,0.13894257717078787,-0.015466112301076243,0.01721636898367862,0.02604765655076413,-0.005897579207461701,Capital Goods,1
2024-05-10,46735.6796875,47136.33175050127,43381.31280232563,43472.59108886912,22345,44398.5265625,44638.39296875,44627.781510416666,44501.1927734375,43965.95546875,43037.84557291667,0.7122886837116276,0.08248467631182686,-0.06982007366640763,0.008572723573942787,-0.07177314864368034,Capital Goods,1
2024-05-13,47189.08203125,47909.284148089566,46537.80163152025,46962.057942199084,10677,45001.6078125,44845.555078125,44839.85755208333,44672.0552734375,44234.17328125,43361.70911458333,0.7852849333974277,0.009701417563234192,-0.004810945228825858,0.015262049733508753,-0.013801506019940235,Capital Goods,1
2024-05-14,47736.95703125,47900.29958559391,46512.89770136854,47240.433719783236,4283,45737.76953125,45105.628125,45043.95208333333,44848.430078125,44511.26046875,43693.94869791667,0.8734909624307916,0.01161020677700789,-0.010401235067030501,0.0034217211255627156,-0.025641754439440945,Capital Goods,1
2024-05-15,49193.328125,50007.35453280574,47226.56193927673,47226.56193927673,16605,46805.89921875,45519.54296875,45339.847916666666,45094.1873046875,44795.384375,44046.56171875,1.1079618015431154,0.03050825155856954,-0.03998034409718576,0.016547496151049224,-0.03998034409718576,Capital Goods,1
2024-05-16,55633.3203125,58883.73354591837,46166.74676141904,47300.47528896362,161644,49297.6734375,46596.196875,46066.05807291667,45643.6185546875,45309.63546875,44618.41419270833,2.1447788453309533,0.13091190275103998,-0.14978155135680637,0.05842565597667648,-0.17016013960529264,Capital Goods,1
2024-05-17,52813.1015625,55251.08694354248,52501.684725345855,53200.37634716605,29100,50513.1578125,47455.8421875,46596.64791666667,46099.1255859375,45703.58578125,45057.155859375,1.6907331288026626,-0.05069297921027262,0.007332930148170602,0.04616251098522062,-0.0058965830057454705,Capital Goods,1
2024-05-21,53188.046875,56394.292760941265,52303.0556990297,52303.0556990297,56216,51712.95078125,48357.279296875,47134.68697916667,46558.130859375,46080.234375,45480.63619791667,1.7510980608041204,0.007099475346212772,-0.016638910957760267,0.06028132398763253,-0.016638910957760267,Capital Goods,1
2024-05-22,52887.3125,54078.92868438685,52557.578411775554,53749.34665516017,4353,52743.021875,49240.395703125,47651.426041666666,46968.71953125,46427.3484375,45883.220703125,1.7026808396997068,-0.005654172180955836,0.016299450934667226,0.022531229666601815,-0.0062346538827142695,Capital Goods,1
2024-05-23,53270.046875,54230.24879338066,52900.937291242284,53409.98404630896,4436,53558.365625,50182.132421875,48199.15052083333,47394.47734375,46787.02296875,46255.88125,1.7642997845198143,0.0072367900146183455,0.002626939143442586,0.018025175022537754,-0.00692902682484664,Capital Goods,1
2024-05-24,51867.5703125,53790.87102052589,51503.55276489907,53300.188326465315,3044,52805.215625,51051.44453125,48665.869791666664,47750.8474609375,47075.93796875,46558.898828125,1.5385057833507751,-0.02632767652318684,0.027620688714236064,0.03708098714549535,-0.007018210905344935,Capital Goods,1
2024-05-27,50836.19921875,52533.22438252801,50431.55853807028,52002.61647139021,8993,52409.83515625,51461.496484375,49107.173177083336,48049.9447265625,47361.2675,46821.29401041667,1.3724585122771091,-0.019884700353921172,0.02294461959323657,0.03338221955728149,-0.007959695785645482,Capital Goods,1
2024-05-28,51800.59765625,52830.96502340629,51205.11122586198,51503.50166653523,10031,52132.3453125,51922.648046875,49615.63463541667,48384.1015625,47672.97375,47088.91953125,1.5277234113468892,0.01897070300928987,-0.0057353776434454495,0.019891032416147647,-0.011495744399315222,Capital Goods,1
2024-05-29,52110.9140625,53100.560792303935,51241.04303373134,51703.1776135591,6942,51977.065625,52360.04375,50152.61901041667,48732.8359375,47970.38875,47352.30130208333,1.5776833071976155,0.0059905950952393846,-0.007824396410546108,0.01899116044322291,-0.01669268414147118,Capital Goods,1
2024-05-30,52016.2421875,53170.43239932198,51802.99308287611,52202.24543804279,5589,51726.3046875,52642.33515625,50696.85651041667,49080.9390625,48260.8428125,47610.236588541666,1.5624414543025336,-0.001816737946420473,0.0035758686656430783,0.022189034872252655,-0.0040996637906906,Capital Goods,1
2024-05-31,51328.48046875,52648.70734368507,50866.84495781766,52568.205752517664,4830,51618.48671875,52211.851171875,51240.45859375,49404.0240234375,48524.3753125,47833.02942708333,1.4517141348736515,-0.013222056992715166,0.024152775855549313,0.025721136937588707,-0.008993749799653505,Capital Goods,1
2024-06-03,53134.5,53779.29255738814,51968.68311605365,53779.29255738814,10138,52078.146875,52243.991015625,51667.046614583334,49849.9166015625,48855.58515625,48147.4140625,1.7424771943457205,0.035185524970869686,0.012135101626779887,0.012135101626779887,-0.021940864860803155,Capital Goods,1
2024-06-04,49703.07421875,53134.5000764837,47934.787864136146,53000.75053652336,6723,51658.6421875,51895.49375,51834.64609375,50126.3865234375,49039.0096875,48337.25182291667,1.1900292051387464,-0.0645799956948875,0.06634753221218936,0.06903850338575701,-0.03557700167260047,Capital Goods,1
2024-06-05,50579.28125,51338.7574325196,49421.99924877158,50904.62121148664,5956,51352.315625,51664.690625,52024.134375,50452.5431640625,49256.731875,48534.043229166666,1.3310955849474164,0.01762882970565751,0.006432277277302001,0.015015559014484703,-0.022880554500335437,Capital Goods,1
2024-06-06,51932.94921875,52617.4174787509,50929.328605653536,51403.74099897363,4172,51335.65703125,51530.980859375,52206.77578125,50856.556640625,49531.88265625,48773.311848958336,1.549031566974516,0.026763289934057733,-0.010190220808513173,0.01317984574913722,-0.01932531520343761,Capital Goods,1
2024-06-07,52217.9140625,53479.801007324684,51902.85561485471,52651.352390196356,4986,51513.54375,51566.015234375,51979.08203125,51308.7298828125,49825.92796875,49022.570052083334,1.5949099466802892,0.00548716851318576,0.00830056764001652,0.02416578615749221,-0.006033531850165419,Capital Goods,1
2024-06-10,53082.54296875,54628.647620168165,52160.92120877313,52851.02730315789,6532,51503.15234375,51790.649609375,51997.04479166667,51626.073046875,50180.56375,49296.846354166664,1.7341122873743768,0.01655808972405752,-0.004361427554976149,0.02912642396066767,-0.017362049902534538,Capital Goods,1
2024-06-11,53298.390625,53899.06655764887,53101.11161966986,53499.8142127774,8621,52222.215625,51940.42890625,52004.401041666664,51931.5384765625,50545.55234375,49569.54401041667,1.7688630327706278,0.004066264428534834,0.0037791682903633994,0.011270057605963002,-0.0037014064217842924,Capital Goods,1
2024-06-12,54413.10546875,56244.675651913465,53275.23625414164,53275.23625414164,30151,52988.98046875,52170.648046875,52106.12057291667,52265.3458984375,50959.830625,49878.77330729167,1.948328366782463,0.020914606063679807,-0.020911675685591047,0.033660460423736493,-0.020911675685591047,Capital Goods,1
2024-06-13,54466.25390625,55005.544785787235,54248.41184763461,54413.103438340404,6546,53495.64140625,52415.64921875,52185.86770833333,52528.9921875,51384.37359375,50192.509114583336,1.9568850861458267,0.0009767580262538716,-0.0009758421792892547,0.009901376372707604,-0.003999578509481294,Capital Goods,1
2024-06-14,57818.52734375,58390.65517155575,54536.92261656569,54797.3840840754,26274,54615.7640625,53064.65390625,52582.59817708333,52638.2525390625,51970.13671875,50624.233984375,2.496589814698689,0.06154771435667484,-0.05225216549900902,0.00989523348466248,-0.05675697528015722,Capital Goods,1
2024-06-18,56861.76953125,58590.23199716757,56394.39474647062,57818.52866651284,8546,55371.609375,53437.380859375,52984.30286458333,52840.6859375,52375.1803125,51045.738020833334,2.3425550305101925,-0.01654759912530741,0.01682605277939908,0.030397620055908403,-0.008219490681212749,Capital Goods,1
2024-06-19,55083.3984375,58334.75897129318,54908.2771609364,57192.89728723392,5284,55728.6109375,53975.41328125,53203.15625,52935.453515625,52690.95296875,51409.39544270833,2.056243276319168,-0.03127533856948728,0.038296454277915615,0.059026142649537316,-0.0031792024735419755,Capital Goods,1
2024-06-20,55320.60546875,56661.84385643039,55096.82530229385,55254.47929707832,5790,55910.1109375,54449.545703125,53417.13567708333,53057.1181640625,52994.29890625,51784.87734375,2.0944328091238322,0.0043063252809128205,-0.0011953262461857905,0.02424482480471113,-0.004045150347867343,Capital Goods,1
2024-06-21,55436.0859375,56872.44691442137,55151.72001842144,55517.932667054076,8722,56104.07734375,54799.859375,53645.125260416666,53165.4201171875,53244.00921875,52170.990885416664,2.1130247755018363,0.002087476587999993,0.0014764160955798022,0.025910216290175425,-0.005129617545494902,Capital Goods,1
2024-06-24,57099.82421875,57359.98547531748,55321.654040480775,55795.41530723608,7538,55960.33671875,55288.050390625,54029.881510416664,53427.0328125,53302.669375,52635.17005208333,2.380881033115081,0.03001182809200742,-0.022844359494290534,0.004556253195645565,-0.031141429988593927,Capital Goods,1
2024-06-25,57795.87109375,58619.32905900101,56793.646330645024,57142.94144775176,8582,56147.15703125,55759.383203125,54340.63958333333,53775.01640625,53501.98015625,53003.843098958336,2.4929422347848638,0.012190000311269565,-0.011297167663398167,0.0142476953745585,-0.01734076750014335,Capital Goods,1
2024-06-26,57285.42578125,59881.864437515906,56904.588161507345,57876.86901815963,23395,56587.5625,56158.08671875,54846.1296875,54049.2578125,53665.8753125,53340.387890625,2.410762259326375,-0.008831864678914739,0.01032449752871023,0.045324593836147065,-0.006648071731140126,Capital Goods,1
2024-06-27,56971.01171875,58389.60517142153,56616.32826504487,57367.07081482472,7391,56917.64375,56413.87734375,55272.24505208333,54292.2626953125,53829.22328125,53648.189713541666,2.3601426546257174,-0.005488552423449218,0.006951940717323968,0.024900267870873183,-0.006225682904423491,Capital Goods,1
2024-06-28,56605.19921875,57878.01493796112,56095.95362323373,57392.52563719399,11456,57151.46640625,56627.771875,55583.72838541667,54521.710546875,53962.629375,53895.25208333333,2.3012480746653843,-0.006421028676933355,0.013909083075591244,0.02248584470646131,-0.008996445601194725,Capital Goods,1
2024-07-01,56566.21875,56893.45750330678,56095.003522925086,56594.018253289374,3549,57044.7453125,56502.541015625,55873.61536458333,54783.5974609375,54150.5753125,53926.34869791667,2.2949723505343385,-0.0006886376037536857,0.0004914506202409186,0.005785056179078207,-0.008330329258130154,Capital Goods,1
2024-07-02,56681.75390625,57093.085193244435,56145.96037974926,57088.09453894433,2364,56821.921875,56484.539453125,56113.562760416666,54960.96015625,54384.3975,54055.30377604167,2.313573121415583,0.0020424762128898708,0.00716880838525924,0.007256855313171329,-0.009452663151301333,Capital Goods,1
2024-07-03,56396.0390625,57275.9421037351,56145.859121505164,57242.80493890458,6928,56644.04453125,56615.803515625,56320.07265625,55295.6083984375,54568.21515625,54162.23684895833,2.2675739942368005,-0.005040684595303176,0.015014633837425295,0.015602213486304528,-0.004436126103068649,Capital Goods,1
2024-07-04,58518.515625,58889.718920787374,56378.56991465096,56543.11334141837,22289,56953.5453125,56935.59453125,56593.76666666667,55692.5701171875,54824.51921875,54349.943619791666,2.60928556949486,0.03763520626240789,-0.03375687613541767,0.006343347773312136,-0.036568694326805984,Capital Goods,1
2024-07-05,57473.421875,58490.61466212004,57177.92446367549,58490.56787473749,4504,57127.18984375,57139.328125,56794.24453125,55969.59375,55042.80640625,54490.05611979167,2.441028997000975,-0.017859197876740403,0.017697676013613828,0.017698490083509322,-0.005141461943351744,Capital Goods,1
2024-07-08,57412.984375,58390.653522439825,56306.50566423079,58390.653522439825,4047,57296.54296875,57170.644140625,56767.208333333336,56229.347265625,55286.1865625,54674.90325520833,2.431298763134301,-0.0010515730232914726,0.017028711502855565,0.017028711502855565,-0.019272273037438836,Capital Goods,1
2024-07-09,56669.52734375,58171.06707692544,56444.30067261726,58171.06707692544,3849,57294.09765625,57058.009765625,56754.3921875,56408.696484375,55427.58765625,54869.34752604167,2.311604686048294,-0.012949283848301955,0.02649642239059613,0.02649642239059613,-0.003974387676935143,Capital Goods,1
2024-07-10,56863.31640625,57075.06830920951,55200.18085614118,56202.40171609036,4421,57387.553125,57015.798828125,56873.053385416664,56586.9427734375,55713.99734375,55038.104817708336,2.342804072173274,0.0034196343534771464,-0.011622865705507746,0.0037238753618711318,-0.029247952022826817,Capital Goods,1
2024-07-11,56912.02734375,57392.52599309354,56544.61380472601,57392.52599309354,2299,57066.25546875,57009.900390625,56979.148177083334,56711.8888671875,55967.3071875,55198.141927083336,2.350646368987999,0.0008566320182944175,0.008442831362188485,0.008442831362188485,-0.0064558153376754746,Capital Goods,1
2024-07-12,56405.07421875,57192.899706008386,55803.30266781027,57192.899706008386,7283,56852.5859375,56989.887890625,57043.747395833336,56808.8298828125,56146.1921875,55344.436328125,2.2690286239507103,-0.008907662381063866,0.013967280394012738,0.013967280394012738,-0.010668748499575442,Capital Goods,1
2024-07-15,56034.265625,56892.459294158245,55795.51350977115,56434.317242262274,2503,56576.8421875,56936.692578125,56972.71015625,56719.616796875,56298.84625,55501.29583333333,2.20932968973007,-0.006574029001574063,0.007139410373280475,0.015315515597216223,-0.00426082349015966,Capital Goods,1
2024-07-16,56141.21875,56555.489840543305,55896.32578613085,56394.39308077343,2383,56471.18046875,56882.6390625,56862.4,56683.5892578125,56421.19328125,55601.519791666666,2.226548782495681,0.0019087093193255354,0.004509598053095809,0.007379089727069799,-0.0043620884854614905,Capital Goods,1
2024-07-18,54939.66796875,56544.11262295441,54709.548121613014,56141.21866514189,4186,56086.45078125,56737.001953125,56706.01614583333,56676.402734375,56486.844375,55776.072916666664,2.0331031551244765,-0.02140229243331131,0.02187036691003197,0.029203755929450237,-0.004188591879875969,Capital Goods,1
2024-07-19,53298.29296875,55376.19867135834,52904.77987768373,55376.19867135834,4248,55363.70390625,56214.9796875,56461.168229166666,56575.287109375,56442.251875,55866.706640625,1.768847310443413,-0.029875954127236874,0.03898634621988095,0.03898634621988095,-0.007383221284347652,Capital Goods,1
2024-07-22,53995.53515625,54891.209458447556,52855.17062909656,53350.09538411503,4493,54881.79609375,55867.191015625,56287.190625,56503.2595703125,56423.423125,55935.45950520833,1.8811009533983045,0.013081885904090942,-0.011953576721986714,0.01658793268009462,-0.02111960783152722,Capital Goods,1
2024-07-23,53401.0,55783.53840115138,53041.474038233515,53998.88039475898,10384,54355.14296875,55465.992578125,56076.176041666666,56318.318359375,56246.72203125,55974.895703125,1.7853827964217257,-0.0110108207008146,0.011196052410235247,0.04461598848619652,-0.006732569835143254,Capital Goods,1
2024-07-24,54230.44921875,55600.0,53502.05078125,53580.0,6092,53972.9890625,55222.084765625,55912.75572916667,56140.047265625,56141.46921875,56013.15924479167,1.9189213259599662,0.015532466035280239,-0.011994169845915836,0.025254276904947304,-0.013431539808232973,Capital Goods,1
2024-07-25,53829.69921875,54994.94921875,53507.44921875,54230.44921875,6347,53750.9953125,54918.723046875,55741.66640625,55967.2609375,56091.32125,56030.86953125,1.8544019262152789,-0.007389759918519023,0.007444775018553562,0.02164697215313649,-0.005986472238874274,Capital Goods,1
2024-07-26,54453.75,55199.8984375,53835.0,54900.0,4741,53982.08671875,54672.8953125,55470.68203125,55841.3978515625,56056.64703125,56032.224348958334,1.9548719993692483,0.01159305718417669,0.008195027890641082,0.013702425223239834,-0.01136285379794777,Capital Goods,1
2024-07-29,53990.44921875,55109.55078125,53600.0,54453.75,4554,53981.06953125,54431.4328125,55238.48385416667,55710.6603515625,55998.8215625,56016.36419270833,1.8802821345969596,-0.00850815198677777,0.00858116181572921,0.020727769053481948,-0.007231820153376423,Capital Goods,1
2024-07-30,53949.8515625,54757.19921875,53501.0,54300.0,7902,54090.83984375,54222.99140625,55007.60833333333,55579.8419921875,55872.82265625,55887.40833333333,1.8737460487272373,-0.0007519414421893919,0.006490257662606469,0.014964779936691874,-0.008319792353460143,Capital Goods,1
2024-07-31,54456.94921875,56750.0,54100.1015625,54300.0,12169,54136.13984375,54054.564453125,54860.103125,55468.6017578125,55739.26578125,55807.24765625,1.955387062808804,0.009399426348050946,-0.0028820787980528006,0.04210758799651004,-0.006552839653513609,Capital Goods,1
2024-08-01,54121.0,55193.6015625,53801.05078125,54990.0,2498,54194.4,53972.69765625,54677.28203125,55354.8498046875,55612.68875,55775.167708333334,1.901300370510746,-0.006169078943451533,0.01605661388370505,0.01981858359047317,-0.005911738858298987,Capital Goods,1
2024-08-02,53927.3515625,54350.0,53534.05078125,53900.0,4137,54089.1203125,54035.603515625,54478.30364583333,55125.2916015625,55490.94234375,55728.725911458336,1.8701236245369555,-0.003578064660667763,-0.0005071927641078222,0.007837366851034089,-0.007293159590716747,Capital Goods,1
2024-08-05,53097.44921875,55408.44921875,52050.5,52900.0,7732,53910.5203125,53945.794921875,54257.7953125,54906.49296875,55350.63234375,55650.77135416667,1.7365121434004385,-0.015389265738150906,-0.003718619663565237,0.043523748014319574,-0.019717504967833643,Capital Goods,1
2024-08-06,51158.0,54000.0,49500.0,54000.0,26187,53352.15,53721.494921875,53932.7109375,54593.74375,55134.30359375,55452.710546875,1.4242673538082917,-0.03652622201793327,0.055553383635013054,0.055553383635013054,-0.03240939833457135,Capital Goods,1
2024-08-07,51574.25,51999.0,50944.05078125,51999.0,11857,52775.61015625,53455.875,53628.246354166666,54338.9798828125,54930.0034375,55245.32317708333,1.4912822013285065,0.008136557332186559,0.00823569901646648,0.00823569901646648,-0.012219260944172694,Capital Goods,1
2024-08-08,51478.1484375,52392.69921875,51300.0,52076.0,5450,52247.03984375,53220.719921875,53397.47838541667,54069.721484375,54733.2878125,55051.747265625,1.4758101735630005,-0.0018633632578273073,0.011613695920432265,0.01776580566724073,-0.00346066132732592,Capital Goods,1
2024-08-09,51951.8515625,52224.94921875,50750.0,51878.8515625,3120,51851.93984375,52970.530078125,53307.715625,53821.7126953125,54470.62125,54884.44192708333,1.552074780630206,0.009202023370656513,-0.0014051472239093865,0.00525674539090204,-0.023133950501343148,Capital Goods,1
2024-08-12,51007.3515625,51900.0,50850.0,51900.0,2256,51433.9203125,52672.2203125,53108.50338541667,53551.8265625,54211.9784375,54697.847005208336,1.4000134629537064,-0.018180295246334608,0.017500387888326863,0.017500387888326863,-0.003084880074731844,Capital Goods,1
2024-08-13,51298.3984375,51728.30078125,51016.05078125,51395.0,1947,51462.0,52407.075,52968.32994791667,53315.033203125,53967.395,54522.25299479167,1.4468710291984153,0.005705978963510315,0.0018831301842239245,0.008380424279205823,-0.005504024781475381,Capital Goods,1
2024-08-14,51075.3984375,51698.94921875,50760.1484375,51550.0,16252,51362.2296875,52068.919921875,52757.99322916667,53061.7421875,53743.62984375,54335.37447916667,1.4109687805569548,-0.00434711427242109,0.009292175431206084,0.012208436944706857,-0.00617224749378642,Capital Goods,1
2024-08-16,51384.30078125,52600.0,51048.0,51080.0,6305,51343.46015625,51795.25,52594.96666666667,52883.973828125,53524.46921875,54168.31653645833,1.4607010171096113,0.006047967381556464,-0.005922057449909701,0.023658961983844096,-0.006544815753778188,Capital Goods,1
2024-08-19,52044.30078125,52850.0,51616.55078125,51990.0,18290,51361.95,51606.944921875,52434.33671875,52821.27421875,53329.76015625,53952.509375,1.56695879335788,0.012844390017287776,-0.0010433569177581425,0.01548102686856101,-0.008218959493718536,Capital Goods,1
2024-08-20,52017.75,52944.0,51555.6015625,52044.30078125,15890,51564.0296875,51498.975,52302.8234375,52722.3849609375,53154.2671875,53770.653645833336,1.5626842070347295,-0.0005101573246530281,0.0005104177179904301,0.01780642184638892,-0.008884437283427249,Capital Goods,1
2024-08-21,52398.25,53072.3984375,51901.05078125,52300.0,3192,51784.0,51623.0,52199.38333333333,52672.2474609375,53008.8265625,53603.495833333334,1.6239434250081632,0.007314810809771664,-0.0018750626213661636,0.012865857876932951,-0.00948885160763957,Capital Goods,1
2024-08-22,52212.55078125,52919.94921875,51992.3515625,52398.25,2443,52011.43046875,51686.830078125,52049.75677083333,52571.3525390625,52851.67984375,53454.929947916666,1.5940464764696545,-0.0035439965790842252,0.0035566011614334148,0.013548436667339292,-0.004217361830731958,Capital Goods,1
2024-08-23,52274.69921875,52910.8984375,51632.05078125,52704.69921875,3440,52189.51015625,51766.48515625,51926.67005208333,52493.6025390625,52745.08109375,53301.97604166667,1.6040521655091309,0.0011902969031407304,0.008225776645803595,0.012170308548074882,-0.012293680252673633,Capital Goods,1
2024-08-26,52209.30078125,52825.80078125,51840.05078125,52800.0,3146,52222.51015625,51792.230078125,51812.13333333333,52381.380078125,52701.52140625,53145.218489583334,1.593523237419947,-0.0012510533485105687,0.011314061094688022,0.0118082408838045,-0.007072494641273019,Capital Goods,1
2024-08-27,52344.25,52998.94921875,52107.05078125,52209.30078125,4724,52287.81015625,51925.919921875,51761.92005208333,52299.0701171875,52635.47,53009.857682291666,1.6152496069514866,0.0025847735313563997,-0.002578109701638631,0.012507567091896377,-0.0045315238779808364,Capital Goods,1
2024-08-28,50855.0,52750.0,50700.0,52344.25,9967,51979.16015625,51881.580078125,51741.720052083336,52144.3275390625,52533.63,52837.215494791664,1.3754853747124958,-0.02845107151215272,0.029284239504473453,0.03726280601710741,-0.0030478812309507886,Capital Goods,1
2024-08-29,51003.05078125,51250.0,50501.0,51222.0,4154,51737.26015625,51874.3453125,51703.64010416667,51971.6326171875,52404.5340625,52665.94322916667,1.3993210516631682,0.002911233531609478,0.004292865140343549,0.0048418519082154,-0.009843544132355442,Capital Goods,1
2024-08-30,50968.94921875,51495.0,50800.0,51495.0,1718,51476.11015625,51832.81015625,51669.69348958333,51814.030078125,52290.1040625,52533.5859375,1.3938308149997722,-0.0006686180920090488,0.010321005029793273,0.010321005029793273,-0.00331474792672104,Capital Goods,1
2024-09-02,50181.94921875,51380.0,49900.0,50968.94921875,3801,51070.63984375,51646.575,51551.7,51626.7599609375,52119.23203125,52429.7078125,1.2671264666552458,-0.015440773491765168,0.01568293006254806,0.02387413800981575,-0.005618538600821288,Capital Goods,1
2024-09-03,50746.44921875,51124.19921875,50298.1015625,50789.0,1888,50751.0796875,51519.444921875,51534.30651041667,51509.2099609375,51989.47203125,52321.404947916664,1.3580090646736513,0.011249064828854436,0.0008384977058508714,0.00744387057253304,-0.008835054730969127,Capital Goods,1
2024-09-04,50300.1015625,51000.0,50140.0,50145.0,2108,50640.1,51309.630078125,51467.75338541667,51466.3150390625,51843.48203125,52218.041666666664,1.2861485959058458,-0.008795643106495058,-0.0030835238435310552,0.01391445376368372,-0.0031829272213509396,Capital Goods,1
2024-09-05,49725.8984375,51068.94921875,49011.1484375,50350.0,9864,50384.66953125,51060.96484375,51377.78671875,51373.8974609375,51654.24,52067.889973958336,1.1937038274553813,-0.011415546035956375,0.012550835321445852,0.027009080246947592,-0.014373797607666439,Capital Goods,1
2024-09-06,49024.8984375,50299.0,48826.69921875,50299.0,4546,49995.859375,50735.984765625,51220.49322916667,51251.2349609375,51450.3959375,51907.72994791667,1.0808451893492657,-0.014097281739033435,0.025988866945319655,0.025988866945319655,-0.004042827727683607,Capital Goods,1
2024-09-09,49484.3515625,49880.0,48890.0,49200.0,7612,49856.33984375,50463.48984375,51049.82994791667,51127.8599609375,51272.6759375,51742.083333333336,1.1548155944292926,0.009371832265715746,-0.005746292585866342,0.00799542532148334,-0.01201089927892296,Capital Goods,1
2024-09-10,50253.75,50800.0,49800.0,50000.0,9360,49757.8,50254.43984375,50932.22994791667,51090.1798828125,51158.92796875,51617.526692708336,1.2786861505166298,0.015548318068353995,-0.00504937442479414,0.010869835584409016,-0.00902917692709504,Capital Goods,1
2024-09-11,51248.8984375,51388.94921875,49907.1015625,50180.0,3104,49947.559375,50293.8296875,50855.60651041667,51087.7048828125,51162.56390625,51527.494921875,1.4389016959797951,0.019802471208616272,-0.020857003176440236,0.002732756908342182,-0.026181965191629852,Capital Goods,1
2024-09-12,51301.05078125,51498.0,50652.3515625,51256.0,2082,50262.58984375,50323.6296875,50794.83984375,51098.9875,51151.6359375,51422.29830729167,1.4472980476055683,0.0010176285801264935,-0.0008781648828617428,0.003839087421226628,-0.012644949935159855,Capital Goods,1
2024-09-13,50440.05078125,51600.0,50251.0,51301.05078125,3087,50545.6203125,50270.73984375,50672.529947916664,51051.775,51110.11203125,51299.6,1.3086799485907814,-0.016783281957933823,0.01706976869896537,0.022996591018127788,-0.003748029161784183,Capital Goods,1
2024-09-16,49576.80078125,50900.0,49440.05078125,50900.0,16116,50564.11015625,50210.225,50497.029947916664,50928.4,51015.11,51154.581640625,1.1696996071569665,-0.01711437610845734,0.026689887162917536,0.026689887162917536,-0.0027583466025448145,Capital Goods,1
2024-09-17,49962.30078125,50199.94921875,49500.0,49896.80078125,4617,50505.8203125,50131.81015625,50338.23333333333,50825.6275390625,50973.30796875,51050.07669270833,1.231763808283796,0.007775814371341939,-0.0013109884648182524,0.004756555118238026,-0.009252992236568391,Capital Goods,1
2024-09-18,49642.8515625,50084.25,49500.0,50024.5,5032,50184.6109375,50066.08515625,50257.4234375,50687.8576171875,50907.08609375,50999.57174479167,1.1803335603919451,-0.006393805204220776,0.007687883058440148,0.008891480316038702,-0.0028775857551243123,Capital Goods,1
2024-09-19,49620.80078125,49999.80078125,49051.1015625,49700.0,6088,49848.5609375,50055.575390625,50165.2734375,50558.2701171875,50848.9021875,50934.456770833334,1.176783458906851,-0.0004441884492118311,0.001596089089717534,0.00763792591076462,-0.011481056528319211,Capital Goods,1
2024-09-20,49559.94921875,50124.94921875,49151.0,49650.0,19586,49672.540625,50109.08046875,50071.340104166666,50422.5326171875,50775.928125,50870.516796875,1.1669865623727866,-0.0012263317306840747,0.0018170071331697901,0.011400334522260636,-0.008251606896225061,Capital Goods,1
2024-09-23,49444.5,50279.94921875,49175.1484375,50279.94921875,2256,49646.08046875,50105.0953125,50022.17682291667,50284.292578125,50671.93609375,50786.93841145833,1.1483996271394914,-0.002329486219617072,0.016896706787408178,0.016896706787408178,-0.005447553570164576,Capital Goods,1
2024-09-24,49817.94921875,50400.0,49386.44921875,49600.0,3515,49617.21015625,50061.515234375,49960.27682291667,50157.9775390625,50583.9440625,50747.291666666664,1.208523693088019,0.007552897061351617,-0.004374913503424005,0.011683555633617448,-0.008661536790791735,Capital Goods,1
2024-09-25,49540.25,50300.0,49425.0,49840.0,7466,49596.68984375,49890.650390625,49909.62005208333,50092.2400390625,50469.6240625,50688.68671875,1.1638150545270243,-0.005574280417096781,0.006050635594289533,0.01533601465475054,-0.002326391166778574,Capital Goods,1
2024-09-26,49207.75,49990.0,49080.8515625,49785.0,4188,49514.0796875,49681.3203125,49875.076822916664,50002.475,50349.43203125,50626.43177083333,1.110283674826192,-0.006711714212181004,0.0117308757258765,0.015896886161224533,-0.0025788303163627457,Capital Goods,1
2024-09-27,48840.69921875,49497.19921875,48607.05078125,49267.75,3211,49370.2296875,49521.38515625,49862.796875,49896.0625,50212.07203125,50541.64505208333,1.0511897357567757,-0.007459206756049606,0.008743748309935295,0.01344165850410195,-0.004783888053148555,Capital Goods,1
2024-09-30,48979.5,49480.6015625,48499.94921875,49252.44921875,4665,49277.2296875,49461.655078125,49829.14010416667,49835.9400390625,50082.88,50439.485026041664,1.0735361938736656,0.0028419081518127453,0.005572723665002721,0.010230842750538427,-0.009790846808358622,Capital Goods,1
2024-10-01,49351.6484375,49650.25,48600.0,48979.5,7278,49183.96953125,49400.58984375,49769.0,49766.2,49963.1759375,50350.614973958334,1.1334508384236925,0.0075980448452924185,-0.007540749889465181,0.006050488118510389,-0.015230462634939212,Capital Goods,1
2024-10-03,48587.3515625,49351.6484375,48400.05078125,49351.6484375,1980,48993.38984375,49295.03984375,49591.56354166667,49680.5625,49872.47,50223.58502604167,1.010401616710055,-0.01548675473257843,0.01573036706923303,0.01573036706923303,-0.003854928808150193,Capital Goods,1
2024-10-04,48223.0,48869.6015625,47600.0,48644.94921875,4130,48796.43984375,49155.259765625,49386.36015625,49605.417578125,49761.26796875,50090.6,0.9517422427648548,-0.007498897362852118,0.008749957877983494,0.013408571895153765,-0.012919146465379616,Capital Goods,1
2024-10-07,47453.8515625,48567.44921875,46827.94921875,48480.19921875,5089,48519.0703125,48944.65,49187.28020833333,49526.865234375,49620.6640625,49929.905078125,0.8279119358351875,-0.015949825550048733,0.021628331999526518,0.023466960416970828,-0.013189705854026235,Capital Goods,1
2024-10-08,48198.30078125,48393.0,46893.05078125,47358.0,2904,48362.83046875,48820.030078125,49095.380208333336,49462.5626953125,49541.318125,49796.205078125,0.9477657517656964,0.015687856606739475,-0.01743424078503808,0.004039545286744772,-0.027080830212748208,Capital Goods,1
2024-10-09,49417.1015625,49500.0,48273.6484375,48392.8984375,4342,48375.92109375,48779.9453125,49059.03359375,49420.7302734375,49488.14421875,49698.633463541664,1.1439885710161168,0.02528721472529868,-0.02072568185134538,0.0016775252873775237,-0.023138814071355873,Capital Goods,1
2024-10-10,50120.75,50549.8984375,49320.6484375,49417.1015625,6179,48682.60078125,48837.9953125,49090.89348958333,49364.3228515625,49480.97015625,49674.158463541666,1.2572735986362968,0.014238966172673333,-0.01403906440945113,0.008562290817675233,-0.015963479447135165,Capital Goods,1
2024-10-11,50303.6484375,50507.3515625,49902.0,50507.3515625,1381,49098.73046875,48947.58515625,49136.416666666664,49314.452734375,49504.08015625,49650.845052083336,1.2867196308302862,0.0036491560381678246,0.004049470194057436,0.004049470194057436,-0.007984479256987309,Capital Goods,1
2024-10-14,50041.1015625,50580.0,49650.0,50350.0,1781,49616.18046875,49067.625390625,49168.493489583336,49294.5052734375,49544.72828125,49619.916796875,1.2444504685599345,-0.005219241211225516,0.00617289443786917,0.010769116199948803,-0.007815606577155854,Capital Goods,1
2024-10-15,49776.80078125,50595.0,49615.0,50595.0,2457,49931.88046875,49147.35546875,49190.646875,49304.5052734375,49556.42625,49606.411848958334,1.2018989332928054,-0.005281673923982176,0.016437360495417774,0.016437360495417774,-0.003250525921925984,Capital Goods,1
2024-10-16,49698.75,49999.8984375,49500.0,49550.0,1091,49988.21015625,49182.065625,49182.70026041667,49291.327734375,49534.22625,49571.488541666666,1.1893330204896766,-0.0015680152204438234,-0.0029930330239693603,0.006059477099524591,-0.003999094544631432,Capital Goods,1
2024-10-17,49569.1484375,49850.0,49000.0,49698.75,2159,49877.88984375,49280.2453125,49184.62682291667,49287.642578125,49467.03625,49547.1234375,1.1684676055964176,-0.002607742900978395,0.0026145610038754707,0.0056658540917666755,-0.011481908716217237,Capital Goods,1
2024-10-18,51677.44921875,51850.0,49120.1015625,49600.0,8957,50152.65,49625.690234375,49349.2734375,49390.475,49482.0921875,49612.175130208336,1.5078969278359817,0.042532519676190976,-0.04020030497163629,0.003338995710093773,-0.04948672380141639,Capital Goods,1
2024-10-21,51578.1015625,51977.6484375,50600.1015625,51677.44921875,3439,50460.05,50038.115234375,49531.766927083336,49491.3826171875,49527.61421875,49697.281901041664,1.491902289913857,-0.001922456656663966,0.0019261596150377258,0.007746443992628249,-0.01896153542632628,Capital Goods,1
2024-10-22,51316.25,51999.0,51051.05078125,51260.0,5352,50767.93984375,50349.91015625,49687.55026041667,49584.9701171875,49597.1921875,49758.34518229167,1.4497450706132744,-0.0050767972175691685,-0.0010961440089640728,0.013304752393247687,-0.005167938396706706,Capital Goods,1
2024-10-23,50616.75,51324.0,50100.0,51316.25,3060,50951.53984375,50469.875,49771.890364583334,49624.91015625,49623.37015625,49770.44518229167,1.3371279274531775,-0.013631159720361484,0.013819536023154333,0.013972647394390192,-0.010209071107884271,Capital Goods,1
2024-10-24,50523.1015625,51522.80078125,50275.05078125,50615.0,3557,51142.33046875,50510.11015625,49900.94036458333,49674.052734375,49658.58015625,49746.251953125,1.3220508445473063,-0.001850147184479446,0.0018189389538232348,0.019786972450876128,-0.004909650705888446,Capital Goods,1
2024-10-25,49366.44921875,50899.80078125,48836.05078125,50560.0,6407,50680.13046875,50416.390234375,49977.1703125,49681.9876953125,49648.40609375,49681.765234375,1.1358337143363624,-0.02289353400679794,0.024177367425418872,0.031060600605595345,-0.01074410750406063,Capital Goods,1
2024-10-28,48840.1015625,49999.0,48745.05078125,49366.44921875,4034,50132.53046875,50296.290234375,50069.58697916667,49681.9578125,49619.6121875,49628.43359375,1.0510935151142213,-0.010662052154443519,0.010776956628078205,0.02372841989316865,-0.0019461626452264014,Capital Goods,1
2024-10-29,48967.25,49499.94921875,48073.0,48840.1015625,2266,49662.73046875,50215.33515625,50120.850260416664,49681.3453125,49600.5221875,49608.115234375,1.0715639851478456,0.0026033614475041563,-0.002596601555120981,0.010878683584436555,-0.01826220586208127,Capital Goods,1
2024-10-30,45193.30078125,47278.69921875,44500.0,46011.05078125,67637,48578.040625,49764.790234375,49839.26354166667,49473.4279296875,49415.53625,49449.14856770833,0.46397087657471586,-0.07707088347313766,0.018094495995284232,0.04614397270059989,-0.01534078656050808,Capital Goods,1
2024-10-31,45771.30078125,46714.3515625,45302.30078125,45525.25,29687,47627.68046875,49385.00546875,49549.30026041667,49332.625390625,49264.77828125,49320.096875,0.5570269291072905,0.012789506188045535,-0.005375656296637166,0.020603539011421645,-0.010246595399187819,Capital Goods,1
2024-11-01,46291.1484375,46599.0,46010.25,46599.0,1331,47012.6203125,48846.375390625,49281.80026041667,49236.0328125,49148.11421875,49209.10846354167,0.6407206502300168,0.011357502351406914,0.006650333225490135,0.006650333225490135,-0.006068080982679747,Capital Goods,1
2024-11-04,45397.80078125,45999.3984375,45111.1015625,45111.1015625,14994,46324.16015625,48228.3453125,48972.246875,49133.2302734375,49010.39828125,49070.37018229167,0.4968946875486112,-0.01929845524260763,-0.0063152666828832915,0.013251691621556816,-0.0063152666828832915,Capital Goods,1
2024-11-05,45013.1015625,45692.44921875,44750.0,45692.44921875,5785,45533.33046875,47598.03046875,48654.66692708333,48973.9703125,48851.74234375,48922.656901041664,0.43495940950494266,-0.008473961560465872,0.015092220546205626,0.015092220546205626,-0.005844999641597348,Capital Goods,1
2024-11-06,45155.8515625,45785.44921875,44744.0,45013.1015625,7128,45525.840625,47051.940625,48351.80703125,48760.9078125,48683.91046875,48767.253645833334,0.4579416785343977,0.0031712989117578094,-0.003161273568330847,0.013942770083265499,-0.009120668711782742,Capital Goods,1
2024-11-07,44375.0,45530.3984375,44201.0,45200.0,3389,45246.58046875,46437.13046875,48005.53046875,48473.6203125,48515.41640625,48595.07864583333,0.332227207911313,-0.01729236711258179,0.018591549295774668,0.02603714788732403,-0.0039211267605633315,Capital Goods,1
2024-11-08,43761.44921875,44538.3515625,43600.0,44375.0,3348,44740.640625,45876.63046875,47477.797135416666,48146.5103515625,48336.954375,48413.53528645833,0.23344759937947523,-0.01382649647887324,0.014020348781939251,0.017753121928538063,-0.0036893023798860725,Capital Goods,1
2024-11-11,43647.94921875,44099.94921875,43511.44921875,43819.94921875,2466,44390.6703125,45357.415234375,46949.1203125,47826.852734375,48184.71828125,48240.443619791666,0.21517448179738663,-0.0025936069766028195,0.00394062042040022,0.010355583895470533,-0.0031272946940966717,Capital Goods,1
2024-11-12,43231.55078125,43997.05078125,43201.0,43997.05078125,1652,44034.36015625,44783.8453125,46410.140364583334,47499.590234375,47986.04828125,48048.8453125,0.1481357363398053,-0.009539931312995716,0.01770697525687659,0.01770697525687659,-0.000706677893758334,Capital Goods,1
2024-11-13,41987.75,43605.8515625,41690.1015625,43299.0,5691,43400.73984375,44463.290234375,45834.873697916664,47114.040234375,47688.87421875,47803.38203125,-0.052111998677594966,-0.02877067231623461,0.031229346654679135,0.03853746777333855,-0.007088935165613819,Capital Goods,1
2024-11-14,42104.8515625,42853.55078125,41812.0,42250.0,2970,42946.71015625,44096.6453125,45273.65703125,46740.825390625,47368.23828125,47587.29869791667,-0.03325904166782581,0.0027889458830254064,0.003447309089418038,0.017781780269160663,-0.006955292600077101,Capital Goods,1
2024-11-18,41615.1015625,42324.94921875,41270.0,42000.1484375,6537,42517.440625,43629.040625,44756.90052083333,46237.7080078125,47020.69640625,47367.035416666666,-0.11210714154296149,-0.01163167620417852,0.009252575640641192,0.017057453414691448,-0.008292700234834416,Capital Goods,1
2024-11-19,42001.05078125,42740.94921875,41500.0,41500.0,5390,42188.0609375,43289.365625,44300.96380208333,45758.85546875,46699.094375,47185.275390625,-0.04997061771094395,0.009274258724813127,-0.011929482046998618,0.017616188731885307,-0.011929482046998618,Capital Goods,1
2024-11-21,41195.6484375,42326.0,41115.75,42145.0,5820,41780.88046875,42907.6203125,43782.85703125,45252.825390625,46355.84828125,46951.85364583333,-0.17963768139582065,-0.019175766528906596,0.023044947670633364,0.02743861561530969,-0.0019394873131131085,Capital Goods,1
2024-11-22,41019.69921875,41498.25,40960.0,41195.6484375,4575,41587.2703125,42494.005078125,43504.616927083334,44772.9728515625,46008.68625,46671.940234375,-0.20796491278520726,-0.004271063217197357,0.004289383445053918,0.011666364950605468,-0.0014553792418524614,Capital Goods,1
2024-11-25,41413.0,41977.6015625,41297.75,41300.55078125,3257,41448.9,42197.805078125,43214.06354166667,44317.4677734375,45682.4403125,46381.681901041666,-0.1446448121604622,0.009588095201590928,-0.0027153120698814037,0.01363343786975113,-0.0027829425542703623,Capital Goods,1
2024-11-26,41461.1484375,41784.6484375,41306.3984375,41555.25,3548,41418.109375,41967.775,42892.06354166667,43922.202734375,45273.78828125,46086.931901041666,-0.1368930759504944,0.0011626406563156498,0.002269632319564341,0.0078024852709435155,-0.003732409878449805,Capital Goods,1
2024-11-27,41410.75,42589.0,41125.05078125,41603.55078125,4507,41300.04921875,41744.055078125,42626.26015625,43550.73515625,44867.09421875,45799.253515625,-0.1450070545794904,-0.0012155581646748736,0.004655814764282118,0.028452756832465065,-0.0068991558653248575,Capital Goods,1
2024-11-28,40946.94921875,42690.0,40790.1015625,41410.75,6152,41250.309375,41515.594921875,42355.183333333334,43149.7201171875,44452.3221875,45504.925130208336,-0.2196774176671187,-0.01120000920654661,0.011326870257714283,0.042568514004257985,-0.0038305089693514427,Capital Goods,1
2024-11-29,40835.1484375,41485.44921875,40420.05078125,41003.80078125,6337,41213.39921875,41400.334765625,42067.136458333334,42931.8125,44061.058125,45209.47174479167,-0.2376769667556704,-0.002730381222120581,0.004130077891308037,0.015925025526607683,-0.010165205028832558,Capital Goods,1
2024-12-02,40749.5,41496.5,40253.05078125,41050.0,9590,41080.69921875,41264.799609375,41825.43645833333,42680.7224609375,43670.1140625,44915.48346354167,-0.251466076616108,-0.00209741952159397,0.007374323611332612,0.018331513270101407,-0.012182952398188895,Capital Goods,1
2024-12-03,41160.44921875,42125.30078125,40820.0,41182.0,8015,41020.559375,41219.334375,41652.036458333336,42424.1875,43341.8740625,44564.916796875,-0.18530463701711058,0.01008476714438214,0.0005235798359601862,0.02344123013265076,-0.008271270727407742,Capital Goods,1
2024-12-04,40855.55078125,41849.75,40640.0,41438.8984375,5261,40909.51953125,41104.784375,41465.8765625,42197.075,43022.49203125,44207.4984375,-0.23439225815396167,-0.007407558549217881,0.014278296219120357,0.024334495551734614,-0.005275924008566357,Capital Goods,1
2024-12-05,40992.80078125,41300.0,40500.6015625,41155.8984375,9692,40918.68984375,41084.499609375,41316.6265625,41996.0599609375,42703.5140625,43863.383463541664,-0.21229547059324216,0.0033593966395133925,0.00397869023686237,0.00749397974510968,-0.012006967305711158,Capital Goods,1
2024-12-06,40586.94921875,41257.6484375,40500.0,41139.0,3782,40869.05,41041.224609375,41223.23984375,41767.61484375,42519.26,43529.05677083333,-0.27763620471162886,-0.009900557043314676,0.013601682113987712,0.01652499711508626,-0.00214229500920049,Capital Goods,1
2024-12-09,40776.6015625,41220.0,40500.1484375,40924.0,5620,40874.4703125,40977.584765625,41134.68984375,41587.694921875,42319.47203125,43204.1734375,-0.2471028163674664,0.0046727420365555855,0.0036147798455954394,0.010873844815644684,-0.006779699984959975,Capital Goods,1
2024-12-10,41390.30078125,41744.3984375,40920.0,41172.0,6958,40920.440625,40970.5,41119.703125,41469.1375,42123.438125,42938.30182291667,-0.1482993098982622,0.015050278719509216,-0.005274201373982046,0.008555087775791392,-0.011362584286003785,Capital Goods,1
2024-12-11,41699.69921875,41791.44921875,41217.3515625,41390.30078125,3072,41089.2703125,40999.394921875,41099.613020833334,41371.725,41975.5140625,42700.288411458336,-0.09848720392335476,0.007475143491592092,-0.007419680316564037,0.002200255678552754,-0.011567173511724427,Capital Goods,1
2024-12-12,40882.3515625,41798.8984375,40801.0,41798.8984375,3957,41067.18046875,40992.93515625,41078.7265625,41254.2650390625,41810.2840625,42430.791796875,-0.23007742267314152,-0.0196008045996285,0.022419132950285414,0.022419132950285414,-0.0019898944016376596,Capital Goods,1
2024-12-13,40702.44921875,41086.30078125,40500.0,40880.80078125,4473,41090.28046875,40979.665234375,41057.5765625,41190.0,41632.14796875,42281.09674479167,-0.25904109386818186,-0.004400489132210739,0.004381838585227893,0.009430674808708517,-0.004973882963699827,Capital Goods,1
2024-12-16,40874.1015625,41248.0,40527.6484375,40900.0,3392,41109.78046875,40992.125390625,41021.65,41128.4625,41492.11203125,42117.856770833336,-0.23140564487624488,0.004217248520536857,0.000633614844363084,0.009147563449884766,-0.008476103736989593,Capital Goods,1
2024-12-17,40512.8984375,41361.6484375,40178.6484375,41029.1015625,9380,40934.3,40927.3703125,40958.433333333334,41073.35234375,41362.17,41925.2484375,-0.2895581309920409,-0.00883696793794206,0.012741698197584084,0.02095011793119128,-0.008250458814139217,Capital Goods,1
2024-12-18,39813.94921875,40683.0,39666.6015625,40610.0,4239,40557.15,40823.21015625,40851.97994791667,40963.997265625,41208.81,41739.12005208333,-0.4020866002266465,-0.01725251082265274,0.019994268262016668,0.021827796496026286,-0.0037009053143768345,Capital Goods,1
2024-12-19,40884.6015625,41625.3984375,39336.6015625,39336.6015625,27279,40557.6,40812.390234375,40847.8234375,40948.444921875,41114.93203125,41601.50338541667,-0.22971518025411333,0.026891387685946674,-0.03786266566970409,0.01811921473338929,-0.03786266566970409,Capital Goods,1
2024-12-20,41077.80078125,41499.8984375,40902.69921875,41184.0,16122,40632.6703125,40861.475390625,40864.000260416666,40951.35,41078.5340625,41465.568359375,-0.19861075698551062,0.004725476374146822,0.002585318997858188,0.010275566077594611,-0.004262681038657901,Capital Goods,1
2024-12-23,40648.1484375,41449.0,40262.6484375,41449.0,6056,40587.4796875,40848.630078125,40857.243489583336,40913.107421875,41020.2659375,41341.33997395833,-0.26778333669267984,-0.01045947776118811,0.019702042855196167,0.019702042855196167,-0.009483826811760965,Capital Goods,1
2024-12-24,41005.94921875,41438.94921875,40581.19921875,41000.0,55967,40686.08984375,40810.194921875,40846.94348958333,40890.3474609375,40995.89984375,41249.489973958334,-0.2101786164570462,0.008802388177659538,-0.000145081844545647,0.010559443403934443,-0.01035825308503735,Capital Goods,1
2024-12-26,42228.25,42555.0,40677.8984375,41006.19921875,12639,41168.95,40863.05,40938.456770833334,40931.2224609375,41004.9878125,41202.166666666664,-0.0133923089992486,0.029807888965806505,-0.028939176528745558,0.007737711129397917,-0.036713611444945005,Capital Goods,1
2024-12-27,41315.6015625,42612.1015625,41114.30078125,42270.05078125,10093,41255.15,40906.375,40959.976822916666,40949.655078125,41009.7859375,41138.30169270833,-0.16032563243138034,-0.021612272294021184,0.023101423739556592,0.03138039750041455,-0.0048722703685067925,Capital Goods,1
2024-12-30,41537.44921875,42301.0,41069.0,41315.5,7433,41347.0796875,40989.875,41023.343489583334,40984.7701171875,41030.4959375,41123.291666666664,-0.12460890725105413,0.0053695855284692125,-0.005343352153887482,0.018382226054105777,-0.011277756038484466,Capital Goods,1
2024-12-31,41956.05078125,42239.94921875,41319.44921875,41537.44921875,3096,41608.66015625,41098.069921875,41101.9734375,41045.09765625,41052.21796875,41118.331640625,-0.057215466091507725,0.01007769062311711,-0.009977144052058184,0.006766567210536145,-0.01517305729795937,Capital Goods,1
2025-01-01,42136.6015625,42469.19921875,41949.94921875,41950.0,3866,41834.790625,41260.440234375,41151.726822916666,41093.9052734375,41079.23609375,41135.71497395833,-0.02814739864376137,0.004303331173645339,-0.004428491040579519,0.007893319440028135,-0.004429696198283706,Capital Goods,1
2025-01-02,42370.1015625,42679.94921875,42086.25,42256.25,2719,41863.1609375,41516.05546875,41196.4203125,41169.6328125,41117.61015625,41148.01666666667,0.009445314619830628,0.005541500532587001,-0.002687073155396069,0.007312884435571654,-0.006699336372401499,Capital Goods,1
2025-01-03,43082.80078125,43732.55078125,42430.0,42454.1484375,5732,42216.60078125,41735.875390625,41343.116927083334,41274.1328125,41203.04421875,41210.92174479167,0.12418748752627509,0.016820805059876945,-0.014591724130052275,0.015081424332161308,-0.01515223637768004,Capital Goods,1
2025-01-06,41760.0,43325.0,41479.3984375,43082.80078125,4182,42261.1109375,41804.0953125,41413.6203125,41332.7853515625,41240.03828125,41235.5984375,-0.0887789813147816,-0.030703685862171107,0.031676263918821945,0.03747605363984685,-0.0067193860751916246,Capital Goods,1
2025-01-07,42687.6484375,42998.75,42136.44921875,42136.44921875,3217,42407.43046875,42008.0453125,41534.5234375,41428.3376953125,41317.56421875,41278.08671875,0.060569291577538084,0.022213803579980842,-0.01291238189325472,0.007287858991705587,-0.01291238189325472,Capital Goods,1
2025-01-08,41907.1484375,43200.0,41750.05078125,42567.0,4402,42361.53984375,42098.165234375,41627.4734375,41454.180078125,41347.4321875,41292.953385416666,-0.0650885786675735,-0.018283977416623184,0.01574556101053015,0.030850382588740066,-0.003748707848358901,Capital Goods,1
2025-01-09,42151.69921875,42499.94921875,41906.44921875,41910.0,2018,42317.859375,42090.51015625,41783.3234375,41476.780078125,41399.278125,41317.651692708336,-0.025716726856358684,0.0058355385743967085,-0.005734032630468344,0.008261825892064811,-0.0058182707825669144,Capital Goods,1
