Price,Close,High,Low,Open,Volume,MA_5,MA_10,MA_15,MA_20,MA_25,MA_30,Normalised Close,Return Ratio,Percentage Change Open,Percentage Change High,Percentage Change Low,Sector,Sector Encoded
Ticker,JKLAKSHMI.NS,JKLAKSHMI.NS,JKLAKSHMI.NS,JKLAKSHMI.NS,JKLAKSHMI.NS,,,,,,,,,,,,,
Date,,,,,,,,,,,,,,,,,,
2023-01-10,731.8713989257812,746.9666047142081,721.2652818215465,742.2801808774532,193844,,,,,,,-0.552531965672137,,0.014222146085978604,0.020625489410548203,-0.014491776997710315,Construction Materials,4
2023-01-11,751.3571166992188,761.4699268490637,725.2118026532783,731.8221393802393,513049,,,,,,,-0.30842010241984985,0.026624510538378804,-0.025999590454135135,0.01345939224515691,-0.03479745312162519,Construction Materials,4
2023-01-12,762.8019409179688,779.2290559416901,749.8279205733824,761.1740009504796,675565,,,,,,,-0.16504240409136256,0.015232203122036258,-0.0021341581348496286,0.021535229713695703,-0.017008373535302268,Construction Materials,4
2023-01-13,755.0569458007812,782.5342278169566,750.0252300670836,766.7976961370631,259887,,,,,,,-0.26206963249111864,-0.010153350039811175,0.015549489878316614,0.036391006226734524,-0.006664021517425067,Construction Materials,4
2023-01-16,748.2986450195312,763.8871601049215,743.3162480757335,758.9047631611237,123357,749.8772094726562,,,,,,-0.34673581801800085,-0.008950716656321113,0.014173643387147328,0.02083194348826245,-0.006658300101115011,Construction Materials,4
2023-01-17,741.6882934570312,751.7024661024761,736.1138911083028,750.5185153130374,178841,751.8405883789062,,,,,,-0.4295485352828612,-0.008833841416788165,0.011905569946167205,0.013501861541818982,-0.00751582895119729,Construction Materials,4
2023-01-18,736.8538818359375,753.774364498026,729.848934734836,744.3028782460801,132791,748.93994140625,,,,,,-0.49011275171436686,-0.006518117737251067,0.010109190700852144,0.0229631451759873,-0.00950656198437616,Construction Materials,4
2023-01-19,719.0454711914062,735.965953617727,703.0622856729943,729.5529519148896,293064,740.1886474609375,,,,,,-0.713211759641314,-0.02416817103570113,0.014613096312355855,0.023531867043519172,-0.022228337648701024,Construction Materials,4
2023-01-20,728.3197021484375,739.1724745558511,715.4936983942215,718.0095563177463,303449,734.8411987304687,,,,,,-0.5970266734424824,0.012897975619906932,-0.014156071571698292,0.014901110563670716,-0.017610403393428897,Construction Materials,4
2023-01-23,730.5888671875,739.221753869324,718.0095180225566,733.1540437142322,211318,731.2992431640625,740.5882263183594,,,,,-0.5685991804369335,0.003115616716627042,0.0035111081511647324,0.011816340310600859,-0.01721809588116141,Construction Materials,4
2023-01-24,722.7945556640625,729.8981999411384,711.8924654605729,729.8981999411384,345078,727.5204956054688,739.6805419921875,,,,,-0.6662442315906968,-0.010668533115543834,0.00982802681814543,0.00982802681814543,-0.015083248923303483,Construction Materials,4
2023-01-25,730.7368774414062,733.8939992266256,693.2948029056388,722.1533095695256,369319,726.2970947265625,737.6185180664063,,,,,-0.5667449475427903,0.010988353073643169,-0.011746455033082581,0.004320463196374691,-0.05123879154267774,Construction Materials,4
2023-01-27,702.4703369140625,728.8623053304265,694.5774117801966,728.8623053304265,357917,722.9820678710937,731.5853576660156,,,,,-0.9208606109253508,-0.03868224172059838,0.037570224719100986,0.037570224719100986,-0.011235955056179803,Construction Materials,4
2023-01-30,710.6099243164062,722.547949634495,692.7028261210326,700.5957513477334,353811,719.4401123046875,727.1406555175781,,,,,-0.818890035861415,0.011587090549760133,-0.014092362949062798,0.01679968842198898,-0.025199617374609518,Construction Materials,4
2023-01-31,725.8531494140625,734.930025483547,709.4752934104134,712.8791294637501,165438,718.49296875,724.8961059570313,733.2231404622396,,,,-0.6279269867283032,0.02145090376034356,-0.01787416636655159,0.012505113571266602,-0.022563594326028502,Construction Materials,4
2023-02-01,763.7391357421875,792.2523515606188,729.0596324492758,730.0462480801109,928172,726.681884765625,727.1011901855469,735.34765625,,,,-0.15330147786885986,0.05219511186072289,-0.04411570140285459,0.03733371053549939,-0.04540752420551397,Construction Materials,4
2023-02-02,755.106201171875,798.1719948189296,749.8278319683394,763.6897686604228,303146,731.5557495117188,728.9264221191406,735.5975952148438,,,,-0.26145257436923264,-0.011303512110746,0.011367364584248918,0.057032763841985856,-0.0069902342151924035,Construction Materials,4
2023-02-03,735.7685546875,763.3444716637861,720.920002536649,759.200674263535,268570,738.2153930664062,730.59873046875,733.7953694661459,,,,-0.5037094400952553,-0.025609174516596802,0.031847133757961776,0.03747906430711523,-0.020181009444141806,Construction Materials,4
2023-02-06,750.2224731445312,754.7608804955117,735.7685315418664,739.9123288117629,234237,746.1379028320313,732.7890075683594,733.4730712890625,,,,-0.3226346135547456,0.019644653695713055,-0.013742782576951829,0.006049415358031052,-0.01926620718529215,Construction Materials,4
2023-02-07,737.7911987304688,755.9942702001435,732.2661749702999,749.8279221560967,80102,748.5255126953125,733.5092407226563,732.7725748697917,737.0487335205078,,,-0.47837029622762156,-0.016570117343935657,0.016314539189868027,0.024672389018732144,-0.007488600798811196,Construction Materials,4
2023-02-08,748.2986450195312,754.7609654249466,732.0688056801442,740.7510112779859,157571,745.4374145507812,736.0596496582032,733.2132649739583,737.8700958251953,,,-0.34673581801800085,0.01424176149992418,-0.010086392367245844,0.00863601778304246,-0.021688986673179644,Construction Materials,4
2023-02-09,746.8187255859375,755.0076234074074,736.0152722142122,747.6080060594093,86723,743.7799194335937,737.6678344726563,733.877587890625,737.6431762695313,,,-0.3652758530630691,-0.0019777122990181583,0.0010568568334337058,0.010965040833764705,-0.014465964767084727,Construction Materials,4
2023-02-10,748.101318359375,752.1957974037321,737.4952000971089,741.9349705324761,86902,746.2464721679687,742.2309326171875,735.8146443684896,736.9081451416016,,,-0.34920787366615136,0.0017174084279035799,-0.00824266402901419,0.005473161113171754,-0.014177382129904381,Construction Materials,4
2023-02-13,742.5762939453125,766.6003609641649,737.2978640805738,762.6538983594587,165930,744.717236328125,745.4275695800782,736.7650838216146,736.2841125488281,,,-0.4184239025501232,-0.007385395906237895,0.027037766459623747,0.03235232152539158,-0.007108266056669144,Construction Materials,4
2023-02-14,736.5579223632812,749.5319426162081,735.0286801060379,744.9934743664874,80950,744.4705810546875,746.498046875,737.1630208333333,735.6970764160156,738.5331030273437,,-0.49382045287053195,-0.008104718169840305,0.011452666174766257,0.017614392377043542,-0.0020762009487818034,Construction Materials,4
2023-02-15,748.101318359375,750.8145114032105,732.3647866614809,739.8137227927267,85546,744.4311157226563,744.9342651367188,738.8501383463541,736.0177276611328,739.1822998046875,,-0.34920787366615136,0.01567208178150635,-0.011078172652901341,0.0036267721727663016,-0.021035294700997298,Construction Materials,4
2023-02-16,742.3296508789062,750.8638402553345,739.9617491941883,747.8546745189263,65811,743.53330078125,743.6566101074219,739.6229899088542,736.2915161132812,738.821201171875,,-0.42151378095228104,-0.007715087968467047,0.007442816858357348,0.01149649534586672,-0.003189825008221625,Construction Materials,4
2023-02-17,735.1766967773438,761.8153200916178,731.9701958228478,741.7869736474033,308618,740.9483764648437,743.5974243164062,741.8034138997396,737.0980773925781,737.71619140625,,-0.5111240777754643,-0.009635818929088335,0.00899141240335255,0.036234314051363015,-0.004361537802478832,Construction Materials,4
2023-02-20,740.5536499023438,749.8278606876172,735.2259617599796,739.9617046259381,251901,740.54384765625,742.6305419921875,743.7996622721354,737.7097747802734,737.1360595703125,,-0.44376304641775693,0.007313824212015888,-0.0007993280115272672,0.012523347614985747,-0.007194196049221779,Construction Materials,4
2023-02-21,737.9884643554688,759.3487160541216,731.378127831632,742.8229048536483,215027,740.8299560546875,742.6502685546875,744.6086832682291,738.0797546386718,736.72365234375,738.9159118652344,-0.47589900521159234,-0.003463875368399398,0.006550834778158432,0.028943882906500518,-0.008957235570897337,Construction Materials,4
2023-02-22,736.3605346679688,741.3923103978286,729.1089340391773,737.9884745078547,648397,738.4817993164063,741.4564575195312,742.7834431966146,738.7580535888671,736.5105419921875,739.0655497233073,-0.4962932731508038,-0.0022059012655729956,0.002210791810862034,0.006833304465629464,-0.009847894186862272,Construction Materials,4
2023-02-23,737.6925048828125,744.4507977353973,730.0955526293727,738.6791204944738,51504,737.5543701171875,740.5438354492187,741.6225301106771,739.1058349609375,736.5440869140625,738.6100626627605,-0.4796067063677575,0.0018088560591373174,0.0013374347782182383,0.009161395578579645,-0.010298264118389855,Construction Materials,4
2023-02-24,716.8255615234375,743.9081721417414,706.9594053942367,738.0871159382176,417875,733.8841430664063,737.416259765625,740.3596638997395,739.8235961914063,736.4552905273438,737.0775166829427,-0.741022194524977,-0.028286776971781565,0.029660709042788502,0.03778131259820916,-0.013763677885917924,Construction Materials,4
2023-02-27,679.7781982421875,714.3590655140524,666.0148975693976,706.515458875302,322416,721.729052734375,731.1364501953125,735.66337890625,738.2820098876953,734.5136303710938,734.5682250976563,-1.205141658037811,-0.051682536546987644,0.039332330313407216,0.050870809568895003,-0.02024675211470428,Construction Materials,4
2023-02-28,663.4990234375,678.2489394222494,658.072637372212,677.7063128593686,241472,706.8311645507813,723.8305603027344,730.7105672200521,735.1643035888671,731.8300366210938,731.7415710449219,-1.4090828081656825,-0.023947774210445697,0.021412675708643247,0.022230501423094795,-0.008178438661709975,Construction Materials,4
2023-03-01,705.4794921875,709.573971127686,660.1938710298487,663.4990092936814,777402,700.6549560546875,719.5683776855469,727.85595703125,732.2513214111328,731.1374340820313,730.5346110026042,-0.883162718081207,0.06327133464719328,-0.05950631217308466,0.005803824186993989,-0.06419126517375151,Construction Materials,4
2023-03-02,688.2630004882812,709.0313065001919,685.6978240826046,709.0313065001919,292036,690.7690551757812,714.1617126464844,723.9522420247396,728.9091613769531,729.4384790039062,728.9149149576823,-1.098846323695824,-0.0244039577193592,0.030174956371585848,0.030174956371585848,-0.003727029353396638,Construction Materials,4
2023-03-03,696.254638671875,702.4703048877682,689.0029779048019,691.5188958511105,198758,686.6548706054688,710.2695068359375,720.4957967122396,726.9334655761719,729.1898510742187,728.1552205403646,-0.99872921689391,0.011611314538082337,-0.006801739705171728,0.008927288768588726,-0.010415242304030903,Construction Materials,4
2023-03-06,683.9219970703125,701.9770518558447,672.8718894809361,696.5506656503533,181236,687.4836303710938,704.6063415527344,716.5855102539062,723.618441772461,728.122333984375,726.6752970377604,-1.1532292540587714,-0.017712832226277668,0.018465071505431307,0.02639928948458148,-0.016156970585404773,Construction Materials,4
2023-03-08,691.5189208984375,700.3490826346176,678.791555152041,683.1326880222858,214304,693.0876098632813,699.9593872070312,713.58291015625,721.3048278808594,726.74896484375,725.3729654947916,-1.05805702318528,0.011107880519514826,-0.01212726452264834,0.012769226508954734,-0.018404942166818428,Construction Materials,4
2023-03-09,680.4688110351562,694.3307485722402,673.4144852039295,693.5907868508488,238472,688.0854736328125,694.37021484375,709.0740763346354,717.9133361816406,723.4181518554688,723.9621073404948,-1.1964898455853448,-0.015979475802230674,0.019283728516125365,0.020371157813973362,-0.010366861370906033,Construction Materials,4
2023-03-10,673.6611938476562,682.5900539676225,669.9120661982955,679.7782232851629,83344,685.1651123046875,687.9670837402343,704.4961791992188,714.2554595947265,720.1603515625,722.0595845540364,-1.2817738538662342,-0.010004304498752826,0.009080275802393789,0.013254229576396437,-0.005565301495173536,Construction Materials,4
2023-03-13,679.2355346679688,689.4469822331706,642.2867677077973,663.0056956983714,538589,681.7612915039062,684.2080810546875,700.766768391927,710.8121704101562,717.8990307617188,721.2850911458333,-1.2119400022282552,0.008274694863265491,-0.02389427251848808,0.015033735786796676,-0.05439757650228527,Construction Materials,4
2023-03-14,671.5399169921875,700.2997249487764,637.6989545053416,682.8366171813115,504573,679.2848754882813,683.3842529296875,696.1658528645834,707.2603515625,714.751728515625,719.9827575683594,-1.3083486432418827,-0.011329821958656955,0.01682208295185439,0.04282665442346811,-0.05039307661474368,Construction Materials,4
2023-03-15,653.435546875,684.3166053343771,647.2198801912023,681.5047747592577,237230,671.6682006835938,682.3779052734375,690.5289916992188,703.1042327880859,711.3775024414062,717.568837483724,-1.535155352324995,-0.026959484699400408,0.042956383408427,0.04725953249262771,-0.009512287345743053,Construction Materials,4
2023-03-16,679.5315551757812,687.9671072653493,647.2198913906534,654.1262012073219,371406,671.4807495117187,679.7831115722656,686.7403930664062,699.6757446289063,708.6268188476563,714.7619181315105,-1.2082315364399687,0.039936621791672025,-0.0373865698729583,0.012413775379990888,-0.047549909255898304,Construction Materials,4
2023-03-17,683.4286499023438,689.6443162454577,663.301667229344,674.8450819912633,764214,673.4342407226562,679.2996765136719,683.122802734375,696.7306945800781,706.0912158203125,712.3726664225261,-1.1594097754952084,0.0057349724186898125,-0.012559566989629345,0.009094828471124528,-0.029450013071409376,Construction Materials,4
2023-03-20,683.77392578125,690.729553679404,671.9345386462687,683.4286344104411,138542,674.3419189453125,678.0516052246094,680.9193603515625,694.1605560302735,703.5181201171876,710.6395121256511,-1.155084251585036,0.0005052113032656548,-0.0005049788501578778,0.010172408797552324,-0.017314768359226518,Construction Materials,4
2023-03-21,707.6500244140625,713.0270913661191,676.6209523943647,686.043119135178,820748,681.5639404296875,680.4244079589844,682.7774820963542,692.5153747558594,702.1210693359375,709.2204305013021,-0.8559708705836727,0.03491811801032442,-0.030533320897961014,0.00759848338380098,-0.0438480476919223,Construction Materials,4
2023-03-22,711.6951904296875,713.9150756901896,699.1158406201754,709.8206567850973,176663,693.215869140625,682.4420349121094,685.9905598958334,691.2007110595703,701.1265600585938,708.3505635579427,-0.8052941121126478,0.005716336997196342,-0.0026338995539065824,0.003119151696334921,-0.0176751929458977,Construction Materials,4
2023-03-23,727.5797119140625,731.230201806406,701.3356998979021,701.9770241478066,837060,702.8255004882812,687.153125,687.4639078776041,690.761669921875,700.3056958007812,707.6599324544271,-0.6062970732810772,0.022319276142339372,-0.03518884233165642,0.005017305777727188,-0.03607029111232307,Construction Materials,4
2023-03-24,711.9418334960938,725.7544526842415,693.1961360264646,722.2519791480379,379052,708.5281372070312,690.9811889648438,689.0424967447917,689.4741363525391,699.0901831054688,706.4973693847656,-0.80220423371049,-0.021493010541525113,0.014481724723654388,0.019401331033349845,-0.026330377830974805,Construction Materials,4
2023-03-27,709.1792602539062,717.7135090286989,685.7471404471911,711.8924530736313,266884,713.6092041015625,693.9755615234375,689.9041381835938,689.0918212890625,698.0502856445313,705.1999674479167,-0.8368130127845972,-0.003880335600763173,0.003825820877437325,0.012033979634059166,-0.03304118030514003,Construction Materials,4
2023-03-28,719.637451171875,724.9158206065191,695.7120225911223,709.3273059872432,442850,716.006689453125,698.7853149414062,692.2851684570312,691.0847839355469,697.2136376953125,704.4353393554687,-0.7057955926968624,0.014746893351371304,-0.014326860237530048,0.007334762005574813,-0.03324650286306252,Construction Materials,4
2023-03-29,758.214111328125,764.6271129203603,710.363253293754,710.363253293754,650315,725.3104736328125,709.2631713867188,696.731514485677,695.8205383300781,698.0226635742188,705.1572123209636,-0.2225175067528317,0.05360568727132091,-0.06310995445673395,0.008458035133376729,-0.06310995445673395,Construction Materials,4
2023-03-31,780.8076171875,787.7139264517172,755.1062323939303,767.6855814108972,582937,735.9560546875,719.3907775878906,703.4207682291667,699.5869445800781,699.800546875,706.2474222819011,0.060527894851613834,0.02979831886773923,-0.016805722034153425,0.008845084387232305,-0.0329164114537549,Construction Materials,4
2023-04-03,790.1310424804688,796.9387138916279,778.1930183621436,788.3058277925232,237956,751.593896484375,730.0610168457031,711.1854248046875,704.6803466796875,701.8980883789062,707.8408020019531,0.17732927454021016,0.01194074582232189,-0.0023100151618086207,0.008615876411826262,-0.015108916719494991,Construction Materials,4
2023-04-05,813.6619873046875,838.6233527002339,776.0718926585895,782.4355760256694,756930,772.4904418945313,743.0498229980469,720.1471883138021,710.5507141113281,705.7715454101562,710.4569783528646,0.4721186608956436,0.029781066125876724,-0.03837762088709307,0.03067780698251954,-0.046198661400685403,Construction Materials,4
2023-04-06,792.5482788085938,818.8909266866176,786.036640105368,815.832442493516,247879,787.072607421875,751.5396484375,728.2144124348958,715.9820281982422,710.2823486328125,712.1901326497396,0.20761176507202364,-0.025948992118993285,0.02937885843361432,0.033237909389726594,-0.008216078284864259,Construction Materials,4
2023-04-10,797.6787109375,802.1184811282467,775.4798599837662,789.1938408824789,209410,794.96552734375,760.1380004882812,737.8306233723958,721.2900177001953,715.6495361328125,714.1798075358073,0.2718844472918157,0.006473337039629465,-0.010636951868815747,0.005565862708719838,-0.0278293135435993,Construction Materials,4
2023-04-11,794.5709228515625,806.1143384827005,790.2791686819726,802.1185569768336,207376,797.7181884765625,766.8371215820313,745.4999145507812,726.9951232910156,719.213193359375,716.1201538085937,0.2329509089396574,-0.00389603990093325,0.009499006203478988,0.014527860634153233,-0.005401348131627626,Construction Materials,4
2023-04-12,788.8485107421875,797.1361060775613,785.5926912240902,796.6921170027665,167376,797.4616821289062,774.5277893066407,752.5279052734375,732.7544891357422,723.2366137695312,717.8253540039062,0.16126205977541375,-0.007201889654907534,0.009943108408988932,0.010505940269287528,-0.004127306414046461,Construction Materials,4
2023-04-13,778.341064453125,810.0114008623991,773.6546403921063,791.0683694563181,368292,790.3974975585937,781.4439697265625,758.8323811848958,737.709765625,726.5200708007812,719.8758707682292,0.029627581565793044,-0.013319979876968492,0.016351835441363427,0.04068953554638188,-0.006021041770822411,Construction Materials,4
2023-04-17,761.3219604492188,786.135306939286,757.0301464096718,782.4354983973858,151669,784.1522338867187,785.6124206542969,762.4105102539063,742.1988677978516,729.6160693359375,722.5939961751302,-0.18358320376855206,-0.02186586932280664,0.027732732070028465,0.03259244810884754,-0.005637318063194341,Construction Materials,4
2023-04-18,751.505126953125,766.6989713126717,748.3479449374275,766.6989713126717,140460,774.9175170898437,784.9415222167969,765.0645060221354,747.1023468017578,732.015517578125,725.5275329589844,-0.30656586952570664,-0.012894457280992287,0.02021788516752787,0.02021788516752787,-0.004201145012140972,Construction Materials,4
2023-04-19,758.9047241210938,766.6003136819759,751.8997172988492,755.3528718649842,149673,767.78427734375,782.7512329101562,767.1528401692708,751.0710052490234,735.1529541015625,727.3083740234375,-0.21386569430036556,0.009846369509106888,-0.004680234742540312,0.010140389585523435,-0.009230416677610265,Construction Materials,4
2023-04-20,759.1514282226562,774.8879599726598,755.7475921672885,755.7475921672885,164826,761.8448608398437,779.653271484375,770.300146484375,754.857144165039,738.5725634765626,729.6713216145833,-0.21077505126608642,0.00032507914856929384,-0.004483737932676868,0.020729107744480224,-0.004483737932676868,Construction Materials,4
2023-04-21,761.4699096679688,772.1253461271529,754.9089520448529,763.0978494987519,98521,758.4706298828125,774.4340637207031,773.7861897786458,758.741943359375,741.8619384765625,731.8451639811198,-0.18172973550653015,0.0030540434478804643,0.00213789121554786,0.01399324690824666,-0.008616174506457797,Construction Materials,4
2023-04-24,759.052734375,764.4298017687743,752.9357654540365,761.4699547870536,101658,758.0167846679688,771.0845092773437,776.4138753255208,761.3120788574219,745.362451171875,734.349521891276,-0.21201146140622235,-0.0031743543143060438,0.0031845223692446023,0.007083918086668639,-0.008058687682615528,Construction Materials,4
2023-04-25,783.471435546875,785.6420019428651,756.9315116423573,759.6447045827855,198637,764.4100463867187,769.6637817382813,778.0976969401041,764.9008911132812,750.56388671875,737.4146057128906,0.09389949915346384,0.032169966678245655,-0.030411741747110477,0.0027704473928586992,-0.033874781772984974,Construction Materials,4
2023-04-26,777.7984008789062,791.2164094580518,774.4932626352106,784.1620836792382,89906,768.1887817382812,767.9865295410157,777.8970825195313,767.4118255615234,754.494560546875,740.658925374349,0.022829237375348806,-0.007240895341651971,0.008181660945999703,0.01725126789150422,-0.00424935078287747,Construction Materials,4
2023-04-27,774.14794921875,782.7808356584368,757.1781489736612,777.7983787386567,214522,771.1880859375,766.5164733886719,776.83154296875,770.5221313476562,758.1233325195312,744.0084838867188,-0.022902645167253776,-0.004693313403616242,0.004715415862808436,0.011151468460775416,-0.02192061641733245,Construction Materials,4
2023-04-28,771.6814575195312,787.763280628917,766.2550714249493,782.9781585782049,116819,773.2303955078125,765.8505126953125,774.0328409830729,773.6472412109375,761.6396337890625,747.0900146484375,-0.05380219382095327,-0.003186072767754367,0.014639072830628042,0.02083997607131649,-0.007031899032567623,Construction Materials,4
2023-05-02,772.2734375,787.121991709146,767.7350293771408,777.4531699137656,97318,775.8745361328125,766.9456604003906,772.6811848958333,776.2790405273438,764.2245703125,750.4477986653645,-0.04638602687650172,0.0007671299792165435,0.006707122325135817,0.019227068403664838,-0.005876685513813484,Construction Materials,4
2023-05-03,766.2550659179688,775.4798981251641,760.680663428119,771.5334355392854,86161,772.4312622070313,768.420654296875,770.5862752278646,776.6810882568359,766.4069653320313,754.2084493001302,-0.12178257719691049,-0.007793057859809208,0.006888528188708554,0.012038853141080441,-0.007274865430314192,Construction Materials,4
2023-05-04,756.9315185546875,771.5334177419618,754.7609521388756,764.5284709009095,105127,768.2578857421875,768.2233337402344,768.076981608073,775.4872833251953,767.5810375976563,756.7884480794271,-0.2385854861497494,-0.01216768120431504,0.01003651210181844,0.019290911831965518,-0.0028675862513380945,Construction Materials,4
2023-05-05,759.3980712890625,765.5644190482984,743.2668694199576,756.4382243646293,273070,765.30791015625,768.247998046875,766.1136189778646,773.950634765625,769.479287109375,759.3207621256511,-0.20768517286392862,0.0032586207258018867,-0.0038976223884911176,0.008120046642689838,-0.02124208959567475,Construction Materials,4
2023-05-08,787.3192138671875,789.2924449796366,759.6939782929003,761.617890671185,288511,768.4354614257812,770.8329284667968,766.7121622721354,772.63349609375,772.6048852539062,762.7722717285156,0.14210343734421693,0.0367674657518282,-0.03264409497865761,0.0025062656641603454,-0.0350877192982455,Construction Materials,4
2023-05-09,774.197265625,803.1050903723984,769.9548306310536,792.1536814091604,156200,768.8202270507812,772.3473815917969,767.5705159505209,771.7159454345704,774.7872778320312,764.9905131022135,-0.02228482241324647,-0.016666617568920444,0.023193592358743853,0.03733909435092286,-0.005479785556361416,Construction Materials,4
2023-05-10,780.3637084960938,784.4581275649421,771.7801397685379,774.2466790455227,92122,771.6419555664063,772.0366088867188,769.4944213867187,770.8501953125,775.67326171875,767.279463704427,0.054966725433426795,0.007964950465325728,-0.007838690323464292,0.005246808666613978,-0.010999446327531026,Construction Materials,4
2023-05-11,773.1119384765625,787.3192268069904,770.9414323917835,776.4664555101523,82491,774.8780395507813,771.5679626464844,770.4415690104166,769.77724609375,775.3654345703125,768.7972045898438,-0.03588151079413495,-0.009292807879939422,0.004338979734551662,0.018376754546597374,-0.0028074926498432573,Construction Materials,4
2023-05-12,772.470703125,777.8477702378007,766.8963008467481,772.5200218618033,76765,777.4925659179687,771.4002380371094,771.329520670573,768.9583557128906,774.6590209960938,770.8148335774739,-0.04391473586047251,-0.0008294210962853209,6.3845446311106e-05,0.006960868666019193,-0.007216328406632,Construction Materials,4
2023-05-15,779.3276977539062,783.372797684883,765.6630353661175,767.5869478574799,78118,775.8942626953125,772.1648620605469,772.5200398763021,769.0076873779296,773.2856494140625,773.1531148274739,0.04198785980654562,0.008876705098544898,-0.015065228568501121,0.005190499378676217,-0.017533910865957347,Construction Materials,4
2023-05-16,786.579345703125,793.1896827592675,779.3277445901483,786.3326917847484,104060,778.3706787109375,773.5954528808594,774.355147298177,770.270556640625,773.0468920898437,775.384511311849,0.13283456676986477,0.009305004775422026,-0.0003135779241141279,0.008403903677681068,-0.009219160346111588,Construction Materials,4
2023-05-17,785.5433959960938,794.1762829712054,781.7942685534076,787.9112374354656,93986,779.4066162109375,775.5242858886719,774.4932779947917,771.9724700927734,772.5614794921875,776.295487467448,0.11985646577510489,-0.0013170314129024227,0.003014271969493665,0.010989700911640865,-0.004772654778584351,Construction Materials,4
2023-05-18,790.1310424804688,803.5490501483034,771.9280336803729,777.9463644735978,104116,782.8104370117187,778.84423828125,775.3154541015625,773.5337860107422,772.3838842773438,776.6062683105469,0.17732927454021016,0.005840092995190571,-0.015421085050170258,0.01698200291651797,-0.02303796183345852,Construction Materials,4
2023-05-19,770.8921508789062,810.1101248405196,749.877248573313,798.172098992332,222295,782.4947265625,779.9936462402344,775.0984008789062,774.1208221435547,771.6656298828125,775.9649719238281,-0.06369041641355533,-0.024348988417371372,0.03538750275550662,0.05087348978310424,-0.0272604958834175,Construction Materials,4
2023-05-22,714.4083251953125,759.6940048993337,702.7662732677752,759.6940048993337,1045095,769.5108520507813,772.7025573730468,771.2801920572916,771.7677429199218,769.1083203125,772.6565165201823,-0.7713046850567905,-0.07327072356255755,0.06338907051739695,0.06338907051739695,-0.016296075391274978,Construction Materials,4
2023-05-23,696.353271484375,714.3096872687563,694.7747106274293,714.3096872687563,503958,751.4656372070312,764.9181579589844,766.21884765625,768.6327697753907,766.5095727539062,769.4500162760417,-0.9974935713858955,-0.02527273699673281,0.025786359481164922,0.025786359481164922,-0.002266896590549239,Construction Materials,4
2023-05-24,689.1510620117188,695.5640640204176,675.8317501474979,695.5640640204176,436451,732.1871704101562,755.7968933105469,761.0785807291667,763.9167510986329,764.01541015625,765.8324279785156,-1.0877209263309646,-0.010342752403968357,0.009305654974946398,0.009305654974946398,-0.019327129563350143,Construction Materials,4
2023-05-25,682.04736328125,700.4970873436674,677.0649664642139,690.5322937095951,253355,710.5704345703125,746.6904357910156,756.0863037109375,759.12919921875,760.9411157226563,762.0816426595052,-1.176714165032262,-0.010307897821026582,0.012440383007310762,0.02705050272998344,-0.007305059861336338,Construction Materials,4
2023-05-26,673.9078369140625,692.0615897486284,670.8986710947128,681.7514437153625,200491,691.1735717773438,736.8341491699218,750.3869547526042,754.1171936035156,757.5313720703125,758.2502868652343,-1.2786839754640764,-0.01193396060946441,0.011638990336152233,0.02693803490651625,-0.004465248294379887,Construction Materials,4
2023-05-29,658.8125610351562,675.9796964096269,656.3953407930272,673.4144597415205,397049,680.0544189453125,724.7826354980468,741.8198445638021,748.4737487792969,753.425078125,754.2660034179687,-1.4677935563351663,-0.022399614683263014,0.022163965245928452,0.02605769287017967,-0.003669056094393497,Construction Materials,4
2023-05-30,673.80908203125,683.1326107472486,660.0457834712743,663.0056300339257,404401,675.5455810546875,713.5056091308594,735.1272989908854,743.5505310058594,750.01533203125,751.3489074707031,-1.2799211502363337,0.02276295547937115,-0.016033402168988853,0.013837048155973308,-0.020426110195020275,Construction Materials,4
2023-05-31,654.1261596679688,679.7781659294577,651.1663127916431,673.8091534391821,327576,668.5406005859375,700.3638854980469,726.7114624023437,737.9440856933594,744.8415209960938,748.1029418945312,-1.5265035398725288,-0.029211423366312526,0.030090516149368307,0.03921568627450989,-0.004524886877828038,Construction Materials,4
2023-06-01,661.081787109375,664.9296121319691,654.1754777383263,658.8619019543951,166240,664.3474853515625,687.4589599609375,719.2427856445313,733.1515991210938,740.1728564453125,744.8421773274739,-1.439365298697496,0.010633464720225977,-0.003357958422491869,0.00582049770183346,-0.010446981758863716,Construction Materials,4
2023-06-02,712.4844970703125,717.4175751910839,663.3509908128381,666.9521619282967,1298531,672.0628173828125,681.6181945800781,715.2437052408854,730.8059204101562,737.706318359375,743.2866129557292,-0.7954058895200458,0.07775544715230977,-0.06390642228601695,0.00692376906593184,-0.06896080751161326,Construction Materials,4
2023-06-05,712.4844970703125,715.8882727990538,699.5104775253881,713.1750798326294,273770,682.7972045898438,681.4258117675781,710.7874918619792,727.0641845703125,735.3384399414062,741.6537658691407,-0.7954058895200458,0.0,0.0009692600542980934,0.004777333040560716,-0.01820954645086692,Construction Materials,4
2023-06-06,722.3507080078125,727.5304404268287,711.3499188782237,713.323150275944,429954,692.5055297851562,684.0255554199218,706.5055826822917,724.4718566894531,733.3415307617188,740.4303649902344,-0.6718046363767626,0.013847614899789657,-0.012497471978349384,0.007170661510530696,-0.015229152553789538,Construction Materials,4
2023-06-07,720.3280029296875,739.4683690579753,716.2829031835759,728.1716087478654,327203,705.7458984375,687.1432495117188,702.157889811198,721.4700714111328,731.5044482421876,738.3255839029948,-0.6971445448765176,-0.0028001704098878292,0.010888936409908734,0.02657173683438785,-0.005615635834869126,Construction Materials,4
2023-06-08,721.9066772460938,735.8672524485031,717.6148630727408,725.8038210753774,210667,717.9108764648438,691.1291809082031,697.6095987955729,718.9098083496094,730.1034545898438,736.4625264485677,-0.6773673350591922,0.002191604810566204,0.005398403910253924,0.019338476346645983,-0.005945109400740223,Construction Materials,4
2023-06-09,709.1792602539062,727.234313156065,705.6767870211812,724.6691367592557,156798,717.2498291015625,694.6563232421875,693.4954060872395,715.7452362060546,728.0947021484375,734.2969034830729,-0.8368130127845972,-0.01763028019181044,0.021841976173702093,0.02545908194734081,-0.004938769968358958,Construction Materials,4
2023-06-12,719.4894409179688,726.1490963532739,706.0221136170562,710.313927695196,510782,718.6508178710938,700.7240112304687,693.8341471354166,712.7533233642578,725.3815112304687,732.5571695963541,-0.7076498255910056,0.014538186946373986,-0.01275281150904195,0.009256085018854998,-0.018717894294223547,Construction Materials,4
2023-06-13,726.5437622070312,728.9116035495911,714.3097045066389,720.2787169274459,196703,719.4894287109375,705.9974792480468,695.846846516927,709.7515441894532,723.47537109375,731.0328470865885,-0.619275174275837,0.00980462101022937,-0.008623080405444461,0.003259048478190696,-0.016838707228355787,Construction Materials,4
2023-06-14,732.8087158203125,737.9884475713144,721.4133180117556,730.0955229983591,507747,721.9855712890625,713.8657348632812,698.7573567708333,707.1148101806641,721.5731713867187,729.91796875,-0.5407895101853918,0.008622954237815105,-0.0037024570851565963,0.007068327162571553,-0.015550303322744763,Construction Materials,4
2023-06-15,731.7235107421875,737.1005177853795,725.2118114117261,733.9927146620079,77846,723.9489379882813,720.9299072265625,702.0690999348958,704.19443359375,719.9176342773437,729.0777018229167,-0.5543846693020377,-0.001480884512829807,0.0031011767238675603,0.0073484136620649565,-0.008899125468657676,Construction Materials,4
2023-06-16,716.1842651367188,731.5754439153442,710.4125279310578,726.6916848084727,556970,725.3499389648438,721.2998840332032,704.887528483073,701.4590393066406,717.6661767578125,727.6372416178385,-0.7490561842234358,-0.021236499001798213,0.014671391404763812,0.02149052908288529,-0.00805901146761323,Construction Materials,4
2023-06-19,716.332275390625,727.1357287226213,712.0405214318648,718.8481332360444,182348,724.718505859375,721.6846618652344,708.7221761067708,701.5552368164062,715.1463598632813,725.2710103352864,-0.7472019513292927,0.00020666504573092653,0.003512138056389391,0.015081623016504508,-0.005991289386506837,Construction Materials,4
2023-06-20,715.7403564453125,723.2386115191606,708.6367115121583,717.269598704266,410431,722.5578247070313,721.0236267089844,711.5175944010417,702.5245910644531,712.3128002929687,723.3224466959635,-0.7546173536416229,-0.000826318966278211,0.0021365880031529727,0.010476222286930792,-0.009924890875839476,Construction Materials,4
2023-06-21,708.3899536132812,727.0863300315402,706.4660412777879,715.2962623532436,548863,717.674072265625,719.8298217773438,715.1351806640625,703.4865356445313,709.2266625976563,720.9233215332031,-0.8467012353771992,-0.010269649832987825,0.009749303621169991,0.02639277466160328,-0.0027158944387621897,Construction Materials,4
2023-06-22,713.3231201171875,720.2294297172157,706.4661292563686,713.3231201171875,114419,713.993994140625,718.9714660644531,718.6179361979167,705.0503234863281,706.154345703125,718.930360921224,-0.7848998441734364,0.006963913701406508,0.0,0.009681881051175845,-0.009612741641813582,Construction Materials,4
2023-06-23,711.6458129882812,720.7226884594813,705.4301468152349,714.0137144914593,378733,713.0863037109375,719.2181213378906,718.5620239257812,706.937222290039,703.7844921875,716.9028645833333,-0.8059126994987764,-0.0023513988003510886,0.0033273595656171384,0.012754765510507582,-0.008734213086909137,Construction Materials,4
2023-06-26,721.4133911132812,724.6692107858935,692.604201459084,705.923513025605,248862,714.1025268554688,719.4105163574219,719.1572835286458,710.0672637939454,704.0646948242188,714.9723876953125,-0.6835470918635078,0.013725336321427698,-0.021471569946563407,0.004513112332982683,-0.039934370513609485,Construction Materials,4
2023-06-27,717.8614501953125,729.7995344829594,712.3364272018165,721.4133023067608,111943,714.5267456054687,718.54228515625,718.8579996744792,712.2698822021484,704.9250219726563,712.6817911783854,-0.7280448581623384,-0.004923586062753027,0.004947823999299494,0.016630067381942393,-0.0076965032625624374,Construction Materials,4
2023-06-28,722.7452392578125,725.705086031281,710.4125443683603,722.202612726324,241863,717.397802734375,717.5359375,719.0191487630208,715.7008361816406,706.2687890625,710.5885192871094,-0.6668620543447041,0.006803247424933099,-0.0007507853417972887,0.0040952836666319214,-0.017063681944299858,Construction Materials,4
2023-06-30,708.9326782226562,721.6600444635056,706.5648367436379,721.6600444635056,178888,716.5197143554688,715.2568542480469,718.1542154947916,718.0933807373046,707.3442016601563,707.8819071451823,-0.8399021265546337,-0.01911124457815921,0.01795285593655782,0.01795285593655782,-0.0033400089342118244,Construction Materials,4
2023-07-03,697.7838745117188,720.2293791354608,694.7747090124028,711.2512013732586,196670,713.7473266601562,713.4168151855469,717.3945231119792,717.358349609375,708.2992431640625,705.4449645996094,-0.9795713590948345,-0.01572618113596954,0.019300140564245227,0.03216684340756437,-0.004312460647534544,Construction Materials,4
2023-07-04,687.22705078125,701.4343388189831,683.7245776148927,701.4343388189831,190887,706.91005859375,710.5062927246094,715.2436971028645,716.0954772949219,709.4358227539062,704.5389221191406,-1.111824424690584,-0.015129073795028572,0.020673353910591885,0.020673353910591885,-0.005096529833008789,Construction Materials,4
2023-07-05,688.3123779296875,699.5104405851886,677.262271479053,686.6844381485067,180216,701.000244140625,707.7634948730469,712.6949381510417,714.3935607910156,710.0159545898438,704.2708923339844,-1.0982277363096953,0.0015792846733895063,-0.002365117689844931,0.0162688671808906,-0.016053912155221117,Construction Materials,4
2023-07-06,678.8901977539062,691.6668823347487,677.2623180789527,688.6577166765865,468076,692.2292358398438,704.8135192871093,709.1003702799479,712.3216705322266,711.0065161132812,703.9288635253906,-1.2162662907705488,-0.013688814087756743,0.01438747967638343,0.01881995737029918,-0.0023978541453969493,Construction Materials,4
2023-07-07,674.1051025390625,686.6844513240944,671.885217459351,679.2848343917227,232975,685.263720703125,700.8917175292969,705.2591430664063,709.931591796875,711.5274487304688,703.664121500651,-1.2762126844480473,-0.007048408167734835,0.007683863885839859,0.01866081229418226,-0.003293084522502765,Construction Materials,4
2023-07-10,671.1946411132812,678.6929564798475,664.3870289908346,678.6929564798475,187315,679.9458740234375,696.8466003417968,702.259834798177,708.0323608398437,709.8758544921875,703.573681640625,-1.3126741671520552,-0.004317518759046327,0.011171595998038741,0.011171595998038741,-0.010142530505242386,Construction Materials,4
2023-07-11,674.7463989257812,676.7689487602144,669.9612773759685,674.7957176596485,121375,677.4497436523437,692.1799011230469,699.4874430338542,705.7952087402343,708.3663305664063,704.1048095703125,-1.2681786947495883,0.005291695724222193,7.309225206064696e-05,0.002997496300318314,-0.007091733364462338,Construction Materials,4
2023-07-12,665.7188720703125,677.508940462593,664.0909322528718,677.508940462593,164317,672.9310424804687,686.9656433105469,696.1526774088542,702.7539642333984,706.1010571289063,703.835135904948,-1.381273137914141,-0.013379140473874146,0.017710281151583906,0.017710281151583906,-0.0024453863120599273,Construction Materials,4
2023-07-13,665.4722290039062,675.8316929098232,663.2523438812098,668.5800922629766,95723,670.2474487304687,681.2383422851562,693.2914957682292,699.3871398925781,703.906826171875,704.2133382161459,-1.3843630163162988,-0.0003704913241218732,0.0046701622150668864,0.015567086730911672,-0.0033358042994811044,Construction Materials,4
2023-07-14,672.526611328125,676.7197280240445,662.0191301087001,670.8493526061086,92015,669.9317504882813,677.5977355957032,690.571728515625,696.427294921875,701.9316235351563,704.5948323567708,-1.2959876003690087,0.010600566059349927,-0.002493966326037378,0.00623487104493714,-0.015623889140497282,Construction Materials,4
2023-07-17,674.3024291992188,684.7112115092058,671.9345277234199,684.5138763498499,269277,670.5533081054688,675.2495910644532,688.0821695963542,694.333203125,700.5365502929687,703.3220967610677,-1.2737406287998967,0.0026405168824276165,0.015143719951829171,0.015436370772604402,-0.0035116312403187244,Construction Materials,4
2023-07-18,669.5173950195312,680.7155194305578,666.508229155317,677.7063535663436,76002,669.5075073242188,673.4786254882813,684.6224365234375,691.9924591064453,698.5376684570313,701.8898600260417,-1.3336862578452737,-0.0070962730853128654,0.012231136349449834,0.016725666120594118,-0.004494529771144173,Construction Materials,4
2023-07-19,667.4454956054688,675.7824099962954,665.9655721118868,670.8493316843554,60763,669.85283203125,671.3919372558594,681.2613728841146,689.5777160644532,696.1737377929687,700.0596862792969,-1.3596424598347936,-0.0030946162556419587,0.005099796314901983,0.012490779315641243,-0.0022172949002217113,Construction Materials,4
2023-07-20,661.3777465820312,673.7598205967049,659.0099052614837,670.7999737823424,93962,669.033935546875,669.6406921386719,677.1702067057291,687.2271057128906,693.3164990234375,698.094677734375,-1.435657597541331,-0.009091003030791573,0.014246362610482066,0.018721636884010184,-0.0035801647890096877,Construction Materials,4
2023-07-21,653.0408935546875,665.6695612650551,651.264937289689,661.9697527433709,137555,665.1367919921875,667.5342712402344,673.4440877278646,684.2129943847656,690.1691943359375,695.7991516113282,-1.540099463621296,-0.012605282035006786,0.013672741288958346,0.019338249464939672,-0.0027195176941087196,Construction Materials,4
2023-07-24,660.4898681640625,664.8803199115509,652.5969428537879,656.3460703325201,102263,662.3742797851562,666.4637939453125,670.9578206380208,681.6551971435547,687.9414184570312,694.176171875,-1.4467807010098264,0.01140659747788245,-0.006273824976393283,0.006647265853891859,-0.011950108079953115,Construction Materials,4
2023-07-25,676.86767578125,683.8233042873655,661.2791600679808,666.9522002326818,499311,663.8443359375,666.6759216308594,670.2671956380208,679.4279113769531,686.3628344726562,692.7554463704427,-1.24160390537394,0.024796455489487283,-0.014649060522979873,0.010276201324117329,-0.023030373987466213,Construction Materials,4
2023-07-26,659.9965209960938,683.6259767790508,659.0592241277137,680.2221408982167,216381,662.354541015625,666.1036865234375,668.379471842448,676.5346649169921,684.1330810546875,690.5372049967448,-1.4529612224462634,-0.024925336795974678,0.03064504017626879,0.0358023944539807,-0.0014201542562155556,Construction Materials,4
2023-07-27,659.9965209960938,669.3200505068174,657.0859929177506,667.9387645725482,128763,662.0782958984375,665.5561157226563,667.1198933919271,673.3972290039062,682.19734375,688.1101318359375,-1.4529612224462634,0.0,0.012033765821170883,0.014126634329302501,-0.004409914273412419,Construction Materials,4
2023-07-28,609.5311889648438,646.1346688598168,606.7686769508306,641.3002276716095,1212232,653.3763549804687,659.2565734863281,662.8149658203125,668.4271545410156,678.0456665039062,684.0370544433594,-2.085177411504847,-0.07646302734306183,0.05212044811147165,0.06005185716113415,-0.00453219140222294,Construction Materials,4
2023-07-31,601.2435913085938,623.3437453741665,599.0730248706451,609.5311265013438,853314,641.527099609375,651.9506896972656,658.1515625,663.6001403808593,673.6295776367188,680.2056986490885,-2.189002219462926,-0.013596675291258981,0.01378398923922397,0.03675740479407397,-0.003610128189848072,Construction Materials,4
2023-08-01,613.9215698242188,615.5495096852546,601.6381933059845,606.7686065759655,346854,628.9378784179687,646.3911071777344,654.0965738932292,659.9348663330078,669.3299047851563,676.7920084635417,-2.030175893755771,0.02108625971053039,-0.01165126556850149,0.002651706571414225,-0.020008054973131628,Construction Materials,4
2023-08-02,627.9315185546875,638.4883176509993,614.3162351472355,617.0294280813315,954266,622.5248779296875,642.4397094726562,651.5774169921875,656.9158233642578,665.7327075195312,673.8650472005208,-1.8546630012655696,0.022820421075089692,-0.01736190993955744,0.016812022942582106,-0.02168275202810388,Construction Materials,4
2023-08-03,627.7835083007812,632.4206137683152,618.1146872478151,619.5946106809703,278647,616.082275390625,639.0802856445313,649.0648356119792,654.3604888916016,661.93423828125,671.1781656901042,-1.856517234159713,-0.0002357108212165011,-0.013044142624860977,0.007386472257108423,-0.015401521265088092,Construction Materials,4
2023-08-04,630.1021118164062,634.295228347916,619.5946310089737,631.0887274708791,264997,620.1964599609375,636.7864074707031,646.2365356445313,652.1603393554688,658.781015625,668.4041320800782,-1.8274703891359139,0.0036933170192711075,0.0015658028055622886,0.0066546619236398374,-0.016675838106846586,Construction Materials,4
2023-08-07,645.5919189453125,647.2198588360833,631.3846898822935,631.3846898822935,341151,629.0661254882813,635.2966125488281,644.3225016276042,650.8802032470703,656.6933374023438,666.2023356119792,-1.6334182262327657,0.02458301097302073,-0.022006516262206288,0.002521623711508436,-0.022006516262206288,Construction Materials,4
2023-08-08,645.937255859375,655.8034120196886,639.8695457334869,647.2198441165681,294854,635.4692626953125,632.2035705566407,642.7504923502604,649.43974609375,655.0417456054688,663.686464436849,-1.629091937690472,0.0005349151746302345,0.001985623596655106,0.015274171091412603,-0.009393652511675343,Construction Materials,4
2023-08-09,644.7532958984375,651.1662973113523,636.4163820180007,639.3762288239615,160687,638.8336181640625,630.679248046875,641.2376790364583,648.3914672851563,653.2993823242188,661.2495259602864,-1.643924271579375,-0.001832933385089118,-0.008339727937308639,0.009946442234123998,-0.012930393583827526,Construction Materials,4
2023-08-10,630.2993774414062,652.1529379517447,627.6848821267039,644.7533206527461,235296,639.3367919921875,627.7095336914062,639.1657877604167,646.6328247070312,651.3557495117187,658.1679972330729,-1.8249990981198847,-0.02241775040000424,0.022931869725166365,0.03467171520785772,-0.004148021413753367,Construction Materials,4
2023-08-11,638.6854858398438,644.0943021871461,634.1698907512887,635.063112010036,68843,641.053466796875,630.6249633789063,638.2087605794271,644.9407684326172,649.93896484375,655.8264241536458,-1.7199401739180338,0.013304960624393267,-0.005671608186061272,0.008468669583417965,-0.0070701388847396185,Construction Materials,4
2023-08-14,627.0739135742188,642.1590311010494,626.0318624861712,637.1472154308782,154772,637.3498657226562,633.2079956054688,635.9810302734375,642.5793426513671,648.1741357421874,653.4694254557292,-1.865406847201902,-0.01818042295161332,0.016063978485794772,0.02405636273537204,-0.0016617675611922955,Construction Materials,4
2023-08-16,632.18505859375,634.1699410383144,621.5659254005697,626.2304112600569,75710,634.5994262695312,635.0343444824218,633.0021891276042,640.7127258300782,646.4716821289062,651.6346923828125,-1.8013757887324395,0.008150785591444172,-0.009419152276295084,0.0031397174254317317,-0.016797507389374022,Construction Materials,4
2023-08-17,641.5635986328125,645.4837533212386,631.6887969970459,631.6887969970459,117157,633.9614868164062,636.3975524902344,631.7733276367187,639.4186309814453,645.5054711914063,650.0763997395833,-1.6838839462383128,0.014835118153416003,-0.01539177356198207,0.0061103134541611315,-0.01539177356198207,Construction Materials,4
2023-08-18,642.3575439453125,646.1784182004415,638.1892789382072,640.8192722545646,85680,636.3731201171875,637.8549560546875,630.5973958333333,638.4676208496094,644.5808837890625,648.8586446126302,-1.6739376116044922,0.0012375161467887464,-0.002394728146726477,0.005948204845017457,-0.006489010748599866,Construction Materials,4
2023-08-21,653.1255493164062,657.0953142369103,640.1742033780229,642.3575861990612,151576,639.2611328125,640.1572998046875,633.5036865234375,638.4718536376953,643.8048413085937,648.159326171875,-1.5390389188690583,0.016763258208127296,-0.01648681961472087,0.006078103857151351,-0.019829795285054908,Construction Materials,4
2023-08-22,663.9431762695312,666.8708899836871,651.1406603002829,655.8051461496729,156463,646.6349853515625,641.9924255371094,637.6836588541667,638.6445190429688,643.3904711914063,647.9176106770833,-1.4035185802190104,0.01656285987349181,-0.012257118396160394,0.004409584763873431,-0.019282547704129294,Construction Materials,4
2023-08-23,663.0499267578125,671.8330675269374,656.6487296190871,668.8557439930921,109377,652.807958984375,643.7036926269532,640.9588826497396,637.9536315917969,643.1317724609376,647.5277282714844,-1.4147089713141798,-0.0013453704227184204,0.008756229359180967,0.013246575279892925,-0.009654170644473159,Construction Materials,4
2023-08-24,659.2786254882812,667.9624853091854,655.5569712793224,662.8514498731612,90856,656.3509643554687,645.1562255859375,643.0486897786458,637.9177368164062,642.80509765625,647.3130533854167,-1.4619548254569488,-0.005687808892419599,0.005419293522876956,0.013171759989143661,-0.005645039995347156,Construction Materials,4
2023-08-25,653.9194946289062,665.8783983106443,648.1136775867411,658.0380890361171,311826,658.6633544921875,647.5182373046875,644.7910888671875,637.6138854980469,642.506767578125,646.9279622395833,-1.5290925842352376,-0.00812877993034564,0.00629832026884003,0.0182880366466589,-0.008878489003390055,Construction Materials,4
2023-08-28,637.7923583984375,663.7942692566368,637.1472473919616,659.973394884197,588467,655.5967163085937,647.4289245605469,645.3037719726562,639.0269439697265,641.896826171875,645.7701538085937,-1.7311290357489606,-0.0246622655585773,0.03477783355927677,0.04076861460600245,-0.0010114749698409975,Construction Materials,4
2023-08-29,645.3844604492188,657.9884750267844,639.4298136163972,644.1439090257143,389095,651.8849731445313,649.2599792480469,645.28994140625,641.2339874267578,641.2926098632812,644.806221516927,-1.6360172108130513,0.011903720624445552,-0.0019221897946550826,0.019529467085080743,-0.009226511014344685,Construction Materials,4
2023-08-30,653.6217041015625,662.2063441070675,649.0068891905438,649.0068891905438,429228,649.9993286132812,651.4036437988282,645.8022379557292,643.218994140625,640.3627709960938,644.2763651529948,-1.5328232243550417,0.012763312656474918,-0.00706037587500552,0.013133957993798573,-0.00706037587500552,Construction Materials,4
2023-08-31,668.9549560546875,670.890228443805,654.1676190205474,656.0036109487501,581277,651.9345947265625,654.1427795410157,647.4156819661458,645.270166015625,640.7211083984375,644.3266805013021,-1.340732342843018,0.02345890881056553,-0.019360563799872166,0.0028929786252442913,-0.022105131145678025,Construction Materials,4
2023-09-01,662.3056030273438,680.8146554255029,659.1794496273249,673.0736262686617,413249,653.61181640625,656.1375854492187,649.5494303385417,646.9962707519531,640.8134716796875,644.3576090494792,-1.4240336600333865,-0.009939911450181648,0.01625839067659718,0.0279463925921144,-0.004720107131405027,Construction Materials,4
2023-09-04,690.5902099609375,693.0217031043206,663.0499656571576,665.630349215489,550039,664.17138671875,659.8840515136719,653.0097452799479,650.0206756591797,644.0558325195312,645.6092529296875,-1.0696916655429223,0.04270627759195629,-0.03614279551814137,0.0035208914176769746,-0.03987928572769328,Construction Materials,4
2023-09-05,695.05615234375,705.6256750818814,684.3377997737224,694.6096022742589,501718,674.1057250976562,662.9953491210938,657.54189453125,652.4938873291015,647.8083349609375,646.7614624023438,-1.0137435332276816,0.006466848672912857,-0.0006424661777113538,0.01520671776300464,-0.015420844105738851,Construction Materials,4
2023-09-06,686.4219970703125,705.1294899203089,684.3874441012942,702.6483868593648,579335,680.6657836914062,665.3325561523437,661.1576904296875,654.5181243896484,650.7083520507813,647.0799397786458,-1.1219099223704803,-0.012422241346001861,0.023639087701599726,0.02725363250280588,-0.0029639973335671144,Construction Materials,4
2023-09-07,683.6928100585938,692.6247814223065,680.1695951171944,691.7315600564121,122481,683.6133544921875,667.773974609375,663.9663045247396,656.4651000976562,652.9388037109375,647.8698160807292,-1.1561004476742385,-0.003975960886112439,0.011757839017101146,0.013064304951440509,-0.005153213387014355,Construction Materials,4
2023-09-08,674.2149047851562,690.0939639803205,673.1232436950102,687.0174204907789,295028,685.99521484375,669.803515625,666.0901285807291,658.6608764648438,654.7960595703125,648.3437622070312,-1.2748371112618355,-0.013862812558501567,0.01898877585582648,0.023551925480235658,-0.0016191589393799166,Construction Materials,4
2023-09-11,666.3746948242188,685.9754096704646,660.9658778531515,685.9754096704646,196180,681.1521118164062,672.6617492675781,666.9734049479167,660.0453369140625,656.246962890625,650.2385457356771,-1.3730571657708135,-0.011628651199035481,0.029413954339031934,0.029413954339031934,-0.008116780263533352,Construction Materials,4
2023-09-12,647.0716552734375,678.0358324871723,644.1935515956142,670.7413534032283,801960,671.5552124023437,672.83046875,665.8486368815104,661.0452239990234,656.30615234375,651.7661478678385,-1.6148804850840612,-0.028967245756343057,0.03657971715634578,0.04785277945863675,-0.004447890205617311,Construction Materials,4
2023-09-13,661.0154418945312,666.9204790845193,647.071655302242,650.3466991115572,386333,666.4739013671875,673.5698425292969,665.7130045572917,662.4867431640625,656.9092797851563,653.3359436035156,-1.440196453813345,0.0215490610776351,-0.016139929730531688,0.008933281759747835,-0.021094494483101744,Construction Materials,4
2023-09-14,661.9086303710938,670.4932098869491,657.4426452415436,664.3401232786089,224629,662.1170654296875,672.8652099609375,665.8883382161458,663.5039947509765,657.5954931640625,654.4685139973958,-1.429006827350297,0.001351236930263746,0.003673457024048643,0.012969432821932747,-0.006747132345209628,Construction Materials,4
2023-09-15,649.2053833007812,667.6151539740241,645.0867284205765,664.9355508335173,348064,657.1151611328125,671.5551879882812,665.5740641276042,663.84638671875,658.3517333984375,655.1825764973959,-1.5881497107556686,-0.01919184383982201,0.024229878459661736,0.028357390660627813,-0.006344147763014729,Construction Materials,4
2023-09-18,643.59814453125,660.9658662418079,640.1246001891384,654.8623283825751,287223,652.5598510742187,666.8559814453125,665.9611165364583,663.3700164794922,658.5482397460937,655.6324442545573,-1.6583956991070263,-0.00863707990377735,0.017501889878084098,0.026985350809560327,-0.005397070161912154,Construction Materials,4
2023-09-20,643.0523071289062,654.5149912212805,640.1742033322245,645.0371895890163,247645,651.7559814453125,661.6555969238282,665.8056396484375,662.325473022461,659.1873754882813,655.5477905273438,-1.6652338041677779,-0.0008481028215848854,0.0030866578629848984,0.017825430319273305,-0.0044756915802571795,Construction Materials,4
2023-09-21,634.6661376953125,644.9378797287256,632.5820354367021,642.1094465814967,95874,646.4861206054687,656.4800109863281,664.5419352213542,660.906283569336,659.2866186523438,655.1720865885417,-1.7702934930017502,-0.013041193291158909,0.011727912431587217,0.016184480978791882,-0.003283777304046054,Construction Materials,4
2023-09-22,639.5787353515625,646.0792130144434,623.2034557590306,634.1699187653293,151546,642.0201416015625,652.068603515625,662.5835205078125,659.9212890625,659.2072241210938,654.9996012369792,-1.7087497828228642,0.007740443934962884,-0.008456842429666045,0.010163686350997514,-0.025603227073412227,Construction Materials,4
2023-09-25,628.3145141601562,644.2928541974954,625.9326915688284,640.6208095570009,131287,637.8419677734375,647.478564453125,660.3174479166667,658.6410400390625,658.6455029296875,654.9334391276042,-1.8498649347044362,-0.017611938247469334,0.019586202641354022,0.02543048055908237,-0.00379081262273806,Construction Materials,4
2023-09-26,629.2572631835938,634.566859377799,626.4288302967964,630.1008744572997,449762,634.9737915039062,643.7668212890625,656.228584798177,658.2142852783203,657.690771484375,654.6191650390625,-1.8380544269588954,0.0015004412633975775,0.0013406460649145746,0.00843787828104281,-0.0044948752319321494,Construction Materials,4
2023-09-27,631.8872680664062,637.6930243415471,630.2001060614035,631.1925471733111,217720,632.7407836914062,642.2483825683594,652.0173258463542,657.5394256591796,656.40853515625,654.779610188802,-1.8051064288522436,0.00417953838070386,-0.00109943802985768,0.00918796210739714,-0.0026700363977351094,Construction Materials,4
2023-09-28,637.941162109375,643.052258285464,632.2346254700022,632.2346254700022,146240,633.3957885742187,639.9409545898437,648.7852701822917,656.7553985595703,655.4041845703125,654.9714803059895,-1.7292648626372404,0.009580655203726205,-0.008945239746725009,0.008011861406134857,-0.008945239746725009,Construction Materials,4
2023-09-29,640.5711669921875,643.7469908593807,630.2001446233886,639.1321151771059,337509,633.5942749023437,637.8072082519532,645.9104939778646,655.3362091064453,654.6558862304687,654.938399251302,-1.6963168645305886,0.004122644906806603,-0.0022465135635727496,0.0049578002114978315,-0.016190273467187377,Construction Materials,4
2023-10-03,653.8202514648438,657.9885166261047,635.7578094819154,641.1170161997943,335029,638.6954223632813,638.2686950683594,644.550850423177,654.9119415283203,654.6519165039062,655.3204895019531,-1.5303358760644652,0.02068323576733487,-0.019429247161721674,0.006375246334022533,-0.027626005683458965,Construction Materials,4
2023-10-04,645.8311157226562,658.5343510627553,638.8840272707798,653.8202553275534,247925,642.0101928710938,638.4919921875,643.1812784830729,652.6739868164062,654.973466796875,655.0773417154948,-1.630421632949406,-0.012219162261016443,0.012370323154773377,0.01966959322776618,-0.01075681905493664,Construction Materials,4
2023-10-05,665.08447265625,671.0391196614881,646.1784199555774,648.0640824034234,370282,648.6496337890625,640.6952087402344,644.3821329752604,651.1754028320313,655.7614672851563,655.1153849283854,-1.3892207241828933,0.02981175181076573,-0.025591321031521952,0.008953219102313614,-0.02842654351132967,Construction Materials,4
2023-10-06,670.195556640625,671.3368882950974,657.9885415146173,664.9356301882257,248222,655.1005126953125,644.2481506347656,644.994140625,650.3640808105469,656.4244213867188,655.3535725911458,-1.3251904303455522,0.007684864396190275,-0.007848345755625208,0.0017029830221395592,-0.01821410930743217,Construction Materials,4
2023-10-09,663.7942504882812,679.2763690417239,658.6336048776021,677.5395969990294,316978,659.7451293945312,646.6697021484375,645.1198486328125,649.3691528320312,656.2179931640625,655.5040934244792,-1.405384282594973,-0.009551400466500383,0.02070723948066311,0.02332367076402697,-0.0077744656674609836,Construction Materials,4
2023-10-10,663.546142578125,670.8406215279045,659.1794377708153,666.9204667884205,359186,661.6903076171875,650.1928649902344,646.0758992513021,648.8357147216797,656.2676147460937,655.8249816894531,-1.408492512168042,-0.0003737723096784041,0.0050852894678659055,0.010993175126356336,-0.006580860813000022,Construction Materials,4
2023-10-11,670.195556640625,673.8676013400078,664.9356301882257,669.4016157641167,178671,666.5631958007813,654.2866943359375,647.8490600585938,649.0267578125,655.4518286132812,656.905088297526,-1.3251904303455522,0.010021027379745648,-0.0011846406151778677,0.0054790645252693615,-0.007848345755625208,Construction Materials,4
2023-10-12,672.428466796875,678.3831134996568,670.8901951800827,674.6614593104182,117075,668.0319946289062,658.3408142089844,649.807470703125,650.2945983886718,654.5467211914063,657.8065551757812,-1.2972171288200531,0.0033317292753215614,0.003320788193545754,0.008855435182788751,-0.002287636072458188,Construction Materials,4
2023-10-13,673.7186889648438,677.7877342567537,668.1610424366303,672.8751381686377,149052,668.73662109375,661.9185668945313,652.4109741210938,650.9297607421875,654.0385888671875,658.4764546712239,-1.2810535704079733,0.001918750070345395,-0.0012520816329173456,0.0060396800008055695,-0.008249209379589395,Construction Materials,4
2023-10-16,669.5007934570312,680.9635375049845,667.0196905157084,675.8524412163385,160859,669.8779296875,664.8115295410156,654.4057779947917,651.3093688964843,653.470908203125,658.4946492513021,-1.3338942377822665,-0.006260618232653184,0.0094871400024934,0.01712133004169325,-0.0037058999265877635,Construction Materials,4
2023-10-17,678.283935546875,682.7995307941982,667.0196918268463,670.890236652439,186189,672.82548828125,667.2578979492188,657.7370727539062,652.763296508789,653.6336694335937,659.0272603352864,-1.2238613816313837,0.013118942017217273,-0.010900595616310405,0.0066573819762993924,-0.016606974055705437,Construction Materials,4
2023-10-18,672.577392578125,681.8070833382493,670.8902304754826,679.8222009995644,237625,673.30185546875,669.9325256347656,660.6250813802084,654.2122589111328,653.88177734375,658.4268330891927,-1.2953514264440904,-0.008413206726102141,0.010771709696736353,0.013722867973223085,-0.002508502547454383,Construction Materials,4
2023-10-19,670.4932250976562,676.844872766629,661.3628148624848,673.6690489321426,155858,672.9148071289062,670.4734008789062,663.1988118489584,655.5843048095703,654.8186401367187,657.6080688476562,-1.3214613194899907,-0.0030987771867854717,0.004736548731008927,0.009473097462017854,-0.01361745338119058,Construction Materials,4
2023-10-20,672.5277709960938,678.8297480828395,665.7295127594632,670.493218175109,709058,672.6766235351563,670.7066223144532,665.5045857747396,657.4773864746094,655.2791333007813,657.1449279785156,-1.2959730723587042,0.003034401873547897,-0.003025232427162683,0.009370582685993334,-0.010108516748031815,Construction Materials,4
2023-10-23,656.3509521484375,678.2839386370495,652.0834671762922,674.8600044409342,213089,670.0466552734375,669.9622924804687,666.556571451823,658.3159973144532,655.056826171875,656.2335327148437,-1.498631934419162,-0.024053755912111188,0.02819993211240246,0.03341655316689729,-0.006501834054139066,Construction Materials,4
2023-10-25,654.46533203125,666.2753454360121,652.1330589718223,657.8892661320772,114600,665.2829345703125,669.0542114257812,666.5995768229167,659.6235382080079,655.2672241210937,655.5752136230469,-1.522254479174486,-0.00287288395181768,0.005231650835041846,0.01804528494749702,-0.003563631173845505,Construction Materials,4
2023-10-26,649.751220703125,659.9733522395949,644.6401246479903,653.0262643212834,162544,660.7177001953125,667.0097778320312,666.860917154948,660.6482360839843,655.5133471679687,655.0210978190104,-1.581311605694917,-0.007202996243504471,0.005040457814937671,0.015732377578926426,-0.007866235402534172,Construction Materials,4
2023-10-27,675.3065795898438,684.7843802745357,650.0489406953926,650.0489406953926,322636,661.68037109375,667.2975891113281,667.5423909505208,662.8192016601563,656.8035180664062,655.9622619628906,-1.2611609011403322,0.03933099018892823,-0.03740173671903457,0.014034811700558869,-0.03740173671903457,Construction Materials,4
2023-10-30,688.2083129882812,695.701231397128,663.34767482273,675.3065783118723,313002,664.8164794921875,668.7465515136719,668.743241373698,665.3325592041016,658.945205078125,656.8686909993489,-1.0995314340765054,0.01910500177011978,-0.0187468451527244,0.010887573235364822,-0.036123710940955345,Construction Materials,4
2023-10-31,681.3604736328125,696.6937018349664,672.0811729162408,694.7088194935562,159143,669.8183837890625,669.93251953125,669.9143229166667,667.3720245361328,660.616474609375,657.5170857747396,-1.185319334925329,-0.009950242137783295,0.019590725287562227,0.022503841645526768,-0.013618783412981394,Construction Materials,4
2023-11-01,667.7640380859375,685.2806495189484,664.9356048916661,684.784428918283,54799,672.478125,668.8805297851562,670.1955159505209,668.0692138671875,662.1944555664063,658.1357076009115,-1.355651844793749,-0.019954834589072695,0.02548863050656691,0.02623173820983249,-0.004235677624058298,Construction Materials,4
2023-11-02,669.1038818359375,677.7877425005182,665.5807276239258,668.0121601509645,88532,676.3486572265625,668.5331787109375,670.1227376302083,669.2328521728516,663.7883203125,658.985898844401,-1.3388666404670553,0.0020064628724848605,-0.001631617622628978,0.012978344469850134,-0.005265481650389758,Construction Materials,4
2023-11-03,739.2197875976562,769.1419133598206,696.6440973830522,709.4465522417922,4398784,689.131298828125,675.4058349609375,674.5754923502604,672.9396179199218,668.08162109375,662.1914815266927,-0.46047331679656345,0.1047907621897656,-0.04027656707164484,0.040477982684157254,-0.05759544174672071,Construction Materials,4
2023-11-06,788.2463989257812,795.9378179898981,736.6394581084811,758.9693844236591,2320714,709.138916015625,686.9776977539062,682.2106730143229,678.8421600341796,674.0938305664063,667.3108235677083,0.15371896389882705,0.06632210358904689,-0.037141957821844485,0.009757632987094755,-0.06547056971986154,Construction Materials,4
2023-11-07,767.75244140625,788.0478748269194,753.2628249968323,779.0662946278172,773946,726.4173095703125,698.1178466796875,688.7607828776041,684.0400695800781,679.1810815429687,671.5832804361979,-0.10302385736515157,-0.0259994305682339,0.014736329852425234,0.026434866665477896,-0.0188727715184831,Construction Materials,4
2023-11-08,759.0189819335938,773.1116584252977,754.2552765124856,767.1570115054624,313439,744.6682983398438,708.5732116699219,694.1431193033854,688.8137115478515,683.3890307617188,675.9400960286458,-0.21243430296929913,-0.011375358776664587,0.010721773454383188,0.01856696186411977,-0.006276134766712516,Construction Materials,4
2023-11-09,774.40185546875,780.0587824178386,750.2855464476921,760.1603484925514,427707,765.7278930664063,721.0382751464844,700.9314168294271,694.0240264892578,688.5318603515625,680.7782491048177,-0.019721775542661715,0.02026678370542002,-0.01839033168067261,0.007304898495709811,-0.03114185335527142,Construction Materials,4
2023-11-10,771.47412109375,790.9260044160155,755.3469520431253,775.1461655461911,291419,772.178759765625,730.655029296875,707.6634765625,698.9763092041015,692.7874462890625,685.4311442057292,-0.056399649136996355,-0.0037806396696038716,0.004759776578422414,0.025213915529257003,-0.02090435519439149,Construction Materials,4
2023-11-13,777.5776977539062,783.1353443698492,771.2260497009955,781.9940733083672,134310,770.04501953125,739.5919677734375,714.6668050130208,704.1692596435547,697.0827319335938,690.0856953938802,0.02006432762474186,0.007911576672854513,0.005679658209357008,0.007147384283264113,-0.008168505952855787,Construction Materials,4
2023-11-15,801.6443481445312,827.1997080513362,774.1041059148678,775.5927676570117,1120467,776.8234008789062,751.6203552246094,724.3530314127604,710.7764373779297,702.5967358398437,695.4548014322917,0.32156489010879175,0.03095079817765272,-0.03249767873723308,0.03187867533271427,-0.03435468895078908,Construction Materials,4
2023-11-16,791.6703491210938,803.2819231550898,784.6736508486227,795.838614232503,321847,783.3536743164062,764.010986328125,733.5000325520833,716.4457580566407,707.7217041015625,700.0498046875,0.19661329663929955,-0.012441925208508117,0.005265152491863434,0.01466718318664717,-0.008837893550312614,Construction Materials,4
2023-11-17,806.4577026367188,808.8395857691188,786.0630478955834,788.9907615784656,213466,789.76484375,777.7463684082031,743.9471313476563,723.1397735595704,713.1721899414063,705.4040242513021,0.38186530845845024,0.018678675451268074,-0.02165884336046997,0.0029535127814048767,-0.025289180913586562,Construction Materials,4
2023-11-20,806.25927734375,809.73282163954,791.670379186671,806.4577171301794,183242,796.721875,784.4503173828125,752.6773111979167,729.928076171875,718.5254223632812,710.1098510742188,0.37937948943211636,-0.00024604550532532235,0.0002461240347932936,0.004308222420998042,-0.018094549194078935,Construction Materials,4
2023-11-21,798.8655395507812,817.5730315547765,794.945384777008,809.8320024694614,193222,800.979443359375,785.5122314453125,760.0544596354167,736.2449645996094,723.5312963867187,714.3988505045573,0.28675271889041976,-0.009170421973099873,0.013727545344923486,0.023417572892823646,-0.004907152179799423,Construction Materials,4
2023-11-22,786.06298828125,802.9344875637854,774.1536946700485,798.8655031428115,289091,797.8631713867187,787.3432861328125,767.0346272786459,742.73056640625,728.1937841796876,718.4744750976563,0.1263657790236992,-0.01602591504539098,0.016286881652518126,0.021463291789663552,-0.015150558910350886,Construction Materials,4
2023-11-23,781.497802734375,789.7846621821341,772.7643326503256,787.9486702675866,217271,795.828662109375,789.5911682128906,774.6168782552083,749.0821899414062,732.3223388671875,722.4061971028646,0.06917435487923092,-0.005807658692666491,0.00825449222075969,0.010603816695023749,-0.011175297043052312,Construction Materials,4
2023-11-24,783.6812133789062,788.9907495393669,774.1041316235297,787.849417936298,83362,791.2733642578125,790.5191040039062,782.2553670247396,755.7786895751954,736.7664916992187,726.189052327474,0.09652753975435878,0.002793879441364692,0.005318750132365935,0.0067751224219962936,-0.012220634604833913,Construction Materials,4
2023-11-28,785.1201782226562,797.376862905054,779.0663113701919,783.6811869982747,201773,787.0455444335937,791.8837097167968,785.3153930664063,761.2693695068359,741.3515698242187,729.9454427083333,0.11455450664603727,0.001836160953183737,-0.0018328292461404772,0.015611221087380889,-0.007710751831864759,Construction Materials,4
2023-11-29,776.5355834960938,790.876370109493,774.203310468644,790.876370109493,94722,782.5795532226563,791.7794982910157,784.5346720377604,765.6857330322266,745.5118823242187,733.3726725260417,0.007008998785731065,-0.010934115521010021,0.018467649027536615,0.018467649027536615,-0.00300343355413224,Construction Materials,4
2023-11-30,810.3282470703125,818.9624977025403,767.6036651417459,780.4557909118166,573622,787.4326049804688,792.6478881835938,787.3730590820312,772.1341217041015,751.6709741210938,738.0669209798177,0.4303544544304468,0.04351721195064687,-0.03686463635754733,0.010655250712836795,-0.052725030977303966,Construction Materials,4
2023-12-01,807.5990600585938,827.6959951936924,802.3887435420867,814.3476483842607,189488,792.6528564453125,794.2407592773437,790.6117309570312,779.1258728027344,757.7963232421876,742.3774251302083,0.3961639291266886,-0.0033680018209730966,0.008356359807027536,0.02488479262672816,-0.006451612903225823,Construction Materials,4
2023-12-04,819.359375,825.4133022542848,813.206288435756,823.7261402137857,113592,799.7884887695312,795.5309265136718,793.6088989257812,786.6386474609375,764.5806494140625,747.2701578776042,0.5434940108901558,0.014562071110574353,0.0053294870932376615,0.0073886104669087516,-0.007509631001956785,Construction Materials,4
2023-12-05,870.3212890625,886.9446785246981,811.3702598147962,820.7984508530578,1580098,816.8287109375,801.9371276855469,800.1987101236979,793.1937225341796,772.3812377929687,753.931093343099,1.181931246887605,0.06219726730105456,-0.056901788835692635,0.019100290514672658,-0.067734789426104,Construction Materials,4
2023-12-06,870.0236206054688,876.0774878239514,859.9999279292437,873.3482744662443,281032,835.526318359375,809.0529357910157,806.3617716471355,797.282583618164,779.6538500976562,760.5142883300781,1.1782021360320438,-0.0003420213440393892,0.003821337469506636,0.006958279149098967,-0.011521173033496979,Construction Materials,4
2023-12-07,889.2769165039062,892.7008507253958,861.4885631739329,870.271704052867,291205,851.3160522460937,819.3743286132812,812.2039428710938,803.3588073730468,787.9705078125,768.278487141927,1.4194022801664352,0.02212962434863401,-0.0213715346685891,0.003850245247509987,-0.031248256661401075,Construction Materials,4
2023-12-08,871.2640991210938,888.2348183482841,866.9469438272998,888.2348183482841,135600,864.0490600585938,828.3509582519531,817.5101928710938,808.9710632324219,796.1105102539062,775.5051127115886,1.193742519265267,-0.020255577366865538,0.019478272138505393,0.019478272138505393,-0.00495504784157752,Construction Materials,4
2023-12-11,878.2608642578125,884.2651214864784,868.4356720117743,873.2490482429363,104014,875.8293579101562,837.8089233398438,822.2970703125,814.164013671875,804.4767895507813,783.1221008300781,1.2813961224900534,0.008030590430360767,-0.005706523219740078,0.006836530549200637,-0.011187100149727347,Construction Materials,4
2023-12-12,861.9847412109375,891.2121449386638,858.114257103925,878.2608001587138,135010,874.1620483398438,845.4953796386719,826.0121012369792,818.6895446777344,809.3873876953126,789.3447062174479,1.0774932039682465,-0.01853221942279004,0.018882073161656354,0.033907101054557964,-0.0044902002575767375,Construction Materials,4
2023-12-13,873.447509765625,881.6351499831684,861.9848255758254,863.4238774863973,182820,874.846826171875,855.186572265625,830.9842325846354,823.4830352783204,812.7954321289062,795.519346110026,1.221095704140395,0.013298110751455204,-0.011475941218170527,0.009373935040172476,-0.013123495186190826,Construction Materials,4
2023-12-14,879.6005859375,908.6790997427795,874.439879802801,882.9749101031342,345588,872.9115600585938,862.1138061523437,837.2200724283854,827.3808471679688,817.2693579101563,802.1273498535156,1.2981797975525045,0.007044586083399648,0.0038362004523198046,0.033058770389843284,-0.005867101747321635,Construction Materials,4
2023-12-15,889.3761596679688,897.0675785706613,879.6005780086533,879.6005780086533,142351,876.5339721679687,870.2915161132812,844.411962890625,832.2661376953125,822.4836450195312,809.5144205729167,1.4206455719956628,0.011113650771446113,-0.010991504048146417,0.008648105550258967,-0.010991504048146417,Construction Materials,4
2023-12-18,872.2565307617188,892.3037930683529,870.3708683908734,889.2272498041306,68726,875.33310546875,875.5812316894531,850.3169840494792,835.5560791015625,826.39783203125,816.2861755371093,1.2061754375575429,-0.0192490305931309,0.019456110036335073,0.022983218353352264,-0.0021618208684532902,Construction Materials,4
2023-12-19,854.9384765625,882.7268299254772,852.0107629327114,876.5240724783841,101362,873.9238525390625,874.0429504394531,854.9715372721354,837.9900390625,829.73640625,820.1434651692708,0.989219484093089,-0.019854313024283518,0.025248127798241704,0.03250333693566754,-0.003424472883195362,Construction Materials,4
2023-12-20,833.5513916015625,871.3137673050016,826.157692515827,863.3742376717402,136475,865.94462890625,870.3957275390625,858.7725911458333,839.724331665039,831.9753540039062,821.6536315917969,0.7212878009981836,-0.025015934534762987,0.03577805324381611,0.045302996412595053,-0.00887011785983527,Construction Materials,4
2023-12-21,851.812255859375,859.4044551442406,814.9431022290102,828.6883883938054,76956,860.386962890625,866.6492614746094,861.5381917317708,843.0117950439453,833.9820703125,824.455625406901,0.9500550268402993,0.021907304626684842,-0.02714667147192007,0.00891299606531959,-0.04328319224894028,Construction Materials,4
2023-12-22,863.4734497070312,867.592104896337,849.5296630302325,857.4691925912628,77564,855.2064208984375,865.8701965332032,865.2631510416667,847.1105773925781,836.8541943359374,827.937440999349,1.0961433460387815,0.0136898638959961,-0.00695360942227663,0.00476986894119702,-0.01614848340910735,Construction Materials,4
2023-12-26,878.8562622070312,887.2920121158284,858.5608282528709,859.4540495315583,185536,856.5263671875,865.929736328125,869.2296101888021,851.8693298339844,839.75013671875,831.4192545572917,1.2888551088332976,0.01781503821017224,-0.02207666203202452,0.009598554702918927,-0.0230930071581823,Construction Materials,4
2023-12-27,893.197021484375,896.1743448893229,870.3708753797742,879.302845594618,233919,864.178076171875,869.0509643554688,870.7546590169271,857.2731719970703,843.227646484375,835.4766845703125,1.4685123074209243,0.016317525281472605,-0.015555555555555545,0.0033333333333334103,-0.025555555555555665,Construction Materials,4
2023-12-28,896.869140625,903.0222882900138,880.0472498688221,896.1744196577912,207505,876.8416259765625,871.3931274414062,872.5443603515625,863.2898498535156,847.1477905273438,839.453065999349,1.5145156343665869,0.004111208448190328,-0.0007746068358698288,0.006860697270424376,-0.018756237665235376,Construction Materials,4
2023-12-29,892.6016235351562,900.64037288177,876.5240642681262,896.1743875616951,254764,884.9994995117188,872.6932312011719,872.7660074869792,867.4035186767578,851.4093359375,842.4849751790365,1.4610533210776802,-0.004758238294239727,0.004002641192146772,0.009005976613370104,-0.01801202108881983,Construction Materials,4
2024-01-01,897.9607543945312,908.0836663969958,884.6124086043178,898.3577550902363,140374,891.8969604492188,873.5516906738281,874.5457845052083,871.9216033935547,856.0678540039063,846.027988688151,1.5281910798559688,0.006003944781267725,0.0004421136377754653,0.011273223192577175,-0.014865177264026253,Construction Materials,4
2024-01-02,883.9674072265625,895.1819809036094,870.4205603370247,895.1819809036094,103489,892.919189453125,874.7227783203125,874.926220703125,875.1520050048828,860.0793017578125,848.6116455078125,1.3528861673027601,-0.015583472996438532,0.012686637069835527,0.012686637069835527,-0.015325052460973598,Construction Materials,4
2024-01-03,874.5888061523438,888.7310932305518,870.8175417129156,888.1852626861536,72251,889.1975463867187,876.6878112792969,875.7664916992187,875.365380859375,863.658046875,850.8892964680989,1.235393560176512,-0.010609668408074006,0.015546113142730356,0.016170212765957315,-0.004312042885638356,Construction Materials,4
2024-01-04,887.44091796875,891.6587929965731,872.2565799833473,875.4820138281532,61206,887.3119018554687,882.0767639160156,876.699385579427,876.2362457275391,868.0942602539062,853.8418090820312,1.396401381325725,0.014695033512888974,-0.013475718663017444,0.0047528516461436965,-0.017110252274774473,Construction Materials,4
2024-01-05,870.7182006835938,903.0222079058656,866.4011060000548,901.136545530412,127396,882.9352172851562,883.9673583984375,876.1072265625,875.3083099365234,870.5098583984375,856.6636494954427,1.1869036495723941,-0.01884375280264586,0.03493477547952617,0.03710041572222811,-0.004958084808781571,Construction Materials,4
2024-01-08,862.034423828125,878.1615937347987,858.8586603670858,874.7377199675029,62802,875.749951171875,883.8234558105469,874.2844441731771,874.846826171875,872.6872729492187,859.348203531901,1.0781156145149817,-0.009973119717322078,0.014736413985609875,0.018708266701294995,-0.0036840332279728383,Construction Materials,4
2024-01-09,835.7843627929688,884.7117007835077,831.0205966766157,863.4238253876382,128176,866.1133422851562,879.5162658691406,871.8529663085938,872.7230010986328,873.3442724609375,861.0849751790364,0.749261867155804,-0.03045129093404983,0.03307008820110702,0.05854062383631686,-0.005699755018667485,Construction Materials,4
2024-01-10,835.5858764648438,846.5027296127158,826.7035156524962,836.6279276051072,72651,858.3127563476562,873.7551513671875,870.56279296875,871.4030578613281,871.9548559570312,862.7671651204427,0.7467752834973488,-0.0002374850941954831,0.0012470904183685683,0.013064908653146023,-0.010630099266309534,Construction Materials,4
2024-01-11,867.2943725585938,879.3028866226782,833.5017018766373,836.6279158272209,706605,854.283447265625,870.7976745605469,872.812325032552,871.0954010009766,871.8456860351563,865.7924580891927,1.1440108460961642,0.03794762092904295,-0.03535876364665447,0.013845949476944286,-0.03896332289377724,Construction Materials,4
2024-01-12,863.423828125,898.0600495976963,861.4389457614942,888.2348576688219,596532,852.8245727539063,867.8798950195312,873.5864298502604,870.2865631103516,870.8115625,867.5623107910156,1.0955217001241677,-0.004462780523036611,0.028735632183908066,0.04011497059087632,-0.0022988505747126853,Construction Materials,4
2024-01-15,868.9814453125,883.1734021937091,861.4389168141543,865.2597910059872,179570,854.2139770507813,864.9819641113281,873.9536295572917,869.2668273925781,870.7202563476562,869.6083902994792,1.1651460425609117,0.00643671972728486,-0.004282777643398905,0.01633171451216131,-0.008679734807954809,Construction Materials,4
2024-01-16,868.2371215820312,877.3179823940237,858.7593206516976,877.3179823940237,447830,860.7045288085938,863.408935546875,873.2456868489584,869.0658569335938,870.319306640625,871.2376485188802,1.1558213538417048,-0.0008565473227119125,0.010458964016012207,0.010458964016012207,-0.010916143406842549,Construction Materials,4
2024-01-17,842.9298706054688,868.7830111472215,819.7563938702549,863.225304336024,139039,862.1733276367188,860.2430419921875,869.8945434570312,868.4654266357422,869.5571118164063,870.3246012369792,0.8387788788601891,-0.029147856440933647,0.02407725059734478,0.030670571115462675,-0.027491583277940546,Construction Materials,4
2024-01-18,855.6331787109375,862.7787066739411,839.5556196465756,839.7044494777538,145520,859.8410888671875,857.0622680664062,867.1454793294271,869.5695159912109,868.8445385742187,869.8449198404948,0.997922526897682,0.01507042109724274,-0.018616306180624376,0.008351158114004775,-0.018790247344760203,Construction Materials,4
2024-01-19,866.9469604492188,873.3482180256442,858.4616006729343,859.9998723512874,154017,860.5457153320312,856.6851440429688,865.4351684570313,870.3262512207032,868.3383935546875,869.1005879720052,1.1396585600617464,0.01322270105902875,-0.008013279260280948,0.00738367843530896,-0.009787634265293055,Construction Materials,4
2024-01-23,859.2555541992188,894.8842164868037,855.9805104479176,891.4106723864353,398094,858.600537109375,856.4072570800781,862.8548217773438,870.1153564453125,867.1335693359375,868.7003031412761,1.0433026786644883,-0.008871830228246728,0.03742206614792676,0.04146457024742656,-0.0038114897661072344,Construction Materials,4
2024-01-24,876.3751831054688,883.5207718077223,853.4994257283249,868.5349340273626,254486,860.2281494140625,860.4663391113281,862.3486735026041,869.9913024902344,867.2983154296875,868.6374471028646,1.2577728131026082,0.019923791964550755,-0.008946224435890437,0.008153572625063221,-0.026102698727824225,Construction Materials,4
2024-01-25,923.8634643554688,962.6678879817066,875.630789499941,880.5929951080941,1764622,876.4148681640625,869.2940979003906,865.6336507161458,871.524624633789,870.0553149414062,870.7000712076823,1.85269330581285,0.05418715883957767,-0.04683643299777218,0.04200233597646341,-0.05220757905950657,Construction Materials,4
2024-01-29,930.0166015625,947.2354923059827,908.629506339924,933.6886460275224,431223,891.291552734375,875.5663208007812,868.4720296223958,873.181997680664,873.9139233398438,872.5857076009114,1.9297781638570808,0.006660223555137525,0.003948364425810258,0.018514605776449145,-0.022996466070222876,Construction Materials,4
2024-01-30,894.0406494140625,940.8342771983328,888.8303330055275,940.8342771983328,486202,896.7102905273438,878.6280029296875,870.0268595377604,873.2539489746093,875.6030590820312,873.0670430501302,1.47908105260148,-0.03868312897640226,0.05233948569893099,0.05233948569893099,-0.005827829430294695,Construction Materials,4
2024-01-31,928.7760620117188,935.872040738889,895.2315619557747,897.5638350929902,289751,910.6143920898437,884.6074645996093,874.4763020833333,874.7947143554687,878.2151635742188,874.3803731282552,1.9142370159917361,0.038852162505609994,-0.03360576159889739,0.0076401395529084315,-0.03611688697411841,Construction Materials,4
2024-02-01,922.8214111328125,934.2344847540061,913.0954996399472,930.8602210711522,83587,919.9036376953125,890.0658935546875,880.2787719726563,876.7374145507813,879.97376953125,876.065869140625,1.8396387416059607,-0.006411288062279019,0.00871112204524116,0.012367586494534732,-0.010539321449993477,Construction Materials,4
2024-02-02,912.5496826171875,937.7577133050847,903.1214912252752,935.9712706875742,113810,917.6408813476562,897.0278747558593,885.4096923828125,878.6354583740234,880.7478759765625,877.9862426757812,1.7109572726487858,-0.011130786945023204,0.025666096341421918,0.027623735088702972,-0.010331702011963095,Construction Materials,4
2024-02-05,921.2831420898438,935.1277087679505,906.3469143351879,917.908878397181,173309,915.894189453125,903.59287109375,889.0089436848958,880.3275695800781,881.7244360351563,880.910634358724,1.8203677182529332,0.009570393414207033,-0.003662569668873572,0.01502748291551459,-0.0162124183893938,Construction Materials,4
2024-02-06,913.889404296875,937.8568821821615,903.3695523876322,937.8568821821615,117872,919.8639404296875,908.2871154785156,892.3733154296875,882.4861297607422,882.575947265625,882.9798726399739,1.7277409477112367,-0.008025478221816536,0.02622579687716864,0.02622579687716864,-0.01151107766408177,Construction Materials,4
2024-02-07,918.5042724609375,931.2075069020933,911.0609639320807,913.9390674594252,109358,917.8095825195312,914.2119873046875,895.6748372395833,885.3096221923828,883.3976879882813,884.8142333984375,1.78555478240244,0.005049700918256155,-0.004970259952390643,0.013830348776843637,-0.008103727714748765,Construction Materials,4
2024-02-08,910.3663330078125,932.8947611634354,896.0255450432518,920.7373560312524,143233,915.3185668945313,917.6111022949219,898.4834513346354,889.038720703125,884.4536450195312,885.8645690917969,1.6836048524057792,-0.00885999085373998,0.011392142533626526,0.02474655239192547,-0.015752766160825993,Construction Materials,4
2024-02-09,928.8753662109375,992.3419939509461,895.2811947780757,932.8947410122399,2989566,918.5837036132813,918.1122924804688,904.2131510416667,893.7031951904297,886.625107421875,887.0538472493489,1.915481072453085,0.02033141223706277,0.004327141129491174,0.0683263116330679,-0.036166500539140056,Construction Materials,4
2024-02-12,900.044921875,967.580531421696,890.8151705290878,932.6962000444869,793137,914.3360595703125,915.1151245117187,907.1739339192708,895.34072265625,887.129267578125,887.1597066243489,1.5543009729018693,-0.031038011540280658,0.036277387245813086,0.07503582088547733,-0.010254767425035283,Construction Materials,4
2024-02-13,879.3525390625,911.3091587591219,873.695611941012,906.0988423055576,269930,907.4286865234375,913.6463134765625,908.0009724934896,896.137158203125,887.4746411132812,886.7180704752604,1.2950723326115567,-0.022990388934580087,0.030415904947033612,0.03634107855160318,-0.006433059404728603,Construction Materials,4
2024-02-14,906.2476806640625,918.9509155540243,873.5467319238646,885.2575256415826,517161,904.9773681640625,911.3934753417968,911.1337809244792,898.0004699707031,889.2431713867187,886.9943013509114,1.6320074768607138,0.030585163977846806,-0.02316160964638181,0.014017398511467993,-0.03608389785476296,Construction Materials,4
2024-02-15,905.1559448242188,917.9584599747553,896.1743644711343,910.7632615889129,148568,903.9352905273438,909.6269287109375,913.0524983723958,899.8464111328125,892.0180346679688,887.7005859375,1.618330502107089,-0.0012046771132630861,0.006194862660691136,0.014143988363267912,-0.009922688354909615,Construction Materials,4
2024-02-16,956.4652099609375,967.7293933921751,909.423472681197,914.2368488628963,1036903,909.4532592773437,914.0184814453125,915.2259480794271,905.5231781005859,896.8532080078126,890.4297993977865,2.261119259506835,0.05668555283773009,-0.04415044128972112,0.011776887767509736,-0.049182904709792474,Construction Materials,4
2024-02-19,956.0681762695312,966.1910883117223,943.3153314728281,961.3777728698667,187491,920.65791015625,917.4969848632812,916.9627197265625,910.5449279785156,900.40416015625,892.7173746744792,2.2561453275578036,-0.0004151052095480452,0.00555357529109779,0.01058806504959664,-0.013338844564896313,Construction Materials,4
2024-02-20,934.8795776367188,960.6830479324244,931.5549239627543,960.6830479324244,194847,931.7633178710937,919.5960021972656,919.6853149414062,913.9415588378906,903.2623901367188,894.8560872395833,1.990700228121353,-0.022162225622327468,0.027600849256900206,0.027600849256900206,-0.0035562373523752022,Construction Materials,4
2024-02-21,953.87548828125,969.6889007905996,939.3550428684322,942.8359773840907,394230,941.2888793945312,923.1331237792969,921.3586100260417,918.6725555419922,906.6581518554688,897.9174560546875,2.2286759186002385,0.020319098950210245,-0.011573324855061462,0.01657806779147153,-0.015222579457389807,Construction Materials,4
2024-02-22,933.4871826171875,963.4232566774476,927.0225897716317,962.0308585527166,225868,946.955126953125,925.4452087402344,922.0696614583334,921.5281555175782,909.268154296875,901.1742167154948,1.9732566755382237,-0.021374179245133313,0.030577469586140493,0.03206907884512056,-0.006925207936365196,Construction Materials,4
2024-02-23,938.907470703125,954.7705985169372,925.0334483028897,938.1615561730337,145760,943.4435791015625,926.4484191894531,923.8268473307292,922.2803558349609,913.1072583007813,904.6182698567708,2.0411605957020513,0.005806494386715429,-0.0007944494568061788,0.016895304711903814,-0.014776772827087337,Construction Materials,4
2024-02-26,927.5696411132812,944.9245379365664,921.9503938277566,935.9238477425383,88316,937.7438720703125,929.2008911132813,924.245947265625,922.1580078125,915.984716796875,906.6274454752604,1.899123297482196,-0.012075555838695292,0.009006554612147832,0.018710074213355687,-0.006058032773453403,Construction Materials,4
2024-02-27,938.7583618164062,948.4054748964818,922.9449488640633,925.9286071039256,163449,938.51962890625,935.1414733886719,925.903877766927,924.3938934326172,918.8571728515625,909.1385965983073,2.0392925994297246,0.01206240502836655,-0.013666727492745112,0.010276460346418936,-0.01684503019685013,Construction Materials,4
2024-02-28,901.8106689453125,941.6922082977746,890.1246746137907,938.6588346756603,255332,928.1066650390625,934.6977722167969,924.7909708658855,923.0456237792969,920.5593774414062,910.2329040527344,1.5764217801709675,-0.03935804395883468,0.0408602015913635,0.04422384955714098,-0.012958367797077375,Construction Materials,4
2024-02-29,913.89453125,923.9394895789895,897.6335576328943,902.0096139421128,384742,924.188134765625,935.571630859375,925.0261840820312,922.5992797851562,922.0601513671875,911.7548177083333,1.7278051768094256,0.013399555716966449,-0.013004692446984434,0.010991375903355305,-0.01779305276601706,Construction Materials,4
2024-03-01,936.6200561523438,944.8251163734818,916.579793876612,932.741276130369,183729,923.7306518554688,933.5871154785157,925.5424967447917,923.8027984619141,922.5704150390625,914.8778238932292,2.0125044776922345,0.024866682232205062,-0.004141252364281978,0.008760286700292053,-0.02139636253152377,Construction Materials,4
2024-03-04,937.9129638671875,947.2617840492973,923.9395097939406,944.7754021607237,144234,925.79931640625,931.7715942382813,928.0670328776042,924.6342895507812,922.88626953125,917.6204833984375,2.0287016799176514,0.0013803972126702519,0.007316711206593274,0.009967684147965006,-0.01489845498630471,Construction Materials,4
2024-03-05,948.0076904296875,953.7760842208306,928.4647046731825,943.6813495593183,236285,927.6491821289062,933.0844055175781,932.64404296875,926.3402038574219,925.044951171875,920.3225077311198,2.1551657157230673,0.010762967302293794,-0.004563613685885093,0.006084754216000743,-0.020614796645422873,Construction Materials,4
2024-03-06,894.998046875,947.4607046056697,887.2404868379871,947.4607046056697,219112,926.2866577148437,927.1966613769531,931.8940673828125,925.164892578125,923.6938305664063,921.5139241536458,1.4910750720561317,-0.05591689190903157,0.058617622590183105,0.058617622590183105,-0.008667683760986367,Construction Materials,4
2024-03-07,887.4393920898438,909.5184749172728,880.1791692747802,899.9707929553647,146875,920.9956298828125,922.5918823242188,930.7129638671875,924.0185455322265,922.2785498046875,921.8827311197916,1.3963822655226927,-0.00844544277113035,0.014120852620718827,0.02487953884426375,-0.008181091441035071,Construction Materials,4
2024-03-11,890.9700317382812,905.8386070729787,878.190053541429,887.4393817156554,94223,911.865625,917.7981384277343,926.3466186523438,922.1232788085938,921.4153637695313,920.7862833658854,1.4406131752111908,0.003978457210608091,-0.003962703454500671,0.016688075698448435,-0.014343892321404428,Construction Materials,4
2024-03-12,854.4700317382812,896.5893170257498,843.3807441351479,895.0477723816055,206643,895.1770385742187,910.4881774902344,919.573409016927,919.8445343017578,918.7428393554687,918.2680643717448,0.983350932562141,-0.04096658551891869,0.04748878150913649,0.049292875961704175,-0.012977971363810181,Construction Materials,4
2024-03-13,790.8683471679688,859.9897622640534,770.778369776484,853.7738076690817,245387,863.749169921875,895.6991760253907,909.9726603190104,915.4203247070312,913.8219970703125,914.8289876302083,0.1865660305654679,-0.07443407282631685,0.07953973720957741,0.08739939503661076,-0.02540242944786597,Construction Materials,4
2024-03-14,818.1688232421875,825.180407810672,767.9439106456564,767.9439106456564,213677,848.3833251953125,887.3349914550781,900.9255493164062,911.0163818359375,909.8085791015625,911.142079671224,0.5285790967321526,0.03451962159312533,-0.06138697927587,0.008569850584992267,-0.06138697927587,Construction Materials,4
2024-03-15,820.456298828125,832.1920090742951,803.5986176660059,817.5720715876073,108881,834.9867065429687,877.9911682128907,893.3901570638021,906.7813995361328,906.212177734375,907.7299092610677,0.5572359793740905,0.002795847899548209,-0.003515394110127912,0.014303882196934126,-0.02054671429325028,Construction Materials,4
2024-03-18,819.3622436523438,821.5005563063687,800.5155179505595,815.5332399167341,96849,820.6651489257813,866.2653869628906,885.4204752604167,899.9262512207031,901.8316528320313,904.6236612955729,0.5435299485998567,-0.0013334716027458282,-0.004673151301848644,0.0026097280788695,-0.023001701442544098,Construction Materials,4
2024-03-19,817.9699096679688,821.5005597393874,801.7089360166516,818.7158242197902,101567,813.3651245117187,854.2710815429688,878.1138264973958,893.021337890625,898.54865234375,901.1798868815105,0.5260871606488485,-0.0016992898991398592,0.0009119095250389453,0.00431635690957366,-0.019879672172681495,Construction Materials,4
2024-03-20,817.0250854492188,832.39093760216,804.4937450599812,822.0972802013666,154144,818.5964721679687,841.1728210449219,869.9982747395833,887.12861328125,896.0555541992187,897.9510762532552,0.5142506554111838,-0.0011550843222747939,0.006208126093654842,0.018807075115071514,-0.015337766994446111,Construction Materials,4
2024-03-21,835.1756591796875,837.363687337128,815.582958160509,822.4951118089926,168455,821.9978393554687,835.1905822753906,865.5559407552083,881.1936218261719,893.2126733398437,895.1734558105469,0.7416361910101172,0.02221544240650721,-0.015183090205418304,0.002619841866068784,-0.023459377442133,Construction Materials,4
2024-03-22,851.2377319335938,853.7241138346702,827.4678966782301,831.1974695298446,169334,828.1541259765625,831.5704162597656,861.3788208007812,877.0811492919922,891.0559448242187,893.2025024414063,0.9428575446825385,0.019231969439438015,-0.02354249776760664,0.002920901891212635,-0.027923850604425482,Construction Materials,4
2024-03-26,856.707763671875,859.2438610454394,837.3139850346325,851.3371545374117,125978,835.6232299804688,828.144189453125,856.0513346354167,872.9711639404297,887.0656469726563,890.7969156901041,1.0113846400252224,0.00642597424089276,-0.0062688928035911085,0.0029602829355654947,-0.022637566110198626,Construction Materials,4
2024-03-27,862.7744750976562,866.205694084402,846.5632780807377,859.243825121078,141670,844.5841430664062,828.9746337890625,851.0421020507813,869.7314056396484,883.3338989257812,889.5545674641927,1.0873867789856977,0.0070814245919508705,-0.004092204948667133,0.0039769593164626915,-0.018789611288724806,Construction Materials,4
2024-03-28,870.9298095703125,874.9080203613587,856.3595882670343,866.2553997502974,127654,855.365087890625,836.9807800292969,845.9035766601562,866.3399780273437,880.775908203125,889.2738098144531,1.1895546291369279,0.009452452185413992,-0.005367148728462112,0.004567774288273485,-0.01672950121028316,Construction Materials,4
2024-04-01,878.6873168945312,879.8807922838204,872.2227242971181,875.2063824190011,50593,864.0674194335937,843.0326293945312,844.8161946614583,865.1838104248047,877.7683813476563,888.3551310221354,1.2867386071215499,0.008907155592763604,-0.003961516694963252,0.0013582481120897327,-0.007357102433503182,Construction Materials,4
2024-04-02,884.4557495117188,892.5613787151643,870.4325800007117,870.4325800007117,139572,870.7110229492188,849.4325744628907,844.61728515625,863.7118713378907,875.8071240234375,887.6651245117188,1.3590039889052508,0.006564829725293377,-0.015855139749782587,0.009164538992392224,-0.015855139749782587,Construction Materials,4
2024-04-03,874.5599365234375,895.0477595972025,870.2336563415553,884.1573948430201,139606,874.2814575195313,854.95234375,843.5232788085938,860.6088653564453,873.23322265625,884.9349487304687,1.2350318891831389,-0.011188590264402068,0.010974042965808062,0.023426436791980754,-0.004946808104519529,Construction Materials,4
2024-04-04,865.1614379882812,885.1022079431923,863.6696089038338,878.7867617307564,157689,874.7588500976562,859.6714965820313,844.2360392252605,856.9712890625,870.73689453125,881.9047241210938,1.1172900119853484,-0.010746545940027037,0.01574888008665476,0.02304861159933158,-0.0017243360821955767,Construction Materials,4
2024-04-05,839.9495239257812,869.7363913208159,833.4352154680888,864.2663511238295,330429,868.56279296875,861.9639404296875,847.5081176757812,851.5683807373047,866.784541015625,878.7403889973958,0.8014418923772971,-0.029141282719585913,0.02895034344968206,0.03546268739556613,-0.007755595154391726,Construction Materials,4
2024-04-08,816.0802612304688,855.2159490531502,815.5332693488813,851.8841608604197,306081,856.0413818359375,860.0544006347657,847.3688802083333,847.6224914550781,863.3553247070313,874.1472147623698,0.5024141501735191,-0.028417496546401532,0.04387301265682697,0.04795568485344015,-0.0006702672611671456,Construction Materials,4
2024-04-09,803.6483154296875,830.3023162572622,800.9630109378865,816.5775008246667,238050,839.8798950195312,855.295458984375,846.2483479817708,843.4329376220703,858.9454760742187,869.8192525227864,0.34667005654730887,-0.015233729317305902,0.016088113602361398,0.03316624985809069,-0.0033413925472677297,Construction Materials,4
2024-04-10,795.2941284179688,818.2185570957346,791.9126247971029,817.5223580322996,313161,824.0267333984375,849.1540954589843,844.6438069661458,838.6491424560547,853.2924389648438,865.0321411132812,0.2420110349448957,-0.010395326974899472,0.027949696621736964,0.02882509484053153,-0.0042518905899537884,Construction Materials,4
2024-04-12,791.8131713867188,809.2675594618506,787.8846760067588,794.5481913635329,303422,809.357080078125,842.0579650878906,842.9000244140625,835.5162994384766,847.448447265625,860.5069254557292,0.19840253580313258,-0.004376942953388151,0.0034541228608564456,0.022043568743070674,-0.004961391805443083,Construction Materials,4
2024-04-15,803.9964599609375,807.4773945538118,770.7783741364364,789.3765225303293,232508,802.1664672851563,835.3646301269531,842.0314493815105,836.172705078125,841.687998046875,856.0148620605469,0.3510315181671822,0.015386569729424815,-0.01818408184448783,0.004329539701012353,-0.04131620906156108,Construction Materials,4
2024-04-16,808.7205810546875,818.0196248494105,796.9848102150675,802.6040574510326,362500,800.69453125,828.3679565429687,840.2677775065105,835.70029296875,838.2368994140625,852.9118591308594,0.4102140443555057,0.005875798376002207,-0.007563210022030198,0.011498463143593707,-0.014511527361298127,Construction Materials,4
2024-04-18,803.3002319335938,820.5059815887987,799.0236674428184,811.4555762547699,97005,800.6249145507812,820.2524047851563,837.071944173177,834.8424896240234,834.8713330078125,849.2253824869791,0.3423093595595568,-0.006702375638845296,0.010152299223847638,0.02141882819302765,-0.005323743627561828,Construction Materials,4
2024-04-19,795.6422119140625,802.6040812683106,786.6415215323213,794.64765914917,126698,800.69453125,812.3606323242187,833.000907389323,833.6564880371094,831.0582202148438,844.5261210123698,0.24637173193264775,-0.009533197819572289,-0.0012499999999999734,0.008750000000000036,-0.011312484741210938,Construction Materials,4
2024-04-22,793.4044189453125,805.5876895590137,786.7409036936094,799.620373340058,116458,801.0127807617188,805.1849304199219,828.3762369791667,832.4282135009765,828.615595703125,839.709169514974,0.218337259837445,-0.0028125618968437844,0.00783453462864303,0.015355687872140589,-0.008398636423730843,Construction Materials,4
2024-04-23,778.2374877929688,801.1121998942317,777.0937279068338,794.6476073438748,221861,795.860986328125,799.0137268066406,822.1967488606771,830.4888336181641,828.110361328125,834.0501627604167,0.028330000855953445,-0.01911626755558715,0.021086261980830745,0.029392971246006372,-0.001469679762380216,Construction Materials,4
2024-04-24,797.8302001953125,803.2007484352548,782.1659949324569,782.1659949324569,155611,793.68291015625,797.188720703125,816.8062744140625,828.6215606689453,827.29681640625,830.8112345377605,0.27378226421687285,0.02517574996021769,-0.019633507554641216,0.0067314426536218,-0.019633507554641216,Construction Materials,4
2024-04-25,793.7525024414062,803.5985986615244,790.7191287825394,798.6258350559457,91905,791.7733642578125,796.1991394042968,810.7593912760417,825.7472991943359,826.2286645507812,827.6883382161458,0.22269795682519705,-0.005110984458733213,0.006139612284119078,0.012404491563596576,-0.0038215610653659082,Construction Materials,4
2024-04-26,789.9235229492188,794.6476485192644,784.7021210033788,793.8023029614872,80768,790.6296264648438,795.6620788574219,805.1169637044271,822.4080871582031,825.0511157226563,824.3201212565104,0.17472952532780317,-0.004823895963049452,0.0049103234675007545,0.005980484734025682,-0.006610009442870601,Construction Materials,4
2024-04-29,790.0726928710938,798.6258218501857,786.4425512179755,792.6585056221644,78431,789.96328125,795.4880310058594,800.1110473632813,818.772998046875,823.9352270507812,822.1735432942709,0.17659828623225102,0.0001888409669306551,0.003272879539316653,0.010825749397830986,-0.004594693229969082,Construction Materials,4
2024-04-30,791.7136840820312,799.5706748855058,790.0229323100921,791.4650459009425,139955,792.6585205078125,794.2597534179688,796.8953247070312,814.8121917724609,822.9227709960937,822.2017211914062,0.19715618544541982,0.0020770129454470844,-0.0003140506297766299,0.009924030569945952,-0.002135559616983973,Construction Materials,4
2024-05-02,785.1994018554688,798.5761485811302,783.0113736489637,791.7634257723007,97553,790.1323608398437,791.9076354980468,794.836600748698,810.1377960205078,820.923720703125,821.1027404785157,0.11554699913947969,-0.00822807835400195,0.008359690419173615,0.01703611425843099,-0.0027865892425982253,Construction Materials,4
2024-05-03,792.857421875,794.5978890940609,778.9336841225132,788.6802884087182,120430,789.9533447265625,790.8633544921875,794.1172078450521,805.5578796386719,818.5885083007812,820.1827779134114,0.21148462676638874,0.009752962115654868,-0.005268454770094078,0.0021951831073800943,-0.017561464859039866,Construction Materials,4
2024-05-06,792.708251953125,802.5046328968126,785.696667252986,795.6421946865681,142368,790.5102905273437,790.5699584960937,793.9448160807292,801.4652954101563,816.0285278320313,819.2943115234375,0.2096158658619409,-0.00018814217759636204,0.003701163355136483,0.012358116519603168,-0.008845101186802817,Construction Materials,4
2024-05-07,789.873779296875,797.6312783422107,777.7402240194624,797.1340019841421,292101,790.4705078125,790.21689453125,793.8155232747396,797.7009124755859,813.1125,818.3577738444011,0.1741063501489468,-0.003575682035939762,0.009191623874044597,0.009821188205843878,-0.01536138506612228,Construction Materials,4
2024-05-08,786.8403930664062,793.5038475957898,780.674154184457,789.8737666615656,74221,789.495849609375,791.0771850585937,792.6717854817708,795.0454559326172,809.7489233398437,817.3516174316406,0.1361048983526485,-0.0038403429889380444,0.0038551320215500784,0.008468622846642848,-0.007836708608614629,Construction Materials,4
2024-05-09,767.7449951171875,791.31590705246,760.8328414756631,791.31590705246,78308,786.0049682617188,788.0686645507812,789.9400797526042,792.6286926269531,805.31123046875,815.1039286295573,-0.1031171424839497,-0.024268451540472927,0.030701485630231673,0.030701485630231673,-0.009003189451556537,Construction Materials,4
2024-05-10,771.4248657226562,776.6462676662755,759.987509084252,767.6952929057853,112091,781.71845703125,785.8359008789063,787.8150553385417,791.0175201416016,800.7899951171875,812.4434997558594,-0.05701670725888237,0.0047930896702323145,-0.004834654653473103,0.006768516514862322,-0.014826274270651085,Construction Materials,4
2024-05-13,755.5120239257812,778.2872455728399,746.909118321827,771.4248679912263,127011,774.2792114257812,782.3947509765625,785.1397094726562,789.0284149169922,796.0280786132812,809.0703084309896,-0.2563685353947344,-0.020627856974727084,0.02106233065988672,0.030145412549113848,-0.011386854651567191,Construction Materials,4
2024-05-14,763.1203002929688,765.7558893178817,753.1747729577216,757.6502602585829,83406,768.928515625,779.69951171875,783.1207682291666,787.5937713623047,791.9464331054687,805.7485026041667,-0.16105408294668175,0.010070357752419979,-0.007167991773100346,0.003453700581548036,-0.013032712314728023,Construction Materials,4
2024-05-15,773.01611328125,776.7456860375121,763.1203014274317,763.915931474898,75169,766.1636596679688,777.8297546386718,782.7726765950521,786.0447540283203,789.2690966796876,802.4847127278646,-0.03708198322456994,0.01296756616811551,-0.011772305453924048,0.004824702476680542,-0.012801559610204127,Construction Materials,4
2024-05-16,772.9663696289062,778.03856411159,766.8001307559618,777.7402104424931,54793,767.2079345703125,776.6064514160156,781.115087890625,784.2570434570313,787.544541015625,798.9606811523438,-0.037705158403426316,-6.435008467365743e-05,0.006176000665952364,0.006561985982803886,-0.007977370187405075,Construction Materials,4
2024-05-17,777.6408081054688,780.6741818079614,773.3144672847856,775.3532882518589,53774,768.451123046875,775.0847900390625,780.0409749348959,782.974072265625,786.5042407226563,795.4001831054687,0.020854957238162098,0.0060474021383448455,-0.0029416149844075923,0.0039007388383882624,-0.005563417937419324,Construction Materials,4
2024-05-21,788.9786987304688,790.9180887686463,766.849899642003,774.1101227080192,122632,775.1444580078125,774.7118347167968,779.9779866536459,782.6408966064453,786.2516235351562,792.5474751790365,0.16289302009013848,0.014579855515327176,-0.018845345313345363,0.002458101899706744,-0.028047397381035455,Construction Materials,4
2024-05-22,792.0120239257812,793.1557838198851,780.8730821697023,792.658507466393,77382,780.922802734375,774.9256591796875,780.107275390625,782.5712768554688,786.2595776367187,790.1091613769531,0.2008937072543155,0.0038446224216108346,0.0008162547045780233,0.0014441193562120258,-0.014064106881693905,Construction Materials,4
2024-05-23,790.02294921875,799.5706919985117,787.9344127339771,797.6313020039755,118453,784.324169921875,775.2439147949219,779.994559733073,783.1605499267578,785.7006372070313,788.4449422200521,0.17597511105339464,-0.0025114198357393176,0.009630546546463448,0.012085399277582232,-0.0026436402725240615,Construction Materials,4
2024-05-24,801.1122436523438,848.2042922911197,796.6367562576379,825.478786134631,1741513,789.9533447265625,778.5806396484375,781.0554158528646,783.3246520996094,785.3963037109374,787.9460083007813,0.31489882727533175,0.014036673801134386,0.030415890751086305,0.0587833340607542,-0.005586592178770999,Construction Materials,4
2024-05-27,795.3935546875,808.9194476852643,788.7797546781723,802.1067856898641,204038,793.5038940429688,780.9775085449219,781.2244913736979,783.406704711914,785.0800366210938,787.670849609375,0.24325662067048717,-0.007138436605052653,0.00844013754298234,0.017005283633557244,-0.00831512899538922,Construction Materials,4
2024-05-28,793.5038452148438,805.5876847674268,790.6693943087708,805.5876847674268,118458,794.4089233398438,784.7766906738282,781.2775309244792,783.5857208251953,784.994501953125,787.6111735026042,0.21958284556303648,-0.0023758169292667866,0.015228457461742062,0.015228457461742062,-0.003572069528290034,Construction Materials,4
2024-05-29,795.9405517578125,801.5597990627836,781.7681751046181,790.5700033424218,113888,795.19462890625,788.0587158203125,781.681982421875,783.8791137695313,785.095947265625,787.7487528483073,0.2501092537415434,0.00307081882168952,-0.006747424042574446,0.007059883169114878,-0.017805823088037354,Construction Materials,4
2024-05-30,780.57470703125,796.6367583374796,777.3921867710743,795.94055926706,80377,793.30498046875,788.8145751953125,781.2642700195313,783.3221649169922,785.1894360351563,786.968027750651,0.05761005867674765,-0.019305266822537765,0.019685306348511844,0.02057721209968255,-0.004077150119659589,Construction Materials,4
2024-05-31,780.0277099609375,791.6639892805985,775.7511452749583,784.5529128345049,117019,789.0880737304688,789.5207092285157,782.0831176757813,783.0635803222656,784.4773364257812,786.0115987141927,0.05075742560569139,-0.0007007619711287944,0.005801336049707784,0.014917776857239717,-0.005482580466523945,Construction Materials,4
2024-06-03,780.4752807617188,805.5877380273873,776.3478625142088,800.6149742124034,280525,786.1044189453125,789.8041564941407,782.6864786783855,782.4444732666016,783.9462475585938,785.2507670084635,0.056364472951156194,0.0005737883347806498,0.025804396304555555,0.03217585218222374,-0.005288339489088911,Construction Materials,4
2024-06-04,757.401611328125,783.7075428971243,705.3865162433825,783.7075428971243,225808,778.8839721679688,786.6464477539063,782.812451171875,780.6791412353516,782.64537109375,783.9760803222656,-0.2326962895515263,-0.029563613355024634,0.03473181357888988,0.03473181357888988,-0.06867571220707147,Construction Materials,4
2024-06-05,785.298828125,785.6966735065827,738.6046250148245,759.8383019734547,124709,776.7556274414062,785.9751281738281,784.2910196940104,780.4503936767578,782.4544165039063,783.7058939615886,0.11679258486507114,0.03683279303823562,-0.0324214493129138,0.0005066165481648621,-0.05946042632161286,Construction Materials,4
2024-06-06,782.4146728515625,789.6748959000312,770.778393353305,789.6748959000312,360385,777.1236206054688,785.2143005371094,784.9175903320313,780.2291076660156,782.0824560546876,783.8451334635416,0.08066065860534197,-0.003672685059678218,0.009279252166895402,0.009279252166895402,-0.014872266461783412,Construction Materials,4
2024-06-07,790.818603515625,794.6476071287279,778.8341949210644,782.3151293703143,151374,779.2817993164062,784.1849365234375,786.1077392578125,781.3827880859375,782.3072241210938,783.6114135742188,0.1859428553866115,0.010741018740655531,-0.01075274924933245,0.0048418228859070656,-0.015154434330810207,Construction Materials,4
2024-06-10,817.3234252929688,822.9923880216907,788.6803186721459,791.6639768764542,1009949,786.6514282226562,786.3779235839844,788.7532470703125,783.6777160644531,783.2858642578125,784.3971110026042,0.5179881772200795,0.03351567813341162,-0.03139448549063306,0.006936009116207398,-0.03504500878652261,Construction Materials,4
2024-06-11,808.4221801757812,824.1858777164671,806.930351047793,823.489678649536,272781,796.8555419921875,787.8697570800781,790.0494791666666,786.3232238769531,783.9144213867188,785.0137329101562,0.40647575791448876,-0.010890725558241351,0.018638155710273274,0.019499338250786424,-0.001845358977735967,Construction Materials,4
2024-06-12,818.6163330078125,820.4562919916672,805.5877164427129,809.2675737077407,267398,803.51904296875,790.1373352050781,791.8230997721354,789.0980255126954,785.0641235351562,785.9651875813802,0.5341853794454962,0.01260993708734545,-0.011420196401068616,0.0022476450929023173,-0.01591541243408745,Construction Materials,4
2024-06-13,820.8043823242188,825.3793614509515,812.5496065402946,821.5005813981436,308083,811.1969848632813,794.160302734375,793.8751953125,791.4874389648437,786.4226831054688,786.9348775227865,0.5615966763618425,0.002672863010644778,0.0008481912242639389,0.0055737752200810675,-0.010056934345976098,Construction Materials,4
2024-06-14,821.0032958984375,825.2798605869298,813.6435812604312,825.2798605869298,261073,817.2339233398437,798.257861328125,795.2012654622396,793.8892852783204,788.5530151367187,788.128340657552,0.5640886124451467,0.00024233980532060425,0.005208949476642966,0.005208949476642966,-0.008964293657253153,Construction Materials,4
2024-06-18,832.2914428710938,841.3419092993767,821.5005698365176,823.4896753324897,546876,820.2275268554688,803.4394775390625,797.6611246744792,796.6218170166015,790.9876782226562,789.4428080240885,0.7055035001182668,0.013749210300433013,-0.010575343065214349,0.0108741553284053,-0.012965257695491506,Construction Materials,4
2024-06-19,826.7219848632812,836.3691588121474,822.1967819287768,834.3303377870061,187704,823.8874877929687,810.3715148925781,799.8756673177083,798.5089813232422,793.8360766601562,790.5765991210938,0.6357308190499914,-0.006691716051531127,0.009203036889097627,0.011669187617481258,-0.005473669525375979,Construction Materials,4
2024-06-20,841.1429443359375,843.3309724120797,819.3125004742384,826.7716457092599,261915,828.3928100585938,815.9559265136719,802.88916015625,800.96552734375,796.956982421875,792.2855712890625,0.8163927442450012,0.01744354176699572,-0.017085441569058557,0.0026012559350059306,-0.02595331032460091,Construction Materials,4
2024-06-21,825.8765869140625,845.369795566043,820.5059780493947,842.2867064750504,217303,829.4072509765625,820.3021179199219,805.9092854817708,802.7582092285156,799.0714013671875,793.5867777506511,0.6251398995379182,-0.01814953989054432,0.01986994161234823,0.023603052757335208,-0.006502919382586514,Construction Materials,4
2024-06-24,840.5960083007812,851.6355197004683,823.489688618886,825.9760705289672,259857,833.3257934570313,825.2798583984375,809.9471720377604,804.7323974609375,801.7765869140625,796.0151448567708,0.8095408758060662,0.017822785655806944,-0.017392347367158556,0.013132957200216566,-0.020350227116203823,Construction Materials,4
2024-06-25,845.2703857421875,855.3153439893622,841.3916058313959,841.3916058313959,190494,835.92158203125,828.0745544433594,814.266845703125,807.2262390136718,804.4817700195313,798.4766621907552,0.8681002268155332,0.005560789481804997,-0.004588803744006609,0.011883721962357319,-0.004588803744006609,Construction Materials,4
2024-06-26,862.2274780273438,908.3746870260577,834.4794333318974,845.369797570548,1613543,843.0226806640625,833.4550842285156,821.2552368164063,810.6624206542969,807.4117211914063,802.0338439941406,1.0805341459146416,0.020061145606405126,-0.019551314341505033,0.053520921305236335,-0.03218181443130297,Construction Materials,4
2024-06-27,887.4393920898438,929.9068059569711,862.2275045730455,862.2772200691913,2097309,852.2819702148438,840.3373901367188,828.0646077473958,815.2373626708984,811.2288159179687,806.1778137207032,1.3963822655226927,0.029240443740184835,-0.02835367941172595,0.04785387514421724,-0.028409700697899387,Construction Materials,4
2024-06-28,879.1348876953125,899.0756575615338,871.5762506127886,894.600170328097,367610,862.9336303710937,846.1704406738281,834.5126220703125,820.1653717041015,814.7932934570313,809.7151062011719,1.2923456544670147,-0.009357827101831544,0.017591478678917305,0.0226822642865383,-0.00859781267734594,Construction Materials,4
2024-07-01,892.0143432617188,901.7609476068671,879.1348736222427,879.1348736222427,170344,873.2172973632812,853.2715454101562,841.2590047200521,825.7647033691406,818.4293774414062,813.6833719889323,1.4536960308065683,0.01465014726030298,-0.014438635137167477,0.010926510788502819,-0.014438635137167477,Construction Materials,4
2024-07-02,892.5116577148438,905.0429980217646,880.7758867607674,895.0974705709759,166782,882.6655517578125,859.2935668945313,846.271553548177,831.3665222167969,822.3141015625,817.5124003092448,1.4599262533308894,0.0005575184489820328,0.0028972314633433083,0.01404053403515837,-0.013149151445398632,Construction Materials,4
2024-07-03,874.5101928710938,901.0647625844838,872.0238110758827,901.0647625844838,196302,885.1220947265625,864.0723876953125,850.677421061198,837.2219512939453,825.55435546875,820.3634501139323,1.2344087140042825,-0.020169445057827404,0.03036507742260741,0.03036507742260741,-0.002843170743439871,Construction Materials,4
2024-07-04,867.0013427734375,882.6158327821046,858.448213572604,878.1403454950607,223037,881.0344848632812,866.6582275390625,853.9030883789062,841.3070770263672,828.396787109375,822.8630940755208,1.1403398472818214,-0.008586349431793398,0.01284773410614437,0.018009764504767878,-0.009865185644895358,Construction Materials,4
2024-07-05,865.8576049804688,875.206425166732,863.0728694045657,872.2227668991181,96241,878.3790283203125,870.6563293457032,856.9066365559896,845.4792236328125,831.8081030273438,825.3909159342448,1.1260114059608524,-0.0013191880295249192,0.007351280259059401,0.01079717973543004,-0.003216158823211912,Construction Materials,4
2024-07-08,856.4093627929688,870.2336705258238,849.348062433204,865.4598293880474,153052,871.2580322265625,872.2376647949219,859.267041015625,848.7587615966797,834.863369140625,827.2341532389323,1.0076463535842055,-0.010912004621952966,0.010567921123098012,0.01614217257944306,-0.008245239562463591,Construction Materials,4
2024-07-09,870.6812133789062,875.5047699145631,854.8678004409254,855.3153613170347,140934,866.891943359375,874.7787475585938,861.8263590494792,851.4266510009766,838.4716064453125,829.7437418619792,1.1864402825068887,0.016664753102877537,-0.017648080406191813,0.005539980031196157,-0.018162115703189152,Construction Materials,4
2024-07-10,881.720703125,890.1246857623989,846.2649350243408,871.4768222338571,332388,868.3340454101562,876.7280700683593,865.4929402669271,855.0915771484375,843.4443701171875,832.6843037923177,1.3247400589178482,0.012679140857136588,-0.011618056437641133,0.009531343210626098,-0.04021201722381773,Construction Materials,4
2024-07-11,885.2513427734375,898.5783733667557,881.720692793938,885.1519117835226,260724,871.9840454101562,876.5092651367188,868.4335001627604,858.4233276367188,847.442470703125,835.6613301595052,1.3689709686063463,0.004004260800414672,-0.00011231950194323659,0.015054516101117077,-0.003988302314728132,Construction Materials,4
2024-07-12,876.9468994140625,895.0974873520342,870.780660138434,895.0974873520342,84457,874.201904296875,876.2904663085938,871.8381876627604,861.2304534912109,851.223759765625,838.8737365722657,1.2649351221827896,-0.009380887617021506,0.020697476609015997,0.020697476609015997,-0.007031485349624389,Construction Materials,4
2024-07-15,883.7098388671875,890.0252852869954,864.2663446353184,877.1955304584014,97191,879.6619995117187,875.4600158691406,874.7124430338541,864.3657806396484,854.9394091796875,842.3298075358073,1.3496594197508902,0.007711914435918184,-0.0073715467705289806,0.00714651590606219,-0.02200212487935338,Construction Materials,4
2024-07-16,866.3051147460938,901.0647436533911,862.2771884630134,884.6049086554463,392493,878.7867797851562,872.8393615722656,876.1147583007812,866.0664642333984,856.8986767578125,845.1908020019531,1.131617688674196,-0.01969506658815134,0.021123959212356658,0.040124002866455566,-0.004649546925808989,Construction Materials,4
2024-07-18,858.3486938476562,869.1893425366665,852.8289385144253,869.1893425366665,90859,874.1123779296875,871.2232116699219,875.8561726888021,867.6477996826172,858.8957373046875,848.5557047526041,1.03194177460627,-0.009184317122229453,0.012629655950678442,0.012629655950678442,-0.006430667830911396,Construction Materials,4
2024-07-19,839.3031005859375,861.2329768593388,835.4243205309704,858.3487495669086,103696,864.9227294921875,868.4533874511719,872.6470865885417,867.5558074951172,859.7232080078124,850.3558471679687,0.7933436735806494,-0.022188643610960106,0.022692218064814584,0.02612867301227828,-0.004621429436230229,Construction Materials,4
2024-07-22,839.1538696289062,843.5299259412288,832.440638671875,840.2976295545101,106291,857.3641235351563,865.7830139160156,869.9816853841146,868.2196716308594,860.4571875,852.2471537272136,0.7914741480440802,-0.00017780341443641553,0.001362991898148147,0.00521484374999992,-0.008000000000000007,Construction Materials,4
2024-07-23,833.4849243164062,852.281995669893,812.6490319553901,839.2533181557638,164677,847.319140625,863.4905700683594,866.0797241210937,867.8641174316406,860.9564526367187,853.669364420573,0.7204551166180921,-0.006755549271323675,0.0069208136476957005,0.022552383138667365,-0.02499852337233932,Construction Materials,4
2024-07-24,844.076904296875,854.5694233360837,834.4297307872845,840.3970470980398,76024,842.8734985351563,860.8301391601562,862.8507405598958,867.804443359375,861.42787109375,854.5611470540365,0.853148610315708,0.012708064263016999,-0.00435962313398508,0.012430761919672628,-0.011429258946051513,Construction Materials,4
2024-07-25,836.6177978515625,845.3201345431596,832.6893022902477,838.407980687583,61712,838.5273193359375,856.3198486328125,860.3245808919271,866.523959350586,861.8237036132813,855.5010009765625,0.7597029187721032,-0.008836998628135685,0.002139785742805822,0.01040180679151792,-0.004695687291620065,Construction Materials,4
2024-07-26,852.8289794921875,855.2656458598444,836.6177818767792,840.7949155495222,69472,841.2324951171875,853.0776123046875,859.3797566731771,864.7934387207031,862.2911450195312,856.6414225260417,0.9627922687168509,0.019377046104272908,-0.014110758700801806,0.0028571570927478085,-0.01900873212008014,Construction Materials,4
2024-07-29,875.75341796875,882.1185798941357,854.3208181975779,861.7799638745066,260723,848.5524047851562,852.9582641601562,860.0394775390625,864.624365234375,864.2862182617188,858.473057047526,1.2499835056829642,0.02688046375981822,-0.01595592298874937,0.007268212483999559,-0.02447332700211846,Construction Materials,4
2024-07-30,895.445556640625,898.2800684391738,875.2064321775915,876.2009849414296,257160,860.94453125,854.1318359375,862.6418904622395,864.7959259033203,866.4802001953125,860.9544657389323,1.496681354769475,0.022485939840862473,-0.02149161560574797,0.0031654764240305333,-0.022602294816184143,Construction Materials,4
2024-07-31,882.1682739257812,898.031402153258,876.7479493919017,895.4455286265679,207643,868.5628051757812,855.7181518554687,863.4076944986979,864.2787567138672,867.9561157226562,862.6170267740886,1.330347106263313,-0.0148275711642985,0.015050705282905863,0.01798197543070046,-0.006144320413789428,Construction Materials,4
2024-08-01,856.707763671875,880.1791843056185,846.9610981535764,880.1791843056185,630446,872.5807983398438,855.5540588378906,861.740165201823,863.3886352539063,867.7353271484375,863.616552734375,1.0113846400252224,-0.028861285319866647,0.02739723115516579,0.02739723115516579,-0.01137688478101817,Construction Materials,4
2024-08-02,843.6293334960938,856.707725870857,829.4072419301822,856.3098805070872,281117,870.740869140625,855.9866821289063,858.9653645833333,862.2200347900391,865.9829248046875,863.6994323730469,0.8475415629702432,-0.015265917656362432,0.015030946065428763,0.015502533939360408,-0.01685822315705121,Construction Materials,4
2024-08-05,805.2396240234375,835.424274419301,801.5100513697798,835.1259207475443,159679,856.6381103515625,852.5952575683593,854.1848795572917,859.1891357421875,863.0271142578125,863.011533610026,0.36660554521374256,-0.045505422759027386,0.03711478649644406,0.03748530188447963,-0.004631630811984366,Construction Materials,4
2024-08-06,815.6326904296875,825.2798642976895,804.6926101201907,804.6926101201907,68517,840.675537109375,850.8100341796875,849.6464029947916,857.1503021240235,859.9718481445312,862.1794230143229,0.4968071028280543,0.012906799536664997,-0.013412998814127275,0.01182784111181201,-0.013412998814127275,Construction Materials,4
2024-08-07,826.2246704101562,832.1422712223028,817.5223341283761,827.4678613075534,91252,829.48681640625,849.0248107910156,846.9743733723958,854.9274749755859,857.3203686523437,861.5445658365885,0.6295005965256701,0.012986213162800938,0.0015046644598255554,0.007162217522757919,-0.010532651218778222,Construction Materials,4
2024-08-08,821.5999755859375,830.1531653774239,819.5114391604116,826.2743854983837,60525,822.4652587890625,847.5230285644532,844.5244588216145,851.9214385986328,855.2039599609375,860.1903157552083,0.5715636560629381,-0.00559738166850301,0.005689398796674183,0.010410406579414166,-0.0025420356470148286,Construction Materials,4
2024-08-09,821.4000244140625,838.0,820.0,826.0,65135,818.0193969726563,844.3801330566406,843.3309204101563,848.728872680664,853.3799072265625,857.989003499349,0.5690587212335719,-0.00024336803531718892,0.005600164900431803,0.020209368264602734,-0.001704436781653662,Construction Materials,4
2024-08-12,811.3499755859375,822.4000244140625,808.0,822.0,86783,819.2414672851562,837.9397888183594,841.4773274739583,845.4490264892578,851.1996020507812,855.7295064290364,0.44315439614094465,-0.012235267262493816,0.013126301515411054,0.013619337105599705,-0.004128890967819654,Construction Materials,4
2024-08-13,817.5999755859375,821.25,804.0999755859375,811.5999755859375,64113,819.6349243164062,830.1552307128907,840.4183308919271,842.1435333251953,849.6472265625,853.2490275065104,0.5214527253616724,0.007703210930013771,-0.00733855207823364,0.00446431570823691,-0.0165117421760258,Construction Materials,4
2024-08-14,799.9000244140625,820.0,796.4500122070312,820.0,98972,814.3699951171875,821.9284057617188,837.4732055664062,838.8232788085937,846.8159790039062,850.1619730631511,0.2997124687142685,-0.0216486689094997,0.025128109729289028,0.025128109729289028,-0.004313054258947457,Construction Materials,4
2024-08-16,790.2000122070312,804.9500122070312,788.0,801.4500122070312,190618,808.0900024414062,815.2776306152343,834.3786865234375,835.4158447265625,843.1551513671875,847.3516337076823,0.17819330883727483,-0.012126530705054846,0.01423690183018178,0.018666160177349456,-0.0027841206948182595,Construction Materials,4
2024-08-19,784.5,799.7999877929688,782.5,794.2999877929688,102090,800.7099975585937,809.364697265625,829.8234212239583,832.6756896972656,839.12509765625,844.6015889485677,0.10678507966154689,-0.007213379041985961,0.012492017581859471,0.019502852508564317,-0.002549394518801762,Construction Materials,4
2024-08-20,778.9000244140625,794.7999877929688,776.9500122070312,785.4500122070312,108358,794.2200073242187,806.7307373046875,823.3665283203125,829.6629974365235,835.20322265625,841.7030029296875,0.03663008253262336,-0.007138273532106438,0.008409279224116162,0.02041335586151405,-0.002503546213775243,Construction Materials,4
2024-08-21,792.1500244140625,794.7000122070312,778.9500122070312,778.9500122070312,88051,789.1300170898437,804.382470703125,816.4801595052083,827.5962524414062,831.540830078125,839.561024983724,0.20262254048056613,0.01701116906494833,-0.016663525595161155,0.0032190717848616934,-0.016663525595161155,Construction Materials,4
2024-08-22,779.7000122070312,794.0,778.0999755859375,794.0,222957,785.0900146484375,799.7300048828125,809.6489420572917,824.377407836914,828.0766259765625,836.5283182779948,0.046652115746452255,-0.015716735243731482,0.018340371385260124,0.018340371385260124,-0.002052118245534751,Construction Materials,4
2024-08-23,769.6500244140625,787.9000244140625,769.0,784.9000244140625,167665,780.9800170898437,794.535009765625,803.8450927734375,821.029019165039,824.5286791992188,832.7926289876302,-0.07925144471405367,-0.012889557054797388,0.01981420063178696,0.02371207616590909,-0.0008445714200521204,Construction Materials,4
2024-08-26,787.4500122070312,790.9500122070312,768.0999755859375,775.0,435714,781.57001953125,791.1400085449219,800.0998046875,817.7600708007812,822.4545556640625,829.5325846354167,0.14374204398015464,0.02312737897529458,-0.01581054290943107,0.004444726580409064,-0.02457303488618956,Construction Materials,4
2024-08-27,800.8499755859375,802.9500122070312,785.5499877929688,790.0,175595,785.960009765625,790.0900085449218,799.8071614583333,814.0148986816406,820.9223999023437,826.9960205078125,0.3116132030501221,0.01701690668763774,-0.013548075066118548,0.0026222597054552654,-0.019104686594732745,Construction Materials,4
2024-08-28,792.2999877929688,802.9500122070312,788.0,802.9500122070312,104888,785.9900024414062,787.560009765625,798.2516479492188,808.8576202392578,819.2750024414063,823.9490254720052,0.20450124160259084,-0.010676141666500268,0.013441909097751337,0.013441909097751337,-0.0054272218341777645,Construction Materials,4
2024-08-29,782.6500244140625,796.9000244140625,780.0,792.2999877929688,56803,786.5800048828125,785.835009765625,795.3466715494792,803.8817077636719,816.8179272460937,821.1605224609375,0.08360908006506,-0.012179683866696997,0.012329857634810315,0.018207371820716967,-0.0033859634976008968,Construction Materials,4
2024-08-30,787.8499755859375,791.9500122070312,782.0999755859375,789.0,75486,790.2199951171875,785.6000061035156,793.0966715494792,800.438818359375,814.8672143554687,818.8105651855469,0.14875267827100844,0.006644031188484262,0.0014596997521096888,0.005204082944908928,-0.0072983438194862416,Construction Materials,4
2024-09-02,780.7000122070312,797.9500122070312,774.4500122070312,790.0,81099,788.8699951171875,785.2200073242187,790.3833374023437,797.2923522949219,811.9820556640625,816.85712890625,0.05917984842176869,-0.009075285397564048,0.011912370497699554,0.022095554925424477,-0.0080056358425451,Construction Materials,4
2024-09-03,787.7000122070312,789.9500122070312,778.0999755859375,787.9500122070312,70728,786.2400024414062,786.1000061035156,788.8066731770833,796.4153717041015,808.4599194335938,815.1420003255208,0.14687397714898373,0.008966312143650504,0.0003173797081703622,0.0028564173735325937,-0.012187427284907293,Construction Materials,4
2024-09-04,788.5,795.9000244140625,780.0,786.0499877929688,129844,785.4800048828125,785.7350036621094,786.8666748046875,795.0587371826172,804.1820971679688,813.6425028483073,0.15689601036281262,0.0010155995690888592,-0.003107180985454927,0.009384939015932181,-0.010779961953075512,Construction Materials,4
2024-09-05,793.8499755859375,799.9000244140625,792.0499877929688,793.0,92983,787.7199951171875,787.15,786.4633382161459,793.4400024414062,800.649365234375,811.968271891276,0.22391907432290703,0.00678500391368104,-0.001070700525385937,0.007621148849515924,-0.002267415567582809,Construction Materials,4
2024-09-06,786.7999877929688,808.5,781.0,797.8499755859375,129029,787.5099975585938,788.8649963378906,786.236669921875,791.7000030517578,797.8530541992187,810.3076782226562,0.13559871188835043,-0.008880755822616462,0.014044214494670637,0.027580087117059282,-0.0073716165263780775,Construction Materials,4
2024-09-09,792.0999755859375,794.7999877929688,768.4500122070312,794.7999877929688,172091,789.789990234375,789.3299926757812,786.7433349609375,790.2350006103516,795.7918798828125,808.283378092448,0.20199554214110327,0.006736131005588348,0.003408676038695768,0.003408676038695768,-0.029857295932135042,Construction Materials,4
2024-09-10,799.9500122070312,802.0,790.25,794.9500122070312,113979,792.239990234375,789.2399963378906,788.1466674804688,789.6650024414063,795.5802954101563,805.7565979003906,0.3003387024216101,0.009910411391298009,-0.0062503905540362,0.0025626448674123115,-0.012125772934572843,Construction Materials,4
2024-09-11,786.4000244140625,805.0,783.4000244140625,805.0,58558,791.8199951171875,788.65,787.7633341471354,788.1050048828125,794.4109887695313,802.1217468261718,0.13058807759749663,-0.016938543141695638,0.023652053673060447,0.023652053673060447,-0.003814852373936861,Construction Materials,4
2024-09-12,798.4500122070312,805.0,781.0,790.4000244140625,120856,792.7400024414062,790.2299987792969,789.0133341471354,788.032504272461,793.3000024414063,799.3311381022136,0.2815471034086354,0.015322974845972386,-0.010082018498211776,0.008203378662195338,-0.021854858714068892,Construction Materials,4
2024-09-13,800.3499755859375,802.9500122070312,789.5999755859375,800.1500244140625,120384,795.45,791.4799987792969,791.0599975585938,788.5400024414063,792.4500024414062,797.4525451660156,0.3053493367124639,0.0023795645937238785,-0.0002498296719865012,0.0032486246022438436,-0.013431624074368154,Construction Materials,4
2024-09-16,787.2000122070312,804.4000244140625,784.5999755859375,803.0999755859375,98452,794.4700073242187,792.1299987792969,791.0433308919271,788.6750030517578,791.082001953125,795.5715677897135,0.14061011081132552,-0.01643026648345824,0.020198123897798625,0.021849608664014752,-0.003302891997935986,Construction Materials,4
2024-09-17,782.2999877929688,792.4000244140625,777.7000122070312,791.1500244140625,133869,790.9400024414062,791.5899963378906,789.8066650390625,788.8450012207031,789.9200024414063,794.8069132486979,0.07922391484942647,-0.006224624413209242,0.011312842591320482,0.012910695102511749,-0.005880066033127518,Construction Materials,4
2024-09-18,776.4500122070312,788.7000122070312,772.7999877929688,782.2999877929688,72745,788.95,790.3849975585938,788.75,788.0600006103516,788.27400390625,793.5008239746094,0.005936984551673835,-0.007477918544318913,0.00753425912031247,0.015776933231258283,-0.004700913589642974,Construction Materials,4
2024-09-19,773.4500122070312,785.0,762.9000244140625,781.0,128658,783.95,788.3450012207031,788.1366658528646,787.7475006103516,787.2160034179688,791.7416687011719,-0.03164621347427547,-0.003863738750512229,0.009761442464038428,0.014933075972176857,-0.013640167595142305,Construction Materials,4
2024-09-20,769.7999877929688,784.9500122070312,769.0499877929688,778.5499877929688,136372,777.8400024414062,786.6450012207031,786.9333333333333,787.7549987792969,786.4000024414063,790.0150024414063,-0.07737274359202898,-0.004719147141322288,0.011366588904588637,0.019680468503900483,-0.0009742790489647435,Construction Materials,4
2024-09-23,770.5499877929688,783.7000122070312,768.0,776.0,130349,774.5099975585938,784.4900024414062,786.2566650390625,786.9099975585938,785.842001953125,788.3200012207031,-0.06797694408554165,0.0009742790489647373,0.007072885981922239,0.01706576422345707,-0.0033093087189223214,Construction Materials,4
2024-09-24,770.2999877929688,775.0,769.0,775.0,101880,772.1099975585937,781.525,785.0966634114583,785.3824981689453,785.4980004882813,786.9516682942708,-0.07110887725437076,-0.00032444358440139246,0.006101534832549493,0.006101534832549493,-0.0016876383403476858,Construction Materials,4
2024-09-25,769.5499877929688,777.9500122070312,763.25,771.0,186854,770.7299926757812,779.8399963378906,783.833329264323,784.2449981689454,784.5939990234375,785.3500020345052,-0.0805046767608581,-0.0009736466466121447,0.001884233941955804,0.01091550197817992,-0.008186586827240161,Construction Materials,4
2024-09-26,769.75,774.9000244140625,765.0,774.9000244140625,64836,769.989990234375,776.9699951171875,782.2266642252604,783.5999969482422,784.1959985351563,784.3450012207031,-0.07799897729937054,0.00025990801144039403,0.0066905156402241595,0.0066905156402241595,-0.006170834686586524,Construction Materials,4
2024-09-27,769.6500244140625,780.2000122070312,767.2999877929688,774.0,105875,769.9599975585937,773.9,781.0833333333334,782.6899993896484,784.1959985351563,783.6600016276042,-0.07925144471405367,-0.00012988059231893473,0.005651887803484579,0.013707513101166358,-0.0030533834165507034,Construction Materials,4
2024-09-30,771.5999755859375,782.0,764.0499877929688,765.0,790554,770.1699951171875,772.3399963378906,779.7166666666667,782.2349975585937,783.5619970703125,783.2300008138021,-0.054822977702883656,0.002533555655194717,-0.008553623373206531,0.013478518329611111,-0.009784847112307649,Construction Materials,4
2024-10-01,785.3499755859375,787.75,771.7999877929688,773.0499877929688,101349,773.1799926757812,772.6449951171875,778.743330891927,782.1174957275391,782.9419970703125,783.444999186198,0.11743334658271734,0.017820114612573084,-0.015661791781163448,0.0030559934916556397,-0.01725343886699593,Construction Materials,4
2024-10-03,792.2000122070312,794.0,775.5499877929688,783.0,717757,777.7099975585937,774.2199951171875,779.1299967447917,782.3024963378906,782.937998046875,783.4466654459635,0.2032487741879077,0.00872227266064794,-0.011613244212658413,0.0022721380525532187,-0.021017450337669552,Construction Materials,4
2024-10-04,779.9500122070312,800.0,775.0,797.9500122070312,182796,779.75,774.8699951171875,777.8966634114583,781.6074981689453,782.8299975585937,783.4549987792968,0.04978404891528136,-0.015463266613531207,0.023078402100495277,0.025706760022008446,-0.00634657622867929,Construction Materials,4
2024-10-07,802.0,818.2999877929688,790.0999755859375,799.9500122070312,909455,786.2199951171875,778.0899963378906,778.0066650390625,782.3674987792969,783.3959985351562,784.5333312988281,0.3260204014795845,0.028271026922063517,-0.002556094504948536,0.020324174305447418,-0.014837935678382208,Construction Materials,4
2024-10-08,804.4500122070312,812.0,785.2999877929688,802.0,288822,792.7900024414063,781.4799987792969,779.1566650390625,782.9850006103516,784.3459985351562,785.0999979654948,0.35671349946053404,0.0030548780636299876,-0.003045574205797541,0.009385278983656375,-0.023805114206566835,Construction Materials,4
2024-10-09,808.7999877929688,818.0,803.0,809.4000244140625,187565,797.4800048828125,785.3299987792968,780.9233317057292,783.4274993896485,785.1899975585937,785.3649983723958,0.411208830745312,0.0054073907886497755,0.000741885052114144,0.011374891624486683,-0.0071711027207055356,Construction Materials,4
2024-10-10,813.5999755859375,822.0,810.0,816.0,137664,801.7599975585938,789.7349975585937,783.3999959309896,784.7874969482422,786.1939965820312,786.0749979654948,0.47134179466040665,0.005934703097692701,0.0029498826033445003,0.010324514093074999,-0.0044247488863858875,Construction Materials,4
2024-10-11,826.2000122070312,834.9000244140625,809.5999755859375,822.0,226238,811.0099975585938,795.3799987792969,786.9166625976562,786.1749969482422,787.487998046875,787.5266642252604,0.6291916851486665,0.015486771139612523,-0.005083529587238456,0.010530152600447096,-0.02009203144012306,Construction Materials,4
2024-10-14,816.5,833.8499755859375,815.0,830.0,107325,813.9099975585938,800.0649963378906,790.0299967447917,786.9824981689453,788.6759985351563,788.4816650390625,0.5076725252716728,-0.011740513270048944,0.016533986527862865,0.021249204636788033,-0.001837109614207022,Construction Materials,4
2024-10-15,809.9000244140625,822.0,803.2999877929688,822.0,89231,815.0,803.8950012207031,792.6533325195312,788.1174987792969,789.3880004882812,789.4549987792968,0.4249897954674329,-0.00808325240163809,0.014940085468810205,0.014940085468810205,-0.008149199187725276,Construction Materials,4
2024-10-16,828.0499877929688,835.0,802.6500244140625,813.8499755859375,142576,818.85,808.1650024414063,796.5033325195312,790.4049987792969,790.5119995117187,790.7999979654948,0.6523676847451534,0.022410128203215186,-0.01714873789791249,0.008393227835864492,-0.030674432405470742,Construction Materials,4
2024-10-17,806.6500244140625,838.0,801.6500244140625,828.0499877929688,95437,817.460009765625,809.6100036621094,798.9766682942708,791.9149993896484,791.3219995117188,791.4049987792969,0.38427466427265444,-0.0258438061643408,0.02652942754753007,0.03886440790565859,-0.006198474987503921,Construction Materials,4
2024-10-18,823.3499755859375,826.0,790.4000244140625,806.7000122070312,93341,816.8900024414063,813.95,802.55,794.4099975585938,792.317998046875,792.3883321126302,0.5934871882447419,0.020702845926280824,-0.02022221882870323,0.003218588076324025,-0.040019374687448206,Construction Materials,4
2024-10-21,811.9000244140625,835.8499755859375,808.0499877929688,825.7000122070312,77550,815.9700073242187,814.9400024414062,805.3666666666667,796.5149993896484,792.78,793.225,0.45004526081806573,-0.01390654218909357,0.016997151592559767,0.029498645709684856,-0.004742008258802888,Construction Materials,4
2024-10-22,782.2000122070312,820.5499877929688,776.0,815.9500122070312,80887,810.4300048828125,812.7150024414062,806.0733357747396,797.0975006103515,792.58,792.8950012207031,0.07797144743474334,-0.03658087364693129,0.043147531926996496,0.049028349510926716,-0.00792637702668586,Construction Materials,4
2024-10-23,770.5999755859375,792.0,759.0999755859375,780.0999755859375,184687,798.9400024414062,808.8950012207031,805.0900024414062,797.1125,792.1119995117188,791.9166666666666,-0.06735071037820009,-0.014830013347051028,0.012328056450788827,0.027770600949981405,-0.014923436756218211,Construction Materials,4
2024-10-24,780.2000122070312,789.9000244140625,766.5999755859375,774.4000244140625,89053,793.65,805.5550048828125,804.2900024414063,797.6450012207031,792.2619995117187,791.7099995930989,0.05291598208411047,0.012457872988893122,-0.007433975521945579,0.012432725013156398,-0.017431474504367106,Construction Materials,4
2024-10-25,774.9500122070312,787.4000244140625,769.7999877929688,777.0,136707,783.9700073242187,800.4300048828125,803.9566691080729,797.9050018310547,792.3219995117188,790.9266662597656,-0.012854614461300817,-0.006729043729631316,0.0026453161632069566,0.016065568115256834,-0.006645621437433635,Construction Materials,4
2024-10-28,778.5999755859375,784.5999755859375,766.8499755859375,775.0,155251,777.3099975585938,796.6400024414063,802.3966674804688,798.3524993896484,792.6739990234375,790.2016662597656,0.03287115102433139,0.00470993395885146,-0.004623652323169303,0.0077061394658850535,-0.01509118978735835,Construction Materials,4
2024-10-29,793.25,798.1500244140625,773.0999755859375,779.0999755859375,66213,779.5199951171875,794.975,801.65,799.4350006103516,793.5819995117188,790.4033325195312,0.2164027405705657,0.01881585521889798,-0.01783803897139935,0.00617715022258114,-0.02540185870036238,Construction Materials,4
2024-10-30,803.8499755859375,807.9500122070312,791.0499877929688,798.5499877929688,49960,786.1699951171875,792.5549987792969,801.319999186198,800.3600006103516,794.9239990234375,791.1216654459636,0.3491964010760714,0.01336271741057359,-0.006593254903199508,0.0051004997768460125,-0.01592335408561607,Construction Materials,4
2024-10-31,810.2000122070312,834.8499755859375,803.0,803.0,240002,792.1699951171875,792.9099975585938,801.0933349609375,801.2600006103515,796.55,792.2466654459636,0.4287479623436035,0.007899529531571012,-0.008886709576093499,0.030424540863382976,-0.008886709576093499,Construction Materials,4
2024-11-01,832.0,834.5999755859375,810.4500122070312,810.4500122070312,55397,803.5799926757812,793.775,801.4800008138021,803.8625,799.04,794.1983317057292,0.7018523817390776,0.026906921086787366,-0.02590142763577974,0.003124970656174897,-0.02590142763577974,Construction Materials,4
2024-11-04,803.75,844.0499877929688,800.0,835.0,158890,808.6099975585937,792.9599975585937,800.6300008138021,803.95,800.4039990234374,795.3299987792968,0.34794393366138826,-0.03395432692307692,0.038880248833592645,0.05013995370820368,-0.004665629860031051,Construction Materials,4
2024-11-05,799.8499755859375,807.7000122070312,785.4000244140625,807.7000122070312,119747,809.9299926757812,794.7249938964844,799.9599975585937,803.7199981689453,801.5339990234374,796.3066650390625,0.29908547037480565,-0.0048522854296267496,0.009814386273304665,0.009814386273304665,-0.01806582685870506,Construction Materials,4
2024-11-06,799.8499755859375,803.8499755859375,788.25,802.9500122070312,105751,809.1299926757813,797.6499938964844,798.0799967447916,803.2724975585937,802.1139990234375,797.2916646321614,0.29908547037480565,0.0,0.003875772602009331,0.005000937828459451,-0.014502689179229922,Construction Materials,4
2024-11-07,775.6500244140625,787.7999877929688,768.75,779.9500122070312,655487,802.2199951171875,797.1949951171875,796.013330078125,801.375,801.4519995117188,797.4949991861979,-0.004085048662155054,-0.0302556128155747,0.0055437215981744,0.015664233863828647,-0.008895796038006831,Construction Materials,4
2024-11-08,766.4000244140625,775.0,762.5499877929688,771.0999755859375,84791,789.1,796.3399963378906,792.2166666666667,798.3850006103515,800.91,797.3833333333333,-0.11996657590883208,-0.011925481478567073,0.006132503943313772,0.011221262150288291,-0.005023534053299694,Construction Materials,4
2024-11-11,739.7000122070312,766.0,738.0,765.4500122070312,118844,776.2900024414063,792.45,787.4033325195312,794.5450012207032,798.4180004882812,796.384999593099,-0.4544571912662052,-0.03483821941086741,0.0348114094566121,0.035554937621939287,-0.0022982454765128058,Construction Materials,4
2024-11-12,699.25,745.25,695.7999877929688,740.0,278994,756.1700073242188,783.05,781.8733317057291,789.0125,794.21,793.9733337402344,-0.9612041309091792,-0.05468434708597771,0.05827672506256709,0.06578476939578115,-0.004933875162003942,Construction Materials,4
2024-11-13,709.4000244140625,719.0,690.0,699.25,151313,738.0800170898438,773.6050048828125,777.7933349609375,783.0800018310547,790.2340014648438,791.4416687011719,-0.834047338401869,0.014515587292188058,-0.014307899724765316,0.013532527848256981,-0.02734708732225688,Construction Materials,4
2024-11-14,697.2999877929688,718.0,696.0,709.4000244140625,330301,722.410009765625,762.3150024414062,772.2666666666667,777.6125,785.582001953125,788.2783345540364,-0.9856333625524706,-0.017056718642049554,0.017352698742175043,0.029685949475704243,-0.0018643163856683076,Construction Materials,4
2024-11-18,719.5999755859375,732.1500244140625,685.4500122070312,697.4000244140625,205903,713.05,751.075,768.5766642252604,772.425,781.3180004882812,786.2666666666667,-0.7062650768193384,0.03198047925334212,-0.030850405676846493,0.017440313026561904,-0.04745687123057429,Construction Materials,4
2024-11-19,749.5,750.9500122070312,711.2000122070312,711.2000122070312,176749,715.0099975585938,745.65,766.6366658528646,769.3049987792969,778.6380004882812,784.5166666666667,-0.33168556397452836,0.04155089692674916,-0.05110071753564882,0.0019346393689543273,-0.05110071753564882,Construction Materials,4
2024-11-21,754.0,761.75,731.0,746.0,144122,725.9599975585937,741.0650024414062,764.0199991861979,767.8949981689453,776.4019995117187,782.8349995930989,-0.2753107669356044,0.00600400266844563,-0.010610079575596787,0.010278514588859311,-0.0305039787798409,Construction Materials,4
2024-11-22,747.9000244140625,765.0,745.0,756.9500122070312,110008,733.6599975585938,735.8700073242187,760.2900024414063,766.7600006103515,773.1960009765625,780.805000813802,-0.35172963040218613,-0.008090153296999338,0.012100531484885213,0.022863985864065572,-0.003877556250027503,Construction Materials,4
2024-11-25,763.4000244140625,767.0,746.0,755.0499877929688,159868,746.8800048828125,734.6450073242188,757.1700032552084,765.9200012207032,771.4660009765626,779.131669108073,-0.1575497739347814,0.020724695138422247,-0.0109379569741338,0.004715713218244488,-0.02279280044222909,Construction Materials,4
2024-11-26,775.75,777.7000122070312,761.2000122070312,769.2999877929688,79421,758.110009765625,735.5800048828125,753.4200032552084,765.9600006103516,769.562001953125,777.4500020345052,-0.0028325812474719286,0.016177593910108347,-0.008314550057404113,0.002513712158596526,-0.018756026803698034,Construction Materials,4
2024-11-27,782.9000244140625,788.0,770.4500122070312,775.75,65846,764.7900146484375,739.9000061035156,752.0300048828125,766.1750030517578,768.402001953125,776.3300028483073,0.08674101323388911,0.009216918355220755,-0.00913274261220487,0.006514210533783649,-0.01590242919758378,Construction Materials,4
2024-11-28,780.0999755859375,788.9000244140625,776.2000122070312,786.9000244140625,61843,770.010009765625,747.9850036621094,750.7133382161459,765.5175018310547,768.3180004882812,775.3366678873698,0.05166275003730605,-0.0035765088016450255,0.008716894040430523,0.011280667995810623,-0.0049993122688882785,Construction Materials,4
2024-11-29,779.75,785.0,772.5999755859375,778.0499877929688,36900,776.3800048828125,755.0200012207031,749.37333984375,764.3125030517579,768.6840014648437,773.7266682942708,0.04727834945379381,-0.0004486291461227535,-0.0021802016120952006,0.006732927220262974,-0.0091696369529497,Construction Materials,4
2024-12-02,812.75,822.0,774.0,779.0499877929688,272903,786.25,766.5650024414062,751.8466715494792,764.4400024414062,769.9860009765625,773.930000813802,0.4606935277392362,0.04232125681308112,-0.0414641798917641,0.011381113503537321,-0.04767763764995381,Construction Materials,4
2024-12-03,829.7000122070312,836.5,810.7999877929688,814.9500122070312,181125,797.0400024414063,777.5750061035156,756.0666707356771,764.3250030517578,772.1760009765625,774.1416687011719,0.673038749512274,0.020855136520493693,-0.01777750968179992,0.008195718564449006,-0.02277934691574579,Construction Materials,4
2024-12-04,828.7000122070312,835.0,819.0,833.5999755859375,74923,806.2,785.4950073242187,762.0000040690104,765.5725036621094,774.1800024414063,774.7016682942708,0.6605110168369576,-0.0012052548936813496,0.005912831310158184,0.007602253771169076,-0.01170509480408688,Construction Materials,4
2024-12-05,817.3499755859375,832.5999755859375,815.0,829.0,48500,813.65,791.8300048828125,769.8733357747395,766.4475036621094,775.1440014648438,775.8733337402343,0.5183207921928433,-0.013696194586586068,0.0142534101205678,0.0186578582682011,-0.0028751155026986996,Construction Materials,4
2024-12-06,807.0,827.6500244140625,806.0,819.4500122070312,46280,819.1,797.7400024414062,776.3800008138021,766.8050048828125,775.2700024414063,777.0866678873698,0.3886590648561667,-0.012662844430279532,0.01542752442011297,0.025588630005034085,-0.0012391573729864103,Construction Materials,4
2024-12-09,819.0999755859375,833.9500122070312,807.0,807.0,117978,820.3699951171875,803.3099975585938,784.5,768.9775024414063,775.6260009765625,778.3833333333333,0.5402443243746471,0.014993773960269517,-0.014772281707470247,0.018129699748154593,-0.014772281707470247,Construction Materials,4
2024-12-10,855.5,858.4000244140625,819.0999755859375,819.0999755859375,536345,825.5299926757813,811.2849975585938,793.5600016276042,773.4325012207031,776.5660009765625,781.0683329264323,0.9962540996090138,0.04443904956537692,-0.0425482459544857,0.003389859046244892,-0.0425482459544857,Construction Materials,4
2024-12-11,870.75,887.0,865.0,873.0,952210,833.939990234375,820.0699951171875,801.6433349609375,779.9850006103516,779.2460009765625,784.1400004069011,1.1873020229075895,0.01782583284628872,0.0025839793281654533,0.018662072925638817,-0.006603502727533739,Construction Materials,4
2024-12-12,868.5,876.4000244140625,860.0499877929688,876.0,72012,844.1699951171875,828.9099975585938,809.2766682942708,788.4475006103515,781.992001953125,786.6483337402344,1.1591146243881274,-0.002583979328165375,0.008635578583765069,0.009096170885506627,-0.0097294325930124,Construction Materials,4
2024-12-13,864.0,869.3499755859375,836.6500244140625,868.5,130881,855.5699951171875,837.3349975585937,817.0166666666667,796.1774993896485,784.5580029296875,788.6533345540364,1.1027398273492035,-0.0051813471502590676,0.005208333333333259,0.006192101372612946,-0.031655064335575855,Construction Materials,4
2024-12-16,862.7000122070312,872.6500244140625,850.0,872.6500244140625,58058,864.2900024414063,842.3299987792968,823.6366658528646,804.4475006103515,788.0400024414063,790.4033345540364,1.0864539277977163,-0.0015046155011212384,0.011533571422557731,0.011533571422557731,-0.014721238005481196,Construction Materials,4
2024-12-17,867.3499755859375,873.3499755859375,855.0999755859375,855.0999755859375,93105,866.6599975585938,846.0949951171875,829.743330891927,811.8350006103516,792.0780004882813,791.5816670735677,1.1447074259586651,0.005390011954457176,-0.014123479961735796,0.0069176228384011385,-0.014123479961735796,Construction Materials,4
2024-12-18,878.2000122070312,888.0,866.7000122070312,872.0,344637,868.15,851.0449951171875,836.0966634114583,818.2700012207031,797.6180004882813,794.0633341471354,1.2806337842651212,0.01250941018792791,-0.0070599090421893385,0.011159175195568638,-0.013094966795888507,Construction Materials,4
2024-12-19,866.6500244140625,874.9500122070312,861.5499877929688,870.0,72215,867.7800048828125,855.975,841.8666666666667,823.9025024414062,804.3140014648437,796.2900024414063,1.1359386247916405,-0.013151887534073385,0.003865430671628367,0.009577092896962958,-0.005884770642615389,Construction Materials,4
2024-12-20,836.4500122070312,872.4500122070312,820.0499877929688,867.0,172658,862.2700073242188,858.9200012207032,845.6466674804688,828.3300018310547,809.3960009765625,797.5100036621094,0.75760094507066,-0.03484683708103432,0.03652338734787097,0.04303903338468662,-0.019606699951847606,Construction Materials,4
2024-12-23,829.3499755859375,840.0,816.0,832.25,60709,855.6,859.9450012207031,846.7533325195312,831.6274993896484,814.6780004882812,799.3000020345052,0.6686535842966406,-0.00848829758799311,0.003496743834849214,0.01284141162063479,-0.016096914425668962,Construction Materials,4
2024-12-24,835.5999755859375,837.9500122070312,821.2000122070312,826.3499755859375,55840,849.25,857.9549987792968,847.1466634114583,834.6199981689454,819.3180004882812,801.6066670735677,0.7469519135173682,0.007536022407891628,-0.01106989022290683,0.002812394315169664,-0.017233082574959036,Construction Materials,4
2024-12-26,839.0499877929688,856.75,830.0999755859375,835.75,74099,841.4199951171875,854.7849975585938,847.8366617838542,837.4274963378906,822.9,804.9183329264323,0.7901727441736341,0.004128784475624285,-0.003933004994909783,0.02109530119127845,-0.010666840280366685,Construction Materials,4
2024-12-27,841.2000122070312,845.7999877929688,834.0,844.9000244140625,25424,836.3299926757812,852.0549987792969,849.4266642252604,840.4824981689453,826.3880004882812,809.65,0.8171076752784131,0.0025624509210922094,0.004398492811862553,0.005468349404642359,-0.00855921552846961,Construction Materials,4
2024-12-30,834.5,841.2000122070312,824.0,839.4500122070312,74555,835.939990234375,849.1049987792969,851.2599975585938,843.2199981689453,829.8519995117188,813.819999186198,0.7331717134273686,-0.007964826568954307,0.005931710254081679,0.008028774364327473,-0.012582384661473989,Construction Materials,4
2024-12-31,836.0999755859375,840.7000122070312,827.4500122070312,830.0,47391,837.289990234375,846.4449951171875,852.3933308919271,844.3874969482422,832.7599975585938,818.4466654459635,0.7532157798550264,0.0019172865020221689,-0.007295749030087784,0.005501778202863905,-0.010345608936113582,Construction Materials,4
2025-01-01,834.7000122070312,847.5,829.0499877929688,831.0999755859375,31782,837.1099975585937,843.1799987792969,851.0066650390625,844.6374969482422,835.117998046875,822.2833333333333,0.7356774128888562,-0.001674397105352333,-0.004312970610333311,0.0153348359958978,-0.006768928155545639,Construction Materials,4
2025-01-02,834.9500122070312,841.7999877929688,831.0,834.7000122070312,60069,836.2900024414063,838.8549987792969,848.6199991861979,844.9499969482422,837.1999975585937,825.1316670735677,0.7388093460576853,0.0002995088011787309,-0.0002994191225162979,0.00820405471679786,-0.004730836755831858,Construction Materials,4
2025-01-03,818.5,840.4500122070312,816.1500244140625,835.0,100740,831.75,834.0399963378907,845.2866658528645,845.0074981689453,838.7359985351562,827.2816670735677,0.5327279906223057,-0.019701792881646623,0.020158827122785494,0.026817363722701604,-0.0028710758533140313,Construction Materials,4
2025-01-06,797.0999755859375,829.9000244140625,794.5999755859375,829.9000244140625,64581,824.2699951171875,830.1049926757812,840.8266642252604,844.5124969482422,839.4299975585938,828.9216654459635,0.26463420551768546,-0.026145417732513745,0.04114922824331302,0.04114922824331302,-0.00313636943491602,Construction Materials,4
2025-01-07,803.6500244140625,809.0499877929688,791.5499877929688,791.5499877929688,49488,817.7800048828125,827.5349975585938,836.8899983723958,843.7399993896485,839.0659985351563,830.2633321126302,0.34669146624670516,0.008217349176695365,-0.01505635071673872,0.0067192972249872085,-0.01505635071673872,Construction Materials,4
2025-01-08,806.5999755859375,809.4000244140625,797.6500244140625,800.0,36500,812.1599975585938,824.6349975585938,832.8399983723958,841.2949981689453,838.1419970703125,831.2916646321614,0.3836476659331916,0.0036706913236589467,-0.008182464400824041,0.003471421910335337,-0.011095898143777538,Construction Materials,4
2025-01-09,803.25,810.0,799.0499877929688,801.0,53948,805.8199951171875,821.0549987792969,827.843330891927,837.9199981689453,837.1239965820313,831.9699971516927,0.3416800673237301,-0.004153205662452421,-0.0028011204481792618,0.008403361344537785,-0.005228773366985684,Construction Materials,4
