Price,Close,High,Low,Open,Volume,MA_5,MA_10,MA_15,MA_20,MA_25,MA_30,Normalised Close,Return Ratio,Percentage Change Open,Percentage Change High,Percentage Change Low,Sector,Sector Encoded
Ticker,KIRLOSBROS.NS,KIRLOSBROS.NS,KIRLOSBROS.NS,KIRLOSBROS.NS,KIRLOSBROS.NS,,,,,,,,,,,,,
Date,,,,,,,,,,,,,,,,,,
2023-01-10,322.84246826171875,328.986198523129,318.9778773994663,322.49566965450947,90543,,,,,,,-1.3239041406703345,,-0.0010742038031010814,0.019030117984446093,-0.011970515784557656,Capital Goods,1
2023-01-11,313.67645263671875,325.71618318362135,312.1405351157026,325.71618318362135,34457,,,,,,,-1.3382706841956025,-0.02839160434608431,0.03838264060211838,0.03838264060211838,-0.004896502456927965,Capital Goods,1
2023-01-12,308.7713928222656,315.1132894550115,307.18591110394203,314.7664606040425,52468,,,,,,,-1.3459587308018273,-0.01563732238496675,0.019415878287752264,0.020539132769972657,-0.005134807677070752,Capital Goods,1
2023-01-13,321.8020324707031,326.01345244914955,310.15869488323347,310.15869488323347,150479,,,,,,,-1.3255348891534708,0.042201576801961606,-0.03618167821401086,0.013086989992301623,-0.03618167821401086,Capital Goods,1
2023-01-16,313.5278015136719,323.04066139425015,312.6855115324791,321.8020085514808,30150,316.1240295410156,,,,,,-1.3385036755973962,-0.025712177432516796,0.026390664553070264,0.030341359951657987,-0.002686492161544596,Capital Goods,1
2023-01-17,315.95556640625,317.4914838021281,312.63597081070515,314.07282017372444,17736,314.74664916992185,,,,,,-1.3346984682504646,0.007743379951816677,-0.005958895593897395,0.00486118163179694,-0.010506526703430774,Capital Goods,1
2023-01-18,315.80694580078125,320.6624589718506,313.37917409497237,316.99603440400625,37775,315.17274780273436,,,,,,-1.3349314118199032,-0.0004703845137441139,0.0037652389190170332,0.015374941037972878,-0.007687518397205828,Capital Goods,1
2023-01-19,312.78460693359375,318.08604710003726,311.5459541022073,315.60874143726437,27141,315.975390625,,,,,,-1.3396685369416552,-0.009570210241968729,0.009029007313873905,0.01694917220644765,-0.003960082446286761,Capital Goods,1
2023-01-20,307.78045654296875,315.11327513639816,304.70859152340387,315.11327513639816,28324,313.17107543945315,,,,,,-1.3475118952049574,-0.0159987105493571,0.02382483500022259,0.02382483500022259,-0.00998070200450174,Capital Goods,1
2023-01-23,310.9513854980469,312.58643137955545,306.7399659958938,308.17681533402356,19786,312.6557922363281,314.38991088867186,,,,,-1.342541874346122,0.010302567585656423,-0.008922842262237607,0.0052582042009228225,-0.013543658907992029,Capital Goods,1
2023-01-24,309.9604797363281,312.8341785653218,303.71768141520397,309.4154845738905,23696,311.45677490234374,313.1017120361328,,,,,-1.344094990916897,-0.003186690292862432,-0.0017582730640409716,0.009271178156125659,-0.02014062672258954,Capital Goods,1
2023-01-25,302.6276550292969,308.62275290354796,300.15034935577523,307.2850017917367,20445,308.8209167480469,311.9968322753906,,,,,-1.3555882448700536,-0.02365728919141244,0.015389693192411569,0.019810145486111264,-0.008185985756264835,Capital Goods,1
2023-01-27,292.9661865234375,305.60044647705575,283.5028901838102,305.60044647705575,54449,304.85723266601565,310.4163116455078,,,,,-1.3707313466807092,-0.03192526639683364,0.04312531798821606,0.04312531798821606,-0.03230166747885155,Capital Goods,1
2023-01-30,292.0248107910156,297.62351567818115,286.5251739403543,292.9661688216444,32530,301.706103515625,307.43858947753904,,,,,-1.3722068313391231,-0.00321325728266789,0.003223554971506948,0.01917201785697653,-0.01883277258450844,Capital Goods,1
2023-01-31,318.8292541503906,324.0315962927047,292.2229840030175,293.21390631583915,155106,303.28167724609375,307.96873474121094,310.6871663411458,,,,-1.3301943345305065,0.09178823979636891,-0.08034189931162594,0.01631701631701632,-0.08344990241962891,Capital Goods,1
2023-02-01,319.2751770019531,323.04066964391427,317.095135846787,321.50475217587586,44167,305.1446166992188,308.3006958007812,310.4493469238281,,,,-1.3294954081574801,0.0013986258969578738,0.0069832399588931615,0.011793878488518095,-0.006828094735196966,Capital Goods,1
2023-02-02,318.5815124511719,322.148838700912,312.1405176426723,316.1042067555951,45357,308.33538818359375,308.5781524658203,310.77635091145834,,,,-1.3305826375893777,-0.0021726228681317327,-0.007776049766718529,0.011197530648570986,-0.02021772939346811,Capital Goods,1
2023-02-03,317.689697265625,322.0497493627338,315.5592203564121,322.0497493627338,20692,313.28009033203125,309.06866149902345,311.37090454101565,,,,-1.3319804425030755,-0.002799331256497695,0.013724247700306336,0.013724247700306336,-0.006706156754688775,Capital Goods,1
2023-02-06,326.855712890625,328.63936085903094,312.14051130935997,316.20329861578176,110471,320.24627075195315,310.97618713378904,311.7078165690104,,,,-1.3176138989778072,0.028852102236529755,-0.032590570868828106,0.005456988812071906,-0.04502048151806104,Capital Goods,1
2023-02-07,344.39501953125,346.82279116562836,323.73431459282125,328.73845991199204,208761,325.359423828125,314.3205505371094,313.7656311035156,314.3552307128906,,,-1.2901233051838914,0.053660700880862805,-0.04546105120964827,0.007049380788615167,-0.05999130000936037,Capital Goods,1
2023-02-08,346.5750732421875,350.68739472504296,342.36365348156045,344.3950320934082,116139,330.81940307617185,317.9820098876953,315.8069315592448,315.54186096191404,,,-1.2867063530634757,0.00633009650924898,-0.006290242193084383,0.011865600847703606,-0.012151536812008645,Capital Goods,1
2023-02-09,351.33148193359375,353.6106213196898,344.6427565501465,349.3001033578031,109691,337.36939697265626,322.852392578125,318.17523396809895,317.4246124267578,,,-1.279251297859045,0.013724035738953621,-0.005781942923562489,0.0064871481870982795,-0.019038218114229566,Capital Goods,1
2023-02-10,389.8288269042969,396.26982185648455,351.3314894881114,351.3314894881114,2172890,351.79722290039064,332.5386566162109,323.31151529947914,321.47748413085935,,,-1.2189116906887958,0.1095755631087442,-0.09875446544551358,0.01652262354053402,-0.09875446544551358,Capital Goods,1
2023-02-13,364.1639404296875,389.18472817349596,360.5470801306724,386.4596918845663,374446,359.2588684082031,339.7525695800781,327.07041422526044,323.59557952880857,,,-1.2591380795248435,-0.06583629712153154,0.061224489795918435,0.06870748299319729,-0.009931956180909807,Capital Goods,1
2023-02-14,360.7452392578125,367.38443054390115,348.80463803493785,367.38443054390115,245948,362.52891235351564,343.9441680908203,330.39000447591144,325.9564514160156,323.98996704101563,,-1.2644964512749055,-0.009387808051069462,0.018404099523940953,0.018404099523940953,-0.03309981650053351,Capital Goods,1
2023-02-15,364.4612121582031,371.4967665809905,352.91697333800397,361.1911806436571,127385,366.10614013671875,348.4627716064453,334.0233866373698,328.3817337036133,325.654716796875,,-1.2586721445536109,0.010300823118375081,-0.00897223464516872,0.019303986784013016,-0.03167480773012443,Capital Goods,1
2023-02-16,367.8303527832031,379.4241250107436,363.32163838314796,371.5958452522066,195798,369.4059143066406,353.3876556396484,338.3702331542969,330.9829040527344,327.82087280273436,,-1.2533914525482652,0.009244167863705462,0.010237035743547729,0.0315193461872183,-0.012257592028335318,Capital Goods,1
2023-02-17,361.290283203125,368.5735682887811,358.71387912812804,364.2630501572255,68870,363.6982055664063,357.7477142333984,342.9251729329427,333.40818786621094,329.92162841796875,,-1.2636421654124466,-0.017780124806428904,0.00822819514475892,0.02015909484496503,-0.007131119199096925,Capital Goods,1
2023-02-20,366.7403564453125,377.39277137849257,363.8666877672622,366.5421598852197,207627,364.21348876953124,361.7361785888672,347.9062093098958,336.35618286132814,331.71916137695314,,-1.2550998807761178,0.015085025796620593,-0.000540427462125681,0.029046203249705638,-0.007835703454901366,Capital Goods,1
2023-02-21,365.9971618652344,376.0550172806248,364.6098766769993,370.05994939121126,99125,365.2638732910156,363.8963928222656,351.0507364908854,339.1084716796875,333.8179357910156,330.86895141601565,-1.2562647421203768,-0.00202648704189976,0.011100598445276555,0.027480692375133398,-0.0037904260818991675,Capital Goods,1
2023-02-22,352.81787109375,363.7675805995429,352.32240994617246,363.7675805995429,181157,362.935205078125,364.5206726074219,353.2869160970052,341.25134124755857,335.2924279785156,331.8681315104167,-1.276921575170527,-0.036009270411602776,0.03103501948993781,0.03103501948993781,-0.0014042971974225216,Capital Goods,1
2023-02-23,352.966552734375,359.4570820227139,350.4892468624059,353.2638173427912,54319,359.9624450683594,364.6841796875,355.5792521158854,343.7682861328125,336.77881225585935,333.17780151367185,-1.2766885359363782,0.00042141187509601134,0.0008421891709380347,0.01838851086047044,-0.007018528675813096,Capital Goods,1
2023-02-24,356.83111572265625,363.51984104979647,355.2456340414468,356.4842868798061,116612,359.07061157226565,361.38440856933596,358.1886800130208,346.96153259277344,338.54067260742187,334.7797922770182,-1.270631333478,0.010948807920589368,-0.0009719691685174947,0.018744792795309273,-0.004443227093574809,Capital Goods,1
2023-02-27,355.0970153808594,362.72709901373713,353.41243535980186,357.92115000884456,66394,356.741943359375,360.47771606445315,360.07143351236977,350.1151428222656,340.4333349609375,335.8896250406901,-1.273349311393034,-0.004859722892396774,0.007953135356421281,0.021487321217538602,-0.004743999380706465,Capital Goods,1
2023-02-28,365.3530578613281,369.41581502944547,357.326581320413,358.6147681921749,115161,356.6131225585938,360.93849792480466,361.46863606770836,352.4413330078125,342.6094018554688,337.61713358561195,-1.2572742918075581,0.028882367455183,-0.01844322778792995,0.011120085300228677,-0.02196909638008726,Capital Goods,1
2023-03-01,365.9476013183594,371.5958706484354,363.5198597744526,366.64125903978953,113543,359.23906860351565,361.08713684082034,362.7601379394531,354.7749542236328,344.84888671875,339.283534749349,-1.2563424218650932,0.001627312114236943,0.0018955110483882542,0.015434639576069387,-0.006634123396794034,Capital Goods,1
2023-03-02,369.8617248535156,375.55952771462137,365.7989376348787,366.641227584195,83083,362.61810302734375,361.29027404785154,363.9954874674479,357.33896484375,347.53824951171873,341.0853607177734,-1.2502075396619987,0.010695857879803736,-0.008707300736771617,0.015405224380442117,-0.010984611127972221,Capital Goods,1
2023-03-03,369.46539306640625,374.8163675463876,366.988087266364,373.5777146463665,44381,365.14495849609375,362.1077850341797,362.63792521158854,359.92774963378906,350.5982177734375,342.97472025553384,-1.2508287384579535,-0.0010715674547463459,0.011130464874747004,0.014483019466506875,-0.006705109183519631,Capital Goods,1
2023-03-06,381.9014587402344,384.2796662766912,368.6726396279719,371.49677430775483,235037,370.50584716796874,363.6238952636719,363.82042643229164,362.6800369262695,354.19328369140624,345.44542032877604,-1.2313368145844172,0.03365962254438514,-0.027244421811849384,0.006227280577303151,-0.03463935214047087,Capital Goods,1
2023-03-08,385.6174011230469,389.4324579680445,380.5636914219168,381.5050796887968,355878,374.5587158203125,365.58591918945314,365.47857055664065,364.74115600585935,356.8648095703125,347.934287516276,-1.2255125556954778,0.009730107853136135,-0.010664252760050785,0.009893373156623309,-0.013105502206103736,Capital Goods,1
2023-03-09,393.5943603515625,405.28723171307945,388.0451892726623,391.41431913610364,556841,380.08806762695315,369.6635681152344,367.4207804361979,367.0921203613281,359.8375769042969,350.7220835367838,-1.2130097042227848,0.020686201414365772,-0.005538801962283291,0.029707924044116707,-0.014098705768913034,Capital Goods,1
2023-03-10,395.82391357421875,399.9857689715288,385.5182977548655,391.41429736840615,242875,385.28050537109374,373.9493041992188,369.2870178222656,369.3167419433594,362.9272729492188,353.82862548828126,-1.2095151680223633,0.005664596465926977,-0.011140348156316704,0.010514411218183417,-0.026035859547482554,Capital Goods,1
2023-03-13,389.7297058105469,404.1476425807165,386.45967450709026,396.36889693034897,307128,389.3333679199219,377.2391632080078,371.1829793294271,369.31178588867186,365.80887329101563,357.0540761311849,-1.2190670501782284,-0.015396259686895303,0.01703537354432383,0.03699470826885953,-0.008390510794284212,Capital Goods,1
2023-03-14,373.825439453125,395.5266318782384,371.5958642675199,395.5266318782384,310410,387.7181640625,379.11200561523435,371.6553181966146,369.79486083984375,367.68766235351563,359.7807637532552,-1.2439949298818327,-0.040808452936233613,0.05805167368186703,0.05805167368186703,-0.005964214711729587,Capital Goods,1
2023-03-15,378.036865234375,385.6174149373607,373.52818077275356,375.7081917333142,90206,386.2020568847656,380.38038635253906,372.4579650878906,370.65944213867186,369.0333361816406,361.754350789388,-1.2373940648751505,0.011265754913338588,-0.006159911149451136,0.020052408640850228,-0.011926573507126448,Capital Goods,1
2023-03-16,369.46539306640625,381.1582643463858,363.6684914461976,381.1582643463858,65896,381.3762634277344,380.73216552734374,373.5677998860677,370.909651184082,369.9489489746094,363.42735799153644,-1.2508287384579535,-0.022673641002325568,0.03164808260642138,0.03164808260642138,-0.015689971859331187,Capital Goods,1
2023-03-17,371.49676513671875,377.19456837574984,367.78080650256805,375.0145574547107,49343,376.5108337402344,380.8956695556641,374.8031473795573,371.0929718017578,370.75556030273435,365.1911997477213,-1.247644825571687,0.005498138955459326,0.009469240779788057,0.015337423562582497,-0.010002667540814691,Capital Goods,1
2023-03-20,369.2176513671875,376.5504702663703,367.48353735938184,372.9336099553425,67053,372.4084228515625,380.8708953857422,375.62891642252606,371.4893402099609,369.93111328125,366.90879821777344,-1.251217041516825,-0.006134949166226218,0.010064412073461426,0.019860423444084896,-0.0046967256342820285,Capital Goods,1
2023-03-21,389.3829040527344,392.8015676166389,369.7130916543595,374.7668010972474,133526,375.51991577148436,381.61903991699216,377.9146423339844,372.62146759033203,370.9398718261719,368.9930379231771,-1.2196106170618222,0.05461616640178587,-0.03753658109629665,0.008779696099450618,-0.05051534670282021,Capital Goods,1
2023-03-22,396.8643798828125,401.32353021857443,389.38292863792026,389.4324626565426,124914,379.28541870117186,382.7437377929688,380.01539713541666,374.1648284912109,372.3846374511719,370.7420166015625,-1.2078843717068717,0.019213673102260555,-0.01872659176029956,0.011235955056179803,-0.01885140522588946,Capital Goods,1
2023-03-23,390.1260986328125,399.1930310957771,388.4415187257931,396.3688966589726,71863,383.4175598144531,382.39691162109375,381.62729695638023,376.0302398681641,373.41123291015623,372.19371744791664,-1.2184457557175632,-0.01697880079837274,0.016002000501985858,0.023241030258522644,-0.0043180395080537615,Capital Goods,1
2023-03-24,379.96917724609375,398.7471371421608,372.8345244168473,393.5943592015267,90840,385.11204223632814,380.8114379882812,382.30112711588544,377.38037109375,373.8967858886719,373.14830729166664,-1.2343654158136064,-0.02603497028861549,0.035858650573144635,0.0494196924923338,-0.018776925225768015,Capital Goods,1
2023-03-27,381.05914306640625,391.5629250727106,375.8568012003192,380.01868678940787,108289,387.4803405761719,379.9443817138672,383.0740437825521,378.5917724609375,374.68754028320313,372.8559844970703,-1.2326570354181088,0.0028685637824948217,-0.002730432521906634,0.027564702743463343,-0.01365232132792693,Capital Goods,1
2023-03-28,382.5950927734375,390.621569172428,377.98731028678196,381.05914511752053,107060,386.1227783203125,380.82134704589845,383.1202860514323,379.96667633056643,375.3217297363281,373.47035624186196,-1.2302496329848747,0.004030738364316281,-0.004014551375405406,0.02097903645550292,-0.012043496045005875,Capital Goods,1
2023-03-29,379.96917724609375,387.25243213528563,374.7668350449284,386.955167534296,63011,382.7437377929688,381.0145782470703,382.7437377929688,380.6974822998047,375.8806103515625,374.1111541748047,-1.2343654158136064,-0.006863432325564997,0.01838567627730936,0.019168015000529337,-0.013691484764291606,Capital Goods,1
2023-03-31,406.52587890625,419.4574029946167,381.70328706194175,381.8519193607812,564841,386.02369384765626,384.7206268310547,383.6058390299479,382.72639617919924,378.0289306640625,375.5133097330729,-1.1927412220638611,0.06989172609376243,-0.060694683477110045,0.03180984227414685,-0.06106029931253809,Capital Goods,1
2023-04-03,425.60113525390625,440.365871732649,410.24183933671054,410.24183933671054,456891,395.15008544921875,390.1310638427734,385.5909871419271,385.51336669921875,380.93431396484374,377.4390024820963,-1.162843225836711,0.04692261264886225,-0.0360884749708964,0.03469148753547002,-0.0360884749708964,Capital Goods,1
2023-04-05,431.84393310546875,442.5954462794123,427.03798406654465,427.08751808611225,265980,405.3070434570312,396.39369201660156,388.3986022949219,388.6322937011719,383.93482666015626,379.79079081217446,-1.1530584479437622,0.014668188908467444,-0.011014199007387315,0.02489675632728572,-0.011128902528197204,Capital Goods,1
2023-04-06,421.8851623535156,437.9381154482715,416.7323543812229,434.91578433816875,154271,413.16505737304686,399.6439178466797,391.6025838216146,390.63147888183596,386.6063525390625,381.6289510091146,-1.1686675325580054,-0.0230610412431588,0.030886656245412647,0.038050527791030575,-0.012213769129844398,Capital Goods,1
2023-04-10,413.7100524902344,430.7539278267699,411.77774194525836,421.1419696008374,86589,419.913232421875,401.3284851074219,393.9807963053385,392.03611145019534,388.54063232421873,383.21938069661456,-1.1814809595124984,-0.019377571417007966,0.017964071856287456,0.041197634028817376,-0.004670687921032868,Capital Goods,1
2023-04-11,438.18585205078125,445.9150338750629,413.0164015018388,413.06596576104295,486148,426.24522705078124,406.13446044921875,398.5621602376302,394.26568603515625,391.43016235351564,386.064980061849,-1.143118310561381,0.059161723079292655,-0.05732701357694037,0.017639049248413086,-0.05744012599025117,Capital Goods,1
2023-04-12,433.6275939941406,443.9331796156808,431.0511900286186,443.8340813399784,143254,427.85051879882815,411.50030212402345,402.70421549479164,396.15587005615237,393.9807971191406,388.75368143717446,-1.150262790284012,-0.010402567849480383,0.02353744892437759,0.023765982064507307,-0.005941512950757621,Capital Goods,1
2023-04-13,435.8075866699219,437.88852941063897,421.2410479659955,432.98348249382013,86327,428.64324951171875,416.975146484375,407.14354451497394,398.4597640991211,396.6344848632813,391.38623046875,-1.1468459338283066,0.00502733844887811,-0.006480162949161095,0.0047749116912303435,-0.03342424305926317,Capital Goods,1
2023-04-17,431.4475402832031,444.9240888901225,427.7811461137375,434.023944173438,103083,430.55572509765625,421.8603912353516,409.94785359700523,401.340869140625,398.616328125,393.9312479654948,-1.1536797424044274,-0.010004521536751089,0.005971534542864143,0.031235659839602636,-0.00849789099981646,Capital Goods,1
2023-04-18,446.55914306640625,463.45438697885436,422.3806442029569,431.1998469135715,207896,437.12554321289065,428.51938781738284,413.2608378092448,404.76698303222656,401.0539978027344,396.63811747233075,-1.1299942602927329,0.03502535388956867,-0.03439476358577376,0.0378342805757661,-0.054144001391219665,Capital Goods,1
2023-04-19,437.34356689453125,450.07692460657336,434.1726034111846,448.6400751630618,104226,436.95708618164065,431.6011566162109,416.40866902669273,408.1608917236328,402.8039660644531,399.0179829915365,-1.1444384835627173,-0.020636854748049764,0.025829826076428253,0.029115228108780755,-0.007250509035408692,Capital Goods,1
2023-04-20,435.21307373046875,442.64499076657273,432.53757150125216,437.9876439943951,83017,437.27418212890626,432.5623504638672,420.0915954589844,411.3467071533203,404.3795324707031,401.1963612874349,-1.1477777559384164,-0.004871440499721092,0.006375199715725088,0.017076502257619808,-0.00614756860652943,Capital Goods,1
2023-04-21,428.4252624511719,435.2130862542509,424.2633766949712,435.2130862542509,77473,435.79771728515624,432.2204833984375,423.2493367513021,414.30708770751954,405.92735473632814,403.1616902669271,-1.158416771861469,-0.015596524298120295,0.015843659088270234,0.015843659088270234,-0.009714379895314873,Capital Goods,1
2023-04-24,432.1412353515625,440.11814803381725,423.9165618455756,428.42527660382586,91306,435.93645629882815,433.2460906982422,426.5524129231771,416.44500427246095,408.25998657226563,404.8363494873047,-1.1525924651401744,0.008673561589552948,-0.008598945075707909,0.018459040771161783,-0.019032373754603316,Capital Goods,1
2023-04-25,427.3352355957031,436.40216845936317,425.0065621768111,432.14121472819346,97204,432.0916748046875,434.6086090087891,429.71015014648435,417.96854705810546,410.23192138671874,406.22694396972656,-1.1601252479216768,-0.011121363486521995,0.011246390964674058,0.021217377151268035,-0.005449289515398581,Capital Goods,1
2023-04-26,411.530029296875,431.5466723493686,396.5175621277795,429.01983251793996,310602,426.92896728515626,431.9430267333984,430.04376017252605,419.0387435913086,411.9145068359375,406.824799601237,-1.1848978638005587,-0.03698549752583764,0.042499458061292295,0.048639568506563924,-0.036479639638315686,Capital Goods,1
2023-04-27,416.78192138671875,428.17752772621947,406.8726984828051,411.0345539581198,162748,423.24273681640625,430.2584594726562,429.4558125813802,420.87938079833987,413.7259130859375,407.5233998616537,-1.1766662024783852,0.012761868432340014,-0.013789867395102684,0.027341892137703994,-0.023775558380612183,Capital Goods,1
2023-04-28,421.2410583496094,423.91653030458474,417.6737321690948,418.16919329859553,69593,421.80589599609374,428.801806640625,428.7489542643229,422.8884765625,415.80684936523437,408.5737782796224,-1.1696770822451867,0.01069896925484235,-0.007292416040946215,0.00635140355372199,-0.00846860986080289,Capital Goods,1
2023-05-02,425.9479675292969,439.47405121997537,423.91655861833596,425.5020403867434,105492,420.56724243164064,428.25184936523436,429.0198079427083,425.05612030029295,417.2694519042969,410.3111958821615,-1.162299611120762,0.011173908825812979,-0.0010469052009804969,0.031755248813925,-0.004769148031728121,Capital Goods,1
2023-05-03,428.92071533203125,437.8390158600555,422.083357641989,428.0784253451638,122220,420.88433837890625,426.4880065917969,430.0338521321615,427.50369720458986,418.5517053222656,412.00732421875,-1.1576402135760815,0.006979133672072067,-0.0019637428474756913,0.020792422024010992,-0.015940842784311293,Capital Goods,1
2023-05-04,437.7894592285156,440.86132440090483,425.89839165065956,428.0784328028193,115506,426.1362243652344,426.5325958251953,430.00742594401044,429.06687622070314,420.45823974609374,414.2847930908203,-1.143739605022046,0.02067688404748417,-0.02218195578031812,0.007016763669464687,-0.027161612339435592,Capital Goods,1
2023-05-05,434.6185302734375,439.37494525492326,426.6911518105952,437.59129719700337,110470,429.70354614257815,426.4731414794922,430.0734883626302,429.5177459716797,422.6442138671875,416.38885192871095,-1.1487096258808815,-0.0072430454599478515,0.006839945185253882,0.010943884464597708,-0.018239853827343278,Capital Goods,1
2023-05-08,434.0735168457031,445.41958968016075,430.1593917659248,430.1593917659248,122033,432.27003784179686,427.0379669189453,429.9578837076823,429.6292251586914,424.76478881835936,418.55071411132815,-1.1495638639109855,-0.0012540041203293454,-0.009017193926552425,0.026138597251697204,-0.009017193926552425,Capital Goods,1
2023-05-09,434.76715087890625,442.84316142262134,432.5375757461939,434.0734931858432,77011,434.03387451171875,427.30055847167966,430.17919108072914,430.27332458496096,426.85167114257814,420.0635223388672,-1.1484766823114427,0.0015979644145157235,-0.0015954694177350293,0.018575484664351993,-0.00512820512820511,Capital Goods,1
2023-05-10,418.1692199707031,438.3840292955846,411.2327637152649,431.1503084397045,140210,431.8835754394531,426.3839569091797,428.2865295410156,430.49628295898435,428.3796728515625,420.7736836751302,-1.1744917914469448,-0.03817659838064921,0.031042668491743086,0.04834121776418088,-0.016587677725118488,Capital Goods,1
2023-05-11,501.80303955078125,501.80303955078125,421.4888003717436,422.03379553279007,1534310,444.68629150390626,435.4112579345703,432.583827718099,433.67714233398436,432.1907592773438,424.4962483723958,-1.0434066004175429,0.19999994161678733,-0.15896524678168822,0.0,-0.16005132063555394,Capital Goods,1
2023-05-12,519.9864501953125,562.298842326481,515.2795695122678,539.0617034897571,2740935,461.75987548828124,445.73171081542966,438.2353861490885,437.99508514404295,435.966171875,429.1634908040365,-1.0149064569364454,0.036236150862715394,0.03668413530252512,0.0813721052063483,-0.009051929490233368,Capital Goods,1
2023-05-15,538.9130249023438,559.8710540379722,513.2977097197692,513.2977097197692,1461496,482.7277770996094,457.4989074707031,445.6012369791667,443.1503570556641,440.248935546875,434.4252868652344,-0.9852414999434443,0.036398207491603336,-0.04753144570446466,0.03888944628760127,-0.04753144570446466,Capital Goods,1
2023-05-16,536.336669921875,547.0386181677461,529.1524835811201,539.0617061200924,414707,503.04168090820315,468.53777770996095,452.54759928385414,448.39481353759766,444.8269958496094,439.5500061035156,-0.9892796030274597,-0.004780650794134379,0.005080831408776021,0.019953788070150136,-0.013394919168591146,Capital Goods,1
2023-05-17,526.6256713867188,549.5654864718018,520.283744438688,533.7107295828226,413837,524.7329711914062,478.3082733154297,459.1669616699219,452.3981399536133,449.34362060546874,444.4385559082031,-1.0045003367504766,-0.018106161819162567,0.013453689368099653,0.04356000159406892,-0.012042570828974308,Capital Goods,1
2023-05-18,566.1138916015625,576.1222430089806,524.7428860363912,534.1071137635295,884356,537.5951416015625,491.1407165527344,469.47255249023436,458.83665618896487,454.4607421875,449.75815633138023,-0.9426076608418074,0.07498346996807574,-0.056537700828157345,0.01767904224908534,-0.07307894432360751,Capital Goods,1
2023-05-19,558.7811279296875,576.5681354272049,547.4845891378425,559.871118303857,281556,545.3540771484375,503.5569763183594,478.9391662597656,465.01505889892576,459.46688354492187,454.19748942057294,-0.9541008191302536,-0.012952806459368575,0.0019506570993332861,0.03183179711780748,-0.02021639283649268,Capital Goods,1
2023-05-22,561.605224609375,569.8794017852431,551.2005402540183,558.7811201910748,200175,549.8925170898438,516.3101470947265,488.29677734375,471.67405700683594,464.4987890625,458.5228658040365,-0.9496744129873669,0.005054030171260296,-0.005028629176775379,0.014733084403947938,-0.018526687251874674,Capital Goods,1
2023-05-23,563.8347778320312,565.5193578057804,556.0560621194057,561.3574721297816,169182,555.392138671875,529.216909790039,497.4892313639323,478.25873413085935,469.7942785644531,463.2545196533203,-0.9461798767869453,0.003969965244192694,-0.004393673110720475,0.0029877191687721627,-0.013796090660698535,Capital Goods,1
2023-05-24,548.5250244140625,570.2262468714732,539.9039883495666,565.2716353954522,180298,559.7720092773437,542.252490234375,505.462851969401,484.31822357177737,473.8729138183594,467.74835205078125,-0.9701759343804397,-0.0271529072343416,0.030530258850594016,0.03956286676363052,-0.015716759820948778,Capital Goods,1
2023-05-25,543.3226318359375,563.7356655074165,539.061678459042,549.2186310403016,151738,555.2137573242187,546.4044494628906,512.4983968098958,490.9078536987305,478.1120764160156,471.25291137695314,-0.9783300116226071,-0.009484330425366144,0.010851746014041375,0.03757074061594201,-0.007842399942916689,Capital Goods,1
2023-05-26,538.3185424804688,554.3219619072559,531.580282899068,548.7727607076159,108138,551.121240234375,548.2376586914063,519.4117309570313,496.984684753418,482.2362951660156,474.74260965983075,-0.9861732742211992,-0.00921016181225411,0.019420133995340594,0.029728530904854944,-0.012517234777669195,Capital Goods,1
2023-05-29,530.2921142578125,545.1559493526095,527.5670778237663,540.0526751109559,104702,544.8586181640625,547.3755676269532,525.8263041178385,502.43723754882814,486.31096923828125,477.8920939127604,-0.9987536619415431,-0.014910183449509291,0.018406007916606626,0.028029523153668023,-0.005138745911505871,Capital Goods,1
2023-05-30,542.5794677734375,549.9123166413121,525.7337894650015,531.0847938260014,175815,540.6075561523437,547.9998474121094,533.0137919108073,508.26881256103513,490.72849853515623,481.59649149576825,-0.9794948251345109,0.023170915020718653,-0.021185235767594346,0.013514792400763254,-0.031047393624320185,Capital Goods,1
2023-05-31,567.0057983398438,571.4154150302343,542.1832047992191,542.7282000123905,334509,544.3037109375,552.0378601074219,542.93623046875,515.1730667114258,496.31532104492186,485.6113800048828,-0.9412097124310443,0.04501889956625827,-0.04281719587090016,0.007777022216177709,-0.043778376893681914,Capital Goods,1
2023-06-01,592.2247314453125,594.5533746368682,565.7670941777525,569.0371256420359,393972,554.084130859375,554.6489440917969,548.9643432617188,522.8948303222656,503.54310913085936,490.7740854899088,-0.9016822978003781,0.04447738132362694,-0.039153389873955,0.003932026252724485,-0.044674995593295574,Capital Goods,1
2023-06-02,579.2435913085938,597.526118985719,575.9240259511109,597.526118985719,192027,562.269140625,556.6951904296875,552.9148193359375,530.1260833740234,510.04157592773436,495.575102742513,-0.9220285553687285,-0.021919280718045227,0.03156276211157105,0.03156276211157105,-0.005730862468384723,Capital Goods,1
2023-06-05,573.9917602539062,591.2338330064115,569.1362166393791,584.8423718749949,161912,571.0090698242187,557.9338439941406,555.2534016927083,537.1219955444336,516.1516040039063,500.4273193359375,-0.9302601210261918,-0.009066705499188806,0.018903775929272726,0.030038885479607202,-0.008459256649223201,Capital Goods,1
2023-06-06,594.0083618164062,598.4179779767754,573.0998658078461,573.9917200357302,341314,581.2948486328125,560.9512023925781,559.0981811523437,545.0840560913086,522.8740197753906,505.82289021809896,-0.8988866879729829,0.03487262875279886,-0.03369757577059618,0.0074234917281048585,-0.035198992729032486,Capital Goods,1
2023-06-07,585.932373046875,598.5170989792481,579.7391083637287,598.5170989792481,199103,585.0801635742188,564.6919372558593,563.0519612630209,553.4722137451172,529.1544860839844,511.1094614664714,-0.9115447554380431,-0.01359574930028905,0.02147812019146844,0.02147812019146844,-0.010569930879464784,Capital Goods,1
2023-06-08,555.65966796875,590.5896783047258,551.9437094223696,590.5896783047258,307043,577.7671508789062,565.9256408691406,562.3550130208333,556.1650451660156,533.8692944335937,515.9137827555338,-0.9589933037414382,-0.05166586874301817,0.06286223807400804,0.06286223807400804,-0.006687472135532779,Capital Goods,1
2023-06-09,560.663818359375,570.7712377914852,556.9973937981756,559.5242940170257,110560,574.0511962890625,568.1601684570312,562.4805257161458,558.1989135742188,538.9111059570313,520.7098459879558,-0.9511499454781359,0.009005782998283817,-0.0020324556446031927,0.01802759354382233,-0.0065394349361229676,Capital Goods,1
2023-06-12,583.7523193359375,586.5269502397091,551.9932708141222,560.7133752058496,232228,576.0033081054687,573.5061889648438,563.9569986979167,560.4408782958984,544.8982580566407,526.1268880208333,-0.9149617075584587,0.04118065090079204,-0.03946698516983438,0.004753096153738534,-0.05440500614703103,Capital Goods,1
2023-06-13,577.5590209960938,593.5129058350391,575.3294458881343,583.7522851848702,104415,572.7134399414062,577.0041442871094,564.8719482421875,562.5019958496093,550.6099328613282,531.1805898030599,-0.9246689013714013,-0.010609462497535077,0.010723171076256754,0.02762295152351757,-0.0038603415874522984,Capital Goods,1
2023-06-14,572.6539916992188,582.9595467967372,565.7670699747388,582.9595467967372,101113,570.057763671875,577.5689636230469,566.480546061198,564.8034118652344,556.7893237304687,535.9716990152995,-0.932356900145271,-0.008492689263887672,0.017996128983470694,0.017996128983470694,-0.01202632274341553,Capital Goods,1
2023-06-15,570.5730590820312,579.6400224917006,563.9834619505178,572.6540322402186,86988,573.0404418945312,575.4037963867188,568.2972412109375,565.0263702392579,559.5401245117188,540.3978190104167,-0.9356184927762539,-0.003633839364347766,0.0036471633650829727,0.01589097708934384,-0.011549085654543711,Capital Goods,1
2023-06-16,591.7787475585938,609.4171505515086,574.6853396772709,574.7348736908536,791846,579.263427734375,576.6573120117188,571.8612548828125,566.6762512207031,562.41181640625,545.6364929199219,-0.9023813198381148,0.03716559718168144,-0.02880109151951682,0.029805739164650236,-0.028884795122910978,Capital Goods,1
2023-06-19,607.2371826171875,612.3404567325609,592.8688090477613,595.6929739345488,344469,583.960400390625,579.9818542480468,576.9909261067709,568.9578491210938,565.1447827148437,551.4086151123047,-0.8781522230104714,0.026121984140809594,-0.019011037224175298,0.008404087004979521,-0.023661880366908083,Capital Goods,1
2023-06-20,605.007568359375,609.4171844733277,596.3865326779237,607.4353399709754,149427,589.4501098632812,581.0817749023438,581.1527994791667,571.016488647461,567.8916186523437,557.083295694987,-0.8816468548756032,-0.0036717353970369205,0.004012795440202277,0.00728853049873468,-0.014249467498116286,Capital Goods,1
2023-06-21,589.7969970703125,608.5253932682286,576.8158779470408,606.1967499292692,113991,592.8787109375,581.4682373046875,582.6722127278646,573.0800872802735,570.4184716796875,562.8042215983073,-0.9054874573149547,-0.025141125639650524,0.027805758490495824,0.03175397007944314,-0.02200946967813089,Capital Goods,1
2023-06-22,576.4194946289062,601.9357429961345,570.0775679296619,592.7697120292661,155360,594.047998046875,583.5442199707031,581.6185302734375,574.7349304199219,570.8306958007812,565.2914367675781,-0.9264549615116152,-0.022681537050639567,0.028365136073140507,0.044266803265658794,-0.011002276568260805,Capital Goods,1
2023-06-23,571.613525390625,590.6392463400907,559.0783941275369,577.5590594072643,198458,590.0149536132812,584.6391906738281,581.1098592122396,576.3996795654297,571.3439916992188,567.0123392740885,-0.9339876964607624,-0.008337624391720635,0.010401317940432309,0.03328423857091911,-0.021929381839805084,Capital Goods,1
2023-06-26,603.322998046875,604.4625828463186,572.4558057196915,573.3971939695238,242198,589.2321166992188,586.5962585449219,583.0652750651042,580.0512237548828,573.0127026367187,569.1593383789062,-0.8842872008782762,0.05547362203261481,-0.04960162992995365,0.001888846941245026,-0.05116196867533507,Capital Goods,1
2023-06-27,608.5253295898438,609.4171838073654,598.5170390563394,605.4534948069924,167295,589.9356689453125,589.6928894042969,584.0330729166667,583.3485168457031,574.8003247070312,571.5656270345052,-0.8761332193008189,0.008622796677418481,-0.005047998223708938,0.0014655991692618109,-0.016446793661407777,Capital Goods,1
2023-06-28,590.4410400390625,609.4172266549865,588.0628627602875,609.4172266549865,164565,590.0644775390625,591.4715942382812,584.3336507161458,584.5202789306641,576.4769653320312,573.6928059895833,-0.9044780032924836,-0.029718219885720064,0.03213900343829179,0.03213900343829179,-0.004027798065354027,Capital Goods,1
2023-06-30,604.7598876953125,608.0299192977851,586.4278245359756,594.5533997622799,122532,595.7325561523437,594.8902770996094,587.6069986979167,585.1470367431641,578.9344555664062,574.981005859375,-0.8820350622697644,0.02425110499653393,-0.016876926100255485,0.005407156904758459,-0.030312961445242093,Capital Goods,1
2023-07-03,598.6160888671875,609.4171652568599,593.1660166575733,604.759818726971,140294,601.1330688476562,595.5740112304687,590.1371500651042,586.1156616210938,581.346357421875,576.308837890625,-0.8916646720027009,-0.01015907131595398,0.010263222078460865,0.018043411446077684,-0.009104453273094948,Capital Goods,1
2023-07-04,602.6294555664062,606.4444824481906,596.5352588787757,602.9267201772685,78978,600.9943603515625,595.1132385253907,591.3956258138021,587.5475463867188,584.2398510742188,577.6763122558593,-0.8853742389807534,0.006704408340934484,0.0004932792582845735,0.006330634598998408,-0.010112676423860933,Capital Goods,1
2023-07-05,628.690673828125,638.1539698248042,601.2916476703816,605.6021960222981,562107,605.0274291992188,597.4815490722656,594.8044026692709,589.2816619873047,587.6842993164063,579.8381754557291,-0.8445266513487507,0.04324584206927628,-0.0367247022533993,0.015052388067182232,-0.043581092098773366,Capital Goods,1
2023-07-06,628.8888549804688,648.7568347810429,619.3264306980521,623.7360469808416,411122,612.7169921875,601.3907348632813,598.5533935546875,591.4294860839843,590.1596215820313,582.5169698079427,-0.8442160280345956,0.00031522839544766314,-0.008193511395248376,0.031592195732569106,-0.015205269113432784,Capital Goods,1
2023-07-07,624.1323852539062,641.1267268584351,619.3264363006521,632.01022961987,204103,616.5914916992188,606.1620239257812,602.1240152994792,594.8531219482422,591.435927734375,585.2106282552083,-0.8516711789037368,-0.007563291492437436,0.012622072739838508,0.027228745064422855,-0.007700207627103106,Capital Goods,1
2023-07-10,670.3094482421875,678.38542925649,624.1820240865122,624.1820240865122,659724,630.9301635742188,616.0316162109375,607.3593953450521,600.3354034423828,595.0785620117188,589.6103251139323,-0.779294607399672,0.07398600694225431,-0.06881511856447697,0.01204813841648944,-0.06881511856447697,Capital Goods,1
2023-07-11,672.3903198242188,674.8180915744138,660.7469827082137,673.2821740936284,313845,644.8823364257812,622.9383483886719,611.7029378255208,604.7673034667969,599.0145043945313,594.3469319661458,-0.7760331104333994,0.0031043446985390194,0.0013263936780689711,0.003610658390843069,-0.017316336616875927,Capital Goods,1
2023-07-12,675.61083984375,680.7636481119968,666.1475435855747,678.236808239242,183679,654.2663696289062,629.6468994140625,616.4098225911458,609.6698944091797,602.278603515625,598.7813110351562,-0.7709853619974923,0.004789658513187968,0.003886806191711445,0.007626888090544126,-0.014007022534398561,Capital Goods,1
2023-07-13,697.6588134765625,718.4186471703241,683.7363676517567,683.7363676517567,625198,668.020361328125,640.3686767578125,623.6006103515625,615.9201354980469,606.7476611328125,603.1364115397135,-0.7364280160580169,0.03263413245102992,-0.01995595204399081,0.0297564272001547,-0.01995595204399081,Capital Goods,1
2023-07-14,694.7852172851562,712.3740886784326,689.0378193745864,697.6588557593418,296658,682.150927734375,649.3712097167969,631.4916585286459,622.1307434082031,612.3126831054688,606.5550944010416,-0.7409320062809096,-0.00411891333685959,0.00413600980949802,0.02531555213855019,-0.008272193719128795,Capital Goods,1
2023-07-17,711.1353759765625,718.3195622796836,688.6909628509255,696.6183408405765,244170,690.31611328125,660.6231384277344,640.793115234375,628.0985748291016,618.3315454101562,610.9514872233073,-0.715305248036634,0.023532680725841866,-0.020413884087893353,0.010102417269363784,-0.03156137900581213,Capital Goods,1
2023-07-18,699.1452026367188,717.4772648187886,689.9791715456839,709.4508185423208,188566,695.66708984375,670.2747131347656,647.1812622070313,632.6939758300781,622.9472607421875,615.1232686360677,-0.734098293369499,-0.01686060593368501,0.014740308403370372,0.026220679356639076,-0.013110339678319427,Capital Goods,1
2023-07-19,697.9561157226562,705.5366957046188,690.1773996604873,702.4648606882321,205368,700.1361450195312,677.2012573242188,653.1433146158854,637.3414031982422,627.76314453125,618.588193766276,-0.7359620332544292,-0.0017007724712663997,0.006459926152960982,0.010861112627566394,-0.01114499305463501,Capital Goods,1
2023-07-20,687.8486938476562,702.7125273776257,683.736342378594,702.7125273776257,137661,698.17412109375,683.0972412109375,659.637158203125,642.2439880371094,632.3709326171875,621.9854044596354,-0.7518041092704663,-0.01448145756919815,0.021609161524789533,0.021609161524789533,-0.005978569859686367,Capital Goods,1
2023-07-21,687.9973754882812,694.6365673293035,681.2591156047021,689.483759013237,91561,696.816552734375,689.483740234375,665.1863240559895,647.8228820800781,637.0679052734375,626.3966613769531,-0.7515710700363173,0.0002161545728804274,0.0021604494114542128,0.009650024952944536,-0.009794019750143601,Capital Goods,1
2023-07-24,699.9874877929688,705.1402350065126,675.2144320313417,694.8842141136363,165950,694.5869750976562,692.4515441894531,671.9444173177084,654.2415802001954,641.3962548828125,631.0407836914062,-0.7327781203681626,0.017427555295800295,-0.00729052128549168,0.0073611990262716365,-0.03539071225363677,Capital Goods,1
2023-07-25,722.6256103515625,726.4153049365907,697.9929607619779,705.9711626355534,238540,699.283056640625,697.4750732421875,679.944160970052,660.2067108154297,646.0117919921875,635.6698933919271,-0.6972957923453593,0.03234075316113264,-0.023047131844533775,0.005244340265195602,-0.03408770632637925,Capital Goods,1
2023-07-26,758.5774536132812,772.8883292985591,714.0989403349178,722.5259284862013,387216,711.40732421875,705.7717346191406,688.6032796223958,667.7093170166015,652.1545874023437,641.7038411458333,-0.6409459297480984,0.04975168710700403,-0.047525173540761134,0.018865411326308035,-0.05863410923499235,Capital Goods,1
2023-07-27,739.82861328125,773.9852902897909,730.0054765037061,772.688844650098,300694,721.8033081054688,709.9887145996094,695.9992635091146,675.1786956787109,658.1558520507813,647.2763285319011,-0.6703323111048755,-0.024715789063761588,0.044416004975947,0.04616836439597938,-0.013277584296147782,Capital Goods,1
2023-07-28,736.4877319335938,757.9291486384986,723.074368379314,745.7125274926807,182435,731.5013793945312,714.1589660644531,703.4896199544271,681.765087890625,664.5585815429688,652.8068176269531,-0.6755687103493793,-0.004515750388240519,0.012525389302640466,0.029113067027759065,-0.018212609623603604,Capital Goods,1
2023-07-31,760.7713623046875,763.9128035335984,733.04712390635,741.9727491240172,196199,743.658154296875,719.1225646972656,709.5204142252604,689.8728515625,672.1248950195312,658.4399047851563,-0.637507261738458,0.032972213002569487,-0.024709937981526542,0.004129284282460732,-0.03644227394988886,Capital Goods,1
2023-08-01,833.0738525390625,847.6839592429668,763.9626901533766,772.8384641918137,1733224,765.747802734375,732.5154296875,720.2326497395833,701.3950714111328,681.3149291992188,665.9677937825521,-0.5241824633272162,0.09503839631310673,-0.07230498012110442,0.01753758884566503,-0.08295922645399001,Capital Goods,1
2023-08-02,836.1156005859375,847.6839692302451,810.0866798329687,841.6504660936118,768678,781.2554321289062,746.3313781738282,730.9329671223958,711.7663177490234,690.4185400390625,673.6713948567708,-0.5194149168276073,0.003651234566544475,0.006619737155718175,0.013835848339871504,-0.031130767964056782,Capital Goods,1
2023-08-03,824.0485229492188,847.5842552576554,819.8101031570455,836.1654415261481,377999,798.0994140625,759.9513610839844,739.3589477539062,721.524301147461,699.7628393554687,681.4797790527343,-0.538328499695377,-0.014432307719485582,0.014704132389635971,0.028561100048093868,-0.005143410459622189,Capital Goods,1
2023-08-04,844.7420043945312,847.6839786117188,822.7022452981673,822.7520968878447,299337,819.7502685546875,775.6258239746094,749.3560668945313,732.5547821044922,709.3621240234374,690.4238627115885,-0.5058941450055867,0.025111969585543105,-0.0260315071255961,0.003482689628173663,-0.026090521107874687,Capital Goods,1
2023-08-07,869.2749633789062,872.6158109934561,831.2787412589107,847.6839306793573,320927,841.4509887695312,792.5545715332031,759.8987060546875,742.5030578613281,720.1884790039062,700.3459106445313,-0.4674419060533278,0.029041954652129554,-0.024837978325780496,0.0038432576058142764,-0.043710245573279516,Capital Goods,1
2023-08-08,871.0202026367188,874.1117314752296,853.81720506918,874.1117314752296,155723,849.0402587890625,807.3940307617188,771.3570393880208,752.4345520019531,730.9241088867187,709.2691507975261,-0.4647064693286746,0.0020076952993431283,0.003549319325949263,0.003549319325949263,-0.019750400180687522,Capital Goods,1
2023-08-09,872.4163818359375,876.9539720772841,852.6703439395292,876.9539720772841,139735,856.3004150390625,818.7779235839844,782.987723795573,762.2748291015625,740.6731372070312,718.0655192057292,-0.4625181390818941,0.001602924013693701,0.005201174961659394,0.005201174961659394,-0.022633731217717612,Capital Goods,1
2023-08-10,893.4089965820312,896.5504379256399,866.2831588348671,874.16159668465,294843,870.172509765625,834.1359619140625,796.6917439778646,772.0623382568359,751.2539428710937,728.1644510904948,-0.429614931647209,0.02406260953275121,-0.02154377219282233,0.00351624100006509,-0.030362172141696675,Capital Goods,1
2023-08-11,925.2221069335938,933.0506932456373,874.6602399265893,897.5477189331548,377339,886.2685302734375,853.0093994140625,812.5067260742187,783.5841827392578,763.2975317382812,738.8465250651042,-0.37975199738673215,0.03560867472039328,-0.029911075181891733,0.008461304862233954,-0.05464835592242656,Capital Goods,1
2023-08-14,869.424560546875,989.9951639743949,836.5643285163196,921.4324897663835,450785,886.2984497070313,863.8747192382813,823.8025309244791,791.4986419677734,771.2621362304687,747.8734741210938,-0.4672074318485252,-0.06030719107182285,0.05981879461375583,0.13867862595425184,-0.03779538044092756,Capital Goods,1
2023-08-16,797.321533203125,859.052893267079,780.1683873569428,840.7030049909123,419365,871.5587158203125,860.2994873046875,828.7822591145833,796.4074584960938,776.259384765625,754.3632100423177,-0.5802195979866969,-0.0829318961249457,0.054409005628517804,0.07742342015517512,-0.021513461172021575,Capital Goods,1
2023-08-17,823.250732421875,825.7439205879012,789.8918625866731,791.2382207176383,150959,861.7255859375,859.0130004882812,833.0938110351562,802.6721893310547,782.16498046875,760.848545328776,-0.5395789331229471,0.03252037997090478,-0.038885494350015204,0.0030284675953966556,-0.04052091121384771,Capital Goods,1
2023-08-18,829.084716796875,851.6730245231607,804.9007930911529,826.741144414169,158490,848.8607299804687,859.5166198730469,839.0442179361979,809.7339904785156,787.4220166015625,767.5217407226562,-0.5304349174591978,0.007086521937049882,-0.0028266983279588986,0.027244872892548955,-0.02916942408389267,Capital Goods,1
2023-08-21,794.9779663085938,820.3585719733074,763.4141812346321,810.0367977894579,288976,822.8119018554687,854.5402160644531,842.9435668945313,815.0830200195312,791.4297265625,773.2165934244791,-0.5838928358658501,-0.04113783525048065,0.018942451387411907,0.031926174988932354,-0.03970397471583409,Capital Goods,1
2023-08-22,841.9994506835938,845.8389967773307,789.9416723589839,789.9416723589839,149907,817.3268798828125,851.8126647949218,848.3587727864583,822.1836181640625,796.6642895507813,778.9395935058594,-0.5101927430955905,0.05914816053750507,-0.06182638038818877,0.004560033965128829,-0.06182638038818877,Capital Goods,1
2023-08-23,864.2387084960938,871.5188665262292,842.6975874138827,843.6450110764614,155510,830.7103149414063,851.1345153808594,850.4364298502604,829.264273071289,803.2680297851563,785.3345397949219,-0.4753355839542172,0.026412437436205714,-0.023828714471107793,0.008423781483710702,-0.024924966760278333,Capital Goods,1
2023-08-24,873.4635009765625,876.6049423530128,862.6929404797837,872.0673521516906,108483,840.7528686523438,851.2392272949219,852.9262898763021,835.0085754394531,810.2883251953125,791.929628499349,-0.4608769153129863,0.010673894133394334,-0.0015984054551918536,0.0035965342260300126,-0.012330864981463963,Capital Goods,1
2023-08-25,859.0029907226562,877.8016652355757,844.0937748037002,873.6130971167256,112298,846.7365234375,847.7986267089843,855.2565877278646,840.9672943115235,817.1344970703125,797.3077677408854,-0.4835418941281767,-0.016555368641893907,0.017008213652176307,0.02188429460193686,-0.017356419104447296,Capital Goods,1
2023-08-28,869.7236938476562,886.5776693905848,860.6485137053709,882.5885685159365,163677,861.6856689453125,842.2487854003906,856.9220336914062,847.6290924072266,824.4035498046875,803.1390502929687,-0.4667385791036303,0.012480402560625497,0.014791910073607362,0.019378540175635006,-0.01043455548754435,Capital Goods,1
2023-08-29,874.760009765625,882.5885961295161,861.09732666872,882.5885961295161,74702,868.2377807617188,842.7823303222656,857.2877034505208,853.3285247802735,831.3944506835937,808.5932047526042,-0.45884480553803064,0.005790707961154992,0.008949410440000083,0.008949410440000083,-0.015618778801474553,Capital Goods,1
2023-08-30,849.47900390625,883.8849983354125,831.2288799045507,880.8931727328767,94202,865.28583984375,847.9980773925781,855.8516235351562,854.1487823486328,836.4685864257813,813.6043314615886,-0.4984695111790127,-0.028900504798051476,0.03698051238720623,0.04050246594789253,-0.02148390238932074,Capital Goods,1
2023-08-31,847.2850341796875,879.5967768608934,804.651516933879,852.1717072875663,589646,860.050146484375,850.4015075683594,854.176200358073,854.7072540283203,840.0168896484375,818.581962076823,-0.5019082748533634,-0.002582723900736492,0.005767448864017588,0.03813562305215168,-0.05031779805609915,Capital Goods,1
2023-09-01,827.7384643554688,838.558876560045,813.1782699324191,835.5171991961234,116864,853.7972412109375,850.2668823242187,849.798164876302,854.8917510986328,843.5332836914063,823.2449544270834,-0.5325449939730005,-0.023069650749990022,0.009397575654179313,0.013072259742093362,-0.017590332031249933,Capital Goods,1
2023-09-04,827.9877319335938,844.6422398897071,822.8018887377771,827.7384131344569,78640,845.450048828125,853.5678588867188,843.3158732096355,854.0540374755859,847.1932836914062,827.911299641927,-0.5321542992963731,0.00030114291996699225,-0.0003011141222523106,0.020114438069293916,-0.006263188445686518,Capital Goods,1
2023-09-05,843.0465698242188,845.7890766367489,829.28418417511,829.7329701909299,73007,839.1073608398438,853.6725708007813,841.5573404947917,852.7426177978516,850.4842919921875,832.6799357096354,-0.5085515193266826,0.018187271755172273,-0.015792246964559498,0.003253090529864666,-0.016324585309656525,Capital Goods,1
2023-09-06,849.0302734375,855.861645531522,838.2597127375069,849.6286751184645,161906,839.0176147460937,852.1517272949219,845.00458984375,851.6431213378906,851.122548828125,836.8934244791667,-0.4991728381287102,0.007097714204007609,0.0007048060589662786,0.008046087763588838,-0.01268572044714722,Capital Goods,1
2023-09-07,855.0637817382812,860.1498609161595,845.9386893010229,855.6122709250959,57451,840.5733642578125,850.3117553710938,847.1254597981771,850.7754913330078,851.8804760742188,840.1096354166667,-0.48971609452718057,0.007106352375814779,0.0006414599688688849,0.005948186891437057,-0.010671826631117098,Capital Goods,1
2023-09-08,848.0828857421875,861.7954202485097,846.0883352685406,861.5461014393038,138777,844.6422485351562,849.2197448730469,848.3920043945312,848.5091857910156,852.8418505859376,843.7181111653646,-0.500657745761083,-0.008164181602806408,0.01587488195252784,0.01616886124794492,-0.002351834363337524,Capital Goods,1
2023-09-11,838.4591674804688,858.6539913180893,830.3313498353182,858.6539913180893,397447,846.7365356445313,846.0932922363281,851.2907511393229,844.1710388183594,852.590537109375,847.1171590169271,-0.5157416789484541,-0.01134761521958634,0.02408563782337203,0.02408563782337203,-0.009693754878456695,Capital Goods,1
2023-09-12,807.4439086914062,844.1934763133244,800.4130696738121,832.724811248229,130770,839.6160034179687,839.3616821289063,848.9870483398438,841.0720062255859,850.117294921875,848.672910563151,-0.5643540841166504,-0.03699078022160808,0.03130979413516721,0.045513461958585744,-0.008707526234223217,Capital Goods,1
2023-09-13,785.2545166015625,821.4057425911591,760.0234053537453,818.7130873781643,192674,826.8608520507812,832.9392333984375,843.721435546875,840.4686553955078,846.6866674804687,847.0789326985677,-0.5991330851897563,-0.027481032243843732,0.042608568393091684,0.04603759064774615,-0.03213112527771611,Capital Goods,1
2023-09-14,806.8455200195312,817.7656960614388,785.354250790711,789.1438845255184,54409,817.2171997070312,828.8952819824219,839.2802368164063,839.6483947753907,844.0638330078125,846.1032633463542,-0.5652919809358609,0.027495548209529125,-0.02193931186924647,0.013534407480682464,-0.02663616354751519,Capital Goods,1
2023-09-15,810.9842529296875,827.73846510995,784.6561617400955,806.8953878457854,163653,809.7974731445313,827.2198608398437,836.0789876302083,838.7433715820313,840.7668432617188,845.6677876790365,-0.5588050525990766,0.005129523319477642,-0.005041855090442304,0.020659109125408692,-0.03246436795101948,Capital Goods,1
2023-09-18,837.5615844726562,842.0992355016433,799.8645926416594,826.7411724854946,82356,809.6179565429687,828.17724609375,833.9348470052083,840.8725524902344,837.2604223632812,845.4284403483073,-0.5171485241772695,0.032771698645143746,-0.012918944932239662,0.005417692397919671,-0.045008023923078455,Capital Goods,1
2023-09-20,849.1300048828125,852.6703197677274,823.7493381615706,823.7493381615706,139139,817.95517578125,828.7855895996094,832.2261800130208,841.2290802001953,836.4486401367187,844.7569417317708,-0.49901652199217517,0.013812023646523777,-0.029890201235727942,0.004169343757206567,-0.029890201235727942,Capital Goods,1
2023-09-21,843.9940185546875,857.1082122323459,832.7248205816637,851.6730500320249,56347,829.703076171875,828.2819641113281,831.8605143229166,840.216845703125,838.3155395507813,843.8560689290365,-0.5070665160295996,-0.006048527667837873,0.009098443008503265,0.01553825428776845,-0.013352224927283163,Capital Goods,1
2023-09-22,834.7193603515625,850.3267419147556,811.1337770167894,847.6839382303801,75372,835.2778442382812,826.2475219726563,831.022802734375,838.279638671875,838.7742846679688,842.5995015462239,-0.521603342739098,-0.010989009399625311,0.015531660692950977,0.018697759156586224,-0.028255704198402065,Capital Goods,1
2023-09-25,812.978759765625,834.6196439005615,809.8871701070067,834.6196439005615,54904,835.6767456054688,822.737109375,830.0388224283854,835.9784271240235,838.1300463867187,839.9184936523437,-0.555678921197796,-0.026045401147495744,0.02661924911934399,0.02661924911934399,-0.0038027926578421134,Capital Goods,1
2023-09-26,816.1701049804688,837.2125888212892,807.7431167786581,823.2507350470212,45956,831.3984497070312,820.508203125,829.2509806315104,833.300747680664,838.9777319335938,836.2834269205729,-0.5506769004933846,0.003925496424732902,0.008675434230370316,0.025781983084670834,-0.010325039045643969,Capital Goods,1
2023-09-27,827.838134765625,840.7030094354869,810.8346044591159,826.7411563725013,135007,827.1400756835938,822.5476257324219,828.2370849609375,830.9546539306641,838.411279296875,834.8972127278646,-0.5323887735011757,0.014296075920883515,-0.001325112177194221,0.015540326217883482,-0.02053967991136707,Capital Goods,1
2023-09-28,834.8689575195312,875.0591358813065,830.7302410945105,837.5615518628147,120107,825.3150634765625,827.5090698242187,827.2929972330729,830.2241516113281,837.2364892578125,836.1487935384115,-0.5213688685342954,0.008492992118437253,0.00322517003301126,0.048139505008287564,-0.004957324604950353,Capital Goods,1
2023-09-29,836.7637939453125,852.1218572824649,832.7248413198666,849.1300315052678,42088,825.7239501953125,830.5008972167968,826.072998046875,829.6980895996094,835.7685009765624,836.5992289225261,-0.5183989576048398,0.0022696213683773498,0.014778647988160198,0.018354120300472898,-0.004826873072987903,Capital Goods,1
2023-10-03,822.25341796875,848.8806784866866,803.6542107890489,836.7139086425485,203805,827.5788818359375,831.6278137207031,824.3510335286459,829.4238372802735,834.2985180664062,836.3715189615885,-0.5411420944882976,-0.01734106576020286,0.017586416009702788,0.032383277388758236,-0.022619799168056454,Capital Goods,1
2023-10-04,832.5751953125,835.7166366115028,808.5408867932887,812.7793064897074,79994,830.8598999023437,831.1291748046875,823.9587687174479,829.6532104492187,832.812578125,837.6247599283854,-0.5249640440098915,0.012553036713727936,-0.02377669780969438,0.0037731622521179897,-0.028867432821116257,Capital Goods,1
2023-10-05,882.8877563476562,887.5749621417252,832.6749724436952,837.7610518117989,150922,841.86982421875,834.5049499511719,828.988358561198,831.6452697753906,833.1376879882813,838.9877034505208,-0.44610561439868535,0.06043005042478098,-0.051112617896682866,0.005308948686137738,-0.05687334946367595,Capital Goods,1
2023-10-06,883.6356811523438,919.8866712907217,871.9675491073303,889.5694807820022,179806,851.6231689453125,838.4691162109375,835.5471028645833,833.3755401611328,834.503955078125,839.6342692057292,-0.4449333390393827,0.0008471346434585602,0.006715210528755788,0.041024814764274,-0.013204686381379616,Capital Goods,1
2023-10-09,875.607666015625,891.7635371751048,861.9948345597553,884.3338244184004,45447,859.391943359375,842.5579467773438,840.1312459309896,834.402734375,835.6368603515625,839.705741373698,-0.45751621404219295,-0.009085209332254969,0.009965831435079675,0.018451038960172195,-0.01554672484517372,Capital Goods,1
2023-10-10,925.6708984375,944.4196609478045,878.998428950914,879.0482805396015,155721,880.075439453125,853.8271606445312,847.777022298177,838.2821350097656,839.5541577148438,841.9280049641927,-0.37904857477232445,0.05717541584541316,-0.05036629970391837,0.020254242130709477,-0.05042015425284241,Capital Goods,1
2023-10-11,928.4133911132812,942.2256287543682,910.811458888538,934.4468941042184,61532,899.2430786132812,865.0514892578125,853.833809407552,842.7798461914062,843.5711840820312,843.8843282063802,-0.374750072347031,0.0029627081076119832,0.006498724650774612,0.014877249480993004,-0.018959153748995705,Capital Goods,1
2023-10-12,950.253662109375,963.3678555044123,923.127825017994,927.4659478458628,166974,912.716259765625,877.2930419921875,860.5753865559896,849.9203338623047,847.8594677734375,846.4007832845052,-0.3405182734165082,0.02352429554027069,-0.023980664502705418,0.013800729129447742,-0.028545890611110014,Capital Goods,1
2023-10-13,953.2454833984375,977.1302368082967,937.4885472828454,949.6553169965019,88419,926.6382202148437,889.1306945800782,867.858817545573,858.3198822021484,852.028076171875,849.8596659342448,-0.3358289806498771,0.0031484448925155934,-0.0037662558747576513,0.025056246083335232,-0.016529777890388453,Capital Goods,1
2023-10-16,928.5629272460938,950.4032787764282,911.1605234599042,939.4332514243393,55272,937.2292724609375,898.3106079101562,874.1150553385417,864.4057525634765,854.9680419921875,852.5689290364584,-0.37451569380693867,-0.025893179230545522,0.01170661013840446,0.023520593908598064,-0.01874122181229132,Capital Goods,1
2023-10-17,947.9599609375,954.2926951909192,932.4523432318525,936.0425097245636,35060,941.6870849609375,910.8812622070312,883.1138020833333,871.2545379638672,858.963125,856.5763122558594,-0.3441133532273939,0.020889304453423997,-0.012571682037235465,0.006680381571344318,-0.016358937449542643,Capital Goods,1
2023-10-18,950.5029907226562,963.6171842530446,936.4414344254684,943.4223609866806,34842,946.1050048828125,922.6740417480469,892.0693277994792,876.9016082763671,863.4448779296876,860.6601542154948,-0.34012748307517054,0.002682634172271665,-0.007449350296722779,0.013797109171027166,-0.014793805421376982,Capital Goods,1
2023-10-19,1025.4981689453125,1058.6575703829476,937.5883329668693,950.5029985159211,280333,961.15390625,936.9350830078125,905.2466634114584,885.7200164794922,872.1670483398437,866.741874186198,-0.22258224464219264,0.07890051788857423,-0.07313047716752252,0.03233492018005091,-0.08572403017438368,Capital Goods,1
2023-10-20,1001.4139404296875,1033.8751759251097,980.7703311211267,1031.8806254773037,58857,970.78759765625,948.7129089355469,916.3496622721354,893.5910125732422,880.8134252929688,871.8213297526041,-0.26033115664475415,-0.02348539397237028,0.030423667793703313,0.03241540204792215,-0.02061446168774428,Capital Goods,1
2023-10-23,895.2041625976562,1032.030279744402,871.219643869806,1019.31502016362,233973,964.1158447265625,950.67255859375,920.2456868489584,896.6152526855469,884.3477709960938,873.1593424479166,-0.4268012411895781,-0.10605981557083045,0.13863972348589781,0.1528434773467886,-0.026792233246830888,Capital Goods,1
2023-10-25,865.1860961914062,922.479569175019,839.2070891467876,915.4986427055865,134560,947.5610717773437,944.6240783691406,923.1078653971355,899.225619506836,886.5158447265625,873.7294494628907,-0.4738506763218444,-0.03353208984098684,0.058152282769751595,0.06622098209370408,-0.03002707412772765,Capital Goods,1
2023-10-26,869.3746948242188,872.5161361934926,811.8319010142486,854.0166317037587,103919,931.3354125976563,938.7202087402344,925.5611653645833,901.8858489990234,887.788369140625,874.7599670410157,-0.46728558991679275,0.004841269007038979,-0.017665643147763088,0.0036134492848436395,-0.06618871489191991,Capital Goods,1
2023-10-27,890.2177734375,919.4877775846558,870.5714389010209,870.5714389010209,79578,904.2793334960937,932.7166198730469,926.0498331705729,905.0048309326172,889.4318798828125,877.5190958658854,-0.4346167610221999,0.023974793305314195,-0.022069133107303074,0.03287959982435784,-0.022069133107303074,Capital Goods,1
2023-10-30,876.3057861328125,902.5341133867454,867.6294791673686,892.312041936785,33245,879.2577026367187,925.0226501464844,925.5611735026042,907.0766723632812,890.7243505859375,880.5541381835938,-0.45642200108644754,-0.01562762249844501,0.01826560551951739,0.029930564956874184,-0.009901003853612478,Capital Goods,1
2023-10-31,902.4842529296875,907.4207776088357,879.5967736855285,897.497876661629,36216,880.713720703125,922.4147827148438,927.3529459635416,910.3626953125,893.4349462890625,883.7420959472656,-0.41539064154607047,0.02987366648850063,-0.00552516706177586,0.005469928880335706,-0.02536053030272889,Capital Goods,1
2023-11-01,906.32373046875,922.4297500228007,891.5640690167396,905.6755380808199,34552,888.9412475585938,918.2511596679688,926.063134765625,914.5662109375,897.1687451171875,886.920078531901,-0.4093727572836017,0.004254342972299633,-0.0007151885867479058,0.017770713722480513,-0.016285198054316274,Capital Goods,1
2023-11-02,899.143310546875,932.1531567232475,893.5585936838902,906.3237042770331,37488,894.894970703125,913.1151916503907,924.1117960611979,917.8946166992188,900.4876733398437,888.972802734375,-0.4206271364552845,-0.007922577419617261,0.007985816772401844,0.036712552703412005,-0.006211153213816489,Capital Goods,1
2023-11-03,915.2493286132812,927.465949997659,879.5468880882164,892.5613174708654,54534,899.9012817382812,902.0903076171875,921.778173828125,919.5126953125,903.98412109375,891.1767801920573,-0.39538303705197597,0.01791262624932424,-0.02478888586216288,0.013347861618087764,-0.03900843126447151,Capital Goods,1
2023-11-06,921.9310913085938,938.9346216728181,906.5231769523012,927.465956617866,46723,909.0263427734375,894.1420227050781,919.6905476888021,921.4274658203125,907.4666064453126,893.7746826171875,-0.3849102385629684,0.007300483580180515,0.006003556406169119,0.018443385329471207,-0.01671265293203472,Capital Goods,1
2023-11-07,844.3430786132812,929.4604932093209,832.5751824719903,925.4713923800963,294083,897.3981079101562,889.0559143066406,914.0758911132813,919.8642364501953,907.7697778320312,894.0954732259114,-0.5065194095517269,-0.08415814742204179,0.0960845369870944,0.10080903930169405,-0.01393733950021614,Capital Goods,1
2023-11-08,811.1837158203125,872.1670610712665,801.0613476463047,868.576894504986,273420,878.3701049804688,883.6556762695312,904.9574747721355,914.1398773193359,907.3269897460938,894.0356384277344,-0.5584924203260065,-0.03927238066240621,0.07075238021344443,0.07517821679800907,-0.012478515010340807,Capital Goods,1
2023-11-09,828.4365234375,836.6640438635573,808.7901897615088,810.685036995049,161753,864.2287475585938,879.5618591308594,896.8197102864583,909.1410339355468,907.1614428710938,894.4445190429688,-0.5314508766819653,0.021268680917417744,-0.021427696558806053,0.009931383024879281,-0.023714953554281992,Capital Goods,1
2023-11-10,855.1635131835938,866.5823267870455,828.43654908527,828.43654908527,88848,852.2115844726562,876.0564331054687,885.4640665690105,904.3865264892578,906.0524731445313,895.3553649902344,-0.4895597783906455,0.03226196454399819,-0.03125363007926385,0.013352783914905242,-0.03125363007926385,Capital Goods,1
2023-11-13,851.92236328125,866.6321728901448,843.4455238456156,853.6675949297629,57974,838.2098388671875,873.6180908203125,875.4979614257812,899.3203704833984,904.7839404296875,895.9238118489583,-0.4946398614986142,-0.003790093768474325,0.0020485806262802164,0.017266608135791506,-0.009950248756218971,Capital Goods,1
2023-11-15,869.5242919921875,880.394555410466,844.0937737848948,858.65396770506,103386,843.2460815429688,870.3220947265625,873.7859700520834,896.3684387207031,904.54060546875,897.0158284505209,-0.46705111571199015,0.02066142346955444,-0.012501461301583916,0.012501391299112985,-0.02924647240047573,Capital Goods,1
2023-11-16,876.9539794921875,883.5858843486657,865.2359951342904,865.2359951342904,49200,856.4001342773438,867.3851196289063,874.5704956054688,892.8181396484375,902.5919287109375,898.839180501302,-0.45540604186367994,0.008544542767146468,-0.013362142862596404,0.007562432022166554,-0.013362142862596404,Capital Goods,1
2023-11-17,897.1488037109375,904.0300273844047,870.1725199765466,876.9539796022401,112470,870.1425903320312,867.1856689453125,876.4221028645833,890.1504302978516,901.3413452148437,900.9916341145833,-0.42375326785656503,0.0230283739979652,-0.02251000505731504,0.007670102936105927,-0.03006890676642171,Capital Goods,1
2023-11-20,901.6864013671875,909.0163497798036,894.1070732843575,906.5231617661453,30480,879.44716796875,865.8293762207031,877.1866780598958,883.9598419189454,899.3986547851563,901.6182556152344,-0.4166411706383509,0.005057798257636667,0.005364127030887955,0.008129154883008027,-0.008405725173783019,Capital Goods,1
2023-11-21,916.2964477539062,921.9310770193725,897.1487516112518,907.4705865220376,47324,892.3219848632813,865.2659118652343,879.8527221679688,879.7039672851563,897.920693359375,902.7069478352864,-0.3937418132830681,0.01620302398324537,-0.00963210242002277,0.006149351860174068,-0.020896835505136657,Capital Goods,1
2023-11-22,964.5147705078125,976.7812437579905,915.4986682263662,922.2801276690878,170973,911.3200805664062,877.2830810546875,883.9880900065104,883.1694976806641,899.3587670898437,905.6705179850261,-0.3181658312096777,0.052623059788240556,-0.04378848736187657,0.012717766098822691,-0.05081944183772269,Capital Goods,1
2023-11-23,949.804931640625,967.0577805506126,930.0089822573173,961.3732996960674,61799,925.8902709960937,891.1452026367188,886.8868367513021,887.400439453125,899.4325659179688,906.4749857584635,-0.3412216003662057,-0.01525102498891006,0.012179730458400595,0.018164623424502757,-0.02084212107544403,Capital Goods,1
2023-11-24,954.6915893554688,964.913660718338,939.4831417180292,949.8049771277005,73231,937.398828125,903.7707092285157,890.5900553385417,891.6662841796875,899.6001098632812,907.3509256998698,-0.33356239667011883,0.005144906656151898,-0.005118524434752136,0.010707197462345164,-0.015930220614708723,Capital Goods,1
2023-11-28,948.8076782226562,982.3161016049922,945.6662369004406,960.2763433682983,97897,946.8230834960938,913.1351257324219,892.8272786458333,894.5957794189453,896.532490234375,907.3027262369792,-0.34278466606684593,-0.006163153837759109,0.012087449763397373,0.035316349299686634,-0.003310935813778726,Capital Goods,1
2023-11-29,960.2264404296875,971.3460837025701,943.4722285724481,960.575523284977,38238,955.60908203125,923.9655334472657,895.380301920573,898.7918121337891,894.884990234375,907.5354248046875,-0.32488723375126444,0.012034854343107049,0.00036354222357504185,0.011580230250592516,-0.01744818841870477,Capital Goods,1
2023-11-30,980.321533203125,987.252608098931,942.425075154581,960.2264133377392,72888,958.7704345703125,935.0452575683594,904.4455322265625,902.6836761474609,898.2896850585937,909.2607116699219,-0.2933907758806845,0.020927452033548708,-0.020498498895282324,0.007070205703999299,-0.038657171922685696,Capital Goods,1
2023-12-01,988.549072265625,1007.2479828381148,978.9253419434438,986.2553514091695,62296,966.5192626953125,946.2047668457031,916.2698893229167,906.7949432373047,903.2242041015625,910.613682047526,-0.2804951729400939,0.008392694420999967,-0.002320290333385877,0.018915510718789497,-0.00973520747950829,Capital Goods,1
2023-12-04,1016.9215698242188,1029.387449399255,978.4766216690441,997.2752355108844,81558,978.9652587890625,958.1820434570312,928.8355590820313,912.6838562011719,909.1260791015625,912.8276346842448,-0.23602495406065593,0.02870115238039494,-0.019319419408844185,0.012258447401397143,-0.03780522441059053,Capital Goods,1
2023-12-05,979.8727416992188,1044.9450097740232,962.4204255903416,1026.9940560620353,109845,985.178271484375,966.0006774902344,937.1495076497396,915.9150268554688,912.7122778320313,911.306787109375,-0.2940941984950923,-0.03643233581071952,0.04808921848474168,0.06640889710021036,-0.017810798653927984,Capital Goods,1
2023-12-06,965.66162109375,990.2943321642545,953.395147582102,979.8727935341736,79546,986.2653076171875,970.9371948242188,944.7321248372396,918.1015533447265,916.2865112304687,910.1150431315104,-0.31636829130423477,-0.014503026771440683,0.014716513662754283,0.02550863628876998,-0.01270266234434625,Capital Goods,1
2023-12-07,958.032470703125,979.872761642584,953.3951165522715,965.3624192705008,102025,981.8074951171875,970.28896484375,950.6326700846354,923.7860229492187,918.5084399414062,912.2093200683594,-0.3283259974256151,-0.007900438646390333,0.007651043979747474,0.02279702578705911,-0.004840497887769968,Capital Goods,1
2023-12-08,961.4231567382812,977.3297085564129,950.6525966136742,953.395103448909,54490,976.3823120117188,971.4507873535156,956.2639485677083,931.2979949951172,920.7124169921875,915.4172220865886,-0.32301153577755404,0.003539218282098244,-0.00835017674902705,0.01654479789325669,-0.011202725926788837,Capital Goods,1
2023-12-11,919.687255859375,971.8945913111637,912.5068618220866,958.132204913191,77197,956.93544921875,967.9503540039062,957.7665120442708,935.8605316162109,921.5341748046875,917.094307454427,-0.3884271603055866,-0.04341054257575741,0.041802198311307714,0.0567664008815747,-0.007807430179706976,Capital Goods,1
2023-12-12,905.0771484375,937.2891271047237,903.0825979210298,936.1422970790641,63747,941.9763305664062,963.5773010253906,957.9925618489583,938.3562133789062,921.1272875976563,917.5896199544271,-0.41132661332557957,-0.015885951804587104,0.03432320514907938,0.03559031263007095,-0.0022037353610281363,Capital Goods,1
2023-12-13,894.8550415039062,915.7978210951591,870.8207330824365,905.0771124948749,85389,927.8150146484375,957.0401611328125,956.563134765625,940.5028472900391,920.0442456054687,918.2079284667968,-0.427348443332161,-0.011294182988976035,0.01142315851938358,0.023403544283614908,-0.02685832599331095,Capital Goods,1
2023-12-14,942.6245727539062,947.1123113516745,890.1180068124768,890.1180068124768,81802,924.7334350585937,953.2704650878907,955.1037882486979,944.157861328125,923.9755053710937,919.5459391276041,-0.35247588387317824,0.05338242400659423,-0.055702521936204064,0.004760897103135431,-0.055702521936204064,Capital Goods,1
2023-12-15,952.8466186523438,959.8275451742444,945.0179716743316,947.112286152211,34725,923.0181274414062,949.7002197265625,955.3065673828125,947.9524932861328,929.642021484375,921.0967020670573,-0.3364541495313071,0.010844238728652578,-0.006018106574427584,0.007326390612346412,-0.008216062086765397,Capital Goods,1
2023-12-18,933.5992431640625,955.7886173227631,929.7098453684805,944.7188256031799,33072,925.8005249023438,941.3679870605469,953.9004109700521,949.775015258789,933.8485302734375,922.2452331542969,-0.366621920241339,-0.020199867545842506,0.01191044500146754,0.023767557997903532,-0.004166025009189611,Capital Goods,1
2023-12-19,929.211181640625,946.9626682950851,925.4713995841159,946.4640306875506,15524,930.6273315429687,936.3018310546875,952.5939778645833,951.151254272461,936.8104370117187,922.7106282552083,-0.3734996389194608,-0.00470015539919025,0.018567199133854295,0.01910382376492481,-0.0040246847330291935,Capital Goods,1
2023-12-20,898.7943115234375,947.0624575661059,887.5749650550451,930.8068224323772,34336,931.415185546875,929.6151000976563,948.4985026041667,950.2761474609375,938.6853149414062,921.9394022623698,-0.42117414726844693,-0.03273407672891232,0.03561717124653274,0.05370321710298187,-0.012482662968099745,Capital Goods,1
2023-12-21,894.0073852539062,912.2575096492329,873.2141603464952,887.5749478959467,50141,921.691748046875,923.2125915527344,942.7442260742188,946.7507781982422,939.664638671875,923.5948791503906,-0.4286770348279987,-0.005325941884765059,-0.0071950606494516345,0.02041384075383612,-0.023258448700069323,Capital Goods,1
2023-12-22,904.9275512695312,914.3019017363937,887.5749382417598,894.0073755297534,29432,912.1079345703125,917.5630310058593,937.1694580078125,944.5069091796875,940.7835815429687,926.7196736653646,-0.4115610875303822,0.012214849894694743,-0.012067458576609624,0.01035922760193464,-0.019175693129717786,Capital Goods,1
2023-12-26,895.1043701171875,915.7978311305432,889.5695047669033,915.698127955127,25039,904.4089599609375,915.1047424316406,929.0483113606771,941.5275482177734,940.7018041992187,928.9419352213541,-0.4269576529908234,-0.010855212816277632,0.023007102328461926,0.02311848953507667,-0.006183486010195249,Capital Goods,1
2023-12-27,893.1098022460938,907.5204412060473,887.5749370037166,887.5749370037166,20509,897.1886840820313,913.9080078125,923.2641153971355,938.7426544189453,940.358740234375,930.2068115234375,-0.43008388005681414,-0.0022283076004115812,-0.006197295370017675,0.016135349677847133,-0.006197295370017675,Capital Goods,1
2023-12-28,876.1062622070312,901.4869281920346,872.6157990109873,899.1932074084039,38698,892.65107421875,912.0331298828125,917.2937581380208,934.5366455078125,938.7511328125,931.0129414876302,-0.4567347290242279,-0.019038577335396017,0.026351763704112185,0.028969848841242207,-0.003984063745019917,Capital Goods,1
2023-12-29,885.6302490234375,902.334608997598,871.1697582995374,884.4834190390583,156653,890.9756469726562,906.3336975097657,912.466943359375,929.8020812988282,935.595751953125,931.5498067220052,-0.4418071119733919,0.010870812397133228,-0.0012949309100991346,0.01886155084763641,-0.016327909688998665,Capital Goods,1
2024-01-01,897.3482666015625,902.5341101263349,885.5804307095971,885.5804307095971,50045,889.4597900390625,900.7838623046875,908.1952840169271,925.242041015625,933.4974853515625,932.2296162923177,-0.42344063558349493,0.013231275231448075,-0.013114011950491222,0.005779075658564725,-0.013114011950491222,Capital Goods,1
2024-01-02,897.6973266601562,906.9221225790494,885.5804082137458,904.5286376687698,77692,889.9783813476563,897.1936706542969,906.7292887369791,919.2808288574219,931.21771484375,932.247900390625,-0.4228935291056222,0.0003889906200139109,0.007609815475366322,0.010276064821551412,-0.013497777131063593,Capital Goods,1
2024-01-03,906.6228637695312,922.7288826645247,890.5169057433857,897.5975353455013,93638,892.6809936523438,894.9348388671875,906.8323364257812,915.6183349609375,929.530322265625,932.4124491373698,-0.4089039045387068,0.00994270211607076,-0.009954887290735903,0.01776484968405523,-0.01776478254605307,Capital Goods,1
2024-01-04,910.7117309570312,913.8032597503463,899.4425332947837,913.7534081637796,34934,899.6020874023437,896.1265808105469,907.8894490559895,912.8708404541015,927.5497338867187,932.2262919108073,-0.4024951342701901,0.004509997873315727,0.0033398902236077,0.003394629374177782,-0.012374055674461482,Capital Goods,1
2024-01-05,912.9556274414062,921.8313405250797,902.5340890460548,921.8313405250797,31155,905.0671630859375,898.0214050292968,905.9115193684896,910.6169982910156,924.85509765625,930.5076538085938,-0.39897811686286166,0.0024638932475559276,0.009721954514424702,0.009721954514424702,-0.011415164200869521,Capital Goods,1
2024-01-08,908.5675659179688,921.7814624216903,907.0218015196049,913.304623155152,19611,907.3110229492188,898.3854064941406,902.9595825195313,907.97421875,921.6558374023438,929.1330749511719,-0.4058558355409835,-0.00480643460814762,0.005213764407710375,0.014543658610981725,-0.0017013202499718272,Capital Goods,1
2024-01-09,931.255615234375,940.2809440630076,902.7335674638247,917.094294526448,84880,914.0226806640625,902.0005310058593,902.8033406575521,908.55263671875,918.22919921875,928.351875813802,-0.3702952537852025,0.02497122962284422,-0.015206695644313428,0.00969156983430497,-0.03062751762669591,Capital Goods,1
2024-01-10,926.8676147460938,935.6436245171349,917.4932033211426,934.4468820781636,59815,918.071630859375,905.3763122558594,902.6471028645833,909.6421600341797,916.108994140625,927.6205403645833,-0.37717287679861405,-0.004711918421213379,0.008177292216802856,0.009468460901447262,-0.010114078079553113,Capital Goods,1
2024-01-11,913.8032836914062,928.9618794045745,907.5204618981887,928.4133902002741,93861,918.68994140625,909.1460144042969,903.6477010091146,910.5895721435547,914.0346606445313,926.0731018066406,-0.39764952536702397,-0.01409514244196173,0.015988240324382286,0.016588467106326776,-0.006875464233218054,Capital Goods,1
2024-01-12,926.6681518554688,930.9065715645165,911.6092594267188,915.997294767155,55947,921.4324462890625,913.2498046875,905.8250854492187,909.7917510986329,912.780087890625,924.2846557617188,-0.37748550907168416,0.014078378129802168,-0.011515294948841626,0.004573826887825039,-0.016250577295224278,Capital Goods,1
2024-01-15,929.2610473632812,934.197571926736,899.2430872806158,926.4686888923809,46652,925.571142578125,916.4410827636718,907.4473185221354,908.6124725341797,911.493603515625,922.3083882649739,-0.3734214808511933,0.0027980841929451683,-0.00300492362057303,0.005312311946639614,-0.032303043550399035,Capital Goods,1
2024-01-16,894.6555786132812,929.261041040914,887.5749488742955,929.261041040914,59038,918.2511352539062,916.1369079589844,907.4173990885416,906.6652893066406,910.4923364257812,918.2328552246094,-0.4276610756052311,-0.037239771158159275,0.03868020638877745,0.03868020638877745,-0.007914363815805792,Capital Goods,1
2024-01-17,876.3555908203125,907.5204411339794,872.6158087826725,894.6555665769584,35004,908.14873046875,913.1101806640625,906.3004516601562,904.022509765625,909.3434741210938,914.7822835286458,-0.4563439386828903,-0.020454785316751486,0.020881906783428272,0.03556187766714092,-0.004267425320056861,Capital Goods,1
2024-01-18,869.8733520507812,887.5749880483753,841.1518365214132,877.6022353736744,67808,899.362744140625,909.0263427734375,905.8849243164062,902.5764617919922,908.3442065429688,911.5893412272136,-0.46650400923411744,-0.007396813391084264,0.008885067354542864,0.020349670392662667,-0.03301804275490827,Capital Goods,1
2024-01-19,881.8406372070312,884.5831441364284,868.6267401835728,877.7019205842191,221969,890.3972412109375,905.91484375,905.6322835286459,901.9681243896484,905.9128491210937,909.0496134440104,-0.44774683816759314,0.013757502891698395,-0.00469327047109136,0.0031099802092169337,-0.014984450098953883,Capital Goods,1
2024-01-23,859.2523193359375,904.7779582252031,852.7201787112781,894.6555902281885,31677,876.3954956054688,900.9833190917968,903.0925537109375,899.6843627929687,902.1690771484375,905.6439188639323,-0.48315110378683906,-0.025614965922454595,0.04120241528077817,0.05298285249255952,-0.007602121609293633,Capital Goods,1
2024-01-24,844.9414672851562,875.70738482696,834.719395830836,870.671156918358,94496,866.4526733398437,892.351904296875,899.5754964192708,897.1762176513672,898.6227661132813,903.152392578125,-0.5055815127325166,-0.016655005437566015,0.030451446200022048,0.036411892104971866,-0.01209796400118024,Capital Goods,1
2024-01-25,889.02099609375,894.5558613228138,848.6812017677977,848.6812017677977,272877,868.9857543945312,888.5672424316406,898.4020385742188,896.97177734375,897.0151586914062,902.6171875,-0.4364925546606206,0.052168736551922015,-0.045375524878715434,0.006225798100813584,-0.045375524878715434,Capital Goods,1
2024-01-29,895.403564453125,907.4207799857044,888.5722532955314,898.2956870437148,32076,874.091796875,886.7272705078125,897.381494140625,897.9366424560546,896.8795288085937,902.6354715983073,-0.4264887045812182,0.007179322409053586,0.003229965465187945,0.013421004795663327,-0.0076293097646600305,Capital Goods,1
2024-01-30,897.8468627929688,908.6174229280304,892.5613163337009,895.4035263454364,19015,877.2930419921875,883.8451416015625,896.3742431640625,898.5474731445313,897.0331079101562,901.142881266276,-0.4226591505655299,0.0027287118756736404,-0.002721328712929738,0.011995987936692432,-0.005886913101000202,Capital Goods,1
2024-01-31,910.6619262695312,918.4905126979725,892.2123339949248,897.8469026818047,46101,887.5749633789062,881.9852294921875,896.5138671875,899.2131561279297,897.2624829101562,899.7367248535156,-0.4025731966737474,0.014273106035809002,-0.014072207498805223,0.008596589143141653,-0.02025954060710977,Capital Goods,1
2024-02-01,915.3490600585938,924.0253668712845,898.1460620676303,922.4796024139825,23740,901.6564819335938,884.0545776367187,895.4534301757812,900.0957427978516,898.0722705078125,899.1283854166667,-0.3952267209154409,0.0051469526218835635,0.0077899706970063765,0.009478686537500058,-0.018793921075160425,Capital Goods,1
2024-02-02,912.90576171875,926.418828790534,900.5395246298918,915.7978233385555,23039,906.4334350585938,887.7095947265625,894.5226399739583,900.4098876953125,898.8641088867188,898.5848714192708,-0.3990562749311292,-0.002669253125892049,0.003167973892902687,0.014802258500748788,-0.013546017132782584,Capital Goods,1
2024-02-05,900.0408935546875,926.5185386926927,898.5449807122144,899.5422559405298,25378,907.3609008789062,890.7263488769531,893.605147298177,899.8763458251954,899.821494140625,898.6264241536459,-0.419220291226469,-0.014092219266796496,-0.0005540166204985875,0.029418269022680077,-0.0016620498614957624,Capital Goods,1
2024-02-06,927.8150024414062,935.4441824346018,900.5395487616689,904.9774357881405,37786,913.3545288085937,895.3237854003906,893.6816040039063,900.6193145751953,901.5088842773438,899.7533447265625,-0.3756879691662413,0.03085871884890213,-0.024614353716174153,0.00822273834020848,-0.029397513090396288,Capital Goods,1
2024-02-07,964.7640991210938,969.35154091368,917.4932280252938,927.8150024930382,122294,924.1749633789062,905.8749633789063,896.0484741210937,903.4291412353516,904.205517578125,901.7478963216146,-0.31777504086834,0.0398237758415864,-0.03829858165505584,0.00475498808129915,-0.048997336383955425,Capital Goods,1
2024-02-08,1011.3367919921875,1022.2071164068836,965.3624279823057,975.0360099406091,120323,943.372509765625,922.5144958496094,903.8272216796875,907.4332000732422,908.7510961914063,905.6223103841146,-0.24477837071248812,0.048273658724989635,-0.035893860817691636,0.010748471232103762,-0.04545900472909614,Capital Goods,1
2024-02-09,1001.513671875,1031.1826106235997,962.3706182318895,1031.1826106235997,43310,961.094091796875,933.7637634277344,912.17109375,911.1655029296875,912.546728515625,909.2357727050781,-0.2601748405082191,-0.009713005790916962,0.029624097585262632,0.029624097585262632,-0.03908389345282548,Capital Goods,1
2024-02-12,927.6654052734375,1023.4037638171549,890.2675851904042,1023.1544450166012,64677,966.618994140625,936.9899475097657,916.0238972981771,911.858609008789,913.2248754882812,910.9544108072917,-0.3759224433710439,-0.07373665350299839,0.10293478575394066,0.10320354515699304,-0.04031391045784438,Capital Goods,1
2024-02-13,956.0877685546875,965.2128003246949,887.5749485543097,912.506829131678,73142,972.2735473632813,942.8140380859375,920.9737060546875,913.32958984375,914.9501611328125,913.3029947916667,-0.33137406642333833,0.030638593527018785,-0.045582571868784116,0.009544136082612509,-0.07165955077947317,Capital Goods,1
2024-02-14,911.9085083007812,956.0877894768894,889.7689856898262,946.3145042504607,144701,961.7024291992187,942.9386962890625,924.4841186523438,912.461962890625,915.083798828125,913.7883361816406,-0.40061934063176946,-0.046208373024886396,0.037729657785286363,0.048447054473074624,-0.024278227924651175,Capital Goods,1
2024-02-15,898.7444458007812,918.3907799257852,893.458899277011,911.9084909571039,64768,939.1839599609375,941.2782348632812,928.0709838867188,912.66640625,913.7833520507812,913.8232401529948,-0.4212523053367144,-0.01443572724694658,0.014647150497373529,0.021859755814678916,-0.005881033867264462,Capital Goods,1
2024-02-16,900.1904907226562,923.4269908920321,896.5504118664269,902.5340631135888,47427,918.9193237304687,940.0067077636719,928.8156168619792,913.8581512451171,912.7162670898438,913.608827718099,-0.41898581702166643,0.0016089611775976808,0.002603418293222859,0.025812870063448567,-0.004043676192699186,Capital Goods,1
2024-02-19,933.3997802734375,942.3254059142646,896.5005961079503,903.6809900652747,122330,920.0661987304687,943.3425964355469,931.3486979166667,917.03447265625,913.500126953125,914.3650960286458,-0.3669345525144091,0.036891402312105574,-0.03183929419766596,0.009562489545703823,-0.039532025767862966,Capital Goods,1
2024-02-20,921.4822998046875,935.8929388531085,915.4986485072545,933.4496023995536,49567,913.1451049804688,942.709326171875,932.924393717448,919.0165557861328,913.2926928710938,914.6493184407552,-0.38561366117737617,-0.012767820092328283,0.01298701298701288,0.015638541349600965,-0.00649350649350644,Capital Goods,1
2024-02-21,922.3299560546875,934.4468742356994,919.0888116136351,925.5711004957398,32403,915.22939453125,938.4659118652344,933.7022623697917,922.1704376220703,913.01544921875,915.1080647786458,-0.38428506968153847,0.000919883377227826,0.003514083457634154,0.013137292247172194,-0.003514083457634376,Capital Goods,1
2024-02-22,922.6790771484375,940.1812456818716,919.0389981239002,931.5547903874756,30489,920.0163208007813,929.6001403808593,934.1909301757812,926.0573181152344,914.1363891601562,914.8221801757812,-0.38373786753895556,0.0003785208226819206,0.009619502011976477,0.018968858151118928,-0.003945119288699006,Capital Goods,1
2024-02-23,923.9755249023438,936.2419983802722,921.1831663586541,922.6790792430077,30881,924.7733276367187,921.8463256835937,934.9289143880209,927.805044555664,916.0411865234375,914.7257771809896,-0.3817058534287101,0.001405090660463391,-0.001403116883938127,0.013275755847780513,-0.003022113106280311,Capital Goods,1
2024-02-26,923.1776733398438,937.7877186334673,918.5403192694761,927.2166257633762,19533,922.72890625,921.3975524902344,936.471366373698,929.19375,918.173359375,915.0382568359375,-0.3829563825209905,-0.000863498589515481,0.004375054271969603,0.01582582174108249,-0.0050232519744447535,Capital Goods,1
2024-02-27,924.42431640625,935.7433662838981,919.587494863603,926.9175045615779,19251,923.3173095703125,918.2312072753906,936.2453206380209,930.5226226806641,919.8767065429688,914.9634623209636,-0.38100243081430235,0.0013503825995879895,0.002697017063571172,0.01224443113055651,-0.0052322526104142675,Capital Goods,1
2024-02-28,912.1578369140625,930.1586431045034,904.7281240858117,922.479611462344,50332,921.2828857421875,918.2561401367187,932.7382364908855,930.5974182128906,921.9929272460937,914.3933553059895,-0.40022855029043186,-0.013269317211250034,0.01131577686511065,0.019734310732164362,-0.008145205278711876,Capital Goods,1
2024-02-29,917.1441650390625,926.4686638421412,907.7199021943476,911.0108981913843,37085,920.1759033203125,920.0961120605468,926.4587280273438,930.6871734619141,924.88103515625,915.1429748535156,-0.3924131261225202,0.0054665189764408935,-0.0066873530699690376,0.010166884507935015,-0.010275661345251597,Capital Goods,1
2024-03-01,936.6907348632812,942.4250672832587,912.2574923781597,921.7814583975701,41063,922.7189453125,923.7461364746093,922.1371988932292,931.8764221191407,926.7878247070313,917.1541463216146,-0.3617764070028831,0.021312428917198895,-0.01591696801387421,0.006121905775885006,-0.026084642001597103,Capital Goods,1
2024-03-04,995.4801635742188,1012.2343755474408,923.8259005671117,935.4441815403935,142042,937.179443359375,929.9541748046875,926.6581827799479,936.6483856201172,930.790888671875,921.3410400390625,-0.26963158410974875,0.0627629019086202,-0.06030856689124697,0.01683028209529258,-0.07197959902067386,Capital Goods,1
2024-03-05,1066.535888671875,1144.0242429182981,986.7539354312667,998.2724515445499,1689840,965.6017578125,944.4595336914062,934.0213907877604,943.5844299316407,937.5384497070313,927.497548421224,-0.15826092873461567,0.07137834353477666,-0.06400481957745607,0.07265423983333275,-0.07480475255263885,Capital Goods,1
2024-03-06,1099.99462890625,1129.9128871720593,1054.1698786908676,1084.0382244978184,765740,1003.1691162109375,962.2260009765625,946.5604654947916,950.3459564208985,945.1117578125,935.5222920735677,-0.10581868255660022,0.031371415242332036,-0.01450589301903904,0.027198549410698325,-0.041659067245580106,Capital Goods,1
2024-03-07,1086.6810302734375,1125.9237880882276,1070.1760757387983,1089.024602827586,187409,1037.0764892578125,978.6261962890625,959.0895711263021,954.113168334961,951.9650366210938,943.5802775065105,-0.12668602580163751,-0.01210333058266886,0.0021566333531732873,0.03611248997777716,-0.015188407706432594,Capital Goods,1
2024-03-11,1152.05224609375,1237.5188025707519,1092.0662410500856,1096.6536825578348,1128890,1080.1487915039063,1001.4338684082031,975.8803548177083,961.6400970458984,961.5308959960937,952.3479858398438,-0.024225103214871663,0.06015676541612527,-0.04808684998771051,0.07418635462653045,-0.05206882348179798,Capital Goods,1
2024-03-12,1135.647216796875,1168.5073883375403,1107.0254651652208,1155.6426347097633,328467,1108.1822021484375,1022.6808227539062,989.3635172526042,972.0391876220704,970.9551489257813,960.3561075846354,-0.04993786403365461,-0.014239831008098235,0.01760706812568613,0.028935193125686043,-0.0252030306668497,Capital Goods,1
2024-03-13,989.795654296875,1176.236207688245,951.1013879953614,1136.8937490160579,397424,1092.8341552734375,1029.2179565429688,993.9177408854167,973.7245819091797,973.434375,963.4210673014323,-0.278541316898116,-0.12843034380991875,0.1486146095717884,0.1883626712059192,-0.039093186693167525,Capital Goods,1
2024-03-14,1051.926025390625,1078.9521614227283,978.4267634188568,989.546407258392,208248,1083.2204345703126,1043.194775390625,1002.5574788411458,980.7254577636719,976.9208520507813,968.1298706054688,-0.18115999909576766,0.06277090713020538,-0.059300384843191556,0.025692049991887345,-0.06987113180746218,Capital Goods,1
2024-03-15,1044.79541015625,1072.2702694660677,968.154772862355,1071.073587895342,210874,1074.843310546875,1055.9598999023438,1010.6985677083334,988.0280059814453,978.2591967773437,972.4447489420573,-0.1923363158638932,-0.006778628023512488,0.02515150572413205,0.026296879793632266,-0.07335468413134905,Capital Goods,1
2024-03-18,1019.7139282226562,1062.5967633459563,1008.5444334121198,1048.1362724322853,73014,1048.3756469726563,1064.2622192382812,1017.0811279296875,994.0041778564453,978.98720703125,976.0050211588542,-0.23164829356709493,-0.024006118030172812,0.027872860635696828,0.04205378973105156,-0.010953557170690686,Capital Goods,1
2024-03-19,1002.5109252929688,1048.08635462414,979.5735949952933,1023.7030239375603,184374,1021.748388671875,1064.9652954101562,1022.3700113932292,997.4597351074219,981.9810278320313,979.4206888834635,-0.2586117748075788,-0.016870420667561184,0.021139020144242737,0.04546127945473777,-0.02287988062670976,Capital Goods,1
2024-03-20,1002.959716796875,1024.3013703212391,982.5654260514211,1009.4420058294395,73917,1024.381201171875,1058.6076782226562,1027.6057047526042,1001.5336059570312,983.8559057617188,981.9255126953125,-0.25790835219317104,0.0004476674443972742,0.006463159909619209,0.021278674673517628,-0.020334107545801117,Capital Goods,1
2024-03-21,1028.8887939453125,1043.1498782609765,1003.3087211192087,1004.8544855336842,88436,1019.7737548828125,1051.4970947265624,1035.3877685546875,1006.8615478515625,988.5351171875,984.0630025227864,-0.21726787865884184,0.025852560889729932,-0.02335948117334219,0.013860666380648645,-0.02486184413382131,Capital Goods,1
2024-03-22,1062.746337890625,1094.9582537068657,1031.9804224147658,1031.9804224147658,136620,1023.3639404296875,1049.1036254882813,1045.094580078125,1013.8649108886718,995.0951928710938,985.7766540527343,-0.16420055926410668,0.0329069031994065,-0.028949443887921977,0.030310069927105943,-0.028949443887921977,Capital Goods,1
2024-03-26,1026.7945556640625,1062.0981232637496,1020.4618822813443,1052.1253709326345,90187,1024.7800659179688,1036.5778564453126,1051.1015014648438,1019.0058624267579,1000.15935546875,986.6193501790365,-0.22055032619665743,-0.03382912831101429,0.024669798966931333,0.03438230890974592,-0.006167420101504839,Capital Goods,1
2024-03-27,1048.3856201171875,1100.9918902348395,1007.8463563330108,1042.950518629497,134426,1033.9550048828125,1027.8516967773437,1054.6285319010417,1025.266259765625,1004.7587890625,990.6433573404948,-0.18670912627805178,0.021027638230085213,-0.005184257951843074,0.05017835909631385,-0.03866827530469685,Capital Goods,1
2024-03-28,1092.0662841796875,1134.8992064120214,1067.0844910903893,1078.5032437252023,313254,1051.776318359375,1038.078759765625,1056.3305582682292,1033.6483581542968,1011.5821484375,995.1759745279948,-0.11824533708758567,0.04166469209833059,-0.012419612848567296,0.03922190699670591,-0.022875711347561167,Capital Goods,1
2024-04-01,1143.2763671875,1165.814763415835,1094.210352006249,1121.9845650175655,135779,1074.6538330078124,1047.2137939453125,1059.2160074869792,1045.2042846679688,1020.4200048828125,1002.8882364908854,-0.037980157912274326,0.04689283402452011,-0.018623495404101686,0.01971386523433538,-0.04291702040684631,Capital Goods,1
2024-04-02,1098.39892578125,1161.2272631612425,1085.1850294275214,1133.8021952572776,110064,1081.7843505859375,1052.5741455078125,1059.9972005208333,1054.267022705078,1027.448798828125,1009.5433858235677,-0.10831974074116106,-0.03925336226152394,0.03223170438813616,0.05719992609725555,-0.012030143187121256,Capital Goods,1
2024-04-03,1161.4267578125,1174.790270809315,1098.6483281141636,1099.9447129255752,190632,1108.710791015625,1066.745428466797,1060.62216796875,1065.503823852539,1036.9468481445313,1018.2512613932291,-0.009531769039417723,0.05738154922759112,-0.05293665267599279,0.011506117718507403,-0.054052852903593296,Capital Goods,1
2024-04-04,1171.74853515625,1192.7412283809463,1136.9935161851656,1166.81207124223,117484,1133.3833740234375,1083.669189453125,1063.0289225260417,1074.3172424316406,1046.8896826171874,1026.196219889323,0.006646281438988491,0.008887153041996937,-0.004212903849170724,0.01791569828751438,-0.0296608170851691,Capital Goods,1
2024-04-05,1152.4512939453125,1185.5609064196794,1144.4233009510222,1165.4657850977517,63042,1145.4603759765625,1098.6183471679688,1073.8726318359375,1078.6130126953126,1056.01076171875,1033.8951863606771,-0.023599647339310973,-0.016468756419963655,0.01129287738303053,0.028729728230873164,-0.006966014994705061,Capital Goods,1
2024-04-08,1150.7060546875,1168.806625323108,1141.9301052874237,1157.0886408115493,48658,1146.9463134765624,1110.8000732421874,1080.4579671223958,1081.148583984375,1065.5526904296876,1041.507722981771,-0.026335084063964145,-0.0015143713812302052,0.005546669453983855,0.015729969058452253,-0.007626577929547462,Capital Goods,1
2024-04-09,1167.65966796875,1204.4092355090315,1151.8528800660326,1157.0885749754239,120608,1160.7984619140625,1121.29140625,1088.6489176432292,1085.1975158691407,1075.573310546875,1049.6737426757813,0.00023751117047183308,0.01473322679774561,-0.009053231248207338,0.03147284140096285,-0.013537153278758596,Capital Goods,1
2024-04-10,1207.9495849609375,1218.8696996964661,1139.3869150199143,1171.7983589920343,117873,1170.10302734375,1139.4069091796875,1101.1979614257812,1087.9923828125,1086.4236645507813,1059.1395446777344,0.06338674304816665,0.034504845973035506,-0.029927760577915352,0.009040207365841102,-0.056759545923632526,Capital Goods,1
2024-04-12,1136.893798828125,1202.9632849442332,1124.9264956825657,1202.7638785868883,235472,1163.132080078125,1148.2577270507813,1110.1568196614583,1088.0547119140624,1092.0802099609375,1066.2634155273438,-0.0479840079916767,-0.058823469967176065,0.05793863932291665,0.058114035087719396,-0.010526315789473717,Capital Goods,1
2024-04-15,1176.2362060546875,1190.0983559192236,1080.5976101297388,1113.9564174449863,188543,1167.8890625,1156.6747192382813,1121.708585611979,1097.3767395019531,1096.46822265625,1074.6571451822917,0.013680124924224874,0.03460517355896869,-0.05294836894929389,0.011785175284675375,-0.08130900531087903,Capital Goods,1
2024-04-16,1204.259765625,1230.5877345898148,1157.5872356642826,1157.5872356642826,133103,1178.5998046875,1162.7730590820313,1133.3999837239583,1104.993426513672,1100.638828125,1084.3938761393229,0.05760342865521068,0.023824772121501574,-0.03875619803381436,0.021862367004473304,-0.03875619803381436,Capital Goods,1
2024-04-18,1168.9561767578125,1210.1435704170187,1160.878271800636,1204.6585566915942,67094,1178.8591064453126,1169.8287841796875,1140.4806396484375,1111.20146484375,1103.929833984375,1092.7876098632812,0.0022696209454275123,-0.029315592760724058,0.030542102983539543,0.03523433510864593,-0.0069103573921660555,Capital Goods,1
2024-04-19,1194.237060546875,1204.658537766381,1138.9381990061922,1166.8119923506001,66334,1176.1166015625,1173.109814453125,1151.6434733072917,1119.9276214599608,1105.6172265625,1101.3724873860676,0.041894135256989144,0.021626887552945676,-0.022964509394572064,0.008726472794885254,-0.04630476089509383,Capital Goods,1
2024-04-22,1248.139892578125,1261.403580410934,1191.3449938320646,1194.2371164156011,133031,1198.3658203125,1180.7489501953125,1164.9604248046876,1132.2090698242187,1110.11693359375,1109.7944783528646,0.1263798501187469,0.04513578904222447,-0.043186486132723245,0.010626763804025163,-0.04550363231219734,Capital Goods,1
2024-04-23,1265.8912353515625,1286.2855859857389,1251.680063924681,1251.680063924681,88757,1216.296826171875,1192.0929443359375,1176.5487548828125,1145.355645751953,1121.1607568359375,1116.4396565755208,0.1542027831160428,0.014222238131312983,-0.011226218359063678,0.01611066580179976,-0.011226218359063678,Capital Goods,1
2024-04-24,1311.5166015625,1318.84654999303,1244.599459459911,1267.536789241624,132096,1237.748193359375,1208.1739990234375,1187.7647705078125,1159.4870361328126,1131.5443798828126,1123.490388997396,0.2257146413042322,0.03604209029717032,-0.03353355364962951,0.005588910137925396,-0.05102271829641036,Capital Goods,1
2024-04-25,1331.3624267578125,1350.1112497023653,1277.6591801833235,1299.6989383311754,226611,1270.229443359375,1224.5442749023437,1203.2956705729166,1172.9178405761718,1143.007060546875,1131.646435546875,0.25682040449818466,0.015131966436161617,-0.023782771535580505,0.014082433579119868,-0.0403370603639982,Capital Goods,1
2024-04-26,1295.610107421875,1345.1248457167187,1282.2965077775407,1342.8809765046053,86272,1290.504052734375,1233.3103271484374,1212.2412272135416,1186.3586181640626,1154.0429077148438,1136.4316975911458,0.200783269838704,-0.026853934448941144,0.03648541240295988,0.038217313998401004,-0.010275930673948608,Capital Goods,1
2024-04-29,1297.5050048828125,1330.7141974649194,1284.9891518757104,1309.372482896083,76388,1300.3770751953125,1249.3714477539063,1220.6249918619792,1198.8145874023437,1165.8426708984375,1141.8269571940104,0.20375327643287,0.0014625522370369142,0.00914638322673933,0.0255946547081769,-0.00964609227710267,Capital Goods,1
2024-04-30,1309.173095703125,1318.3479793869956,1286.5349960284013,1297.45511141479,66400,1309.033447265625,1262.66513671875,1231.0731119791667,1209.6699279785157,1178.0912060546875,1152.4728719075522,0.22204149908978918,0.008992713535903727,-0.008950676061702523,0.007008151721100697,-0.0172919071962484,Capital Goods,1
2024-05-02,1355.6959228515625,1371.203479073134,1306.430503928403,1321.3397193812102,108762,1317.8693115234375,1277.8087524414063,1244.739103190104,1220.2909057617187,1191.1634912109375,1162.59853515625,0.2949600111773736,0.03553603973464733,-0.025342116097898715,0.011438816005991281,-0.03633957887808281,Capital Goods,1
2024-05-03,1390.2515869140625,1406.1580781813893,1343.3297385179656,1359.1365266095568,256043,1329.6471435546875,1299.9382934570312,1259.578564453125,1234.8835388183593,1204.263701171875,1174.1137410481772,0.3491215435278541,0.02548924392264589,-0.02238088458044618,0.011441448020666822,-0.03375061667812895,Capital Goods,1
2024-05-06,1338.044189453125,1410.546175079317,1318.3979152060292,1410.2469438013593,126373,1338.1339599609375,1314.3190063476563,1268.2515380859375,1243.7144104003905,1216.7136865234374,1184.7247497558594,0.2672932029871922,-0.03755248183303434,0.053961412423713995,0.05418504575385086,-0.01468282916360597,Capital Goods,1
2024-05-07,1310.5194091796875,1361.2308323588643,1291.4714758524929,1334.404224961049,61126,1340.7368408203124,1320.5569580078125,1279.8265787760417,1250.6529541015625,1227.1990380859374,1194.99169921875,0.22415167126830216,-0.02057090527382897,0.01822545748964699,0.03869566740024033,-0.014534644198148539,Capital Goods,1
2024-05-08,1377.8853759765625,1397.3322433863739,1308.5248335198212,1318.7968173082893,173290,1354.479296875,1331.7563720703124,1293.2698567708333,1261.924658203125,1238.6318017578126,1207.4892211914062,0.3297391079151895,0.05140402066921112,-0.04288350809035535,0.014113559624673755,-0.05033839800178064,Capital Goods,1
2024-05-09,1330.01611328125,1426.1035557869052,1320.4422955759542,1386.013140885737,217126,1349.3433349609375,1333.6063232421875,1301.65361328125,1270.8901611328124,1246.1013916015625,1217.5267985026042,0.2547102323196717,-0.03474110657527346,0.042102518191556415,0.07224532210260226,-0.007198271968056447,Capital Goods,1
2024-05-10,1426.652099609375,1453.0299802049071,1299.4995104013271,1316.4531889624002,208603,1356.6234375,1343.1352905273438,1318.833341471354,1283.8397827148438,1259.2315185546875,1229.6569905598958,0.40617463741010235,0.07265775607012515,-0.07724301578299841,0.018489357428313813,-0.08912655667269054,Capital Goods,1
2024-05-13,1420.9178466796875,1445.4507938582708,1377.2371413649223,1437.8216137312647,117360,1373.1981689453125,1355.666064453125,1333.9453938802083,1294.4881958007813,1269.611162109375,1242.79443359375,0.39718693788288806,-0.004019377205737523,0.011896371835343533,0.01726556340742036,-0.030741189870220564,Capital Goods,1
2024-05-14,1528.7232666015625,1560.735778020448,1411.8924458354306,1428.2477844063164,713934,1416.8389404296875,1378.787890625,1352.6509521484375,1314.0796691894532,1283.8901513671874,1258.8056884765624,0.5661579849475625,0.0758702694696868,-0.06572509517606062,0.020940684372555474,-0.07642378664508276,Capital Goods,1
2024-05-15,1684.9962158203125,1778.1916597457957,1514.2128315111597,1564.7248466047351,1183817,1478.2611083984375,1416.3702026367187,1380.5912841796876,1339.5176696777344,1305.1919482421874,1278.57001953125,0.8110956130975447,0.10222448538129045,-0.07137782749086186,0.055308993011662366,-0.10135535184333322,Capital Goods,1
2024-05-16,1857.8240966796875,1919.6551624827866,1721.8954307432778,1745.2316960552137,1801176,1583.822705078125,1466.5830200195312,1417.0117838541667,1372.1958862304687,1333.476669921875,1302.3882771809897,1.0819809545946637,0.1025687056366691,-0.06060444625823269,0.03328144247542264,-0.0731655199108151,Capital Goods,1
2024-05-17,1844.211181640625,1888.8392472771902,1750.267905576722,1868.8937430820772,755110,1667.334521484375,1511.9789794921876,1451.2017008463542,1405.9586364746094,1360.53873046875,1327.2486857096353,1.0606444716106007,-0.007327343349346997,0.013383804244964104,0.02419899959443028,-0.050939543691699396,Capital Goods,1
2024-05-21,1778.9395751953125,1879.2654373630346,1763.1825781210973,1838.9754943751716,221504,1738.9388671875,1556.0685180664063,1483.4236653645833,1435.1937622070313,1383.378330078125,1347.8324462890625,0.9583396738309494,-0.035392696397842226,0.03374814974998097,0.05639644177161385,-0.008857522365527948,Capital Goods,1
2024-05-22,1702.6480712890625,1825.5622450047001,1686.392436130981,1815.04094249461,159859,1773.723828125,1595.2813842773437,1510.433203125,1457.919171142578,1406.0085009765626,1365.5290974934896,0.8387626126171466,-0.04288594450875255,0.06601062961910587,0.0721900055497553,-0.0095472666560944,Capital Goods,1
2024-05-23,1684.5474853515625,1723.640625817515,1623.1153553031945,1687.4396078768318,200634,1773.63408203125,1625.9475952148437,1535.458162434896,1478.851983642578,1426.3409521484375,1383.2656372070312,0.8103922861478473,-0.010630843944043103,0.0017168542593299918,0.023206909158630218,-0.03646803107811902,Capital Goods,1
2024-05-24,1633.088134765625,1713.5182863092914,1622.8161509928207,1680.20939034062,111762,1728.6868896484375,1656.2547973632813,1553.9509765625,1494.9305603027344,1443.4940869140626,1399.345039876302,0.7297364122959086,-0.03054787771399511,0.02885407993106126,0.04925034346367929,-0.0062899139085831335,Capital Goods,1
2024-05-27,1606.16162109375,1645.5040790151245,1586.914161050192,1633.0880514776338,97971,1681.0769775390625,1674.2057495117188,1568.3449788411458,1508.6705200195313,1460.9823046875,1413.9617716471355,0.6875325860668083,-0.0164880958343007,0.016764458837926766,0.024494706762189677,-0.011983513857373285,Capital Goods,1
2024-05-28,1618.1290283203125,1670.4360672227433,1593.7954875308405,1615.5859277019965,89198,1648.9148681640625,1693.9268676757813,1587.0173014322916,1524.7964660644532,1477.9379833984376,1427.6344197591145,0.7062899484627532,0.007450935864357809,-0.0015716303050046232,0.032325629159948965,-0.015038071972994116,Capital Goods,1
2024-05-29,1698.7586669921875,1705.340659224109,1590.6540067031892,1611.6466991857942,106444,1648.1369873046874,1710.9304077148438,1612.8999186197916,1544.859149169922,1495.962734375,1446.3632486979166,0.8326664746217001,0.04982893036383633,-0.05127977828694952,0.003874589345628232,-0.0636374444407738,Capital Goods,1
2024-05-30,1609.40283203125,1711.3243129290292,1600.8760800287437,1699.0079880547316,89728,1633.108056640625,1703.3710693359376,1628.3344156901042,1559.8706359863281,1509.7031982421875,1460.8021362304687,0.6926127648394873,-0.05260066464835199,0.055676027306593934,0.06332875702047991,-0.005298084378132062,Capital Goods,1
2024-05-31,1713.917236328125,1847.9510555289237,1609.2033340990172,1618.8769771570896,452366,1649.273876953125,1688.9803833007813,1653.927823893229,1577.7817016601562,1525.7992236328125,1477.7907185872396,0.8564255707279256,0.06493986602780231,-0.05545207035472055,0.07820320395864111,-0.06109624199441832,Capital Goods,1
2024-06-03,1770.2135009765625,1843.862254664,1678.4142644938077,1834.9864804923386,190765,1682.0842529296874,1681.580615234375,1676.8319173177083,1596.7797973632812,1543.3532666015626,1497.8326293945313,0.9446626815371041,0.03284654792844369,0.03659049006238124,0.04160444694767507,-0.051857720230984894,Capital Goods,1
2024-06-04,1564.9241943359375,1766.4736095419032,1532.363256462926,1765.1771030874954,208691,1671.4432861328125,1660.1790771484375,1686.4323404947916,1608.123797607422,1554.125830078125,1510.1888671875,0.6228982552273202,-0.1159686707435992,0.12796332849626202,0.12879180725523365,-0.020806718939397784,Capital Goods,1
2024-06-05,1547.471923828125,1615.3864642993115,1511.1212904335796,1564.92424033206,210335,1641.1859375,1644.6614624023437,1687.6822509765625,1619.9714233398438,1564.1245068359376,1520.1666015625,0.595544079310209,-0.011152150737383305,0.011277953567494503,0.04388741367480198,-0.023490334677362945,Capital Goods,1
2024-06-06,1701.600830078125,1740.7438821399955,1565.67217001915,1565.67217001915,147675,1659.625537109375,1646.366796875,1688.7892252604167,1636.1571960449219,1579.8216162109375,1534.690254720052,0.8371211975188183,0.09960045405458279,-0.07988281249999996,0.02300366300366319,-0.07988281249999996,Capital Goods,1
2024-06-07,1792.701904296875,1825.0136456493537,1701.600837644377,1701.600837644377,150980,1675.382470703125,1662.328173828125,1684.4477457682292,1659.291485595703,1597.30185546875,1550.7297648111978,0.9799103440256842,0.053538451914464165,-0.05081774411804918,0.018024045868993532,-0.05081774411804918,Capital Goods,1
2024-06-10,1769.31591796875,1839.9728454364804,1755.3041519412125,1839.9728454364804,93534,1675.2029541015625,1678.643603515625,1679.454728190104,1676.4246765136718,1612.4644287109375,1565.328214518229,0.9432558363082886,-0.013045105977782369,0.03993460226642154,0.03993460226642154,-0.007919312704552817,Capital Goods,1
2024-06-11,1820.1768798828125,1827.5068283529506,1758.7447510917207,1794.8959775734638,90544,1726.2534912109375,1698.848388671875,1682.2038818359374,1696.387628173828,1631.749736328125,1582.8137736002604,1.0229738133410171,0.028746116732196163,-0.0138892558128616,0.004027052838188938,-0.03375063680352153,Capital Goods,1
2024-06-12,1972.4608154296875,2063.3624781955577,1832.6926657466677,1832.6926657466677,493123,1811.25126953125,1726.218603515625,1700.1913981119792,1718.5745056152343,1658.227392578125,1605.3123006184896,1.2616591786884381,0.0836643609914875,-0.07085978519303171,0.046085408670624384,-0.07085978519303171,Capital Goods,1
2024-06-13,2005.12158203125,2029.6545286958049,1939.7003503465369,1984.378329990473,133423,1871.955419921875,1765.790478515625,1721.5630045572916,1734.5807739257812,1683.3168408203126,1628.5105834960937,1.3128507044447526,0.01655838551826824,-0.010345134293434421,0.012235141691359308,-0.03262706474808341,Capital Goods,1
2024-06-14,2174.06005859375,2192.958376004335,1992.6058744167517,1999.5368887525087,269308,1948.22705078125,1811.8047607421875,1757.6277994791667,1750.3925720214843,1717.0785986328126,1655.7893880208333,1.577639907946425,0.08425348271966636,-0.08027522935779807,0.00869263815223631,-0.08346328035407102,Capital Goods,1
2024-06-18,2171.16796875,2237.0378019442,2122.3014831973696,2192.9582861203753,161114,2028.5974609375,1851.9002075195312,1795.2948893229166,1766.740411376953,1746.8592333984375,1681.8199340820313,1.573106931316329,-0.001330271365925693,0.01003621906918628,0.030338432651124236,-0.022507003721487395,Capital Goods,1
2024-06-19,2120.20703125,2184.032642726952,2059.871882900694,2171.167890303783,115137,2088.6034912109376,1907.4284912109374,1828.766756184896,1783.8037841796875,1774.83080078125,1707.8920288085938,1.4932322554882245,-0.023471669734212035,0.024035793817615225,0.03010348071495761,-0.028457196613358327,Capital Goods,1
2024-06-20,2095.77392578125,2128.3348651156944,2055.38427838932,2124.8444017608363,79714,2113.26611328125,1962.25869140625,1855.2344401041667,1803.4600769042968,1797.5128271484375,1734.0671793619792,1.454936524001921,-0.011523924366171494,0.013870998022246006,0.015536475062455368,-0.01927194860813708,Capital Goods,1
2024-06-21,2117.464599609375,2174.059968043536,2085.103067587476,2091.28612522353,100639,2135.734716796875,2003.845068359375,1889.105224609375,1825.1059326171876,1814.8115625,1758.7198201497397,1.4889338487276413,0.01034972024477272,-0.012363122571529495,0.026727893559401972,-0.015283151382020299,Capital Goods,1
2024-06-24,2159.599609375,2240.8775443387785,2080.6154562402503,2117.464728979667,137387,2132.842626953125,2040.5348388671875,1918.8173828125,1851.4315063476563,1826.8825830078124,1786.3726033528646,1.5549750247959448,0.019898802451478043,-0.019510505656892052,0.03763564996536606,-0.03657351705004619,Capital Goods,1
2024-06-25,2113.07666015625,2177.6998984963766,2088.194449074163,2145.188872980896,58466,2121.224365234375,2074.9109130859374,1941.6749267578125,1876.7772583007813,1837.6372021484376,1809.2534220377604,1.48205632137894,-0.02154239564444726,0.015196899114048978,0.03058253378055298,-0.011775347080993814,Capital Goods,1
2024-06-26,2230.20654296875,2289.245185174268,2113.2261151750267,2144.4907895877095,232422,2143.224267578125,2115.9138793945312,1986.0270833333334,1907.3811340332031,1855.687880859375,1836.2297119140626,1.6656422575566703,0.05543096709223929,-0.03843399780674106,0.026472275579878968,-0.0524527327581078,Capital Goods,1
2024-06-27,2175.705322265625,2272.790159464407,2155.510499655202,2229.957238721575,81952,2159.210546875,2136.238330078125,2027.9093098958333,1931.228466796875,1874.6101708984374,1857.795780436198,1.5802186458757022,-0.02443774585585039,0.024935323685955746,0.044622236387088066,-0.009281965900324152,Capital Goods,1
2024-06-28,2116.068603515625,2208.1668275039906,2094.2780417388,2201.0863192576403,182126,2158.93134765625,2147.3330322265624,2055.540494791667,1956.5617553710938,1891.871015625,1872.1648600260417,1.4867458054749916,-0.027410292257730267,0.040177202006006496,0.043523269441904766,-0.010297663195145246,Capital Goods,1
2024-07-01,2228.51123046875,2241.8746205856446,2114.2733090921397,2142.147101876319,163461,2172.713671875,2152.7781494140627,2084.594449869792,1982.291455078125,1915.687939453125,1884.5210978190105,1.6629850745649948,0.05313751490207521,-0.03875418145156262,0.005996554979928792,-0.05126199043321911,Capital Goods,1
2024-07-02,2292.93505859375,2373.4650298505235,2253.293369956515,2253.3432824108845,246088,2208.6853515625,2164.9548583984374,2119.502392578125,2008.4275329589843,1943.158876953125,1899.4785603841146,1.763961089519388,0.028908908891362845,-0.017266854564623846,0.03512091236729664,-0.017288622496594797,Capital Goods,1
2024-07-03,2376.656494140625,2413.4061857224724,2285.804861912104,2331.5297875687484,163511,2237.975341796875,2190.5998046875,2156.601033528646,2049.0141479492186,1973.4999755859376,1919.4024576822917,1.8951836072403418,0.036512780958664004,-0.018987475339045212,0.015462769513579167,-0.03822665684018922,Capital Goods,1
2024-07-04,2346.837890625,2443.3242673031978,2342.5994709776373,2394.90650710707,112194,2272.20185546875,2215.706201171875,2181.559505208333,2088.9824462890624,1999.42314453125,1940.8754516601562,1.8484468043811457,-0.012546450692028638,0.020482290947360093,0.041113353872304303,-0.0018060129607988529,Capital Goods,1
2024-07-05,2596.056884765625,2630.7621110259697,2348.5831369597868,2381.9419442864933,294348,2368.19951171875,2263.5654296875,2220.9551920572917,2133.7052490234373,2038.889306640625,1971.2590983072917,2.239065331899182,0.10619352752748254,-0.08247698335718956,0.01336843828962464,-0.09532678165031061,Capital Goods,1
2024-07-08,2577.009033203125,2676.6866409007557,2408.469524144918,2607.874651995334,282983,2437.899072265625,2305.3063720703126,2247.81845703125,2172.92060546875,2073.412978515625,2002.7231282552084,2.2092102891269305,-0.007337224262795637,0.011977303297941555,0.03867957248630027,-0.06540121004105237,Capital Goods,1
2024-07-09,2470.74951171875,2627.2219061100877,2439.8339779696958,2621.0388480553593,137401,2473.461962890625,2341.0736572265623,2267.790559895833,2207.99228515625,2101.4344189453127,2031.542724609375,2.0426622378432593,-0.04123366279096757,0.06082742731458124,0.06332993031029255,-0.012512613521695415,Capital Goods,1
2024-07-10,2335.917724609375,2483.1153964658874,2288.846384369152,2476.8327575535623,176620,2465.314208984375,2351.644775390625,2282.1712727864583,2233.779327392578,2132.27416015625,2055.4690144856772,1.8313308570835292,-0.05457120864331599,0.06032534085409691,0.06301492141857334,-0.02015111223495447,Capital Goods,1
2024-07-11,2334.521484375,2368.5286670478245,2298.719401071678,2335.9178157797614,73146,2462.850927734375,2367.5263916015624,2298.0877766927083,2251.882360839844,2163.756142578125,2076.6611083984376,1.8291424311720383,-0.0005977266320920986,0.0005981231760372463,0.014567089187413895,-0.015335940809688808,Capital Goods,1
2024-07-12,2264.81201171875,2352.8714618382082,2257.7312603069267,2343.646666105756,60474,2396.601953125,2382.400732421875,2307.9109375,2264.8668823242188,2186.28458984375,2098.5080810546874,1.719881852310708,-0.02986028319842714,0.03480847592607872,0.03888157147869875,-0.0031264190472257702,Capital Goods,1
2024-07-15,2183.484130859375,2273.787448621413,2169.1234654161326,2263.864609108691,120458,2317.89697265625,2377.8980224609377,2309.503238932292,2265.3380859375,2201.91587890625,2114.1603108723957,1.5924109218665952,-0.0359093295331191,0.03681294364052934,0.04135744175365108,-0.006576949765872753,Capital Goods,1
2024-07-16,2168.27587890625,2232.899366157383,2158.6023573236516,2198.9920064211838,93337,2257.40224609375,2365.4321044921876,2313.1831868489585,2265.1934814453125,2217.87427734375,2127.4290568033853,1.568573954686233,-0.006965130516950147,0.014166152846946778,0.02980408899061837,-0.004461388735956473,Capital Goods,1
2024-07-18,2293.53369140625,2355.564163876764,2184.1326440906278,2184.1326440906278,267389,2248.925439453125,2357.11982421875,2317.404996744792,2273.859814453125,2236.8085498046876,2151.7160400390626,1.7648993689974393,0.05776839272094111,-0.04769977773840528,0.027045808266492388,-0.04769977773840528,Capital Goods,1
2024-07-19,2185.977294921875,2358.8550457785773,2142.346505541076,2317.866938250118,183422,2219.2166015625,2341.0337646484377,2318.089794921875,2278.369982910156,2245.349208984375,2172.999552408854,1.596318633950551,-0.0468954944448312,0.06033440678209634,0.07908487945337095,-0.019959397328670914,Capital Goods,1
2024-07-22,2282.264404296875,2293.7330696451004,2142.446463268371,2194.005544877922,72493,2222.707080078125,2309.6545166015626,2329.1695149739585,2286.609973144531,2256.434921875,2192.3550048828124,1.7472362195572397,0.04404762556257073,-0.0386716189643872,0.005025125628140614,-0.06126281458242311,Capital Goods,1
2024-07-23,2212.90380859375,2317.218894366888,2150.125381966568,2292.336926234478,141307,2228.591015625,2273.243994140625,2328.1290201822917,2289.275183105469,2257.988671875,2206.3617350260415,1.6385224601796513,-0.03039113065626319,0.035895422716636816,0.04713945783275042,-0.02836925237481347,Capital Goods,1
2024-07-24,2226.317138671875,2313.2797340007564,2204.776139667104,2236.190309590036,72621,2240.199267578125,2248.8007568359376,2323.6878255208335,2294.93720703125,2260.194638671875,2221.595109049479,1.6595461195612236,0.006061415785916544,0.004434754935251917,0.03906118935991287,-0.009675620166865073,Capital Goods,1
2024-07-25,2196.0,2223.674386920981,2174.3591767604735,2223.674386920981,77864,2220.692529296875,2234.808984375,2311.6440592447916,2293.2268798828127,2263.226357421875,2234.1225463867186,1.6120279273487725,-0.013617619046835753,0.012602179836512128,0.012602179836512128,-0.009854655391405509,Capital Goods,1
2024-07-26,2240.85009765625,2259.14990234375,2151.14990234375,2195.0,117535,2231.66708984375,2225.441845703125,2304.5782063802085,2296.4841186523436,2269.029404296875,2243.068855794271,1.682324652387471,0.02042354173781876,-0.0204610284749549,0.008166456429477442,-0.040029538524830044,Capital Goods,1
2024-07-29,2310.10009765625,2340.85009765625,2262.699951171875,2266.25,93399,2237.234228515625,2229.970654296875,2285.5144205729166,2306.185693359375,2276.73482421875,2253.2348063151044,1.7908650673101014,0.030903450468386957,-0.01898190372821451,0.013311111510361684,-0.020518654811739756,Capital Goods,1
2024-07-30,2311.64990234375,2343.85009765625,2303.35009765625,2308.800048828125,37805,2256.983447265625,2242.7872314453125,2267.8238118489585,2310.342626953125,2282.8168359375,2257.8211344401043,1.7932941856325604,0.0006708820492550863,-0.0012328222853882354,0.013929529415268593,-0.003590424604990927,Capital Goods,1
2024-07-31,2437.0,2486.199951171875,2312.550048828125,2335.0,149791,2299.12001953125,2269.6596435546876,2265.5738444010417,2317.5458740234376,2295.77376953125,2266.6822021484377,1.9897642449856523,0.054225381416606065,-0.04185473943372997,0.02018873663187315,-0.051066865478816115,Capital Goods,1
2024-08-01,2405.449951171875,2472.0,2390.0,2437.0,60825,2341.010009765625,2280.85126953125,2270.209326171875,2318.985546875,2302.783505859375,2276.1902994791667,1.9403136256263174,-0.01294626541982971,0.013116069537324915,0.027666361877828116,-0.006422894462779438,Capital Goods,1
2024-08-02,2245.300048828125,2403.85009765625,2203.550048828125,2375.0,170110,2341.9,2286.783544921875,2264.26123046875,2313.908654785156,2305.567294921875,2281.1745035807294,1.689299375081778,-0.06657793992584587,0.057765086336486915,0.0706141920367731,-0.0185943967808625,Capital Goods,1
2024-08-05,1960.6500244140625,2205.300048828125,1955.0,2205.300048828125,335892,2272.0099853515626,2254.622106933594,2243.9837646484375,2282.138311767578,2299.3505517578124,2275.9473510742187,1.2431472919389737,-0.12677594006316797,0.12478005833150974,0.12478005833150974,-0.0028817098124133134,Capital Goods,1
2024-08-06,1965.0999755859375,2149.0,1941.5,2010.0,204258,2202.7,2229.8417236328123,2229.4248209635416,2251.542858886719,2288.8141015625,2269.4640299479165,1.2501220146332805,0.002269630539088618,0.022848722697009105,0.09358303735118034,-0.012009554668535705,Capital Goods,1
2024-08-07,2045.949951171875,2099.0,2000.8499755859375,2094.0,74020,2124.489990234375,2211.8050048828127,2221.2697591145834,2230.302880859375,2278.934697265625,2267.2264729817707,1.3768438903962004,0.04114293246674654,0.023485446846147395,0.02592929939353561,-0.022043538044567157,Capital Goods,1
2024-08-08,1989.6500244140625,2060.699951171875,1980.199951171875,2056.449951171875,73384,2041.3300048828125,2191.1700073242187,2201.010847981771,2212.9894958496093,2263.4544384765627,2259.2079223632813,1.2886010397044072,-0.027517743884969005,0.033573706902290334,0.03570976095594314,-0.0047496158250094345,Capital Goods,1
2024-08-09,1980.550048828125,2044.3499755859375,1960.0,2001.949951171875,68295,1988.3800048828125,2165.140002441406,2187.3156982421874,2195.2909240722656,2248.8029248046873,2252.702746582031,1.2743380053956208,-0.004573656409054842,0.010805029823110157,0.032213236315619787,-0.010375930080779527,Capital Goods,1
2024-08-12,1970.0999755859375,2010.949951171875,1949.050048828125,1950.0999755859375,54744,1990.2699951171876,2131.139990234375,2166.504736328125,2180.555322265625,2223.7646484375,2247.837125651042,1.2579588676962865,-0.005276348986167112,-0.010151769071542471,0.020734975936329336,-0.0106846997709098,Capital Goods,1
2024-08-13,1892.449951171875,1996.699951171875,1875.5,1996.699951171875,67815,1975.739990234375,2089.2199951171874,2145.141145833333,2166.00361328125,2196.38228515625,2236.6350830078127,1.1362525013619222,-0.03941425581256008,0.05508732209031186,0.05508732209031186,-0.00895661793400615,Capital Goods,1
2024-08-14,1884.8499755859375,1911.0,1851.6500244140625,1892.449951171875,43493,1943.5199951171876,2034.0049926757813,2122.376668294271,2151.8323181152346,2172.9463037109376,2223.0322469075522,1.1243405229720376,-0.004015945352336168,0.004032138198996504,0.013873796192152232,-0.017614108073272128,Capital Goods,1
2024-08-16,1985.949951171875,2043.550048828125,1886.0,1912.0,96654,1942.77998046875,1992.0549926757812,2108.373331705729,2136.4531311035157,2158.9475927734375,2210.0086954752605,1.2828016536401308,0.05363820829003054,-0.037236563352585184,0.029003801239936067,-0.050328534771430844,Capital Goods,1
2024-08-19,1940.5,2037.5999755859375,1937.0,1998.0,76989,1934.769970703125,1961.5749877929688,2088.349991861979,2124.179266357422,2143.1867333984374,2196.4640991210936,1.2115647358291761,-0.022885748528081368,0.02963153826333409,0.05003863725119162,-0.0018036588508116846,Capital Goods,1
2024-08-20,1933.6500244140625,1979.449951171875,1922.0,1963.4000244140625,51386,1927.47998046875,1958.8749877929688,2063.2533203125,2106.7485473632814,2129.94025390625,2174.3838704427085,1.2008282853987424,-0.003530005455262819,0.01538541081601097,0.023685737428980058,-0.006024887785778477,Capital Goods,1
2024-08-21,1944.300048828125,1972.5999755859375,1929.949951171875,1944.0,40610,1937.85,1956.7949951171875,2038.763330078125,2093.318359375,2120.372890625,2153.2935709635417,1.2175208206888288,0.005507731119694054,-0.0001543222859587967,0.014555328934373835,-0.007380598310892994,Capital Goods,1
2024-08-22,1916.75,1962.0999755859375,1908.0,1944.300048828125,39386,1944.2300048828124,1943.875,2004.0799967447917,2077.8400024414063,2110.31185546875,2134.8269205729166,1.1743396837798987,-0.014169648786837226,0.01437331359234384,0.023659828139265704,-0.004565018912221164,Capital Goods,1
2024-08-23,1907.0,1929.0,1897.5,1916.75,45379,1928.4400146484375,1935.6099975585937,1970.85,2063.390002441406,2094.8505078125,2120.5296630859375,1.1590578203070374,-0.005086735359332203,0.005112742527530134,0.011536444677503921,-0.004981646565285769,Capital Goods,1
2024-08-26,1845.5,1907.0,1810.25,1900.0,277166,1909.4400146484375,1922.1049926757812,1944.1966634114583,2043.6224975585938,2081.231416015625,2104.2289469401044,1.0626645276320659,-0.032249606712113264,0.02953129233270113,0.033324302357084834,-0.019100514765646115,Capital Goods,1
2024-08-27,1810.6500244140625,1860.0,1800.0,1855.0,105729,1884.8400146484375,1906.1599975585937,1934.1966634114583,2018.6499938964844,2062.3668408203125,2089.090214029948,1.0080417000487996,-0.01888375810671227,0.02449395244135566,0.027255391666265005,-0.0058818790326468084,Capital Goods,1
2024-08-28,1760.1500244140625,1819.550048828125,1750.0,1815.0,121123,1848.010009765625,1892.9300048828125,1920.5333333333333,1991.075,2044.256689453125,2074.9790771484377,0.9288894841124411,-0.027890536171584077,0.031162102562363403,0.0337471372270306,-0.0057665677773355295,Capital Goods,1
2024-08-29,1747.449951171875,1774.3499755859375,1715.8499755859375,1760.0,137504,1814.15,1879.1900024414062,1900.6333333333334,1956.5974975585937,2025.102001953125,2060.9515462239583,0.908983762534754,-0.0072153356623196,0.0071819217595952,0.015393874025417809,-0.018083479623977716,Capital Goods,1
2024-08-30,1805.5999755859375,1820.0,1695.6500244140625,1751.550048828125,253387,1793.8699951171875,1861.1550048828126,1888.363330078125,1926.604998779297,2009.4860009765625,2044.6870890299479,1.0001264019233955,0.033277075761206164,-0.02993460760336608,0.007975201932194143,-0.06089385946972836,Capital Goods,1
2024-09-02,1712.1500244140625,1816.699951171875,1705.6500244140625,1810.949951171875,157014,1767.2,1838.3200073242188,1870.4699951171874,1899.9474975585938,1988.337998046875,2028.8928466796874,0.8536556947075854,-0.051755622748914494,0.057705180824690894,0.061063531388606984,-0.0037963962896443437,Capital Goods,1
2024-09-03,1732.0,1740.1500244140625,1681.4000244140625,1712.5999755859375,75200,1751.4699951171874,1818.1550048828126,1854.5966634114584,1888.5149963378906,1965.213994140625,2010.5506998697917,0.8847679631018343,0.011593595948305186,-0.011200937883407924,0.004705556821052337,-0.02921476650458288,Capital Goods,1
2024-09-04,1691.300048828125,1749.800048828125,1688.0,1722.0,102086,1737.7,1792.8550048828124,1841.186669921875,1874.825,1940.4,1993.163907877604,0.8209760557007353,-0.023498817073830832,0.018151688219453677,0.03458877686459827,-0.0019511906420220937,Capital Goods,1
2024-09-05,1686.3499755859375,1720.0,1675.5999755859375,1701.050048828125,102266,1725.4800048828124,1769.8150024414062,1827.9533365885416,1856.8450012207031,1910.3739990234376,1975.1650024414062,0.8132174563707072,-0.002926785963033187,0.008717095178941037,0.019954354019764198,-0.006374714712623519,Capital Goods,1
2024-09-06,1647.0,1736.300048828125,1641.0,1696.25,143434,1693.760009765625,1743.8150024414062,1805.3566731770834,1839.7125,1880.0360009765625,1956.8650024414062,0.7515414610307357,-0.02333440635433045,0.029902853673345442,0.05421982321076202,-0.0036429872495445936,Capital Goods,1
2024-09-09,1650.75,1673.9000244140625,1617.050048828125,1635.0,107723,1681.4800048828124,1724.3400024414063,1786.0400065104166,1823.2224975585937,1856.2539990234375,1937.194999186198,0.75741910082799,0.002276867030965392,-0.009541117673784627,0.014023943307019504,-0.020414933316295625,Capital Goods,1
2024-09-10,1662.0,1687.9000244140625,1636.0,1660.050048828125,73739,1667.4800048828124,1709.475,1767.9300048828125,1807.8174987792968,1844.307998046875,1915.5916625976563,0.7750520202197531,0.0068150840527033164,-0.0011732558194194054,0.015583648865260313,-0.01564380264741272,Capital Goods,1
2024-09-11,1614.75,1680.0,1605.0,1635.550048828125,85352,1652.1699951171875,1694.9349975585938,1745.9600016276042,1793.9325012207032,1830.2939990234374,1892.3616658528647,0.7009937587743482,-0.028429602888086644,0.012881281206456041,0.040408732001857794,-0.006038086391082165,Capital Goods,1
2024-09-12,1643.449951171875,1655.0,1605.0,1606.300048828125,52827,1643.589990234375,1684.5349975585937,1727.7399983723958,1781.8625,1814.1939990234375,1865.9099975585937,0.7459772188242334,0.017773618932884348,-0.022604827312970532,0.007027928547437057,-0.023395875940400823,Capital Goods,1
2024-09-13,1628.800048828125,1679.0,1619.1500244140625,1660.449951171875,97292,1639.95,1666.8550048828124,1709.1933349609376,1764.0050048828125,1799.76,1840.0216674804688,0.7230153924131627,-0.008914115293443388,0.019431422762125505,0.030820204854483224,-0.005924621884070724,Capital Goods,1
2024-09-16,1613.3499755859375,1651.449951171875,1609.3499755859375,1651.449951171875,65955,1632.4699951171874,1656.975,1693.7166666666667,1747.6475036621093,1785.0719970703126,1818.9566650390625,0.6987994016508225,-0.009485555488105115,0.02361544374282487,0.02361544374282487,-0.0024793132677535246,Capital Goods,1
2024-09-17,1614.1500244140625,1629.949951171875,1580.050048828125,1615.0,89385,1622.9,1645.1900024414062,1680.6166666666666,1731.6725036621094,1770.8339990234374,1807.4066650390625,0.7000533746726717,0.0004958929186052379,0.0005265778106628982,0.009788388017742067,-0.021125654412647132,Capital Goods,1
2024-09-18,1624.949951171875,1649.9000244140625,1601.949951171875,1623.0,59193,1624.939990234375,1638.5549926757812,1671.6033284505208,1715.7049987792968,1760.1339990234376,1796.0683308919272,0.7169808624911119,0.006690782513684179,-0.0012000069112705347,0.01535436412930391,-0.01415428209552727,Capital Goods,1
2024-09-19,1622.699951171875,1656.800048828125,1577.3499755859375,1654.0,159325,1620.789990234375,1632.189990234375,1663.2866617838542,1701.0024963378905,1749.647998046875,1781.9599975585938,0.7134542786127593,-0.0013846580310841905,0.019288870259422275,0.021014419598412992,-0.02794723420875611,Capital Goods,1
2024-09-20,1676.0999755859375,1719.0,1594.5999755859375,1640.0,338846,1630.2499755859376,1635.0999877929687,1654.6533284505208,1689.4574951171876,1737.2539990234375,1771.5083292643228,0.7971519075915453,0.032908132138352676,-0.02153808013350611,0.025595146494209242,-0.04862478443238982,Capital Goods,1
2024-09-23,1712.8499755859375,1739.300048828125,1690.0,1709.449951171875,133078,1650.1499755859375,1641.3099853515625,1654.6999918619792,1682.8249938964843,1728.147998046875,1762.5849934895834,0.854752777604638,0.021925899728715642,-0.001985010049055491,0.01544214240546049,-0.013340325137419562,Capital Goods,1
2024-09-24,1690.4000244140625,1728.8499755859375,1683.1500244140625,1719.0,53021,1665.3999755859375,1644.1499877929687,1651.92666015625,1676.8124938964843,1718.417998046875,1753.2616617838542,0.8195653838835101,-0.01310678196681834,0.016919057721766828,0.02274606638461374,-0.004288925636115604,Capital Goods,1
2024-09-25,1706.6500244140625,1711.6500244140625,1670.1500244140625,1685.4000244140625,44521,1681.739990234375,1653.339990234375,1652.9499918619792,1674.1374938964843,1708.9119970703125,1747.0683308919272,0.845035156338279,0.009613109184397155,-0.012451293291543819,0.002929716068598598,-0.02138692730076952,Capital Goods,1
2024-09-26,1689.4000244140625,1715.0,1674.0,1714.050048828125,34713,1695.0800048828125,1657.9349975585938,1653.1533284505208,1671.2349975585937,1699.817998046875,1740.5533325195313,0.8179980132709089,-0.010107520436665025,0.014590993286277332,0.015153294196746714,-0.009115676684924745,Capital Goods,1
2024-09-27,1749.25,1772.0,1687.25,1695.0,201271,1709.710009765625,1669.9799926757812,1659.9699951171874,1668.417498779297,1693.507998046875,1732.6633341471354,0.9118051061692043,0.03542676377472847,-0.031013291410604493,0.013005573817350236,-0.035443761612119484,Capital Goods,1
2024-09-30,1853.800048828125,1864.0,1762.0,1762.0,551102,1737.9000244140625,1694.025,1673.5066650390625,1675.5,1693.84,1729.7733357747395,1.0756737802484237,0.0597685001161212,-0.0495199300950262,0.005502185188916542,-0.0495199300950262,Capital Goods,1
2024-10-01,1823.25,1890.0,1781.050048828125,1869.0,233513,1764.47001953125,1714.9349975585938,1684.2566650390625,1680.0625,1694.3439990234374,1726.0933349609375,1.0277905315016902,-0.016479689299521347,0.025092554504319242,0.03661044837515415,-0.02314545518819411,Capital Goods,1
2024-10-03,1786.75,1869.199951171875,1764.199951171875,1785.0,163313,1780.4900146484374,1731.1150024414062,1695.7233317057292,1684.8349975585938,1695.407998046875,1720.8416666666667,0.9705815041417478,-0.020019196489784726,-0.0009794319294809117,0.04614520843535752,-0.012620707333496517,Capital Goods,1
2024-10-04,1772.25,1817.0,1740.0,1790.0,120650,1797.060009765625,1746.0700073242188,1704.3100016276042,1689.1299987792968,1696.4,1716.025,0.9478546302590309,-0.008115293129984609,0.010015516998166163,0.025250387924954154,-0.018197206940330113,Capital Goods,1
2024-10-07,1668.5,1825.0,1652.699951171875,1789.0,158619,1780.910009765625,1745.310009765625,1706.9566650390625,1690.2049987792968,1690.9160009765626,1708.075,0.7852399292016606,-0.05854140217237974,0.07222055738687438,0.09379682349415641,-0.009469612722879828,Capital Goods,1
2024-10-08,1711.25,1727.0,1645.3499755859375,1668.5,135039,1752.4,1745.1500122070313,1713.4833333333333,1693.229998779297,1690.88,1703.6,0.8522450228903602,0.025621816002397362,-0.02498173849525198,0.009203798392987572,-0.038509875479364464,Capital Goods,1
2024-10-09,1748.1500244140625,1759.050048828125,1713.0,1728.0999755859375,60038,1737.3800048828125,1750.9250122070312,1722.4166666666667,1697.5375,1691.5260009765625,1701.5166666666667,0.9100810367612271,0.021563199073228633,-0.011469295282506065,0.006235176765058137,-0.020106983910516463,Capital Goods,1
2024-10-10,1775.949951171875,1785.8499755859375,1731.4000244140625,1761.699951171875,39121,1735.2199951171874,1757.8550048828124,1732.4833333333333,1705.5974975585937,1694.9119970703125,1702.043330891927,0.9536538249938871,0.015902483407927395,-0.008023874766626693,0.0055744951638585505,-0.025085125134531983,Capital Goods,1
2024-10-11,1770.0999755859375,1786.4000244140625,1752.199951171875,1783.0,28233,1734.789990234375,1765.925,1742.3100016276042,1711.929998779297,1698.2619970703124,1702.7983317057292,0.9444847451760544,-0.003293997999255185,0.0072877377504014795,0.009208547004656786,-0.010112436958899629,Capital Goods,1
2024-10-14,1720.75,1762.550048828125,1702.0,1762.550048828125,99763,1745.239990234375,1763.075,1745.286669921875,1716.5274963378906,1701.2119970703125,1699.9699991861978,0.8671350437100712,-0.027879767395399064,0.02429176163191915,0.02429176163191915,-0.01089641144849629,Capital Goods,1
2024-10-15,1754.5,1763.800048828125,1695.699951171875,1730.949951171875,78297,1753.889990234375,1753.1449951171876,1748.063338216146,1723.5849975585938,1705.3619970703126,1701.3816650390625,0.9200338018853604,0.019613540607293332,-0.013422655359432878,0.005300683287617458,-0.03351384943181823,Capital Goods,1
2024-10-16,1712.300048828125,1761.8499755859375,1696.0999755859375,1745.050048828125,104428,1746.7199951171874,1742.05,1749.52333984375,1728.492498779297,1707.3739990234376,1700.725,0.8538908385653596,-0.02405240876139926,0.019126320776789996,0.028937642553782394,-0.009461001448475503,Capital Goods,1
2024-10-17,1791.0,1820.199951171875,1684.8499755859375,1712.449951171875,621117,1749.7300048828124,1742.475,1755.1466715494792,1736.7950012207032,1714.4239990234375,1704.0483317057292,0.9772428292453027,0.045961542327664,-0.043858207050879394,0.01630371366380512,-0.05926857867898516,Capital Goods,1
2024-10-18,1856.0999755859375,1865.0,1745.3499755859375,1793.0999755859375,275640,1766.9300048828125,1750.8599975585937,1766.2600016276042,1748.4650024414063,1722.93,1709.7066650390625,1.0792786178597542,0.03634839507869207,-0.033942137184777454,0.0047950134858727456,-0.05966812211450956,Capital Goods,1
2024-10-21,1837.550048828125,1879.449951171875,1791.6500244140625,1856.0,149238,1790.2900146484376,1767.7650024414063,1772.1466715494792,1756.5375061035156,1731.28,1716.0583333333334,1.050204007793655,-0.009994034266368986,0.010040516275266143,0.02280204687239462,-0.024978924760898136,Capital Goods,1
2024-10-22,1764.699951171875,1837.800048828125,1743.9000244140625,1837.800048828125,146864,1792.3300048828125,1773.1099975585937,1766.2066650390625,1759.1300048828125,1737.3339990234374,1719.8566650390626,0.936020905602124,-0.039645231814343915,0.04142352789646009,0.04142352789646009,-0.01178666477777146,Capital Goods,1
2024-10-23,1732.949951171875,1779.699951171875,1695.0,1741.5999755859375,73761,1796.4599853515624,1771.589990234375,1760.186661783854,1761.257501220703,1742.08599609375,1722.2216634114584,0.8862568886520372,-0.017991727136908428,0.00499150273105875,0.026977120700102164,-0.021899046274367007,Capital Goods,1
2024-10-24,1709.300048828125,1760.0,1700.0,1735.0,45789,1780.1199951171875,1764.925,1755.023331705729,1761.3900024414063,1745.46,1725.3733317057292,0.8491887267275562,-0.013647192942737437,0.015035365610323703,0.029661235431797994,-0.0054408521397404375,Capital Goods,1
2024-10-25,1627.3499755859375,1727.1500244140625,1604.0,1714.300048828125,93622,1734.3699951171875,1750.65,1745.363330078125,1758.2875,1745.6460009765624,1724.8366658528646,0.7207425902272387,-0.04794364412402109,0.05343046950357477,0.06132672770169889,-0.014348465871657501,Capital Goods,1
2024-10-28,1744.5999755859375,1750.0,1615.0,1627.3499755859375,162974,1715.77998046875,1753.0349975585937,1750.436661783854,1758.054998779297,1748.3860009765624,1728.6966634114583,0.9045167945547248,0.07204965235445646,-0.06720738372165846,0.003095279427737463,-0.07428635641383086,Capital Goods,1
2024-10-29,1793.199951171875,1900.0,1701.0,1753.8499755859375,973866,1721.47998046875,1756.9049926757812,1755.899991861979,1755.0249938964844,1751.6,1734.6916625976562,0.9806909680612571,0.027857374908889825,-0.021943997689840344,0.05955836032581319,-0.05141643636094306,Capital Goods,1
2024-10-30,1811.9000244140625,1888.0,1781.300048828125,1790.449951171875,331954,1737.2699951171876,1766.864990234375,1760.149991861979,1754.4574951171876,1756.46,1741.283329264323,1.010000913314551,0.010428325759192,-0.01183844194114636,0.0420000963411582,-0.016888335544800848,Capital Goods,1
2024-10-31,1931.550048828125,1944.4000244140625,1810.050048828125,1819.6500244140625,309938,1781.7199951171874,1780.9199951171875,1770.523331705729,1761.6974975585938,1765.4560009765626,1751.5033325195313,1.197536845378164,0.06603566576624738,-0.05793275948606791,0.006652675447749168,-0.06290284845257532,Capital Goods,1
2024-11-01,1999.8499755859375,2016.0,1935.5999755859375,1940.0,190292,1856.2199951171874,1795.2949951171875,1785.839998372396,1773.0774963378906,1777.8739990234376,1764.075,1.304588143421171,0.0353601641330755,-0.029927232700743933,0.008075617976958771,-0.0321274099479264,Capital Goods,1
2024-11-04,1934.699951171875,2015.5,1905.050048828125,2015.5,215412,1894.239990234375,1805.0099853515626,1800.1033284505208,1786.3874938964843,1785.2919970703124,1772.694999186198,1.2024739097443213,-0.032577455913898816,0.041763607209057474,0.041763607209057474,-0.015325323353520881,Capital Goods,1
2024-11-05,2044.5,2116.0,1934.800048828125,1943.5999755859375,1409639,1944.5,1832.989990234375,1819.436661783854,1803.0499938964845,1792.9199951171875,1783.75,1.374571279539697,0.05675301162933175,-0.049351931726124953,0.03497187576424543,-0.05365612676540721,Capital Goods,1
2024-11-06,2117.39990234375,2189.89990234375,2022.449951171875,2060.0,468715,2005.5999755859375,1871.4349853515625,1846.4433186848958,1821.5124877929688,1804.6859912109376,1797.983329264323,1.488832444134785,0.035656591999877724,-0.027108673368792524,0.034240107369302164,-0.04484271065979317,Capital Goods,1
2024-11-07,2107.25,2160.0,2089.0,2120.25,225897,2040.7399658203126,1911.22998046875,1867.5266520182292,1838.077490234375,1817.5059912109375,1811.3366617838542,1.4729237854804196,-0.004793568910868028,0.006169177838414974,0.025032625459722402,-0.008660576580851842,Capital Goods,1
2024-11-08,2071.5,2145.0,2056.550048828125,2107.5,121623,2055.069970703125,1955.6449829101562,1881.8866536458333,1853.1474914550781,1829.4759912109375,1824.0733276367187,1.4168902860799282,-0.016965239055641238,0.0173787110789283,0.0354815351194786,-0.0072169689461139,Capital Goods,1
2024-11-11,2054.0,2118.050048828125,2035.6500244140625,2108.0,208483,2078.92998046875,1986.5849853515624,1896.316650390625,1869.809991455078,1844.8959912109376,1834.2316609700522,1.3894613003594078,-0.008447984552256819,0.02629016553067176,0.031183081221092923,-0.00893377584514976,Capital Goods,1
2024-11-12,2011.1500244140625,2127.199951171875,1995.0,2080.0,273253,2072.2599853515626,2008.3799926757813,1912.7466552734375,1882.6424926757813,1856.8919921875,1839.47666015625,1.3222995078753323,-0.02086172131739898,0.034234132088677205,0.05770326696121186,-0.008030243501485068,Capital Goods,1
2024-11-13,1933.199951171875,2038.3499755859375,1924.0,2015.0,158454,2035.4199951171875,2020.5099853515626,1926.0966552734376,1893.6874877929688,1864.2939892578124,1843.1416585286458,1.2001228538254196,-0.038758954973982025,0.04231328931005773,0.054391696187620076,-0.0047589237555577535,Capital Goods,1
2024-11-14,2039.0999755859375,2068.550048828125,1939.050048828125,1956.5,405968,2021.789990234375,2031.2649780273437,1948.0833170572917,1906.0924865722657,1874.819990234375,1851.5533243815105,1.3661074399657664,0.054779653987611365,-0.04050805579662775,0.014442682357310499,-0.049065728976365186,Capital Goods,1
2024-11-18,2024.449951171875,2069.0,1960.0,2065.0,198174,2012.37998046875,2033.7249755859375,1974.5566487630208,1914.5099853515626,1884.9939892578125,1859.9599894205728,1.3431454222252754,-0.007184554258970456,0.02003015624300919,0.02200600158197874,-0.03183578390494046,Capital Goods,1
2024-11-19,2187.14990234375,2222.0,2030.0,2030.0,1126972,2039.0099609375,2058.969970703125,2004.0599772135417,1931.9899780273438,1903.6499853515625,1877.2483194986978,1.598156544363716,0.080367485043379,-0.07185145479756472,0.015934023369365224,-0.07185145479756472,Capital Goods,1
2024-11-21,2193.300048828125,2264.699951171875,2118.0,2179.050048828125,500435,2075.4399658203124,2073.8499755859375,2030.7333170572917,1953.4199829101562,1921.2019873046875,1893.3166544596354,1.6077961032265178,0.0028119455725391764,-0.00649705908118392,0.03255364097670932,-0.03433185024928875,Capital Goods,1
2024-11-22,2179.14990234375,2224.0,2150.10009765625,2214.199951171875,177696,2124.6299560546877,2080.0249755859377,2055.2166422526043,1975.72998046875,1939.8759814453124,1907.6833170572916,1.5856175794629066,-0.0064515324713257495,0.016084276162198652,0.020581465097014195,-0.013330796865445582,Capital Goods,1
2024-11-25,2218.050048828125,2309.699951171875,2191.0,2266.0,301717,2160.419970703125,2091.10498046875,2074.316642252604,2001.16748046875,1956.9579833984376,1922.4199869791667,1.6465885258883963,0.017851064969204994,0.021618065470257797,0.041320033509691045,-0.012195418603117902,Capital Goods,1
2024-11-26,2228.39990234375,2269.199951171875,2200.050048828125,2240.0,115273,2201.2099609375,2106.794970703125,2089.5533040364585,2031.2199768066407,1971.84998046875,1937.696651204427,1.6628105821335137,0.004666194760164766,0.005205572682017046,0.01830912341416502,-0.012722067294029027,Capital Goods,1
2024-11-27,2353.39990234375,2365.0,2224.39990234375,2226.050048828125,487978,2234.4599609375,2136.7349609375,2117.4666341145835,2061.6599731445312,1992.483974609375,1958.784981282552,1.858731908708659,0.05609406097555898,-0.0541131379281512,0.004929080537777519,-0.054814313483878774,Capital Goods,1
2024-11-28,2316.300048828125,2374.449951171875,2305.0,2360.0,171309,2259.0599609375,2167.249963378906,2135.586637369792,2087.814978027344,2014.547978515625,1977.511649576823,1.8005826885764604,-0.015764364347375586,0.018866273906950726,0.025104650139419427,-0.004878490951050085,Capital Goods,1
2024-11-29,2279.89990234375,2337.85009765625,2258.050048828125,2328.0,122349,2279.2099609375,2201.919958496094,2146.419970703125,2111.214971923828,2036.4259765625,1996.4316446940104,1.7435301686824736,-0.015714780346695913,0.02109746029060444,0.02541786823751635,-0.009583689833559506,Capital Goods,1
2024-12-02,2335.14990234375,2371.0,2260.0,2300.89990234375,219340,2302.629931640625,2231.524951171875,2161.6132975260416,2131.3949645996095,2061.459970703125,2014.5699747721353,1.8301273950286876,0.024233520051999954,-0.01466715261646534,0.015352375288741893,-0.03218204632958399,Capital Goods,1
2024-12-03,2354.35009765625,2398.0,2336.0,2337.5,141597,2327.819970703125,2264.5149658203127,2180.469970703125,2149.119970703125,2090.5399755859376,2031.178312174479,1.8602212169177028,0.008222253866113303,-0.007157005949550266,0.01854010683763785,-0.007794124448406103,Capital Goods,1
2024-12-04,2346.10009765625,2371.89990234375,2273.0,2334.35009765625,328743,2326.360009765625,2280.4099853515627,2199.943310546875,2169.689978027344,2114.59998046875,2048.12998046875,1.8472904093637432,-0.00350415174370747,-0.005008311457698755,0.010996889993429404,-0.03115813248091026,Capital Goods,1
2024-12-05,2300.89990234375,2395.0,2290.050048828125,2342.10009765625,198082,2323.27998046875,2291.169970703125,2219.259969075521,2182.509973144531,2134.907978515625,2066.003312174479,1.776444951547098,-0.019266098389260935,0.017906122413466452,0.040897084466993805,-0.004715482626850953,Capital Goods,1
2024-12-06,2291.64990234375,2328.14990234375,2260.64990234375,2305.949951171875,160897,2325.62998046875,2302.419970703125,2243.156632486979,2191.2224731445312,2154.0979736328127,2084.626643880208,1.7619467733805372,-0.004020166192617826,0.006240066955035317,0.01592738924155479,-0.013527371684608158,Capital Goods,1
2024-12-09,2290.5,2321.85009765625,2282.0,2296.14990234375,97631,2316.7,2309.6649658203123,2259.9166341145833,2200.384973144531,2168.4559716796875,2103.9999755859376,1.7601444502395822,-0.0005017792388680116,0.00246666768991477,0.013687010546278078,-0.003710980135341657,Capital Goods,1
2024-12-10,2324.199951171875,2337.050048828125,2292.199951171875,2294.949951171875,112048,2310.669970703125,2319.244970703125,2279.899967447917,2213.019970703125,2181.429970703125,2127.228308105469,1.8129647633524733,0.014712923454213054,-0.012584975739824755,0.005528826231052442,-0.01376817858715873,Capital Goods,1
2024-12-11,2313.85009765625,2348.85009765625,2306.35009765625,2320.050048828125,83324,2304.219970703125,2315.289990234375,2288.346647135417,2226.0124755859374,2196.5959765625,2146.2033121744794,1.7967427071073558,-0.004453082236064304,0.0026794956069777776,0.015126304005368407,-0.003241350858293246,Capital Goods,1
2024-12-12,2331.64990234375,2409.39990234375,2313.85009765625,2322.949951171875,278231,2310.369970703125,2316.8249755859374,2297.569970703125,2242.037469482422,2208.08197265625,2164.151643880208,1.8246415978845836,0.007692721626837372,-0.0037312424833290114,0.03334548635361023,-0.0076339954251313236,Capital Goods,1
2024-12-13,2279.64990234375,2334.5,2216.14990234375,2331.64990234375,187633,2307.969970703125,2316.7999755859373,2304.269970703125,2259.359967041016,2214.57197265625,2179.7433064778647,1.7431383260293232,-0.02230180437797722,0.02281052013580598,0.02406075494305404,-0.027855154396609128,Capital Goods,1
2024-12-16,2282.800048828125,2325.10009765625,2270.14990234375,2279.64990234375,89898,2306.42998046875,2311.564990234375,2308.586637369792,2271.544970703125,2221.593974609375,2191.4516398111978,1.7480757730543215,0.0013818553810110389,-0.0013799484917621507,0.018529896584608796,-0.005541504386627705,Capital Goods,1
2024-12-17,2261.60009765625,2305.800048828125,2231.050048828125,2290.60009765625,85472,2293.910009765625,2302.289990234375,2310.799983723958,2283.402478027344,2229.197978515625,2200.1766438802083,1.714847592598945,-0.009286819133702924,0.012822779778818294,0.019543663452119775,-0.013508156839834196,Capital Goods,1
2024-12-18,2241.800048828125,2276.5,2230.0,2272.949951171875,63289,2279.5,2291.8599853515625,2303.3599934895833,2286.1349853515626,2236.70998046875,2210.4133138020834,1.683813577937674,-0.008754885025272267,0.013895040443073103,0.015478611123241892,-0.005263649108355306,Capital Goods,1
2024-12-19,2262.050048828125,2288.800048828125,2120.0,2120.0,111497,2265.580029296875,2287.975,2299.7433268229165,2289.5724853515626,2246.7459814453123,2217.6649820963544,1.7155528328428475,0.009032919778276145,-0.06279704063210945,0.011825556209005272,-0.06279704063210945,Capital Goods,1
2024-12-20,2161.10009765625,2261.449951171875,2152.0,2249.050048828125,69395,2241.870068359375,2274.92001953125,2291.82333984375,2288.6699951171877,2255.8619873046873,2219.1216552734377,1.5573268460325285,-0.04462763820109684,0.040696842902953945,0.04643461615889799,-0.004210863562552847,Capital Goods,1
2024-12-23,2020.949951171875,2145.0,2001.0,2145.0,294480,2189.500048828125,2247.9650146484373,2270.876676432292,2278.814990234375,2255.135986328125,2216.2449869791667,1.3376596250811714,-0.06485129802010108,0.061382048949897516,0.061382048949897516,-0.009871571119466238,Capital Goods,1
2024-12-24,1987.699951171875,2049.0,1980.0,2000.4000244140625,156217,2134.72001953125,2214.3150146484377,2246.4333333333334,2266.779992675781,2253.665986328125,2213.451652018229,1.2855445522121827,-0.016452658800738505,0.006389331163740186,0.03083968925590841,-0.0038737995477312603,Capital Goods,1
2024-12-26,1988.699951171875,2022.449951171875,1965.0,1986.800048828125,85313,2084.1,2181.8,2222.606656901042,2248.5449951171877,2245.72798828125,2211.2749837239585,1.2871119228247838,0.0005030940406324589,-0.0009553489165775586,0.016970885919775025,-0.011917308670877924,Capital Goods,1
2024-12-27,2015.800048828125,2035.4000244140625,1971.050048828125,1998.4000244140625,58348,2034.85,2150.2150146484373,2203.6,2233.5199951171876,2238.62798828125,2211.4299845377604,1.3295878194898116,0.013627041947821645,-0.00863182061344725,0.0097231744772166,-0.022199622440735256,Capital Goods,1
2024-12-30,2023.9000244140625,2037.449951171875,1981.4000244140625,1996.75,93655,2007.4099853515625,2124.640026855469,2185.750008138021,2220.720001220703,2232.4179931640624,2214.4533203125,1.342283483185997,0.0040182435706588955,-0.013414706302957158,0.006694958542596607,-0.02099906096513049,Capital Goods,1
2024-12-31,2064.25,2136.0,1984.050048828125,2018.1500244140625,206716,2016.0699951171875,2102.785021972656,2170.6666748046873,2207.1750061035154,2226.2659912109375,2215.2916544596355,1.4055268491385697,0.019936743465191264,-0.02233255448028948,0.03475838682330146,-0.03885185959640303,Capital Goods,1
2025-01-01,2120.64990234375,2128.0,2059.25,2073.550048828125,63613,2042.6599853515625,2088.6900024414062,2157.096671549479,2195.4899963378907,2221.9559912109376,2218.498319498698,1.4939263986257387,0.027322224703282064,-0.022210103357263256,0.003465964678152078,-0.028953342216407663,Capital Goods,1
2025-01-02,2121.14990234375,2148.300048828125,2083.300048828125,2129.949951171875,49175,2069.1499755859377,2076.6249877929686,2144.249991861979,2184.2424865722655,2212.6659912109376,2216.2983194986978,1.4947100839320393,0.00023577677741497933,0.004148716136658459,0.012799730209720472,-0.017844025768194438,Capital Goods,1
2025-01-03,2072.550048828125,2139.5,2056.5,2120.0,72730,2080.4999755859376,2057.6749877929688,2126.976668294271,2172.8249938964846,2202.9159912109376,2212.273319498698,1.4185361017549276,-0.022912031564541916,0.02289447784322718,0.03230317704980412,-0.007744106752548663,Capital Goods,1
2025-01-06,1960.8499755859375,2075.0,1951.0,2070.0,106921,2067.8899658203127,2037.6499755859375,2105.72333984375,2156.2849975585937,2190.153994140625,2204.9966552734377,1.2434606895297258,-0.05389499438401774,0.05566464837854124,0.0582145629881512,-0.005023319330176745,Capital Goods,1
2025-01-07,2274.800048828125,2298.89990234375,1972.5,1972.5,3154546,2109.9999755859376,2063.0349853515627,2105.190006510417,2155.5,2187.74,2206.888321940104,1.7355368081535123,0.1601091756896769,-0.1328908221994528,0.010594273341975713,-0.1328908221994528,Capital Goods,1
2025-01-08,2225.60009765625,2338.39990234375,2162.39990234375,2242.85009765625,982655,2130.9900146484374,2086.825,2102.790006510417,2150.5700073242188,2182.59,2206.7949951171877,1.6584222505453032,-0.021628253084142762,0.007750718567170134,0.05068287191678689,-0.02839692331926802,Capital Goods,1
2025-01-09,2132.449951171875,2268.0,2115.25,2229.800048828125,215198,2133.2500244140624,2101.2,2095.5,2141.5,2174.043994140625,2199.429996744792,1.5124214483862006,-0.041853946080641434,0.04565176200395782,0.06356540689437251,-0.00806581704880005,Capital Goods,1
