Price,Close,High,Low,Open,Volume,MA_5,MA_10,MA_15,MA_20,MA_25,MA_30,Normalised Close,Return Ratio,Percentage Change Open,Percentage Change High,Percentage Change Low,Sector,Sector Encoded
Ticker,LATENTVIEW.NS,LATENTVIEW.NS,LATENTVIEW.NS,LATENTVIEW.NS,LATENTVIEW.NS,,,,,,,,,,,,,
Date,,,,,,,,,,,,,,,,,,
2023-01-10,370.20001220703125,375.95001220703125,369.5,373.95001220703125,125801,,,,,,,-1.09089173610556,,0.010129659309419115,0.015532144274442494,-0.0018909027119096145,Information Technology,10
2023-01-11,368.20001220703125,373.8999938964844,367.5,371.0,128523,,,,,,,-1.122887708099219,-0.005402484965023493,0.007604529332265075,0.015480666758501238,-0.0019011737746430502,Information Technology,10
2023-01-12,368.75,375.1499938964844,367.5,369.8999938964844,143839,,,,,,,-1.1140890110888777,0.0014937201921098886,0.0031186275158898713,0.01735591565148309,-0.003389830508474523,Information Technology,10
2023-01-13,366.79998779296875,372.70001220703125,366.5,370.70001220703125,120696,,,,,,,-1.1452852790706105,-0.005288168697033899,0.010632564187171623,0.016085127073102834,-0.0008178511530869681,Information Technology,10
2023-01-16,370.6000061035156,374.0,367.79998779296875,368.6499938964844,132524,368.9100036621094,,,,,,-1.0844926393507854,0.01035991940297365,-0.005261770574516822,0.009174295306230151,-0.007555364987675617,Information Technology,10
2023-01-17,370.0,375.95001220703125,369.1000061035156,371.95001220703125,161062,368.8700012207031,,,,,,-1.0940915285928408,-0.001619012664959406,0.005270303262246534,0.016081114073057456,-0.0024324159364442766,Information Technology,10
2023-01-18,367.54998779296875,372.1000061035156,366.1000061035156,371.79998779296875,105120,368.7399963378906,,,,,,-1.1332867895729883,-0.006621654613597973,0.011563053029929327,0.012379318355765445,-0.003944991804134879,Information Technology,10
2023-01-19,366.95001220703125,372.04998779296875,366.04998779296875,367.0,112756,368.3799987792969,,,,,,-1.1428851905952562,-0.0016323645922019468,0.00013622507509425397,0.013898284279276973,-0.002452716675629185,Information Technology,10
2023-01-20,373.95001220703125,379.8999938964844,367.04998779296875,367.5,326741,369.81000366210935,,,,,,-1.0308992886174486,0.01907616778072387,-0.01724832730707415,0.015911168592659397,-0.01845172934569239,Information Technology,10
2023-01-23,383.20001220703125,391.3999938964844,375.5,379.95001220703125,870124,372.3300048828125,370.62000427246096,,,,,-0.8829179181467747,0.02473592645553623,-0.008481210585776666,0.021398698925465975,-0.020093976935656177,Information Technology,10
2023-01-24,376.54998779296875,390.95001220703125,372.1499938964844,387.0,900954,373.64000244140624,371.2550018310547,,,,,-0.9893049156015217,-0.01735392537114455,0.02775199188899391,0.03824199941809536,-0.01168501935765176,Information Technology,10
2023-01-25,371.04998779296875,383.45001220703125,370.0,381.0,420425,374.3400024414062,371.5399993896484,,,,,-1.0772938385840847,-0.014606294458370715,0.02681582680062755,0.033418743624864966,-0.002829774498078197,Information Technology,10
2023-01-27,369.95001220703125,378.0,360.5,372.95001220703125,461981,374.94000244140625,371.6600006103516,,,,,-1.0948912326047673,-0.0029644943326375822,0.008109203678904331,0.02175966354195924,-0.02554402458498317,Information Technology,10
2023-01-30,372.25,375.29998779296875,362.20001220703125,369.8999938964844,317435,374.6,372.2050018310547,,,,,-1.058096060099974,0.006217023157392496,-0.006312978115555756,0.008193385609049697,-0.02699795243242109,Information Technology,10
2023-01-31,369.04998779296875,372.6000061035156,367.20001220703125,368.8999938964844,179916,371.7699951171875,372.05,371.0033345540365,,,,-1.1092898105777438,-0.008596406197531901,-0.00040643246564342483,0.009619342712289702,-0.00501280489670497,Information Technology,10
2023-02-01,363.1499938964844,374.25,360.20001220703125,373.0,396556,369.0899963378906,371.36499938964846,370.53333333333336,,,,-1.2036778303150812,-0.015986977622647097,0.027123795316167154,0.030565899187870116,-0.008123314715775543,Information Technology,10
2023-02-02,359.3999938964844,369.0,359.0,364.45001220703125,159350,366.75999755859374,370.55,369.94666544596356,,,,-1.2636702778031923,-0.01032631161510892,0.014051247624677021,0.026711202744985618,-0.0011129490909217443,Information Technology,10
2023-02-03,358.1499938964844,363.20001220703125,355.1499938964844,362.79998779296875,200131,364.3999938964844,369.6699981689453,369.23999837239586,,,,-1.2836677602992292,-0.003478018979488434,0.012983370028559538,0.014100288696379248,-0.008376378755061697,Information Technology,10
2023-02-06,364.70001220703125,367.25,358.1499938964844,358.1499938964844,224580,362.88999633789064,368.7449981689453,369.1,,,,-1.1788806590881227,0.018288478073910056,-0.017960016702244008,0.0069920145533781675,-0.017960016702244008,Information Technology,10
2023-02-07,360.54998779296875,367.75,358.6499938964844,367.70001220703125,182472,361.18999633789065,366.47999572753906,368.42999877929685,368.55,,,-1.2452726915507957,-0.011379282355786249,0.019830882418911955,0.019969525588128922,-0.005269710056335808,Information Technology,10
2023-02-08,361.04998779296875,363.5,359.79998779296875,361.8999938964844,138288,360.7699951171875,364.92999572753905,367.8333312988281,368.0924987792969,,,-1.237273698552381,0.0013867702591272998,0.002354261548966008,0.006785797783868341,-0.0034621244765608017,Information Technology,10
2023-02-09,369.79998779296875,372.3500061035156,360.04998779296875,361.3500061035156,538115,362.84999389648436,364.80499572753905,367.98333129882815,368.17249755859376,,,-1.0972913210801216,0.024234871335925307,-0.022850140531058716,0.006895668996004689,-0.02636560389898801,Information Technology,10
2023-02-10,364.20001220703125,370.25,362.5,366.5,126383,364.05999755859375,364.22999572753906,367.7999979654948,367.9449981689453,,,-1.1868796520865377,-0.015143255194136531,0.006315177693243301,0.01661171771056824,-0.004667798325236894,Information Technology,10
2023-02-13,363.70001220703125,369.0,361.0,365.20001220703125,145035,363.85999755859376,363.3749969482422,367.1166646321615,367.7899993896484,,,-1.1948786450849525,-0.001372872002310018,0.004124278112880964,0.01457241576871815,-0.007423734166646989,Information Technology,10
2023-02-14,362.70001220703125,366.8500061035156,360.1000061035156,365.3999938964844,145210,364.2900024414063,362.73999938964846,365.7499979654948,367.3949996948242,367.69800048828125,,-1.210876631081782,-0.0027495187419206454,0.007444117999951816,0.011441945841776047,-0.007168475368099836,Information Technology,10
2023-02-15,360.5,362.6499938964844,356.75,360.1000061035156,114443,364.1800048828125,362.475,364.67999877929685,366.91999969482424,367.31,,-1.2460723955627222,-0.006065652420699314,-0.0011095531109136525,0.005963922042952596,-0.010402219140083213,Information Technology,10
2023-02-16,359.75,363.3999938964844,358.79998779296875,362.1000061035156,157801,362.1700073242188,362.51000061035154,363.9266662597656,366.5300003051758,366.97199951171876,,-1.2580708850603444,-0.0020804438280166435,0.006532331073010766,0.010145917710866925,-0.0026407566560979756,Information Technology,10
2023-02-17,356.95001220703125,361.5,356.0,359.8999938964844,109061,360.7200073242187,362.39000244140624,363.05999959309895,366.0300003051758,366.5,,-1.3028650505635524,-0.007783148833825573,0.008264411230058055,0.012746848682917866,-0.0026614712832121468,Information Technology,10
2023-02-20,357.04998779296875,364.95001220703125,355.3500061035156,356.5,218812,359.39000244140624,361.625,362.0466654459635,365.1849990844727,366.11,,-1.3012656425396993,0.00028008287580478944,-0.0015403663682175273,0.022125821829304337,-0.004761186801773065,Information Technology,10
2023-02-21,358.1000061035156,359.95001220703125,356.1000061035156,358.70001220703125,139460,358.4700012207031,361.3800018310547,361.31666666666666,363.92999877929685,365.61,366.1600006103516,-1.2844674643111558,0.002940815982202794,0.001675526649787873,0.005166171661501906,-0.005585032018742497,Information Technology,10
2023-02-22,353.3500061035156,357.5,352.5,356.1000061035156,186434,357.0400024414063,360.61000366210936,360.6633341471354,362.7699996948242,364.9440002441406,365.59833374023435,-1.3604578977960966,-0.013264451044513308,0.007782651627277426,0.01174471154606005,-0.002405564139898786,Information Technology,10
2023-02-23,351.6499938964844,356.95001220703125,351.0,353.8999938964844,115774,355.4200012207031,358.7950042724609,360.14666748046875,361.8,364.30800048828127,365.0466664632161,-1.387654669278622,-0.004811128279797519,0.0063984076185206185,0.015071856682889795,-0.0018484115107810783,Information Technology,10
2023-02-24,350.1499938964844,354.95001220703125,349.5,353.3999938964844,120487,354.05999755859375,357.39000244140624,359.6133341471354,360.8099990844727,363.63599975585936,364.4266662597656,-1.4116516482738664,-0.004265605079013756,0.009281736560477594,0.013708463213527589,-0.0018563298809496365,Information Technology,10
2023-02-27,347.6000061035156,354.1000061035156,347.0,349.0,140754,352.1700012207031,355.7800018310547,358.47333374023435,359.57749938964844,362.5819995117188,363.7866668701172,-1.452446317277867,-0.007282558439006024,0.004027600321927061,0.01869965444725663,-0.001726139507998048,Information Technology,10
2023-02-28,346.1499938964844,349.0,345.5,345.75,104556,349.7799987792969,354.125,357.5133341471354,358.43249969482423,361.09999877929687,362.97166646321614,-1.4756435922611848,-0.00417149649473664,-0.0011555507830053324,0.008233442593582385,-0.001877781042742832,Information Technology,10
2023-03-01,346.25,350.5,345.6000061035156,346.0,119463,348.35999755859376,352.7,356.52666829427085,357.5875,359.88799926757815,362.17999979654945,-1.4740436960175445,0.00028890973646970993,-0.0007220216606498298,0.012274368231046884,-0.0018772386902076166,Information Technology,10
2023-03-02,344.3500061035156,348.29998779296875,344.0,346.0,102957,346.9,351.1600006103516,354.8300028483073,356.8350006103516,358.82,361.4066670735677,-1.5044397717675633,-0.005487346993456679,0.004791618606762471,0.011470833801192626,-0.0010164254314268817,Information Technology,10
2023-03-03,357.0,362.25,345.54998779296875,346.1000061035156,507204,348.27000122070314,351.1649993896484,354.3500020345052,356.77750091552736,358.30199951171875,361.075,-1.3020653465516259,0.03673586081680405,-0.03053219578847166,0.014705882352941124,-0.032072863325017464,Information Technology,10
2023-03-06,362.45001220703125,368.1499938964844,356.3500061035156,358.5,316907,351.24000244140626,351.7050018310547,354.26666870117185,356.66500091552734,357.91,360.69166666666666,-1.2148761275809894,0.015266140635941877,-0.010898088216300006,0.015726256028368635,-0.01682992384624693,Information Technology,10
2023-03-08,358.3500061035156,362.0,356.8500061035156,361.0,110786,353.6800048828125,351.73000183105466,353.97666829427084,356.5550018310547,357.48200073242185,359.8633331298828,-1.2804679678119484,-0.011311921548987847,0.0073949877252657,0.010185555558299697,-0.004185851749550995,Information Technology,10
2023-03-09,354.6499938964844,359.8999938964844,353.04998779296875,359.8999938964844,92025,355.36000366210936,351.86000061035156,353.5866678873698,356.2350021362305,357.1420007324219,359.1333333333333,-1.3396607112881331,-0.010325135046774458,0.01480332747878843,0.01480332747878843,-0.004511507489219468,Information Technology,10
2023-03-10,347.45001220703125,352.1499938964844,346.75,350.0,119274,355.9800048828125,351.44000244140625,352.76666870117185,355.1175033569336,356.66400146484375,358.34666748046874,-1.4548459175334338,-0.020301654626715328,0.007339150103265357,0.01352707303015599,-0.0020147134334078665,Information Technology,10
2023-03-13,339.1000061035156,348.29998779296875,335.0,345.1000061035156,265973,352.40000610351564,350.3350036621094,351.57666829427086,353.8625030517578,355.902001953125,357.3183339436849,-1.5884291982509187,-0.024032251576207163,0.01769389528754073,0.027130585443412514,-0.012090846445647174,Information Technology,10
2023-03-14,331.6499938964844,341.0,329.0,340.79998779296875,315149,346.24000244140626,348.74000244140626,349.8833353678385,352.26000213623047,354.58000122070314,355.965000406901,-1.7076143892152145,-0.021969955980351757,0.02758930820104366,0.028192390398276146,-0.007990333017498852,Information Technology,10
2023-03-15,329.1499938964844,337.8999938964844,327.8500061035156,332.25,204340,340.4,347.0400024414063,347.9533345540365,350.58250122070314,353.3240014648438,354.63500061035154,-1.7476093542072886,-0.007538067378286483,0.009418217107701299,0.02658362498026312,-0.003949530053394379,Information Technology,10
2023-03-16,325.3999938964844,330.0,323.5,329.0,182935,334.55,344.9550018310547,346.090000406901,348.82750091552737,351.8980017089844,353.3766672770182,-1.8076018016953996,-0.011392982134398435,0.011063325663923873,0.014136466471412978,-0.005838948777266428,Information Technology,10
2023-03-17,331.54998779296875,335.45001220703125,327.1499938964844,329.8999938964844,264041,331.3699951171875,343.675,344.75,347.4175003051758,350.36800170898437,352.4483337402344,-1.709214285458855,0.018899797209095213,-0.00497660671764133,0.011763005753744116,-0.013270981928769965,Information Technology,10
2023-03-20,347.04998779296875,348.5,330.0,332.29998779296875,682954,332.9599914550781,342.67999877929685,344.5433329264323,346.92249908447263,349.6820007324219,352.0783335367839,-1.4612455025079958,0.04675011482636137,-0.042501082030866,0.004178107644528195,-0.049128334224693426,Information Technology,10
2023-03-21,355.3500061035156,356.75,343.8500061035156,347.5,665097,337.6999938964844,341.9699981689453,345.05999959309895,346.8375,349.34800048828123,351.76666666666665,-1.3284619258024373,0.023915915869440158,-0.02209091309605571,0.003939760440236251,-0.03236245899106582,Information Technology,10
2023-03-22,350.70001220703125,361.25,347.29998779296875,357.0,224268,342.00999755859374,341.2049987792969,345.3633341471354,346.4675003051758,348.86800048828127,351.43833414713544,-1.4028524630437376,-0.013085672763798415,0.017964036423385288,0.030082655904615896,-0.009694965200216066,Information Technology,10
2023-03-23,342.5,350.70001220703125,340.75,346.6000061035156,226865,345.42999877929685,339.98999938964846,345.1133341471354,345.925,348.14800048828124,350.82000122070315,-1.5340361435056555,-0.023381841806696255,0.011970820740191623,0.023941641480383247,-0.005109489051094873,Information Technology,10
2023-03-24,330.0,342.3500061035156,328.0,342.3500061035156,246196,345.1200012207031,338.2449981689453,344.1566670735677,344.8425003051758,346.95800048828124,349.4933349609375,-1.7340109684660259,-0.0364963503649635,0.03742426091974438,0.03742426091974438,-0.0060606060606061,Information Technology,10
2023-03-27,318.5,333.1000061035156,316.70001220703125,330.0,319524,339.4100036621094,336.18499755859375,341.590000406901,343.26000061035154,345.42,347.9700012207031,-1.9179878074295666,-0.03484848484848485,0.03610675039246458,0.045839893574617374,-0.00565145303914838,Information Technology,10
2023-03-28,315.6000061035156,323.1499938964844,310.45001220703125,319.8999938964844,519571,331.4600036621094,334.5799987792969,338.46666666666664,341.6600006103516,343.7620007324219,346.3666676839193,-1.964381869176415,-0.009105161370437598,0.013624802629307764,0.023922647804044628,-0.016318104552872525,Information Technology,10
2023-03-29,317.25,322.20001220703125,311.29998779296875,315.79998779296875,339347,324.77000122070314,333.38999938964844,335.72666625976564,340.21500091552736,342.12800048828126,344.85166727701824,-1.9379852899256036,0.005228117441617486,-0.004570566452423153,0.015602875357072499,-0.01875496361554374,Information Technology,10
2023-03-31,321.1000061035156,328.5,320.04998779296875,320.04998779296875,366399,320.49000244140626,332.9600006103516,333.49000040690106,338.95750122070314,340.83800048828124,343.5383341471354,-1.876392946193852,0.0121355590339342,-0.003270066305163466,0.023045760684597294,-0.003270066305163466,Information Technology,10
2023-04-03,333.79998779296875,335.6499938964844,324.1000061035156,325.70001220703125,241932,321.25,333.18500061035155,332.5799987792969,338.4300003051758,340.12400024414063,342.6733337402344,-1.6732188169659883,0.03955148379959522,-0.024265955309025644,0.005542259350419965,-0.02905926316411167,Information Technology,10
2023-04-05,342.54998779296875,343.75,331.1499938964844,334.75,256324,326.05999755859375,332.73500061035156,332.80999755859375,337.7074996948242,339.82,342.1933329264323,-1.533236439493729,0.02621330233668844,-0.022770363657647952,0.0035031739885991175,-0.03327979653402979,Information Technology,10
2023-04-06,338.6499938964844,343.95001220703125,336.3500061035156,343.95001220703125,117008,330.6699951171875,331.06499938964845,333.2766642252604,336.5174987792969,339.4619995117188,341.5799997965495,-1.5956284872374071,-0.011385181828823953,0.015650430846211538,0.015650430846211538,-0.006791636894792896,Information Technology,10
2023-04-10,342.79998779296875,343.79998779296875,336.0,338.6499938964844,184391,335.7799926757813,330.2749969482422,334.18666381835936,335.73999786376953,339.32799926757815,341.0699991861979,-1.5292369429945216,0.012254522283419587,-0.012106166990270562,0.002917152962689018,-0.019836604536507596,Information Technology,10
2023-04-11,350.79998779296875,353.0,337.8500061035156,344.0,253866,341.71998901367186,331.10499572753906,335.87999674479164,335.54749755859376,339.5099987792969,340.98499857584636,-1.4012530550198845,0.023337223701511724,-0.019384230415030346,0.006271414719460022,-0.03691557052475103,Information Technology,10
2023-04-12,358.6000061035156,362.0,348.0,350.79998779296875,466245,346.67999267578125,333.9649963378906,337.68333129882814,336.104997253418,340.0799987792969,341.21666564941404,-1.276468471312741,0.0222349446464354,-0.021751305571074853,0.00948129904800643,-0.029559414174844645,Information Technology,10
2023-04-13,367.3999938964844,369.8500061035156,357.0,361.79998779296875,539297,351.6499938964844,338.85499572753906,339.0399983723958,337.5199966430664,340.4959985351563,341.7916656494141,-1.1356863898285552,0.02453984284213451,-0.01524225965309467,0.0066685145556142356,-0.028307006176528704,Information Technology,10
2023-04-17,357.8999938964844,362.29998779296875,352.5,362.25,269022,355.4999938964844,343.0849945068359,339.2099975585937,338.8324966430664,340.3139978027344,342.13499857584634,-1.2876672567984366,-0.025857376586338875,0.012154250286949608,0.012293920009836645,-0.015087996615183563,Information Technology,10
2023-04-18,351.54998779296875,360.95001220703125,349.25,357.8999938964844,185476,357.2499938964844,346.51499328613284,339.26666259765625,339.95249633789064,340.0419970703125,342.31499837239585,-1.3892545655222623,-0.01774240349764365,0.018062882446337136,0.02673879886350128,-0.006542420346557498,Information Technology,10
2023-04-19,355.45001220703125,357.25,351.25,353.95001220703125,122881,358.17999877929685,349.9499938964844,340.12999674479164,341.45499725341796,340.07399780273437,342.6216654459635,-1.3268620295587967,0.011093797609116296,-0.004220002668409939,0.0050639688596221255,-0.011816041814017297,Information Technology,10
2023-04-20,349.3500061035156,356.70001220703125,346.6000061035156,356.5,104204,356.3299987792969,351.50499572753904,341.4199971516927,342.3449981689453,340.1499975585937,342.7883321126302,-1.424449841783415,-0.017161361356101704,0.02046656296426619,0.02103908966681889,-0.00787176170589543,Information Technology,10
2023-04-21,352.75,355.0,345.1000061035156,351.1499938964844,173208,353.4,352.5249969482422,343.703330485026,342.6299987792969,340.6959973144531,342.64666544596355,-1.370056787038152,0.009732342456226908,-0.004535807522368929,0.006378454996456506,-0.02168672968528529,Information Technology,10
2023-04-24,350.29998779296875,355.25,348.1000061035156,353.45001220703125,133634,351.8799987792969,353.68999633789065,346.01666259765625,342.3774978637695,341.4419970703125,342.2416646321615,-1.4092520480182995,-0.006945463379252303,0.00899236232895384,0.01413078041543292,-0.006280279092539809,Information Technology,10
2023-04-25,351.79998779296875,354.70001220703125,350.0,351.70001220703125,126214,351.92999877929685,354.5899963378906,348.3199951171875,342.43249664306643,342.3479968261719,342.02333068847656,-1.385255069023055,0.004282044111535959,-0.0002841830284437963,0.008243389751818597,-0.005116508969374989,Information Technology,10
2023-04-26,352.1000061035156,353.0,349.54998779296875,350.0,120960,351.25999755859374,354.7199981689453,350.38666178385415,342.91249694824216,343.41599731445314,341.9383310953776,-1.3804553802921335,0.0008528093261999576,-0.005964231942950371,0.0025560746403956447,-0.0072423125996685656,Information Technology,10
2023-04-27,358.54998779296875,363.1000061035156,350.04998779296875,351.6000061035156,340954,353.09999389648436,354.7149963378906,352.0366617838542,344.3399963378906,344.4959973144531,342.30833028157554,-1.277268663544455,0.01831860715036984,-0.019383578095297893,0.012690052894867465,-0.023706596818817927,Information Technology,10
2023-04-28,360.3999938964844,362.5,357.20001220703125,359.95001220703125,151617,354.62999267578124,354.01499633789064,353.22666219075523,346.4349960327148,345.0299975585938,343.01832987467446,-1.2476722918063627,0.0051596880951055605,-0.0012485618675741605,0.005826876079578325,-0.008878972651626182,Information Technology,10
2023-05-02,360.04998779296875,366.8999938964844,353.8999938964844,364.3999938964844,212057,356.5799926757812,354.22999572753906,354.65332845052086,348.6574951171875,345.2179968261719,343.9649963378906,-1.2532716845492105,-0.0009711601260907769,0.012081672687118461,0.01902515299474028,-0.017080944604893733,Information Technology,10
2023-05-03,358.29998779296875,365.95001220703125,356.70001220703125,358.70001220703125,187856,357.87999267578124,354.9049957275391,355.68666178385416,350.7099945068359,345.52199584960937,344.93666280110676,-1.2812681600436624,-0.004860436215335361,0.0011164510959840168,0.021350892198418903,-0.004465463690894622,Information Technology,10
2023-05-04,367.6499938964844,376.0,358.29998779296875,358.95001220703125,1065921,360.989990234375,356.1249938964844,356.80999552408855,353.03749389648436,346.52799560546873,346.3449961344401,-1.1316868933293478,0.02609546866330959,-0.023663761278077677,0.02271183528393217,-0.02543181356926183,Information Technology,10
2023-05-05,369.5,374.3999938964844,364.3999938964844,369.0,282981,363.17999267578125,358.13999328613284,357.5366617838542,354.82249450683594,348.1079956054688,347.60999654134116,-1.1020905215912555,0.005031976429289737,-0.0013531799729363803,0.01326114721646654,-0.01380245224226151,Information Technology,10
2023-05-08,366.1000061035156,374.3999938964844,362.6499938964844,369.8999938964844,316519,364.3199951171875,359.47499389648436,357.4499959309896,355.99999542236327,350.0119958496094,348.2449971516927,-1.1564835763365189,-0.009201607297657307,0.010379644167212376,0.022671367535082476,-0.009423687925467439,Information Technology,10
2023-05-09,373.25,378.79998779296875,366.5,367.8500061035156,593912,366.9599975585937,361.7699951171875,358.47332967122395,357.72999572753906,352.31799560546875,348.84166361490884,-1.0420980741031445,0.01953016601278804,-0.014467498717975591,0.014869357784243142,-0.018084393837910273,Information Technology,10
2023-05-10,335.20001220703125,355.0,328.6499938964844,350.0,4603520,362.3400024414062,360.10999755859376,357.3833312988281,357.34999694824216,353.03599609375,348.3249969482422,-1.6508212459945968,-0.10194236515195915,0.044152706604997816,0.05906917384221222,-0.019540626706485154,Information Technology,10
2023-05-11,338.0,342.8999938964844,335.54998779296875,339.45001220703125,765659,356.4100036621094,358.6999969482422,356.2199971516927,356.7099975585937,353.71199584960937,348.1749969482422,-1.6060270804913888,0.008353185235683642,0.004289976943879337,0.01449702336237979,-0.007248556825536268,Information Technology,10
2023-05-12,333.1000061035156,340.8500061035156,332.29998779296875,338.0,319581,349.1300048828125,356.1549987792969,355.13666381835935,355.43499755859375,353.6839965820312,348.27833048502606,-1.6844171142318964,-0.014497023362379808,0.014710278615130523,0.02326628597416347,-0.002401736102935592,Information Technology,10
2023-05-15,331.5,334.3999938964844,330.29998779296875,333.3500061035156,233548,342.2100036621094,353.26499938964844,353.7199971516927,353.6399978637695,353.2419970703125,348.7116638183594,-1.7100139894707815,-0.0048033805890066545,0.005580712227799767,0.008748096218655688,-0.0036199463258861364,Information Technology,10
2023-05-16,331.25,334.20001220703125,330.79998779296875,331.70001220703125,210756,333.81000366210935,350.38500061035154,352.4499979654948,352.3074981689453,352.9459973144531,349.23333028157555,-1.714013485969989,-0.0007541478129713424,0.0013585274174527928,0.008905697228773546,-0.0013585274174527928,Information Technology,10
2023-05-17,324.04998779296875,332.04998779296875,322.04998779296875,331.95001220703125,385063,331.5799987792969,346.9600006103516,350.59999796549477,350.9324981689453,352.1959973144531,349.4599965413411,-1.8291991804350771,-0.02173588590801887,0.024379030123925505,0.02468754914785265,-0.0061718872869631625,Information Technology,10
2023-05-18,325.04998779296875,326.75,322.95001220703125,325.95001220703125,197569,328.9899963378906,342.7,348.7966634114583,349.41249694824216,351.16599731445314,349.59166259765624,-1.8132011944382476,0.003085943643481594,0.0027688800118821355,0.005230002371555242,-0.006460469665591884,Information Technology,10
2023-05-19,326.54998779296875,329.3999938964844,321.8999938964844,325.04998779296875,342053,327.67999267578125,338.4049987792969,346.663330078125,348.27249603271486,349.8839965820313,349.34999593098956,-1.789204215443003,0.0046146748387370555,-0.004593477434000071,0.008727625815507567,-0.014239761354492675,Information Technology,10
2023-05-22,326.54998779296875,329.5,322.75,329.0,274374,326.689990234375,334.4499969482422,344.4066630045573,346.9624954223633,348.24999633789065,348.81666259765626,-1.789204215443003,0.0,0.007502717190681851,0.009033876335348578,-0.011636772117651795,Information Technology,10
2023-05-23,327.29998779296875,333.6000061035156,325.79998779296875,326.20001220703125,296394,325.8999877929688,329.85499572753906,342.22332967122395,345.81249542236327,347.02599609375,348.4383290608724,-1.7772057259453808,0.0022967387170000344,-0.0033607565748926538,0.019248452629127222,-0.00458295159164146,Information Technology,10
2023-05-24,324.45001220703125,327.3999938964844,323.95001220703125,326.8500061035156,173582,325.97999267578126,328.7799957275391,339.96666463216144,344.4449966430664,345.9419970703125,347.8266632080078,-1.8227995954605154,-0.008707533431807616,0.007397114520534931,0.00909225328544827,-0.0015410694442536954,Information Technology,10
2023-05-25,325.20001220703125,326.5,323.1000061035156,325.0,161464,326.00999755859374,327.4999969482422,337.1366658528646,343.09999694824216,344.7319970703125,346.97333068847655,-1.810801105962893,0.002311604166380569,-0.0006150436639710266,0.003997502288349164,-0.006457583101745712,Information Technology,10
2023-05-26,330.75,333.45001220703125,324.0,326.70001220703125,393566,326.85,327.26499633789064,334.55333251953124,341.7099975585937,343.98799682617187,346.0449971516927,-1.7220124789684037,0.01706638248658944,-0.012244861052059686,0.008163302213246348,-0.020408163265306145,Information Technology,10
2023-05-29,327.95001220703125,333.8500061035156,327.0,333.8500061035156,224709,327.1300048828125,326.9099975585938,332.00999959309894,340.0874984741211,342.9959973144531,344.72999776204426,-1.7668066444716115,-0.008465571558484505,0.01799052805876933,0.01799052805876933,-0.0028968201606027755,Information Technology,10
2023-05-30,326.8999938964844,329.1000061035156,325.0,328.0,275331,327.0500061035156,326.47499694824216,328.9199991861979,338.42999877929685,342.05999755859375,343.69666442871096,-1.7836048227001553,-0.003201763291547036,0.003364962141491956,0.006729924282983912,-0.005812156414680247,Information Technology,10
2023-05-31,337.45001220703125,338.79998779296875,326.0,326.0,1054478,329.65000610351564,327.81499938964845,329.0699991861979,337.3875,341.4859985351562,343.22666524251304,-1.61482577750173,0.032272922935225344,-0.03393098768064784,0.004000520186999701,-0.03393098768064784,Information Technology,10
2023-06-01,335.0,344.5,333.20001220703125,338.3999938964844,423091,331.61000366210936,328.81000061035155,328.8699991861979,335.75500030517577,340.80199829101565,342.5449981689453,-1.6540210384818776,-0.007260370776125877,0.010149235511893728,0.028358208955223896,-0.005373097889458944,Information Technology,10
2023-06-02,335.79998779296875,341.0,334.0,336.75,411885,332.6200012207031,329.73500061035156,329.0499979654948,334.0699996948242,339.8919982910156,342.0933308919271,-1.641222844972329,0.0023880232625932835,0.0028291013745269655,0.0154854448959576,-0.005360297374633949,Information Technology,10
2023-06-05,339.1000061035156,341.70001220703125,333.0,338.0,411515,334.85,330.99000244140626,329.5566650390625,332.7199996948242,339.03999877929687,341.6383310953776,-1.5884291982509187,0.009827333027127565,-0.00324389880187681,0.007667372623761937,-0.01798881154149401,Information Technology,10
2023-06-06,347.04998779296875,349.20001220703125,338.5,341.0,1263640,338.8799987792969,332.9650024414062,330.60999755859376,331.40999908447264,338.5199987792969,341.5299977620443,-1.4612455025079958,0.023444357258508183,-0.01743261203218327,0.006195143321385377,-0.024636185257753684,Information Technology,10
2023-06-07,345.70001220703125,350.54998779296875,343.5,349.0,450910,340.5299987792969,335.0900024414062,332.05333251953124,331.9349990844727,338.01599975585935,341.326665242513,-1.4828423930278858,-0.0038898591944132913,0.009545813353898591,0.014029434233959304,-0.006363934421019679,Information Technology,10
2023-06-08,337.75,347.5,337.0,347.3999938964844,336382,341.0799987792969,336.3450012207031,332.9,331.92249908447263,336.82,340.84833170572915,-1.6100265769905961,-0.022996852549343222,0.028571410500323857,0.02886750555144335,-0.0022205773501110526,Information Technology,10
2023-06-09,339.0,340.5,331.54998779296875,337.70001220703125,411223,341.7200012207031,337.1700012207031,333.73000081380206,332.2174987792969,335.6,340.19666544596356,-1.5900290944945592,0.003700962250185048,-0.003834772250645324,0.004424778761061843,-0.021976437188882758,Information Technology,10
2023-06-12,335.1499938964844,340.0,334.0,339.3500061035156,228859,340.92999877929685,337.88999938964844,334.30333455403644,332.3999984741211,334.36199951171875,339.35499877929686,-1.6516214382263108,-0.011356950157863201,0.012531738873695186,0.014471150803641697,-0.0034312812693637618,Information Technology,10
2023-06-13,334.29998779296875,337.0,333.25,335.95001220703125,295101,338.3799987792969,338.6299987792969,334.77000122070314,332.55249786376953,332.8039990234375,338.4966654459635,-1.6652198239675735,-0.0025361960883047516,0.004935759719753241,0.00807661473413912,-0.0031408550143861014,Information Technology,10
2023-06-14,332.75,337.0,331.5,335.0,280869,335.7899963378906,338.1599975585938,335.3233337402344,332.9874984741211,332.70599853515625,337.64499918619794,-1.6900165069747444,-0.004636517647522782,0.0067618332081142984,0.01277235161532686,-0.0037565740045079066,Information Technology,10
2023-06-15,340.5,344.6000061035156,332.3500061035156,335.0,1084625,336.3399963378906,338.7099975585937,336.3433329264323,333.75999908447267,332.8059985351563,336.73999938964846,-1.5660321154993149,0.02329075882794891,-0.016152716593245242,0.01204113393102979,-0.023935371208471,Information Technology,10
2023-06-16,342.0,347.1000061035156,340.6000061035156,342.95001220703125,610577,336.93999633789065,339.3299987792969,337.0933329264323,334.5324996948242,333.1619982910156,335.8233327229818,-1.5420351365040703,0.004405286343612335,0.002777813470851598,0.014912298548291236,-0.004093549404925123,Information Technology,10
2023-06-19,351.20001220703125,353.0,341.29998779296875,342.20001220703125,1046967,340.15,340.5399993896484,338.64333292643227,335.76500091552737,333.9499987792969,335.3266662597656,-1.3948534700453228,0.026900620488395467,-0.025626422799480242,0.005125249801835707,-0.02818913459554917,Information Technology,10
2023-06-20,346.75,354.6000061035156,346.1000061035156,353.79998779296875,576542,342.64000244140624,340.51000061035154,339.96666666666664,336.7375015258789,334.5699987792969,334.4433329264323,-1.4660447030191297,-0.012670877142247884,0.02033161584129406,0.02263880635476756,-0.0018745317851027732,Information Technology,10
2023-06-21,361.6000061035156,363.8999938964844,343.45001220703125,347.95001220703125,1846617,348.4100036621094,342.1,341.5766662597656,338.5950012207031,336.07199951171873,335.3233327229818,-1.228474513322252,0.04282626129348414,-0.03774887628894774,0.006360585603282232,-0.050193566344378215,Information Technology,10
2023-06-22,353.8500061035156,367.0,351.1499938964844,363.20001220703125,996928,351.0800048828125,343.7100006103516,342.8333333333333,340.02750091552736,337.2240002441406,335.85166625976564,-1.3524589047976818,-0.021432521762130168,0.02642364262325425,0.03716262164663475,-0.007630386210142892,Information Technology,10
2023-06-23,343.8500061035156,357.0,342.29998779296875,354.3999938964844,435306,351.45000610351565,344.19500122070315,343.3700012207031,340.6825012207031,337.9160009765625,336.209999593099,-1.512438764765978,-0.028260561897728468,0.03068194737734764,0.038243401666613774,-0.0045078327265762885,Information Technology,10
2023-06-26,349.70001220703125,351.45001220703125,342.04998779296875,344.20001220703125,432278,351.15000610351564,345.65000305175784,344.07666829427086,341.77000122070314,338.842001953125,336.81666666666666,-1.4188504490405671,0.017013249962701725,-0.01572776610812321,0.005004289216220981,-0.02187596267378311,Information Technology,10
2023-06-27,349.1499938964844,355.0,347.20001220703125,349.0,242161,351.6300048828125,347.1350036621094,344.2166687011719,342.88250122070315,339.71600219726565,337.4133331298828,-1.427649634270696,-0.001572828971539327,-0.0004295973051881008,0.01675499414515258,-0.005584939778149445,Information Technology,10
2023-06-28,346.5,352.79998779296875,345.0,349.8999938964844,273182,348.61000366210936,348.5100036621094,344.27000122070314,343.3350006103516,340.5980017089844,338.1616668701172,-1.470044199518337,-0.00758984374283003,0.00981239219764607,0.01818178295229078,-0.0043290043290042934,Information Technology,10
2023-06-30,351.6499938964844,355.0,346.6000061035156,349.20001220703125,400165,348.1700012207031,349.6250030517578,345.19666748046876,344.1675003051758,341.6560009765625,339.0483337402344,-1.387654669278622,0.014862897248151154,-0.006967102892014632,0.009526535366588984,-0.014360835719096632,Information Technology,10
2023-07-03,374.8999938964844,376.5,350.0,353.8500061035156,3398302,354.3799987792969,352.9150024414063,347.590000406901,346.12250061035155,343.42200073242185,340.6600006103516,-1.015701494852333,0.06611687872471321,-0.05614827456833993,0.004267821097797553,-0.06641769619062632,Information Technology,10
2023-07-04,373.04998779296875,379.25,368.1499938964844,377.0,1085964,359.04999389648435,355.1,350.1166666666667,347.8199996948242,345.2259997558594,342.2100006103516,-1.0452978665904253,-0.004934665600518628,0.010588426045528676,0.016619789330946322,-0.013134952571567271,Information Technology,10
2023-07-05,380.45001220703125,388.0,372.0,374.04998779296875,1853717,365.30999755859375,358.4700012207031,353.1933349609375,349.49000091552733,347.36800048828127,343.98166809082034,-0.9269123796380561,0.01983654913874246,-0.01682224788727238,0.019844887766386154,-0.022210571522949474,Information Technology,10
2023-07-06,380.1499938964844,390.0,378.1499938964844,382.0,896698,372.0399963378906,360.325,356.35333455403645,351.2125,349.07599975585936,345.8383341471354,-0.9317120683689775,-0.0007885879903287075,0.004866516199443671,0.025910841146028707,-0.005261081236646259,Information Technology,10
2023-07-07,369.5,379.5,368.0,377.0,557998,375.60999755859376,361.88999938964844,358.2866678873698,352.8,350.45599975585935,347.31500040690105,-1.1020905215912555,-0.02801524152959579,0.020297699594046037,0.02706359945872805,-0.004059539918809252,Information Technology,10
2023-07-10,369.45001220703125,379.70001220703125,367.70001220703125,372.8500061035156,421444,374.52000122070314,364.45,360.1166687011719,354.32250061035154,351.8020007324219,348.60500081380206,-1.102890225603182,-0.00013528496067320703,0.009202852305169484,0.02774394278340453,-0.004736770719117822,Information Technology,10
2023-07-11,369.8500061035156,374.1000061035156,367.1499938964844,369.04998779296875,275654,373.8800048828125,366.4649993896484,361.36000162760416,356.0575012207031,353.03200073242186,350.0016672770182,-1.0964911288484076,0.0010826739295388835,-0.0021630885422317947,0.01149114486917302,-0.007300289745772126,Information Technology,10
2023-07-12,364.95001220703125,372.95001220703125,364.0,370.0,449596,370.7800048828125,368.0450012207031,362.5733357747396,357.5900024414062,353.74800170898436,351.27000122070314,-1.1748811625889153,-0.013248597581780054,0.013837478076597298,0.021920810336791385,-0.0026031296759960743,Information Technology,10
2023-07-13,358.54998779296875,371.70001220703125,356.20001220703125,366.5,470743,366.4600036621094,369.25,362.3700012207031,358.8800018310547,354.2620007324219,351.97333374023435,-1.277268663544455,-0.017536715166437237,0.022172674599620024,0.036675567875504855,-0.0065541086764571155,Information Technology,10
2023-07-14,370.04998779296875,376.3500061035156,360.3999938964844,360.3999938964844,856444,366.57000122070315,371.0899993896484,363.45,360.3575012207031,355.55400024414064,353.14166666666665,-1.0932918245809142,0.032073630990165435,-0.02607754145335428,0.01702477643120881,-0.02607754145335428,Information Technology,10
2023-07-17,390.3999938964844,401.8999938964844,373.20001220703125,374.5,5197114,370.75999755859374,372.63999938964844,366.55333251953124,362.77750091552736,357.61,354.9616668701172,-0.7677327119014739,0.05499258687964289,-0.04072744401912132,0.02945696767364514,-0.04405733083595731,Information Technology,10
2023-07-18,382.8999938964844,397.79998779296875,379.20001220703125,394.75,878325,373.3699951171875,373.625,368.76666463216145,364.3625,359.52,356.4216664632161,-0.887717606877696,-0.019211065874116397,0.03094804463935108,0.03891353913291651,-0.009663049747797636,Information Technology,10
2023-07-19,383.0,390.29998779296875,381.04998779296875,385.3999938964844,738130,376.97999267578126,373.8799987792969,371.02333170572916,366.175,361.46800048828123,357.6200002034505,-0.8861177106340555,0.000261180739382987,0.006266302601786844,0.01906002034717691,-0.005091415684154721,Information Technology,10
2023-07-20,387.8500061035156,396.79998779296875,381.0,385.0,1010473,382.8399963378906,374.65,373.7799987792969,367.4875,363.67200073242185,359.025,-0.8085273809054744,0.012663201314662207,-0.007348217245496058,0.02307588384326187,-0.017661482520867633,Information Technology,10
2023-07-21,381.04998779296875,388.70001220703125,380.0,381.70001220703125,499164,385.0399963378906,375.80499877929685,375.73999837239586,368.84749908447264,365.29400024414065,360.4683329264323,-0.9173139786157883,-0.01753259817851331,0.001705877010592216,0.020076170211607236,-0.0027555119449031995,Information Technology,10
2023-07-24,377.5,387.0,376.3500061035156,383.0,346760,382.4599975585937,376.60999755859376,375.9133321126302,370.5299987792969,366.7140002441406,361.7516662597656,-0.9741066336166185,-0.009316330945265695,0.014569536423840956,0.02516556291390737,-0.0030463414476407102,Information Technology,10
2023-07-25,375.0,382.0,371.3999938964844,379.5,347640,380.8799987792969,377.1249969482422,376.0433329264323,371.7949981689453,367.6659997558594,363.0799997965495,-1.0141015986086925,-0.006622516556291391,0.01200000000000001,0.01866666666666661,-0.009600016276041679,Information Technology,10
2023-07-26,373.29998779296875,381.1000061035156,371.29998779296875,376.6000061035156,325894,378.93999633789065,377.9599945068359,375.56666463216146,373.0024978637695,368.7279992675781,364.3799997965495,-1.041298370091218,-0.004533365885416666,0.008840124346259248,0.020894772476855117,-0.005357621391375966,Information Technology,10
2023-07-27,365.79998779296875,377.0,362.0,374.95001220703125,1018960,374.5299926757813,378.68499450683595,374.60999755859376,373.96749725341795,368.89599853515625,365.4816660563151,-1.16128326506744,-0.020091080217659908,0.025013736247692542,0.030617858340033832,-0.010388157243787055,Information Technology,10
2023-07-28,378.3500061035156,381.0,362.0,362.0,926789,373.9899963378906,379.51499633789064,375.1999979654948,375.30249786376953,369.87599853515627,366.7433329264323,-0.9605082478753558,0.03430841642796825,-0.04321397076716926,0.007004080490907505,-0.04321397076716926,Information Technology,10
2023-07-31,379.54998779296875,385.8999938964844,376.0,381.0,538679,374.3999938964844,378.42999572753905,375.873329671224,375.5349975585938,371.3039978027344,367.9949991861979,-0.9413109576110328,0.003171617999458451,0.003820345813901449,0.016730355177825285,-0.009353149537986938,Information Technology,10
2023-08-01,384.6499938964844,390.0,379.75,381.8999938964844,740606,376.3299926757812,378.60499572753906,376.85999552408856,376.11499786376953,372.7019970703125,369.10999857584636,-0.8597211313832441,0.013436981339853184,-0.007149356671353746,0.013908764301073573,-0.01273883783760843,Information Technology,10
2023-08-02,375.20001220703125,389.45001220703125,371.29998779296875,386.70001220703125,553154,376.7099975585937,377.8249969482422,377.5433288574219,375.85249786376954,373.7439978027344,370.05833231608074,-1.0109018061214117,-0.02456774168569536,0.030650318832224466,0.03797974290079975,-0.010394521021258707,Information Technology,10
2023-08-03,381.1000061035156,385.20001220703125,371.79998779296875,372.0,342128,379.77000122070314,377.1499969482422,379.0466634114583,375.8999984741211,375.127998046875,370.7083323160807,-0.9165137863840743,0.01572492991612384,-0.023878262812317752,0.010758346989902634,-0.024403091476258743,Information Technology,10
2023-08-04,381.54998779296875,386.95001220703125,380.0,384.8500061035156,319555,380.4099975585938,377.1999969482422,379.813330078125,376.5024978637695,376.32399780273437,371.6316650390625,-0.9093149856173736,0.001180744377450625,0.008648980254554406,0.014152862237785113,-0.00406234528255256,Information Technology,10
2023-08-07,374.25,386.95001220703125,373.04998779296875,382.5,350635,379.35,376.8749969482422,378.7366638183594,376.742497253418,376.297998046875,372.64499816894534,-1.0261000881063147,-0.019132454531566558,0.022044088176352616,0.033934568355460826,-0.003206445442969219,Information Technology,10
2023-08-08,379.95001220703125,383.0,372.20001220703125,376.1499938964844,552445,378.4100036621094,377.3699981689453,378.5399983723958,377.24749755859375,376.5739990234375,373.65333150227866,-0.934911372636471,0.015230493539161657,-0.010001363833293642,0.008027339636738517,-0.020397420057923554,Information Technology,10
2023-08-09,401.25,408.95001220703125,379.8500061035156,380.8500061035156,4677232,383.6200012207031,380.1649993896484,379.7566650390625,379.0624969482422,377.40599853515624,375.38999837239584,-0.5941544661919148,0.05605997396668745,-0.050841106284073234,0.01919006157515568,-0.05333331812207942,Information Technology,10
2023-08-10,395.8999938964844,417.70001220703125,392.20001220703125,401.0,3605601,386.5799987792969,383.175,380.2933308919271,380.929997253418,378.03599853515624,377.036664835612,-0.6797437889189109,-0.013333348544587228,0.012882056534835762,0.0550644573039496,-0.009345748286170852,Information Technology,10
2023-08-11,393.95001220703125,406.95001220703125,391.6499938964844,398.0,1319152,389.06000366210935,384.73500061035156,381.15333251953126,382.12499847412107,379.0139990234375,378.44666544596356,-0.7109395686808562,-0.004925440059397892,0.010280461143482356,0.032999110539862375,-0.005838350651803381,Information Technology,10
2023-08-14,387.8999938964844,393.8999938964844,380.5,393.8999938964844,521808,391.7900024414063,385.57000122070315,381.84666544596354,381.99999847412107,379.75199829101564,378.8799987792969,-0.8077276768935479,-0.015357324845994494,0.015467904342378436,0.015467904342378436,-0.01907706628750072,Information Technology,10
2023-08-16,404.0,416.3999938964844,384.5,385.25,2661312,396.6,387.5050018310547,383.7799987792969,383.05499877929685,381.117998046875,379.9116658528646,-0.5501600047006333,0.041505559053481446,-0.0464108910891089,0.03069305419921875,-0.04826732673267331,Information Technology,10
2023-08-17,432.75,435.0,406.8999938964844,407.0,5674371,402.9,393.26000061035154,387.7433329264323,385.54249877929686,383.82999755859373,381.6549987792969,-0.09021790729178152,0.07116336633663366,-0.059503177354130576,0.005199306759098743,-0.05973427175855717,Information Technology,10
2023-08-18,425.45001220703125,441.04998779296875,423.0,436.8500061035156,2174874,408.81000366210935,397.69500122070315,391.7200012207031,387.42249908447263,386.50599853515627,383.1649993896484,-0.2070030097807228,-0.016868833721476025,0.026795142953097262,0.036666999972599035,-0.005758637058961957,Information Technology,10
2023-08-21,437.45001220703125,446.0,423.25,428.75,2875274,417.5100036621094,403.2850036621094,395.6600016276042,390.2425003051758,389.2019995117187,385.42999979654945,-0.015027177818767263,0.02820542873591597,-0.01988801454853728,0.019545062417148484,-0.03246087966803124,Information Technology,10
2023-08-22,436.04998779296875,449.95001220703125,434.0,440.8999938964844,1916945,427.14000244140624,409.4650024414062,399.4266682942708,393.16999969482424,391.02799926757814,387.6499989827474,-0.037424748790158745,-0.0032004214767284377,0.011122591994701114,0.03187713519822877,-0.004701267860009795,Information Technology,10
2023-08-23,424.75,444.45001220703125,418.0,438.29998779296875,1227698,431.2900024414063,413.94500122070315,402.1000020345052,395.6574996948242,392.7019995117187,389.47999877929686,-0.21820179526641856,-0.025914432081887474,0.031901089565553375,0.04638025240030896,-0.015891701000588565,Information Technology,10
2023-08-24,436.5,444.04998779296875,422.1000061035156,422.95001220703125,2227235,432.0400024414063,417.4700012207031,406.18666788736977,398.81750030517577,394.84199951171877,391.86499837239586,-0.03022545980367041,0.02766333137139494,-0.031042354623067037,0.017296650155713023,-0.032989676738795826,Information Technology,10
2023-08-25,431.1000061035156,436.79998779296875,424.20001220703125,430.1000061035156,975029,433.1700012207031,420.99000244140626,409.52000122070314,402.08250122070314,396.57199951171873,394.2833323160807,-0.1166144865425929,-0.012371120037764891,-0.0023196473807515217,0.013221947596271821,-0.016005552769181697,Information Technology,10
2023-08-28,422.8999938964844,434.3999938964844,420.6000061035156,434.3999938964844,669768,430.25999755859374,423.88500061035154,412.27666829427085,404.31000061035155,398.2459997558594,396.0449991861979,-0.24779816700451085,-0.01902113683817083,0.027193190271870504,0.027193190271870504,-0.005438609189319932,Information Technology,10
2023-08-29,418.75,434.1000061035156,417.0,425.54998779296875,918377,426.8,426.9700012207031,415.2433349609375,406.27000122070314,399.89599975585935,396.98999938964846,-0.3141897112473963,-0.009813180317756619,0.016238776819029743,0.03665673099347022,-0.004179104477611939,Information Technology,10
2023-08-30,425.1000061035156,429.95001220703125,421.75,423.25,911227,426.8700012207031,429.0800018310547,418.2533345540365,408.29250183105466,401.9,398.39666646321615,-0.21260240252357068,0.015164193680037314,-0.004351931491304528,0.011409094410444798,-0.007880512950874552,Information Technology,10
2023-08-31,426.0,434.95001220703125,423.1000061035156,428.0,967740,424.77000122070314,428.4050018310547,419.90333455403646,410.83250122070314,404.00800048828125,399.8299997965495,-0.1982043127703815,0.0021171345179073426,0.0046948356807512415,0.021009418326364493,-0.006807497409587748,Information Technology,10
2023-09-01,455.1499938964844,458.1000061035156,428.04998779296875,428.04998779296875,4908267,429.5799987792969,431.375,423.85333455403645,414.5350006103516,407.5820007324219,402.0733327229818,0.26813688139324465,0.06842721571944689,-0.05954082493007573,0.006481406671626111,-0.05954082493007573,Information Technology,10
2023-09-04,455.5,465.0,452.3999938964844,459.0,1973358,436.1,433.17999877929685,427.9566670735677,418.2325012207031,410.6680004882812,404.55499979654945,0.27373627413609253,0.0007689906804551722,0.007683863885839637,0.020856201975850697,-0.006805721412767585,Information Technology,10
2023-09-05,455.3999938964844,466.45001220703125,452.1000061035156,460.0,1600360,443.42999877929685,435.11499938964846,432.4566670735677,422.29000091552734,413.7020007324219,407.15166625976565,0.2721363778924521,-0.00021955236776207465,0.010101023638926954,0.02426442349285285,-0.007246350103638499,Information Technology,10
2023-09-06,460.29998779296875,465.8999938964844,451.29998779296875,459.0,1269931,450.4699951171875,438.6699981689453,436.209999593099,426.30749969482423,416.7280004882812,409.9949991861979,0.3505264116329598,0.01075975837100731,-0.0028242186127396263,0.012165992292040517,-0.019552466301711036,Information Technology,10
2023-09-07,455.75,463.29998779296875,454.1499938964844,461.70001220703125,686361,456.4199951171875,440.5949981689453,437.7433329264323,429.0324996948242,419.95,412.7433329264323,0.2777357706352999,-0.009884831443913092,0.013055429966058796,0.01656607305094626,-0.003510710046112142,Information Technology,10
2023-09-08,457.8500061035156,464.0,455.8999938964844,459.8999938964844,773948,456.9599975585937,443.26999816894534,439.90333251953126,432.13000030517577,423.02,415.81166687011716,0.3113316388725997,0.004607802750445694,0.004477422224835159,0.013432333328600832,-0.0042590634073080835,Information Technology,10
2023-09-11,454.79998779296875,462.0,452.54998779296875,461.70001220703125,650993,456.8199951171875,446.4599975585937,441.05999755859375,435.17249908447263,425.95,418.35999959309896,0.2625374886503968,-0.006661610286966544,0.015171558045871114,0.01583116182999733,-0.004947229684236998,Information Technology,10
2023-09-12,420.6499938964844,463.6499938964844,418.0,456.04998779296875,1808031,449.8699951171875,446.6499969482422,440.0333312988281,436.8099990844727,427.8059997558594,419.72999979654946,-0.2837936354973775,-0.0750879393427555,0.08415546038304655,0.10222275198839448,-0.006299759740722832,Information Technology,10
2023-09-13,425.3999938964844,432.0,411.0,421.3500061035156,1227029,442.88999633789064,446.67999572753905,440.0766642252604,437.8799987792969,429.6239990234375,421.0883331298828,-0.2078032020124368,0.011292048184764513,-0.009520422781092663,0.015514824161284801,-0.033850479790999755,Information Technology,10
2023-09-14,426.8999938964844,436.6000061035156,423.0,428.5,860151,437.1199951171875,446.7699951171875,439.43666381835936,437.5874984741211,430.6499987792969,422.81166585286456,-0.18380622301719235,0.003526093139448906,0.003747964690539618,0.022721977853631392,-0.009135614786235036,Information Technology,10
2023-09-15,427.29998779296875,436.8999938964844,426.25,429.5,570501,431.00999145507814,443.98499450683596,439.18332926432294,437.679997253418,431.90599853515624,424.35166524251304,-0.177407126262418,0.000936973301014772,0.005148636250598582,0.022466665990561463,-0.0024572614625898437,Information Technology,10
2023-09-18,423.45001220703125,431.6000061035156,422.0,428.5,343160,424.7399963378906,440.7799957275391,439.2199971516927,436.979997253418,433.08599853515625,425.7483327229818,-0.23899898177438206,-0.009010006309204139,0.011925818036107927,0.019246649336497557,-0.0034242818874269387,Information Technology,10
2023-09-20,419.75,422.70001220703125,414.29998779296875,420.0,511184,424.55999755859375,437.2149963378906,439.2866638183594,436.16499786376954,434.35999877929686,427.26499938964844,-0.2981917252505667,-0.008737778014804394,0.0005955926146514745,0.007028021934559314,-0.012983948081075058,Information Technology,10
2023-09-21,413.8500061035156,419.04998779296875,412.3500061035156,418.6000061035156,440471,422.25,432.5699981689453,438.5366638183594,435.6199981689453,434.7539990234375,428.39499918619794,-0.392579744987904,-0.01405597116494193,0.011477588328975052,0.012564894557842488,-0.0036245015775711042,Information Technology,10
2023-09-22,417.25,421.45001220703125,407.5,414.0,566470,420.32000122070315,428.7199981689453,437.953330485026,434.6574981689453,434.1339990234375,428.92833251953124,-0.33818669024264075,0.008215522161026476,-0.007789095266626744,0.010065936985095947,-0.023367285799880122,Information Technology,10
2023-09-25,413.0,419.3500061035156,411.1499938964844,418.3500061035156,304137,417.4600036621094,424.23499755859376,435.14333089192706,433.7524978637695,433.63599853515626,429.4983327229818,-0.4061781307291667,-0.01018573996405033,0.012954009935873145,0.01537531744192644,-0.004479433664686727,Information Technology,10
2023-09-26,411.95001220703125,416.8999938964844,411.0,413.0,246486,415.1600036621094,419.95,432.23999837239586,433.2049987792969,432.6159985351562,430.09833272298175,-0.4229758207379228,-0.00254234332437954,0.002548823308302417,0.012015976557285368,-0.002306134673820126,Information Technology,10
2023-09-27,413.3500061035156,416.04998779296875,410.04998779296875,411.0,286945,413.8800048828125,419.2200012207031,429.43666585286456,432.9349990844727,431.70799926757815,430.94666646321616,-0.4005787379863188,0.0033984557713298198,-0.005685269308855712,0.00653195028325948,-0.007983593230479924,Information Technology,10
2023-09-28,409.8500061035156,419.45001220703125,408.04998779296875,414.79998779296875,321405,413.0800048828125,417.6650024414063,426.0733337402344,432.17249908447263,431.11199951171875,431.14166666666665,-0.45657168897522254,-0.008467400383014611,0.012077544505886717,0.023423218154328795,-0.00439189528788797,Information Technology,10
2023-09-29,410.70001220703125,414.95001220703125,406.0,412.0,292998,411.77000732421874,416.0450042724609,423.07000122070315,431.4074996948242,430.08,430.4066670735677,-0.44297330323395984,0.002073944347583929,0.0031652976730700555,0.010348185716287706,-0.011443905691100875,Information Technology,10
2023-10-03,402.45001220703125,411.3999938964844,401.0,411.3999938964844,409508,409.660009765625,413.5600067138672,419.3766682942708,428.7725006103516,428.93400024414063,429.64000040690104,-0.5749566877078043,-0.02008765462573502,0.022238741254774874,0.022238741254774874,-0.003602962263758891,Information Technology,10
2023-10-04,396.1000061035156,402.45001220703125,392.8500061035156,398.79998779296875,350005,406.49000854492186,410.82500610351565,415.4633361816406,425.80250091552733,427.86200073242185,428.2616668701172,-0.6765439964316299,-0.015778372247256905,0.006816414157659878,0.016031320387952963,-0.00820499861126145,Information Technology,10
2023-10-05,412.3999938964844,415.95001220703125,397.70001220703125,397.70001220703125,552271,406.3000061035156,410.0900054931641,414.9133361816406,423.65250091552736,427.6080004882813,427.47333374023435,-0.41577701997122196,0.04115119298611916,-0.03564496097723735,0.008608191957049316,-0.03564496097723735,Information Technology,10
2023-10-06,408.25,414.6000061035156,406.20001220703125,412.3999938964844,262091,405.9800048828125,409.5300048828125,413.77000325520834,421.0500015258789,426.93400024414063,426.9233337402344,-0.4821685642141074,-0.010063030935752284,0.010165324914842344,0.01555420968405552,-0.0050214030446265046,Information Technology,10
2023-10-09,396.45001220703125,404.5,395.0,404.5,302996,403.1300048828125,407.45000610351565,411.74000447591146,418.08500213623046,425.7520007324219,425.5883341471354,-0.6709446036887821,-0.028903828029317208,0.020305177311395584,0.020305177311395584,-0.0036574906353490366,Information Technology,10
2023-10-10,410.5,427.70001220703125,398.29998779296875,399.95001220703125,896621,404.74000244140626,407.20000610351565,410.62000528971356,415.7175018310547,423.9660009765625,424.90166727701825,-0.44617309572124075,0.03543949390933974,-0.025700335671056673,0.04190015153966198,-0.02971988357376676,Information Technology,10
2023-10-11,413.45001220703125,418.5,412.0,414.1499938964844,369123,408.2100036621094,407.3500061035156,409.9533386230469,413.65000305175784,422.28400146484375,424.5866678873698,-0.39897884174267834,0.0071863878368605355,0.0016930261670971003,0.01221426446697027,-0.003507104037295705,Information Technology,10
2023-10-12,415.1499938964844,418.5,412.3999938964844,414.3999938964844,289012,408.7600036621094,407.5300048828125,409.64667154947915,413.3750030517578,420.67400146484374,424.4666676839193,-0.37178255847994046,0.004111698244676493,-0.0018065759629687372,0.008069387336546496,-0.006624111864218629,Information Technology,10
2023-10-13,408.5,415.95001220703125,407.04998779296875,411.95001220703125,217802,408.81000366210935,407.39500427246094,409.2900044759115,412.5300033569336,418.602001953125,423.9133341471354,-0.47816906771490003,-0.01601829216970317,0.008445562318313948,0.018237483982940672,-0.0035496014860005864,Information Technology,10
2023-10-16,410.25,417.45001220703125,407.0,411.70001220703125,475062,411.57000122070315,407.3500030517578,408.8233378092448,411.6975036621094,416.782001953125,423.3883341471354,-0.45017259222044814,0.004283965728274173,0.003534459980575777,0.017550303978138393,-0.00792199878123101,Information Technology,10
2023-10-17,431.95001220703125,434.6499938964844,424.5,430.1000061035156,2112710,415.86000366210936,410.3000030517578,410.0866719563802,411.9300048828125,415.7460021972656,422.61500142415366,-0.10301610080133022,0.05289460623286106,-0.004282917122893637,0.006250680896286331,-0.01724739436622702,Information Technology,10
2023-10-18,431.6000061035156,443.8999938964844,429.54998779296875,435.8999938964844,1218234,419.49000244140626,413.8500030517578,411.39667154947915,412.3375045776367,414.8180029296875,421.8183349609375,-0.1086154935441781,-0.0008102930747177963,0.009962900213531078,0.02849858113769055,-0.004749810661622611,Information Technology,10
2023-10-19,436.45001220703125,440.0,427.75,430.0,742789,423.7500061035156,416.2550048828125,412.9366719563802,413.1725051879883,415.4500036621094,421.1866689046224,-0.031025163815596894,0.011237270701873883,-0.0147783526787294,0.00813377865432341,-0.019933582228666258,Information Technology,10
2023-10-20,431.75,441.75,430.1000061035156,436.0,457323,428.40000610351564,418.6050048828125,414.39667154947915,414.0675048828125,415.70400390625,420.23500264485676,-0.10621589328861115,-0.010768729695445137,0.009843659525188286,0.023161551823972282,-0.0038216419142660385,Information Technology,10
2023-10-23,409.8500061035156,434.6499938964844,405.1499938964844,431.75,759145,428.32000732421875,419.94500427246095,414.3400044759115,413.69750518798827,415.0220043945312,418.7050028483073,-0.45657168897522254,-0.05072378435780978,0.05343416754995256,0.06050991197668787,-0.011467639714623279,Information Technology,10
2023-10-25,409.75,417.04998779296875,400.04998779296875,411.1000061035156,585094,423.8800048828125,419.87000427246096,414.82667032877606,413.5350051879883,414.3200048828125,417.10166931152344,-0.458171585218863,-0.00024400659272008526,0.003294706781002077,0.017815711514261645,-0.023673001115390502,Information Technology,10
2023-10-26,412.75,417.0,398.5,406.0,477613,420.11000366210936,419.8000030517578,415.936669921875,413.5750045776367,413.8920043945312,415.7000030517578,-0.4101776272283741,0.007321537522879805,-0.016353725015142317,0.010296789824348895,-0.034524530587522695,Information Technology,10
2023-10-27,425.95001220703125,432.5,415.1000061035156,415.70001220703125,561761,418.0100036621094,420.8800048828125,416.8400044759115,414.2050048828125,414.1400048828125,415.876670328776,-0.199004016782308,0.03198064738226832,-0.024063856570610942,0.015377362613585577,-0.025472486894171142,Information Technology,10
2023-10-30,414.25,426.20001220703125,411.0,415.0,720915,414.5100036621094,421.4550048828125,417.24000447591146,414.42500457763674,414.1560046386719,415.5050038655599,-0.38618064823312964,-0.02746804054872173,0.0018105009052504784,0.028847343891445387,-0.007845503922751962,Information Technology,10
2023-10-31,398.1499938964844,420.75,395.20001220703125,414.75,1348869,412.1700012207031,420.24500427246096,417.35333658854165,413.79750366210936,413.3920043945312,414.5466705322266,-0.6437483204260441,-0.038865434166603804,0.04169284530450468,0.056762542885763434,-0.007409221988384895,Information Technology,10
2023-11-01,400.6499938964844,410.8500061035156,398.0,401.5,884119,410.35,417.11500244140626,416.69666951497396,413.707502746582,412.89800415039065,413.65833740234376,-0.6037533554339701,0.006279040658857774,0.002121567743578412,0.025458660582599713,-0.006614236707486509,Information Technology,10
2023-11-02,403.04998779296875,411.5,399.0,404.45001220703125,871359,408.4099975585938,414.26000061035154,416.0033345540365,414.0550018310547,412.5420031738281,412.97833658854165,-0.5653582866855364,0.0059902506752675996,0.0034735751307890528,0.02096517172299661,-0.010048351111845433,Information Technology,10
2023-11-03,410.45001220703125,417.1000061035156,406.0,407.8999938964844,512071,405.30999755859375,411.6600006103516,415.69000244140625,413.957502746582,412.42600341796873,412.6683369954427,-0.4469727997331672,0.01836006609151321,-0.00621273781144549,0.01620171445659535,-0.010841788463114121,Information Technology,10
2023-11-06,409.8500061035156,415.79998779296875,403.79998779296875,414.45001220703125,472723,404.42999877929685,409.4700012207031,415.7800028483073,414.0375030517578,412.42600341796873,412.5350036621094,-0.45657168897522254,-0.001461825035134806,0.01122363312190311,0.014517461512371765,-0.014761542565449703,Information Technology,10
2023-11-07,411.8999938964844,417.70001220703125,408.5,408.5,416243,407.17999877929685,409.675,415.89000244140624,414.8100021362305,412.47400268554685,412.35667012532554,-0.4237760129696368,0.005001800079151361,-0.008254415991418629,0.014081132305149957,-0.008254415991418629,Information Technology,10
2023-11-08,411.8500061035156,416.3999938964844,410.04998779296875,414.95001220703125,287861,409.4200012207031,409.88500061035154,414.5500020345052,414.87750244140625,412.8500024414063,412.31833699544273,-0.42457571698156327,-0.00012135905246289602,0.007527026969951001,0.011047681742234028,-0.0043705676432463925,Information Technology,10
2023-11-09,410.3999938964844,414.45001220703125,407.3999938964844,412.95001220703125,251907,410.89000244140624,409.65,413.1366678873698,414.7250015258789,413.422001953125,412.26666971842445,-0.44777299196488124,-0.0035207288710511746,0.006213495001147651,0.009868465815738858,-0.007309941629182082,Information Technology,10
2023-11-10,409.3999938964844,411.0,407.6499938964844,408.1000061035156,339089,410.67999877929685,407.9949981689453,411.3333333333333,414.43750152587893,413.302001953125,412.1350026448568,-0.46377097796171085,-0.002436647209727374,-0.0031753488332915136,0.003908173247115787,-0.004274548182925719,Information Technology,10
2023-11-13,409.95001220703125,418.1499938964844,409.0,418.0,356719,410.7,407.56499938964845,409.8800008138021,414.51000213623047,413.37000244140626,412.1383361816406,-0.45497179273158206,0.0013434741542422827,0.019636510679998276,0.020002394060942175,-0.002317385482968337,Information Technology,10
2023-11-15,412.45001220703125,417.8999938964844,411.79998779296875,417.0,397798,410.81000366210935,408.9950012207031,410.05333455403644,414.62000274658203,414.01000244140624,412.19666951497396,-0.414976827739508,0.006098304489712908,0.011031610275925585,0.013213678089837089,-0.0015760077459671118,Information Technology,10
2023-11-16,413.20001220703125,417.70001220703125,412.0,413.20001220703125,505368,411.0800048828125,410.2500030517578,410.28333536783856,413.68250274658203,414.1180029296875,412.5550028483073,-0.4029783382418858,0.001818402176755262,0.0,0.010890609552415276,-0.002904192089979829,Information Technology,10
2023-11-17,412.3500061035156,419.5,409.1000061035156,413.20001220703125,483179,411.4700073242187,411.1800048828125,410.2566691080729,412.72000274658205,414.0740026855469,413.09666951497394,-0.41657672398314843,-0.0020571299090130103,0.002061370415748831,0.017339623598039866,-0.007881653818101575,Information Technology,10
2023-11-20,450.5,455.0,413.0,414.5,6141118,419.69000854492185,415.18500366210935,411.8933349609375,413.4225021362305,415.4880029296875,414.3666697184245,0.1937463441519444,0.09251847540147064,-0.07991120976692567,0.009988901220865598,-0.08324084350721417,Information Technology,10
2023-11-21,463.8999938964844,487.79998779296875,460.8999938964844,462.04998779296875,11825270,430.4800048828125,420.5900024414062,415.2033345540365,415.0300018310547,417.70400268554687,416.22166951497394,0.40811925886550393,0.029744714531596838,-0.00398794164228522,0.05151971159934421,-0.006466911057277147,Information Technology,10
2023-11-22,462.8999938964844,478.0,456.3500061035156,470.0,2828520,440.57000122070315,425.69000244140625,419.52000122070314,417.6825012207031,419.81000244140625,418.4366689046224,0.39212127286867426,-0.0021556370190923997,0.015338099367318891,0.0326204499948477,-0.014149898205514932,Information Technology,10
2023-11-23,458.1499938964844,469.95001220703125,456.0,466.0,1053397,449.55999755859375,430.32000122070315,423.35333455403645,420.10250091552734,420.8580017089844,420.02500203450523,0.31613083938373354,-0.010261395685095246,0.017134139928176584,0.02575579715758547,-0.004692772945818602,Information Technology,10
2023-11-24,467.95001220703125,471.95001220703125,453.6499938964844,460.0,1512721,460.67999877929685,436.0750030517578,427.6800028483073,422.8625015258789,422.312001953125,421.8416687011719,0.4729113950845364,0.021390414582786434,-0.016989020193708182,0.008547921563532901,-0.030558858718909954,Information Technology,10
2023-11-28,479.25,480.79998779296875,468.5,470.0,2144559,466.42999877929685,443.06000366210935,432.26666870117185,425.52750091552736,424.02400146484376,423.97833557128905,0.6536884415607962,0.024147852330794233,-0.01930099113197703,0.003234194664514911,-0.02243088158581119,Information Technology,10
2023-11-29,476.3500061035156,489.0,472.8999938964844,482.3999938964844,1883081,468.9200012207031,449.7000030517578,436.7000020345052,428.63250122070315,425.80800170898436,426.24000244140626,0.6072943798139478,-0.006051108808522431,0.012700719461424814,0.026556090551902667,-0.007242599271178651,Information Technology,10
2023-11-30,491.1000061035156,503.8999938964844,475.1000061035156,476.6000061035156,4855308,474.56000366210935,457.56500244140625,441.98000284830727,433.2800018310547,429.05800170898436,428.93500264485675,0.8432646732671848,0.03096462645325269,-0.029525554509856056,0.02606391291770982,-0.03257992221777217,Information Technology,10
2023-12-01,489.45001220703125,501.79998779296875,487.0,492.0,1612766,480.82000732421875,465.19000244140625,447.15333658854166,437.72000274658205,432.2460021972656,430.85166931152344,0.8168680940163734,-0.00335979205045374,0.00520990444247893,0.025232353208551217,-0.005005643366895907,Information Technology,10
2023-12-04,490.5,503.8999938964844,487.54998779296875,496.79998779296875,1290934,485.3300048828125,473.0050018310547,452.4933369954427,442.0925033569336,435.35600219726564,432.81500244140625,0.8336657840251296,0.0021452400996664358,0.0128440118103339,0.027319049737990486,-0.00601429603879966,Information Technology,10
2023-12-05,478.75,493.79998779296875,475.0,493.79998779296875,1077390,485.2300048828125,475.8300018310547,457.1166707356771,445.507502746582,437.4680017089844,434.2250020345052,0.6456894485623814,-0.023955147808358817,0.03143600583387718,0.03143600583387718,-0.007832898172323799,Information Technology,10
2023-12-06,478.8500061035156,486.45001220703125,474.8999938964844,480.0,903512,485.7300048828125,477.3250030517578,461.7100036621094,448.957502746582,440.052001953125,435.7950022379557,0.6472893448060218,0.00020889003345300262,0.002401574359039982,0.015871371006879853,-0.008248955114719903,Information Technology,10
2023-12-07,472.8999938964844,483.5,471.04998779296875,481.3999938964844,809160,482.0900024414062,478.3250030517578,465.74000244140626,452.007502746582,443.042001953125,437.89666849772135,0.5521011328369706,-0.012425628341215899,0.017974201965966996,0.022414900064126275,-0.003912045099160211,Information Technology,10
2023-12-08,469.6000061035156,483.6499938964844,466.0,475.0,725399,478.1200012207031,479.4700042724609,469.5000020345052,454.895002746582,445.80000244140626,439.89166870117185,0.4993079743353478,-0.006978193773652495,0.011499135064521271,0.029919053684747343,-0.007666111705122214,Information Technology,10
2023-12-11,465.0,474.20001220703125,463.95001220703125,471.3999938964844,512586,473.02000122070314,479.1750030517578,473.01000162760414,457.6250030517578,448.2780029296875,441.6333353678385,0.42571714110597403,-0.009795583568415945,0.013763427734375,0.019784972488239294,-0.002258038264448925,Information Technology,10
2023-12-12,453.6499938964844,468.75,451.29998779296875,468.75,807263,468.0,476.61500244140626,473.2200012207031,459.83750305175784,450.0060021972656,442.5566680908203,0.24413990239800024,-0.02440861527637769,0.03328558648005009,0.03328558648005009,-0.005180218527792713,Information Technology,10
2023-12-13,456.3999938964844,466.0,453.0,456.0,991453,463.50999755859374,474.6200012207031,472.7200012207031,462.16000213623045,451.86800170898437,443.9616678873698,0.2881343638892817,0.006061942107349627,-0.0008764108278561666,0.021034194197848688,-0.007449592335567634,Information Technology,10
2023-12-14,471.04998779296875,477.0,461.70001220703125,461.70001220703125,1198860,463.13999633789064,472.61499938964846,473.2633341471354,465.09000091552736,454.23400146484374,446.39166768391925,0.5225047610988782,0.03209902298948568,-0.019849221586323296,0.012631381724281798,-0.019849221586323296,Information Technology,10
2023-12-15,477.95001220703125,482.5,472.25,476.79998779296875,1134487,464.80999755859375,471.4649993896484,474.5833353678385,468.32750091552737,456.87800170898436,448.9683349609375,0.6328912550528327,0.01464817873447251,-0.002406160445005634,0.009519798465865259,-0.011925958910870782,Information Technology,10
2023-12-18,473.04998779296875,479.20001220703125,471.79998779296875,478.0,508052,466.4199951171875,469.7199981689453,474.9233337402344,471.3625,459.3840014648438,451.3016682942708,0.5545007330925376,-0.010252169241372424,0.010464036221892181,0.013000791824888669,-0.002642426872965231,Information Technology,10
2023-12-19,469.3999938964844,477.0,468.1000061035156,474.8999938964844,407036,469.5699951171875,468.7849975585938,474.26666666666665,472.30749969482423,461.78400146484375,453.26666768391925,0.4961081818480669,-0.007715873566583415,0.011717085793599091,0.016190895190321797,-0.0027694670001539023,Information Technology,10
2023-12-20,455.95001220703125,487.54998779296875,432.0,472.5,2092202,469.47999877929686,466.4949981689453,472.9066670735677,471.9100006103516,463.62400146484373,454.80333455403644,0.2809355631225809,-0.028653561705028946,0.036297811930870116,0.06930578953815014,-0.052527714806061665,Information Technology,10
2023-12-21,458.20001220703125,467.0,443.04998779296875,446.0,1271369,466.9100036621094,465.025,470.7133341471354,471.6750015258789,465.45400146484377,456.34666849772134,0.31693103161544756,0.004934751485385096,-0.02662595347448149,0.019205559926944282,-0.03306421652214442,Information Technology,10
2023-12-22,457.29998779296875,467.20001220703125,450.0,463.6499938964844,848138,462.7799987792969,463.7949981689453,468.5699991861979,471.63250122070315,467.21800048828123,457.8616678873698,0.3025324536424709,-0.0019642609997483733,0.013885865455982582,0.02164886218747175,-0.01596323636088448,Information Technology,10
2023-12-26,454.1499938964844,465.3500061035156,452.79998779296875,460.0,1032579,459.0,462.7099975585937,466.14666544596355,470.94250030517577,468.89,459.32000122070315,0.25213889539641504,-0.006888243998621003,0.012881220262328297,0.02466148267654522,-0.002972599629327166,Information Technology,10
2023-12-27,453.1000061035156,463.20001220703125,450.70001220703125,455.45001220703125,707922,455.74000244140626,462.6549987792969,464.43666585286456,469.63500061035154,468.99400024414064,460.77666829427085,0.23534120538765893,-0.0023119846021798615,0.005186506448597861,0.022290898184645247,-0.005296830421882781,Information Technology,10
2023-12-28,452.1499938964844,456.5,448.04998779296875,456.5,580351,454.97999877929686,462.22999877929686,462.6566650390625,468.425,468.5240002441406,462.18333435058594,0.2201429234027558,-0.0020966943152373506,0.00962071472351167,0.00962071472351167,-0.009067800860026787,Information Technology,10
2023-12-29,455.04998779296875,458.8500061035156,449.54998779296875,452.1499938964844,502169,454.34999389648436,460.6299987792969,461.46666463216144,466.6224990844727,468.21,463.60333353678385,0.2665369851496042,0.0064137873175517555,-0.00637291281019392,0.008350771151488745,-0.012086584216110974,Information Technology,10
2024-01-01,455.45001220703125,459.3999938964844,453.3999938964844,457.70001220703125,386502,453.97999877929686,458.3799987792969,460.52333170572916,464.92249908447263,468.10200073242186,465.0116668701172,0.27293657012416606,0.0008790779580121572,0.004940168931156341,0.008672700809277067,-0.00450108300714025,Information Technology,10
2024-01-02,454.70001220703125,456.95001220703125,446.0,455.5,449051,454.0900024414062,456.5450012207031,459.8366658528646,463.1324996948242,467.5720007324219,466.4233337402344,0.26093808062654383,-0.0016467229770521488,0.0017593749098130385,0.004948317439181338,-0.01913352094450793,Information Technology,10
2024-01-03,455.6499938964844,461.79998779296875,450.04998779296875,454.75,588636,454.6,455.1700012207031,459.9699991861979,461.9774993896484,466.62800048828126,466.5950002034505,0.2761358743916595,0.002089249315921692,-0.00197518689463394,0.013497188585240183,-0.012290148531830858,Information Technology,10
2024-01-04,453.75,459.75,452.70001220703125,457.04998779296875,518162,454.9200012207031,454.95,459.7933329264323,460.72249908447264,465.7240002441406,466.2566670735677,0.2457397986416407,-0.0041698538833208456,0.00727270037017913,0.013223140495867813,-0.002314022684228645,Information Technology,10
2024-01-05,450.5,456.79998779296875,448.3500061035156,454.04998779296875,644252,454.0100036621094,454.17999877929685,458.4233337402344,459.6024993896484,464.1,465.8433339436849,0.1937463441519444,-0.007162534435261708,0.007880106088720806,0.013984434612583252,-0.004772461479432555,Information Technology,10
2024-01-08,444.75,452.20001220703125,442.79998779296875,451.8999938964844,512875,451.8700012207031,452.925,456.209999593099,458.35999908447263,462.31199951171874,465.39666748046875,0.10175792467017403,-0.012763596004439512,0.0160764337189081,0.01675101114565769,-0.0043845131130551,Information Technology,10
2024-01-09,466.1499938964844,473.8999938964844,448.1499938964844,449.8999938964844,2500184,454.1599975585938,454.125,455.75,458.41749877929686,461.33799926757814,465.3366668701172,0.4441147273583706,0.04811690589428752,-0.03486002405399269,0.016625549933442674,-0.03861418049057652,Information Technology,10
2024-01-10,463.25,471.3500061035156,459.29998779296875,468.0,841590,455.67999877929685,455.13999938964844,455.340000406901,458.89749908447266,460.71799926757814,464.80333353678384,0.39772066561152214,-0.006221160430023222,0.010253642741500313,0.017485172376720204,-0.00852673978851859,Information Technology,10
2024-01-11,461.20001220703125,467.70001220703125,459.0,466.79998779296875,408061,457.1700012207031,456.0450012207031,455.69000040690105,459.1375,460.0119995117187,464.2983337402344,0.36492498960593645,-0.004425229990218564,0.012142184383602483,0.014093668317342045,-0.0047701911292310495,Information Technology,10
2024-01-12,464.95001220703125,477.8999938964844,462.20001220703125,465.20001220703125,1405829,460.06000366210935,457.0350036621094,456.14000040690104,458.83250122070314,459.6940002441406,463.4266672770182,0.42491743709404756,0.008130962490774257,0.0005376922108535354,0.027852417140461938,-0.005914614319389444,Information Technology,10
2024-01-15,464.95001220703125,464.95001220703125,464.95001220703125,464.95001220703125,0,464.1000061035156,457.98500366210936,456.65000203450523,458.1825012207031,459.50800048828125,462.61000061035156,0.42491743709404756,0.0,0.0,0.0,0.0,Information Technology,10
2024-01-16,470.79998779296875,482.70001220703125,463.8500061035156,481.1000061035156,997476,465.0300048828125,459.5950012207031,457.76000162760414,458.07000122070315,459.74,461.9533335367839,0.5185052645996708,0.012581945224968924,0.021877694514886414,0.025276178255330572,-0.014762068542171103,Information Technology,10
2024-01-17,463.95001220703125,469.8500061035156,459.04998779296875,463.79998779296875,672839,465.1700073242188,460.4250030517578,458.48333536783855,457.7975021362305,460.15200073242187,461.4600006103516,0.4089194510972179,-0.014549651154514754,-0.00032336331526072737,0.012716874105505038,-0.010561535262716859,Information Technology,10
2024-01-18,461.8999938964844,465.79998779296875,448.5,463.45001220703125,487704,465.31000366210935,461.24000244140626,459.1333353678385,458.0950012207031,460.3720007324219,460.89500020345054,0.37612328687184465,-0.004418618938697393,0.00335574438412789,0.008443372911925984,-0.029010595526198335,Information Technology,10
2024-01-19,473.8999938964844,479.8999938964844,461.1000061035156,465.0,1259970,467.1,463.5800018310547,460.39000244140624,458.88000030517577,460.4860009765625,460.92833353678384,0.5680991188338002,0.02597964961802814,-0.018780320766217273,0.0126608990868875,-0.027009892293361593,Information Technology,10
2024-01-23,450.79998779296875,470.0,446.1000061035156,468.0,712698,464.2699951171875,464.18500061035155,460.0800008138021,458.5550003051758,459.4,460.3016662597656,0.19854554466307828,-0.048744474363849516,0.038154420303423864,0.042590977655147855,-0.010425869158655843,Information Technology,10
2024-01-24,451.6000061035156,456.6000061035156,444.5,451.0,490355,460.42999877929685,462.73000183105466,459.8733337402344,458.42750091552733,458.54200073242185,459.85499979654946,0.21134422639241449,0.0017746635585852895,-0.0013286228861965066,0.01107174475735917,-0.015721891070763494,Information Technology,10
2024-01-25,452.95001220703125,458.8500061035156,449.0,451.75,343259,458.22999877929686,461.7000030517578,459.6933349609375,458.4200012207031,457.8840014648438,459.8316670735677,0.23294160513209197,0.0029893845998004193,-0.002649325918293033,0.013025706452101105,-0.008720636053820896,Information Technology,10
2024-01-29,473.95001220703125,492.0,446.25,457.04998779296875,3962652,460.64000244140624,462.9750030517578,461.0400024414063,459.51000213623047,458.60400146484375,460.4166676839193,0.5688993110655142,0.04636273194403065,-0.035657820400435414,0.038084159358738656,-0.05844500789870499,Information Technology,10
2024-01-30,475.0,482.0,466.0,474.0,1168068,460.86000366210936,463.98000183105466,462.6733357747396,460.507502746582,459.2760009765625,460.548334757487,0.5856970010742703,0.0022153977548798826,-0.002105263157894721,0.01473684210526316,-0.0189473684210526,Information Technology,10
2024-01-31,470.54998779296875,475.0,464.0,474.8999938964844,625115,464.81000366210935,464.5399993896484,464.3933349609375,461.2625015258789,459.8060009765625,460.3016672770182,0.5145057681004634,-0.009368446751644737,0.009244514326561815,0.00945704457012786,-0.013919855409390891,Information Technology,10
2024-02-01,462.20001220703125,472.95001220703125,461.3999938964844,470.0,385197,466.9300048828125,463.6800018310547,464.1300028483073,461.6375015258789,460.12800170898436,459.94000142415365,0.38092297560276606,-0.017745140373080403,0.01687578448066973,0.023258329113121645,-0.001730892015183505,Information Technology,10
2024-02-02,485.45001220703125,490.5,465.6000061035156,468.95001220703125,2641395,473.4300048828125,465.8300018310547,465.61000366210936,463.12750244140625,461.422001953125,460.4750020345052,0.752876150029055,0.050302897849309726,-0.03398908144009516,0.010402693719194112,-0.04088990751750177,Information Technology,10
2024-02-05,490.20001220703125,496.5,482.3999938964844,493.0,1622653,476.6800048828125,468.6600036621094,467.5433369954427,464.9500030517578,462.9440026855469,461.6166687011719,0.8288665835139957,0.009784735566088016,0.005711929259981652,0.012851871962638706,-0.015911909661994517,Information Technology,10
2024-02-06,523.9500122070312,528.7000122070312,484.3999938964844,491.0,7507389,486.4700073242187,473.6650054931641,471.47667032877604,468.62250366210935,465.7000036621094,463.80833536783854,1.3687986109069956,0.06884944748990747,-0.06288770195507032,0.009065750337501788,-0.07548433512569375,Information Technology,10
2024-02-07,536.5999755859375,544.7999877929688,513.5999755859375,530.0,4291268,499.6800048828125,482.24500427246096,476.2533345540365,473.2150024414062,468.9460021972656,466.45166829427086,1.5711725479031455,0.02414345468878012,-0.012299619616513602,0.015281424860441595,-0.04286246933739657,Information Technology,10
2024-02-08,521.0499877929688,542.7999877929688,518.8499755859375,536.9000244140625,1273944,511.45,489.19000244140625,479.60333455403645,475.96000213623046,471.6000012207031,468.6816680908203,1.3224040609403598,-0.028978733694478877,0.03041941654817104,0.04174263604174966,-0.004222267073356822,Information Technology,10
2024-02-09,507.8500061035156,524.5,498.0,523.5,947705,515.9299987792969,494.6800018310547,482.5300008138021,478.19000244140625,473.68800170898436,470.5066680908203,1.111230938714081,-0.025333426731981686,0.03081617349295529,0.03278525882914063,-0.01939550257976741,Information Technology,10
2024-02-12,512.7999877929688,534.2999877929688,497.25,508.8500061035156,1900752,520.4499938964843,498.56499938964845,485.9233337402344,480.77000122070314,476.0500012207031,472.52833455403646,1.1904206764665153,0.00974693635908742,-0.007702772588691675,0.04192667806513306,-0.0303236898657,Information Technology,10
2024-02-13,511.70001220703125,514.7000122070312,490.1499938964844,514.7000122070312,921713,517.9999938964844,502.23500061035156,488.4433349609375,483.1075012207031,478.49800170898436,474.4166687011719,1.1728232824458327,-0.002145038245167802,0.005862810100512927,0.005862810100512927,-0.042114555005771326,Information Technology,10
2024-02-14,521.0999755859375,526.75,496.0,496.0,1085999,514.8999938964844,507.2899993896484,493.1300008138021,485.9149993896484,481.5520007324219,476.60500081380206,1.323203764952286,0.018370066747434573,-0.048167293728452965,0.010842496025277093,-0.048167293728452965,Information Technology,10
2024-02-15,522.5499877929688,530.7000122070312,515.5999755859375,524.0,695355,515.1999938964843,513.3249969482422,497.85999959309896,488.50249938964845,483.80800048828127,478.8666666666667,1.3464010399356041,0.00278259887730914,0.002774877506275475,0.015596640712757015,-0.013300186335062802,Information Technology,10
2024-02-16,512.8499755859375,526.7000122070312,510.0,521.0,574358,516.1999877929687,516.0649932861328,501.85333048502605,490.94749755859374,485.79199951171876,480.77333272298176,1.1912203804784418,-0.018562840749456373,0.015891634594992432,0.027006019850678298,-0.005557133121984359,Information Technology,10
2024-02-19,522.5999755859375,525.0,511.29998779296875,513.25,550658,518.1599853515625,519.3049896240234,505.09666137695314,493.9824966430664,488.247998046875,483.0683319091797,1.3472007439475306,0.019011407749138533,-0.0178912667867126,0.004592469433952084,-0.02162263360287997,Information Technology,10
2024-02-20,514.4500122070312,529.5,512.9500122070312,525.0,481807,518.7099853515625,518.3549896240235,507.72666219075523,496.00999755859374,490.227998046875,485.1999989827474,1.2168177439371142,-0.015595032069736581,0.020507313718797437,0.02925451926495848,-0.0029157351820536803,Information Technology,10
2024-02-21,501.8500061035156,517.0999755859375,497.8999938964844,514.2000122070312,428900,514.8599914550781,514.8799926757813,509.813330078125,498.56249847412107,491.70399780273436,487.10333251953125,1.0152430227331033,-0.024492187393407965,0.024608958759219757,0.03038750482604624,-0.007870901980653766,Information Technology,10
2024-02-22,508.8999938964844,512.9000244140625,496.29998779296875,504.3999938964844,422800,512.1299926757813,513.6649932861328,512.9266621907552,501.42749786376953,493.227998046875,488.52833251953126,1.1280286287228372,0.014047997822509865,-0.008842601795973626,0.007860150453041115,-0.02475929702227231,Information Technology,10
2024-02-23,514.8499755859375,530.7999877929688,512.5,513.9000244140625,944648,512.5299926757813,514.364990234375,514.886659749349,504.52249603271486,495.26399658203127,490.2483317057292,1.223216352472101,0.011691848616259591,-0.0018451028783557089,0.030979922236334945,-0.004564389040250139,Information Technology,10
2024-02-26,522.9500122070312,526.2000122070312,509.95001220703125,514.5,684979,512.6,515.3799926757813,517.0699930826823,506.97249603271484,497.7059973144531,492.3066650390625,1.352800624910166,0.01573280956627279,-0.016158355502028265,0.006214743138228229,-0.024858972552912806,Information Technology,10
2024-02-27,523.0499877929688,538.0,520.1500244140625,522.0,1290847,514.3199951171875,516.514990234375,517.0099914550781,509.37499542236327,499.6719970703125,494.2433308919271,1.354400032934019,0.0001911761805216682,-0.002007432974808432,0.02858237750872239,-0.005544333135620083,Information Technology,10
2024-02-28,506.1000061035156,533.2999877929688,503.0,527.7000122070312,795654,515.1699951171875,515.0149932861328,514.97666015625,511.1524963378906,501.88399780273437,495.6149973551432,1.0832344632196294,-0.032406045473730494,0.04267932393404794,0.05374428247663321,-0.006125283671467807,Information Technology,10
2024-02-29,509.75,520.7999877929688,501.3500061035156,505.8999938964844,577675,515.3399963378906,513.734994506836,514.2233276367188,513.529995727539,504.2099975585937,496.9133310953776,1.1416270144640999,0.0072120012892033444,-0.00755273389605815,0.021677268843489417,-0.016478654039204232,Information Technology,10
2024-03-01,516.4500122070312,524.0,510.79998779296875,512.9500122070312,683886,515.6600036621094,514.0949981689453,514.7966613769531,515.0799957275391,506.74999755859375,498.6633310953776,1.2488137159307735,0.013143721838217264,-0.0067770353708442865,0.014619009806397631,-0.010940118657210007,Information Technology,10
2024-03-04,516.5999755859375,527.0,515.0499877929688,525.0,248555,514.3899963378906,513.4949981689454,515.0499938964844,516.3999938964844,508.45599609375,500.4866638183594,1.2512128279665529,0.00029037346376542176,0.016260210629191363,0.020131678098255,-0.0030003636589620575,Information Technology,10
2024-03-05,505.8500061035156,516.0,504.1000061035156,516.0,493673,510.95,512.6349975585938,514.6599934895834,515.4949935913086,509.68999633789065,501.5516642252604,1.0792349667204217,-0.020809078572311304,0.020065224422291195,0.020065224422291195,-0.0034595235324399454,Information Technology,10
2024-03-06,498.95001220703125,505.54998779296875,488.29998779296875,504.0,697319,509.52000122070314,512.3449981689453,513.1833292643229,513.6124954223633,510.8259973144531,503.1566650390625,0.968848960986255,-0.013640395004902661,0.010121229921672636,0.013227729080000472,-0.021344872539342585,Information Technology,10
2024-03-07,494.6000061035156,504.8999938964844,492.54998779296875,500.0,321292,506.49000244140626,510.9149993896484,511.3199971516927,512.2899963378907,512.1219970703125,504.5899983723958,0.8992576242560886,-0.008718320467162671,0.010917900990389695,0.020824884079789108,-0.004144800414979777,Information Technology,10
2024-03-11,477.1499938964844,497.6499938964844,474.79998779296875,493.95001220703125,626679,498.6299987792969,507.14500122070314,508.93999837239585,510.75499572753904,511.7899963378906,505.39666442871095,0.6200925733234965,-0.035281059425177425,0.03520909258188443,0.04296342924075858,-0.004925088826524093,Information Technology,10
2024-03-12,474.70001220703125,483.54998779296875,467.0,477.1499938964844,741545,490.2500061035156,502.32000122070315,505.7466674804688,508.84999694824216,511.1699963378906,505.4216644287109,0.5808978005631364,-0.005134615363706026,0.005161115707712716,0.018643301787145905,-0.01622079631140405,Information Technology,10
2024-03-13,443.54998779296875,480.6000061035156,439.1000061035156,476.1000061035156,1178506,477.7900024414063,494.3700012207031,501.01999918619794,505.44249572753904,507.9539953613281,504.3733306884766,0.08256014618606347,-0.06562044156947908,0.0733852309916867,0.08353064892392759,-0.01003264978451579,Information Technology,10
2024-03-14,450.5,454.54998779296875,430.0,443.54998779296875,1030127,468.1,488.81000061035155,497.59666544596354,501.91249694824216,504.50999633789064,503.7049977620443,0.1937463441519444,0.01566906188322394,-0.015427330093299108,0.008989984002150342,-0.0455049944506104,Information Technology,10
2024-03-15,449.75,460.79998779296875,440.5,451.8999938964844,578415,459.1299987792969,482.81000061035155,493.65333251953126,498.2724975585937,501.6579968261719,503.2899973551432,0.18174785465432217,-0.001664816870144284,0.004780420003300367,0.024569177972137313,-0.020566981656475858,Information Technology,10
2024-03-18,439.75,451.25,438.04998779296875,450.0,642635,451.65,475.13999938964844,488.64666748046875,494.61749877929685,498.9339965820312,501.76666361490885,0.021767994686025884,-0.022234574763757644,0.023308698123934102,0.026151222285389464,-0.0038658606186042777,Information Technology,10
2024-03-19,439.95001220703125,444.8999938964844,434.95001220703125,440.0,755167,444.7,467.4750030517578,483.1133341471354,490.48500061035156,496.01999755859373,500.09166361490884,0.024967787173306808,0.00045483162485787377,0.00011362152876870368,0.011251236622590977,-0.011364927517372392,Information Technology,10
2024-03-20,446.79998779296875,449.20001220703125,434.1000061035156,440.5,515255,445.35,461.57000122070315,478.0300008138021,487.1024993896484,493.42399658203124,497.5199961344401,0.13455360067575978,0.015569895205990005,-0.014100241640758404,0.0053715856750975455,-0.02842431073507068,Information Technology,10
2024-03-21,465.25,467.8500061035156,452.0,452.79998779296875,737242,448.3,458.2,475.3066670735677,485.27249908447266,491.18999755859375,495.14166361490885,0.4297166376051814,0.04129367213765532,-0.026759832793189164,0.005588406455702577,-0.028479312197743134,Information Technology,10
2024-03-22,467.79998779296875,470.70001220703125,458.25,460.29998779296875,469020,451.9099975585938,455.51999816894534,472.50999959309894,483.2174987792969,488.99999755859375,493.3666636149089,0.47051130660918195,0.005480897996708759,-0.016032492936530862,0.006199282791229832,-0.020414681577963667,Information Technology,10
2024-03-26,454.3999938964844,469.70001220703125,452.29998779296875,467.79998779296875,661059,454.8399963378906,453.2449981689453,468.3733317057292,480.1949996948242,486.6619982910156,491.5849965413411,0.25613839189562243,-0.02864470766599234,0.029489423583788588,0.03367081539625261,-0.004621492367348101,Information Technology,10
2024-03-27,462.1000061035156,472.0,454.79998779296875,454.79998779296875,795061,459.2699951171875,451.98499755859376,464.74000040690106,477.1524993896484,484.24199951171875,489.89499715169273,0.37932307935912557,0.01694544962688835,-0.015797485856149485,0.02142392072218824,-0.015797485856149485,Information Technology,10
2024-03-28,507.75,520.0,459.3500061035156,465.0,7087750,471.4599975585937,458.4049987792969,464.8666666666667,476.3875,483.9739990234375,489.763330078125,1.1096310424704405,0.09878812658197252,-0.08419497784342689,0.024126046282619384,-0.09532248921021047,Information Technology,10
2024-04-01,522.5,530.4000244140625,509.0,511.8500061035156,1869290,482.9099975585938,465.60499877929686,466.43666585286456,477.2074996948242,484.79999877929686,489.80999755859375,1.3456013359236776,0.029049729197439686,-0.02038276343824763,0.015119663950358797,-0.02583732057416266,Information Technology,10
2024-04-02,534.7999877929688,546.0499877929688,520.5499877929688,525.0,2812724,496.30999755859375,474.10999755859376,469.1166646321615,478.45999908447266,485.83599853515625,490.2183308919271,1.542376368396767,0.023540646493720094,-0.018324584922695508,0.021035901751656594,-0.026645475552098286,Information Technology,10
2024-04-03,540.0,553.5,532.0,534.0,2050097,513.4299987792969,484.13499755859374,473.3066650390625,479.6374984741211,486.84199951171877,491.1233317057292,1.6255660908681961,0.009723284079513244,-0.011111111111111072,0.02499999999999991,-0.014814814814814836,Information Technology,10
2024-04-04,541.9000244140625,546.0,532.4500122070312,542.7000122070312,886074,529.3900024414063,494.3299987792969,477.7866658528646,480.90250091552736,487.6,491.76666666666665,1.6559626548380024,0.00351856372974537,0.001476264544984618,0.007565926187899086,-0.017438663556528233,Information Technology,10
2024-04-05,549.75,560.7999877929688,538.0499877929688,541.9000244140625,2053518,537.7900024414063,504.625,484.8666666666667,483.0975006103516,488.6680004882812,492.9433329264323,1.781546454337285,0.01448602183479398,-0.014279173416893998,0.02010002327052063,-0.021282423296100528,Information Technology,10
2024-04-08,557.9000244140625,567.0999755859375,554.2000122070312,557.7000122070312,1659396,544.8700073242187,513.8900024414063,492.02666829427085,486.0450012207031,490.7400012207031,494.81166687011716,1.9119304307872764,0.01482496482776262,-0.00035850904871592704,0.016490322224913534,-0.006632034495637873,Information Technology,10
2024-04-09,544.0999755859375,563.7000122070312,540.0,559.9500122070312,590531,546.7300048828125,521.5200012207031,498.31666666666666,488.5199996948242,492.11400024414064,495.98499959309896,1.6911574428793676,-0.02473570214057362,0.02913074312128927,0.03602285885050183,-0.007535334993393983,Information Technology,10
2024-04-10,553.6500244140625,557.5,538.5,544.0999755859375,914382,549.460009765625,531.4450042724609,505.9100016276042,492.3450012207031,493.60200073242186,497.27833455403646,1.8439389903007506,0.017552011131484833,-0.017249252067191745,0.0069538073081671925,-0.027363900922963036,Information Technology,10
2024-04-12,540.3499755859375,552.7999877929688,535.4000244140625,550.9500122070312,533986,549.15,539.2700012207031,512.6033325195312,495.62749938964845,494.5520007324219,497.85833333333335,1.6311649953912566,-0.024022483954914794,0.019616983621771,0.02304064545118356,-0.009160639207038801,Information Technology,10
2024-04-15,523.9500122070312,537.0,515.0,526.0,676952,543.9900024414062,540.8900024414063,517.7466674804688,499.6475006103516,495.2760009765625,497.8883341471354,1.3687986109069956,-0.03035063221965112,0.003912563689680182,0.024906932892316158,-0.017081805512955683,Information Technology,10
2024-04-16,527.4500122070312,532.5,516.0,516.0,539308,537.9,541.3850036621094,521.8933349609375,503.4950012207031,496.4160009765625,498.6000010172526,1.4247915618958993,0.006680026564475059,-0.0217082414295916,0.009574343873532065,-0.0217082414295916,Information Technology,10
2024-04-18,515.8499755859375,532.7999877929688,513.0999755859375,531.0,453571,532.25,539.4900024414062,525.0966674804688,506.8,497.26599975585935,498.80333353678384,1.2392143384689307,-0.021992674855680124,0.02936905133484613,0.03285841428562297,-0.005331007328005288,Information Technology,10
2024-04-19,506.8999938964844,525.5999755859375,470.54998779296875,509.70001220703125,1033994,522.8999938964844,536.1800018310547,528.5966674804688,510.1574996948242,498.45599975585935,498.48499959309896,1.096032656729178,-0.017349970171632027,0.00552380813624298,0.03689086982564049,-0.07171040943223761,Information Technology,10
2024-04-22,515.5,522.0,502.04998779296875,512.0,462919,517.9299987792969,533.5399993896484,532.1566670735677,513.9349990844727,500.08799926757814,498.4483337402344,1.2336154339458703,0.01696588322562075,-0.006789524733268659,0.012609117361784605,-0.026091197297829827,Information Technology,10
2024-04-23,501.1000061035156,513.0,493.8999938964844,513.0,354460,513.3599975585937,528.675,531.7133341471355,516.65,502.39,498.290000406901,1.0032445332354811,-0.027934032776885307,0.02374774246964617,0.02374774246964617,-0.014368413728464202,Information Technology,10
2024-04-24,504.6499938964844,515.0,500.04998779296875,502.0,174568,508.79999389648435,523.3499969482422,530.5233337402344,518.6199996948242,504.5559997558594,498.47999979654946,1.0600371882363113,0.007084389841806159,-0.005251152142147775,0.02050927618883258,-0.009115240580898964,Information Technology,10
2024-04-25,501.25,509.6499938964844,498.0,509.5,151740,505.8799987792969,519.0649993896484,528.2866678873698,520.2925003051757,506.6159997558594,498.7016662597656,1.005644133491048,-0.006737330699704306,0.016458852867830442,0.016758092561564908,-0.006483790523690747,Information Technology,10
2024-04-26,496.3500061035156,504.8500061035156,494.0,500.0,211281,503.77000122070314,513.3349975585937,525.3766682942709,522.3900009155274,508.88,499.34166666666664,0.9272540997505404,-0.009775548920667083,0.007353669490482773,0.017125012381338234,-0.004734574543402981,Information Technology,10
2024-04-29,496.0,505.5,493.0,502.0,273176,499.8700012207031,508.9,522.3166666666667,524.0850006103516,511.12199951171874,500.0516662597656,0.9216547070076925,-0.0007051598654410613,0.012096774193548487,0.019153225806451513,-0.006048387096774244,Information Technology,10
2024-04-30,498.25,501.6499938964844,495.0,499.8500061035156,94141,499.3,506.3299987792969,518.8833333333333,523.6100006103516,513.18,501.875,0.9576501755005592,0.0045362903225806455,0.0032112515875877268,0.006823871342668042,-0.00652282990466635,Information Technology,10
2024-05-02,499.45001220703125,502.0,492.0,498.25,145996,498.2600036621094,503.5299987792969,514.9866658528646,522.4575012207031,514.5480004882812,503.5066670735677,0.9768479539846697,0.0024084540030732565,-0.002402667289421956,0.005105591612062588,-0.014916432125229528,Information Technology,10
2024-05-03,494.95001220703125,502.20001220703125,490.0,500.0,178058,497.0000061035156,501.44000244140625,511.7100016276042,520.4650024414062,515.6340014648438,505.0133341471354,0.9048570169989364,-0.009009910681781436,0.010203025898414264,0.014647943875526925,-0.01000103461955415,Information Technology,10
2024-05-06,481.04998779296875,498.5,480.0,494.95001220703125,156901,493.94000244140625,498.85500183105466,506.8699991861979,517.5175018310547,516.7000012207031,506.39000040690104,0.6824846210671746,-0.02808369344629554,0.028895176731705385,0.03627484180405238,-0.0021826999680137904,Information Technology,10
2024-05-07,473.20001220703125,485.04998779296875,467.04998779296875,483.25,177569,489.3800048828125,494.6250030517578,502.3933349609375,514.0825012207031,517.1440014648438,507.4983337402344,0.556900821567892,-0.016318419675994095,0.02123835066295765,0.025042213187334017,-0.012996670024116086,Information Technology,10
2024-05-08,481.3999938964844,496.70001220703125,477.8999938964844,478.0,358664,486.0100036621094,492.6550018310547,499.5566670735677,510.66500091552734,516.0900012207031,508.65166727701825,0.6880840138100224,0.017328785878952018,-0.007062721104262204,0.0317823400592665,-0.007270461247144477,Information Technology,10
2024-05-09,466.75,483.0,464.0,481.5,169669,479.4700012207031,488.86500244140626,495.50999959309894,506.10749969482424,513.8600012207031,508.7016672770182,0.45371361660042586,-0.0304320608272267,0.03160149973219073,0.034815211569362514,-0.005891805034815234,Information Technology,10
2024-05-10,473.3999938964844,477.70001220703125,460.0,466.79998779296875,148851,475.1599975585938,486.0800018310547,492.6800008138021,502.57250061035154,511.40400146484376,508.8883341471354,0.5601001258353854,0.014247442734835298,-0.013941711425029757,0.009083266510322652,-0.02830585988434653,Information Technology,10
2024-05-13,459.45001220703125,470.0,455.0,463.8500061035156,296332,470.8400024414062,482.39000244140624,489.51666870117185,497.8625,508.182001953125,509.0566680908203,0.33692851411148456,-0.029467642309483184,0.009576654216088443,0.022962210278960393,-0.009685519836325596,Information Technology,10
2024-05-14,468.20001220703125,481.8999938964844,460.5,461.0,185966,469.8400024414062,479.61000366210936,486.36333618164065,494.2550018310547,505.23400146484374,509.26000162760414,0.47691089158374383,0.019044509233916814,-0.015378069242440562,0.02926095970154563,-0.016445988907036635,Information Technology,10
2024-05-15,472.29998779296875,476.0,460.0,476.0,154359,468.02000122070314,477.01500244140624,484.4433349609375,491.67250061035156,502.1360009765625,508.0783345540365,0.5425022435949153,0.00875688910517275,0.007834029859541625,0.007834029859541625,-0.026042744253384154,Information Technology,10
2024-05-16,466.8999938964844,478.0,465.0,474.0,115876,468.05,473.76000061035154,481.9266682942708,488.6449996948242,498.4959997558594,506.2250010172526,0.4561132168559928,-0.01143339834014869,0.015206695644313317,0.02377384075523592,-0.004069380855262206,Information Technology,10
2024-05-17,483.0,485.0,464.70001220703125,470.54998779296875,219452,469.9700012207031,472.56499938964845,480.7100016276042,487.0025009155273,496.0520007324219,504.498334757487,0.7136808890489074,0.03448277214388898,-0.02577642278888459,0.0041407867494824835,-0.03788817348440732,Information Technology,10
2024-05-21,483.29998779296875,495.0,475.54998779296875,495.0,124009,474.7399963378906,472.7899993896484,479.840000406901,485.82250061035154,493.2379992675781,502.60833435058595,0.7184800895600412,0.000621092739065735,0.024208591977128657,0.024208591977128657,-0.01603558906630853,Information Technology,10
2024-05-22,481.6499938964844,488.0,480.0,484.5,91022,477.42999267578125,473.63499755859374,478.8833333333333,484.13000030517577,490.89,500.6,0.6920835103092299,-0.003414016011089127,0.00591717251039392,0.013183860031108718,-0.003425711444811075,Information Technology,10
2024-05-23,497.3999938964844,498.75,479.0,482.0,470038,482.4499938964844,475.23499755859376,478.8266662597656,483.9449996948242,489.82799926757815,498.85499979654946,0.9440517897592965,0.032700093843217135,-0.03096098529444158,0.002714125693770164,-0.03699234845650934,Information Technology,10
2024-05-24,488.54998779296875,504.3999938964844,485.5,499.0,299910,486.7799926757813,477.4149963378906,478.09999796549477,483.13999938964844,488.2719982910156,496.5433319091797,0.8024695160433968,-0.01779253359893975,0.02138985255989745,0.03244295670770203,-0.006242939042424567,Information Technology,10
2024-05-27,477.5,491.95001220703125,475.1499938964844,488.1000061035156,161144,485.67999267578125,477.8249969482422,476.93666381835936,481.95249938964844,486.7379992675781,494.3233327229818,0.6256919660663444,-0.022617926658615263,0.022198965661812897,0.030261805669175468,-0.0049214787508180535,Information Technology,10
2024-05-28,475.1499938964844,480.0,472.0,480.0,91851,484.04999389648435,479.3949951171875,476.5433308919271,480.8924987792969,485.46799926757814,491.7066650390625,0.5880966013298372,-0.004921478750818063,0.010207315933528749,0.010207315933528749,-0.006629472665363512,Information Technology,10
2024-05-29,471.6499938964844,477.95001220703125,469.5,472.1000061035156,101559,482.04999389648435,479.7399932861328,476.43999633789065,479.6749984741211,483.7139990234375,489.4166656494141,0.5321036503409335,-0.007366095012015313,0.0009541232118197573,0.01335740144614439,-0.004558452081643072,Information Technology,10
2024-05-30,467.70001220703125,474.95001220703125,465.0,471.6499938964844,131360,476.10999755859376,479.2799957275391,475.5266642252604,478.14749908447266,482.3779992675781,487.5416656494141,0.468911898585329,-0.00837481552118932,0.008445545405940003,0.01550138937518497,-0.005772957315716476,Information Technology,10
2024-05-31,476.29998779296875,491.04998779296875,467.04998779296875,469.8999938964844,416620,473.6599975585938,480.2199951171875,476.163330078125,476.98999786376953,481.2439990234375,485.836664835612,0.6064941875822338,0.01838780278271759,-0.013436897040749574,0.03096787818187252,-0.01942053377507258,Information Technology,10
2024-06-03,476.3500061035156,490.0,465.6499938964844,489.0,145392,473.42999877929685,479.55499572753905,476.35999755859376,476.05999755859375,480.2479992675781,484.51999918619794,0.6072943798139478,0.00010501430155109775,0.026556090551902667,0.02865538726059791,-0.022462500409218045,Information Technology,10
2024-06-04,461.04998779296875,474.79998779296875,452.54998779296875,474.79998779296875,385510,470.60999755859376,477.3299957275391,476.46666259765624,475.05999755859375,478.83599853515625,482.9916656494141,0.362524901130582,-0.03211927808230578,0.029823230374261156,0.029823230374261156,-0.018436178776816026,Information Technology,10
2024-06-05,472.5,475.04998779296875,444.0,458.8999938964844,188441,470.7799987792969,476.4149963378906,476.7533284505208,475.0249969482422,477.89599853515625,481.55833231608074,0.5457020360821963,0.02483464377006512,-0.028783081700562207,0.005396799561838694,-0.060317460317460325,Information Technology,10
2024-06-06,496.1000061035156,496.1000061035156,470.04998779296875,479.95001220703125,373863,476.4599975585937,476.2849975585938,478.3399963378906,475.75999755859374,477.80999877929685,481.39166564941405,0.923254603251333,0.049947102864583336,-0.03255390787702295,0.0,-0.05250961094548201,Information Technology,10
2024-06-07,514.2000122070312,518.0,496.0,510.0,499371,484.0400024414063,478.85,481.4933308919271,478.1324981689453,478.3999987792969,481.709999593099,1.2128182474379068,0.03648459157595515,-0.008168051550609845,0.007390096660361056,-0.03539481091980878,Information Technology,10
2024-06-10,512.0999755859375,521.0,505.0,511.0,247481,491.18999633789065,482.30999755859375,483.43332926432294,480.06749725341797,479.08599731445315,482.07166544596356,1.1792218909808194,-0.0040840851249303685,-0.002147970393239995,0.017379466585365932,-0.013864432580403485,Information Technology,10
2024-06-11,506.1000061035156,512.0999755859375,504.0,505.54998779296875,186737,500.2,485.4049987792969,484.953330485026,482.3999969482422,480.087998046875,482.39666544596355,1.0832344632196294,-0.011716402594155165,-0.0010867779172371028,0.01185530410998381,-0.004149389603220199,Information Technology,10
2024-06-12,517.6500244140625,520.0,501.79998779296875,506.1000061035156,348996,509.2300048828125,490.0050018310547,487.35333251953125,484.87249755859375,481.8659985351562,483.1183329264323,1.268011494414884,0.022821612667960494,-0.02231240754527264,0.004539699555887067,-0.030619213510198695,Information Technology,10
2024-06-13,512.4000244140625,524.0,509.1000061035156,521.8499755859375,203137,512.4900085449219,494.4750030517578,488.35333455403645,486.87749938964845,483.1059997558594,483.590000406901,1.1840220679315283,-0.0101419873512854,0.018442526779113955,0.02263851489703228,-0.006440316458455442,Information Technology,10
2024-06-14,506.6000061035156,513.9000244140625,502.0,513.9000244140625,170654,510.9700073242187,497.5050048828125,489.5566691080729,488.8625,484.7,483.8283335367839,1.0912334562180441,-0.01131931700662834,0.014409826732325826,0.014409826732325826,-0.009080154062563683,Information Technology,10
2024-06-18,496.45001220703125,507.0,490.04998779296875,505.0,204824,507.8400146484375,499.51500549316404,490.82000325520835,489.5350006103516,485.6220007324219,483.8783335367838,0.9288539959941808,-0.020035518701534295,0.017222253162929135,0.021250856145752506,-0.01289157872231761,Information Technology,10
2024-06-19,495.75,504.8999938964844,494.5,499.75,127130,505.7700134277344,502.98500671386716,492.19333699544273,490.1575012207031,487.0740002441406,484.3683339436849,0.9176552105084851,-0.0014100356326294712,0.008068582955118586,0.01845687119815298,-0.002521432173474558,Information Technology,10
2024-06-20,502.04998779296875,509.3999938964844,494.0,497.1000061035156,171036,502.65000610351564,505.94000549316405,494.2200032552083,491.17750091552733,488.4279992675781,485.3299997965495,1.0184423270005967,0.01270799353095058,-0.009859539507636406,0.014639988611147237,-0.016034235611391612,Information Technology,10
2024-06-21,517.5999755859375,526.7000122070312,504.0,504.0,481286,503.68999633789065,508.0900024414062,497.5466674804687,492.1875,490.23999877929685,486.5366658528646,1.2672108139633824,0.030972987095024343,-0.026275069991148925,0.017581215321334387,-0.026275069991148925,Information Technology,10
2024-06-24,514.0999755859375,525.0,510.0,517.0,174792,505.189990234375,508.0799987792969,500.06666666666666,493.4649993896484,492.127998046875,488.11499837239586,1.2112178629744788,-0.006761978680617021,0.005640973646725556,0.021202149254411884,-0.007975055009999954,Information Technology,10
2024-06-25,502.29998779296875,515.9500122070312,495.54998779296875,515.0,178348,506.3599853515625,507.1,501.7966654459635,494.7049987792969,492.8999975585937,489.0783315022787,1.022441823499804,-0.022952710276867638,0.025283719919710235,0.027175044287854,-0.013438184678559284,Information Technology,10
2024-06-26,508.04998779296875,514.0,501.29998779296875,505.0,149390,508.8199829101562,507.2949981689453,504.92999877929685,496.3499984741211,493.88999755859373,490.6983306884766,1.1144302429815744,0.011447342503957928,-0.006003322244368614,0.01171147003246431,-0.013286094207624721,Information Technology,10
2024-06-27,499.20001220703125,509.3999938964844,495.04998779296875,509.0,210658,508.24998779296874,505.4499969482422,506.709999593099,497.7274993896484,494.5919982910156,491.7316640218099,0.9728484574854623,-0.01741949768443628,0.019631385323172656,0.02043265512826742,-0.008313349985138552,Information Technology,10
2024-06-28,501.29998779296875,509.8999938964844,496.0,500.5,141915,504.989990234375,504.3399932861328,507.0566650390625,499.4074981689453,494.747998046875,492.6983306884766,1.0064438375029745,0.004206681759988791,-0.0015958264760603802,0.017155408563599206,-0.010572487376874995,Information Technology,10
2024-07-01,507.75,511.0,500.0,501.29998779296875,190805,503.7199951171875,504.4549926757812,506.6266642252604,500.97999877929686,495.51599853515626,494.05999755859375,1.1096310424704405,0.012866571641918796,-0.012703125961656792,0.006400787789266449,-0.015263417035942917,Information Technology,10
2024-07-02,506.95001220703125,514.0,505.0,509.70001220703125,140067,504.65,505.50499267578124,506.28333333333336,502.50999908447267,496.6939990234375,494.85833129882815,1.0968328489608918,-0.001575554491322009,0.005424597955975496,0.013906672498687378,-0.003846557175414156,Information Technology,10
2024-07-03,503.3999938964844,512.4000244140625,502.0,507.0,93925,503.7200012207031,506.2699920654297,506.10333251953125,504.62749938964845,497.8239990234375,495.52833150227866,1.0400397057402742,-0.00700269893493384,0.0071513828906717425,0.017878487538140142,-0.002781076506672031,Information Technology,10
2024-07-04,505.04998779296875,510.0,503.0,509.6000061035156,149870,504.88999633789064,506.5699920654297,505.263330078125,506.2549987792969,499.15999877929687,496.30833129882814,1.0664362849910856,0.003277699476539263,0.009009045481676248,0.009801034207846282,-0.004058979987163314,Information Technology,10
2024-07-05,519.0,527.0,500.0,506.0,341805,508.42999877929685,506.7099945068359,505.7033284505208,507.3999984741211,501.2119982910156,497.02833150227866,1.289608384934774,0.027621052458573013,-0.025048169556840083,0.015414258188824581,-0.036608863198458574,Information Technology,10
2024-07-08,510.25,520.0,505.54998779296875,519.5,353262,508.92999877929685,506.3249969482422,505.9466613769531,507.2024978637695,502.5699987792969,497.751665242513,1.1496260074625146,-0.016859344894026976,0.01812836844683985,0.019108280254777066,-0.00921119491823863,Information Technology,10
2024-07-09,530.4500122070312,533.0,508.04998779296875,511.0,495075,513.6299987792969,509.13999938964844,508.2133280436198,508.11999969482423,504.7339990234375,499.51666564941405,1.4727855198863882,0.03958846096429446,-0.036667003034095536,0.004807216013360094,-0.04222834178259938,Information Technology,10
2024-07-10,519.6500244140625,539.6500244140625,511.0,539.6500244140625,397711,516.8800048828125,510.3000030517578,509.80666300455727,508.79750061035156,507.07800048828125,501.0,1.3000074664085433,-0.020360048156156104,0.03848744166336027,0.03848744166336027,-0.016645865501143664,Information Technology,10
2024-07-11,529.4500122070312,533.7000122070312,514.5499877929688,524.8499755859375,324011,521.760009765625,513.3250030517578,511.6333312988281,509.3875,509.3560009765625,502.9266672770182,1.4567875338895586,0.018858822924176403,-0.008688330371205977,0.008027197850621892,-0.028142457400182508,Information Technology,10
2024-07-12,535.9000244140625,539.0999755859375,525.0,530.0,401390,525.1400146484375,516.7850067138672,512.8533345540365,510.5625,510.94800170898435,505.2000010172526,1.5599747388570246,0.012182476264650828,-0.011009561756436637,0.005971171909114448,-0.020339660230432433,Information Technology,10
2024-07-15,559.7000122070312,562.0,535.0,538.25,1111030,535.0300170898438,521.9800079345703,515.8933369954427,513.2175003051758,512.7680017089843,507.98000183105466,1.940726610293655,0.04441124595765967,-0.03832412317171252,0.004109322392006565,-0.04413080519622148,Information Technology,10
2024-07-16,557.5,575.0,550.0999755859375,558.9500122070312,1553185,540.4400146484375,527.0350067138672,519.5733378092448,516.2699996948243,514.5840026855469,510.68500162760415,1.9055308458127147,-0.003930698872698027,0.0026009187570066317,0.03139013452914807,-0.013273586392937187,Information Technology,10
2024-07-18,539.7000122070312,556.0,537.0,553.0,552960,544.4500122070312,530.6650085449219,521.683339436849,518.4675003051758,515.9280029296875,513.3066691080729,1.6207668903570622,-0.03192822922505605,0.024643297187599167,0.03020194075281224,-0.005002801826870296,Information Technology,10
2024-07-19,521.0499877929688,540.2999877929688,518.5,539.0,373530,542.7700073242188,532.2650085449219,523.1400044759115,519.4175003051757,516.0640014648437,514.9250020345052,1.3224040609403598,-0.03455627940009805,0.03444969317255486,0.036944631899019864,-0.004893940797829788,Information Technology,10
2024-07-22,534.5,543.4000244140625,512.9000244140625,517.1500244140625,404686,542.4900024414062,533.8150085449219,525.3533386230469,520.2625015258789,516.9480004882812,516.2050018310547,1.5375771678856331,0.025813285715641177,-0.03246019754151075,0.016651121448199246,-0.04041155394936857,Information Technology,10
2024-07-23,524.0,537.0,507.79998779296875,534.5,360748,535.35,535.1900085449219,526.4366719563802,520.7575027465821,517.6440002441407,516.5316680908203,1.3695983149189221,-0.019644527595884004,0.020038167938931206,0.024809160305343525,-0.030916053830212342,Information Technology,10
2024-07-24,532.2999877929688,538.5999755859375,525.5,527.0,208483,530.3099975585938,535.3750061035156,528.1266703287761,522.2575027465821,519.0779992675781,517.2050018310547,1.502381403404693,0.015839671360627385,-0.00995676857883021,0.011835408486650323,-0.012774728440560268,Information Technology,10
2024-07-25,528.9500122070312,539.0,525.0,527.9500122070312,295164,528.1599975585938,536.3050048828125,529.8300048828125,523.3025039672851,520.4059997558594,517.9666687011719,1.4487885408911438,-0.006293397825965065,-0.00189053781439108,0.01899988195677582,-0.007467647444698855,Information Technology,10
2024-07-26,542.8499755859375,552.9500122070312,530.0,534.9000244140625,927711,532.5199951171875,537.6450012207031,532.3500040690104,525.4850021362305,522.0379992675781,518.8066670735677,1.6711599603833307,0.026278406386473056,-0.014644840249452007,0.018605576264771884,-0.02367132018762197,Information Technology,10
2024-07-29,521.1500244140625,542.8499755859375,519.0,542.8499755859375,887440,529.85,536.1700012207032,532.493339029948,526.4775039672852,522.1800012207032,519.0983337402344,1.3240044454037876,-0.039974122037037325,0.04163858803666498,0.04163858803666498,-0.004125538354295966,Information Technology,10
2024-07-30,521.0499877929688,528.0,520.0,521.0999755859375,278727,529.2599975585938,532.3049987792969,533.2133382161459,527.1425033569336,522.4580017089844,519.5799997965495,1.3224040609403598,-0.00019195359571597988,9.593665510010396e-05,0.013338474944543544,-0.002015138312191911,Information Technology,10
2024-07-31,514.2999877929688,526.0,512.25,524.0,235215,525.6599975585938,527.9849975585937,532.136669921875,527.5100021362305,522.9380017089844,520.1749989827474,1.2144176554617596,-0.012954611185370585,0.01886061138880679,0.022749392348305975,-0.0039859767482514075,Information Technology,10
2024-08-01,509.54998779296875,523.3499755859375,506.0,522.8499755859375,317280,521.7799926757813,524.9699951171875,531.4633341471355,527.8175018310546,522.9980017089844,520.6349985758463,1.138427221976819,-0.009235854778810748,0.026101438743184824,0.027082696739413326,-0.006966907816728485,Information Technology,10
2024-08-02,509.3500061035156,514.7000122070312,501.3999938964844,502.25,344268,515.0799987792968,523.7999969482422,530.1233337402343,528.032502746582,523.4040014648438,520.8783325195312,1.1352279177093256,-0.0003924672637503388,-0.013939346261777952,0.0105035948550245,-0.015608151785150959,Information Technology,10
2024-08-05,484.04998779296875,501.70001220703125,483.8999938964844,498.95001220703125,556979,507.6599914550781,518.754995727539,526.6666646321614,526.2850021362304,522.7140014648437,519.759999593099,0.7304785790576634,-0.04967118485791307,0.030781995227392445,0.03646322664842527,-0.0003098727409709401,Information Technology,10
2024-08-06,485.1499938964844,503.0,484.0,486.1000061035156,1038463,500.47999267578126,514.8699951171875,521.6966634114583,525.0300018310547,521.8100012207032,518.7950002034505,0.7480764612981335,0.0022725051776803363,0.0019581824569370188,0.03679275755556177,-0.0023703883560797223,Information Technology,10
2024-08-07,493.45001220703125,497.04998779296875,486.45001220703125,490.5,179171,496.30999755859375,510.98499755859376,517.4266642252604,523.1800018310547,521.2700012207031,518.5000010172527,0.880860038003692,0.017108148850802286,-0.00597834052903734,0.007295522336367988,-0.014185834080115645,Information Technology,10
2024-08-08,489.8500061035156,502.3999938964844,488.25,496.45001220703125,159798,492.3700012207031,507.0749969482422,514.103330485026,521.6900009155273,520.7280017089844,517.8933349609375,0.8232671907711477,-0.007295584181696627,0.013473524591772534,0.025620062542811572,-0.003266318431314863,Information Technology,10
2024-08-09,492.04998779296875,498.5,488.5,498.0,169506,488.9099975585938,501.9949981689453,512.1699971516927,519.8199996948242,520.2080017089844,517.6550008138021,0.8584624670323004,0.004491133330695974,0.012092292154541662,0.013108449074375583,-0.007214689322301959,Information Technology,10
2024-08-12,492.54998779296875,497.0,486.70001220703125,494.8500061035156,188940,490.60999755859376,499.13499450683594,509.373329671224,517.6524978637696,519.1500012207031,517.3633341471354,0.8664614600307153,0.0010161569198338773,0.004669613983451448,0.009034640782290992,-0.011876917533081732,Information Technology,10
2024-08-13,473.3500061035156,494.6000061035156,470.0,494.29998779296875,550437,488.25,494.3649963378906,505.9966634114583,513.3349975585937,517.6740014648437,516.2166676839192,0.559300421823459,-0.0389807779216175,0.044258965711033715,0.04489278488643955,-0.007077228394041679,Information Technology,10
2024-08-14,487.3500061035156,491.95001220703125,472.0,472.25,327476,487.0299987792969,491.6699981689453,502.9999979654948,509.8274978637695,515.9500012207031,515.5633341471354,0.7832722257790737,0.029576422984007266,-0.03098390461558398,0.009438814088243985,-0.03149688296147313,Information Technology,10
2024-08-16,495.0,504.70001220703125,488.0,498.0,370494,488.05999755859375,490.2149993896484,500.7366638183594,507.59249725341795,514.9640002441406,515.283334350586,0.9056567210108629,0.01569712486031954,0.0060606060606061,0.019595984256628896,-0.014141414141414121,Information Technology,10
2024-08-19,494.70001220703125,502.70001220703125,493.20001220703125,495.0,151751,488.5900024414062,488.75,497.52666625976565,506.2749984741211,513.5740002441406,514.938335164388,0.900857520499729,-0.0006060359453914141,0.0006064034476780389,0.016171416621376666,-0.003032140616508139,Information Technology,10
2024-08-20,501.04998779296875,512.9000244140625,496.25,496.29998779296875,325740,490.2900024414063,490.45,496.18666381835936,504.60249786376954,512.1799987792969,514.3400014241537,1.0024443410037671,0.012836012591970675,-0.009480092038167354,0.023650407962868103,-0.009579858117773399,Information Technology,10
2024-08-21,499.1000061035156,508.0,495.5,501.95001220703125,566348,495.44000244140625,491.8450012207031,494.72333170572915,503.3574981689453,509.75599853515627,513.9683349609375,0.9712485612418219,-0.0038917907134224843,0.005710290660514428,0.01783208532888403,-0.007212995510901599,Information Technology,10
2024-08-22,510.8999938964844,527.5,501.04998779296875,505.0,953675,500.15,493.5899993896484,494.4966654459635,502.2874984741211,507.8919982910156,513.3166676839193,1.1600246007164965,0.023642531854670783,-0.011548236380836241,0.0324916936814037,-0.019279714662731817,Information Technology,10
2024-08-23,504.45001220703125,515.0,502.5,514.5499877929688,265609,502.0400024414063,495.05,494.1566670735677,501.06249847412107,506.4819982910156,512.8100006103516,1.056837883968818,-0.012624744111388624,0.020021757045358912,0.02091384188259071,-0.003865620299025707,Information Technology,10
2024-08-26,497.0,507.6000061035156,495.0,503.0,309876,502.5,495.5450012207031,493.3333333333333,498.7699996948242,505.5199987792969,511.72833353678385,0.9376526930045221,-0.014768583658936837,0.012072434607645954,0.02132798008755654,-0.004024144869215318,Information Technology,10
2024-08-27,494.6000061035156,500.8999938964844,491.25,499.95001220703125,244886,501.2100036621094,495.7500030517578,494.0366678873698,497.4424987792969,503.9239990234375,510.35166625976564,0.8992576242560886,-0.0048289615623428065,0.010816833880903598,0.012737540871866182,-0.006773162276942024,Information Technology,10
2024-08-28,492.45001220703125,497.45001220703125,490.29998779296875,494.6000061035156,343664,499.8800048828125,497.6600036621094,494.52333577473956,496.0125,502.66199951171876,508.10999959309896,0.8648620520068623,-0.004346934633952268,0.004365912972260189,0.010153314805682045,-0.00436597494317581,Information Technology,10
2024-08-29,488.6000061035156,499.79998779296875,482.95001220703125,490.0,383088,495.4200073242188,497.7850036621094,494.2000020345052,494.72750091552734,500.91400024414065,505.81333312988284,0.8032697082751108,-0.007818064794558358,0.002865316985255495,0.022922598341270417,-0.01156363861216847,Information Technology,10
2024-08-30,483.45001220703125,494.95001220703125,483.0,490.04998779296875,218039,491.2200073242187,496.6300048828125,493.77333577473956,493.4225021362305,499.0940002441406,503.93833312988284,0.7208801780353956,-0.01054030665606109,0.013651826288735514,0.02378736107069379,-0.0009308350308584457,Information Technology,10
2024-09-02,475.8500061035156,488.25,474.54998779296875,483.8999938964844,398620,486.99000854492186,494.74500427246096,492.69333699544273,491.7475021362305,496.41400146484375,502.4316670735677,0.599295386815533,-0.015720355593374192,0.016917069853346955,0.026058618761028107,-0.002731991791262156,Information Technology,10
2024-09-03,481.04998779296875,485.04998779296875,473.6000061035156,475.8500061035156,491625,484.2800048828125,492.74500427246096,491.926670328776,491.59750213623045,494.81,500.65,0.6824846210671746,0.010927774766744312,-0.010809649353303974,0.00831514416693313,-0.015486917947203804,Information Technology,10
2024-09-04,475.25,484.0,474.0,475.79998779296875,237952,480.8400024414062,490.36000366210936,492.05333658854164,491.1025024414063,492.9780004882812,499.025,0.5896964975734778,-0.012056933666246994,0.0011572599536429085,0.018411362440820644,-0.002630194634402949,Information Technology,10
2024-09-05,475.3999938964844,479.75,473.8500061035156,479.75,255643,478.2,486.81000366210935,491.2566691080729,490.2000015258789,491.42200073242185,497.1283335367838,0.5920960978290446,0.0003156105133811152,0.009150202270433283,0.009150202270433283,-0.00326038664886108,Information Technology,10
2024-09-06,472.3999938964844,484.75,470.1499938964844,476.29998779296875,550305,475.9899963378906,483.60500183105466,489.7500020345052,489.32750091552737,489.9360009765625,495.2433329264323,0.5441021398385557,-0.0063104754701642524,0.008255702681780663,0.026143112326588724,-0.0047629128473126725,Information Technology,10
2024-09-09,463.75,472.3999938964844,454.79998779296875,472.0,433835,473.5699951171875,480.2800018310547,487.68666788736977,487.9125015258789,488.11200073242185,492.60666707356773,0.405719658609937,-0.018310740914996335,0.017789757412398854,0.018652277943901563,-0.01929921769710241,Information Technology,10
2024-09-10,492.95001220703125,497.3999938964844,464.04998779296875,470.0,1185370,475.95,480.11500244140626,487.14666951497395,487.93250274658203,488.4680017089844,491.6666666666667,0.8728610450052772,0.06296498589117251,-0.04655646949734249,0.009027247346094391,-0.05862668363607815,Information Technology,10
2024-09-11,483.5,496.95001220703125,480.0,496.95001220703125,289453,477.6,479.2200012207031,486.10666910807294,488.44000244140625,488.402001953125,490.415000406901,0.7216798820473221,-0.019170325536095927,0.027818019042463726,0.027818019042463726,-0.007238883143743546,Information Technology,10
2024-09-12,488.79998779296875,497.8999938964844,478.04998779296875,485.75,480367,480.2799987792969,479.23999938964846,484.6333353678385,488.5125015258789,488.2160009765625,489.56500040690105,0.8064690125426042,0.010961712084733713,-0.0062397460497903845,0.018617034228261664,-0.021992635573782282,Information Technology,10
2024-09-13,486.54998779296875,500.0,485.1000061035156,491.95001220703125,313169,483.10999755859376,479.5499969482422,483.44000040690105,488.09000091552736,488.0840002441406,488.7983337402344,0.7704735440497376,-0.004603109771256761,0.011098601478868542,0.02764363897744948,-0.002980128919600533,Information Technology,10
2024-09-16,481.5,491.3500061035156,481.1499938964844,487.8999938964844,182747,486.6599975585938,480.1149963378906,482.4066670735677,487.4300003051758,487.66200073242186,487.8700002034505,0.6896839100536629,-0.01037917566471621,0.013291783793321743,0.02045691817967943,-0.0007269077954633607,Information Technology,10
2024-09-17,492.1000061035156,495.0,478.5,482.95001220703125,481864,486.4899963378906,481.2199981689453,482.24000040690106,486.9825012207031,487.64400146484377,488.1383341471354,0.8592626592640145,0.02201455057843328,-0.018593769118059322,0.005893098680178399,-0.027636671275827585,Information Technology,10
2024-09-18,482.1000061035156,493.29998779296875,478.70001220703125,493.29998779296875,263227,486.2099975585937,481.9049987792969,481.55,486.13250122070315,487.99400146484373,488.0366678873698,0.6992827992957181,-0.020321072700609663,0.023231656394230082,0.023231656394230082,-0.007052465989295875,Information Technology,10
2024-09-19,478.45001220703125,488.5,471.5,487.8999938964844,360110,484.14000244140624,482.2100006103516,480.8733337402344,484.51000213623047,487.63800170898435,487.5366678873698,0.6408902480512475,-0.007571030595881501,0.019751241401084974,0.02100530366089748,-0.014526098923002828,Information Technology,10
2024-09-20,477.45001220703125,482.1499938964844,474.8500061035156,481.75,198923,482.32000732421875,482.7150024414062,480.47333374023435,483.16000213623045,486.9360021972656,487.123334757487,0.6248922620544178,-0.0020900825049353067,0.00900615286004891,0.009843924116217373,-0.005445609041870192,Information Technology,10
2024-09-23,481.79998779296875,483.0,476.0,478.1000061035156,212176,482.3800048828125,484.52000122070314,480.8699991861979,482.4000015258789,486.4200012207031,486.7816680908203,0.6944831105647967,0.009110850297876356,-0.00767949726690953,0.0024906854243154086,-0.01203816508908051,Information Technology,10
2024-09-24,483.8500061035156,493.79998779296875,482.1000061035156,485.5,435091,480.7300048828125,483.61000061035156,481.0566670735677,481.8625015258789,485.732001953125,486.4916687011719,0.72727927479017,0.004254915654808559,0.0034101351155741977,0.02056418634688284,-0.0036168233500560865,Information Technology,10
2024-09-25,478.1000061035156,488.8999938964844,476.5,488.8999938964844,210790,479.9300048828125,483.07000122070315,481.2466674804688,481.14500122070314,484.892001953125,486.65000203450523,0.6352908553083997,-0.011883848150184452,0.022589390619313976,0.022589390619313976,-0.00334659293681161,Information Technology,10
2024-09-26,475.1499938964844,481.6499938964844,473.0,480.0,146171,479.27000122070314,481.7050018310547,481.23000081380206,480.4725006103516,483.462001953125,486.2433349609375,0.5880966013298372,-0.006170282721963675,0.010207315933528749,0.013679890736599809,-0.004524874090501951,Information Technology,10
2024-09-27,475.3500061035156,488.0,474.0,478.0,473490,478.85,480.5850036621094,481.4266682942708,480.06750030517577,482.2980017089844,485.588335164388,0.5912963938171182,0.00042094540587287566,0.005574826680253109,0.026611956945530313,-0.0028400254258577062,Information Technology,10
2024-09-30,473.25,477.25,470.0,475.3500061035156,320911,477.14000244140624,479.7600036621094,482.06000162760415,479.9375,481.3480017089844,484.873334757487,0.5577005255798184,-0.0044178101957535534,0.004437413847893534,0.008452192287374594,-0.006867406233491802,Information Technology,10
2024-10-01,475.04998779296875,478.25,474.0,474.0,137654,475.3799987792969,478.0550018310547,480.8666666666667,479.6375,480.5660009765625,484.0066680908203,0.5864967050861968,0.0038034607352746964,-0.002210268013787098,0.006736158908030143,-0.002210268013787098,Information Technology,10
2024-10-03,463.1000061035156,477.95001220703125,460.1000061035156,472.0,253352,472.3799987792969,476.1550018310547,479.5066670735677,479.0300003051758,479.3920007324219,482.8066680908203,0.39532106535595524,-0.025155208918058197,0.019218297946847818,0.032066521070604814,-0.006478082402204488,Information Technology,10
2024-10-04,460.29998779296875,470.1499938964844,457.0,462.1499938964844,200281,469.4099975585938,474.3399993896484,477.60666707356773,478.275,478.26,481.1200012207031,0.3505264116329598,-0.006046249781134733,0.004019131332994252,0.021399101378959617,-0.0071692111242309675,Information Technology,10
2024-10-07,456.25,465.25,451.1000061035156,460.29998779296875,306834,465.5899963378906,472.2199981689453,475.5866678873698,477.4675003051758,477.17199951171875,479.5133341471354,0.28573476363371475,-0.00879858331604026,0.008876685573630194,0.01972602739726037,-0.011287657855308164,Information Technology,10
2024-10-08,460.8500061035156,466.3999938964844,449.04998779296875,449.04998779296875,211310,463.10999755859376,470.125,474.2100016276042,477.32250061035154,476.57199951171873,478.30833435058594,0.35932559686308857,0.01008220515839041,-0.025604899976710338,0.012042937440521762,-0.025604899976710338,Information Technology,10
2024-10-09,470.29998779296875,474.79998779296875,458.0,458.0,215517,462.1599975585938,468.76999816894534,472.7566670735677,476.18999938964845,476.1419995117187,477.4983337402344,0.5105062716012561,0.02050554749766127,-0.0261534937534027,0.009568360869235182,-0.0261534937534027,Information Technology,10
2024-10-10,467.75,475.0,465.45001220703125,473.8999938964844,163464,463.0899963378906,467.73499755859376,471.8,475.4024993896484,475.84199951171877,476.675,0.4697116025972555,-0.005422045203393207,0.013148036122895501,0.015499732763228247,-0.004917130503407252,Information Technology,10
2024-10-11,461.04998779296875,472.3999938964844,448.8500061035156,467.0,129491,463.2399963378906,466.3249969482422,470.63999837239584,474.01499938964844,475.26799926757815,475.7566660563151,0.362524901130582,-0.014323917064738107,0.01290535162036055,0.024617734310866668,-0.02646129923536933,Information Technology,10
2024-10-14,459.04998779296875,465.79998779296875,457.79998779296875,462.95001220703125,101849,463.79999389648435,464.6949951171875,469.413330078125,472.63999938964844,474.7339990234375,474.9433319091797,0.3305289291369227,-0.004337924418074349,0.008495859966826558,0.014704280970472938,-0.0027230149945319804,Information Technology,10
2024-10-15,461.95001220703125,466.70001220703125,460.6499938964844,463.6499938964844,110152,464.0199951171875,463.56499633789065,468.0899983723958,471.6625,474.66199951171876,474.47999877929686,0.37692347910355867,0.006317447971200926,0.003680012218922224,0.01028249783414048,-0.002814196939482372,Information Technology,10
2024-10-16,470.45001220703125,472.95001220703125,460.1499938964844,460.25,261254,464.05,463.10499877929686,467.19666544596356,470.58000030517576,473.7619995117187,474.1266662597656,0.5129063600766105,0.01840025928214625,-0.021681394287099143,0.005314060867533499,-0.021893969695581883,Information Technology,10
2024-10-17,484.70001220703125,493.0,470.8999938964844,470.8999938964844,1642123,467.44000244140625,465.26499938964844,467.6366658528646,470.7100006103516,473.81,474.44166666666666,0.7408776605314327,0.03029014694494044,-0.028471256370945608,0.017123968607253737,-0.028471256370945608,Information Technology,10
2024-10-18,486.45001220703125,493.45001220703125,483.29998779296875,489.95001220703125,716191,472.52000732421874,467.8800018310547,468.39000040690104,471.11000061035156,473.7160009765625,474.81000061035155,0.7688741360258845,0.0036104806187884264,0.007194983887697903,0.014389967775395585,-0.006475535687152756,Information Technology,10
2024-10-21,478.8500061035156,488.8999938964844,474.54998779296875,487.75,247892,476.4800109863281,470.14000244140624,468.6233337402344,471.1800003051758,473.4080017089844,475.0250010172526,0.6472893448060218,-0.015623406131771442,0.018586183111712007,0.02098775747075221,-0.008979885675551857,Information Technology,10
2024-10-22,457.29998779296875,482.3999938964844,455.0,478.8500061035156,309790,475.5500061035156,469.7850006103516,467.55999959309895,469.95500030517576,472.44000122070315,474.81000061035155,0.3025324536424709,-0.04500369225407985,0.04712446727705388,0.05488739727427894,-0.005029494542672097,Information Technology,10
2024-10-23,457.1000061035156,464.3999938964844,453.54998779296875,459.95001220703125,174212,472.8800048828125,468.4650024414062,466.3633341471354,468.6175003051758,471.0400012207031,473.61500040690106,0.29933314937497746,-0.0004373096321700795,0.006234972796894223,0.015970220292045978,-0.007766393049977172,Information Technology,10
2024-10-24,442.95001220703125,461.8999938964844,441.0,451.1000061035156,282087,464.5300048828125,465.98500366210936,465.02000122070314,466.86000061035156,469.47400146484375,472.2633341471354,0.0729617451637957,-0.030956013361504844,0.018399353588176792,0.04278130978038219,-0.00440233018013747,Information Technology,10
2024-10-25,444.75,451.5,441.0,447.3999938964844,313913,456.19000244140625,464.3550048828125,463.98333536783855,465.34000091552736,468.1260009765625,470.7950012207031,0.10175792467017403,0.004063636399963457,0.005958389874051395,0.015177065767284947,-0.00843170320404718,Information Technology,10
2024-10-28,443.1000061035156,453.70001220703125,442.0,445.95001220703125,204715,449.0400024414063,462.7600067138672,463.10666910807294,463.72750091552734,466.7520007324219,469.34666849772134,0.07536134541936264,-0.0037099356863055087,0.00643197035490406,0.023922378599650296,-0.002482523331896913,Information Technology,10
2024-10-29,451.04998779296875,455.0,440.54998779296875,448.95001220703125,225739,447.7900024414063,461.6700042724609,462.4533345540365,462.6175003051758,465.5220007324219,468.3316680908203,0.2025450411622857,0.017941732295069922,-0.004655749124864994,0.008757371275762704,-0.023279016260209895,Information Technology,10
2024-10-30,453.1000061035156,459.0,449.6000061035156,451.04998779296875,167767,446.99000244140626,459.93500366210935,461.3066691080729,461.52000122070314,464.29200073242185,467.0316680908203,0.23534120538765893,0.004544991389042738,-0.004524427903182415,0.013021394431710576,-0.007724564009827906,Information Technology,10
2024-10-31,458.25,459.8500061035156,452.75,453.0,114653,450.05,457.2900024414063,460.6733357747396,461.27750091552736,463.49800048828126,466.2366678873698,0.31773073562737403,0.011366130715318955,-0.011456628477905073,0.0034915572362588243,-0.012002182214948198,Information Technology,10
2024-11-01,461.70001220703125,464.6499938964844,456.6499938964844,464.6499938964844,45384,453.44000244140625,454.81500244140625,460.7166707356771,461.34750213623045,462.96000122070313,465.67833455403644,0.3729239826043512,0.007528668209560829,0.006389390538136475,0.006389390538136475,-0.010937877792999484,Information Technology,10
2024-11-04,455.1000061035156,461.20001220703125,451.25,461.20001220703125,110747,455.8400024414062,452.44000244140625,460.4533386230469,461.2900024414063,462.15000122070313,464.93333435058594,0.2673371773813182,-0.01429500959284383,0.013403660781599935,0.013403660781599935,-0.008459692489302895,Information Technology,10
2024-11-05,455.75,459.3999938964844,452.79998779296875,455.0,75138,456.7800048828125,452.2850036621094,460.0400044759115,461.03500213623045,461.45000122070314,464.06500142415365,0.2777357706352999,0.0014282440952912874,-0.001645639056500281,0.008008763349389714,-0.006472873740057561,Information Technology,10
2024-11-06,469.04998779296875,470.0,456.8999938964844,456.8999938964844,181821,459.9700012207031,453.48000183105466,459.94666951497396,460.97250213623045,461.21000122070313,463.57166748046876,0.490508789105219,0.02918263915078168,-0.0259034094716728,0.0020253965073133706,-0.0259034094716728,Information Technology,10
2024-11-07,467.3500061035156,471.0,461.8999938964844,471.0,133978,461.7900024414063,455.9200012207031,458.7900024414063,460.95250244140624,461.38000122070315,463.2133341471354,0.4633125058424811,-0.0036243081413392343,0.007809979349130192,0.007809979349130192,-0.011661521634438787,Information Technology,10
2024-11-08,496.25,510.0,459.25,466.0,3642213,468.7,461.07000122070315,459.4433349609375,462.71250305175784,462.81800170898435,463.9166676839193,0.9256542035068999,0.0618380090276134,-0.0609571788413098,0.027707808564231717,-0.07455919395465993,Information Technology,10
2024-11-11,486.29998779296875,498.0,482.54998779296875,496.0,607478,474.93999633789065,465.38999938964844,459.94000040690105,464.0750030517578,464.02000122070314,464.2816670735677,0.7664740475505301,-0.020050402432304788,0.019946560663210988,0.02405924840782081,-0.007711289521143194,Information Technology,10
2024-11-12,476.54998779296875,489.3999938964844,474.0,485.5,377256,479.09999389648436,467.93999938964845,461.22333374023435,464.8050018310547,464.64800048828124,464.39166666666665,0.6104936840814412,-0.020049352754972397,0.018780846577042487,0.026964655193943976,-0.005350934546821451,Information Technology,10
2024-11-13,465.1499938964844,478.45001220703125,462.6000061035156,472.20001220703125,363357,478.3199951171875,469.14499816894534,461.75999959309894,464.54000091552734,464.4420007324219,464.06166687011716,0.42811674136154093,-0.023921926741160598,0.015156440724614528,0.0285929667527991,-0.005482076376284395,Information Technology,10
2024-11-14,456.3999938964844,471.25,454.0,467.5,224377,476.12999267578124,468.9599975585937,462.6566650390625,463.125,463.9880004882813,463.8383331298828,0.2881343638892817,-0.01881113643945838,0.02432078495170442,0.032537261836343756,-0.005258531832997182,Information Technology,10
2024-11-18,454.54998779296875,460.70001220703125,452.70001220703125,459.0,267876,467.789990234375,468.2449951171875,463.30999755859375,461.5299987792969,463.7280004882812,463.64666646321615,0.2585379921511894,-0.004053475302927421,0.009789929219089721,0.013529918775102123,-0.0040699056993047655,Information Technology,10
2024-11-19,446.3999938964844,459.0,436.54998779296875,459.0,265317,459.80999145507815,467.3749938964844,463.5299967447917,459.9074981689453,463.22200073242186,463.3183329264323,0.1281545039209854,-0.01792980775570146,0.028225820510287658,0.028225820510287658,-0.022065426160825075,Information Technology,10
2024-11-21,435.6499938964844,444.79998779296875,434.0,444.29998779296875,312225,451.62999267578124,465.3649932861328,462.503330485026,458.8249984741211,462.17,462.47833251953125,-0.0438238455449331,-0.02408154154789889,0.01985537476798349,0.02100308510197868,-0.003787430092048738,Information Technology,10
2024-11-22,445.8999938964844,448.0,435.6499938964844,436.45001220703125,223429,447.7799926757813,463.04999389648435,462.02332967122396,458.2649978637695,461.1879992675781,461.6649993896484,0.1201555109225706,0.02352806184690438,-0.02119305184751119,0.004709589890694588,-0.022987217179418762,Information Technology,10
2024-11-25,444.3999938964844,457.20001220703125,443.04998779296875,453.70001220703125,244077,445.37999267578124,460.75499267578124,461.09999593098956,458.3374969482422,459.57599853515626,460.8866658528646,0.09615853192732615,-0.003363983001866165,0.020927134199540953,0.02880292188646716,-0.0030378175563838816,Information Technology,10
2024-11-26,445.75,448.8999938964844,442.04998779296875,448.8999938964844,238867,443.6199951171875,455.7049926757812,460.0366617838542,458.3874969482422,457.947998046875,460.3766662597656,0.11775591066700365,0.0030378175563838703,0.007066727754311497,0.007066727754311497,-0.008300644323121165,Information Technology,10
2024-11-27,453.0,456.25,446.70001220703125,447.6000061035156,255440,444.93999633789065,452.3749938964844,459.89666137695315,458.8824966430664,456.9139978027344,460.175,0.23374130914401847,0.016264722378014584,-0.011920516327780128,0.007174392935982432,-0.01390725782112312,Information Technology,10
2024-11-28,450.6000061035156,458.79998779296875,449.70001220703125,457.0,205319,447.92999877929685,449.7799957275391,459.55332845052084,458.85999755859376,456.64599853515625,459.7966664632161,0.19534624039558485,-0.005297999771488687,0.014203270771847576,0.018197917395432528,-0.001997323311792476,Information Technology,10
2024-11-29,447.8999938964844,454.5,446.75,452.29998779296875,133274,448.3299987792969,448.05499572753905,458.14332885742186,458.59999694824216,456.277998046875,459.0449991861979,0.15215148291622985,-0.00599203766191468,0.009823607850955485,0.014735445843834905,-0.0025675238047673243,Information Technology,10
2024-12-02,453.1000061035156,456.45001220703125,443.6499938964844,447.54998779296875,232297,450.07000122070315,447.72499694824216,457.1933288574219,458.34249725341795,456.6839978027344,457.9916656494141,0.23534120538765893,0.011609761727822309,-0.01224899191301032,0.007393524737120183,-0.020856349767676474,Information Technology,10
2024-12-03,470.1000061035156,475.79998779296875,451.0,451.0,513979,454.94000244140625,449.2799987792969,455.4499959309896,458.7624969482422,457.697998046875,457.44666544596356,0.5073069673337626,0.03751931090487817,-0.040629665721190866,0.012125040662513742,-0.040629665721190866,Information Technology,10
2024-12-04,482.29998779296875,486.0,465.0,470.20001220703125,545923,460.8,452.8699981689453,455.18332926432294,460.1224960327148,459.2659973144531,457.56166483561196,0.7024821035632116,0.025951885835046554,-0.02508806944264641,0.007671599213515901,-0.03586976618459903,Information Technology,10
2024-12-05,478.3999938964844,489.95001220703125,475.0,483.0,373354,466.35999755859376,457.14499816894534,455.30666300455727,461.25499572753904,460.35999755859376,458.26499837239584,0.6400900558195335,-0.00808624091891638,0.009615397496244515,0.02414301517120432,-0.007107010743858999,Information Technology,10
2024-12-06,471.79998779296875,482.95001220703125,470.04998779296875,479.6499938964844,278997,471.13999633789064,459.73499755859376,455.7499959309896,461.3924957275391,461.10799682617187,458.7549977620443,0.5345032505965005,-0.013795999556270326,0.0166384194714313,0.023632947652714398,-0.003709198909025657,Information Technology,10
2024-12-09,482.5,490.0,467.0,472.1000061035156,674758,477.0199951171875,463.5449981689453,457.4899963378906,462.1499954223633,462.0779968261719,460.0733306884766,0.7056818960504925,0.02267912777421804,-0.02155439149530436,0.015544041450777257,-0.032124352331606265,Information Technology,10
2024-12-10,494.8500061035156,498.0,478.29998779296875,487.70001220703125,969656,481.9699951171875,468.4549987792969,460.1766642252604,462.0799957275391,463.40399658203125,461.7433308919271,0.903257120755296,0.025595867572053108,-0.014448810363334008,0.006365552910239769,-0.0334445147143938,Information Technology,10
2024-12-11,516.25,520.0,491.0,494.8500061035156,2827430,488.75999755859374,474.7799987792969,464.8333312988281,463.57749633789064,465.8499963378906,464.1816640218099,1.2456139234434924,0.043245415039982436,-0.041452772680841354,0.007263922518159882,-0.04891041162227605,Information Technology,10
2024-12-12,508.54998779296875,520.25,506.6000061035156,518.0,695397,494.7899963378906,480.5749969482422,469.6933308919271,465.1774963378906,467.96199584960937,466.09833068847655,1.1224292359799894,-0.01491527788286925,0.018582268083503273,0.023006611912051333,-0.0038343953126727115,Information Technology,10
2024-12-13,505.75,510.3999938964844,493.8999938964844,508.04998779296875,579106,501.5799987792969,486.35999755859376,473.68333129882814,467.2074966430664,469.4299963378906,467.85333048502605,1.0776350704767814,-0.005505826094147166,0.004547677297021657,0.00919425387342443,-0.023430560758310626,Information Technology,10
2024-12-16,501.3999938964844,514.3499755859375,498.54998779296875,507.79998779296875,333399,505.35999755859376,491.18999633789065,477.48333129882815,469.4574966430664,470.79199584960935,469.2916636149088,1.008043733746615,-0.008601099562067473,0.012764248054230487,0.025827646284588335,-0.005684096805362193,Information Technology,10
2024-12-17,494.70001220703125,508.0,493.04998779296875,501.95001220703125,294189,505.3299987792969,493.6499969482422,480.7466654459635,471.46499786376955,470.7299963378906,470.39166361490885,0.900857520499729,-0.013362548406485137,0.014655346313122486,0.026884955457415094,-0.0033354040294059084,Information Technology,10
2024-12-18,486.20001220703125,498.6000061035156,481.8500061035156,495.0,252363,499.32000122070315,494.0399993896484,482.959999593099,473.4549987792969,470.72599731445314,471.42833048502604,0.7648746395266771,-0.017182130160212656,0.01809952194987119,0.02550389466301417,-0.008946947746400591,Information Technology,10
2024-12-19,486.8500061035156,495.54998779296875,478.0,481.0,377732,494.9800048828125,494.88500061035154,485.3766662597656,476.01499938964844,471.137998046875,472.4649973551432,0.7752732327806588,0.0013368858086486388,-0.012016033747921484,0.017869942652528836,-0.01817809590749786,Information Technology,10
2024-12-20,474.8999938964844,494.8999938964844,470.25,484.5,475465,488.81000366210935,495.19500122070315,487.1766662597656,477.4649993896484,471.527998046875,472.6599975585938,0.5840971048306298,-0.02454557267580767,0.020214795171398015,0.04211412983163676,-0.009791522333642999,Information Technology,10
2024-12-23,466.5,481.95001220703125,464.6499938964844,480.0,359644,481.8300048828125,493.5950012207031,488.0699991861979,478.5699996948242,471.93199829101565,472.6316640218099,0.4497141201012185,-0.017687921677074923,0.02893890675241151,0.033118997228362757,-0.003965715120076374,Information Technology,10
2024-12-24,471.54998779296875,477.29998779296875,467.0,467.0,256493,477.2,491.26499938964844,488.1666646321615,479.85999908447263,472.61199829101565,471.80833028157554,0.5305037540972931,0.01082526858085477,-0.009649004158105101,0.012193829177924886,-0.009649004158105101,Information Technology,10
2024-12-26,470.45001220703125,475.70001220703125,467.0,473.8999938964844,154735,474.05,486.68500061035155,487.3766662597656,480.73249969482424,473.5739990234375,471.2799977620443,0.5129063600766105,-0.0023326807643147215,0.007333365075851805,0.01115952782182017,-0.00733342994475894,Information Technology,10
2024-12-27,483.29998779296875,487.8999938964844,470.8500061035156,470.8500061035156,413570,473.3399963378906,484.1600006103516,487.7033325195313,482.36749877929685,475.47999877929686,471.5049977620443,0.7184800895600412,0.02731422096399607,-0.025760360032920815,0.00951791065528873,-0.025760360032920815,Information Technology,10
2024-12-30,463.5,482.8999938964844,452.8999938964844,479.1000061035156,262962,471.05999755859375,479.93500061035155,487.15,483.14749908447266,476.1839990234375,471.4499979654948,0.4017201621107296,-0.04096831842141588,0.03365697109712107,0.041855434512371836,-0.022869484581479194,Information Technology,10
2024-12-31,489.5,495.3999938964844,463.5,465.5,1112682,475.6599975585938,478.7450012207031,487.6166666666667,484.9674987792969,477.9879992675781,472.55333150227864,0.8176677980282999,0.05609492988133765,-0.04902962206332995,0.012053102955024153,-0.053115423901940795,Information Technology,10
2025-01-01,488.6000061035156,494.54998779296875,486.6499938964844,491.0,237587,479.07000122070315,478.13500061035154,487.2,485.8924987792969,479.7019995117187,473.68833211263023,0.8032697082751108,-0.001838598358497191,0.004911980897470469,0.01217761280214269,-0.00399101961250925,Information Technology,10
2025-01-02,494.95001220703125,497.0,486.04998779296875,492.3999938964844,344243,483.9700012207031,479.01000061035154,485.7800008138021,486.525,481.38,475.3066660563151,0.9048570169989364,0.012996328334409193,-0.005152072426821586,0.004141807743023751,-0.017981663187311425,Information Technology,10
2025-01-03,501.3999938964844,509.95001220703125,493.0,493.6000061035156,642713,487.5900024414062,480.4649993896484,485.30333455403644,487.675,483.41199951171876,477.4983327229818,1.008043733746615,0.013031582039349825,-0.015556417805978384,0.01705229041608658,-0.016753079375223523,Information Technology,10
2025-01-06,483.29998779296875,504.6499938964844,477.45001220703125,501.3999938964844,568166,491.55,481.30499877929685,483.8066670735677,488.25,484.82799926757815,478.7449991861979,0.7184800895600412,-0.03609893562793387,0.037450872254664924,0.0441754741211815,-0.012104232844391216,Information Technology,10
2025-01-07,490.04998779296875,497.0,484.29998779296875,484.29998779296875,293502,491.6599975585938,483.6599975585938,483.05,488.62749938964845,486.3059985351563,480.26666564941405,0.8264664950386412,0.013966480799688118,-0.011733496874260063,0.014182251566481785,-0.011733496874260063,Information Technology,10
2025-01-08,480.04998779296875,492.54998779296875,478.0,492.5,231558,489.9499938964844,484.50999755859374,482.0733317057292,487.8874984741211,486.70399780273436,481.4099985758464,0.6664866350703449,-0.02040608152045235,0.025934824546648194,0.026038954937732228,-0.004270363181121173,Information Technology,10
2025-01-09,470.54998779296875,485.0,469.5,485.0,167004,485.0699890136719,484.5199951171875,481.0299967447917,485.60249786376954,486.2339978027344,481.9949981689453,0.5145057681004634,-0.01978960575267646,0.030708771824235814,0.030708771824235814,-0.002231405419631516,Information Technology,10
