Price,Close,High,Low,Open,Volume,MA_5,MA_10,MA_15,MA_20,MA_25,MA_30,Normalised Close,Return Ratio,Percentage Change Open,Percentage Change High,Percentage Change Low,Sector,Sector Encoded
Ticker,MRF.NS,MRF.NS,MRF.NS,MRF.NS,MRF.NS,,,,,,,,,,,,,
Date,,,,,,,,,,,,,,,,,,
2023-01-10,93863.6640625,94178.70306329071,92797.02178185283,92952.62553611197,11295,,,,,,,-1.241210892252988,,-0.009705976593683885,0.0033563467177346595,-0.01136374007237706,Automobile and Auto Components,0
2023-01-11,90851.359375,94098.8220496735,90460.60941477309,93960.4132677237,12684,,,,,,,-1.4041454141662706,-0.032092340711249334,0.03422132496543839,0.035744789037984726,-0.004300980886967731,Automobile and Auto Components,0
2023-01-12,89232.78125,91371.19016635574,88290.54559998939,91305.64983947058,13853,,,,,,,-1.4916937468666531,-0.01781567316256791,0.023229900048314267,0.023964387150106292,-0.010559299360744845,Automobile and Auto Components,0
2023-01-13,89426.8671875,90360.92591057347,88871.98606048503,89413.95536876381,13692,,,,,,,-1.4811957054275255,0.0021750519795660857,-0.00014438411119910288,0.01044494515406691,-0.006204859282966546,Automobile and Auto Components,0
2023-01-16,88943.8203125,90390.44256841046,88716.1969171619,89812.68923860996,9198,90463.6984375,,,,,,-1.5073235443431665,-0.0054015855658591135,0.009768738548189493,0.01626444929875759,-0.0025591816782588594,Automobile and Auto Components,0
2023-01-17,89241.2578125,89679.00584790722,88726.20240402545,89396.86158214422,6548,89539.2171875,,,,,,-1.4912352525237214,0.00334410528977693,0.00174363039538461,0.004905220367096952,-0.005771494274057765,Automobile and Auto Components,0
2023-01-18,89909.21875,90111.67263275693,88995.24425132698,89075.03586123303,6516,89350.7890625,,,,,,-1.455105475725268,0.007484889319953522,-0.009278057360129877,0.0022517588915980102,-0.01016552597586684,Automobile and Auto Components,0
2023-01-19,90195.4609375,90609.13756860675,89532.58151656992,89712.00752524272,5767,89543.325,,,,,,-1.439622734498838,0.0031836800661778635,-0.005360063657663283,0.0045864462225366776,-0.007349365633703253,Automobile and Auto Components,0
2023-01-20,89271.40625,90908.06873797195,88971.01568577823,90195.4500834664,7211,89512.2328125,,,,,,-1.489604533934437,-0.010245024282766448,0.010350949674509113,0.018333557817926005,-0.003364913546679671,Automobile and Auto Components,0
2023-01-23,89992.4453125,90251.01652203617,89393.96156030698,89708.00374311444,4493,89721.9578125,90092.828125,,,,,-1.4506037796559113,0.008076931828325489,-0.0031607271965755634,0.0028732546230771927,-0.006650377707981714,Automobile and Auto Components,0
2023-01-24,90126.1796875,90659.37240208326,89757.90470140973,90211.4070389014,4227,89898.9421875,89719.0796875,,,,,-1.4433701334233713,0.0014860622415093351,0.0009456447804279122,0.0059160691869113435,-0.004086215430047169,Automobile and Auto Components,0
2023-01-25,89286.1171875,90147.61120519304,88147.61091475055,90012.04489173484,5737,89774.321875,89562.55546875,,,,,-1.488808824397349,-0.009320959824468317,0.008130353599209661,0.009648689458450876,-0.012751212714946503,Automobile and Auto Components,0
2023-01-27,87979.6484375,89379.81763459554,86634.20261395762,89354.1497479823,9731,89331.159375,89437.2421875,,,,,-1.559475268618355,-0.014632383971367329,0.015622946157357376,0.015914694158958964,-0.015292693792680612,Automobile and Auto Components,0
2023-01-30,88979.2421875,89919.33626591238,87781.92412729583,88078.22621809857,7747,89272.7265625,89392.4796875,,,,,-1.5054075873377724,0.011361647469074657,-0.010126136694924681,0.010565319003632112,-0.01345615034213421,Automobile and Auto Components,0
2023-01-31,90579.6328125,90799.53091761244,89119.95079500662,89214.6011321365,11151,89390.1640625,89556.0609375,89858.60677083333,,,,-1.4188430102413945,0.01798611210497392,-0.015069962617193733,0.002427677153070684,-0.016114903231225552,Automobile and Auto Components,0
2023-02-01,91668.1953125,92653.58978957386,90433.23983670399,90709.80818559679,11990,89698.5671875,89798.7546875,89712.2421875,,,,-1.359963039949469,0.012017740260145748,-0.01045495794518514,0.01074957867027515,-0.013472016892947525,Automobile and Auto Components,0
2023-02-02,92521.359375,92703.42535125058,90762.28384364993,91407.57101838363,7087,90345.615625,90059.96875,89823.57552083333,,,,-1.3138156899772457,0.00930708911189464,-0.012038175445542754,0.001967826429275066,-0.019012642520959133,Automobile and Auto Components,0
2023-02-03,92557.25,93150.99896451301,91158.37360811475,93150.99896451301,8666,91261.1359375,90296.14765625,90045.20677083333,,,,-1.3118743784459752,0.00038791718196153015,0.006414937398345533,0.006414937398345533,-0.01511363390642273,Automobile and Auto Components,0
2023-02-06,92382.3203125,92944.12466162637,91917.50257797587,92489.12707492731,6467,91941.7515625,90607.2390625,90242.23697916667,,,,-1.3213362649276204,-0.0018899620235043716,0.0011561385562304238,0.006081297235509542,-0.005031457674496531,Automobile and Auto Components,0
2023-02-07,91447.296875,92404.38343784791,91258.05074147762,92304.7023338157,5791,92115.284375,90752.72421875,90409.13541666667,90422.776171875,,,-1.3719113602687274,-0.010121237855220708,0.009375951921112513,0.010465990746081344,-0.002069455741059878,Automobile and Auto Components,0
2023-02-08,91981.3828125,92189.9187919489,90450.483570136,91337.79333794644,5787,92177.921875,90938.24453125,90591.81041666666,90328.662109375,,,-1.3430228360605767,0.005840368777986364,-0.0069969536755659645,0.002267154211782252,-0.01664357716261644,Automobile and Auto Components,0
2023-02-09,88529.828125,92803.11044882728,87072.44361778208,91980.74131756753,36042,91379.615625,90862.615625,90499.85104166667,90212.585546875,,,-1.5297162390217809,-0.0375244922609594,0.03898023147288843,0.04826940720808359,-0.016462073157537005,Automobile and Auto Components,0
2023-02-10,88786.8515625,89689.96233073896,87844.61596241404,88716.17921994199,10500,90625.5359375,90943.3359375,90405.94375,90190.2890625,,,-1.5158139299083138,0.0029032411215923165,-0.0007959775722902185,0.010171672408084254,-0.010612332608986419,Automobile and Auto Components,0
2023-02-13,88520.6953125,89122.87034414575,87918.72275807148,89122.87034414575,7364,89853.2109375,90897.48125,90355.89635416666,90144.98046875,,,-1.5302102297009395,-0.0029976989308224747,0.006802646878449448,0.006802646878449448,-0.006800359535173106,Automobile and Auto Components,0
2023-02-14,87769.21875,88975.36020017035,87220.9726362862,88975.36020017035,6328,89117.5953125,90616.43984375,90207.68125,90086.250390625,90161.74,,-1.5708573378597068,-0.008489275415733027,0.013742191936399806,0.013742191936399806,-0.00624645088018172,Automobile and Auto Components,0
2023-02-15,88572.1015625,88790.15398962048,87769.216950669,88108.1327231077,6123,88435.7390625,90306.83046875,90104.07604166666,90052.792578125,89950.0775,,-1.52742968336316,0.009147658187398416,-0.005238318061866254,0.0024618635357389618,-0.009064757385986333,Automobile and Auto Components,0
2023-02-16,88931.3046875,89684.80049641064,88439.28491397717,88516.8337095571,8304,88516.034375,89947.825,90080.421875,90003.896875,89873.2753125,,-1.5080005101840666,0.004055488338464364,-0.004660574579438914,0.008472784825977575,-0.005532582426984067,Automobile and Auto Components,0
2023-02-17,88456.71875,89382.05535466174,88267.62057428846,88835.80288628557,4351,88450.0078125,89537.771875,90112.2265625,89916.959765625,89842.2328125,,-1.5336706999076384,-0.005336545316271592,0.004285532423568217,0.010460896783623275,-0.002137748023934405,Automobile and Auto Components,0
2023-02-20,88896.7109375,89712.99798049632,88434.19059235611,88716.18689182414,5810,88525.2109375,89189.2109375,90106.72447916666,89898.225,89821.0265625,,-1.5098716741937457,0.004974095735379061,-0.0020307168147399857,0.009182421198577595,-0.00520289603817925,Automobile and Auto Components,0
2023-02-21,89673.34375,90159.60138510309,88840.02846970112,89365.1163134692,6804,88906.0359375,89011.815625,90046.30520833333,89882.269921875,89850.2075,89952.45598958334,-1.4678638731462776,0.008736350358856605,-0.0034372247497550523,0.00542254381032925,-0.009292786969359312,Automobile and Auto Components,0
2023-02-22,87381.703125,89716.01732651162,87223.90573410853,89674.14985175926,10970,88667.95625,88551.84765625,89760.5390625,89745.04609375,89775.8253125,89736.390625,-1.5918179244017354,-0.02555542738975873,0.02623485975639439,0.026713992953105725,-0.0018058401844804894,Automobile and Auto Components,0
2023-02-23,86457.1796875,87970.53773586011,85729.63110994692,87721.32658973987,10316,88173.13125,88344.5828125,89356.26041666667,89603.59921875,89637.74375,89589.91796875,-1.641825078363211,-0.010580286312083713,0.014621653248569233,0.0175041338825781,-0.008415131978429247,Automobile and Auto Components,0
2023-02-24,86526.8046875,87186.01484921007,86376.57710416013,87074.36826368594,4732,87787.1484375,88118.578125,88954.23072916667,89530.95703125,89490.9975,89499.71875,-1.6380590861197015,0.0008053119503974105,0.006328253749384727,0.007618565877832495,-0.0017361970534152116,Automobile and Auto Components,0
2023-02-27,84874.4453125,86512.15983110052,84534.46677176593,86512.15983110052,7189,86982.6953125,87753.953125,88453.70572916667,89325.7171875,89315.1190625,89347.97135416667,-1.7274346349849108,-0.01909650288101655,0.01929573162535081,0.01929573162535081,-0.004005664360836714,Automobile and Auto Components,0
2023-02-28,84987.578125,85627.15514213125,84372.92222147387,85295.00342486308,9473,86045.5421875,87475.7890625,88023.0578125,89046.114453125,89114.924375,89216.09661458334,-1.721315320164639,0.0013329431736897397,0.0036172968643832792,0.007525535275173523,-0.007232302850448291,Automobile and Auto Components,0
2023-03-01,85797.0234375,86172.18747226248,84559.83800735441,85383.97930672762,6829,85728.60625,87198.28125,87610.7671875,88752.555859375,88941.758125,89101.28880208333,-1.6775327023058222,0.009524277904583482,-0.004814201171830512,0.004372692894594188,-0.014419910861439567,Automobile and Auto Components,0
2023-03-02,86528.796875,86874.99785342946,85728.6266826728,86207.11204090166,4710,85742.9296875,86958.03046875,87477.36510416666,88452.927734375,88831.4653125,88988.60807291667,-1.6379513293847268,0.00852912383415108,-0.0037176621623786765,0.004000991472579818,-0.009247443871005623,Automobile and Auto Components,0
2023-03-03,86090.640625,87123.62087133988,85928.90258401698,86726.47952889338,5234,85655.696875,86721.42265625,87297.61770833333,88129.597265625,88755.905,88851.78072916667,-1.66165104987227,-0.005063704406210143,0.007385691397779448,0.011998751999528157,-0.0018786948245341772,Automobile and Auto Components,0
2023-03-06,86441.7265625,86974.6879494827,86127.37007261095,86127.37007261095,4610,85969.153125,86475.92421875,87159.01979166667,87832.567578125,88654.404375,88757.45807291666,-1.64266093256627,0.004078096468456846,-0.003636629003028524,0.006165556938492633,-0.003636629003028524,Automobile and Auto Components,0
2023-03-08,86479.0546875,86923.84985075229,86198.29497131119,86283.87563540369,4988,86267.4484375,86156.4953125,87073.00885416666,87584.15546875,88490.38125,88640.34505208333,-1.640641867155645,0.00043182993311697247,-0.002256951730122525,0.005143386047171683,-0.0032465631961792196,Automobile and Auto Components,0
2023-03-09,85326.8046875,86893.99234400452,85090.65376291836,86526.10996510442,6402,86173.4046875,85951.00546875,86856.65572916667,87251.4265625,88236.725625,88480.36588541667,-1.7029666723633121,-0.013324035561717934,0.014055434069009554,0.018366885555414658,-0.002767605390199712,Automobile and Auto Components,0
2023-03-10,84842.640625,85280.00617979716,84084.8362682498,85230.10943639286,4951,85836.1734375,85789.5515625,86584.078125,87067.0671875,87929.576875,88332.25,-1.7291549395656252,-0.005674231729093776,0.004566911267006146,0.005155020536551813,-0.008931880846326568,Automobile and Auto Components,0
2023-03-13,82814.1484375,85321.46153031678,82551.13725020931,85060.73997020435,7256,85180.875,85418.2859375,86207.90677083333,86768.43203125,87539.8528125,88160.06666666667,-1.8388753825694975,-0.023908876156575897,0.02712811246739877,0.030276385619168122,-0.003175920929612386,Automobile and Auto Components,0
2023-03-14,82232.0,83397.910992068,82020.7701885801,83126.82377805353,6817,84338.9296875,85154.04140625,85763.59270833334,86453.997265625,87133.84,87935.15859375,-1.8703635908308427,-0.007029577052758667,0.010881697855500638,0.014178312482585831,-0.002568705752260536,Automobile and Auto Components,0
2023-03-15,81848.015625,82936.46861716152,81715.6845127399,82929.49070540392,4360,83412.721875,84840.08515625,85241.90416666666,86157.937109375,86749.86875,87644.1046875,-1.8911331732779357,-0.004669524941628563,0.013213210755882887,0.013298465257220782,-0.0016167907217983224,Automobile and Auto Components,0
2023-03-16,82878.3671875,83237.52720876977,81123.2663801484,81841.94466374302,7114,82923.034375,84548.21953125,84941.68177083334,85873.250390625,86385.748125,87351.11041666666,-1.8354018125244291,0.012588595516117622,-0.012505344385130401,0.0043335798406503034,-0.021176826558140793,Automobile and Auto Components,0
2023-03-17,82640.2109375,83292.3498088382,81791.10179777844,83292.3498088382,10903,82482.5484375,84159.3609375,84687.2171875,85558.695703125,86150.1634375,87021.73880208333,-1.8482836019713709,-0.002873563489266226,0.007891302114795051,0.007891302114795051,-0.010274769752992685,Automobile and Auto Components,0
2023-03-20,83296.296875,83424.88984202573,81975.87482035815,83292.35622327308,5263,82578.978125,83879.9265625,84471.85,85300.674609375,85930.54125,86713.04036458333,-1.812796139828453,0.007939064168122605,-4.7308846548577144e-05,0.001543801727689198,-0.015852109927808278,Automobile and Auto Components,0
2023-03-21,83481.7421875,85439.54484859724,82969.56658203236,83336.20288580947,6860,82828.9265625,83583.928125,84379.003125,85029.926171875,85728.983125,86416.35442708334,-1.8027654668163138,0.0022263332159686722,-0.0017433668473718633,0.02345186635779628,-0.006135181083275598,Automobile and Auto Components,0
2023-03-22,84133.53125,84233.36367316256,83411.01365432898,83635.25694885608,2961,83286.0296875,83349.37578125,84322.06666666667,84752.935546875,85583.555625,86172.56223958333,-1.7675104211605963,0.007807564210100955,-0.005922422293952123,0.0011865949482841032,-0.008587748367818726,Automobile and Auto Components,0
2023-03-23,83899.078125,84511.24197199964,83734.94921366461,84082.84799075473,2966,83490.171875,83206.603125,84195.53697916666,84578.804296875,85396.6346875,85903.15208333333,-1.7801919098531143,-0.0027866787654892353,0.0021903681168098377,0.007296431148952287,-0.0019562659686301886,Automobile and Auto Components,0
2023-03-24,83613.8359375,84511.4478387996,83435.8991632987,84182.48909657872,3982,83684.896875,83083.72265625,84001.20625,84436.637109375,85183.9359375,85739.28567708333,-1.7956205614243412,-0.003399825050223101,0.006800945713144602,0.010735207770763644,-0.002128078112984877,Automobile and Auto Components,0
2023-03-27,83445.609375,84283.10677921685,83153.73640133241,83613.32847316173,3643,83714.759375,83146.86875,83824.87083333333,84282.57734375,84983.4915625,85561.24427083334,-1.8047198781859537,-0.0020119464752908437,0.002009921186002961,0.010036446620614647,-0.0034977631040589152,Automobile and Auto Components,0
2023-03-28,82105.453125,83988.04081482509,81964.09589284392,83634.26223595043,4242,83439.5015625,83134.2140625,83535.7859375,84144.127734375,84711.84125,85347.40286458333,-1.877208467666611,-0.016060236842149613,0.018620067885417146,0.022928899581845963,-0.0017216546133771438,Automobile and Auto Components,0
2023-03-29,81753.2265625,82440.55097496213,81528.43808532783,81641.57995743002,5133,82963.440625,83124.73515625,83220.73072916667,83982.41015625,84395.0365625,85146.86979166667,-1.896260280985577,-0.004289928976626667,-0.0013656538067599033,0.00840730624786623,-0.0027495976198606,Automobile and Auto Components,0
2023-03-31,83782.0,84177.54481940116,81829.22816921517,82161.92505216098,5856,82940.025,83215.0984375,83117.74375,83881.658984375,84251.0484375,84987.19973958333,-1.786524625266179,0.024815821011651584,-0.01933679009619038,0.004721119326360768,-0.023307772920016512,Automobile and Auto Components,0
2023-04-03,84134.53125,84283.20906122374,83487.72708806163,83781.99872259624,2396,83044.1640625,83364.53046875,83070.53645833333,83761.945703125,84158.1425,84827.30729166667,-1.7674563315053933,0.0042077206321166835,-0.004190105087246931,0.0017671437519743982,-0.00768773715534754,Automobile and Auto Components,0
2023-04-05,83685.0,84479.08793814614,83565.47989421146,84018.24981082932,2944,83092.0421875,83403.40078125,83128.59322916667,83641.663671875,84044.4703125,84668.25,-1.7917713218208708,-0.005343005343005343,0.003982192876015089,0.009489011628680766,-0.0014282142055151992,Automobile and Auto Components,0
2023-04-06,83740.46875,84233.36163627588,83062.81696288656,83734.93937807306,3733,83419.0453125,83429.2734375,83229.1578125,83506.60078125,83999.11125,84496.37526041667,-1.788771036258829,0.000662827866403776,-6.602986595938276e-05,0.005885958051505158,-0.008092285572660396,Automobile and Auto Components,0
2023-04-10,84132.1328125,84512.4757118438,83485.72588897048,83485.72588897048,3582,83894.8265625,83429.13359375,83381.43229166667,83389.2546875,83964.8934375,84311.66822916667,-1.7675860621627943,0.004677118104858949,-0.007683234715683773,0.00452078042751447,-0.007683234715683773,Automobile and Auto Components,0
2023-04-11,84350.0,85029.14711471986,84028.3151306032,84334.09721339979,3034,84008.4265625,83474.22578125,83479.54114583334,83340.414453125,83907.0125,84210.61145833334,-1.75580170111087,0.0025895835540690132,-0.0001885333325455374,0.00805153662975533,-0.0038136913977095954,Automobile and Auto Components,0
2023-04-12,85186.609375,85523.49615445072,84482.58780991736,84533.32564726817,4928,84218.8421875,83631.503125,83649.30104166667,83357.612890625,83853.325,84168.25911458333,-1.7105497884775152,0.009918309128630705,-0.007668854677100878,0.003954691728223603,-0.008264462809917328,Automobile and Auto Components,0
2023-04-13,85247.109375,85429.62538336754,85137.85365382794,85428.58181172045,2496,84531.2640625,83811.653125,83779.35520833333,83479.2609375,83819.58375,84125.60260416666,-1.7072773643377332,0.0007102055175558511,0.002128781117048284,0.0021410228417795274,-0.0012816354944241715,Automobile and Auto Components,0
2023-04-17,85106.953125,85429.58031502612,84732.78595516378,85229.21455489403,2573,84804.5609375,84111.803125,83887.70260416667,83623.00859375,83766.1928125,84133.35286458333,-1.71485836757478,-0.0016441173316910488,0.0014365621774106163,0.0037908440871130544,-0.004396434792897197,Automobile and Auto Components,0
2023-04-18,86547.390625,87218.91339462958,85217.70124506351,85230.20852895398,6492,85287.6125,84591.21953125,84048.6265625,83857.97734375,83768.92625,84185.34661458334,-1.6369455998582958,0.016925027240540166,-0.01521920056207371,0.007759018091477943,-0.015363714264915118,Automobile and Auto Components,0
2023-04-19,85566.3984375,87068.09808795674,85426.59098350003,86725.47948661566,2897,85530.8921875,84769.659375,84159.78125,83992.37890625,83778.51,84177.65911458334,-1.6900071290370162,-0.011334740197431574,0.013545983824039043,0.017550109363941635,-0.0016339060256472804,Automobile and Auto Components,0
2023-04-20,86229.703125,86595.10120763836,85740.75081952958,86006.76037447914,2998,85739.5109375,84979.1765625,84334.17239583333,84171.853515625,83833.9925,84167.68932291666,-1.6541292071956017,0.007751929491159963,-0.002585451908580505,0.004237496702367949,-0.0056703466178193995,Automobile and Auto Components,0
2023-04-21,86244.3984375,86675.63495402434,85818.49659696974,86027.68598657045,3418,85938.96875,85235.11640625,84520.75833333333,84319.25859375,83971.2025,84172.81458333334,-1.653334342809376,0.00017042053918123122,-0.0025127713202915958,0.005000168409045713,-0.004938313075937395,Automobile and Auto Components,0
2023-04-24,86621.9609375,86924.85374288831,86027.69355517502,86670.65835636955,3160,86241.9703125,85523.265625,84821.85885416667,84476.26953125,84146.8009375,84178.82239583334,-1.6329121173667902,0.004377820552294927,0.0005621832886544276,0.0034967207173577375,-0.006860470207477265,Automobile and Auto Components,0
2023-04-25,86288.3125,87124.16665238776,85814.35964514372,86825.16001547311,3991,86190.1546875,85738.88359375,85124.19791666667,84584.00859375,84324.4128125,84172.46432291667,-1.6509590463101877,-0.0038517765459123703,0.006221555387041722,0.00968675974962152,-0.005492665705523869,Automobile and Auto Components,0
2023-04-26,86955.9609375,87057.33536894748,86127.38052270215,86276.9072249985,4413,86468.0671875,85999.4796875,85335.7953125,84736.852734375,84487.5165625,84226.76953125,-1.614846172528985,0.007737414467341681,-0.007809168056800209,0.0011658134802321474,-0.009528736223079592,Automobile and Auto Components,0
2023-04-27,87179.9375,87323.58436015295,86536.07714959906,87220.90936940986,3368,86658.1140625,86198.8125,85538.82239583334,84915.1578125,84669.105625,84304.67942708333,-1.602731357489805,0.0025757470803063655,0.0004699690156333425,0.0016477054729817642,-0.007385418811534872,Automobile and Auto Components,0
2023-04-28,88725.9453125,89018.22326595493,87100.29424508486,87161.45221919841,7620,87154.4234375,86546.69609375,85874.88541666667,85179.174609375,84886.2915625,84501.73932291666,-1.519108327970522,0.017733527424242532,-0.01763287038296757,0.0032941655614431298,-0.01832216114113472,Automobile and Auto Components,0
2023-05-02,88317.34375,89216.49761957588,87724.36915549319,88726.1512963869,5222,87493.5,86867.73515625,86180.01041666667,85489.769140625,85079.715625,84704.58411458334,-1.5412094456015577,-0.00460520945773947,0.004628847846059658,0.01018094330510122,-0.00671413529131204,Automobile and Auto Components,0
2023-05-03,93264.5859375,94092.16950740227,88040.17747555726,88507.7988733212,47192,88888.7546875,87539.4546875,86788.840625,86065.337109375,85444.9578125,85085.13645833333,-1.2736148214739031,0.05601665513745707,-0.05100314354439417,0.00887350285838262,-0.05601706595731648,Automobile and Auto Components,0
2023-05-04,94810.6875,95457.84215153017,92732.71813334152,93703.39559569587,28698,90459.7,88463.88359375,87486.21979166666,86616.771484375,85881.4221875,85482.88046875,-1.1899867210494448,0.01657758458860364,-0.011678977692300085,0.006825756342397238,-0.021917037218599167,Automobile and Auto Components,0
2023-05-05,98302.8828125,98662.34654270645,94201.81728832686,94810.68687159702,44972,92684.2890625,89671.2015625,88360.63802083333,87325.1890625,86468.9840625,86004.96953125,-1.001095080694756,0.03683335080235548,-0.03552485787791082,0.003656695713513125,-0.04171866996001927,Automobile and Auto Components,0
2023-05-08,97422.2734375,99618.17421883313,97090.92383544521,98308.81877910133,26682,94423.5546875,90788.9890625,89172.315625,88012.052734375,87028.050625,86475.83541666667,-1.0487269381570432,-0.008958123605384475,0.009100027235251051,0.022540028104988563,-0.0034011688535205975,Automobile and Auto Components,0
2023-05-09,97192.1015625,98886.98663329905,96894.64468447116,97839.80135650188,13521,96198.50625,91846.003125,89977.9921875,88684.634375,87631.5165625,86932.84739583333,-1.0611768555132233,-0.0023626206500679107,0.006664119651588862,0.01743850625257992,-0.0030605046423196614,Automobile and Auto Components,0
2023-05-10,96922.546875,97890.13245662619,96270.30682890666,97890.13245662619,9964,96930.0984375,92909.4265625,90669.66927083333,89324.155078125,88238.289375,87359.14791666667,-1.075756975618453,-0.002773421740723048,0.00998308043714613,0.00998308043714613,-0.006729497594966549,Automobile and Auto Components,0
2023-05-11,97053.7890625,97930.01548361253,96893.29707865573,97391.71938873112,9435,97378.71875,93919.209375,91435.4953125,89959.34453125,88769.1609375,87797.63828125,-1.0686581309484895,0.0013540934667065825,0.0034818869978738842,0.009028255667053564,-0.001653639547662844,Automobile and Auto Components,0
2023-05-12,96384.0625,97491.40896191896,96295.24208211826,97451.53517502247,6319,96994.9546875,94839.621875,92112.45260416667,90519.2171875,89259.1421875,88223.3125,-1.104883409794411,-0.006900571002629421,0.011075199024968008,0.011488895914912867,-0.0009215259823868172,Automobile and Auto Components,0
2023-05-15,96595.1328125,97348.20214539231,94849.75924178335,96399.85252208785,9670,96829.5265625,95626.540625,92802.5015625,91086.618359375,89775.5475,88661.62994791666,-1.0934666893676945,0.0021898881103916946,-0.002021636957539097,0.007796141596016826,-0.01806895979018508,Automobile and Auto Components,0
2023-05-16,96247.1953125,97292.03646000769,96095.8228969748,96494.56075131909,9357,96640.5453125,96419.52578125,93444.18385416667,91643.63046875,90275.8165625,89133.02135416666,-1.1122865087748914,-0.003602018961714961,0.0025701054250562017,0.01085580877567649,-0.0015727462502539424,Automobile and Auto Components,0
2023-05-17,97346.9609375,97591.08662317868,95995.93277449068,96231.39058483328,9469,96725.428125,96827.76328125,94181.42708333333,92183.608984375,90804.4096875,89652.8125,-1.0528005653145198,0.011426469326500667,-0.011459734766480878,0.002507789491604351,-0.013878483210962522,Automobile and Auto Components,0
2023-05-18,96754.4453125,98089.51627404564,96494.66603195238,97563.43149545186,8164,96665.559375,97022.1390625,94834.659375,92743.011328125,91300.5875,90085.22734375,-1.0848495311731652,-0.006086637110124217,0.008361230125799146,0.013798549071658561,-0.00268493380028767,Automobile and Auto Components,0
2023-05-19,95932.984375,96973.99387496964,95398.02927208004,96951.15990309908,10866,96575.34375,96785.14921875,95418.19583333333,93228.175390625,91730.4425,90478.50911458333,-1.1292820700452806,-0.008490162233340539,0.010613404083407385,0.010851424113945685,-0.005576341718181443,Automobile and Auto Components,0
2023-05-22,95608.8203125,96248.7400721691,95372.36564294003,96052.6108844279,7085,96378.08125,96603.80390625,95877.05416666667,93696.396484375,92144.9109375,90875.96979166666,-1.1468159924151122,-0.0033790678421183017,0.004641732535527021,0.006693103811735046,-0.0024731470254220067,Automobile and Auto Components,0
2023-05-23,95186.34375,96149.4435727545,94924.82001975735,95762.87036404168,9019,96165.9109375,96403.228125,96334.9875,94124.615625,92548.0865625,91257.49895833334,-1.1696676040120897,-0.004418803214171286,0.006056820667005303,0.010118046190365382,-0.0027474921290130405,Automobile and Auto Components,0
2023-05-24,95338.5078125,97150.87242954913,95037.70997233831,95248.49586561235,13583,95764.2203125,96244.82421875,96473.24895833334,94577.125390625,92899.73125,91631.04479166666,-1.1614371023371755,0.0015985913157842036,-0.0009441300158029575,0.01900978585288393,-0.003155050850525809,Automobile and Auto Components,0
2023-05-25,96422.140625,96746.26309768412,95268.83811941861,95378.093848035,8319,95697.759375,96181.659375,96580.67916666667,95050.434375,93333.9609375,92033.44947916667,-1.1028237771423837,0.011366160823821107,-0.01082787387002171,0.0033614942645245893,-0.011960971806949994,Automobile and Auto Components,0
2023-05-26,97572.9375,97861.22806414306,96296.33006183419,96429.759264802,6694,96025.75,96300.546875,96532.01614583333,95570.084375,93787.6903125,92446.32708333334,-1.0405775709649336,0.011934985756804753,-0.011716140402127317,0.0029546160188429482,-0.013083622066475287,Automobile and Auto Components,0
2023-05-29,97473.6640625,98130.28094735472,97167.43027712578,97740.61593918627,4096,96398.71875,96388.4,96535.4421875,96007.4703125,94236.8609375,92853.87890625,-1.0459472369701261,-0.0010174279881652636,0.0027387077243254954,0.00673635172300191,-0.003141707950753414,Automobile and Auto Components,0
2023-05-30,96790.015625,97625.97102235464,96594.2369129133,97473.65629022561,4289,96719.453125,96442.68203125,96508.63645833333,96431.10390625,94643.583125,93243.31432291666,-1.0829255452345767,-0.0070136733247418035,0.007063132088688695,0.008636793701877643,-0.0020227159880334966,Automobile and Auto Components,0
2023-05-31,96904.9609375,98339.4670383734,96345.1314547625,96600.61960960267,13323,97032.74375,96398.48203125,96507.4640625,96613.12265625,95068.2490625,93588.56666666667,-1.0767081929142497,0.0011875740669919951,-0.00314061658921283,0.014803226656255664,-0.005777098275686621,Automobile and Auto Components,0
2023-06-01,97259.4296875,97679.75542893886,96792.61049248539,96793.60733705117,3795,97200.2015625,96448.98046875,96521.1734375,96735.559765625,95480.3878125,93978.334375,-1.0575351004465081,0.00365790096369389,-0.004789482643950738,0.004321696546950804,-0.00479973197986594,Automobile and Auto Components,0
2023-06-02,96064.421875,97790.45835451937,95764.41836799719,97259.43610415612,7514,96898.4984375,96462.12421875,96499.8640625,96623.63671875,95835.7671875,94306.15833333334,-1.122172660989535,-0.012286806701824462,0.01243971707560032,0.01796748937671544,-0.0031229408468536057,Automobile and Auto Components,0
2023-06-05,96492.015625,96881.28342993805,96197.64275050309,96574.30202918885,3003,96702.16875,96550.44375,96492.98958333333,96577.123828125,96146.41,94647.74557291667,-1.0990442624850736,0.0044511145922096875,0.0008527794103569963,0.004034197051607569,-0.00305074852660292,Automobile and Auto Components,0
2023-06-06,96331.328125,96942.64310227464,95924.0158463305,96582.28376385673,4249,96610.43125,96664.9421875,96498.5984375,96534.08515625,96466.969375,94971.39114583333,-1.107735793955507,-0.001665293226172049,0.002605130062476535,0.0063459623071053795,-0.004228243154095979,Automobile and Auto Components,0
2023-06-07,97245.28125,98917.38680287667,96469.78288830545,96693.92495129055,10781,96678.4953125,96855.61953125,96491.81979166667,96550.221875,96626.1971875,95336.6234375,-1.0583003845525445,0.009487600169013033,-0.005669748615277359,0.017194721752904263,-0.007974663158214157,Automobile and Auto Components,0
2023-06-08,96771.0390625,98287.88617477317,96594.24710530046,97302.00681061277,9411,96580.8171875,96890.509375,96492.92604166667,96536.084375,96704.61125,95663.79270833333,-1.08395198095714,-0.0048767629791805454,0.005486845581660571,0.01567459776156288,-0.001826909774993335,Automobile and Auto Components,0
2023-06-09,98080.4921875,98286.78450870671,96843.45474232975,96957.09502890335,8604,96984.03125,96941.26484375,96636.09322916667,96620.905859375,96695.715625,96027.14453125,-1.0131241129213877,0.013531456701155022,-0.011453828723137494,0.0021032961459077626,-0.012612471833903682,Automobile and Auto Components,0
2023-06-12,98656.265625,99086.35736069556,97843.04288163995,98024.81905957915,7627,97416.88125,97059.525,96839.25625,96723.9625,96745.0753125,96358.15520833334,-0.9819807262119615,0.005870417497490701,-0.006400470982968476,0.004359497422397718,-0.008242991341788408,Automobile and Auto Components,0
2023-06-13,99677.328125,100123.01887642994,98837.33863088895,98837.33863088895,16655,98086.08125,97348.25625,97138.65520833334,96895.469140625,96844.484375,96736.82135416666,-0.9267518076462392,0.010349697442239873,-0.008427086780031567,0.004471335255606279,-0.008427086780031567,Automobile and Auto Components,0
2023-06-14,99798.25,100083.19959146634,99086.35497402145,99677.48383216627,9786,98596.675,97637.58515625,97435.97135416667,97018.03359375,96959.5125,96954.61015625,-0.9202111851209879,0.0012131331896091592,-0.0012101030612634567,0.0028552563944392872,-0.0071333417768202345,Automobile and Auto Components,0
2023-06-15,99765.203125,100531.37943224118,99396.37062776026,99783.14632756842,8297,99195.5078125,97888.1625,97658.8421875,97168.571484375,97067.9690625,97119.76067708334,-0.9219986791952748,-0.0003311368185313871,0.00017985431800249252,0.007679794991057198,-0.0036970054256052487,Automobile and Auto Components,0
2023-06-16,99577.296875,100377.21792068808,99235.37918520223,99767.19576685563,9713,99494.86875,98239.45,97792.46614583333,97350.787109375,97195.6984375,97162.24114583334,-0.9321624634682653,-0.0018834848636008327,0.0019070500788347378,0.00803316690442224,-0.003433691218059365,Automobile and Auto Components,0
2023-06-19,99443.421875,100333.40158101033,99242.90036193226,99684.4557739221,4964,99652.3,98534.590625,97923.78333333334,97542.5171875,97309.63,97229.61276041667,-0.939403716058568,-0.001344432960136025,0.0024238294939717964,0.008949608623977534,-0.002016438184516578,Automobile and Auto Components,0
2023-06-20,99034.7265625,99883.83573557965,97969.99521501831,99883.83573557965,8914,99523.7796875,98804.93046875,98073.43072916666,97734.936328125,97421.13125,97291.03359375,-0.961509904594779,-0.004109827525984861,0.008573852854975916,0.008573852854975916,-0.010751090899511428,Automobile and Auto Components,0
2023-06-21,100105.3359375,100631.46742868898,99170.44362482379,99333.57569424466,10714,99585.196875,99090.9359375,98286.7890625,97973.277734375,97531.46625,97397.1265625,-0.9036010126439201,0.010810444095327987,-0.0077094815778570025,0.005255778688135759,-0.009339085713272133,Automobile and Auto Components,0
2023-06-22,99553.3359375,100581.62794932898,99186.04540097357,100083.20561063061,5564,99542.8234375,99369.165625,98439.71614583333,98129.8375,97643.421875,97480.44479166667,-0.933458502315981,-0.005514191574609339,0.005322470293343651,0.010329056300780737,-0.003689384520042749,Automobile and Auto Components,0
2023-06-23,99178.1015625,99661.52442688965,98568.03271717302,99661.52442688965,4670,99462.984375,99478.9265625,98647.29479166666,98210.095703125,97773.2265625,97573.57942708333,-0.9537548002800476,-0.0037691793194712603,0.004874290360206146,0.004874290360206146,-0.006151245443456355,Automobile and Auto Components,0
2023-06-26,99639.2421875,99764.0969619309,98759.17645742488,99485.03501506323,3699,99502.1484375,99577.22421875,98857.10989583333,98318.374609375,97934.4434375,97675.04973958334,-0.9288118628736975,0.004649621415765845,-0.0015476550107295095,0.0012530682860469877,-0.00883252131142287,Automobile and Auto Components,0
2023-06-27,99277.0,100183.83264986255,98986.66900957664,99584.77577096381,7862,99550.603125,99537.19140625,99053.48802083333,98442.723828125,98098.0696875,97776.04322916667,-0.9484054178955563,-0.0036355373600527466,0.003100171952857167,0.009134367979114488,-0.002924453704517216,Automobile and Auto Components,0
2023-06-28,100070.4375,100382.09939464765,99285.71834588602,99576.04932448281,4178,99543.6234375,99564.41015625,99241.83177083333,98600.99765625,98287.346875,97866.82578125,-0.9054886570954189,0.007992158304541837,-0.004940401859612087,0.0031144252232098157,-0.007841668066195684,Automobile and Auto Components,0
2023-06-30,100940.984375,101327.55760246825,99704.64783833374,100280.57481600675,9620,99821.153125,99681.98828125,99519.828125,98785.075390625,98468.100625,98006.37708333334,-0.858401076788612,0.008699341151576358,-0.006542531391806161,0.003829695438991587,-0.012248112541415446,Automobile and Auto Components,0
2023-07-03,99584.2265625,101566.49870049025,99285.71834336556,100754.07038272075,9229,99902.378125,99682.68125,99620.07708333334,98961.065625,98548.5521875,98128.08515625,-0.9317876390607256,-0.01344109947907371,0.011747280273212146,0.01990548309120177,-0.0029975451880132065,Automobile and Auto Components,0
2023-07-04,98836.03125,100162.93248341214,98687.60266578227,100162.93248341214,5734,99741.7359375,99621.9421875,99632.06145833334,99078.26640625,98603.046875,98235.65885416667,-0.9722572655383581,-0.0075131909773926454,0.01342527837905405,0.01342527837905405,-0.0015017659282806628,Automobile and Auto Components,0
2023-07-05,99875.0625,99983.51608026965,98786.30568333641,99285.7248414243,5430,99861.3484375,99705.97578125,99645.24375,99255.453125,98726.44875,98391.94947916667,-0.9160564234807068,0.01051267677241947,-0.005900748833831293,0.0010858924896257616,-0.010901187838191273,Automobile and Auto Components,0
2023-07-06,100986.84375,101566.50892094782,99727.82894190526,99898.78780143673,8593,100044.6296875,99794.1265625,99724.48333333334,99442.53125,98889.7240625,98580.22734375,-0.8559205590070366,0.011131720192916025,-0.010774234624629231,0.005740006811014053,-0.0124671171148939,Automobile and Auto Components,0
2023-07-07,100908.234375,101653.18101477445,100362.31398922247,100860.73628754001,6354,100038.0796875,99929.61640625,99800.68541666666,99649.391015625,99035.67625,98729.76380208334,-0.8601725129965105,-0.0007784120394395433,-0.0004707057630547462,0.007382416751105181,-0.005410067762644188,Automobile and Auto Components,0
2023-07-10,100285.4140625,101520.94848763174,100083.45177942893,100857.75085905942,5534,100178.3171875,100040.34765625,99847.89322916667,99759.637109375,99204.5159375,98820.1796875,-0.8938606489530658,-0.006172145577192892,0.0057070791591160575,0.012320180723008667,-0.0020138749484067686,Automobile and Auto Components,0
2023-07-11,101608.578125,101892.37512544847,100492.95319955221,100631.36663740985,7421,100732.8265625,100237.28125,99992.23697916667,99907.252734375,99409.1784375,98958.01015625,-0.8222911610354283,0.013193983141709682,-0.009617411301514056,0.002793041745937419,-0.010979633275404521,Automobile and Auto Components,0
2023-07-12,101908.8203125,102171.5433868339,101331.95099917155,101577.47071582933,6691,101139.578125,100500.46328125,100183.84322916667,100018.82734375,99632.278125,99128.63697916667,-0.8060511646361561,0.0029548901582958746,-0.003251431972763452,0.0025780209556764966,-0.005660641655545695,Automobile and Auto Components,0
2023-07-13,100944.4375,101977.21536214222,100684.60369216287,101779.84010660258,3256,101131.096875,100587.86328125,100239.78333333334,100076.13671875,99780.244375,99263.28619791666,-0.8582142984479891,-0.009463192779022977,0.008275865687027872,0.010231151787261306,-0.0025740279927473075,Automobile and Auto Components,0
2023-07-14,101818.9140625,102076.89434831102,100944.72801280228,101129.89191050931,5109,101313.2328125,100675.65625,100390.821875,100178.822265625,99982.159375,99415.26901041667,-0.8109141626992517,0.008662949481490746,-0.00676713318281652,0.002533716728236435,-0.00858569409963561,Automobile and Auto Components,0
2023-07-17,101666.328125,102018.2687598223,101499.20869673659,101818.89985337078,2065,101589.415625,100883.86640625,100556.70364583333,100283.273828125,100125.5928125,99601.99921875,-0.8191674834474546,-0.0014986011086931986,0.001500710522201576,0.0034617226894393394,-0.0016438031287796528,Automobile and Auto Components,0
2023-07-18,101922.8203125,102176.51724450751,101290.41591457702,101678.14170831862,3212,101652.2640625,101192.5453125,100708.9421875,100407.24375,100256.255,99783.02604166667,-0.805293909463314,0.002522882376401356,-0.0024006263114696447,0.002489108241213067,-0.006204738016314604,Automobile and Auto Components,0
2023-07-19,102394.0390625,102665.03284435115,101743.24746033913,101933.34885456813,4956,101749.3078125,101444.44296875,100916.74479166667,100575.209375,100364.9234375,99985.11640625,-0.7798058497506212,0.00462328994189154,-0.0044991897199275765,0.002646577714213727,-0.006355756722943973,Automobile and Auto Components,0
2023-07-20,101742.078125,102578.5609706332,101446.32302755394,102344.96171579014,3770,101908.8359375,101519.96640625,101028.1875,100657.046484375,100442.6765625,100135.00963541666,-0.8150701920658266,-0.006367176678146776,0.0059256072010780425,0.008221601731050798,-0.0029069103255655593,Automobile and Auto Components,0
2023-07-21,101934.8203125,102145.54793838265,101396.3860321667,101845.00325895692,2112,101932.0171875,101622.625,101094.44322916666,100776.120703125,100529.46125,100307.13567708334,-0.8046448336008779,0.0018944196054576116,-0.0008811224002527318,0.002067278141430151,-0.005282142830905334,Automobile and Auto Components,0
2023-07-24,102568.125,103030.62750454269,101596.09747282753,101945.56807838517,4020,102112.3765625,101850.89609375,101293.36979166667,100945.621875,100649.094375,100456.7234375,-0.7703896014155537,0.006212839592579725,-0.006069691940013833,0.004509222573218397,-0.009476896717888428,Automobile and Auto Components,0
2023-07-25,102370.703125,102543.64424060346,101845.70163820051,102047.49747579843,2053,102201.953125,101927.10859375,101529.01458333334,101082.194921875,100766.185625,100580.53802083334,-0.7810680825638352,-0.0019247877934787244,-0.00315720845256795,0.0016893614122419631,-0.0051284349015209285,Automobile and Auto Components,0
2023-07-26,102050.546875,103107.29751222629,101845.70875718024,102844.1960979369,4152,102133.2546875,101941.28125,101674.046875,101220.872265625,100886.8184375,100659.6453125,-0.7983852237374235,-0.0031274206411288632,0.00777702077294129,0.010355168782394397,-0.0020072221471841845,Automobile and Auto Components,0
2023-07-27,102248.25,102743.35152079293,101716.25905142611,102469.76598238443,2542,102234.4890625,102071.6625,101758.140625,101329.762890625,100972.535,100741.31197916667,-0.7876915298736161,0.001937305884721649,0.002166452554292375,0.0048421515360206335,-0.0052029345106042735,Automobile and Auto Components,0
2023-07-28,102379.046875,102636.65660303953,101726.5900174735,101895.83361787157,2608,102323.334375,102127.67578125,101856.19479166667,101401.666015625,101085.5634375,100828.44010416667,-0.7806167720032351,0.001279208935116249,-0.004719845240583331,0.002516234873275014,-0.006372953035234996,Automobile and Auto Components,0
2023-07-31,102800.515625,103142.59895922139,101945.56081163115,102115.30366508833,3198,102369.8125,102241.09453125,102023.86822916666,101562.48046875,101230.46,100935.88072916666,-0.7578196726368919,0.00411674813220906,-0.00666545255873241,0.0033276422023917895,-0.008316639349238208,Automobile and Auto Components,0
2023-08-01,103129.5234375,103414.29517381538,102352.0995616186,102352.0995616186,3426,102521.5765625,102361.76484375,102125.26458333334,101777.155078125,101370.07125,101058.75078125,-0.7400237534996708,0.0032004490493040753,-0.007538325107771415,0.0027613017768666204,-0.007538325107771415,Automobile and Auto Components,0
2023-08-02,102434.0234375,103043.84959764889,101845.71155986353,102842.20195336101,3702,102598.271875,102365.76328125,102160.278125,101905.103125,101496.3521875,101172.06067708334,-0.7776431086933634,-0.006743946610220658,0.003984794330665675,0.005953355532509974,-0.005743324902154456,Automobile and Auto Components,0
2023-08-03,106811.546875,107437.24746284286,101246.6722012383,102447.80577537236,23043,103510.93125,102872.71015625,102551.41875,102196.33828125,101765.9965625,101395.60104166667,-0.5408643753158981,0.04273505316493734,-0.04085458199322278,0.005857986389571801,-0.05209993522773526,Automobile and Auto Components,0
2023-08-04,111128.15625,111827.59669469616,106613.84636611378,108304.9330417511,26665,105260.753125,103792.04375,103172.03489583333,102707.334375,102173.4834375,101781.42838541667,-0.30738046257607243,0.0404133214178769,-0.025405111571343175,0.00629399846356371,-0.04062255720081043,Automobile and Auto Components,0
2023-08-07,108052.5703125,111331.35356144526,107749.1315287145,111303.39591212041,11175,106311.1640625,104340.48828125,103597.784375,103095.6921875,102512.2171875,102077.24401041666,-0.4737378454826703,-0.027676027761866156,0.030085592505746606,0.03034433368371192,-0.002808251417878549,Automobile and Auto Components,0
2023-08-08,107472.046875,108665.9336208613,105704.02205321439,108052.56590968989,11305,107179.66875,104850.62265625,103967.7328125,103388.865625,102857.6578125,102338.3375,-0.5051381580543108,-0.005372601834653835,0.005401581635130492,0.011108811831321175,-0.016451020271736283,Automobile and Auto Components,0
2023-08-09,106255.9296875,107835.63812527424,105839.66186056417,107472.0405074247,8607,107944.05,105271.1609375,104225.1921875,103606.22109375,103112.8925,102570.96848958333,-0.5709175174126387,-0.011315660423909647,0.01144511015527594,0.014867014409644552,-0.003917596205313734,Automobile and Auto Components,0
2023-08-10,106194.7265625,106591.82031539752,105440.31473779769,106239.30746413657,6482,107820.6859375,105665.80859375,104522.03541666667,103868.735546875,103321.2078125,102775.11145833334,-0.5742279733412353,-0.0005759972660349323,0.00041980334692359733,0.0037392982283712684,-0.00710404225447403,Automobile and Auto Components,0
2023-08-11,105828.921875,106588.52110149142,105455.83864909828,106588.52110149142,4759,106760.8390625,106010.79609375,104781.6421875,104069.2359375,103518.0353125,102938.04270833333,-0.5940142227597548,-0.0034446596299177695,0.007177614710925928,0.007177614710925928,-0.0035253427824049055,Automobile and Auto Components,0
2023-08-14,106105.609375,106488.6774925006,104648.46527854206,105551.14466072657,4265,106371.446875,106341.30546875,105017.47447916666,104291.2,103750.843125,103155.42213541667,-0.5790482912857723,0.002614479058256021,-0.005225592855452432,0.0036102532161779166,-0.013732960067248445,Automobile and Auto Components,0
2023-08-16,106302.671875,106488.68696740395,104675.78478171436,105340.42639532224,4641,106137.571875,106658.6203125,105279.60572916667,104510.192578125,103938.606875,103404.31015625,-0.5683892486073293,0.0018572298030308542,-0.009051940677551884,0.0017498628126928484,-0.015304291647520119,Automobile and Auto Components,0
2023-08-17,106311.8515625,106817.43723679756,105745.60777635236,105745.60777635236,4952,106148.75625,107046.403125,105563.69270833333,104706.083203125,104114.728125,103618.86979166667,-0.567892722475583,8.635424997402024e-05,-0.005326252697374412,0.004755684967073792,-0.005326252697374412,Automobile and Auto Components,0
2023-08-18,107597.34375,107836.62967413585,106269.05139870643,106338.89870643952,7089,106429.2796875,107124.9828125,105920.29895833334,104998.846484375,104380.844375,103839.21979166666,-0.4983608932875463,0.012091711023810625,-0.011695874635013759,0.002223901778577675,-0.012345029207968428,Automobile and Auto Components,0
2023-08-21,107635.3984375,108435.686097914,107405.39530209657,108335.88416084935,6810,106790.575,106775.70703125,106270.72239583333,105283.875390625,104613.50375,104063.45859375,-0.49630252836181304,0.0003536768304282605,0.00650794936905541,0.007435171625984172,-0.002136872615722041,Automobile and Auto Components,0
2023-08-22,108247.8125,108385.7597739756,107595.00456232061,108136.18472966575,3566,107219.015625,106795.23125,106633.87552083333,105567.859765625,104876.763125,104328.871875,-0.4631772628797141,0.005689708696118283,-0.0010312242599290755,0.0012743654655893444,-0.006030680182838699,Automobile and Auto Components,0
2023-08-23,108511.1640625,109034.82389883304,107887.71009111246,108246.01885414368,4181,107660.7140625,106899.14296875,106992.6515625,105874.8828125,105140.296875,104558.95807291666,-0.4489326676669154,0.0024328580542909354,-0.0024434832180364463,0.0048258613835479025,-0.005745528368200414,Automobile and Auto Components,0
2023-08-24,108430.8828125,109233.51843505037,107942.47428166213,109233.51843505037,4788,108084.5203125,107116.63828125,107392.4421875,106193.899609375,105381.770625,104776.36015625,-0.453275052798682,-0.0007398432289765116,0.007402278776410087,0.007402278776410087,-0.004504330483801722,Automobile and Auto Components,0
2023-08-25,108377.8125,108730.98059126342,107837.1784112713,107964.08771190223,3562,108240.6140625,107334.946875,107496.85989583333,106500.377734375,105647.2,105024.13932291667,-0.4561456077033229,-0.0004894390889703427,-0.003817430695030599,0.0032586752132814922,-0.00498842038105074,Automobile and Auto Components,0
2023-08-28,108124.1953125,108735.81560238035,107758.29651244482,108359.54189497698,3583,108338.3734375,107564.47421875,107296.59583333334,106787.63515625,105894.775,105234.31536458334,-0.4698636739287548,-0.0023401209311177044,0.0021766319906175724,0.005656645934914328,-0.0033840603298610494,Automobile and Auto Components,0
2023-08-29,108647.8984375,108835.11480470993,108087.0996102046,108189.79558830122,2244,108418.390625,107818.703125,107336.284375,107080.004296875,106137.9659375,105467.034375,-0.4415367524687665,0.004843533156352248,-0.0042163986214819316,0.001723147616312426,-0.005161616886846576,Automobile and Auto Components,0
2023-08-30,109428.1875,109612.6034527996,108647.91635687018,108834.13426750136,2943,108601.7953125,108131.2546875,107466.69375,107394.9375,106420.2653125,105717.21328125,-0.39933118611946244,0.007181814593025593,-0.005428703938815005,0.001685269188979266,-0.0071304401631419045,Automobile and Auto Components,0
2023-08-31,108521.8515625,109511.10295755269,108102.58826189204,109511.10295755269,5954,108619.9890625,108352.2546875,107617.75520833333,107699.32890625,106679.1175,105921.47369791666,-0.44835458447693327,-0.008282472352016249,0.009115688507055797,0.009115688507055797,-0.0038633998090835675,Automobile and Auto Components,0
2023-09-01,107820.8046875,109334.36327568624,107396.34616089327,109334.36327568624,6574,108508.5875,108374.60078125,107726.16041666667,107749.791796875,106902.0196875,106124.09791666667,-0.48627396822683017,-0.006459960504786011,0.014037722984659773,0.014037722984659773,-0.003936703383330742,Automobile and Auto Components,0
2023-09-04,108031.75,108815.16483162588,107185.18083569288,108334.89235700658,4965,108490.0984375,108414.2359375,107873.015625,107594.971484375,107128.1278125,106327.32890625,-0.4748640090070142,0.00195644350004054,0.0028060487496184283,0.007251709165369213,-0.007836299646234779,Automobile and Auto Components,0
2023-09-05,108355.8515625,108635.42803169922,107724.9557449937,108289.65496881628,3494,108431.6890625,108425.03984375,108023.03177083333,107610.135546875,107350.34125,106520.253125,-0.4573334672406328,0.003000058431896179,-0.0006109184942867385,0.002580169553999312,-0.00582244344360483,Automobile and Auto Components,0
2023-09-06,109230.265625,109372.2536374818,107337.38335070146,108086.74805958242,8365,108392.1046875,108496.95,108218.2046875,107698.046484375,107594.3709375,106748.90520833334,-0.4100367120953455,0.008069837022097834,-0.010468871048463946,0.0012998962482546617,-0.0173292838158704,Automobile and Auto Components,0
2023-09-07,109039.9609375,109719.38478547237,108634.2240364852,108666.37844991998,2632,108495.7265625,108557.8578125,108400.07864583333,107837.248046875,107858.6084375,106981.88567708334,-0.42033022702573686,-0.001742234044851065,-0.003426106212511826,0.006230961953130221,-0.0037209927216257377,Automobile and Auto Components,0
2023-09-08,108693.734375,109255.23529947699,108435.92962023082,109134.66795130572,2652,108670.3125,108589.45,108473.17135416667,107962.1984375,107933.8959375,107196.73515625,-0.43905750241348485,-0.0031752263988653814,0.004056660476715823,0.0051658996510302035,-0.0023718455921271087,Automobile and Auto Components,0
2023-09-11,109274.90625,109683.83361728246,108740.26308684703,109284.43868376482,3871,108918.94375,108704.52109375,108582.471875,108134.49765625,107859.7659375,107426.59713541667,-0.4076221160810487,0.0053468755889361725,8.723351126027623e-05,0.003742189138528529,-0.004892643530892693,Automobile and Auto Components,0
2023-09-12,107752.96875,109633.91618815351,107392.35878603527,109633.91618815351,8831,108798.3671875,108615.028125,108549.48229166666,108216.865625,107847.781875,107591.67890625,-0.48994319069657805,-0.013927602889158279,0.017456107798918596,0.017456107798918596,-0.0033466359966507486,Automobile and Auto Components,0
2023-09-13,108893.6875,109026.48632563188,107314.22862914321,107944.47700309187,7363,108731.0515625,108561.578125,108574.98385416667,108346.41640625,107904.6475,107783.81770833333,-0.4282421068254707,0.010586425258004782,-0.00871685511529885,0.0012195273085215952,-0.014504595327041292,Automobile and Auto Components,0
2023-09-14,110833.34375,111031.79311043794,108835.12094458396,108835.12094458396,6353,109089.728125,108792.72734375,108735.14791666667,108572.491015625,108087.7440625,108063.79505208334,-0.32332676905060953,0.017812384671058182,-0.018029076249141296,0.001790520377022764,-0.018029076249141296,Automobile and Auto Components,0
2023-09-15,109068.625,112557.44140243341,108375.52652785921,110832.10197045002,14149,109164.70625,108917.509375,108781.20208333334,108646.055078125,108202.7,108139.03098958333,-0.41877979776839436,-0.015922272939636002,0.01616850831712613,0.0319873511051727,-0.006354700741306618,Automobile and Auto Components,0
2023-09-18,108839.0703125,109632.6649527153,107896.54504072602,109500.11575454618,7075,109077.5390625,108998.24140625,108828.86041666666,108706.238671875,108323.1059375,108062.728125,-0.4311963316655038,-0.002104681227071488,0.006073604268652666,0.0072914500090521805,-0.008659806345899357,Automobile and Auto Components,0
2023-09-20,109438.1171875,109598.62404527314,107936.49346984479,108835.1321758842,4471,109414.56875,109106.46796875,108881.54166666667,108765.75390625,108456.40625,108108.91302083334,-0.39879409274631383,0.00550396905522998,-0.005509826257177997,0.0014666449121940595,-0.013721213012852562,Automobile and Auto Components,0
2023-09-21,108677.0078125,109608.94752956399,108335.87617360686,108852.69477989501,3636,109371.2328125,109051.1421875,108831.46302083334,108774.04609375,108551.3796875,108149.07838541667,-0.43996223641184146,-0.006954700926515334,0.0016165973919537446,0.008575316304915814,-0.0031389494959384034,Automobile and Auto Components,0
2023-09-22,108490.6953125,109184.59725179586,108312.9645551994,108335.88296131551,3372,108902.703125,108996.215625,108829.3859375,108777.03671875,108638.5334375,108223.57057291667,-0.45003981529685205,-0.0017143690625108505,-0.0014269643192770243,0.0063959580800649896,-0.001638211984803406,Automobile and Auto Components,0
2023-09-25,109194.7890625,109324.28820282845,107488.17121280551,108835.08396287795,6572,108927.9359375,109046.32109375,108920.98489583333,108817.885546875,108702.43125,108323.57265625,-0.4119556271287585,0.0064898998754861536,-0.0032941599384945786,0.0011859461558585416,-0.015629114395904642,Automobile and Auto Components,0
2023-09-26,109553.6328125,109813.59055089953,108816.60094461693,109134.66596563726,3557,109070.8484375,109074.19375,109022.44375,108889.357421875,108779.160625,108447.7296875,-0.3925458924195038,0.0032862717450244626,-0.003824308113814845,0.0023728810421508317,-0.006727589482536711,Automobile and Auto Components,0
2023-09-27,110118.5703125,110332.84724837852,109086.6336823534,109553.62931536892,2909,109206.9390625,109310.75390625,109139.95833333333,108962.891015625,108853.9909375,108581.49505208334,-0.3619886178332539,0.005156720827020726,-0.005130297238039594,0.0019458746628333579,-0.009371140827728941,Automobile and Auto Components,0
2023-09-28,108561.9375,110110.69284648629,108142.27637141563,109945.44318389788,7911,109183.925,109277.57890625,109095.403125,108919.578515625,108856.021875,108656.80390625,-0.4461863499390689,-0.01413597005557291,0.012743929555401268,0.014266098985993958,-0.003865637793949328,Automobile and Auto Components,0
2023-09-29,107133.3125,109196.93645461662,106638.46055548788,108561.39918735475,9966,108912.4484375,108907.57578125,108968.29322916667,108850.1515625,108804.1190625,108684.1859375,-0.5234601836034675,-0.013159538535317684,0.013329996562504665,0.01926220618462282,-0.004619029627335736,Automobile and Auto Components,0
2023-10-03,108130.640625,108436.3259645345,106389.87155288018,107986.15638637857,5523,108699.61875,108813.77734375,108930.75364583333,108865.643359375,108794.2321875,108701.9625,-0.46951504919795417,0.009309225130138677,-0.0013362007085716554,0.002827000170974925,-0.01609875852078646,Automobile and Auto Components,0
2023-10-04,106739.6953125,108086.05411119007,106280.09470007657,108086.05411119007,3710,108136.83125,108603.83984375,108761.73958333333,108801.040625,108738.8521875,108672.10572916667,-0.5447508015573206,-0.012863563042448218,0.012613478001303635,0.012613478001303635,-0.004305807797913008,Automobile and Auto Components,0
2023-10-05,106609.0,107656.91253670256,106421.83041473886,107137.69908354836,3120,107434.9171875,108320.928125,108685.475,108713.698046875,108657.29625,108617.47864583334,-0.5518200659470951,-0.0012244302564042885,0.00495923499468498,0.009829494101835312,-0.0017556640176827898,Automobile and Auto Components,0
2023-10-06,107387.5625,107836.63217891172,106838.14484392181,106838.14484392181,3580,107200.0421875,108191.98359375,108585.06666666667,108621.562890625,108575.67125,108580.02526041666,-0.5097078887681025,0.0073029716065247776,-0.005116213118983803,0.004181766197661085,-0.005116213118983803,Automobile and Auto Components,0
2023-10-09,107104.703125,107521.66523045371,106244.05377427956,107187.6243848401,4229,107194.3203125,108053.384375,108336.490625,108524.8,108518.9853125,108535.81927083334,-0.5250076548327911,-0.002634004985446988,0.0007742074570089574,0.0038930326427131234,-0.008035588780036962,Automobile and Auto Components,0
2023-10-10,107041.9375,107847.16292962096,106839.14316244751,107536.08732116928,4103,106976.5796875,107838.09921875,108201.378125,108442.21015625,108487.830625,108491.29010416666,-0.5284026258476424,-0.0005860211845855859,0.004616413274183051,0.007522522932854825,-0.0018945316414185065,Automobile and Auto Components,0
2023-10-11,107575.1796875,107999.09217771211,107136.59411346681,107157.6637569547,3534,107143.6765625,107640.25390625,108117.11875,108357.223828125,108469.5678125,108472.98958333333,-0.4995597397860692,0.004981619353629506,-0.0038811548515016447,0.003940616148107257,-0.004077014561418846,Automobile and Auto Components,0
2023-10-12,108520.8515625,108685.3523599396,107746.9224266704,107936.48681772596,3311,107526.046875,107480.48203125,108055.96770833334,108395.61796875,108476.1678125,108468.7546875,-0.4484086741321363,0.008790799864310011,-0.005384815326826664,0.0015158450663728118,-0.007131616870734492,Automobile and Auto Components,0
2023-10-13,108927.7265625,109084.73869210487,108136.32395991632,108589.48898600617,3150,107834.0796875,107517.0609375,108072.68229166667,108397.319921875,108464.06625,108452.07265625,-0.42640094567141207,0.0037492794623498697,-0.0031051559338269863,0.0014414340091344346,-0.007265391719431413,Automobile and Auto Components,0
2023-10-16,109382.75,109683.84075482581,108157.10671801047,108825.2430007605,4661,108289.6890625,107742.0046875,108132.15260416667,108324.790234375,108477.7778125,108480.76927083333,-0.4017888848277492,0.004177296743992164,-0.005096845702265651,0.0027526347145763186,-0.01120508747484894,Automobile and Auto Components,0
2023-10-17,110718.0234375,113267.70779960247,110444.23507406839,110532.55440425167,15221,109024.90625,108000.74296875,108233.7015625,108407.26015625,108558.749375,108577.34322916667,-0.32956440499163775,0.012207349307820475,-0.0016751476181565694,0.023028629693175207,-0.0024728436701740852,Automobile and Auto Components,0
2023-10-18,109506.8984375,110931.89587511726,109235.55950479905,110832.09394592638,5862,109411.25,108277.46328125,108230.5859375,108440.6515625,108568.0290625,108626.51484375,-0.3950737386493819,-0.010938824252798159,0.012101479699771822,0.01301285542691688,-0.0024778250189947393,Automobile and Auto Components,0
2023-10-19,109409.3046875,109983.34133970196,108536.57988759987,109235.02183046495,5030,109588.940625,108557.49375,108183.3015625,108439.2109375,108634.2825,108661.62994791666,-0.4003525509368505,-0.0008912109775047705,-0.0015929436489231508,0.00524668951915519,-0.007976696336685851,Automobile and Auto Components,0
2023-10-20,109338.9609375,109879.93827093081,108735.32072130856,109004.96691431076,3657,109671.1875,108752.63359375,108235.103125,108472.30859375,108652.0934375,108665.253125,-0.4041574201200372,-0.0006429412032269022,-0.0030546661530848063,0.004947708747113921,-0.005520815370986476,Automobile and Auto Components,0
2023-10-23,108812.515625,110233.01220630633,108474.82405610202,109184.60040543115,9731,109557.140625,108923.41484375,108347.05,108488.399609375,108571.2603125,108657.67161458333,-0.43263266555640245,-0.004814800762565551,0.003419503522126721,0.013054533048401984,-0.003103425805003557,Automobile and Auto Components,0
2023-10-25,108468.1328125,109782.54003101891,107986.4094588159,109134.62313440254,4580,109107.1625,109066.034375,108369.54947916667,108452.066796875,108547.240625,108650.1515625,-0.4512602131423699,-0.0031649191319760004,0.006144572646554547,0.012117911357347966,-0.004441150973962138,Automobile and Auto Components,0
2023-10-26,107318.7109375,108535.57054185154,106913.98034714285,108535.57054185154,5675,108669.525,109040.3875,108408.15052083334,108340.320703125,108486.42625,108584.94505208333,-0.5134320460439159,-0.010596862370507582,0.011338745999849076,0.011338745999849076,-0.0037712956745525883,Automobile and Auto Components,0
2023-10-27,108027.15625,108711.3229923236,107466.56013414606,108115.22596610646,3807,108393.0953125,108991.01796875,108502.69427083334,108235.75,108429.9878125,108594.08463541667,-0.475112483360603,0.006601321487290157,0.0008152553410056829,0.006333284759808766,-0.0051893999186333195,Automobile and Auto Components,0
2023-10-30,108850.8046875,109284.04680510914,107756.21288817134,108027.14620041681,4654,108295.4640625,108983.32578125,108600.24375,108250.193359375,108436.9396875,108592.65520833334,-0.430561623367731,0.007624457276223079,-0.007566857125657744,0.003980146208867552,-0.01005589074395108,Automobile and Auto Components,0
2023-10-31,108133.9765625,109334.3143303311,107743.8722484324,109334.3143303311,8331,108159.75625,108858.4484375,108668.86197916667,108300.2265625,108422.6709375,108502.67630208333,-0.46933460948880035,-0.006585418702764241,0.011100468196851176,0.011100468196851176,-0.003607601666642979,Automobile and Auto Components,0
2023-11-01,108419.546875,109109.70444701191,108185.90083665088,108335.87675589835,3163,108150.0390625,108628.60078125,108760.70260416667,108314.671875,108391.66125,108481.04036458333,-0.45388820974945987,0.0026408934691765835,-0.0007717254085014558,0.006365619410009238,-0.0021550176613309713,Automobile and Auto Components,0
2023-11-02,110332.9140625,110632.41350434948,108760.24946715945,109334.58258966841,5623,108752.8796875,108711.20234375,108944.5515625,108494.3328125,108422.8325,108530.83515625,-0.350394838300834,0.01764780653165776,-0.00904835589012054,0.0027145067670362177,-0.014253811826720031,Automobile and Auto Components,0
2023-11-03,107560.3046875,111630.88807720246,107137.6949077265,110582.27351991083,25427,108659.509375,108526.30234375,108880.51510416667,108541.898046875,108320.501875,108468.24140625,-0.5003643234072139,-0.025129485598734454,0.028095577092224655,0.03784466213189819,-0.003929049671264173,Automobile and Auto Components,0
2023-11-06,107229.40625,108730.2809636177,106941.19443394706,108730.2809636177,7716,108335.2296875,108315.346875,108767.29375,108533.990234375,108267.200625,108419.98802083333,-0.5182625057988034,-0.0030763992205244746,0.0139968574489584,0.0139968574489584,-0.002687805762730644,Automobile and Auto Components,0
2023-11-07,107023.2578125,107836.62711754335,106846.17453181457,107836.62711754335,4702,108113.0859375,108136.42109375,108609.99427083334,108529.91796875,108262.7984375,108371.0734375,-0.5294130037038174,-0.0019224991045774815,0.007599930348488604,0.007599930348488604,-0.001654624277983352,Automobile and Auto Components,0
2023-11-08,108184.2109375,108535.57708274912,107167.7507951795,107666.89307113926,5787,108066.01875,108108.02890625,108441.0734375,108587.031640625,108264.94125,108337.3875,-0.4666174494657117,0.010847671326114352,-0.004781824093162745,0.0032478505153779036,-0.00939564224309708,Automobile and Auto Components,0
2023-11-09,107914.71875,108943.909587147,107611.37361232616,108161.64155165422,5103,107582.3796875,108167.6296875,108334.928125,108604.00859375,108311.9421875,108282.75703125,-0.48119418896749133,-0.002491049157401449,0.0022881290385072806,0.009537075656299354,-0.002810970933229018,Automobile and Auto Components,0
2023-11-10,108131.890625,108315.80731615347,107175.73756970232,108135.18251301233,3311,107696.696875,108178.103125,108249.7671875,108584.560546875,108372.8578125,108216.534375,-0.4694474371289504,0.002012439799830364,3.0443266952007164e-05,0.0017008552249520026,-0.008842470521611467,Automobile and Auto Components,0
2023-11-13,107474.796875,108335.89091230826,106871.15659227627,108335.89091230826,6671,107745.775,108040.50234375,108125.48958333333,108511.9140625,108376.3471875,108180.29635416667,-0.5049894115025025,-0.006076780367031523,0.008012055499018622,0.008012055499018622,-0.0056165752369441435,Automobile and Auto Components,0
2023-11-15,109214.0546875,109344.80973534031,107649.52631021831,108135.18903086559,6906,108183.934375,108148.51015625,108152.25885416666,108503.479296875,108460.72125,108249.65442708334,-0.410913556115238,0.016182936493686673,-0.009878450715170572,0.001197236456557338,-0.014325339186044839,Automobile and Auto Components,0
2023-11-16,110132.0,110332.84415571814,108835.11323957717,108855.08298512571,5724,108573.4921875,108319.75546875,108263.18333333333,108474.178125,108584.32375,108316.36640625,-0.3612622106668948,0.008405010830580055,-0.01159442319102788,0.0018236675600018515,-0.011775748741717496,Automobile and Auto Components,0
2023-11-17,111309.65625,112432.63404982754,109637.24583305286,109836.59769769522,11891,109252.4796875,108417.4296875,108529.24635416667,108564.316015625,108733.7028125,108468.6984375,-0.29756319015672633,0.010693134148113173,-0.013233879269165194,0.010088772507798938,-0.015024845761727357,Automobile and Auto Components,0
2023-11-20,111225.4765625,111434.21288841763,110485.57735326777,111173.60061633989,4443,109871.196875,108783.946875,108742.46770833334,108655.124609375,108841.8878125,108622.58098958334,-0.3021164404286984,-0.0007562658113949571,-0.0004664034514697546,0.0018766952713422658,-0.006652245799247836,Automobile and Auto Components,0
2023-11-21,111268.7578125,111583.9451454685,110717.98347191718,111234.51188655871,2888,110629.9890625,109187.88203125,108903.66458333333,108751.614453125,108935.5290625,108751.95416666666,-0.29977537253944314,0.0003891307220039586,-0.0003077766537036286,0.002832666951307461,-0.004949945981341242,Automobile and Auto Components,0
2023-11-22,111032.5703125,111619.89968593243,110453.22905539637,110837.21250271294,3222,110993.6921875,109588.81328125,109096.90416666666,108862.6171875,109001.521875,108882.88307291667,-0.31255067297770384,-0.0021226758044517917,-0.0017594639954495728,0.005289703478712493,-0.005217759576969905,Automobile and Auto Components,0
2023-11-23,111213.25,111833.57713278192,110952.93414963616,111034.81233859088,1854,111209.9421875,109891.7171875,109283.15104166667,108999.873046875,109021.3309375,109021.92682291666,-0.3027777709786414,0.0016272674494653139,-0.001604464049104859,0.005577816786956014,-0.0023406909730975256,Automobile and Auto Components,0
2023-11-24,111282.6484375,111384.29409472029,110603.6039613638,110835.11111173422,2854,111204.540625,110228.51015625,109346.46666666666,109198.069921875,109092.3609375,109145.50911458333,-0.29902403342263884,0.0006240123141801899,-0.004021627199294553,0.0009134007740423389,-0.006101979829475135,Automobile and Auto Components,0
2023-11-28,111381.25,111633.92097358104,111034.8122742595,111234.51517403335,3104,111235.6953125,110553.44609375,109601.19635416666,109365.774609375,109171.23875,109240.85572916667,-0.2936907089045359,0.0008860461526073212,-0.001317410479471648,0.002268523414677537,-0.0031103774265461848,Automobile and Auto Components,0
2023-11-29,112099.7734375,112329.13533547532,111434.26353204898,111434.26353204898,5354,111401.8984375,111015.94375,109925.8875,109528.223046875,109281.67125,109346.590625,-0.25482602391488024,0.006451026878401885,-0.005936764054407906,0.0020460513963769245,-0.005936764054407906,Automobile and Auto Components,0
2023-11-30,111517.09375,112822.10538263417,111277.65309573452,112033.32574116025,13163,111498.803125,111246.24765625,110225.4765625,109697.37890625,109389.854375,109417.73541666666,-0.2863429673055522,-0.005197866772004376,0.004629173643258211,0.01170234614936927,-0.0021471206450398572,Automobile and Auto Components,0
2023-12-01,111243.796875,111933.47395127342,110945.4438667526,111485.14094677636,3677,111504.9125,111357.42734375,110429.44895833333,109838.59140625,109500.8809375,109435.26119791667,-0.301125501042362,-0.0024507173367760045,0.0021695058830790703,0.006199690190801244,-0.002681974335905224,Automobile and Auto Components,0
2023-12-04,111341.0078125,111933.3297475642,110691.52872192129,111833.62651232048,4689,111516.584375,111360.5625,110657.86822916666,109888.99609375,109661.7728125,109496.39817708333,-0.29586739495102576,0.0008738549045501553,0.004424413874985378,0.005319890188722587,-0.005833242426478091,Automobile and Auto Components,0
2023-12-05,113560.90625,114288.97153994515,110820.17896064401,111524.08488014463,7340,111952.515625,111594.10546875,111019.80260416666,110189.026171875,109883.1228125,109634.78489583333,-0.1757938538809526,0.01993783315881552,-0.017935937965935067,0.00641123176969316,-0.02413442600856297,Automobile and Auto Components,0
2023-12-06,113919.3671875,114329.85803922128,113282.21355499513,113551.06357140915,3569,112316.434375,111859.16640625,111449.440625,110523.52421875,110085.8653125,109787.46510416667,-0.15640482536783026,0.0031565522796274796,-0.0032330202070439684,0.0036033456106339123,-0.005593022926963509,Automobile and Auto Components,0
2023-12-07,117234.140625,118823.22970258634,113674.9901701303,113920.5233341855,11242,113459.84375,112479.3234375,111984.11302083333,111034.068359375,110449.871875,110068.1859375,0.022890126942637277,0.02909754082503119,-0.028264951430947538,0.01355483197227847,-0.030359334199876575,Automobile and Auto Components,0
2023-12-08,117774.1875,117924.3625243111,116847.41780423185,117275.53090662621,7684,114765.921875,113135.4171875,112493.5921875,111513.5671875,110824.0575,110378.38776041666,0.05210107620484972,0.004606566586498574,-0.004234005803468555,0.0012751098309304876,-0.007869039179473458,Automobile and Auto Components,0
2023-12-11,118873.6171875,119422.34777298334,117441.39619146659,117774.79866073064,9161,116272.44375,113894.5140625,112997.85625,112061.512109375,111165.685625,110763.55130208333,0.11156884892167653,0.009335064930929794,-0.009243586194876086,0.00461608385835377,-0.012048266300960342,Automobile and Auto Components,0
2023-12-12,119325.375,120172.21669427343,118723.37217762304,118873.60180213659,8705,117425.3375,114688.9265625,113537.84947916666,112621.186328125,111636.2884375,111140.15859375,0.13600427323506706,0.003800320232431726,-0.003786061412867192,0.007096912071497208,-0.005045052842926001,Automobile and Auto Components,0
2023-12-13,119607.3125,119889.59567774185,118969.01208725615,119322.48623056678,3862,118562.9265625,115439.68046875,114093.753125,113227.812109375,112131.4046875,111498.70885416666,0.15125417539886538,0.0023627623210905474,-0.0023813449485642346,0.002360082940094932,-0.005336633684030367,Automobile and Auto Components,0
2023-12-14,120379.7109375,120820.25867046461,119372.45940085677,119771.81840927462,4276,119192.040625,116325.9421875,114716.89583333333,113786.094921875,112665.6628125,111906.9,0.1930329405625832,0.006457786078087826,-0.005049792224048333,0.0036596510286799333,-0.00836728655351393,Automobile and Auto Components,0
2023-12-15,119905.6640625,121013.3208967237,119673.36122030334,120380.70734395366,4857,119618.3359375,117192.12890625,115296.39010416667,114274.778125,113134.5209375,112289.77057291666,0.16739190854376934,-0.003937929999234843,0.0039618085197881125,0.009237735705682315,-0.001937380056338034,Automobile and Auto Components,0
2023-12-18,119241.2578125,120098.33433527937,119135.11883636538,119907.61805653916,3968,119691.8640625,117982.15390625,115826.9640625,114671.358203125,113587.5825,112586.71536458333,0.13145440356654522,-0.005541074770693758,0.005588336254276793,0.00718775144193029,-0.0008901195616497493,Automobile and Auto Components,0
2023-12-19,118608.15625,119821.74930738931,118391.33036966153,119135.52016396011,4139,119548.4203125,118486.87890625,116308.7578125,115040.4921875,114006.633125,112954.97708333333,0.09721015834243404,-0.005309417009803064,0.004446270228234184,0.010231952807961298,-0.0018280857505401649,Automobile and Auto Components,0
2023-12-20,117144.6796875,119420.3879188637,116826.20035685305,119322.48668926443,4608,119055.89375,118809.41015625,116645.08489583334,115334.28828125,114393.4284375,113285.48619791666,0.01805121567912435,-0.012338751471823844,0.018590746140362935,0.019426475341726812,-0.002718683695209556,Automobile and Auto Components,0
2023-12-21,117400.5390625,117553.06214445234,115328.46556474124,116827.14214065956,4166,118460.059375,118826.05,117037.31458333334,115652.68671875,114720.8878125,113631.39557291666,0.0318905610533317,0.002184131414952357,-0.004884108083483163,0.0012991684976091378,-0.01764960803677107,Automobile and Auto Components,0
2023-12-22,119366.7109375,120520.65043225572,117724.90351054921,119482.242182716,12705,118352.26875,118985.30234375,117578.8421875,116060.359765625,115090.27625,114004.14557291666,0.13824011984193518,0.016747554063216676,0.0009678682130773719,0.009667180118248409,-0.01375431570540997,Automobile and Auto Components,0
2023-12-26,120090.6875,120319.99478722141,119523.18024236873,120101.32011889719,2962,118522.1546875,119107.009375,118162.15416666666,116500.76171875,115441.5175,114410.01119791667,0.17739976248261982,0.006065146277500028,8.853824654120324e-05,0.0019094510323409697,-0.004725655830984166,Automobile and Auto Components,0
2023-12-27,120858.7421875,121163.64014539476,119821.73809040948,120090.68952687712,4444,118972.271875,119260.34609375,118648.6765625,116974.636328125,115826.848125,114834.23958333333,0.21894357570654954,0.006395622370802065,-0.00635496155860471,0.0025227629576165533,-0.008580298605803116,Automobile and Auto Components,0
2023-12-28,125674.390625,126442.49794140899,120820.26036462617,121052.91425441921,13240,120678.2140625,119867.05390625,119432.34479166666,117653.3671875,116403.0734375,115440.89270833334,0.4794203392698331,0.03984526357248541,-0.0367734138005158,0.006111884152284919,-0.0386246572291572,Automobile and Auto Components,0
2023-12-29,129386.7578125,130205.64110013163,124898.83305733379,125912.67629775793,17516,123075.4578125,120767.75859375,120242.51927083333,118546.850390625,117137.2409375,116113.31614583333,0.680221000428672,0.02953956783906228,-0.02685036377352079,0.006328957471971819,-0.03468612113822234,Automobile and Auto Components,0
2024-01-01,129231.2890625,130540.14655841146,128808.37136354753,129377.5246323632,9043,125048.3734375,121700.32109375,121006.32604166666,119446.225,117857.9625,116749.95911458334,0.6718117493463291,-0.001201581619544842,0.0011315802150086984,0.010128023216408932,-0.003272564268456235,Automobile and Auto Components,0
2024-01-02,129799.1875,130076.08023897554,127068.05544255431,129257.69623127909,8846,126990.0734375,122756.1140625,121734.69739583334,120369.133984375,118598.6240625,117366.27682291667,0.7025291800210316,0.0043944345182949296,-0.004171761620009429,0.0021332393854587295,-0.021041210735203486,Automobile and Auto Components,0
2024-01-03,130401.8515625,130760.46648537421,128808.37063581591,129547.27136659501,7203,128898.6953125,123935.48359375,122473.12916666667,121211.18125,119359.448125,118005.48932291666,0.7351270713649012,0.004643049576100004,-0.0065534360568139105,0.0027500753906268827,-0.012219772247024863,Automobile and Auto Components,0
2024-01-04,131314.390625,131753.98662813022,129955.66203610854,130306.14062122769,6833,130026.6953125,125352.4546875,123253.60104166667,122080.932421875,120128.0328125,118673.67708333333,0.7844859946148032,0.00699789958168371,-0.00767813793273886,0.0033476605346751676,-0.01034714156174732,Automobile and Auto Components,0
2024-01-05,132504.140625,133301.75099759115,131404.52637974397,131404.52637974397,8182,130650.171875,126862.81484375,124061.89635416666,122844.432421875,120967.5146875,119389.39609375,0.848839161892583,0.009060316956407457,-0.008298716101016401,0.006019512815440775,-0.008298716101016401,Automobile and Auto Components,0
2024-01-08,131724.625,133401.48967763575,131005.10169588287,133202.83209857065,7613,131148.8390625,128098.60625,124849.82708333334,123541.954296875,121786.7478125,120073.10859375,0.806675430510975,-0.0058829529501731375,0.011221949567673084,0.012730077444788712,-0.005462329493191809,Automobile and Auto Components,0
2024-01-09,131496.828125,132902.28413335662,131007.30637596635,131803.91814878344,5777,131488.3671875,129239.2203125,125666.86510416666,124173.11484375,122592.980625,120746.91458333333,0.7943539760859021,-0.0017293416094371118,0.0023353416820939277,0.010688136196111087,-0.0037226886459064135,Automobile and Auto Components,0
2024-01-10,131632.59375,132003.22990333344,130016.59141417027,131902.78557115796,5915,131734.515625,130316.60546875,126535.1609375,124788.47578125,123315.848125,121421.959375,0.8016974919305732,0.001032463116684017,0.0020526209615767677,0.0028156867746400582,-0.012276612423963051,Automobile and Auto Components,0
2024-01-11,133169.890625,133426.5088684364,131806.62180853426,132262.24088459657,4736,132105.615625,131066.15546875,127603.50833333333,125466.6046875,124085.8690625,122124.29661458333,0.8848493498439862,0.01167869470018705,-0.006815727910743141,0.001926998980265049,-0.010237064925619266,Automobile and Auto Components,0
2024-01-12,134151.515625,134439.89909494435,132464.27574328266,133669.13950923827,6940,132435.090625,131542.63125,128720.24010416666,126155.194921875,124762.5640625,122878.77734375,0.9379451076326398,0.007371223295243283,-0.003595755989146854,0.0021496847694997268,-0.01257712127855315,Automobile and Auto Components,0
2024-01-15,135749.203125,136596.73912671194,133451.51200874872,134498.90693176343,8379,133240.00625,132194.42265625,129812.40625,126947.371875,125481.5646875,123695.62421875,1.024363473629797,0.011909574726431645,-0.009210339099267384,0.006243395778401162,-0.016926000767279126,Automobile and Auto Components,0
2024-01-16,136391.796875,137595.30332721313,135014.4396806589,135014.4396806589,7490,134219.0,132853.68359375,130899.146875,127804.898828125,126182.291875,124530.65052083334,1.0591211480029055,0.0047336834044490825,-0.010098533972709656,0.008823891757332891,-0.010098533972709656,Automobile and Auto Components,0
2024-01-17,134677.9375,150030.9563020847,133800.99212517077,136026.63417889114,37455,134828.06875,133281.2921875,131820.4265625,128608.387890625,126796.394375,125234.5515625,0.9664190853427113,-0.012565707133917397,0.01001423621364217,0.11399802437637341,-0.006511425635911783,Automobile and Auto Components,0
2024-01-18,137382.8125,137745.02362212812,133551.30967507995,136197.37300696003,14497,135670.653125,133888.134375,132600.98802083332,129620.29453125,127507.414375,126016.66640625,1.11272484145995,0.020084024527031386,-0.008628732164294384,0.0026365097317258,-0.027889244332656604,Automobile and Auto Components,0
2024-01-19,139224.828125,139787.99030771793,137828.296372527,138788.82052420668,10260,136685.315625,134560.203125,133256.859375,130711.508984375,128261.2190625,126749.68932291666,1.2123588314947549,0.013407904464031846,-0.0031316799357213876,0.004044983860294726,-0.01003076657576596,Automobile and Auto Components,0
2024-01-23,140787.796875,147630.16420850414,139613.54383726345,145569.4331287933,22069,137693.034375,135466.5203125,134027.29322916668,131782.56328125,129096.504375,127516.80963541666,1.2968992722753325,0.011226221436572523,0.03396342836473765,0.04860057111042937,-0.008340588202961352,Automobile and Auto Components,0
2024-01-24,139563.4375,141788.92382437765,135903.08562820425,141689.22837761353,17366,138327.3625,136273.18125,134678.24322916666,132756.20078125,129909.3915625,128206.4703125,1.2306740958370113,-0.008696487921371914,0.01523171767400422,0.015946055530322134,-0.026227154743130643,Automobile and Auto Components,0
2024-01-25,136654.65625,140391.09766250924,135930.8268184963,140248.35688851203,13504,138722.70625,136775.3875,135095.096875,133545.996484375,130631.2515625,128784.11302083333,1.073339120963534,-0.020842000613520286,0.02629768159481971,0.02734221807761661,-0.005296778400140978,Automobile and Auto Components,0
2024-01-29,143659.859375,143935.85500401285,136130.51451443142,136653.84528797455,26375,139978.115625,137824.384375,135918.128125,134445.269921875,131691.85875,129585.86458333333,1.4522481426218243,0.05126208881009131,-0.04876807006150152,0.0019211742947096155,-0.052410916266557694,Automobile and Auto Components,0
2024-01-30,140410.9375,144534.95794845812,139796.00865365064,144435.1065094609,13414,140215.3375,138450.3265625,136445.24791666667,134996.47890625,132612.2746875,130253.57213541666,1.276515078621561,-0.02261537696844902,0.028659939753346464,0.029371076939487928,-0.004379493914776766,Automobile and Auto Components,0
2024-01-31,142365.609375,142632.75881261122,140291.38269559017,140790.5463413843,11634,140530.9,139111.9671875,137154.646875,135653.194921875,133532.230625,131002.23697916667,1.3822426063753301,0.013921079866018272,-0.011063507826998387,0.0018765026103146898,-0.014569717282958305,Automobile and Auto Components,0
2024-02-01,142266.140625,144135.56252021287,141490.49771165004,143286.82522792203,12544,141071.440625,139699.4015625,137872.60104166667,136276.542578125,134419.24875,131769.73307291666,1.376862375984356,-0.0006986852403236868,0.007174473127885328,0.013140314954775523,-0.005452055632790942,Automobile and Auto Components,0
2024-02-02,140732.484375,143286.29459791005,140238.67211522785,142787.58337603344,12058,141887.00625,140304.85625,138479.26041666666,136793.07421875,135214.1984375,132507.21067708332,1.2939074382219162,-0.010780191570969594,0.014602875875887822,0.018146558232462473,-0.0035088718995134327,Automobile and Auto Components,0
2024-02-05,141435.34375,143760.47851391174,140202.72433093775,142672.75291859268,19822,141442.103125,140710.109375,139030.290625,137299.121875,135844.6365625,133316.89947916666,1.3319248594718684,0.004994293805878818,0.008748938813907259,0.016439559605565313,-0.008715073519678485,Automobile and Auto Components,0
2024-02-06,143174.703125,143386.6846365944,141550.51005062636,142033.69746610287,8245,141994.85625,141105.096875,139631.83645833333,137832.65,136396.154375,134176.03828125,1.4260062083397396,0.01229791174456703,-0.007969324426682856,0.0014805793688941193,-0.011344134396113481,Automobile and Auto Components,0
2024-02-07,142784.359375,144612.3895941264,142320.25300697843,144170.50017127788,7534,142078.60625,141304.753125,140100.846875,138385.63671875,136938.2771875,134956.6265625,1.40489264949159,-0.0027263457962906114,0.009707931613415655,0.012802734326981646,-0.0032504006044714595,Automobile and Auto Components,0
2024-02-08,142271.4375,143636.31323365337,141799.093328212,143636.31323365337,7121,142079.665625,141575.553125,140492.82291666666,138924.3671875,137437.1671875,135695.98489583333,1.3771488821267592,-0.003592283337230892,0.009593462733188174,0.009593462733188174,-0.0033200210814485764,Automobile and Auto Components,0
2024-02-09,136879.703125,143536.45589578603,136097.52305110006,143536.45589578603,26614,141309.109375,141598.0578125,140639.60729166667,139186.72265625,137696.28125,136230.01692708334,1.0855118288367986,-0.03789751808053531,0.04863213916169151,0.04863213916169151,-0.00571436126790581,Automobile and Auto Components,0
2024-02-12,143589.140625,144554.54819322212,137350.67124009712,137395.6043956044,40809,141739.86875,141590.9859375,141053.3625,139707.68515625,138187.27125,136827.17526041667,1.4484229898179366,0.04901703719997749,-0.043133737011287976,0.006723402368869813,-0.04344666565834099,Automobile and Auto Components,0
2024-02-13,144412.5625,145190.49890764567,142288.90937611615,144586.89689130065,15951,141987.440625,141991.1484375,141399.21145833333,140220.7375,138663.608125,137328.03541666668,1.4929615951233017,0.0057345692816037075,0.0012071968551949919,0.005386902594749499,-0.014705459740622318,Automobile and Auto Components,0
2024-02-14,147065.71875,147815.6031898511,142556.33335448225,143885.94911124388,11908,142843.7125,142461.159375,141817.73958333334,140786.56328125,139277.251875,137922.51640625,1.6364699018855098,0.018372059909954164,-0.02162141976922216,0.0050989751127918925,-0.030662383007037386,Automobile and Auto Components,0
2024-02-15,148289.234375,149976.2870526358,146831.55920325147,147780.14799103176,16290,144047.271875,143063.46875,142399.459375,141381.43515625,139948.948125,138538.85130208332,1.7026494401772536,0.00831951616868564,-0.0034330636752823995,0.011376771110500838,-0.009829946036826298,Automobile and Auto Components,0
2024-02-16,147834.5625,148978.36084009605,147280.79260853108,148626.88374213548,9418,146238.24375,143773.6765625,143144.78645833334,142039.26640625,140597.026875,139119.94166666668,1.678056395227998,-0.0030661151965368358,0.005359512882080475,0.007737015761088095,-0.003745875674160626,Automobile and Auto Components,0
2024-02-19,148681.109375,149327.8035614872,147881.00278958087,148777.07598395256,11657,147256.6375,144498.253125,143479.53645833334,142604.18125,141217.475625,139698.83229166668,1.7238458238099328,0.005726312309410054,0.0006454526022570128,0.004349538345561621,-0.005381360071783692,Automobile and Auto Components,0
2024-02-20,148405.296875,148716.78656674002,146910.9732493969,148133.60734372222,6520,148055.184375,145021.3125,144012.49375,143063.2046875,141787.626875,140228.87083333332,1.7089272207842527,-0.001855060815455393,-0.0018307266451993431,0.00209891222415326,-0.010069206807771569,Automobile and Auto Components,0
2024-02-21,149466.609375,150573.73465753163,148482.10102588744,148482.10102588744,12528,148535.3625,145689.5375,144485.89375,143497.1453125,142336.323125,140820.2703125,1.7663332479718963,0.007151446224280868,-0.006586811283331495,0.007407174667045213,-0.006586811283331495,Automobile and Auto Components,0
2024-02-22,149944.453125,150519.10980333237,148684.84849826767,148987.357684198,7334,148866.40625,146456.8390625,144997.78125,144016.19609375,142878.429375,141435.19114583332,1.792179651650309,0.0031969933083925623,-0.006382999976692116,0.0038324637314413046,-0.008400474979106232,Automobile and Auto Components,0
2024-02-23,150504.125,151223.0698996517,149830.11415657654,149944.44636631283,7594,149400.31875,147819.28125,145649.22395833334,144708.66953125,143511.476875,142064.2421875,1.8224521103958804,0.003732528035121339,-0.0037186929839110316,0.004776911593962652,-0.004478354619339875,Automobile and Auto Components,0
2024-02-26,148157.34375,151003.1677846656,147159.21465573632,150628.9668874758,24255,149295.565625,148276.1015625,146097.35729166667,144933.54375,143942.458125,142563.82395833332,1.6955155217464943,-0.015592803519504863,0.016682420694895894,0.019208119979983174,-0.006736953221488151,Automobile and Auto Components,0
2024-02-27,146933.546875,149430.7262794363,145893.916172642,148681.8252122156,11115,149001.215625,148528.2,146347.946875,145259.67421875,144250.806875,142989.89166666666,1.6293207707392245,-0.008260116198256288,0.011898428741415223,0.016995297925807895,-0.007075516275683702,Automobile and Auto Components,0
2024-02-28,145814.4375,148282.409736633,145486.51244866956,147283.87499093177,9984,148270.78125,148403.071875,146549.95208333334,145432.115625,144451.8725,143325.39947916666,1.5687885305110196,-0.0076164320456515895,0.010077448544364875,0.0169254312463607,-0.002248920319227299,Automobile and Auto Components,0
2024-02-29,145867.5,146871.88553343332,144534.61213792296,146085.63303523,58201,147455.390625,148160.8984375,146789.68958333333,145612.18359375,144704.035,143641.25625,1.5716586628402294,0.00036390429445643885,0.0014954190291189828,0.006885601888243276,-0.009137661659225249,Automobile and Auto Components,0
2024-03-01,144973.25,147283.85915308638,143888.84138277796,145867.4845749321,8313,146349.215625,147874.7671875,147329.259375,145824.221875,145036.77875,143984.43333333332,1.5232889886749388,-0.00613056369650539,0.0061682729395395874,0.015938175857176162,-0.007480060060887417,Automobile and Auto Components,0
2024-03-04,145931.640625,146584.8851067069,144403.83581996083,145411.60690506944,9680,145904.075,147599.8203125,147485.42604166668,146049.03671875,145127.65,144269.39427083332,1.5751280071309848,0.006610810097724925,-0.003563543298104155,0.004476373176572013,-0.010469318363693025,Automobile and Auto Components,0
2024-03-05,145183.203125,146929.34390237354,144787.5337439927,146285.28901089163,4157,145554.00625,147277.6109375,147536.80208333334,146149.46171875,145318.540625,144468.00677083334,1.5346452808149829,-0.005128685573564249,0.007591001315370827,0.012027154242286286,-0.002725311003550668,Automobile and Auto Components,0
2024-03-06,145526.53125,145935.79003122705,143788.98737328415,145366.67209585215,5515,145496.425,146883.603125,147434.18958333333,146286.5703125,145444.9775,144625.96458333332,1.5532157807177285,0.0023647923286580263,-0.0010984880404606434,0.0028122623257196278,-0.011939705164351944,Automobile and Auto Components,0
2024-03-07,143745.71875,145522.36164202285,143317.8934308508,145522.36164202285,7336,145072.06875,146263.7296875,147131.28854166667,146360.284375,145504.160625,144765.37395833334,1.4568922466115202,-0.01223702980277007,0.012359623002843989,0.012359623002843989,-0.0029762647741410353,Automobile and Auto Components,0
2024-03-11,144738.3125,145124.33978922118,143674.87300305898,144288.2697727514,10522,145025.08125,145687.1484375,146924.871875,146753.21484375,145664.39375,145034.82916666666,1.5105813003056818,0.006905205655037987,-0.003109354527320418,0.0026670705396070193,-0.0073473255185355635,Automobile and Auto Components,0
2024-03-12,142068.1875,144432.56180223697,141392.52271048506,144432.56180223697,6303,144252.390625,145078.2328125,146484.01041666666,146677.1671875,145689.7075,144981.7734375,1.3661551597067476,-0.018447948949245903,0.016642531616988254,0.016642531616988254,-0.004755918980911433,Automobile and Auto Components,0
2024-03-13,138853.953125,143289.7410618546,137545.07685459277,142068.1897784599,9846,142986.540625,144270.2734375,145847.25416666668,146399.23671875,145516.8775,144929.87395833334,1.1922983306213388,-0.022624589160750712,0.023148326577107747,0.031945708689052665,-0.009426280209890336,Automobile and Auto Components,0
2024-03-14,140096.125,142713.9866547916,138696.47573103898,138896.18267953582,7838,141900.459375,143698.4421875,145222.55520833333,146050.75703125,145409.348125,144854.22447916667,1.259486979042964,0.008945887726233937,-0.008565135691398829,0.018686181754074882,-0.009990635136846393,Automobile and Auto Components,0
2024-03-15,141104.984375,142423.7990991129,137344.29981300872,140294.12738054997,23415,141372.3125,143222.190625,144633.25729166667,145691.54453125,145362.69,144815.51927083332,1.314055834785037,0.007201194001618532,-0.005746480168943635,0.009346336913287345,-0.026651677675658125,Automobile and Auto Components,0
2024-03-18,136811.984375,141092.95224121478,136100.27877195735,141092.95224121478,16839,139787.046875,142406.0640625,143720.44791666666,145140.415625,145359.98125,144684.8359375,1.0818489449985198,-0.03042415559602729,0.031290883512665735,0.031290883512665735,-0.005202070610216936,Automobile and Auto Components,0
2024-03-19,132485.34375,136789.27824564412,131956.5259762508,136789.27824564412,13171,137870.478125,141061.434375,142675.64791666667,144330.62734375,144915.829375,144386.50260416666,0.847822445404939,-0.031624719462738954,0.03248611788912781,0.03248611788912781,-0.003991519052455206,Automobile and Auto Components,0
2024-03-20,131319.953125,133842.64187534936,129424.67962282566,132485.63319355663,14354,136363.678125,139675.109375,141634.74166666667,143476.36015625,144392.125,143991.34427083333,0.78478686832187,-0.008796373938532352,0.008876640912649725,0.019210247112623424,-0.014432486892302476,Automobile and Auto Components,0
2024-03-21,131390.78125,132775.06235405398,130853.52278759863,131828.5450931264,10316,134622.609375,138261.534375,140673.16458333333,142572.56875,143765.1275,143611.55833333332,0.7886179371817955,0.0005393553935598848,0.0033317698468773305,0.010535602961520452,-0.004089011856768798,Automobile and Auto Components,0
2024-03-22,131110.546875,132555.37969106497,130308.77036633671,131507.01193292372,11040,132623.721875,136998.0171875,139689.36770833333,141630.8734375,143077.98,143239.52864583334,0.7734601564620148,-0.002132831332106871,0.003023899048348211,0.011019958733315738,-0.006115270874643586,Automobile and Auto Components,0
2024-03-26,131452.5,132123.45287815065,130508.52590487515,131801.58147371738,7707,131551.825,135669.4359375,138787.984375,140678.2921875,142422.6975,143058.621875,0.7919562830888562,0.002608128279153744,0.0026555712041793633,0.005104146959172828,-0.007181104164050489,Automobile and Auto Components,0
2024-03-27,131616.265625,133647.78446748824,131071.65856002783,131806.58009754142,7985,131378.009375,134624.24375,137833.62604166666,139851.23828125,141740.10375,142659.52604166666,0.8008143092792115,0.001245815979155969,0.0014459798843073912,0.01543516550056534,-0.004137840124744607,Automobile and Auto Components,0
2024-03-28,133191.90625,133803.66484357702,131807.09448645217,132694.29266715006,10442,131752.4,134058.0390625,137034.20625,139164.15625,141131.568125,142285.50416666668,0.8860401674093149,0.011971473415674188,-0.0037360647269055747,0.004593061326329861,-0.010397116480550639,Automobile and Auto Components,0
2024-04-01,135520.484375,136789.1852150651,134357.89345688483,135795.736726572,12671,132578.340625,133600.475,136367.13645833332,138649.45859375,140573.723125,141900.66302083334,1.0119921553038338,0.01748288008303808,0.002031075618135647,0.009361690565940384,-0.008578709879003554,Automobile and Auto Components,0
2024-04-02,136891.90625,137288.48052217838,134709.01591950675,136100.2711097034,7756,133734.6125,133179.1671875,135910.215625,138200.67890625,140051.62125,141520.75208333333,1.086171891660448,0.01011966479698468,-0.00578292144497472,0.002896988456382088,-0.01594608761241678,Automobile and Auto Components,0
2024-04-03,135991.140625,137353.39156680898,135800.71694045747,136997.96002583695,6928,134642.340625,133097.0828125,135327.07083333333,137751.5734375,139471.101875,141125.97135416666,1.037449789585475,-0.006580123322667223,0.007403566116217064,0.010017203588029489,-0.00140026536778326,Automobile and Auto Components,0
2024-04-04,135162.609375,136916.33275668262,134903.03715805692,136198.1366702293,5388,135351.609375,133364.809375,134866.69895833332,137213.121875,138951.3125,140675.3546875,0.992634819948057,-0.006092538427078143,0.007661344361562961,0.012974915102571094,-0.0019204439611173463,Automobile and Auto Components,0
2024-04-05,135266.09375,135900.5689217224,134302.9134457874,135491.16970601404,6537,135766.446875,133759.4234375,134627.50833333333,136717.26640625,138484.614375,140237.38125,0.9982322541107059,0.0007656287155043687,0.0016639495513932623,0.004690570668027583,-0.007120633689568723,Automobile and Auto Components,0
2024-04-08,132514.0,135600.0184031231,130583.62953094665,134609.47194655202,15744,135165.15,133871.7453125,134122.03333333333,136066.63984375,137952.596875,139672.29427083334,0.8493724520868502,-0.02034577678487888,0.015813211785562498,0.023288244284551896,-0.014567294542865983,Automobile and Auto Components,0
2024-04-09,132728.9375,133793.37555016435,132484.68653735748,132725.23980098075,3764,134332.55625,134033.584375,133563.63020833334,135515.80078125,137427.054375,139098.44375,0.8609983473520469,0.0016219984303545286,-2.7859026741960946e-05,0.008019638145331687,-0.0018402238972380358,Automobile and Auto Components,0
2024-04-10,132485.1875,133691.7763494195,132056.2232040675,133304.39166535359,4292,133631.365625,134136.853125,133275.17708333334,134903.14453125,136927.531875,138497.8125,0.8478139938963135,-0.0018364495685049842,0.006183364199515484,0.00910734907190669,-0.0032378283491691917,Automobile and Auto Components,0
2024-04-12,131523.5,133154.10721701532,131307.31723056716,132805.11932825425,4795,132903.54375,134127.5765625,133211.05416666667,134375.91015625,136351.20625,137943.35104166667,0.7957966486082699,-0.007258830350374075,0.009744413190450718,0.012397839298796898,-0.0016436816951559408,Automobile and Auto Components,0
2024-04-15,129254.125,131206.96246524947,128980.72931507557,131206.96246524947,8752,131701.15,133733.7984375,133073.33229166668,133895.91875,135714.043125,137354.03697916667,0.6730469373319415,-0.01725452105517265,0.0151085117418841,0.0151085117418841,-0.002115179572987902,Automobile and Auto Components,0
2024-04-16,129965.4375,130497.21186321304,127813.59510780606,128311.71572943004,6799,131191.4375,133178.29375,132978.309375,133389.384375,135091.599375,136825.73697916666,0.7115215851985318,0.005503209278620701,-0.012724319652830496,0.004091659855436802,-0.016557035728779312,Automobile and Auto Components,0
2024-04-18,129042.1328125,131310.39792111164,128814.81795577829,130558.36089795754,4811,130454.0765625,132393.31640625,132840.41510416666,132786.241796875,134503.4559375,136264.89140625,0.6615803530043349,-0.007104232519511197,0.011749868453124757,0.017577709382000428,-0.0017615553290025732,Automobile and Auto Components,0
2024-04-19,128968.390625,129331.25656601854,127125.54807427854,128732.0889541542,6377,129750.7171875,131691.04140625,132674.8078125,132394.062109375,133872.6590625,135731.39609375,0.6575916635085444,-0.0005714582198292431,-0.0018322448601603147,0.0028136036997905567,-0.014289102483102778,Automobile and Auto Components,0
2024-04-22,128830.9921875,131458.09014399772,128520.50250705337,129709.65590618609,6055,129212.215625,131057.8796875,132489.12291666667,132211.34453125,133343.17125,135161.37447916667,0.6501598293987372,-0.0010653652172764717,0.006820282167875336,0.020391816533355867,-0.0024100542515014256,Automobile and Auto Components,0
2024-04-23,129037.34375,129913.45651189478,128566.28501800419,129310.24015571472,5398,129168.859375,130435.0046875,132212.15208333332,132097.2140625,132950.506875,134623.17916666667,0.6613213142649643,0.0016017229937938919,0.0021148637889154553,0.00678960629871761,-0.003650561289516685,Automobile and Auto Components,0
2024-04-24,128336.1328125,129956.90293355085,128137.0187422868,129248.13828658254,4696,128842.9984375,130017.21796875,131733.1953125,131944.481640625,132480.1071875,134050.16588541667,0.6233930564310107,-0.005434170582886011,0.007106381142207185,0.01262910207383916,-0.001551504364745826,Automobile and Auto Components,0
2024-04-25,129442.75,129684.2939793808,128012.14624058624,128311.7066452054,5828,128923.121875,129688.59921875,131236.58489583334,131861.091796875,132013.6178125,133573.40026041667,0.6832495985446091,0.008622802972540675,-0.008737788364312382,0.0018660294174899228,-0.011052019208598107,Automobile and Auto Components,0
2024-04-26,130046.9140625,130558.41346822925,129442.75375600737,129509.95202163927,3735,129138.8265625,129444.771875,130840.303125,131790.8125,131743.015,133083.68697916667,0.7159286243712832,0.004667422953390591,-0.004128987179216503,0.003933191413395765,-0.004645710441097184,Automobile and Auto Components,0
2024-04-29,130629.6015625,131047.69115263749,130208.92202304122,130808.0428298957,3233,129498.5484375,129355.38203125,130538.10260416666,131741.479296875,131668.7853125,132702.40078125,0.7474459903373865,0.004480594593117088,0.001366009428654058,0.0032005731100499535,-0.0032203997748359026,Automobile and Auto Components,0
2024-04-30,132824.53125,135383.7287165837,130860.60864664965,130860.60864664965,14637,130255.9859375,129712.42265625,130375.33177083333,131723.110546875,131728.9684375,132501.42005208333,0.8661689803291095,0.016802697560474693,-0.0147858425312557,0.019267506103724186,-0.0147858425312557,Automobile and Auto Components,0
2024-05-02,133665.8125,134802.19185693283,132305.85497069333,133842.0538841685,9911,131321.921875,130082.46015625,130452.11927083334,131630.376953125,131819.9696875,132287.07630208333,0.9116735930703659,0.006333779175298238,0.0013185225217442476,0.008501645526845847,-0.010174310871799541,Automobile and Auto Components,0
2024-05-03,128372.015625,134103.20680375732,127580.67689535013,134103.20680375732,32315,131107.775,130015.4484375,130161.6578125,131204.382421875,131710.4284375,131862.64401041667,0.6253339453868499,-0.03960471848401775,0.04464517559262493,0.04464517559262493,-0.0061644177338582296,Automobile and Auto Components,0
2024-05-06,126290.171875,129260.31325607529,124817.93391520457,129260.31325607529,16067,130356.4265625,129747.6265625,129748.65677083333,130719.333984375,131503.9353125,131511.91692708334,0.5127277347628109,-0.016217270873750838,0.023518388936987877,0.023518388936987877,-0.011657581409047602,Automobile and Auto Components,0
2024-05-07,124332.046875,126799.97215210636,122930.70486008968,126290.17338975833,13141,129096.915625,129297.73203125,129269.2265625,130177.805859375,131212.5665625,131240.14036458332,0.4068134286684191,-0.015504967416927114,0.015749169775407745,0.019849470342811593,-0.011270963923880273,Automobile and Auto Components,0
2024-05-08,126492.03125,127003.78029819622,123658.5407387686,124332.05241293123,9470,127830.415625,129043.20078125,129085.08697916666,129739.102734375,130944.5715625,131079.20963541666,0.5236462387560558,0.017372708238058594,-0.01707600720554303,0.0040457018765458486,-0.022400545577699438,Automobile and Auto Components,0
2024-05-09,126040.1953125,127512.78441489385,125615.66982956236,126114.93719772437,7038,126305.2921875,128813.60703125,128823.40416666666,129415.4125,130565.36,130900.85677083333,0.4992065886883525,-0.0035720506108956962,0.0005930003919707438,0.011683487944006643,-0.0033681753815525406,Automobile and Auto Components,0
2024-05-10,127408.7421875,127663.6181797699,125359.49926826045,126514.35150086485,5922,126112.6375,128610.20625,128714.51145833333,129149.402734375,130186.0334375,130777.46328125,0.5732308172862578,0.010858019313655211,-0.007019853357620676,0.0020004592141316113,-0.016084005571798232,Automobile and Auto Components,0
2024-05-13,128693.046875,129010.47949365836,125439.07194455406,127408.73623363994,9777,126593.2125,128474.81953125,128696.15520833334,128959.795703125,129894.1096875,130685.48151041666,0.6426984150087408,0.010080192814477078,-0.009979642821010493,0.002466587172861745,-0.025284776524146957,Automobile and Auto Components,0
2024-05-14,128007.109375,128810.97661679106,127512.88150359859,128511.41620605433,5329,127328.225,128212.5703125,128641.2296875,128783.976171875,129607.8896875,130565.17630208333,0.605596292142927,-0.005330027663936292,0.0039396783000305025,0.006279864030333648,-0.003860940800979762,Automobile and Auto Components,0
2024-05-15,127258.703125,128361.58466494559,127115.41340025379,127812.43740428657,6132,127481.559375,127655.9875,128522.65364583333,128684.205078125,129287.5940625,130367.40286458333,0.5651152561286501,-0.005846599096363666,0.004351248800191332,0.008666452767967403,-0.0011259719078345887,Automobile and Auto Components,0
2024-05-16,128775.3203125,128960.75131925443,126863.82853357549,127368.08853679828,6690,128028.584375,127166.93828125,128551.9328125,128624.69921875,129138.046875,130142.5640625,0.6471485568754821,0.011917591097956585,-0.010927806448368993,0.0014399576433157257,-0.014843618903729983,Automobile and Auto Components,0
2024-05-17,128954.3671875,129399.26120178214,128211.85522584144,128711.12257485172,9747,128337.709375,127225.1734375,128519.37395833334,128620.3109375,128987.0640625,129877.97942708334,0.6568331406094083,0.001390381903655962,-0.0018862844117144562,0.003450011224786609,-0.005757943510194874,Automobile and Auto Components,0
2024-05-21,129430.8203125,129801.82277017592,127373.08987228124,127373.08987228124,7993,128485.2640625,127539.23828125,128478.30104166667,128643.432421875,128864.889375,129659.30208333333,0.6826043258610545,0.003694742065673789,-0.015898303319491713,0.002866415099434194,-0.015898303319491713,Automobile and Auto Components,0
2024-05-22,129291.5234375,130009.22026596515,128810.97860452769,129460.02617113965,7108,128742.146875,128035.1859375,128389.09583333334,128666.458984375,128775.6103125,129463.59921875,0.6750698059214478,-0.0010762264711270408,0.001303277501568667,0.005550996765941063,-0.00371675435632568,Automobile and Auto Components,0
2024-05-23,129970.0234375,130393.65177740554,128861.94637767269,129291.51911937198,11228,129284.4109375,128382.98515625,128198.7953125,128713.09296875,128804.24625,129287.06354166666,0.7117696369766894,0.005247830499328824,-0.005220467767741099,0.0032594311265108367,-0.008525635608276683,Automobile and Auto Components,0
2024-05-24,130847.5390625,131304.32189692018,128779.2303823843,129959.2956104258,8423,129698.8546875,128863.71953125,128010.91041666667,128838.66328125,128839.5303125,129231.51484375,0.7592341545681922,0.006751677054378465,-0.006788384851853624,0.003490954722518591,-0.01580701245842897,Automobile and Auto Components,0
2024-05-27,130761.859375,132605.40400713994,129960.28566967823,130608.334669683,16733,130060.353125,129199.03125,128170.23333333334,128904.61875,128908.319375,129165.94557291667,0.7545997698134157,-0.0006548054943476977,-0.0011740786346324805,0.014098488970342604,-0.006130026822446899,Automobile and Auto Components,0
2024-05-28,128920.0234375,131305.52291032998,128810.98032443222,131107.61020618567,5327,129958.19375,129221.72890625,128345.55677083334,128848.27421875,128906.3846875,129047.10677083333,0.65497549901353,-0.014085421745326876,0.01696855701974176,0.01850371578613985,-0.0008458198358972657,Automobile and Auto Components,0
2024-05-29,127960.078125,129509.90541257313,127732.56043053298,129310.24527637601,5173,129691.9046875,129217.02578125,128587.42552083333,128714.798046875,128871.548125,128928.32604166666,0.6030523880466604,-0.00744605288537958,0.01055147176494442,0.012111803230216545,-0.0017780365392147113,Automobile and Auto Components,0
2024-05-30,125282.1953125,127814.93164812269,124866.75809142589,127812.4353114955,8549,128754.3390625,129019.375,128506.76979166667,128337.68125,128721.3421875,128795.92838541667,0.4582066300444717,-0.020927486539075602,0.020196325524821424,0.02021625123430426,-0.0033160116650083893,Automobile and Auto Components,0
2024-05-31,125247.6953125,126713.99659711104,124844.33413193107,125915.21570663071,14691,127634.3703125,128666.6125,128453.93645833334,127916.775390625,128597.8046875,128638.6703125,0.4563405369399679,-0.0002753783162399436,0.005329602213160145,0.011707211705193732,-0.003220507807050077,Automobile and Auto Components,0
2024-06-03,126784.3515625,128711.12572314008,126514.49755375928,128711.12572314008,17642,126838.86875,128449.6109375,128412.31041666666,127837.3921875,128491.46875,128563.4109375,0.5394577436680166,0.012268938331886721,0.015197255314984615,0.015197255314984615,-0.002128448861511867,Automobile and Auto Components,0
2024-06-04,121724.5859375,126813.91479279473,116177.3742863906,126813.91479279473,19731,125399.78125,127678.9875,127947.74635416667,127609.112890625,128158.575625,128321.95078125,0.26577676560372976,-0.039908439508843666,0.04181019648658224,0.04181019648658224,-0.04557182600693044,Automobile and Auto Components,0
2024-06-05,127772.203125,128140.31138008051,121838.10645925759,122969.54768230868,9992,125362.20625,127527.05546875,127932.0859375,127781.120703125,128044.2796875,128286.6578125,0.5928902940753952,0.04968279120378503,-0.03758763897960549,0.002880972903945178,-0.04644278270710467,Automobile and Auto Components,0
2024-06-06,125947.2265625,128509.06876887854,125749.01742301436,128311.70994410495,10281,125495.2125,127124.77578125,127844.65416666666,127753.88046875,127769.1875,128183.65390625,0.4941779410561977,-0.014283048408538584,0.018773604200260863,0.020340600395096775,-0.0015737475520136712,Automobile and Auto Components,0
2024-06-07,127093.953125,127263.25156835625,125617.16706297817,125947.2295981548,7440,125864.4640625,126749.4171875,127732.56302083333,127806.568359375,127506.313125,128142.24791666666,0.5562039854339543,0.009104817897128912,-0.009022644261583168,0.001332073156853797,-0.011619640633645067,Automobile and Auto Components,0
2024-06-10,126777.2578125,128012.14879890854,125864.69850853478,128011.15026420652,14250,125863.0453125,126350.95703125,127587.42239583333,127774.994140625,127442.5228125,128053.39817708333,0.5390740451764202,-0.0024918204581182743,0.009732758642968964,0.009740634934973125,-0.007198130955907489,Automobile and Auto Components,0
2024-06-11,126073.890625,127313.17359500467,125870.29096092794,126783.95020672739,4595,126732.90625,126066.34375,127363.62708333334,127644.036328125,127433.8715625,127920.9640625,0.5010291565234352,-0.005548054908556709,0.0056320906589566455,0.009829814594132458,-0.0016149233046012235,Automobile and Auto Components,0
2024-06-12,125892.703125,126714.04466525228,125645.65941646602,126214.77734978635,5185,126357.00625,125859.60625,127137.0390625,127538.316015625,127496.2978125,127763.06744791666,0.49122878712133994,-0.0014371532368976576,0.002558323213272873,0.006524139365224002,-0.0019623354046873764,Automobile and Auto Components,0
2024-06-13,125894.8515625,126579.54209542094,125666.73319993833,125916.67110494185,2995,126346.53125,125920.871875,126865.3609375,127470.1234375,127472.410625,127532.078125,0.49134499536494014,1.7065623715036104e-05,0.0001733156056109575,0.005438590414327038,-0.0018119753090015678,Automobile and Auto Components,0
2024-06-14,125396.6875,126140.89227830958,125203.26821161441,125894.25421177741,5958,126007.078125,125935.77109375,126501.97083333334,127301.191796875,127446.6703125,127256.440625,0.46439947298978496,-0.003956985184995341,0.003967941432084565,0.005934804125584003,-0.0015424593124566677,Automobile and Auto Components,0
2024-06-18,125663.796875,126144.84096336414,125396.68884461618,125396.68884461618,3439,125784.3859375,125823.715625,126162.1,127136.66328125,127376.8725,127166.16666666667,0.4788473269850262,0.002130115079794273,-0.0021255766340525506,0.003828024461513424,-0.0021255766340525506,Automobile and Auto Components,0
2024-06-19,124765.6640625,126013.03674481636,124567.20528854331,125715.52020703489,3973,125522.740625,126127.8234375,125885.14270833334,126903.40546875,127219.7771875,127115.34973958334,0.43026763283039254,-0.007147108672781777,0.007613121379765664,0.009997724066867386,-0.0015906521673886287,Automobile and Auto Components,0
2024-06-20,126116.078125,126514.34524639059,124432.75146470769,125016.54321111366,6497,125567.415625,125962.2109375,125762.209375,126744.633203125,127144.1359375,127174.81744791666,0.5033110638523121,0.010823603373950103,-0.008718435668420788,0.0031579409010471515,-0.013347439004754658,Automobile and Auto Components,0
2024-06-21,125105.7109375,126913.76084599204,124816.83796812751,126114.93308299604,7878,125409.5875,125878.059375,125750.44375,126501.417578125,127058.01625,127128.60677083333,0.4486606510520032,-0.008011406654261593,0.008066955040927137,0.01445217724229475,-0.002309031036295428,Automobile and Auto Components,0
2024-06-24,125061.7734375,126159.26447328208,124317.56865496072,125509.81907242275,9053,125342.6046875,125674.84140625,125738.04895833334,126212.129296875,126909.474375,127095.99270833333,0.446284086826521,-0.00035120299201968634,0.003582594605910261,0.00877559149863294,-0.00595069749999344,Automobile and Auto Components,0
2024-06-25,126768.828125,127582.78214800893,125276.46336720398,125815.37568012152,6690,125563.6109375,125673.9984375,125737.0140625,126012.477734375,126822.0528125,127074.66223958334,0.5386180862860761,0.01364969199283829,-0.007521190019508017,0.0064207742159321235,-0.011772332203974334,Automobile and Auto Components,0
2024-06-26,125742.9375,127293.20950046014,125616.17039349418,127293.20950046014,5775,125759.065625,125640.903125,126004.90416666666,125853.6234375,126674.5375,126976.32526041666,0.48312801610382683,-0.008092609517447174,0.012328899191337506,0.012328899191337506,-0.0010081449425803912,Automobile and Auto Components,0
2024-06-27,125027.5234375,125969.59408383394,124617.17249814441,125742.92671578871,6984,125541.3546875,125554.38515625,125821.92552083333,125706.995703125,126503.9775,126877.00572916666,0.44443151613581794,-0.005689496974730688,0.0057219663208503135,0.007534906078539461,-0.003282084840788846,Automobile and Auto Components,0
2024-06-28,129269.453125,130645.68358781311,125216.20571446442,125327.08987348869,21408,126374.103125,125891.8453125,126043.40729166666,125906.35859375,126475.9546875,126944.03072916667,0.6738760303281002,0.033927966985769324,-0.03049725326600672,0.010646215556294969,-0.03135502868273299,Automobile and Auto Components,0
2024-07-01,129477.953125,130308.7808174461,127514.38140658308,129410.59883778868,11010,127257.3390625,126299.971875,126202.340625,126117.871484375,126421.17125,126967.45182291667,0.6851537234379276,0.0016129100492007671,-0.0005201988878082986,0.006416750283687378,-0.015165297805729616,Automobile and Auto Components,0
2024-07-02,128498.53125,129769.51765263555,127937.3547708839,129579.84287348145,6210,127603.2796875,126583.4453125,126317.0921875,126203.58046875,126330.638125,126952.25729166667,0.6321771319208931,-0.0075643910902302505,0.00841497263013613,0.00989105782199795,-0.004367182049920149,Automobile and Auto Components,0
2024-07-03,128738.9765625,129135.54304661074,127812.43780211214,129033.14643658935,6825,128202.4875,126980.7765625,126494.76458333334,126554.3,126323.39625,126929.19583333333,0.6451827359691978,0.001871191134723573,0.002285010196166448,0.0030803917717818763,-0.0071970337587548006,Automobile and Auto Components,0
2024-07-04,128329.5390625,128960.76123605153,127642.74219001278,128786.0176571409,4989,128862.890625,127202.12265625,126657.2203125,126582.166796875,126338.1746875,126897.1296875,0.6230364027670159,-0.0031803693872090627,0.003557081229899728,0.004918759766168179,-0.005351822172077858,Automobile and Auto Components,0
2024-07-05,128762.09375,130458.55738375525,128012.14739071889,128311.70779802946,7882,128761.41875,127567.7609375,126848.36979166667,126722.91015625,126477.370625,126856.86536458334,0.6464331366703361,0.0033706556624452147,-0.0034978147594042497,0.013175179001430726,-0.005824279005102073,Automobile and Auto Components,0
2024-07-08,128582.4140625,131038.20875865551,127871.30913170819,128984.7221354073,20120,128582.3109375,127919.825,127060.7515625,126797.333203125,126610.759375,126781.36119791666,0.6367143243264767,-0.0013954393118898783,0.0031287954565213383,0.01909899354480804,-0.005530343600845478,Automobile and Auto Components,0
2024-07-09,131158.078125,131457.04565321276,128571.12436662918,129310.24286751756,7879,129114.2203125,128358.75,127427.03697916666,127016.37421875,126785.7084375,126794.56848958334,0.7760311053858828,0.02003123118568958,-0.014088611878876112,0.002279444259070562,-0.019723937673936653,Automobile and Auto Components,0
2024-07-10,130680.6796875,131805.5757814413,128012.14263123793,131805.5757814413,7283,129502.5609375,128852.52421875,127821.37135416667,127246.713671875,127143.9521875,126853.25703125,0.7502087885070526,-0.003639870637971808,0.00860797553725079,0.00860797553725079,-0.020420287548575722,Automobile and Auto Components,0
2024-07-11,130414.515625,131140.50492592406,130089.094741426,130209.91743457702,3872,129919.55625,129391.2234375,128107.93385416667,127472.804296875,127249.6446875,126935.07161458333,0.7358120661389955,-0.0020367514397421627,-0.0015688298916916033,0.005566782941644366,-0.002495281158040208,Automobile and Auto Components,0
2024-07-12,129500.859375,130807.99587449628,129031.79771050144,130418.61415679769,4312,130067.309375,129414.3640625,128400.94375,127653.1046875,127391.79,127075.69375,0.6863927146024215,-0.0070057864772290375,0.007086862482820422,0.010093651160345996,-0.003622073758910549,Automobile and Auto Components,0
2024-07-15,131069.5,134153.13103888958,130029.18290944697,130029.18290944697,16952,130564.7265625,129573.51875,128801.45885416666,127936.7453125,127550.811875,127269.75390625,0.7712399451461038,0.012112974636389358,-0.00793714091037978,0.023526686520430662,-0.00793714091037978,Automobile and Auto Components,0
2024-07-16,132986.4375,133284.4064835348,131207.4543896949,131656.79498691988,8534,130930.3984375,130022.309375,129215.96614583333,128302.87734375,127799.1790625,127476.49010416666,0.8749264335668216,0.0146253514356887,-0.00999833169514086,0.0022405967791625514,-0.013377176979457728,Automobile and Auto Components,0
2024-07-18,132106.984375,132979.70370974534,130594.36031350895,132506.64789185562,5679,131215.659375,130359.11015625,129640.2359375,128669.943359375,128040.5028125,127822.57005208333,0.827357117268363,-0.006613103873844279,0.003025301945589254,0.006606155903672972,-0.011449993114650892,Automobile and Auto Components,0
2024-07-19,127935.8046875,132056.21123202983,127313.17150914029,132056.21123202983,18338,130719.9171875,130319.73671875,129834.12135416667,128760.9296875,128122.226875,127828.0234375,0.6017394461816936,-0.031574255571981374,0.03220682868720348,0.03220682868720348,-0.004866762513282108,Automobile and Auto Components,0
2024-07-22,130782.5859375,131367.22801719035,126414.64401641235,127935.81025159093,19170,130976.2625,130521.7859375,129934.996875,129044.7734375,128317.73625,127989.20208333334,0.7557208624325843,0.02225163828807453,-0.021767238088330254,0.00447033582872991,-0.03339849789462834,Automobile and Auto Components,0
2024-07-23,131811.28125,133540.08812255194,126040.6476029119,130309.78144860132,18946,131124.61875,130844.67265625,130090.55208333333,129382.248828125,128574.32,128146.44635416666,0.8113626371946607,0.007865690260870094,-0.011391284472463736,0.013115773218780769,-0.04377951259075641,Automobile and Auto Components,0
2024-07-24,137071.5,137673.959623696,130763.64757439858,131277.50285244352,22893,131941.63125,131436.01484375,130662.08333333333,129897.382421875,129030.628125,128489.58776041666,1.095886055674563,0.03990719686597387,-0.04226988941943788,0.0043952216448786,-0.04601870137556985,Automobile and Auto Components,0
2024-07-25,137582.921875,139987.7027694127,134493.14543779823,134493.14543779823,17629,133036.81875,132126.2390625,131251.6796875,130489.381640625,129543.3184375,128873.22213541667,1.1235486885565895,0.003731059155258387,-0.022457557922842764,0.0174787747028482,-0.022457557922842764,Automobile and Auto Components,0
2024-07-26,138863.109375,139315.69517156086,136198.95129509608,137882.81669547426,13182,135222.2796875,132971.0984375,131953.91770833332,131181.1609375,130053.1996875,129305.56901041667,1.1927935890267916,0.009304843090649764,-0.007059417608736185,0.0032592226877092845,-0.019185499243786652,Automobile and Auto Components,0
2024-07-29,139247.328125,140470.96740314382,138492.7737460187,138873.25389338593,12647,136915.228125,133945.7453125,132652.93333333332,131680.0546875,130618.864375,129750.6515625,1.2135758487368224,0.002766888569104533,-0.002686401503361413,0.008787524289481263,-0.005418806875087334,Automobile and Auto Components,0
2024-07-30,139931.203125,140492.67384645756,139247.33253622561,139252.73850432513,7514,138539.2125,134831.915625,133409.51927083332,132202.7171875,131213.6415625,130235.13541666667,1.2505664116887802,0.004911225293932368,-0.004848558473900977,0.004012476909499574,-0.004887191516273037,Automobile and Auto Components,0
2024-07-31,142241.625,142490.40889396885,139942.69807827138,139942.69807827138,11737,139573.2375,135757.434375,134148.42239583333,132889.871875,131832.5534375,130787.7296875,1.3755363342810196,0.016511127063890883,-0.01616212498787628,0.001749023142619821,-0.01616212498787628,Automobile and Auto Components,0
2024-08-01,140258.828125,143842.39089403374,139592.70667795176,142454.0571805231,8618,140108.41875,136572.61875,134786.965625,133465.864453125,132413.1890625,131304.16848958333,1.268287534974666,-0.01393963880122995,0.015651271901164554,0.02554964145173111,-0.004749230090918655,Automobile and Auto Components,0
2024-08-02,138353.125,140642.66179051035,137993.7999982383,140257.68187732622,6267,140006.421875,137614.35078125,135316.20625,133967.04375,132946.213125,131712.07005208332,1.1652087100241195,-0.013587045824321442,0.013765911520438934,0.01654850073325309,-0.0025971585517977624,Automobile and Auto Components,0
2024-08-05,136461.46875,137892.80026654486,135267.9373173086,136792.85769734107,9577,139449.25,138182.2390625,135780.246875,134352.0125,133233.89375,132090.5953125,1.0628896756990027,-0.013672667314164388,0.0024284433575032516,0.010488905986840047,-0.008746288924077028,Automobile and Auto Components,0
2024-08-06,135666.21875,138992.748319694,135292.94135003307,136017.90352652068,7917,138596.253125,138567.7328125,136086.69479166667,134706.202734375,133481.424375,132444.07682291666,1.0198748773988098,-0.005827652356995461,0.002592279638667705,0.02451995493309922,-0.002751439550731427,Automobile and Auto Components,0
2024-08-07,134598.46875,138666.05313965003,134199.03649082483,137492.81755296033,6772,137067.621875,138320.4296875,136194.16354166667,134878.222265625,133725.421875,132705.06484375,0.9621206480557971,-0.007870419105345633,0.02150357897708499,0.03022013866446782,-0.0029675839768806833,Automobile and Auto Components,0
2024-08-08,140384.21875,142492.56181845884,131993.10989499345,134492.97940058046,39876,137092.7,138600.559375,136745.97916666666,135363.39921875,134191.2315625,133193.10755208333,1.2750698706466057,0.04298525870116929,-0.0419651111918129,0.01501837661833938,-0.05977245113248564,Automobile and Auto Components,0
2024-08-09,136904.5625,141242.47686943022,135392.93821782264,140384.22475887317,17910,136802.9875,138404.7046875,137343.89635416667,135687.9015625,134534.2325,133589.00885416666,1.086856463859111,-0.024786662496563562,0.0254167004760939,0.03168568154498308,-0.01104144562148801,Automobile and Auto Components,0
2024-08-12,137278.34375,138492.78044203503,134492.98894912426,137092.85341951626,15138,136966.3625,138207.80625,137776.946875,136076.77578125,134874.8825,133855.971875,1.1070741627929606,0.0027302322375121722,-0.0013511987791864355,0.008846527856182895,-0.020289833959158177,Automobile and Auto Components,0
2024-08-13,137480.78125,138492.77533292974,137012.85253514824,138292.73889310713,4734,137329.275,137962.7640625,138154.91354166667,136397.33984375,135230.8171875,134122.7328125,1.1180239373681198,0.0014746499299894125,0.005905971989136782,0.007360985831826872,-0.0034035936557623714,Automobile and Auto Components,0
2024-08-14,135963.359375,138142.74566773663,135515.77335234554,137097.84705925884,6578,137602.253125,137334.9375,138081.0375,136546.1859375,135423.0284375,134371.56041666667,1.0359471113518663,-0.011037338173403783,0.00834406923654929,0.016029217744801816,-0.0032919606040328064,Automobile and Auto Components,0
2024-08-16,136080.109375,137671.1201868469,134615.02949847165,137242.84563746522,9943,136741.43125,136917.065625,137980.85,136744.8421875,135639.005625,134616.26484375,1.0422620785968177,0.0008586872267402005,0.008544498294464464,0.011691722024285811,-0.010766304372162083,Automobile and Auto Components,0
2024-08-19,134916.71875,136992.11058995128,134493.4908067288,136272.89807205924,9128,136343.8625,136573.425,137717.75729166667,137093.887890625,135819.09375,134835.8375,0.9793346808241546,-0.008549306951201882,0.010051973800016878,0.01538276248621906,-0.0031369569849637458,Automobile and Auto Components,0
2024-08-20,135865.953125,136211.5913287496,135043.94916796757,135592.92050541204,4051,136061.384375,136513.8734375,137492.33229166668,137348.05625,136073.6975,135072.6328125,1.0306784408747482,0.007035706054776847,-0.0020095735046790075,0.0025439648109015778,-0.006050109965932138,Automobile and Auto Components,0
2024-08-21,137824.15625,137992.80370507162,135292.9445021463,135292.9445021463,6885,136130.059375,136729.6671875,137351.8625,137648.7,136343.88375,135380.69088541667,1.1365969727234528,0.014412758163175768,-0.01836551600767511,0.001223642209466691,-0.01836551600767511,Automobile and Auto Components,0
2024-08-22,139607.265625,139890.70396720615,137430.62914799093,137430.62914799093,5436,136858.840625,137230.546875,137176.23854166668,137775.48828125,136608.716875,135662.33046875,1.2330447440064556,0.012937567865575088,-0.01559114038416709,0.0020302549508239842,-0.01559114038416709,Automobile and Auto Components,0
2024-08-23,138512.359375,140492.66219557836,138224.12442925,139492.71442194437,5657,137345.290625,137043.3609375,137059.80729166666,137821.96015625,136864.931875,135923.38645833332,1.1738216424643362,-0.007842759795475366,0.007077744190973068,0.014296939489832905,-0.002080933044896427,Automobile and Auto Components,0
2024-08-26,139317.1875,140492.67307145585,138353.9408599279,139992.24604456464,9279,138225.384375,137284.6234375,137124.078125,137844.6640625,137320.1871875,136220.1421875,1.2173545182432701,0.00581051487846696,0.004845479274153686,0.008437477044645592,-0.006914054592668917,Automobile and Auto Components,0
2024-08-27,138800.359375,139842.66442430788,138441.69056907727,139352.73683468776,4576,138812.265625,137436.825,137280.00416666668,137822.315625,137640.898125,136530.12552083333,1.1893994631628027,-0.0037097226428002648,0.003979654391206511,0.00750938292956338,-0.002584062516392427,Automobile and Auto Components,0
2024-08-28,136849.15625,139492.7214369361,136479.2224277036,139492.7214369361,6441,138617.265625,137373.6625,137358.86666666667,137668.21328125,137842.413125,136722.78072916667,1.083859558900519,-0.014057623004623435,0.019317365626330574,0.019317365626330574,-0.0027032232600733286,Automobile and Auto Components,0
2024-08-29,134414.09375,137305.6931616553,133383.05369437227,136992.8657030437,10344,137578.63125,137218.7359375,137346.575,137276.83671875,137736.116875,136770.36927083333,0.9521478678777423,-0.017793770650303152,0.019185279468089345,0.021512620670816496,-0.007670624611325283,Automobile and Auto Components,0
2024-08-30,134826.421875,135482.93451261226,134392.99135356917,135392.93920590228,10322,136841.44375,137093.3671875,136976.05520833333,137005.21640625,137625.856875,136861.0171875,0.9744505539894955,0.0030675959156998742,0.00420182723107132,0.004869317367340198,-0.0032147298385821754,Automobile and Auto Components,0
2024-09-02,134188.25,136071.60487881114,133993.01018478672,135442.93454872657,6841,135815.65625,137020.5203125,136794.96770833334,136796.97265625,137438.8625,137069.43203125,0.9399320573104878,-0.004733284960952688,0.009350181917765266,0.014035169836488226,-0.0014549695313358368,Automobile and Auto Components,0
2024-09-03,134412.0,134790.98026320685,134033.01973679315,134742.98276285347,4691,134937.984375,136875.125,136603.878125,136694.49921875,137245.449375,137190.4125,0.952034617662161,0.0016674336240319104,0.002462449504906372,0.0028195418802401395,-0.0028195418802402505,Automobile and Auto Components,0
2024-09-04,135319.84375,135452.7274396457,134048.45698015392,134390.9859781672,4118,134632.121875,136624.69375,136459.815625,136677.18046875,137060.995,137307.36458333334,1.0011395730778676,0.006754186754158855,-0.006864165270164091,0.0009819970668250022,-0.009395420025720247,Automobile and Auto Components,0
2024-09-05,136010.0,136658.87240735136,135492.93321818236,136242.89410315384,3971,134951.303125,136264.9671875,136462.925,136747.75703125,136811.73,137271.98125,1.0384698866765694,0.005100185093880586,0.0017123307341655458,0.004770769850388712,-0.003801682095563863,Automobile and Auto Components,0
2024-09-06,134253.75,136692.87282396381,134035.46450642103,136342.89107203708,3820,134836.76875,135839.10625,136341.16770833332,136441.23359375,136571.526875,137161.00885416666,0.9434749297262849,-0.012912653481361665,0.015561137562541738,0.018168005169046042,-0.0016259172915390474,Automobile and Auto Components,0
2024-09-09,133972.296875,134992.94667144818,132593.07206395577,134992.94667144818,6107,134793.578125,135304.6171875,136278.20625,136294.6203125,136396.29375,136997.98177083334,0.9282512272392255,-0.0020964265430202136,0.007618364544428768,0.007618364544428768,-0.010294850825249946,Automobile and Auto Components,0
2024-09-10,135752.328125,136352.79681656856,134248.65652642178,134842.96928896042,5084,135061.64375,134999.8140625,136270.63125,136218.31953125,136367.928125,136881.48177083334,1.0245325038023065,0.013286562158897822,-0.006698661073438417,0.00442326625157885,-0.011076580559219895,Automobile and Auto Components,0
2024-09-11,135338.890625,136642.86945340649,135134.7450280966,136212.89189127722,5167,135065.453125,134848.7875,136104.946875,136111.225,136354.835,136728.4046875,1.0021698119793125,-0.0030455278794136705,0.006457872251213637,0.009634915894349838,-0.0015084030610909016,Automobile and Auto Components,0
2024-09-12,135955.15625,136468.9731905062,135492.93036762043,135790.91481964663,3413,135054.484375,135002.89375,135861.47291666668,136110.81484375,136409.1025,136518.85572916668,1.0355034071490292,0.004553499900539029,-0.001208055912578665,0.0037793119045912427,-0.0033998407646239626,Automobile and Auto Components,0
2024-09-13,137346.796875,137592.7840582047,135792.97158474923,136392.89345171515,4948,135673.09375,135254.93125,135783.76875,136174.14921875,136287.605625,136421.78802083334,1.110776768721779,0.010236026814907949,-0.006945217835352957,0.0017909932288306951,-0.011313152731657117,Automobile and Auto Components,0
2024-09-16,136419.890625,138501.78212947675,136092.90766536316,137792.8190763192,5576,136162.6125,135478.0953125,135590.615625,136249.3078125,136268.21875,136357.346875,1.0606407292537652,-0.006748655746544872,0.01006399026585636,0.01526090876439401,-0.0023968862468572993,Automobile and Auto Components,0
2024-09-17,135212.140625,137257.17443228973,135045.89930823876,137042.8418774654,2915,136054.575,135558.109375,135351.40104166666,136216.6171875,136185.570625,136315.70260416667,0.9953139481823311,-0.008853181119459647,0.013539473925959777,0.015124631544451761,-0.0012294851334563317,Automobile and Auto Components,0
2024-09-18,134235.703125,135682.924531629,133293.04915665227,135682.924531629,4978,135833.9375,135449.6953125,135177.17083333334,136037.19453125,136055.7675,136268.01875,0.9424987804800431,-0.007221522383171722,0.010781195858760029,0.010781195858760029,-0.007022378893266068,Automobile and Auto Components,0
2024-09-19,136340.484375,136842.86442875894,134115.9597462124,134692.9765330934,7839,135911.003125,135482.74375,135305.596875,135873.85546875,136070.8525,136326.0859375,1.056345672570301,0.015679742430670864,-0.012083775772537053,0.0036847459950131167,-0.01631595075362291,Automobile and Auto Components,0
2024-09-20,135927.3125,136811.15699908315,135092.99666612383,136492.87673443602,13578,135627.10625,135650.1,135378.98958333334,135744.603125,136064.740625,136177.52239583334,1.0339973483119704,-0.0030304415954954685,0.004160784348885116,0.006502331892151103,-0.006137955783361626,Automobile and Auto Components,0
2024-09-23,137227.640625,137492.82992070957,136042.9055324548,136042.9055324548,5664,135788.65625,135975.634375,135581.615625,135640.12578125,136157.1775,136188.29166666666,1.1043316482439955,0.00956634911030114,-0.008633356131092396,0.0019324772655258116,-0.008633356131092396,Automobile and Auto Components,0
2024-09-24,137805.8125,137992.75587464563,136742.86793970814,137202.84394886548,5250,136307.390625,136180.9828125,135807.86979166666,135590.3984375,136234.771875,136205.87395833334,1.1356047656108226,0.004213231914261078,-0.004375494329272311,0.001356571041919219,-0.007713350699861454,Automobile and Auto Components,0
2024-09-25,139148.890625,139848.35410268707,137292.98753052228,137340.82878250311,8665,137290.028125,136561.9828125,136063.13958333334,135705.38515625,136287.76125,136261.47760416666,1.2082513983027763,0.009746164553109834,-0.01299372085810968,0.005026726943674342,-0.013337534249405536,Automobile and Auto Components,0
2024-09-26,138844.921875,139492.73187151173,137689.8726826764,139242.7448968316,8335,137790.915625,136850.959375,136252.134375,135926.9265625,136257.2675,136357.5296875,1.1918098334227867,-0.0021844856156214864,0.00286523278244033,0.004665708963378146,-0.008318987664262423,Automobile and Auto Components,0
2024-09-27,140966.546875,142376.47326762808,138369.77619340015,138692.75933156957,12240,138798.7625,137212.934375,136699.65416666667,136233.9328125,136355.435,136520.4109375,1.3065677981428705,0.015280537245071644,-0.016129979728074617,0.01000185096311057,-0.01842118388487235,Automobile and Auto Components,0
2024-09-30,138506.421875,141877.43330258064,138192.82887938007,140992.6357667351,6269,139054.51875,137421.5875,137001.92916666667,136449.84140625,136323.004375,136640.06770833334,1.1735004851365682,-0.017451835591755536,0.017950170526958464,0.024338304187967008,-0.0022641043741852274,Automobile and Auto Components,0
2024-10-01,140255.578125,140439.7560020066,138942.94358301203,139592.70650895985,3931,139544.471875,137925.93125,137302.14583333334,136742.0203125,136381.213125,136786.38854166667,1.2681117435952562,0.012628701444461455,-0.004726169360974586,0.0013131590163382167,-0.009358875843198944,Automobile and Auto Components,0
2024-10-03,136097.25,139887.20870729006,135917.3218783314,137992.8074485132,7483,138934.14375,138112.0859375,137352.703125,136780.890625,136351.136875,136728.825,1.0431892090930317,-0.029648219205185355,0.013927962897951174,0.027847430475561152,-0.001322055527709809,Automobile and Auto Components,0
2024-10-04,133401.78125,136775.651878021,132993.05260149727,136592.864551613,10223,137845.515625,137818.215625,137182.478125,136650.4796875,136310.644375,136521.97552083334,0.8973922337950464,-0.019805460801008104,0.02392084477217571,0.025291046314428245,-0.0030638919860954683,Automobile and Auto Components,0
2024-10-07,131231.0,135492.93398840987,130548.19185872214,135369.9404025754,7958,135898.40625,137348.584375,136774.75833333333,136499.3421875,136166.8275,136279.26354166667,0.7799754244613898,-0.016272505731627928,0.03153934971596195,0.03247657937842341,-0.005203100953874107,Automobile and Auto Components,0
2024-10-08,132133.3125,132576.92999077507,130843.27821154581,131593.13754460373,5944,134623.784375,136839.1515625,136488.98645833333,136407.39296875,136084.63,136039.80104166668,0.8287811964717547,0.006875757252478454,-0.0040881057560429035,0.0033573478359218978,-0.009763126830368285,Automobile and Auto Components,0
2024-10-09,132576.390625,133983.02047498207,132443.94439946936,133793.0303720621,4681,133087.946875,136316.209375,136313.26979166668,136248.59609375,136011.205625,135832.33541666667,0.8527471394810004,0.0033532658541350047,0.00917689598673288,0.010609957348747034,-0.0009990181879764304,Automobile and Auto Components,0
2024-10-10,132207.546875,133683.01667449603,131993.10495200445,133593.02137566512,3208,132310.00625,135622.075,136178.059375,136092.02890625,135886.71375,135677.61510416667,0.8327965082197156,-0.0027821224296511126,0.010479541701012396,0.011160253967128275,-0.0016220096966045316,Automobile and Auto Components,0
2024-10-11,132190.703125,132411.00414150188,131144.3670417295,132393.0988248415,3353,132067.790625,134956.653125,135901.40729166666,135903.80625,135733.941875,135603.50208333333,0.8318854355898899,-0.00012740384643794564,0.0015310887608344093,0.0016665394108204001,-0.007915353035690242,Automobile and Auto Components,0
2024-10-14,131906.421875,132893.07357543442,131244.36263171493,132190.70393313875,5429,132202.875,134050.640625,135633.34791666668,135631.7875,135640.04875,135506.16875,0.8165087607967095,-0.0021505389053811342,0.002155179816856423,0.007479936809819732,-0.005019158535832791,Automobile and Auto Components,0
2024-10-15,131020.4140625,132493.0403538145,130843.1733099651,131907.11779908856,6023,131980.2953125,133302.03984375,135219.5328125,135361.813671875,135521.9734375,135400.57421875,0.7685849037114124,-0.006716942207253699,0.006767676189495031,0.011239670564710647,-0.0013527720378776475,Automobile and Auto Components,0
2024-10-16,130486.9921875,131271.24816480777,129523.29244289709,130993.41890315847,5437,131562.415625,132325.18125,134731.61145833333,135125.55625,135311.36,135269.740625,0.7397322984149199,-0.004071288270738821,0.0038810513382878664,0.0060102234265684285,-0.007385408525764414,Automobile and Auto Components,0
2024-10-17,129804.9765625,130943.06561263863,129393.24804717215,130414.19477249026,3163,131081.9015625,131695.95390625,134108.68385416668,134904.019921875,135090.0034375,135085.91171875,0.7028423084156052,-0.005226694351418529,0.004693334771312951,0.008767684262017905,-0.0031719008487290923,Automobile and Auto Components,0
2024-10-18,129437.8984375,129943.22364801799,128611.29310627762,129793.23146989408,3964,130531.340625,131299.565625,133481.54895833333,134558.890625,134829.313125,134866.84166666667,0.6829871792017883,-0.002827920274869084,0.0027452008776676085,0.0039039973347680945,-0.006386115204284781,Automobile and Auto Components,0
2024-10-21,128236.265625,131993.11658084526,128044.36938235725,130093.2156603634,9788,129797.309375,131000.0921875,132632.86354166668,134174.33828125,134464.891875,134666.25885416666,0.6179912746930415,-0.00928346973340437,0.01448069332269597,0.029296322202889025,-0.001496427252520749,Automobile and Auto Components,0
2024-10-22,126400.65625,128983.27152665294,126093.42227700548,128983.27152665294,5713,128873.3578125,130426.8265625,131825.8125,133632.9890625,134064.1225,134413.87083333332,0.5187037965118808,-0.014314276589805365,0.02043197680512776,0.02043197680512776,-0.0024306359010262124,Automobile and Auto Components,0
2024-10-23,125487.4140625,126748.39522864213,124981.88571773299,126093.42935846138,6712,127873.4421875,129717.92890625,130841.26822916667,133017.069140625,133675.1334375,134071.70703125,0.4693068414731642,-0.007224979795150391,0.004829291451169393,0.010048666438485121,-0.00402851830634765,Automobile and Auto Components,0
2024-10-24,124124.7265625,125993.2775030122,123943.53289179782,125593.44680282216,5151,126737.3921875,128909.646875,130043.1,132265.8609375,133270.694375,133697.9015625,0.39559954444871404,-0.010859156754328388,0.011832616119259898,0.01505381717454446,-0.001459770955555273,Automobile and Auto Components,0
2024-10-25,122745.390625,124855.78048086386,121868.68638139486,124124.72488565634,6300,125398.890625,127965.115625,129332.67395833334,131460.884375,132726.890625,133257.57604166667,0.32099173918022,-0.011112499303718255,0.0112373609602201,0.017193231005401488,-0.007142461636572284,Automobile and Auto Components,0
2024-10-28,123084.53125,124291.51515120742,122812.88917279204,122893.58808736579,5059,124368.54375,127082.9265625,128789.57604166666,130566.78359375,132213.179375,132782.1671875,0.33933573865180294,0.002762960167165137,-0.0015513172995426094,0.009806138017098842,-0.0022069554512599288,Automobile and Auto Components,0
2024-10-29,122501.4609375,123393.56283605547,120743.7010733687,123392.5628882205,5946,123588.7046875,126231.03125,128147.45260416667,129766.535546875,131624.1321875,132318.21953125,0.3077976664895673,-0.004737153455260041,0.007274214886099584,0.007282377628219594,-0.014348888990214581,Automobile and Auto Components,0
2024-10-30,121982.9921875,123156.97785876173,121293.72343384949,122193.6296437759,6372,122887.8203125,125380.63125,127441.22604166667,128852.90625,130991.219375,131877.24791666667,0.2797538705685323,-0.004232347484121203,0.0017267772539317772,0.009624175060874096,-0.005650531613382914,Automobile and Auto Components,0
2024-10-31,122518.0625,122966.33599275144,121496.66265190685,122093.6315136073,4359,122566.4875,124651.93984375,126795.26041666667,128173.946875,130325.98625,131486.65989583332,0.3086956392810235,0.004386433738873561,-0.0034642319485970186,0.003658835959403417,-0.008336728701477392,Automobile and Auto Components,0
2024-11-01,123323.8671875,123493.01461872752,122493.61359910169,122493.61359910169,927,122682.1828125,124040.53671875,126204.13802083333,127670.051171875,129705.1440625,131052.77265625,0.3522813369888668,0.006577027672960467,-0.0067323025731588215,0.0013715709301456158,-0.0067323025731588215,Automobile and Auto Components,0
2024-11-04,120870.4453125,123823.83813645161,120493.71496302019,123743.54544957467,9772,122239.365625,123303.9546875,125468.40625,127152.0234375,128901.3,130550.87708333334,0.21957659370259727,-0.019894136722698207,0.023770079854066095,0.024434367030880644,-0.00311681113200013,Automobile and Auto Components,0
2024-11-05,119523.9140625,121237.57467785272,117993.84543347753,120794.69934075863,9899,121643.85625,122616.28046875,124701.97291666667,126521.553515625,128141.9996875,129960.75286458334,0.1467431826700207,-0.011140285340379617,0.010632058766031793,0.014337387030821658,-0.012801359803381152,Automobile and Auto Components,0
2024-11-06,121607.203125,121834.4412709161,119838.74850303863,119838.74850303863,6948,121568.6984375,122228.259375,124109.98697916667,125973.094140625,127396.0646875,129420.79921875,0.25942756974884534,0.017429893246389435,-0.014542350917680191,0.0018686240623635442,-0.014542350917680191,Automobile and Auto Components,0
2024-11-07,121019.640625,122327.2677304217,120224.8305205539,121893.64191125844,5330,121269.0140625,121917.75078125,123524.29791666666,125413.698828125,126792.9603125,128816.49088541667,0.22764651671362743,-0.004831642245698593,0.007221978860164402,0.010805081709617692,-0.006567612499436715,Automobile and Auto Components,0
2024-11-08,119348.0703125,121243.12769459875,117394.9222110786,120993.68758325234,15073,120473.8546875,121578.01875,122851.64270833334,124771.5671875,126230.811875,128166.59583333334,0.1372318548629166,-0.013812388665734397,0.013788386074810033,0.015878408231794205,-0.016365141860335775,Automobile and Auto Components,0
2024-11-11,123039.1796875,125147.51495809628,120043.73446849006,120094.73180674823,23062,120907.6015625,121573.48359375,122505.1703125,124328.205078125,125903.1390625,127569.01692708333,0.33688268827326023,0.03092726480901811,-0.023930977825357802,0.01713547892590883,-0.02434545830537793,Automobile and Auto Components,0
2024-11-12,120917.84375,124101.23245479347,120710.80766991452,123693.55058643103,8804,121186.3875,121415.121875,122139.64947916666,123823.0765625,125454.5203125,126982.73098958333,0.22214035884413363,-0.017241141747595008,0.022955312056091914,0.02632687290864366,-0.0017122045321411594,Automobile and Auto Components,0
2024-11-13,120477.421875,121653.61055284504,119919.04473673184,120893.69704694241,7941,120960.43125,121264.56484375,121805.65,123322.598046875,124970.5615625,126323.45911458334,0.19831809148152096,-0.0036423232613259364,0.0034552131466949465,0.0097627311370041,-0.004634703578297872,Automobile and Auto Components,0
2024-11-14,120545.4609375,121894.64054849629,120276.72495791486,120393.71885414356,5012,120865.5953125,121067.3046875,121567.03229166666,122859.622265625,124504.078125,125805.06614583333,0.20199830091248192,0.0005647453393432769,-0.001258795496539844,0.0111922887888396,-0.0022293330457665572,Automobile and Auto Components,0
2024-11-18,120854.796875,121168.32739390993,119017.93957417549,119081.88936307759,6728,121166.940625,120820.39765625,121440.99270833333,122430.4671875,124050.641875,125386.83333333333,0.21873017511375642,0.0025661350920577874,-0.014669732255279344,0.002594274509717831,-0.015198877895797325,Automobile and Auto Components,0
2024-11-19,122947.234375,124191.1456201831,120567.54954803984,120896.68897131388,9833,121148.5515625,121028.0765625,121431.83958333333,122166.015625,123692.274375,125110.7078125,0.33190939802260233,0.017313648726448205,-0.016678255628197136,0.010117439822916685,-0.019355334335556584,Automobile and Auto Components,0
2024-11-21,123506.515625,124096.55415149267,121747.7122356839,123096.62841420794,6696,121666.2859375,121426.33671875,121498.84322916667,122021.30859375,123391.7184375,124823.14791666667,0.36216072799661014,0.0045489534827122865,-0.0033187496928226423,0.004777387844736802,-0.014240571684949188,Automobile and Auto Components,0
2024-11-22,124593.59375,124739.38663918489,122534.75159894994,123658.61931115917,6464,122489.5203125,121724.97578125,121672.88333333333,121976.617578125,123155.9825,124557.0546875,0.42096040895659353,0.008801787658722965,-0.0075041935199082754,0.0011701475557195362,-0.016524462366670156,Automobile and Auto Components,0
2024-11-25,124488.9453125,126196.54702682851,123996.60722128951,125996.55249905224,14605,123278.2171875,122071.90625,121804.27552083334,121994.828515625,122943.34125,124299.76796875,0.41530001105468495,-0.0008399182843219016,0.012110369983196145,0.013716894379994793,-0.003954873984791107,Automobile and Auto Components,0
2024-11-26,124169.8046875,125746.26154101925,123996.65317653128,124696.5871448462,4556,123941.21875,122554.0796875,121860.67135416667,122066.04921875,122732.6175,124032.4046875,0.39803780468716216,-0.0025636061434922844,0.004242436063034427,0.012695975945897109,-0.0013944735711269862,Automobile and Auto Components,0
2024-11-27,124530.796875,125296.52593026457,123106.88269785699,124146.6042586945,5246,124257.93125,122703.24140625,122104.69479166667,122138.3625,122584.39875,123786.55052083333,0.4175637476400171,0.0029072461570549654,-0.0030851213189548865,0.0061489131562626476,-0.011434233240892988,Automobile and Auto Components,0
2024-11-28,123658.96875,124686.54220221932,123454.66965130242,124544.5929603802,6135,124288.421875,122977.35390625,122380.36510416666,122196.237890625,122474.73125,123541.16901041666,0.3704068649624814,-0.007000903767403922,0.007161827559557521,0.008309736548885116,-0.001652117115019891,Automobile and Auto Components,0
2024-11-29,125247.8671875,125428.6669241245,122699.28853824096,122996.63195852637,8271,124419.2765625,123454.3984375,122623.07604166666,122359.481640625,122465.149375,123366.53151041667,0.45634983359945597,0.012849035161471052,-0.017974240037185285,0.0014435354524147126,-0.020348279826942983,Automobile and Auto Components,0
2024-12-02,125355.921875,125437.41964525385,124257.60036213393,125096.5774080601,5110,124592.671875,123935.44453125,122912.16145833333,122501.374609375,122514.3971875,123218.2296875,0.4621944743893998,0.0008627267667419736,-0.002068864901320855,0.0006501309952879897,-0.008761624472446328,Automobile and Auto Components,0
2024-12-03,125581.609375,125893.15553465959,124891.0814015726,125496.56482789364,5200,124875.0328125,124408.12578125,123327.73072916667,122614.26171875,122627.8459375,123089.68671875,0.4744018334480289,0.0018003736610468766,-0.000677205424660543,0.0024808263025939414,-0.005498639306057984,Automobile and Auto Components,0
2024-12-04,126837.9296875,127196.5214432714,125321.67427888913,125796.55972927313,7926,125336.459375,124797.1953125,123580.98072916667,122912.6359375,122777.981875,123043.07552083333,0.5423557659756902,0.010004015068388671,-0.008210240901854626,0.002827165002258214,-0.011954274343223492,Automobile and Auto Components,0
2024-12-05,130757.921875,131206.40960235812,126562.5835533306,126896.52754012076,13817,126756.25,125522.3359375,124236.9859375,123474.336328125,123108.2403125,123188.31770833333,0.7543867917960538,0.030905520116561152,-0.02953086344222111,0.003429908650482094,-0.03208477361455775,Automobile and Auto Components,0
2024-12-06,130631.9765625,132196.3869304811,130412.6388072369,130896.42245990904,7588,127833.071875,126126.17421875,124913.95625,123925.575,123454.1996875,123359.803125,0.7475744532684936,-0.0009631945100840568,0.0020243580811358797,0.011975707703026472,-0.0016790510335588094,Automobile and Auto Components,0
2024-12-09,132147.796875,133168.86273645642,130796.97439524156,131236.41551771227,7413,129191.446875,126892.059375,125687.4453125,124481.9828125,123839.3890625,123627.23880208333,0.8295646513213358,0.01160374628316801,-0.0068966821910002585,0.007726696060035287,-0.010222058268865464,Automobile and Auto Components,0
2024-12-10,132454.625,133115.65378405494,131643.64719472927,133096.35743715471,6593,130566.05,127720.54140625,126460.7671875,125137.310546875,124204.619375,123950.87994791666,0.8461608788091716,0.0023218557725198548,0.004844922834176035,0.004990605530421854,-0.006122683940034013,Automobile and Auto Components,0
2024-12-11,132513.78125,132796.36726967708,131847.6432226356,132097.3863907501,3350,131701.2203125,128518.83984375,127098.53697916666,125611.040625,124670.3528125,124265.18828125,0.8493606199747745,0.00044661520879319994,-0.003142275884983947,0.002132502876390996,-0.005026933961741364,Automobile and Auto Components,0
2024-12-12,131868.796875,132778.11573607373,131651.99030920293,132596.37071060875,3243,131923.3953125,129339.82265625,127656.02239583334,126158.58828125,125164.148125,124577.4328125,0.8144736375196964,-0.0048673003586183605,0.005517407095921412,0.006895633255346034,-0.0016441081661083823,Automobile and Auto Components,0
2024-12-13,133231.609375,133496.3521407623,130896.47005893102,131996.39312794476,5396,132443.321875,130138.196875,128231.89010416667,126796.29765625,125629.124375,124952.38671875,0.8881876957510468,0.010334609341221383,-0.00927119512291219,0.001987086750690814,-0.017526916675579485,Automobile and Auto Components,0
2024-12-16,132526.875,133439.14692167853,132296.3813046808,133236.60558678003,2755,132519.1375,130855.2921875,128767.75208333334,127395.368359375,126089.41375,125286.01380208334,0.8500688563975889,-0.005289543362164314,0.005355371027801148,0.006883674889931024,-0.001739222292227116,Automobile and Auto Components,0
2024-12-17,130973.015625,132526.91839287215,130660.52418076839,132526.8715191555,4757,132222.815625,131394.4328125,129221.29947916667,127901.279296875,126554.4115625,125540.98541666666,0.7660211385698761,-0.01172486240998288,0.011863939199540763,0.011864297087892162,-0.0023859223424032017,Automobile and Auto Components,0
2024-12-18,130407.7265625,131495.74364968674,130096.43820997581,130996.41357038303,3584,131801.6046875,131751.4125,129613.09479166666,128274.30390625,126849.1534375,125858.89479166667,0.7354448480892188,-0.004316072740651611,0.004514203440245446,0.008343194961421885,-0.002387039178809669,Automobile and Auto Components,0
2024-12-19,129839.546875,130100.39129622119,128884.4714601162,128996.46839391557,3035,131395.7546875,131659.575,130025.13333333333,128590.95546875,127206.0215625,126202.74921875,0.7047122046989905,-0.004356948031201899,-0.0064932333897936845,0.0020089751350742535,-0.007355812908090953,Automobile and Auto Components,0
2024-12-20,128054.3984375,130656.53044067894,127552.61527730466,129839.55277042225,9524,130360.3125,131401.8171875,130212.23541666666,128763.995703125,127509.100625,126417.65572916667,0.6081541412284255,-0.013748880679771704,0.013940593643829713,0.02032052030176046,-0.0039185156177219405,Automobile and Auto Components,0
2024-12-23,130342.3359375,130496.43328823098,128056.49997617517,128056.49997617517,4229,129923.4046875,131221.27109375,130544.66302083334,129056.665234375,127900.975625,126728.41223958334,0.7319078917294596,0.017866918496491024,-0.017537171977805466,0.0011822509518693014,-0.017537171977805466,Automobile and Auto Components,0
2024-12-24,130339.640625,131176.41462892736,129946.44824690586,131176.41462892736,2554,129796.7296875,131009.77265625,130861.86510416666,129365.15703125,128280.369375,127094.79791666666,0.7317621032056703,-2.067871870343355e-05,0.00641995021556685,0.00641995021556685,-0.0030166753276955616,Automobile and Auto Components,0
2024-12-26,131200.609375,131496.39814797282,129886.44224669346,129886.44224669346,5181,129955.30625,130878.45546875,131152.71041666667,129698.64765625,128610.504375,127366.84557291666,0.7783316060337359,0.006605578670245777,-0.010016471223470935,0.002254477127674015,-0.010016471223470935,Automobile and Auto Components,0
2024-12-27,131550.203125,132671.32874756568,130926.42329070937,130996.42137846886,4886,130297.4375,130846.59609375,131205.52916666667,130093.209375,128932.251875,127721.25755208333,0.7972410114323627,0.002664574133194646,-0.004209660900370671,0.008522416506650199,-0.004741762608286626,Automobile and Auto Components,0
2024-12-30,131138.15625,131869.97994488044,129496.45123978444,130951.41136761368,10148,130914.1890625,130637.25078125,131239.27447916666,130387.723828125,129194.034375,128076.61536458334,0.7749535380361354,-0.00313224050751537,-0.0014240316298965716,0.0055805550101322154,-0.012518896537525137,Automobile and Auto Components,0
2024-12-31,130631.28125,131396.40877563003,129548.45928234718,130986.41998112462,3714,130971.978125,130447.69140625,131138.1734375,130651.491796875,129439.7278125,128412.809375,0.7475368440551103,-0.0038651984631665887,0.0027186346771335135,0.005857153955075578,-0.008289147570868072,Automobile and Auto Components,0
2025-01-01,129370.9609375,130785.67223676166,128996.47118201423,129996.44382683604,2343,130778.2421875,130287.4859375,130932.59583333334,130840.959375,129647.7740625,128696.68151041666,0.6793665529066368,-0.009647921236323326,0.00483480129391789,0.010935307962542717,-0.002894697177573624,Automobile and Auto Components,0
2025-01-02,129208.265625,129835.49848278376,127796.5073332241,129696.4554078182,7133,130379.7734375,130167.53984375,130712.228125,130959.476171875,129834.8728125,128905.38255208333,0.6705664195503661,-0.0012575875708196928,0.0037783169711067544,0.004854432916886031,-0.010926222753219417,Automobile and Auto Components,0
2025-01-03,126359.0390625,129796.44491294885,125122.32293579669,129296.45860742903,8718,129341.540625,129819.4890625,130344.9109375,130739.53203125,129942.875625,129000.46666666666,0.5164527371894868,-0.022051426421660088,0.023246611929963468,0.027203482045701888,-0.009787318231279096,Automobile and Auto Components,0
2025-01-06,122866.59375,126915.77991358242,122306.65593462193,126796.53317398464,7675,127687.228125,129300.70859375,129653.90989583333,130351.262890625,129847.6246875,128942.9,0.3275475744209972,-0.02763906198093639,0.03198541852621872,0.032955956863436775,-0.004557282808029917,Automobile and Auto Components,0
2025-01-07,121218.828125,124226.59730150642,120696.79554902692,123446.61866595,8586,125804.7375,128388.3578125,128900.04010416666,129804.814453125,129682.1409375,128833.89609375,0.23842049990937675,-0.013411014130926048,0.018378255056654247,0.024812722767826312,-0.004306530462699687,Automobile and Auto Components,0
2025-01-08,119866.015625,121996.51199162258,118997.74251838101,121995.55889271302,7672,123903.7484375,127340.9953125,128159.5734375,129175.383984375,129453.5171875,128690.43645833334,0.1652473382300563,-0.01116008561479401,0.017766030318178583,0.017773981687084994,-0.007243697073700761,Automobile and Auto Components,0
2025-01-09,118882.3984375,120746.55060041806,118736.95710106668,120386.70887524994,5782,121838.575,126109.17421875,127391.21822916667,128493.81484375,129135.2959375,128502.15651041667,0.11204382370642796,-0.008205972162929313,0.012653769250296598,0.015680640594562867,-0.0012234051326763806,Automobile and Auto Components,0
