Price,Close,High,Low,Open,Volume,MA_5,MA_10,MA_15,MA_20,MA_25,MA_30,Normalised Close,Return Ratio,Percentage Change Open,Percentage Change High,Percentage Change Low,Sector,Sector Encoded
Ticker,SAPPHIRE.NS,SAPPHIRE.NS,SAPPHIRE.NS,SAPPHIRE.NS,SAPPHIRE.NS,,,,,,,,,,,,,
Date,,,,,,,,,,,,,,,,,,
2023-01-10,264.70001220703125,268.1700134277344,263.57000732421875,265.4700012207031,145190,,,,,,,-0.8116125194707537,,0.0029089118933234293,0.013109184211102853,-0.004269002004913758,Consumer Services,6
2023-01-11,264.32000732421875,267.3500061035156,262.6000061035156,267.3500061035156,236640,,,,,,,-0.8239793875996305,-0.001435605837884453,0.0114633727880471,0.0114633727880471,-0.006507268360481544,Consumer Services,6
2023-01-12,262.6300048828125,263.9800109863281,259.3399963378906,262.3999938964844,467165,,,,,,,-0.8789787791223531,-0.0063937741925576925,-0.0008757985837557491,0.0051403346092080415,-0.012527161724685265,Consumer Services,6
2023-01-13,260.6400146484375,265.0,255.24000549316406,265.0,522830,,,,,,,-0.9437409648714538,-0.007577162538084515,0.0167279968789269,0.0167279968789269,-0.02071826600592086,Consumer Services,6
2023-01-16,256.19000244140625,261.9599914550781,253.0,261.9599914550781,472955,261.6960083007813,,,,,,-1.0885620359296422,-0.017073403763553416,0.02252230359766494,0.02252230359766494,-0.012451705417879655,Consumer Services,6
2023-01-17,258.7799987792969,261.6400146484375,253.1999969482422,256.19000244140625,975020,260.5120056152344,,,,,,-1.0042732685645885,0.010109669827896538,-0.01000848732555848,0.01105192009672984,-0.02156272454353647,Consumer Services,6
2023-01-18,261.8699951171875,263.5799865722656,259.17999267578125,260.1000061035156,238955,260.0220031738281,,,,,,-0.9037125153801068,0.011940630467835962,-0.006759037104956622,0.0065299251039161454,-0.010272282016129619,Consumer Services,6
2023-01-19,258.82000732421875,262.7799987792969,258.0199890136719,260.3900146484375,231540,259.2600036621094,,,,,,-1.0029712316133392,-0.011646954022372332,0.006066019935823785,0.015300175191315546,-0.00309102189903232,Consumer Services,6
2023-01-20,259.05999755859375,260.7200012207031,257.6099853515625,258.0,109065,258.9440002441406,,,,,,-0.9951609962322366,0.0009272476144951535,-0.004091706819205121,0.006407796177539504,-0.005597206132541888,Consumer Services,6
2023-01-23,259.0,260.239990234375,257.5899963378906,257.6000061035156,77420,259.50599975585936,260.6010040283203,,,,,-0.9971135550775123,-0.00023159715571362906,-0.005405381839707957,0.004787607082529011,-0.005444029583433929,Consumer Services,6
2023-01-24,260.8999938964844,264.0,257.20001220703125,257.20001220703125,411080,259.92999877929685,260.22100219726565,,,,,-0.9352802075963251,0.007335883770209942,-0.014181608953663494,0.011881970778219397,-0.014181608953663494,Consumer Services,6
2023-01-25,259.3999938964844,262.9800109863281,256.8399963378906,262.9800109863281,145815,259.4359985351563,259.7290008544922,,,,,-0.9840961650546093,-0.005749329379421701,0.013801145620968569,0.013801145620968569,-0.009868919116533759,Consumer Services,6
2023-01-27,257.19000244140625,261.9700012207031,246.1999969482422,260.0,426795,259.10999755859376,259.18500061035155,,,,,-1.0560180642907862,-0.008519628014949142,0.010925765122747899,0.018585476627871023,-0.042731075814923414,Consumer Services,6
2023-01-30,255.35000610351562,259.79998779296875,247.57000732421875,259.79998779296875,211040,258.3679992675781,258.6559997558594,,,,,-1.1158988529266978,-0.007154229637327439,0.017426988772614838,0.017426988772614838,-0.03046797960969294,Consumer Services,6
2023-01-31,260.0199890136719,267.1000061035156,250.02000427246094,252.00999450683594,430250,258.5719970703125,259.03899841308595,259.92466837565104,,,,-0.96391906154463,0.01828855609372141,-0.030805302843139426,0.02722874159290689,-0.03845852305103026,Consumer Services,6
2023-02-01,248.1699981689453,263.9200134277344,242.63999938964844,263.9200134277344,1025260,256.0259979248047,257.9779983520508,258.8226674397786,,,,-1.3495648275161158,-0.04557338414510697,0.0634646225369555,0.0634646225369555,-0.02228310762823249,Consumer Services,6
2023-02-02,236.58999633789062,248.1699981689453,235.02999877929688,248.0,4625235,251.46399841308593,255.4499984741211,256.9740000406901,,,,-1.7264240786838614,-0.04666157036102097,0.04822690662632234,0.04894544152457092,-0.006593675061247306,Consumer Services,6
2023-02-03,231.60000610351562,241.0,220.5,236.58999633789062,1877590,246.34599914550782,252.72799835205078,254.90533345540365,,,,-1.8888181793495302,-0.021091298497880898,0.021545725832773366,0.04058719192037907,-0.04792748623052445,Consumer Services,6
2023-02-06,241.57000732421875,243.4499969482422,231.00999450683594,233.60000610351562,984040,243.58999938964843,250.97899932861327,253.63399963378907,,,,-1.564354742383607,0.043048363376324554,-0.0329925114006655,0.007782380125941124,-0.04371408907236518,Consumer Services,6
2023-02-07,246.99000549316406,249.0,237.38999938964844,243.39999389648438,293560,240.98400268554687,249.7779998779297,253.02066650390626,255.189501953125,,,-1.3879664756907988,0.022436552571159885,-0.014535048045816734,0.008137958873366546,-0.03886799421032172,Consumer Services,6
2023-02-08,251.60000610351562,253.9600067138672,244.00999450683594,246.97999572753906,327975,241.67000427246094,248.8480010986328,252.54200032552083,254.5345016479492,,,-1.237938746572408,0.018664725324195976,-0.01836252092170365,0.009379970401831361,-0.030166976997436645,Consumer Services,6
2023-02-09,252.58999633789062,256.0,227.2100067138672,249.07000732421875,750115,244.87000427246093,248.16700134277343,251.92333374023437,253.9480010986328,,,-1.2057205324621636,0.00393477826056844,-0.013935583612595503,0.013500153258436232,-0.10047899755330181,Consumer Services,6
2023-02-10,241.0500030517578,254.97999572753906,239.1999969482422,247.0,323910,246.76000366210937,246.5530014038086,250.738666788737,252.86900100708007,,,-1.5812777466786598,-0.04568666001600363,0.024683662613207424,0.05778880937325792,-0.0076747814980048235,Consumer Services,6
2023-02-13,236.19000244140625,244.0,232.19000244140625,244.0,576275,245.6840026855469,244.63700103759766,249.21400044759113,251.64650039672853,,,-1.7394414687067643,-0.020161794436103084,0.03306658824617803,0.03306658824617803,-0.016935517840101277,Consumer Services,6
2023-02-14,235.27999877929688,238.52999877929688,231.00999450683594,236.17999267578125,198325,243.34200134277344,242.16300201416016,247.6326670328776,250.60100021362305,252.8200018310547,,-1.769056602077707,-0.003852845813552704,0.0038252035921191307,0.013813328871395747,-0.01814860716854383,Consumer Services,6
2023-02-15,229.8800048828125,238.89999389648438,228.61000061035156,235.27999877929688,268725,238.9980010986328,240.33400268554686,245.56466776529948,249.15600051879883,251.42720153808594,,-1.9447938502948907,-0.022951351260205546,0.02349048974153778,0.03923781460797371,-0.0055246400099406845,Consumer Services,6
2023-02-16,237.05999755859375,238.0,231.69000244140625,233.3300018310547,136650,235.89200134277343,240.3810028076172,244.07533467610676,247.91550064086914,250.33680114746093,,-1.7111283722870712,0.03123365461663986,-0.015734395368063425,0.003965251206812681,-0.02265247267565762,Consumer Services,6
2023-02-17,233.94000244140625,238.25,232.72000122070312,236.0,2318315,234.47000122070312,240.61500244140626,242.52533467610678,246.6715003967285,249.1892010498047,,-1.8126654048941906,-0.013161204544500748,0.008805666141299184,0.018423516771883586,-0.005215017559934809,Consumer Services,6
2023-02-20,239.22000122070312,241.91000366210938,232.0399932861328,236.0,532765,235.0760009765625,240.3800018310547,241.45000101725262,245.67950057983398,248.3324005126953,,-1.6408332743675582,0.02256988426175352,-0.013460418043106603,0.011244889339016684,-0.030014245873805856,Consumer Services,6
2023-02-21,247.3000030517578,249.39999389648438,238.60000610351562,245.1999969482422,946165,237.4800018310547,240.41100158691407,240.602001953125,245.09450073242186,247.97680053710937,250.26333516438802,-1.377877923935809,0.033776447578896716,-0.00849173504893208,0.008491673347400086,-0.03517993061415914,Consumer Services,6
2023-02-22,244.77000427246094,247.1999969482422,242.5,246.99000549316406,363225,240.45800170898437,239.7280014038086,240.37533569335938,244.2880012512207,247.41640075683594,249.599001566569,-1.460214132455587,-0.010230484221900182,0.00906974376742653,0.009927657120422095,-0.009274029631237468,Consumer Services,6
2023-02-23,243.75,249.74000549316406,240.63999938964844,244.94000244140625,562660,241.79600219726564,238.84400177001953,240.85266927083333,243.5055015563965,246.69160095214843,248.91333465576173,-1.4934091225700679,-0.004167194732429468,0.00488206129807689,0.024574381510416687,-0.012758976862980775,Consumer Services,6
2023-02-24,238.8300018310547,245.94000244140625,237.1199951171875,243.7899932861328,675850,242.7740020751953,238.62200164794922,241.3346689860026,242.5875015258789,245.89200073242188,248.12000122070313,-1.6535254034434481,-0.020184607872596155,0.02076787429155047,0.029770131708080294,-0.007159932591202733,Consumer Services,6
2023-02-27,244.5399932861328,245.8000030517578,238.36000061035156,241.8000030517578,783015,243.83800048828124,239.45700073242188,241.5326680501302,242.04700088500977,245.31120056152344,247.58333384195964,-1.467699603471275,0.023908183273880727,-0.011204671258696619,0.0051525713593632005,-0.025271909893896716,Consumer Services,6
2023-02-28,247.77999877929688,248.8000030517578,239.52999877929688,243.39999389648438,292870,243.93399963378906,240.70700073242188,241.58533426920573,241.43500137329102,244.8624005126953,247.303000386556,-1.3622569565920057,0.013249388983882802,-0.017676991300310196,0.004116572271717134,-0.03329566567375952,Consumer Services,6
2023-03-01,248.89999389648438,252.0,243.25999450683594,243.25999450683594,207875,244.75999755859374,242.60899963378907,241.40533345540365,241.47150115966798,244.3824005126953,246.97366689046223,-1.3258078672625984,0.004520119148862796,-0.022659700795308435,0.01245482595232561,-0.022659700795308435,Consumer Services,6
2023-03-02,248.4199981689453,251.22000122070312,246.74000549316406,248.89999389648438,232005,245.69399719238282,243.74499969482423,241.12733357747396,242.0630012512207,243.94320068359374,246.52533365885418,-1.3414288346064018,-0.0019284682173945295,0.0019321943928709562,0.011271246567893467,-0.00676271108672466,Consumer Services,6
2023-03-03,249.47000122070312,252.8000030517578,246.32000732421875,246.32000732421875,163505,247.8219970703125,245.2979995727539,241.68866678873698,242.95650100708008,243.63440063476563,246.213666788737,-1.307257565069283,0.004226725140879065,-0.012626744222034136,0.013348305667055582,-0.012626744222034136,Consumer Services,6
2023-03-06,250.64999389648438,253.0,249.00999450683594,253.0,411455,249.04399719238282,246.44099884033204,242.6526662190755,243.41050033569337,243.44640014648436,245.93333333333334,-1.2688559168946,0.0047299982763752205,0.009375647958268729,0.009375647958268729,-0.006542985954852032,Consumer Services,6
2023-03-08,247.1999969482422,251.99000549316406,245.3699951171875,250.0,383345,248.92799682617186,246.43099822998047,243.44733276367188,243.42099990844727,242.93360046386718,245.53999989827474,-1.381132519732334,-0.013764201205873548,0.01132687332655613,0.01937705745977336,-0.007402920119929601,Consumer Services,6
2023-03-09,246.35000610351562,251.97999572753906,242.39999389648438,245.0,159230,248.41799926757812,246.58899841308593,244.5453328450521,243.15849990844725,242.86080078125,245.05500030517578,-1.4087945976764027,-0.003438474333414051,-0.005480032758547471,0.02285362080185105,-0.016034146982612518,Consumer Services,6
2023-03-10,242.86000061035156,246.2899932861328,241.39999389648438,245.0,517100,247.30599975585938,246.4999984741211,244.93199971516927,242.6720001220703,243.11160095214845,244.50366719563803,-1.522373237465386,-0.014166857749934746,0.008811658503953934,0.014123333060862331,-0.006011721609972542,Consumer Services,6
2023-03-13,239.63999938964844,245.57000732421875,235.8000030517578,242.0,253675,245.33999938964843,246.58099822998048,245.31199951171874,242.60149993896485,243.43320068359375,243.91866709391277,-1.6271648658690305,-0.013258672538131736,0.009848108063605254,0.024745484684000063,-0.016024020813181883,Consumer Services,6
2023-03-14,241.3699951171875,242.8000030517578,236.0,239.63999938964844,769485,243.48399963378907,246.26399841308594,245.45533243815103,242.8604995727539,243.4252001953125,243.45266672770182,-1.570863933976657,0.00721914426617125,-0.007167401758860437,0.005924547224173571,-0.022247981214816304,Consumer Services,6
2023-03-15,236.85000610351562,242.77999877929688,235.0,239.63999938964844,127270,241.41400146484375,245.1709991455078,244.7586659749349,242.93899993896486,243.01960021972656,242.68033396402996,-1.7179623282455356,-0.018726391453409014,0.011779578696373028,0.025036911644365833,-0.0078108763176770735,Consumer Services,6
2023-03-16,230.58999633789062,236.0,224.0,234.0,1051695,238.26199951171876,243.33999938964843,243.8133321126302,242.97449951171876,242.17919982910155,242.0943339029948,-1.921687908516998,-0.026430270653609585,0.01478816824782192,0.0234615713952393,-0.028578847489264425,Consumer Services,6
2023-03-17,237.60000610351562,240.8800048828125,227.7100067138672,233.8000030517578,3323010,237.21000061035156,242.25800018310548,243.40333251953126,243.00149993896486,241.57960021972656,242.12800089518228,-1.6935543495163936,0.030400320382298878,-0.015993278426526092,0.013804708312456393,-0.041624575486499116,Consumer Services,6
2023-03-20,235.47999572753906,240.8000030517578,232.6699981689453,237.60000610351562,161145,236.37799987792968,240.85899963378907,243.17999877929688,243.0784996032715,241.35679992675782,242.25733388264973,-1.7625479070662555,-0.008922602363288382,0.00900293194513857,0.022592183713024294,-0.011933062721153798,Consumer Services,6
2023-03-21,244.92999267578125,259.3999938964844,234.10000610351562,235.39999389648438,456845,237.08999938964843,240.28699951171876,243.20599873860678,243.3639991760254,241.7063995361328,242.36933339436848,-1.455007474395385,0.04013078443901561,-0.03890907224217299,0.05907811069858382,-0.04421666147927217,Consumer Services,6
2023-03-22,239.10000610351562,241.58999633789062,237.3000030517578,240.0,197955,237.53999938964844,239.47700042724608,242.62733256022136,242.9539993286133,241.85919982910156,242.10633341471353,-1.6447383920581093,-0.023802665033281142,0.003764089809745741,0.010414011588510741,-0.007528243437093574,Consumer Services,6
2023-03-23,237.6999969482422,239.5800018310547,234.8000030517578,238.77999877929688,338030,238.96199951171874,238.61199951171875,241.88066609700522,242.60049896240236,242.17199951171875,241.64299977620442,-1.690300250301467,-0.005855328814451471,0.004543550041735456,0.007909149797851622,-0.012200226898260502,Consumer Services,6
2023-03-24,235.75,238.9600067138672,234.8800048828125,235.60000610351562,64975,238.5919982910156,237.9009994506836,241.03599955240887,242.20049896240235,242.119599609375,241.0816665649414,-1.7537608956809168,-0.008203605272518318,-0.0006362413424575442,0.013616147248641353,-0.0036903292351537775,Consumer Services,6
2023-03-27,233.00999450683594,235.74000549316406,230.00999450683594,234.1999969482422,235930,238.097998046875,237.23799896240234,239.93866577148438,241.9094985961914,242.08239929199217,240.81366628011068,-1.842931556740758,-0.011622504743007689,0.005107087547574496,0.011716282780514176,-0.01287498420979527,Consumer Services,6
2023-03-28,233.89999389648438,237.69000244140625,227.52000427246094,234.0,149610,235.89199829101562,236.49099884033203,238.8219991048177,241.37749862670898,241.86959899902342,240.73733266194662,-1.81396744184544,0.0038195760294836927,0.0004275592395264205,0.016203542726893838,-0.0272765702886123,Consumer Services,6
2023-03-29,244.05999755859375,248.0,231.25999450683594,232.0,291270,236.88399658203124,237.21199798583984,238.61266581217447,241.19149856567384,241.73999877929688,241.02999928792318,-1.4833205708150783,0.043437383186105696,-0.049414068996285976,0.016143581417763286,-0.05244613283536892,Consumer Services,6
2023-03-31,243.6199951171875,246.30999755859375,236.60000610351562,246.30999755859375,303260,238.0679962158203,238.51499786376954,238.4306650797526,240.927498626709,241.69399841308595,241.48799896240234,-1.4976399977892307,-0.0018028453896899452,0.011041796631316325,0.011041796631316325,-0.028815323677742755,Consumer Services,6
2023-04-03,241.0,244.88999938964844,239.8000030517578,244.88999938964844,99255,239.1179962158203,238.85499725341796,238.3066650390625,240.5564987182617,241.58399841308594,241.61933237711588,-1.5829050445769222,-0.01075443383014278,0.016141076305595137,0.016141076305595137,-0.004979240449137667,Consumer Services,6
2023-04-05,239.8699951171875,244.99000549316406,238.25999450683594,240.39999389648438,61480,240.48999633789063,239.29399719238282,238.3219980875651,240.07649841308594,241.62559814453124,241.81699879964194,-1.619679891434941,-0.004688816941130706,0.0022095251181288855,0.02134493884270605,-0.006711971664338456,Consumer Services,6
2023-04-06,243.0,246.2899932861328,238.60000610351562,238.60000610351562,178015,242.30999755859375,239.1009979248047,238.4306650797526,239.69399871826172,241.56399841308593,241.94299875895183,-1.51781710129921,0.013048755353012573,-0.0181069707674254,0.01353906702112262,-0.0181069707674254,Consumer Services,6
2023-04-10,238.88999938964844,243.9600067138672,238.39999389648438,239.32000732421875,622805,241.2759979248047,239.07999725341796,238.56666463216146,239.27849884033202,241.2083984375,241.66266530354818,-1.6515728445981726,-0.016913582758648404,0.0018000248468708069,0.02122318781519672,-0.002051176250223996,Consumer Services,6
2023-04-11,239.80999755859375,242.99000549316406,239.0,239.0,287825,240.51399841308594,239.29099731445314,239.18133138020832,238.95149841308594,240.84479858398439,241.49733174641926,-1.6216324502802169,0.0038511372233909335,-0.003377663845711143,0.013260531116069618,-0.003377663845711143,Consumer Services,6
2023-04-12,237.5800018310547,240.39999389648438,236.32000732421875,240.0,384575,239.8299987792969,239.4739974975586,239.17999776204428,238.6874984741211,240.41119873046875,241.29166514078776,-1.6942053679920184,-0.009299010676125789,0.010186034810565348,0.011869652511556916,-0.0053034535614320255,Consumer Services,6
2023-04-13,238.1999969482422,239.0,235.36000061035156,237.0,88915,239.49599914550782,239.9929977416992,239.3613311767578,238.6154983520508,239.9603985595703,241.27066497802736,-1.674028264482039,0.0026096267043064685,-0.005037770628111837,0.003358535104984295,-0.01192273876690153,Consumer Services,6
2023-04-17,236.9499969482422,241.08999633789062,235.42999267578125,238.0,408745,238.28599853515624,240.297998046875,238.82933146158854,238.3944984436035,239.41239868164064,241.01766510009764,-1.7147082290306093,-0.005247691083185064,0.004431327559743181,0.017472038164038306,-0.006414873568421964,Consumer Services,6
2023-04-18,236.13999938964844,238.05999755859375,235.39999389648438,237.11000061035156,517360,237.73599853515626,239.50599822998046,238.63199768066406,238.35899810791017,238.96999877929687,240.6296651204427,-1.7410687666050269,-0.0034184324499935766,0.004107737880961748,0.008130762149182402,-0.0031337574958785197,Consumer Services,6
2023-04-19,233.77000427246094,238.36000061035156,232.47999572753906,238.36000061035156,510995,236.5279998779297,238.5209991455078,238.3699981689453,238.51799850463868,238.46679870605467,240.12533213297527,-1.8181978204830043,-0.010036398421755025,0.019634667639142123,0.019634667639142123,-0.005518280880118187,Consumer Services,6
2023-04-20,238.97000122070312,241.9600067138672,234.07000732421875,237.5800018310547,254845,236.80599975585938,238.31799926757813,238.58466491699218,238.58649826049805,238.31119873046876,239.81033223470052,-1.6489692672772722,0.022244072606430493,-0.0058166271186679275,0.01251205372176667,-0.020504640211969294,Consumer Services,6
2023-04-21,239.50999450683594,240.88999938964844,237.1999969482422,238.8000030517578,57025,237.06799926757813,238.28199920654296,239.01799825032552,238.7879981994629,238.30599853515625,239.47833201090495,-1.6313957410881932,0.0022596697634616335,-0.0029643500119485022,0.005761784119506119,-0.009644681272487854,Consumer Services,6
2023-04-24,239.02999877929688,241.38999938964844,238.0,238.0,37875,237.48399963378907,237.88499908447267,239.35999857584636,238.49299850463868,238.21239868164062,239.09099884033202,-1.6470167084319967,-0.0020040738948176244,-0.004309077457043009,0.009873240272785244,-0.004309077457043009,Consumer Services,6
2023-04-25,237.77999877929688,241.8000030517578,237.22999572753906,240.27999877929688,59670,237.81199951171874,237.7739990234375,238.9413319905599,238.42699813842773,238.24959838867187,238.7769989013672,-1.6876966729805667,-0.005229469131002926,0.010513920484626071,0.016906402107404572,-0.0023130753409933424,Consumer Services,6
2023-04-26,234.9499969482422,239.39999389648438,234.0,239.02999877929688,64370,238.047998046875,237.28799896240236,238.36333211263022,238.28949813842775,238.42399841308594,238.3969985961914,-1.7797961723083213,-0.011901765689222013,0.017365404911894755,0.01894018729960867,-0.004043400555784893,Consumer Services,6
2023-04-27,235.6699981689453,237.97999572753906,233.83999633789062,236.17999267578125,191860,237.38799743652345,237.0969985961914,238.00799865722655,238.285498046875,238.34679809570312,238.15733184814454,-1.756364473001817,0.003064487040030633,0.0021640196495029684,0.009801831274839579,-0.007765103090223713,Consumer Services,6
2023-04-28,239.1699981689453,240.19000244140625,234.0,239.2100067138672,378950,237.31999816894532,237.19399871826172,237.96133219401042,238.59349822998047,238.4943981933594,238.14166514078775,-1.6424605722658208,0.014851275203434875,0.00016728078449701478,0.004264766819709553,-0.021616415974102687,Consumer Services,6
2023-05-02,248.0800018310547,252.0,239.0,243.0,1983975,239.12999877929687,238.30699920654297,238.29999898274738,239.302498626709,238.6203985595703,238.36533203125,-1.3524936657840292,0.037253851780420684,-0.020477272628021903,0.015801346904273483,-0.036601103531264334,Consumer Services,6
2023-05-03,261.45001220703125,263.79998779296875,248.0800018310547,248.0800018310547,1450515,243.86400146484374,240.83800048828124,239.8039998372396,240.17199935913087,239.51439880371095,239.18533223470052,-0.9173804272970361,0.053893946619210736,-0.051137922171483496,0.008988240490410249,-0.051137922171483496,Consumer Services,6
2023-05-04,262.9700012207031,264.6700134277344,256.489990234375,261.6000061035156,441335,249.46800231933594,243.75800018310548,241.3480000813802,241.13949966430664,240.52519897460937,240.26466573079426,-0.8679139479447256,0.005813688822734725,-0.005209701147765866,0.006464662125488907,-0.024641635761676217,Consumer Services,6
2023-05-05,259.989990234375,264.0,258.0,262.0,214090,254.33200073242188,245.85999908447266,242.84199930826824,242.0889991760254,241.49479858398436,241.01099853515626,-0.9648953409672678,-0.011332132838327395,0.00773110443141678,0.015423708282038318,-0.007654103269826185,Consumer Services,6
2023-05-08,263.8900146484375,268.760009765625,260.6300048828125,262.6000061035156,416100,259.2760040283203,248.29800109863282,244.5546671549479,243.29000015258788,242.72999938964844,241.95799916585287,-0.8379730570451713,0.015000671412567529,-0.004888432579157942,0.01845463961065552,-0.012353668515908356,Consumer Services,6
2023-05-09,258.5,267.7799987792969,257.1400146484375,267.0,279705,261.36000366210936,250.24500122070313,245.9913340250651,244.06500015258788,243.71399963378906,242.41033274332682,-1.0133855408969403,-0.02042523153298637,0.03288201160541582,0.03589941500695115,-0.005261065189796854,Consumer Services,6
2023-05-10,261.9100036621094,265.4800109863281,258.5,258.5,383925,261.452001953125,252.6580017089844,247.70933430989584,245.21600036621095,244.4279998779297,243.17066599527996,-0.9024104784288574,0.013191503528469536,-0.013019753405481338,0.013630664252230806,-0.013019753405481338,Consumer Services,6
2023-05-11,258.95001220703125,264.3999938964844,256.79998779296875,264.3999938964844,53695,260.64800415039065,255.0580032348633,249.38800150553385,246.17300109863282,245.04120056152342,243.87899983723958,-0.9987403563941764,-0.011301559366540332,0.021046462377054542,0.021046462377054542,-0.008302855040391188,Consumer Services,6
2023-05-12,255.44000244140625,266.239990234375,252.44000244140625,261.5400085449219,1897310,259.7380065917969,257.0350036621094,250.48600158691406,247.06600112915038,245.6188006591797,244.53533325195312,-1.1129700146587842,-0.013554777370771999,0.023880386960593025,0.04227993928024687,-0.011744440852360816,Consumer Services,6
2023-05-15,256.4800109863281,257.6000061035156,249.39999389648438,254.39999389648438,254805,258.256005859375,258.76600494384763,251.6173360188802,247.9800018310547,246.28320129394533,245.31766713460286,-1.0791240060686789,0.004071439613928268,-0.008109860420875581,0.004366793002231972,-0.027604557028115373,Consumer Services,6
2023-05-16,259.1400146484375,261.95001220703125,254.60000610351562,254.60000610351562,572445,258.3840087890625,259.87200622558595,252.95800374348957,249.08950271606446,246.92880187988283,246.15900115966798,-0.9925569223297379,0.01037119287339382,-0.017519519519519466,0.010843549431784671,-0.017519519519519466,Consumer Services,6
2023-05-17,259.75,263.4100036621094,258.2200012207031,259.3900146484375,149830,257.95200805664064,259.70200500488284,254.42267049153645,250.27000274658204,247.76320190429686,246.68200124104817,-0.9727055763483702,0.0023538832950597654,-0.0013858916325794057,0.014090485705907208,-0.00589027441500245,Consumer Services,6
2023-05-18,262.7200012207031,269.9599914550781,260.80999755859375,262.0,748655,258.706005859375,259.6770050048828,256.2740041097005,251.71750259399414,248.67960205078126,247.31866811116535,-0.8760499408544397,0.011434075921859962,-0.0027405649259961695,0.02755781897356524,-0.007270111347574382,Consumer Services,6
2023-05-19,259.6400146484375,266.32000732421875,258.4100036621094,262.7900085449219,78285,259.54600830078124,259.6420074462891,257.87200520833335,252.75100326538086,249.56200256347657,247.94000193277995,-0.9762849365103098,-0.011723456752263873,0.01213215883056229,0.02572790132070435,-0.0047373706552651385,Consumer Services,6
2023-05-22,259.1099853515625,263.239990234375,256.79998779296875,259.6400146484375,244325,260.07200317382814,259.16400451660155,259.2013376871745,253.7310028076172,250.39840209960937,248.58133494059246,-0.9935341949155727,-0.0020414006584951088,0.0020455764997087122,0.01593919615721817,-0.00891512365090652,Consumer Services,6
2023-05-23,264.0199890136719,265.6000061035156,258.5299987792969,258.5299987792969,415085,261.047998046875,259.71600341796875,260.264003499349,254.98050231933593,251.48120178222655,249.28200124104816,-0.8337431749892056,0.01894949612014158,-0.020793843128637968,0.005984460099958344,-0.020793843128637968,Consumer Services,6
2023-05-24,267.1000061035156,268.0,263.0,263.8399963378906,423970,262.51799926757815,260.23500366210936,260.6406697591146,256.4465026855469,252.71960205078125,250.2223347981771,-0.7335071861701384,0.011665848110024184,-0.012205202887047406,0.0033695015946033635,-0.015350078659027266,Consumer Services,6
2023-05-25,270.07000732421875,273.32000732421875,263.20001220703125,263.20001220703125,467565,263.9880004882813,261.3470031738281,261.11400349934894,258.2025032043457,254.17160217285155,251.2310017903646,-0.6368515506762079,0.011119435240866634,-0.025437830676769968,0.012033916806238887,-0.025437830676769968,Consumer Services,6
2023-05-26,265.0799865722656,271.9599914550781,261.0,270.3900146484375,99960,265.07599487304685,262.3110015869141,261.4533365885417,259.6730026245117,255.21600158691408,252.14766794840494,-0.7992466445050739,-0.018476767566279993,0.020031795477416292,0.025954448586547274,-0.015391530024667976,Consumer Services,6
2023-05-29,263.4200134277344,268.0,261.0199890136719,265.6000061035156,181985,265.93800048828126,263.0050018310547,261.4220031738281,260.8855033874512,256.17240234375,252.98833516438802,-0.8532687634419617,-0.0062621594560806695,0.00827572911949348,0.017386631002970887,-0.009111017734880322,Consumer Services,6
2023-05-30,277.9800109863281,280.0,262.0,263.3999938964844,1004960,268.7300048828125,264.8890014648438,262.7206705729167,262.38050384521483,257.73040283203125,254.3560022989909,-0.3794286158332725,0.055272936058019306,-0.052449875939320156,0.007266670026037314,-0.057486187332779326,Consumer Services,6
2023-05-31,291.04998779296875,293.0,273.0,275.20001220703125,1525440,273.52000122070314,268.0190002441406,264.6633361816406,263.8605026245117,259.86120239257815,256.18633524576825,0.04592033868254715,0.04701768576908016,-0.0544579153090774,0.006699921968106537,-0.06201679625497236,Consumer Services,6
2023-06-01,287.6499938964844,290.1199951171875,284.0,290.1199951171875,436220,277.03599853515624,270.5119995117187,266.57666829427086,265.0945022583008,261.9692022705078,257.98233489990236,-0.06472896625692422,-0.011681821127245251,0.008586828691510506,0.008586828691510506,-0.012689010860184036,Consumer Services,6
2023-06-02,286.2900085449219,290.0,284.20001220703125,287.6499938964844,349425,281.2780029296875,273.1769989013672,268.6333353678385,266.4095031738281,263.9940026855469,259.5596684773763,-0.10898829096743397,-0.004727917192488846,0.00475037657959021,0.012958857607131558,-0.007300276906319958,Consumer Services,6
2023-06-05,288.57000732421875,289.95001220703125,284.7300109863281,287.79998779296875,211280,286.30800170898436,276.1230010986328,270.7726684570313,267.6435028076172,265.9700030517578,261.19500223795575,-0.03478807535736993,0.007963948133869714,-0.0026683976563955936,0.0047822186914319165,-0.013306983541003459,Consumer Services,6
2023-06-06,288.7200012207031,289.9800109863281,284.70001220703125,289.739990234375,245000,288.45599975585935,278.59300231933594,272.744667561849,269.15450286865234,267.59560302734377,262.85133565266926,-0.029906678244180907,0.0005197833893937962,0.003532796513436409,0.004364123580970158,-0.01392348641131691,Consumer Services,6
2023-06-07,286.80999755859375,289.8999938964844,280.4599914550781,284.82000732421875,556525,287.6080017089844,280.5640014648437,274.5486673990885,270.3995025634766,268.61000244140627,264.4856689453125,-0.09206578325397971,-0.0066154185855982015,-0.0069383572794335935,0.010773670249271339,-0.0221401142134815,Consumer Services,6
2023-06-08,278.9599914550781,286.3900146484375,277.0,286.3900146484375,964685,285.8700012207031,281.4529998779297,275.63133341471354,271.4000015258789,269.2496020507813,265.95266876220705,-0.34753615925163955,-0.027370057425951166,0.02663472691766211,0.02663472691766211,-0.0070260665153258905,Consumer Services,6
2023-06-09,273.3999938964844,284.989990234375,272.0199890136719,280.0,281900,283.2919982910156,282.2850006103516,276.5486653645833,272.2980010986328,269.78600219726565,267.21033528645836,-0.5284805621106238,-0.019931164786722095,0.024140476411329104,0.04239208703961728,-0.005047567350476956,Consumer Services,6
2023-06-12,269.0199890136719,276.29998779296875,268.3999938964844,273.3999938964844,220405,279.3819946289062,282.8449981689453,277.20933227539064,272.925,269.991201171875,268.20533498128253,-0.671023316794925,-0.01602050102631265,0.016281336189445383,0.027061181609545404,-0.0023046433072153594,Consumer Services,6
2023-06-13,280.7799987792969,282.75,267.20001220703125,268.20001220703125,370435,277.793994140625,283.1249969482422,278.3266662597656,274.00699920654296,270.88240112304686,269.2953348795573,-0.28830589250975414,0.04371426007688724,-0.04480371332344779,0.007016173620869592,-0.04836522056879122,Consumer Services,6
2023-06-14,278.2900085449219,283.5799865722656,276.8800048828125,283.1400146484375,261165,276.0899963378906,281.8489990234375,279.072666422526,274.9339996337891,271.53760131835935,269.85666809082034,-0.36934006407828285,-0.00886811826056108,0.017427884417678285,0.019008867961171738,-0.005066670088091807,Consumer Services,6
2023-06-15,276.82000732421875,281.989990234375,274.6300048828125,281.989990234375,213020,275.66199951171876,280.76600036621096,279.522666422526,275.63899993896484,272.25240112304687,270.3183349609375,-0.41717974211392916,-0.005282263737707406,0.018676333983695947,0.018676333983695947,-0.007911286696995368,Consumer Services,6
2023-06-16,279.4599914550781,280.9200134277344,276.0,279.1300048828125,255875,276.8739990234375,280.08299865722654,280.48133341471356,276.6299987792969,273.21320068359375,270.9673350016276,-0.3312641734322115,0.00953682559428357,-0.0011808007670345289,0.005224440053312351,-0.01238099034163287,Consumer Services,6
2023-06-19,274.9800109863281,285.0,273.4200134277344,281.7699890136719,386190,278.0660034179688,278.7239990234375,281.2519999186198,277.42350006103516,273.95320068359376,271.337001546224,-0.4770605307498408,-0.016030847368969935,0.02469262403106587,0.036438972337411224,-0.005673130759571099,Consumer Services,6
2023-06-20,277.3500061035156,281.79998779296875,273.44000244140625,273.6000061035156,88320,277.3800048828125,277.5869995117188,281.209999593099,278.09000091552736,274.68160034179687,271.9653350830078,-0.3999314768718633,0.008618790539307001,-0.013520821768435054,0.016044642478905358,-0.014097723367815784,Consumer Services,6
2023-06-21,284.0799865722656,284.70001220703125,278.7900085449219,278.94000244140625,275460,278.5380004882812,277.3139984130859,280.7453328450521,278.93899993896486,275.6547998046875,272.70433451334634,-0.1809111833668078,0.024265297712804675,-0.018093439783910426,0.0021825741483829653,-0.018621438599646156,Consumer Services,6
2023-06-22,277.92999267578125,285.8999938964844,275.0,284.04998779296875,82225,278.75999755859374,277.21099853515625,280.0973327636719,279.33199920654295,276.2631994628906,273.3370005289714,-0.3810564103131335,-0.02164881085320634,0.022019916088461766,0.028676290543426575,-0.010542196786941349,Consumer Services,6
2023-06-23,271.6000061035156,279.3800048828125,270.0199890136719,279.3800048828125,91825,277.18800048828126,277.0309997558594,279.1179992675781,279.65800018310546,276.74159912109377,273.87566731770835,-0.587059313795286,-0.022775471302407653,0.028645061135718963,0.028645061135718963,-0.005817441289900249,Consumer Services,6
2023-06-26,278.20001220703125,279.9100036621094,271.6000061035156,274.0,307780,277.8320007324219,277.9490020751953,278.4266662597656,280.3970001220703,277.5052001953125,274.59966735839845,-0.37226890234619625,0.024300463752567617,-0.015097095696407381,0.006146626096499075,-0.023723960510124043,Consumer Services,6
2023-06-27,282.07000732421875,289.79998779296875,279.1700134277344,289.79998779296875,3071430,278.7760009765625,278.0780029296875,277.98333333333335,280.6014999389648,278.2272009277344,275.36400044759114,-0.24632389100993463,0.013910837337805442,0.027404475016959084,0.027404475016959084,-0.010281113982994472,Consumer Services,6
2023-06-28,283.1300048828125,289.7699890136719,280.0,286.0,1787145,278.58600463867185,278.56200256347654,277.7380004882813,280.205500793457,278.86840087890624,276.1433339436849,-0.21182736052580292,0.0037579236752220903,0.010136668907187785,0.02345206801238775,-0.011055009461494625,Consumer Services,6
2023-06-30,274.8299865722656,287.0,274.4700012207031,286.20001220703125,1131375,277.96600341796875,278.3630004882813,277.46266682942706,279.5645004272461,279.0588000488281,276.5470001220703,-0.48194292102622677,-0.029315219748547148,0.0413711246599211,0.04428197075406959,-0.0013098474298686158,Consumer Services,6
2023-07-03,274.17999267578125,277.9200134277344,269.0199890136719,277.9200134277344,559730,278.48200073242185,277.8350006103516,277.51466674804686,278.95899963378906,279.42280029296876,277.0316660563151,-0.5030963039588439,-0.0023650763317032046,0.013640750061495899,0.013640750061495899,-0.018819767305964907,Consumer Services,6
2023-07-04,281.0199890136719,282.3999938964844,274.17999267578125,274.17999267578125,536415,279.04599609375,278.4389984130859,278.3146667480469,278.58149871826174,280.1267993164063,277.7619995117187,-0.2804956571286517,0.02494710234374739,-0.024339892553187248,0.004910700081001584,-0.024339892553187248,Consumer Services,6
2023-07-05,280.17999267578125,283.6000061035156,278.010009765625,282.7900085449219,332115,278.6679931640625,278.7219970703125,278.27466634114586,278.1544982910156,280.21479858398436,278.3006663004557,-0.30783247412570724,-0.002989098180662723,0.00931549695684697,0.012206486962443197,-0.00774496026440874,Consumer Services,6
2023-07-06,277.1600036621094,283.7799987792969,276.239990234375,283.7799987792969,659300,277.4739929199219,278.0299987792969,278.19933268229164,277.67199859619143,279.65919921875,278.63599955240886,-0.40611491093630175,-0.010778746136832641,0.02388510257511056,0.02388510257511056,-0.003319430709980753,Consumer Services,6
2023-07-07,278.010009765625,279.79998779296875,275.4700012207031,278.0,435320,278.10999755859376,278.0380004882812,278.27866617838544,277.62449951171874,279.27359985351563,278.9006663004557,-0.37845233641063464,0.003066842590144725,-3.6005054758425636e-05,0.006438538054269305,-0.00913639241645725,Consumer Services,6
2023-07-10,279.9700012207031,282.0,276.3599853515625,276.5,374470,279.26799926757815,278.875,278.3126668294271,277.9529998779297,279.0207995605469,279.3970001220703,-0.31466643008417183,0.0070500751276203555,-0.012394189397340827,0.00725077247721484,-0.012894295293783276,Consumer Services,6
2023-07-11,275.92999267578125,280.7300109863281,274.7300109863281,280.0,241195,278.25,278.647998046875,278.37599894205727,278.29850006103516,278.51519897460935,279.8139994303385,-0.4461443535908457,-0.014430147970521657,0.014750144718776559,0.017395783126000763,-0.004348862832258771,Consumer Services,6
2023-07-12,277.80999755859375,279.8900146484375,270.989990234375,276.4100036621094,480175,277.7760009765625,278.2219970703125,278.4066650390625,278.15,278.078798828125,279.80833231608074,-0.38496152800368466,0.006813340096092825,-0.005039393501989009,0.007487193074846132,-0.02454917887820185,Consumer Services,6
2023-07-13,277.0400085449219,282.7200012207031,274.6000061035156,277.79998779296875,384810,277.752001953125,277.6129974365234,277.9373331705729,278.0875,277.6879992675781,279.3413330078125,-0.41002002862685294,-0.0027716389634590967,0.0027432111774701173,0.020502427449428318,-0.00880740097512167,Consumer Services,6
2023-07-14,281.04998779296875,283.79998779296875,277.510009765625,281.55999755859375,205575,278.35999755859376,278.23499755859376,278.1453328450521,278.2989990234375,277.77159912109374,279.121332804362,-0.2795193777060139,0.014474368771168512,0.0018146585581804153,0.009784736237119951,-0.012595545921003315,Consumer Services,6
2023-07-17,281.5400085449219,287.010009765625,280.0199890136719,282.989990234375,261825,278.6739990234375,278.9709991455078,278.80799967447916,278.4029998779297,278.0971997070312,278.96299947102864,-0.2635721562520005,0.0017435359303914699,0.005150179887210449,0.01942885932615268,-0.005398946810813432,Consumer Services,6
2023-07-18,280.489990234375,283.3500061035156,278.2300109863281,282.92999267578125,1369580,279.58599853515625,278.9179992675781,278.9606648763021,278.67849884033205,278.5559997558594,278.69366556803385,-0.29774392237071756,-0.0037295527409183,0.008699071362109567,0.010196498872386828,-0.008057254542874981,Consumer Services,6
2023-07-19,285.7799987792969,289.25,280.4800109863281,282.0,447010,281.17999877929685,279.4779998779297,279.20799763997394,279.0999984741211,278.75599975585936,278.5956654866537,-0.12558603431547363,0.01885988352205221,-0.013226953584726253,0.01214221161566642,-0.01854569184550192,Consumer Services,6
2023-07-20,286.0299987792969,295.9800109863281,284.3999938964844,289.6000061035156,1492510,282.9779968261719,280.36499938964846,279.4013305664063,279.19749908447267,279.0655993652344,278.5696655273438,-0.1174500414057596,0.0008747988000135406,0.01248123392460454,0.0347866036761717,-0.005698720028559756,Consumer Services,6
2023-07-21,285.55999755859375,290.0,282.20001220703125,286.0299987792969,258630,283.8799987792969,281.1199981689453,280.1166646321615,279.5789993286133,279.4151989746094,278.7896657307943,-0.13274574780254986,-0.0016431885561268762,0.001645893068782156,0.015548404816382533,-0.011766302634433456,Consumer Services,6
2023-07-24,284.75,287.5899963378906,283.6099853515625,285.54998779296875,145180,284.5219970703125,281.597998046875,280.8213317871094,280.2364990234375,279.6267993164063,279.1679992675781,-0.15910628537696753,-0.0028365232018449905,0.0028094391324626766,0.009973648245445554,-0.0040035632956541,Consumer Services,6
2023-07-25,278.32000732421875,286.9599914550781,276.6000061035156,284.75,360705,284.08800048828124,281.8369995117188,280.6413330078125,280.24249877929685,279.76039916992187,279.4779998779297,-0.368363784655645,-0.022581185867537313,0.023102876209294188,0.031043345442264725,-0.006179940986777432,Consumer Services,6
2023-07-26,276.8299865722656,281.70001220703125,274.6000061035156,278.3999938964844,147250,282.297998046875,281.73899841308594,280.4179992675781,279.9804977416992,279.7395983886719,279.34633280436196,-0.4168549777485146,-0.005353624291254706,0.005671377380964904,0.017592117440262678,-0.008055415153400913,Consumer Services,6
2023-07-27,272.9100036621094,278.5799865722656,270.75,277.2200012207031,163500,279.6739990234375,281.3259979248047,280.13466593424477,279.46949768066406,279.2927990722656,279.1669993082682,-0.5444267904014402,-0.014160253947535955,0.015792743031618484,0.020776017126789892,-0.007914710465445896,Consumer Services,6
2023-07-28,277.9800109863281,279.3900146484375,272.9100036621094,272.9100036621094,168455,278.1580017089844,281.0190002441406,280.132666015625,279.6269989013672,279.2947998046875,279.20566609700523,-0.3794286158332725,0.01857757962766341,-0.01823874783740509,0.005072320333776581,-0.01823874783740509,Consumer Services,6
2023-07-31,274.6099853515625,281.17999267578125,272.29998779296875,281.17999267578125,282205,276.1299987792969,280.3259979248047,279.77533162434895,279.64849853515625,279.4151989746094,279.04399922688805,-0.489102634513303,-0.01212326606797412,0.023924866809950984,0.023924866809950984,-0.008411921203944739,Consumer Services,6
2023-08-01,271.4800109863281,278.0,270.010009765625,278.0,153155,274.7619995117187,279.425,279.4786661783854,279.17149963378904,279.1463989257812,278.9273325602214,-0.5909644314858372,-0.011397889851773977,0.024016460696254516,0.024016460696254516,-0.00541476779584027,Consumer Services,6
2023-08-02,268.3299865722656,275.9800109863281,261.989990234375,272.17999267578125,1011225,273.06199951171874,277.67999877929685,278.84666544596354,278.5789993286133,278.59679809570315,278.626665242513,-0.6934787366787915,-0.011603154142428324,0.014348027787340678,0.028509763339485072,-0.023627610237975216,Consumer Services,6
2023-08-03,267.3399963378906,272.9800109863281,264.04998779296875,272.9800109863281,823755,271.947998046875,275.8109985351563,278.1999979654948,278.08799896240237,277.96519775390624,278.06866556803385,-0.725696950789036,-0.0036894506164646622,0.021096785837122045,0.021096785837122045,-0.012306458404987897,Consumer Services,6
2023-08-04,271.69000244140625,277.7699890136719,264.6000061035156,267.3399963378906,1215155,270.68999633789065,274.4239990234375,277.5759989420573,277.7719985961914,277.8395983886719,277.8606658935547,-0.5841304755273725,0.016271437731366085,-0.016010917090899413,0.022378396398950562,-0.026095904428502736,Consumer Services,6
2023-08-07,277.05999755859375,277.989990234375,269.2099914550781,272.0,241840,271.17999877929685,273.6549987792969,277.27733154296874,277.6264984130859,277.95479858398437,278.04266560872395,-0.40936950673282674,0.019765155393767626,-0.018263183437456143,0.0033566472387793755,-0.0283332353016984,Consumer Services,6
2023-08-08,275.1600036621094,277.9700012207031,270.0,277.9700012207031,439885,271.91599731445314,273.33899841308596,276.9219991048177,277.58799896240237,277.72039916992185,277.9413319905599,-0.471202854214014,-0.006857698380231007,0.0102122311425914,0.0102122311425914,-0.01875273874631045,Consumer Services,6
2023-08-09,275.4100036621094,276.79998779296875,271.0,274.20001220703125,163780,273.3320007324219,273.19700012207034,276.2306660970052,277.46799926757814,277.529599609375,277.7193318684896,-0.4630668613042999,0.0009085622789386014,-0.004393418681198691,0.005046963118175984,-0.01601250355277528,Consumer Services,6
2023-08-10,272.5400085449219,275.79998779296875,270.3399963378906,275.79998779296875,173550,274.37200317382815,273.1600006103516,275.3313334147135,277.2429992675781,277.3447998046875,277.3663319905599,-0.5564679010017054,-0.01042080926264608,0.011961470411084862,0.011961470411084862,-0.008072254120695899,Consumer Services,6
2023-08-11,272.6499938964844,274.6700134277344,270.20001220703125,272.5400085449219,142670,274.5640014648437,272.6269989013672,274.4706665039063,276.82299957275393,277.1303991699219,277.2936655680339,-0.5528885408397658,0.0004035567186986841,-0.00040339392636945526,0.007408837617714825,-0.0089858123759331,Consumer Services,6
2023-08-14,270.6300048828125,274.0799865722656,267.0,273.3900146484375,373540,273.2780029296875,272.2290008544922,273.5293334960937,276.2774993896484,276.7567993164063,277.1753326416016,-0.6186270060115042,-0.007408725688212536,0.01019846179591255,0.012747964479943752,-0.013413164901594499,Consumer Services,6
2023-08-16,268.9200134277344,272.5400085449219,267.55999755859375,271.739990234375,119335,272.0300048828125,271.97300109863284,272.9026672363281,275.6990005493164,276.47640014648437,276.7720001220703,-0.6742769194282531,-0.006318558268579942,0.010486303234543026,0.01346123358780904,-0.005057324859557566,Consumer Services,6
2023-08-17,265.1000061035156,272.20001220703125,262.1000061035156,271.989990234375,779485,269.96800537109374,271.65000305175784,272.12066853841145,274.66500091552734,275.96800048828123,276.2693339029948,-0.7985951294478506,-0.014204994546622997,0.025990131920891058,0.02678236869124495,-0.011316484084985534,Consumer Services,6
2023-08-18,265.7699890136719,267.6099853515625,262.54998779296875,264.9800109863281,298455,268.61400146484374,271.4930023193359,271.64466756184896,273.6520004272461,275.51719970703124,275.88966674804686,-0.7767912246212074,0.0025272836466651632,-0.00297241246190183,0.006923266034360109,-0.01211574426688744,Consumer Services,6
2023-08-21,267.0199890136719,268.55999755859375,262.8699951171875,264.239990234375,218765,267.4880004882813,271.0260009765625,270.91399943033855,272.725,274.95599975585935,275.52333272298176,-0.7361112600726373,0.004703315090763303,-0.010411201009953408,0.005767390488668811,-0.01554188475482221,Consumer Services,6
2023-08-22,267.1700134277344,270.7699890136719,264.989990234375,267.2099914550781,347635,266.79600219726564,270.03700256347656,270.4180013020833,271.8460006713867,274.3811999511719,275.09666646321614,-0.7312288697962512,0.0005618471284365849,0.0001496351586423028,0.013474474697779737,-0.008159685158488195,Consumer Services,6
2023-08-23,271.9100036621094,272.7900085449219,264.760009765625,267.1600036621094,293970,267.3940002441406,269.7120025634766,270.44666748046876,271.52550048828124,274.0380004882812,274.96266682942706,-0.5769707620402963,0.017741475450638845,-0.017469015247789876,0.0032363828875749956,-0.026295442610376973,Consumer Services,6
2023-08-24,272.8299865722656,274.989990234375,270.2200012207031,273.6000061035156,455260,268.93999633789065,269.45400085449216,270.7466674804688,271.32550048828125,273.52,274.7966664632161,-0.547030864303939,0.003383409575836983,0.0028223420047195358,0.007917031735575897,-0.009566343437366953,Consumer Services,6
2023-08-25,275.0899963378906,278.20001220703125,270.3699951171875,274.0,1176455,270.8039978027344,269.70899963378906,271.2633341471354,271.4345001220703,273.08239990234375,274.7316660563151,-0.4734811705879012,0.00828358273230491,-0.003962326338293298,0.011305448800546847,-0.01715802567718816,Consumer Services,6
2023-08-28,277.8399963378906,280.5899963378906,272.6000061035156,275.0899963378906,344520,272.96799926757814,270.2279998779297,271.6733337402344,271.42749938964846,272.77359985351563,274.6246663411458,-0.3839852485810469,0.009996728476531729,-0.009897783027090323,0.009897783027090323,-0.018859740510514755,Consumer Services,6
2023-08-29,277.0400085449219,279.760009765625,274.0,279.760009765625,184975,274.94199829101564,270.86900024414064,271.6720011393229,271.5490005493164,272.4652001953125,274.47466634114585,-0.41002002862685294,-0.0028793111269547304,0.009818080915421579,0.009818080915421579,-0.010973175177436345,Consumer Services,6
2023-08-30,279.92999267578125,281.20001220703125,277.010009765625,277.7900085449219,321065,276.54599609375,271.9699981689453,271.99000040690106,271.97149963378905,272.529599609375,274.45599975585935,-0.31596846703542125,0.010431649009968774,-0.007644711845286034,0.004536918388452049,-0.01043111844588307,Consumer Services,6
2023-08-31,285.07000732421875,288.6300048828125,279.9100036621094,279.92999267578125,724825,278.99400024414064,273.9669982910156,272.6340006510417,272.8085006713867,272.8592004394531,274.4323333740234,-0.1486919760933663,0.018361786099822235,-0.0180307100585001,0.012488151917521284,-0.018100829724400858,Consumer Services,6
2023-09-01,281.67999267578125,287.5799865722656,277.2799987792969,285.20001220703125,608300,280.31199951171874,275.55799865722656,273.2433329264323,273.52550048828124,273.21,274.28733317057294,-0.25901651666742304,-0.011891867125053019,0.012496519535562411,0.020945732923514315,-0.015620541078147698,Consumer Services,6
2023-09-04,284.67999267578125,293.3999938964844,282.2799987792969,283.79998779296875,579315,281.67999877929685,277.3239990234375,274.0453328450521,274.175,273.4779992675781,274.25799967447915,-0.16138460175085473,0.010650383690733243,-0.0030912073396557327,0.03063088887540566,-0.00843049725386813,Consumer Services,6
2023-09-05,291.5299987792969,294.6000061035156,282.2900085449219,283.6000061035156,550935,284.5779968261719,279.75999755859374,275.43866577148435,274.8985000610352,274.1547998046875,274.48399963378904,0.061541802607948996,0.024062126878431594,-0.027201292179144354,0.010530673814268088,-0.03169481793662732,Consumer Services,6
2023-09-06,288.8699951171875,295.9599914550781,286.6099853515625,294.0,886990,286.3659973144531,281.45599670410155,276.76866455078124,275.58399963378906,274.8503991699219,274.8356658935547,-0.02502528113099189,-0.009124287974642136,0.017758870666825022,0.024543900224093473,-0.007823622403940411,Consumer Services,6
2023-09-07,296.1499938964844,303.0,291.7699890136719,291.7699890136719,1162180,288.5819946289063,283.7879974365234,278.8386637369792,276.6209991455078,275.9631994628906,275.4796661376953,0.2118947926733527,0.025201644000248477,-0.014789819257411407,0.023130191607938944,-0.014789819257411407,Consumer Services,6
2023-09-08,303.2300109863281,307.5199890136719,297.0799865722656,299.7799987792969,472925,292.8919982910156,286.6019989013672,281.33599853515625,278.15549926757814,277.39880004882815,276.4903330485026,0.44230666804784424,0.02390686218389214,-0.011377542070487245,0.014147603706472056,-0.02028171418144953,Consumer Services,6
2023-09-11,304.2099914550781,313.57000732421875,302.9800109863281,307.6000061035156,925315,296.797998046875,289.23899841308594,283.81533203125,279.73349914550784,278.699599609375,277.3646657307943,0.47419912462947716,0.0032318056697698857,0.011143666360932336,0.030768272351510806,-0.004043195500801344,Consumer Services,6
2023-09-12,289.7699890136719,308.0,286.0,305.0,1024220,296.44599609375,290.5119964599609,285.3219970703125,280.6904983520508,279.20799926757815,277.8699991861979,0.00426409471133921,-0.04746721950958197,0.05255896595147247,0.06291200496083116,-0.01301028110779956,Consumer Services,6
2023-09-13,284.6400146484375,295.9700012207031,283.0,293.79998779296875,627705,295.6,290.9829986572266,286.17066446940106,281.47649841308595,279.58719970703123,278.3086659749349,-0.16268564553890716,-0.01770360824009395,0.032180904557094214,0.03980461631952714,-0.00576171502261591,Consumer Services,6
2023-09-14,285.29998779296875,289.19000244140625,281.0,284.989990234375,987105,293.42999877929685,291.00599670410156,287.0019978841146,282.4864974975586,279.9827990722656,278.87433268229165,-0.14120749824087547,0.002318623912897107,-0.0010865670236855918,0.013634822344473108,-0.015071812046795752,Consumer Services,6
2023-09-15,294.3500061035156,299.5400085449219,287.0400085449219,287.20001220703125,1430705,291.65399780273435,292.272998046875,288.28599853515624,283.9154983520508,280.8551989746094,279.77466634114586,0.1533160409886905,0.031721060980605884,-0.024290789020639303,0.01763207859279281,-0.02483437202995331,Consumer Services,6
2023-09-18,290.67999267578125,297.6000061035156,290.0,295.989990234375,136700,288.947998046875,292.872998046875,289.1419982910156,285.09849853515624,281.57639892578123,280.407666015625,0.03387922808228191,-0.0124681955210958,0.018267502725983764,0.023806294213901458,-0.002339317094106619,Consumer Services,6
2023-09-20,291.79998779296875,294.79998779296875,287.32000732421875,290.3999938964844,330255,289.3539978027344,292.8999969482422,290.12599690755206,286.32999725341796,282.4231982421875,280.8989990234375,0.07032831741168923,0.003853017563670853,-0.00479778600086056,0.010281014823511514,-0.015352915202753614,Consumer Services,6
2023-09-21,292.0199890136719,293.989990234375,289.44000244140625,290.3999938964844,139620,290.8299926757812,293.2149963378906,290.93199666341144,287.3354965209961,283.347197265625,281.46099853515625,0.07748803089876545,0.0007539452704131544,-0.005547548723151441,0.006746117713917421,-0.008834965650741267,Consumer Services,6
2023-09-22,296.7900085449219,299.79998779296875,289.6099853515625,292.0199890136719,316180,293.12799682617185,293.27899780273435,291.713330078125,288.5334976196289,284.61479736328124,282.1736653645833,0.23272341124055515,0.01633456513494587,-0.01607203542543789,0.010141780927208188,-0.024192267214657948,Consumer Services,6
2023-09-25,292.8500061035156,303.79998779296875,291.6199951171875,297.0,1995890,292.8279968261719,292.2409973144531,292.45799763997394,289.42149810791017,285.697998046875,282.8506652832031,0.10450008353040634,-0.013275387742070485,0.014171056206218502,0.037391092577210294,-0.0042001398691907665,Consumer Services,6
2023-09-26,288.2200012207031,297.0,286.0299987792969,293.19000244140625,1217250,292.33599853515625,290.6419982910156,292.6939982096354,289.9404983520508,286.54599853515623,283.3696655273437,-0.04617866406360896,-0.01581015805468654,0.017243776280804868,0.030462836521097714,-0.0075983708005373796,Consumer Services,6
2023-09-27,285.9100036621094,289.989990234375,284.3999938964844,288.20001220703125,257360,291.1580017089844,290.25599975585936,292.3193318684896,290.38399810791014,287.29559814453125,283.878998819987,-0.12135515909631081,-0.008014702480085274,0.008009543267426977,0.014270177748265889,-0.005281416341799461,Consumer Services,6
2023-09-28,283.1499938964844,288.1099853515625,282.2099914550781,286.0,111580,289.3840026855469,290.10699768066405,291.93799845377606,290.5449981689453,287.74519775390627,284.35333150227865,-0.2111768386317767,-0.009653421462254258,0.010065358166871707,0.017517187222301,-0.003319803855443171,Consumer Services,6
2023-09-29,290.67999267578125,293.739990234375,281.79998779296875,285.6000061035156,333055,288.16199951171876,290.64499816894534,291.5733317057292,290.82549743652345,288.4591979980469,285.20599772135415,0.03387922808228191,0.026593674524498616,-0.01747621680289413,0.01052703191033455,-0.03054907495032544,Consumer Services,6
2023-10-03,284.3900146484375,291.70001220703125,283.2699890136719,291.70001220703125,712280,286.4700012207031,289.6489990234375,290.3173319498698,290.96099853515625,288.83119873046877,285.826665242513,-0.17082163844862117,-0.02163884060076838,0.02570412877410755,0.02570412877410755,-0.0039383437430114965,Consumer Services,6
2023-10-04,282.45001220703125,284.8500061035156,281.32000732421875,284.6000061035156,120120,285.3160034179688,288.8260009765625,288.8666666666667,290.84949951171876,289.0155993652344,286.34099934895835,-0.2339570228810578,-0.006821626433700487,0.007611944781607871,0.008497057152630605,-0.0040007252043743335,Consumer Services,6
2023-10-05,284.67999267578125,286.7799987792969,278.75,285.239990234375,175685,285.07000122070315,288.11400146484374,288.52733357747394,290.50699920654296,289.3211987304687,286.92466532389324,-0.16138460175085473,0.007895133200119888,0.001967112452582853,0.007376725296980302,-0.020830380877994603,Consumer Services,6
2023-10-06,284.9100036621094,289.3999938964844,280.8999938964844,287.45001220703125,533270,285.4220031738281,287.4030029296875,288.5453328450521,290.3089996337891,289.52039916992186,287.3579986572266,-0.15389913073516692,0.0008079633000064105,0.008915125872288376,0.015759328126996763,-0.01407465415072151,Consumer Services,6
2023-10-09,283.260009765625,284.5400085449219,275.0400085449219,282.6000061035156,164930,283.93800659179686,286.0500030517578,288.4093343098958,289.6645004272461,289.4479992675781,287.70566609700523,-0.2075964853066401,-0.005791281019536241,-0.002330027675475521,0.004518812169624464,-0.029019278886223687,Consumer Services,6
2023-10-10,281.2799987792969,286.79998779296875,280.6000061035156,286.79998779296875,597080,283.3160034179688,284.89300231933595,287.5380004882812,288.5669998168945,289.43199951171874,287.91199951171876,-0.2720339066903261,-0.006990083026426589,0.01962453440567269,0.01962453440567269,-0.0024174938805897606,Consumer Services,6
2023-10-11,286.760009765625,287.70001220703125,283.2300109863281,283.79998779296875,237275,284.1780029296875,284.74700317382815,287.27666829427085,287.6945007324219,289.5152001953125,288.20933329264324,-0.09369258457064372,0.01948240546825355,-0.010322296944666465,0.003278010912939111,-0.012309940923010854,Consumer Services,6
2023-10-12,288.760009765625,296.0,286.3599853515625,287.6000061035156,505585,284.99400634765624,285.03200378417966,287.0740030924479,287.64400177001954,289.40440063476564,288.6,-0.02860464129293151,0.006974473189740237,-0.004017189440639335,0.025072690087008187,-0.0083114847378295,Consumer Services,6
2023-10-13,286.5899963378906,290.8299865722656,286.0,289.0,62510,285.3300048828125,285.3760040283203,286.7120035807292,287.7415008544922,289.3132006835938,288.82200012207034,-0.09922549674105594,-0.007514937506393937,0.008409238608831249,0.014794620498114197,-0.002058677362886785,Consumer Services,6
2023-10-16,286.8699951171875,293.44000244140625,284.3999938964844,289.67999267578125,485740,286.052001953125,284.99500427246096,286.05066935221356,287.82000122070315,288.9420007324219,288.8819997151693,-0.0901132244087041,0.0009770012312877642,0.009795369353444716,0.022902385875298137,-0.008610176256649393,Consumer Services,6
2023-10-17,284.6300048828125,289.760009765625,283.010009765625,289.760009765625,457970,286.7220031738281,285.0190032958984,285.50266927083334,287.334001159668,288.19800048828125,288.98033345540364,-0.16301140306751874,-0.007808381052399556,0.018023415644196072,0.018023415644196072,-0.0056915823679745126,Consumer Services,6
2023-10-18,283.4599914550781,286.7799987792969,279.95001220703125,286.7799987792969,180560,286.06199951171874,285.1200012207031,285.1853352864583,286.97300109863284,287.36800048828127,288.9396667480469,-0.20108828687678706,-0.004110646831545717,0.011712437113880592,0.011712437113880592,-0.012382626662864049,Consumer Services,6
2023-10-19,282.3999938964844,285.79998779296875,280.0799865722656,285.79998779296875,88060,284.7899963378906,284.8920013427734,284.9513346354167,286.5030014038086,287.07320068359377,288.6353332519531,-0.2355848173609188,-0.0037394961918699385,0.012039638703854383,0.012039638703854383,-0.008215323563601662,Consumer Services,6
2023-10-20,281.6300048828125,287.0,280.3999938964844,282.0,311770,283.797998046875,284.5640014648437,284.8500020345052,285.98350219726564,286.95280029296873,288.3940002441406,-0.2606433179840871,-0.0027265900506857647,0.0013137631316715304,0.019067553258119485,-0.004367471380898991,Consumer Services,6
2023-10-23,268.6000061035156,283.0400085449219,263.5199890136719,280.0,231500,280.1440002441406,283.09800109863284,283.3780029296875,284.5740020751953,286.2848010253906,287.4756673177083,-0.6846912287118543,-0.04626637273510227,0.04244226968517251,0.053760246140281964,-0.018912944804200693,Consumer Services,6
2023-10-25,270.0199890136719,272.6000061035156,266.7900085449219,267.6000061035156,409585,277.2219970703125,281.9720001220703,282.4200012207031,283.4325012207031,285.31160034179686,286.36866658528646,-0.638479345156069,0.0052866078849194195,-0.0089622361625743,0.009554911468843574,-0.01196200503728806,Consumer Services,6
2023-10-26,269.7699890136719,275.0,257.55999755859375,271.9200134277344,642600,274.48399658203124,280.272998046875,281.5746663411458,282.51000061035154,284.4752001953125,285.2206665039063,-0.646615338065783,-0.0009258573815708948,0.007969842835088503,0.01938692663868946,-0.04526074786791545,Consumer Services,6
2023-10-27,258.2799987792969,273.7300109863281,256.79998779296875,270.5899963378906,477750,269.6599975585938,277.22499694824216,279.8146667480469,281.1285003662109,283.1344006347656,284.17100016276044,-1.0205452543840166,-0.04259180302592031,0.04766144345971135,0.05981884884641597,-0.005730257833835628,Consumer Services,6
2023-10-30,256.7099914550781,257.79998779296875,251.64999389648438,252.0,1615520,264.6759948730469,274.23699645996095,277.9346659342448,279.80650024414064,281.72200073242186,283.23999938964846,-1.071639528216188,-0.0060787026933523365,-0.018347519036485682,0.004246022259251969,-0.01971094903596382,Consumer Services,6
2023-10-31,259.0899963378906,262.3900146484375,256.1000061035156,256.989990234375,966240,262.77399291992185,271.45899658203126,276.3233317057292,278.2270004272461,280.2140002441406,282.3663330078125,-0.9941847168095989,0.009271181340945114,-0.008105315269590352,0.012736957648658898,-0.011540353840893247,Consumer Services,6
2023-11-01,265.8900146484375,267.94000244140625,259.4100036621094,261.5799865722656,477940,261.947998046875,269.5849975585937,275.2973327636719,277.30200042724607,279.1356005859375,281.41766662597655,-0.7728851137674592,0.026245777168789924,-0.016209815482806422,0.007709908909814711,-0.024371020457071513,Consumer Services,6
2023-11-02,263.7300109863281,269.0,242.60000610351562,267.989990234375,541505,260.74000244140626,267.61199951171875,273.7619995117187,276.3660003662109,278.1560009765625,280.5193339029948,-0.843180211686972,-0.008123673485690517,0.01615280427174337,0.01998251542917906,-0.08011983468922645,Consumer Services,6
2023-11-03,261.42999267578125,265.7900085449219,259.4200134277344,259.4200134277344,325200,261.3700012207031,265.51499938964844,271.93999837239585,275.20350036621096,277.1768005371094,279.5070007324219,-0.9180319423542592,-0.008721109523883911,-0.0076884034133741785,0.016677565663048455,-0.0076884034133741785,Consumer Services,6
2023-11-06,262.5400085449219,264.8800048828125,260.239990234375,261.82000732421875,610180,262.5360046386719,263.6059997558594,270.3366658528646,274.0850006103516,276.3524011230469,278.5243347167969,-0.8819076173902666,0.004245939258076016,-0.0027424438076831814,0.008912913315039628,-0.008760639276635507,Consumer Services,6
2023-11-07,260.3299865722656,264.25,258.3999938964844,262.0,255815,262.78400268554685,262.77899780273435,268.5673319498698,272.9384994506836,275.1384008789062,277.3090006510417,-0.9538305097896403,-0.00841784833064064,0.00641498680088004,0.015057863595925758,-0.007413639516496873,Consumer Services,6
2023-11-08,259.8500061035156,267.5899963378906,258.3999938964844,261.1400146484375,317665,261.5760009765625,261.7619995117187,266.91533203125,271.8669998168945,274.15680053710935,276.20900065104166,-0.9694509805518452,-0.0018437386913042423,0.004964435307375004,0.02978637695814279,-0.005580189235991795,Consumer Services,6
2023-11-09,259.7900085449219,264.0,258.0299987792969,260.3999938964844,319400,260.7880004882812,260.7640014648438,265.3373331705729,270.51849975585935,273.250400390625,275.26133422851564,-0.9714035393971209,-0.00023089304284968523,0.0023479938854424898,0.016205363241866833,-0.006774740012068903,Consumer Services,6
2023-11-10,260.0799865722656,262.7699890136719,258.0,260.010009765625,731185,260.51799926757815,260.9440002441406,263.8493326822917,269.0844985961914,272.2664001464844,274.40033365885415,-0.9619665026993544,0.0011162016159432402,-0.0002690587905778141,0.010342981314553468,-0.007997488002359887,Consumer Services,6
2023-11-13,264.1400146484375,265.6000061035156,260.6199951171875,263.1499938964844,1159850,260.83800048828124,261.68700256347654,262.68333333333334,267.9619995117188,271.4356005859375,273.76666768391925,-0.8298370641354573,0.015610690117610257,-0.003748090774019275,0.005527339191759184,-0.013326339577648061,Consumer Services,6
2023-11-15,271.6000061035156,276.0,265.9700012207031,266.45001220703125,629890,263.0920043945313,262.93800354003906,262.8833333333333,267.19850006103513,270.9692004394531,273.1306681315104,-0.587059313795286,0.028242564705719245,-0.018961685496139302,0.016200271714306824,-0.02072903076690924,Consumer Services,6
2023-11-16,273.4800109863281,281.79998779296875,271.30999755859375,271.6000061035156,571060,265.81800537109376,263.69700317382814,263.11400146484374,266.64100036621096,270.6572009277344,272.7670013427734,-0.5258764882081249,0.006921961857747414,-0.006874377677666854,0.030422613984232072,-0.007934815491296932,Consumer Services,6
2023-11-17,279.260009765625,281.0,271.20001220703125,273.3999938964844,211790,269.7120056152344,265.2500030517578,263.746669514974,266.4310012817383,270.35720092773437,272.6606679280599,-0.33777237186206455,0.021134995418681003,-0.020984085311959833,0.006230717516035877,-0.028861982656801732,Consumer Services,6
2023-11-20,279.2300109863281,280.3999938964844,276.0,279.989990234375,233170,273.54201049804686,267.0300048828125,265.1433369954427,266.27250213623046,269.9760009765625,272.4790018717448,-0.33874865128470233,-0.00010742239578825527,0.0027216961578104826,0.004190032819264333,-0.011567563869365971,Consumer Services,6
2023-11-21,276.4100036621094,279.4800109863281,274.0,279.2300109863281,168415,275.9960083007812,268.41700439453126,266.4566711425781,266.0115020751953,269.56880126953126,272.19566853841144,-0.43052288966544383,-0.010099227207912209,0.010202262171618015,0.011106715688812718,-0.008718945154587932,Consumer Services,6
2023-11-22,277.9700012207031,280.6000061035156,275.0199890136719,278.239990234375,359820,277.27000732421874,270.181005859375,267.7153381347656,266.48000183105466,269.2128015136719,272.0193349202474,-0.37975437336188406,0.0056437811147411684,0.0009712883134374017,0.009461470199168431,-0.010612699910336754,Consumer Services,6
2023-11-23,280.57000732421875,281.29998779296875,276.20001220703125,277.79998779296875,322150,278.68800659179686,272.2530059814453,268.694004313151,267.007502746582,269.05040161132814,271.99566853841145,-0.2951398484682188,0.009353549275453172,-0.009872828381292553,0.00260177656090832,-0.015575417910360101,Consumer Services,6
2023-11-24,281.0,285.82000732421875,278.4100036621094,281.6000061035156,326150,279.0360046386719,274.37400512695314,269.8453369140625,267.5690032958984,268.952001953125,271.8036682128906,-0.2811461790226779,0.0015325682166888303,0.0021352530374221246,0.0171530509758675,-0.009217068818116125,Consumer Services,6
2023-11-28,279.95001220703125,284.94000244140625,278.489990234375,281.6000061035156,139730,279.1800048828125,276.3610076904297,271.0800048828125,268.65250396728516,268.8540026855469,271.51000162760414,-0.31531695197819803,-0.0037366113628781138,0.00589388756755671,0.017824575877084747,-0.005215295263414799,Consumer Services,6
2023-11-29,280.1400146484375,280.760009765625,277.79998779296875,279.95001220703125,84440,279.92600708007814,277.9610076904297,272.2533386230469,269.8240051269531,268.7944030761719,271.2950022379557,-0.30913351791375965,0.0006787013149538197,-0.0006782409919007248,0.0022131615790965675,-0.008353061801632866,Consumer Services,6
2023-11-30,278.17999267578125,283.6000061035156,276.0,280.1199951171875,484240,279.96800537109374,278.61900634765624,273.44333902994794,270.7785049438477,269.1776025390625,271.0053354899089,-0.3729204174034194,-0.006996579817831398,0.0069739107501787245,0.019483836258675113,-0.007836626404408742,Consumer Services,6
2023-12-01,283.07000732421875,283.5,277.79998779296875,279.9800109863281,136830,280.46800537109374,279.5780059814453,274.9913391113281,271.6375045776367,269.69960327148436,270.9533355712891,-0.21377991937107851,0.017578599385962353,-0.010916014618078007,0.0015190329764918076,-0.01861737165680677,Consumer Services,6
2023-12-04,289.42999267578125,293.8999938964844,283.07000732421875,284.79998779296875,578285,282.15400390625,280.5950042724609,276.9673380533854,272.92250366210936,270.48600341796873,271.15233561197914,-0.0068007364662882284,0.022467888462227612,-0.015996976816424868,0.015444153452715659,-0.021974175145997865,Consumer Services,6
2023-12-05,284.3399963378906,295.0,274.75,291.20001220703125,2366585,283.03200073242186,281.1060028076172,278.5846720377604,274.06800384521483,271.5284033203125,271.217002360026,-0.17244943292848217,-0.01758627808691695,0.024126102403787986,0.037490341842171704,-0.03372721552157054,Consumer Services,6
2023-12-06,282.7799987792969,286.3599853515625,280.20001220703125,283.04998779296875,346785,283.55999755859375,281.7430023193359,279.82733764648435,275.0800033569336,272.5712036132812,271.2553354899089,-0.22321794923204194,-0.005486381018096213,0.0009547670091143434,0.012659970958765365,-0.00912365295778661,Consumer Services,6
2023-12-07,287.4100036621094,287.79998779296875,281.6400146484375,283.95001220703125,248020,285.4059997558594,282.68700256347654,280.88133748372394,276.43400421142576,273.70400390625,271.88233540852866,-0.07253920163802666,0.016373169611709735,-0.012038521314469697,0.0013568912908050734,-0.020075811350169004,Consumer Services,6
2023-12-08,286.4800109863281,290.79998779296875,285.010009765625,288.3599853515625,161675,286.08800048828124,283.2780029296875,281.7480041503906,277.76550445556643,274.5276037597656,272.4310028076172,-0.10280485690299555,-0.0032357700286402918,0.006562323000343984,0.01507950516954848,-0.005131252318938517,Consumer Services,6
2023-12-11,284.5199890136719,288.0,281.8299865722656,288.0,146255,285.1059997558594,283.6300018310547,282.0986694335937,279.0020034790039,275.35920288085936,272.92266947428385,-0.16659175639265536,-0.00684174077593773,0.012231165192969629,0.012231165192969629,-0.009454528839015874,Consumer Services,6
2023-12-12,282.1700134277344,285.6000061035156,278.3999938964844,284.5199890136719,263705,284.6720031738281,283.852001953125,282.29466959635414,280.1065048217773,276.1888037109375,273.71900329589846,-0.24306929521340961,-0.0082594393247519,0.008328225800433353,0.012155766072073027,-0.01336080856166355,Consumer Services,6
2023-12-13,282.6099853515625,284.989990234375,278.0,282.3999938964844,108940,284.63800048828125,284.0989990234375,282.7080017089844,281.0300033569336,276.9916027832031,274.58233642578125,-0.22875086140245415,0.0015592440829677486,-0.0007430432962830524,0.008421517307153126,-0.016312181417892035,Consumer Services,6
2023-12-14,283.29998779296875,284.8999938964844,281.010009765625,283.75,622640,283.8159973144531,284.6109985351562,283.06333414713544,281.61500244140626,277.91040283203125,275.38933614095055,-0.2062954415185877,0.0024415359582850463,0.0015884653244677693,0.005647745049268682,-0.008083226706727675,Consumer Services,6
2023-12-15,281.8299865722656,285.0,281.0,285.0,184310,282.8859924316406,284.48699645996095,283.1473327636719,282.0325012207031,278.78960205078124,275.92066853841146,-0.25413511955423407,-0.005188850279010174,0.011247963590707233,0.011247963590707233,-0.002944990284249993,Consumer Services,6
2023-12-18,280.9800109863281,284.79998779296875,278.75,281.8299865722656,462980,282.17799682617186,283.6419982910156,283.1460001627604,282.1185012817383,279.6372021484375,276.49566853841145,-0.28179670091670417,-0.0030159160715126847,0.0030250393362638572,0.013595190608866714,-0.00793654672622468,Consumer Services,6
2023-12-19,281.79998779296875,284.94000244140625,279.489990234375,284.739990234375,1171685,282.10399169921874,283.38799743652345,283.2693318684896,282.2470001220703,280.5060021972656,277.17466837565104,-0.25511139897687185,0.002918274519821708,0.010432940272397051,0.011142706829158522,-0.008197294743287342,Consumer Services,6
2023-12-20,282.3399963378906,288.79998779296875,276.1700134277344,283.0,2175310,282.04999389648435,283.3439971923828,283.41599731445314,282.5434997558594,281.23400146484374,277.83466796875,-0.2375373762061944,0.0019162830671185318,0.0023376201412126374,0.022880185375319995,-0.021853024687201295,Consumer Services,6
2023-12-21,280.1099853515625,285.0,276.82000732421875,282.0,582080,281.4119934082031,282.61399536132814,283.54466349283854,282.65049896240237,281.57440063476565,278.49400126139324,-0.31011079049959445,-0.007898317685246965,0.006747401903810735,0.017457480647468104,-0.01174530791258488,Consumer Services,6
2023-12-22,283.1499938964844,285.0,278.5899963378906,282.79998779296875,735170,281.6759948730469,282.28099365234374,283.5499959309896,282.7794982910156,281.96119995117186,279.2706675211588,-0.2111768386317767,0.010852910299168374,-0.0012361155255528056,0.006533661110344147,-0.01610452995545819,Consumer Services,6
2023-12-26,287.1700134277344,288.6000061035156,283.1499938964844,284.79998779296875,211030,282.91399536132815,282.54599609375,283.3993306477865,283.08799896240237,282.27760009765626,280.18333435058594,-0.08034943701912908,0.014197491145698779,-0.008253040094529318,0.004979603053649306,-0.013998744100284122,Consumer Services,6
2023-12-27,281.8599853515625,289.5,281.010009765625,287.9700012207031,162075,282.9259948730469,282.51499328613284,283.23399658203124,283.1834976196289,282.38279907226564,280.9093343098958,-0.25315884013159623,-0.018490886331723945,0.021677485938699892,0.0271057086691755,-0.003015595083059819,Consumer Services,6
2023-12-28,281.1300048828125,282.760009765625,277.2799987792969,281.8599853515625,200085,282.6839965820312,282.3669952392578,283.1239969889323,283.23299713134764,282.57159912109375,281.4756673177083,-0.27691530380351514,-0.0025898691076688277,0.002596593946115,0.005798046649243105,-0.013694753447325847,Consumer Services,6
2023-12-29,284.2200012207031,286.79998779296875,279.3999938964844,283.3999938964844,473260,283.50599975585936,282.45899658203126,282.9113301595052,283.5349975585938,282.82159912109375,281.8963338216146,-0.17635455061903338,0.010991343094731824,-0.002885114772700259,0.009077427912127067,-0.016958719666164246,Consumer Services,6
2024-01-01,281.8500061035156,285.6700134277344,280.0199890136719,282.42999267578125,98025,283.2460021972656,282.46099853515625,282.6026631673177,283.47399749755857,282.87279907226565,282.1753336588542,-0.25348360449701085,-0.00833859371968388,0.0020577844942555323,0.01355333419015703,-0.00649287582123248,Consumer Services,6
2024-01-02,281.2200012207031,283.44000244140625,279.20001220703125,281.8500061035156,69320,282.0559997558594,282.48499755859376,282.3826639811198,283.06349792480466,282.88159912109376,282.24066670735675,-0.2739864655356017,-0.0022352487818684554,0.0022402563120611507,0.007894179685181246,-0.007182949309805897,Consumer Services,6
2024-01-03,281.760009765625,282.9800109863281,279.80999755859375,281.2200012207031,127090,282.0360046386719,282.4809997558594,282.35533040364584,282.9344985961914,282.9539990234375,282.325,-0.25641244276492425,0.0019202351986979515,-0.001916554962398953,0.004329930360656764,-0.00692082673000094,Consumer Services,6
2024-01-04,286.2799987792969,287.79998779296875,280.6000061035156,281.760009765625,1352785,283.0660034179688,282.875,282.59999796549477,283.10949859619143,283.19959838867186,282.6539998372396,-0.10931404849604556,0.016041982030848573,-0.015788699989329302,0.005309448861789523,-0.019840689884032536,Consumer Services,6
2024-01-05,284.6099853515625,288.0,281.42999267578125,287.6000061035156,1106180,283.1440002441406,283.325,282.6873311360677,282.96949768066406,283.4567980957031,282.8753326416016,-0.16366291812474193,-0.005833496698530609,0.010505677614436992,0.01191108823624032,-0.01117315919837869,Consumer Services,6
2024-01-08,279.92999267578125,285.4800109863281,279.1099853515625,284.6099853515625,472670,282.75999755859374,283.0029998779297,282.5606648763021,282.6419967651367,283.3311975097656,282.853998819987,-0.31596846703542125,-0.01644352944960916,0.016718439603582214,0.019826451097632036,-0.0029293299956196783,Consumer Services,6
2024-01-09,276.6600036621094,282.9800109863281,275.79998779296875,282.54998779296875,162165,281.847998046875,281.9519989013672,282.2726643880208,282.2489974975586,282.8203979492188,282.70933227539064,-0.4223868967557298,-0.01168145286046294,0.021289611989064205,0.02284395012131024,-0.003108565957336551,Consumer Services,6
2024-01-10,287.8900146484375,288.7900085449219,277.5899963378906,279.79998779296875,2543370,283.0739990234375,282.5550018310547,282.6786661783854,282.5349975585938,282.96239868164065,282.9739990234375,-0.0569177377126248,0.04059137872362487,-0.028101102656679644,0.0031261726725166916,-0.03577761570898852,Consumer Services,6
2024-01-11,283.2900085449219,288.6000061035156,282.010009765625,288.20001220703125,1081755,282.4760009765625,282.7710021972656,282.74200032552085,282.5689987182617,282.9827990722656,283.07899881998696,-0.2066202058840023,-0.015978345442557332,0.01733207495502187,0.01874403402318281,-0.004518333653457773,Consumer Services,6
2024-01-12,288.6300048828125,291.20001220703125,281.2699890136719,284.0,473415,283.2800048828125,283.2120025634766,283.31000162760415,282.8354995727539,283.03159912109373,283.4273325602214,-0.03283551651209432,0.01884992826015553,-0.01604131519414398,0.008904158544646767,-0.025499829347710667,Consumer Services,6
2024-01-15,288.6300048828125,288.6300048828125,288.6300048828125,288.6300048828125,0,285.02000732421874,283.89000244140624,283.6753356933594,283.1755004882813,283.11759887695314,283.6126658121745,-0.03283551651209432,0.0,0.0,0.0,0.0,Consumer Services,6
2024-01-16,284.8999938964844,287.7799987792969,280.67999267578125,284.1300048828125,237195,286.6680053710937,284.25800170898435,283.5240010579427,283.3714996337891,283.13279907226564,283.4616658528646,-0.1542248882637785,-0.012923157409925407,-0.0027026641985525846,0.010108827464064163,-0.014812219414214622,Consumer Services,6
2024-01-17,282.989990234375,284.3999938964844,281.95001220703125,282.20001220703125,119435,285.68800048828126,284.38099975585936,283.5993347167969,283.4309997558594,283.16559814453126,283.4166656494141,-0.21638399327357732,-0.0067041197017482426,-0.002791540530071357,0.004982521328551481,-0.003674964003081649,Consumer Services,6
2024-01-18,281.5299987792969,284.8399963378906,280.3999938964844,282.20001220703125,173345,285.33599853515625,283.9059997558594,283.6260009765625,283.3904998779297,283.1223986816406,283.3749989827474,-0.26389791378061206,-0.005159162887241864,0.0023799006522911004,0.011757175338137138,-0.004013799196221246,Consumer Services,6
2024-01-19,284.80999755859375,285.55999755859375,283.0,284.20001220703125,60005,284.5719970703125,283.9260009765625,283.6653340657552,283.62550048828126,283.18279907226565,283.2883321126302,-0.15715372653169193,0.011650619093946728,-0.002141727315723929,0.002633334526277231,-0.0063551054180300826,Consumer Services,6
2024-01-23,285.30999755859375,301.989990234375,282.1600036621094,294.3900146484375,462535,283.9079956054687,284.46400146484376,283.8960001627604,283.7335006713867,283.32199951171873,283.24933166503905,-0.14088174071226386,0.001755556350851537,0.031825092592414395,0.05846269958470596,-0.011040601182709886,Consumer Services,6
2024-01-24,287.7799987792969,295.0,281.05999755859375,285.30999755859375,425035,284.48399658203124,285.5760009765625,284.3333333333333,283.76399993896484,283.5939990234375,283.3579986572266,-0.06049809103776141,0.008657254361357822,-0.008582949583641475,0.02508861370258142,-0.023351175374271893,Consumer Services,6
2024-01-25,284.9700012207031,288.9700012207031,284.0,287.6000061035156,130835,284.8799987792969,285.28399963378905,284.5473327636719,283.91950073242185,283.7207995605469,283.4513315836588,-0.1519465718898913,-0.009764394921513578,0.009229058748452701,0.0140365651923553,-0.003403871342765985,Consumer Services,6
2024-01-29,285.2200012207031,287.0299987792969,284.0199890136719,286.3999938964844,270565,285.6179992675781,285.4769989013672,284.47666625976564,284.1240005493164,283.83599975585935,283.5383321126302,-0.1438105789801773,0.0008772853245222131,0.004137131585201015,0.006345969955989128,-0.004207321372608375,Consumer Services,6
2024-01-30,286.8699951171875,290.9200134277344,282.3999938964844,285.6000061035156,658025,286.0299987792969,285.3009979248047,284.62733357747396,284.2565002441406,284.10640014648436,283.65733235677084,-0.0901132244087041,0.005784986639866151,-0.00442705418931344,0.014117957191348784,-0.015581975448067054,Consumer Services,6
2024-01-31,290.1099853515625,295.0,287.3399963378906,287.3399963378906,327575,286.9899963378906,285.44899597167966,285.3059997558594,284.669499206543,284.3847998046875,283.93333231608074,0.015328925888966649,0.011294280648108394,-0.009548065056482424,0.016855726777248448,-0.009548065056482424,Consumer Services,6
2024-02-01,288.3599853515625,295.0,285.9700012207031,290.1099853515625,172915,287.1059936523437,285.7949951171875,286.08599853515625,285.02649841308596,284.4323986816406,284.17933146158856,-0.04162302447903154,-0.006032194989356559,0.006068803193572281,0.023026824059316553,-0.008288196186254981,Consumer Services,6
2024-02-02,282.7200012207031,295.0,281.5199890136719,288.1099853515625,153120,286.65599365234374,285.7679962158203,285.7413309733073,285.07449798583986,284.46679931640625,284.2099985758463,-0.22517050807731756,-0.019558830688603427,0.019064742881957253,0.04343519640023841,-0.00424452533195363,Consumer Services,6
2024-02-05,280.2300109863281,284.07000732421875,277.5899963378906,284.07000732421875,573680,285.6579956054687,285.63799743652345,285.53733113606773,284.7719985961914,284.43079956054686,284.13966573079426,-0.30620467964584624,-0.008807265929626284,0.013703016048762784,0.013703016048762784,-0.009420884790838135,Consumer Services,6
2024-02-06,281.7900085449219,288.79998779296875,279.0799865722656,282.0,934085,284.6419982910156,285.33599853515625,285.0813313802083,284.63099975585936,284.33359985351564,284.19566650390624,-0.25543616334228647,0.005566846866625785,0.0007452054675836095,0.024876606818830416,-0.009617168424991274,Consumer Services,6
2024-02-07,275.1600036621094,285.75,273.010009765625,283.989990234375,721955,281.652001953125,284.3209991455078,284.18333129882814,284.39250030517576,284.06599975585937,283.92933349609376,-0.471202854214014,-0.023528175881919428,0.03209037089237965,0.03848668482682149,-0.00781361341717568,Consumer Services,6
2024-02-08,273.1700134277344,276.6000061035156,270.3999938964844,273.82000732421875,1039735,278.6140075683594,282.86000061035156,283.4013326009115,284.218000793457,283.74400024414064,283.46266682942706,-0.5359650399631146,-0.0072321202496372465,0.0023794481990473404,0.012556256203752891,-0.010140276732763742,Consumer Services,6
2024-02-09,275.8900146484375,283.1600036621094,270.20001220703125,274.010009765625,1308000,277.2480102539063,281.952001953125,282.92800089518227,283.61800079345704,283.50920043945314,283.2636678059896,-0.4474453973788981,0.009957173507342841,-0.00681432738770249,0.026351040732430775,-0.020624169557774463,Consumer Services,6
2024-02-12,275.2699890136719,277.6600036621094,270.5899963378906,276.0,144150,276.256005859375,280.9570007324219,282.5106669108073,283.21699981689454,283.0688000488281,283.0683339436849,-0.4676234940520744,-0.0022473652609563068,0.0026519817468799722,0.008682438129202552,-0.017001463517873017,Consumer Services,6
2024-02-13,272.45001220703125,275.2699890136719,267.9599914550781,275.2699890136719,2784810,274.38800659179685,279.51500244140624,281.68666788736977,282.40800018310546,282.58240112304685,282.6760009765625,-0.5593967392696189,-0.01024440338282051,0.010350437439135662,0.010350437439135662,-0.016480163519101643,Consumer Services,6
2024-02-14,271.67999267578125,275.7900085449219,265.8699951171875,272.80999755859375,1048155,273.69200439453124,277.6720031738281,280.7780008951823,281.5604995727539,282.25240112304687,282.3370005289714,-0.5844562330559842,-0.00282627820425595,0.004159323149574012,0.015128150691778863,-0.02138544506487572,Consumer Services,6
2024-02-15,267.989990234375,271.6000061035156,265.79998779296875,271.6000061035156,473885,272.6559997558594,275.6350036621094,279.4586669921875,280.7149993896484,281.9056005859375,281.8960001627604,-0.7045435678564189,-0.01358216482952369,0.013470711596292873,0.013470711596292873,-0.008171956122282609,Consumer Services,6
2024-02-16,274.0199890136719,275.760009765625,266.80999755859375,266.80999755859375,395425,272.28199462890626,274.76500244140624,278.7286661783854,280.2664993286133,281.3507995605469,281.63799947102865,-0.5083034586006445,0.022500835848470464,-0.02631191790434817,0.006349977453164124,-0.02631191790434817,Consumer Services,6
2024-02-19,272.0,274.989990234375,270.1600036621094,274.989990234375,194220,271.62799682617185,273.94200134277344,277.8473327636719,279.7899993896484,280.89919921875,281.16199951171876,-0.574041923772383,-0.007371684894020962,0.010992611155790533,0.010992611155790533,-0.006764692418715579,Consumer Services,6
2024-02-20,281.6000061035156,284.5299987792969,272.0,273.3399963378906,699180,273.45799560546874,273.9230010986328,277.4960001627604,279.6294998168945,280.6179992675781,281.06166687011716,-0.26161959740672486,0.035294140086454505,-0.029332420406939286,0.010404803310636979,-0.03409093002642438,Consumer Services,6
2024-02-21,289.7799987792969,291.0,281.0,281.0,597575,277.0779968261719,275.38500061035154,277.4740010579427,279.8529998779297,280.6639990234375,281.39000040690104,0.004589852239950807,0.029048268815641647,-0.030298843316594493,0.004210094643668949,-0.030298843316594493,Consumer Services,6
2024-02-22,289.94000244140625,292.3999938964844,279.44000244140625,290.9100036621094,733855,281.46799926757814,277.06199951171874,277.57933553059894,279.9610000610352,280.8655993652344,281.8326670328776,0.009797006881751422,0.0005521556449147392,0.003345523944731088,0.008484484494599043,-0.03621438887903006,Consumer Services,6
2024-02-23,301.3999938964844,307.6000061035156,288.7699890136719,290.0,1690695,286.9440002441406,279.6129974365234,278.824668375651,280.7824996948242,281.60199951171876,282.2829996744792,0.38275064377734724,0.039525389248053364,-0.03782347089363147,0.02057071112337394,-0.04190446296807249,Consumer Services,6
2024-02-26,296.760009765625,306.3999938964844,295.0,302.010009765625,409105,291.8960021972656,281.7619995117187,279.9266682942708,281.3595001220703,282.21119995117186,282.73199971516925,0.23174713181791734,-0.015394771814272082,0.01769106290347655,0.0324841077423903,-0.0059307511379819156,Consumer Services,6
2024-02-27,299.6700134277344,302.989990234375,297.010009765625,297.010009765625,2020870,295.5100036621094,284.48399963378904,281.11866861979166,281.99950103759767,282.8056005859375,283.1,0.32645020846657224,0.009805915778233181,-0.008876442563215736,0.011078775512656458,-0.008876442563215736,Consumer Services,6
2024-02-28,300.1600036621094,309.6000061035156,297.0400085449219,302.6700134277344,616520,297.58600463867185,287.3320007324219,282.78533528645835,282.502001953125,283.3996008300781,283.4843332926432,0.34239643675738873,0.001635099317313447,0.008362239255735426,0.031449901140169434,-0.01039443989579536,Consumer Services,6
2024-02-29,300.42999267578125,304.5899963378906,292.3999938964844,298.8900146484375,631640,299.6840026855469,290.5760009765625,284.6026672363281,283.1055023193359,283.9056005859375,284.0019999186198,0.35118295156112894,0.0008994836433164563,-0.00512591307421717,0.013846832085765648,-0.02672835261146078,Consumer Services,6
2024-03-01,300.4100036621094,306.0,295.3999938964844,300.42999267578125,933650,299.4860046386719,293.2150024414062,286.2373331705729,283.99000244140626,284.52320068359376,284.5826670328776,0.35053242966710274,-6.653468082145444e-05,6.653910797971285e-05,0.018607890115996506,-0.01667724012033933,Consumer Services,6
2024-03-04,302.19000244140625,309.0299987792969,299.4700012207031,303.20001220703125,289795,300.57200317382814,296.2340026855469,288.03200073242186,285.08800201416017,285.2020007324219,285.2713338216146,0.40846065945773874,0.005925231375779866,0.003342300398640141,0.022634753905258265,-0.009000963627943115,Consumer Services,6
2024-03-05,299.4599914550781,304.0,297.8599853515625,303.7099914550781,154695,300.5299987792969,298.02000122070314,289.832666015625,285.971501159668,285.7056005859375,285.7596669514974,0.31961525934491064,-0.009034087707310788,0.014192213054402325,0.015160651420785598,-0.005342971178691314,Consumer Services,6
2024-03-06,299.8399963378906,305.0400085449219,296.0,299.4599914550781,735865,300.46599731445315,299.0260009765625,291.709999593099,287.205500793457,286.0948010253906,286.24400024414064,0.33198212747378747,0.0012689671196678184,-0.001267358882916625,0.01734262363441119,-0.012806818252369956,Consumer Services,6
2024-03-07,300.17999267578125,305.5,298.5,302.8500061035156,2153430,300.41599731445314,300.05,293.8559997558594,288.5559997558594,286.5676013183594,286.65733337402344,0.34304695865141493,0.0011339259006242853,0.008894708151379715,0.017722724545352397,-0.00559661775192255,Consumer Services,6
2024-03-11,297.7099914550781,305.0,292.0,304.6700134277344,433415,299.87599487304686,299.6809997558594,295.4353332519531,289.6469985961914,287.16720092773437,287.0819997151693,0.2626633089769125,-0.008228400562894698,0.02337853002057022,0.024486946203220894,-0.01917971052019496,Consumer Services,6
2024-03-12,288.010009765625,302.739990234375,285.0400085449219,296.29998779296875,654590,297.0399963378906,298.8059997558594,296.50266723632814,290.28399963378905,287.47840087890626,287.175,-0.05301262002207359,-0.03258198235821309,0.028783645520132906,0.051143987949366254,-0.010312145828264896,Consumer Services,6
2024-03-13,278.17999267578125,298.0799865722656,274.0299987792969,288.1000061035156,1089210,292.78399658203125,296.65699768066406,296.27466634114586,290.57049865722655,287.3340002441406,286.8853332519531,-0.3729204174034194,-0.03413081752902672,0.03566041300208145,0.07153639521328836,-0.01491837661136608,Consumer Services,6
2024-03-14,273.75,280.0,271.1400146484375,273.55999755859375,619665,287.5659973144531,294.0159973144531,295.20599975585935,290.6739990234375,287.27760009765626,286.340000406901,-0.5170899734043847,-0.015924914776111902,-0.0006940728453196376,0.022831050228310446,-0.00953419306506853,Consumer Services,6
2024-03-15,288.05999755859375,299.55999755859375,271.489990234375,275.8599853515625,3632110,285.1419982910156,292.77899780273435,295.08066609700523,291.67749938964846,287.8731994628906,286.3300008138021,-0.05138581870540958,0.05227396368436073,-0.04235233045348363,0.03992223876090528,-0.0575227642319488,Consumer Services,6
2024-03-18,292.80999755859375,297.8299865722656,289.75,289.989990234375,370995,284.16199951171876,292.0189971923828,294.50799967447915,292.6169998168945,288.54999877929686,286.6663340250651,0.10319804657915693,0.016489620357765265,-0.009630843713437254,0.017144185839034876,-0.010450454506702456,Consumer Services,6
2024-03-19,303.7699890136719,306.0,290.6400146484375,291.0,1989695,287.3139953613281,292.1769958496094,294.97533162434894,294.20549926757815,289.6899987792969,287.4509999593099,0.4598796976553247,0.037430386757490886,-0.04203834965769815,0.007341116854791663,-0.04322340863186269,Consumer Services,6
2024-03-20,310.6499938964844,323.32000732421875,303.6000061035156,303.6000061035156,6203000,293.80799560546876,293.29599609375,295.70733032226565,295.6579986572266,291.217998046875,288.4129994710286,0.6837823814367663,0.02264873138110707,-0.022694311706048076,0.040785493889165636,-0.022694311706048076,Consumer Services,6
2024-03-21,316.6400146484375,323.0,312.0299987792969,315.79998779296875,1383750,302.38599853515626,294.9759979248047,296.8059977213542,297.0009994506836,293.01639892578123,289.79566650390626,0.8787214469044883,0.019282217510518077,-0.0026529396684162876,0.020085854779358536,-0.014559170211822625,Consumer Services,6
2024-03-22,317.70001220703125,336.0,314.70001220703125,318.0,3758150,308.3140014648437,296.7279998779297,297.95733235677085,298.38899993896484,295.0047998046875,291.2799997965495,0.91321797738862,0.0033476424632264356,0.0009442486038473419,0.05760147022293305,-0.00944287026984758,Consumer Services,6
2024-03-26,317.54998779296875,327.92999267578125,315.82000732421875,321.7799987792969,1370670,313.2619995117187,298.7119995117188,299.09999796549477,299.1964996337891,296.7459997558594,292.6686655680339,0.9083355871122339,-0.0004722203597673633,0.013320772001055525,0.03268778233926395,-0.005447899654393629,Consumer Services,6
2024-03-27,320.6300048828125,324.510009765625,306.3699951171875,318.20001220703125,1446310,316.6340026855469,301.9739990234375,300.32933146158854,300.38999938964844,298.6911999511719,294.1806660970052,1.0085715759313012,0.009699314149719983,-0.007578806221424594,0.01210119085464445,-0.04447496974226384,Consumer Services,6
2024-03-28,313.7900085449219,327.0,310.82000732421875,318.45001220703125,751465,317.2620056152344,305.5350006103516,301.2846659342448,301.0959991455078,299.97880004882813,295.5586659749349,0.785970929101109,-0.021332988908479057,0.014850707591737233,0.04209819017608085,-0.009464932406469395,Consumer Services,6
2024-04-01,319.9599914550781,327.6499938964844,316.3999938964844,316.5199890136719,560965,317.9260009765625,310.1559997558594,302.62599894205727,302.08599853515625,301.18599975585937,297.1679992675781,0.9867666779414609,0.019662776832083107,-0.01075135183546605,0.024034262553997765,-0.011126383465645207,Consumer Services,6
2024-04-02,311.19000244140625,322.20001220703125,310.1000061035156,322.0,405165,316.6239990234375,312.4690002441406,303.35999959309896,302.6239990234375,302.0359997558594,298.6079996744792,0.7013564042074437,-0.02740964260496665,0.034737611985555805,0.03538034538143009,-0.0035026714526147362,Consumer Services,6
2024-04-03,302.20001220703125,313.0,301.19000244140625,311.7799987792969,1179385,313.55400390625,313.4080017089844,303.6593343098958,302.71349945068357,302.06800048828126,299.5473337809245,0.4087864169863503,-0.02888907151208278,0.03170081464358954,0.03573788006854839,-0.00334218969168365,Consumer Services,6
2024-04-04,299.1300048828125,308.0,292.6700134277344,302.80999755859375,561035,309.25400390625,312.9440032958984,304.4006673177083,302.5604995727539,302.16280029296877,300.4516672770182,0.3088761856958948,-0.010158859034444872,0.012302318776823862,0.0296526425714545,-0.021595932703604603,Consumer Services,6
2024-04-05,305.1000061035156,309.1700134277344,299.5899963378906,299.5899963378906,569630,307.51600341796876,312.3890045166016,306.19533487955727,302.8425003051758,302.38,301.23500061035156,0.5031637361063936,0.019957881600817476,-0.0180596842195917,0.013339912300224244,-0.0180596842195917,Consumer Services,6
2024-04-08,302.010009765625,308.5,300.45001220703125,303.0,181390,303.92600708007814,310.92600402832034,308.07933553059894,302.9510009765625,302.4540002441406,301.6426676432292,0.40260298292191193,-0.010127814736399048,0.0032780047096561127,0.02148932162682815,-0.00516538362355734,Consumer Services,6
2024-04-09,305.6499938964844,309.9800109863281,302.6199951171875,303.6000061035156,800825,302.81800537109376,309.72100219726565,309.252001953125,303.22450103759763,302.66280029296877,302.1663340250651,0.5210625232424857,0.012052528105555793,-0.006706978026844057,0.014166586541173753,-0.009913295729765514,Consumer Services,6
2024-04-10,302.8800048828125,309.6000061035156,302.0,308.0,1183685,302.95400390625,308.25400390625,309.9233357747396,303.4830017089844,302.76160034179685,302.2156677246094,0.4309160793416052,-0.00906261759851367,0.016904368180951757,0.022187008426994614,-0.0029054571732227696,Consumer Services,6
2024-04-12,312.7099914550781,316.3299865722656,302.8800048828125,304.739990234375,1174790,305.6700012207031,307.4620025634766,310.5193359375,304.718000793457,303.1823999023438,302.74733378092446,0.750822883559754,0.03245505287174355,-0.025486877421529552,0.011576205481453439,-0.0314348336825615,Consumer Services,6
2024-04-15,299.8900146484375,312.8900146484375,293.2300109863281,309.5400085449219,1792990,304.6280029296875,306.07200317382814,309.8020039876302,305.80350189208986,303.1996008300781,302.7546671549479,0.33360992195364847,-0.040996377336674446,0.032178443513023014,0.04334922593284718,-0.022208154112489997,Consumer Services,6
2024-04-16,299.760009765625,306.54998779296875,298.6300048828125,299.8900146484375,1121410,304.1780029296875,304.0520050048828,308.676670328776,307.10400238037107,303.1964013671875,302.7413340250651,0.32937904673448565,-0.0004335085413394152,0.000433696552499363,0.02265138045816273,-0.0037696985788598925,Consumer Services,6
2024-04-18,300.2900085449219,308.79998779296875,292.6000061035156,302.0,1138850,303.106005859375,302.9620056152344,307.51600341796876,307.7155029296875,303.20080200195315,302.7366678873698,0.34662731197655156,0.0017680770017030225,0.005694466703584311,0.028339202124248564,-0.025608585775693138,Consumer Services,6
2024-04-19,295.75,298.20001220703125,291.0,296.0,241225,301.6800048828125,302.31700439453124,306.0626708984375,307.8625030517578,303.12240234375,302.5813344319661,0.19887740265044965,-0.0151187465974004,0.0008453085376163294,0.008284064943469893,-0.01606086221470837,Consumer Services,6
2024-04-22,294.6099853515625,299.7900085449219,292.760009765625,298.20001220703125,1130010,298.06000366210935,301.86500244140626,304.3280029296875,307.40450286865234,303.3864013671875,302.32866719563805,0.16177679826381913,-0.0038546564613271346,0.012185693065307035,0.01758264638307483,-0.006279405579990405,Consumer Services,6
2024-04-23,282.3999938964844,295.42999267578125,280.79998779296875,294.7799987792969,686945,294.56199951171874,299.5950012207031,302.23533528645834,305.9920028686523,303.5552014160156,301.76000061035154,-0.2355848173609188,-0.04144459475977286,0.0438385451500769,0.04614022330352152,-0.005665744115072924,Consumer Services,6
2024-04-24,279.80999755859375,284.0,277.95001220703125,282.0,511380,290.5719970703125,297.375,299.5586690266927,304.15050201416017,303.7976013183594,301.092333984375,-0.31987358472597244,-0.00917137533239468,0.007826748366800862,0.014974455802026387,-0.006647315563386935,Consumer Services,6
2024-04-25,275.79998779296875,281.9599914550781,274.4800109863281,279.989990234375,645245,285.6739929199219,294.38999938964844,297.1993347167969,302.05550079345704,303.30720092773436,300.2796671549479,-0.45037522881000847,-0.014331188308542414,0.015192177762355374,0.022335039647403576,-0.004785992984276288,Consumer Services,6
2024-04-26,271.29998779296875,282.20001220703125,269.92999267578125,275.80999755859375,749185,280.78399047851565,291.23199768066405,295.1393330891927,299.74300079345704,302.44680053710937,299.3993336995443,-0.5968231011848609,-0.016316171860667222,0.016623700584412315,0.04017701770919513,-0.005049742642203703,Consumer Services,6
2024-04-29,270.8900146484375,275.7699890136719,259.30999755859375,268.0199890136719,2457970,276.0399963378906,287.05,293.2566670735677,297.2560012817383,301.1316015625,298.82866719563805,-0.6101652555731786,-0.0015111432472459374,-0.010594800397092374,0.018014596704746033,-0.042748039660569837,Consumer Services,6
2024-04-30,284.55999755859375,287.1199951171875,273.0199890136719,273.6000061035156,1181545,276.4719970703125,285.5169982910156,291.8873331705729,295.79450073242185,300.0880017089844,299.0413340250651,-0.16528971944140594,0.050463221864775,-0.03851557333817224,0.008996336732349786,-0.04055386787999138,Consumer Services,6
2024-05-02,281.79998779296875,285.0199890136719,278.80999755859375,284.9599914550781,274380,276.8699951171875,283.72099609375,290.5399983723958,293.8865005493164,298.6944006347656,299.3096669514974,-0.25511139897687185,-0.009699219107761928,0.011213640166765959,0.01142654847475999,-0.010610327764001393,Consumer Services,6
2024-05-03,282.82000732421875,284.7699890136719,277.20001220703125,281.260009765625,499635,278.2739990234375,281.9739959716797,289.01799926757815,292.468000793457,297.2992004394531,299.13500061035154,-0.22191591228079255,0.0036196578262429955,-0.0055158670468649085,0.00689477985628395,-0.019871278451474073,Consumer Services,6
2024-05-06,279.1099853515625,283.19000244140625,276.9800109863281,282.9700012207031,182830,279.83599853515625,280.30999450683595,287.43333129882814,291.3134994506836,295.76160034179685,298.67833353678384,-0.34265476213845053,-0.013117961518200376,0.013829730470870105,0.01461795458412074,-0.007631308362370137,Consumer Services,6
2024-05-07,282.54998779296875,284.75,277.1499938964844,279.19000244140625,178555,282.1679931640625,279.10399475097654,285.42266438802085,290.48449859619143,294.23839965820315,297.9710001627604,-0.23070342024772977,0.012324899222338025,-0.011891649254023084,0.0077862760646914,-0.019111640876944835,Consumer Services,6
2024-05-08,281.2300109863281,284.20001220703125,278.0,282.54998779296875,216845,281.5019958496094,278.98699645996095,284.1786641438802,289.290998840332,292.93599975585937,296.99033406575523,-0.2736607080069901,-0.004671657631101383,0.00469358445071788,0.010560754914764381,-0.01148529979072943,Consumer Services,6
2024-05-09,273.7799987792969,281.5899963378906,272.010009765625,281.5899963378906,1103995,279.897998046875,278.3839965820313,282.44666341145836,287.87949829101564,291.08880004882815,295.56166687011716,-0.5161136939817469,-0.026490815048161517,0.028526545377369317,0.028526545377369317,-0.006465004827101106,Consumer Services,6
2024-05-10,283.42999267578125,287.1300048828125,264.79998779296875,275.5899963378906,1046000,280.0199951171875,279.1469970703125,281.3226623535156,286.7684982299805,289.9783996582031,294.41933288574216,-0.20206456629942487,0.035247256700675036,-0.02766113869557507,0.01305441309192612,-0.06573053439733734,Consumer Services,6
2024-05-13,275.1700134277344,281.3999938964844,270.0199890136719,277.05999755859375,1259650,279.23200073242185,279.53399963378905,279.95066324869794,285.38299865722655,288.89719970703123,293.0066670735677,-0.4708770966854024,-0.02914292580706361,0.006868423296987336,0.02264047739484565,-0.01871579083022068,Consumer Services,6
2024-05-14,276.8800048828125,278.0199890136719,274.8800048828125,275.3299865722656,158080,278.09800415039064,280.13299865722655,278.76866455078124,283.5914993286133,288.00719970703125,291.5483337402344,-0.4152271832686536,0.006214308869549864,-0.005598159069676756,0.004117249749912011,-0.00722334572641492,Consumer Services,6
2024-05-15,274.8900146484375,281.0,271.79998779296875,277.6000061035156,1102210,276.8300048828125,279.16600036621094,278.26799926757815,282.3414993286133,286.7988000488281,290.2516672770182,-0.4799893690177542,-0.007187193727540019,0.009858457239867224,0.022227018174438617,-0.01124095707667172,Consumer Services,6
2024-05-16,277.2799987792969,279.6000061035156,274.3800048828125,275.1099853515625,102425,277.5300048828125,278.71400146484376,278.0993326822917,281.2174987792969,285.809599609375,288.82900085449216,-0.4022097932457505,0.008694328653283295,-0.007826072696507813,0.008367020103982936,-0.010458720099723595,Consumer Services,6
2024-05-17,278.19000244140625,280.4599914550781,274.0,277.2900085449219,488225,276.4820068359375,278.2510009765625,278.2586669921875,280.1124984741211,284.71119995117186,287.7290008544922,-0.37259465987480783,0.0032818943526961688,-0.003235176996247091,0.008159851158382248,-0.015061657157462993,Consumer Services,6
2024-05-21,283.5,285.0,276.760009765625,276.760009765625,414115,278.14800415039065,278.69000244140625,279.07200113932294,279.49999847412107,283.93599975585937,287.1056671142578,-0.19978624992553767,0.019087664948391408,-0.0237742159942681,0.005291005291005346,-0.0237742159942681,Consumer Services,6
2024-05-22,284.30999755859375,286.3299865722656,280.3999938964844,286.3299865722656,106880,279.6340026855469,278.8660034179687,279.96666666666664,278.98499908447263,282.8,286.6116668701172,-0.17342571235111998,0.0028571342454805997,0.007104882104103982,0.007104882104103982,-0.013752606998294392,Consumer Services,6
2024-05-23,282.5,287.0,278.3999938964844,286.20001220703125,453850,281.1559997558594,278.9930023193359,279.82933349609374,278.98999938964846,282.1043994140625,285.85833333333335,-0.23233022156439379,-0.006366281784448068,0.013097388343473515,0.015929203539823078,-0.014513295941648185,Consumer Services,6
2024-05-24,278.25,286.42999267578125,277.4100036621094,282.5,276410,281.35,279.44000244140625,279.59266764322916,278.91199951171876,281.2439990234375,285.0663330078125,-0.3706421010295322,-0.01504424778761062,0.015274034141958603,0.029397997037848178,-0.0030188547633086538,Consumer Services,6
2024-05-27,280.239990234375,282.3699951171875,274.6600036621094,279.6000061035156,715375,281.75999755859374,279.1210021972656,279.42066650390626,279.1339996337891,280.44199829101564,284.2193328857422,-0.3058799152804316,0.007151806772237197,-0.0022837002325190037,0.007600645721658417,-0.019911457203516503,Consumer Services,6
2024-05-28,280.70001220703125,283.3900146484375,278.4100036621094,280.239990234375,568705,281.2,279.6740020751953,279.52666829427085,279.6040008544922,279.8399987792969,283.47999979654946,-0.29090897324905596,0.001641528649324876,-0.001638838449059099,0.009583193175717541,-0.008158206075291718,Consumer Services,6
2024-05-29,282.6099853515625,288.3999938964844,280.2900085449219,281.8299865722656,184355,280.85999755859376,280.2470001220703,279.5306681315104,280.18999938964845,279.35999877929686,282.47666625976564,-0.22875086140245415,0.006804321558499053,-0.0027599830852634843,0.020487629047215794,-0.008209111237717281,Consumer Services,6
2024-05-30,284.8299865722656,285.989990234375,281.7300109863281,283.79998779296875,214865,281.32599487304685,281.2409973144531,279.7706665039062,280.20349884033203,279.45719848632814,281.97466532389325,-0.15650320463766573,0.007855353086485876,-0.0036161879993472645,0.004072617760753516,-0.01088359980367093,Consumer Services,6
2024-05-31,290.2900085449219,299.20001220703125,278.8500061035156,285.989990234375,1363465,283.73399658203124,282.5419982910156,280.8713338216146,280.6279998779297,279.87639892578125,281.65899861653645,0.02118759558799046,0.01916940712023999,-0.014812836074175273,0.03069345619840913,-0.03940887424527373,Consumer Services,6
2024-06-03,284.54998779296875,293.5799865722656,282.79998779296875,292.2300109863281,267805,284.59599609375,283.17799682617186,280.9460001627604,280.71449890136716,280.22639892578127,281.13433125813805,-0.16561547697001755,-0.01977340102308367,0.026990066852321082,0.03173431441461472,-0.0061500617644491,Consumer Services,6
2024-06-04,283.1400146484375,303.3999938964844,276.0,290.0,2837385,285.08399658203126,283.1419982910156,281.477333577474,280.91600036621094,280.7,280.71399841308596,-0.2115016029971913,-0.004955098242903845,0.024228243966435636,0.07155463092421899,-0.02521725746642678,Consumer Services,6
2024-06-05,290.8599853515625,297.0,276.3699951171875,288.95001220703125,323510,286.73399658203124,283.7969970703125,282.4093322753906,281.3315002441406,281.498798828125,280.58899841308596,0.03973690461810873,0.027265558747358785,-0.006566641135674511,0.02110986370647061,-0.04981775068461536,Consumer Services,6
2024-06-06,291.5799865722656,294.989990234375,287.0,293.7300109863281,353130,288.08399658203126,284.7049957275391,283.5219970703125,281.8489990234375,281.7795983886719,280.89499816894534,0.063168603924613,0.002475422048285052,0.007373703659629083,0.01169491672661227,-0.015707479193296847,Consumer Services,6
2024-06-07,296.3500061035156,302.3900146484375,289.6499938964844,291.0,309535,289.29599609375,286.51499633789064,284.7933308919271,282.9774993896484,282.3615991210938,281.4463317871094,0.2184039842664027,0.01635921445543997,-0.018052998121575348,0.02038133430242639,-0.022608442952725682,Consumer Services,6
2024-06-10,300.0400085449219,305.07000732421875,295.6199951171875,301.989990234375,351775,292.3940002441406,288.4949981689453,286.2499979654948,283.8080001831055,283.0503991699219,282.25433247884115,0.3384913190668375,0.012451501148669877,0.006499072236765269,0.016764426863238757,-0.014731413484387446,Consumer Services,6
2024-06-11,300.94000244140625,302.7900085449219,297.9599914550781,298.79998779296875,195605,295.95399780273436,290.5189971923828,287.41266479492185,285.09649963378905,283.9235998535156,283.2423329671224,0.3677806949091686,0.002999579625560597,-0.007111100654869418,0.006147425029930487,-0.009902342533902098,Consumer Services,6
2024-06-12,299.1400146484375,303.0,295.29998779296875,302.29998779296875,352155,297.61000366210936,292.1720001220703,288.4013326009115,286.2095001220703,284.5872009277344,284.1839996337891,0.3092019432245064,-0.005981218111138987,0.010563525405469454,0.012903607550126317,-0.012836887970276156,Consumer Services,6
2024-06-13,301.6300048828125,302.989990234375,298.8500061035156,298.8500061035156,99970,299.62000732421876,293.852001953125,289.6766662597656,287.54649963378904,285.40320068359375,284.7529998779297,0.39023611479303505,0.008323828683706343,-0.00921658566553063,0.004508786690803124,-0.00921658566553063,Consumer Services,6
2024-06-14,300.75,302.989990234375,298.5400085449219,302.1000061035156,102880,300.5000061035156,294.8980010986328,291.1766662597656,288.7199996948242,286.48200073242185,285.3846669514974,0.3615972608447302,-0.00291749782371417,0.004488798349179035,0.00744801407938489,-0.007348267514806772,Consumer Services,6
2024-06-18,303.5,308.0,297.04998779296875,308.0,649290,301.19200439453124,296.7930023193359,292.727333577474,289.9854995727539,287.2848010253906,286.0740000406901,0.4510931828515845,0.00914380714879468,0.014827018121911006,0.014827018121911006,-0.021252099528933255,Consumer Services,6
2024-06-19,311.8599853515625,319.7900085449219,304.45001220703125,306.0,1074460,303.3760009765625,299.6649993896484,294.80466512044273,291.403498840332,288.75239990234377,287.16566670735676,0.723160309034087,0.02754525651256178,-0.018790436820409928,0.025428152266536497,-0.023760576837640546,Consumer Services,6
2024-06-20,315.260009765625,334.20001220703125,312.04998779296875,322.3999938964844,5755000,306.6,302.10500183105466,296.98133341471356,292.9509994506836,290.28760009765625,288.25600077311196,0.8338106071367554,0.010902406765105253,0.0226479220633391,0.060077402317810336,-0.010182141322150895,Consumer Services,6
2024-06-21,318.0400085449219,322.07000732421875,311.67999267578125,315.8399963378906,799410,309.8820007324219,304.7510040283203,299.19533487955727,294.7279998779297,292.01359985351564,289.4830006917318,0.9242828085662474,0.00881811423327564,-0.006917407080626825,0.012671357914165293,-0.0199975339525319,Consumer Services,6
2024-06-24,316.8699951171875,320.9200134277344,313.4100036621094,318.0400085449219,838690,313.1059997558594,306.8030029296875,300.967333984375,296.65899963378905,293.5971997070312,290.91933390299477,0.8862059247569791,-0.003678824664504797,0.0036924083875522484,0.012781324748179612,-0.010919277648230863,Consumer Services,6
2024-06-25,315.0299987792969,322.19000244140625,314.0199890136719,319.79998779296875,649090,315.41199951171876,308.302001953125,302.99933471679685,298.3985000610352,295.0707995605469,291.97266743977866,0.8263251361210675,-0.005806786272742997,0.015141380288083761,0.02272800587199164,-0.0032060748802928973,Consumer Services,6
2024-06-26,310.6600036621094,315.0,309.010009765625,315.0,538580,315.1720031738281,309.2740020751953,304.83400065104166,299.89649963378906,296.1571997070312,293.1556671142578,0.6841081389653778,-0.01387167931346444,0.013970244919622843,0.013970244919622843,-0.005311253064552823,Consumer Services,6
2024-06-27,310.70001220703125,315.2300109863281,304.20001220703125,312.79998779296875,588070,314.2600036621094,310.4300018310547,306.1566691080729,301.3010009765625,297.2128002929687,294.2830006917318,0.6854101759166272,0.00012878563204225818,0.006758852601969734,0.014579976187057087,-0.020920501270108693,Consumer Services,6
2024-06-28,313.4599914550781,316.7900085449219,308.9800109863281,310.0,524175,313.3440002441406,311.6130004882813,307.61533610026044,302.7325012207031,298.4511999511719,295.56866658528645,0.7752308622888961,0.008883099902190527,-0.011038064025386096,0.01062341983225945,-0.014292032766140217,Consumer Services,6
2024-07-01,314.2200012207031,316.989990234375,303.0,315.79998779296875,366625,312.8140014648437,312.9600006103516,308.8066691080729,303.9290008544922,299.89,296.8,0.7999645985466498,0.0024245829973293955,0.005028281351052044,0.008815444602223943,-0.03570746985269846,Consumer Services,6
2024-07-02,312.2300109863281,316.3800048828125,310.8500061035156,314.2200012207031,279755,312.25400390625,313.8330017089844,309.6193359375,305.31300201416013,301.16960083007814,297.9346669514974,0.7352024127975492,-0.006333111280771915,0.006373475208512724,0.01329146382621782,-0.004419834206369488,Consumer Services,6
2024-07-03,317.25,318.79998779296875,310.0199890136719,310.20001220703125,374875,313.57200317382814,314.37200317382815,310.7066691080729,307.0185012817383,302.63160034179685,299.0596669514974,0.898572792885856,0.01607785554570438,-0.022222183744582402,0.004885698322990573,-0.02278963273862289,Consumer Services,6
2024-07-04,318.010009765625,320.6400146484375,315.0199890136719,317.20001220703125,238700,315.03400268554685,314.6470031738281,311.9646687825521,308.3760025024414,304.0476013183594,300.18300069173176,0.9233065291436097,0.0023956178585500393,-0.002547081958806041,0.008270195283320847,-0.009402285022904744,Consumer Services,6
2024-07-05,316.4800109863281,324.20001220703125,315.0,317.6000061035156,379815,315.63800659179685,314.4910034179687,312.9546691894531,309.62100372314455,305.31360229492185,301.3156677246094,0.8735142922626876,-0.0048111654737676085,0.003538912658960669,0.02439332960285001,-0.004676475401133806,Consumer Services,6
2024-07-08,312.0799865722656,319.19000244140625,309.2300109863281,318.07000732421875,251380,315.2100036621094,314.0120025634766,313.7100016276042,310.40750274658205,306.1852014160156,302.4433339436849,0.7303200225211632,-0.013903008914684916,0.01919386378391197,0.02278267167091874,-0.009132195938740706,Consumer Services,6
2024-07-09,312.1199951171875,324.0,311.04998779296875,317.5799865722656,435770,315.18800048828126,313.72100219726565,314.28466796875,311.0115020751953,307.2880017089844,303.50600077311196,0.7316220594724127,0.00012819964958762445,0.017493244715155676,0.038062299976494796,-0.0034281921727475906,Consumer Services,6
2024-07-10,311.07000732421875,315.1300048828125,303.4599914550781,315.1300048828125,165830,313.952001953125,313.7620025634766,314.2320027669271,311.51800231933595,308.40520141601564,304.5183339436849,0.6974512865168925,-0.0033640516769024207,0.013051716536471192,0.013051716536471192,-0.024463997460253184,Consumer Services,6
2024-07-11,310.8299865722656,314.69000244140625,308.0799865722656,309.05999755859375,2023470,312.5159973144531,313.775,313.93666788736977,312.10250091552734,309.20400146484377,305.45900065104166,0.6896400579725931,-0.0007715972170308233,-0.005694395940336272,0.01241841532635779,-0.008847280245790068,Consumer Services,6
2024-07-12,310.3299865722656,313.989990234375,309.0,311.989990234375,363185,311.28599243164064,313.4619995117188,313.42266642252605,312.5375,309.95400146484377,306.3090006510417,0.673368072153165,-0.0016085964083254682,0.005349156491271989,0.011793909130521918,-0.004285717235887887,Consumer Services,6
2024-07-15,311.2300109863281,314.19000244140625,308.0,310.3999938964844,651500,311.1159973144531,313.1630004882812,313.0466674804687,313.0615005493164,310.54920166015626,307.0070007324219,0.7026584411586931,0.002900217358959328,-0.0026668928462693087,0.009510623495778914,-0.010378211844326302,Consumer Services,6
2024-07-16,310.0799865722656,312.17999267578125,306.20001220703125,312.17999267578125,182430,310.70799560546874,312.947998046875,312.71666666666664,313.3904998779297,310.95080078125,307.8580006917318,0.665232079243451,-0.0036950948606078314,0.0067724657973893265,0.0067724657973893265,-0.012512817767199369,Consumer Services,6
2024-07-18,309.8299865722656,311.3999938964844,306.17999267578125,310.989990234375,1030730,310.4599914550781,312.20599670410155,312.6613321940104,313.2889999389648,311.30640014648435,308.74766642252604,0.657096086333737,-0.00080624358496525,0.0037440006209301657,0.0050673188272967185,-0.011780634717979521,Consumer Services,6
2024-07-19,305.25,311.3500061035156,302.739990234375,309.8299865722656,744355,309.343994140625,310.92999572753905,312.297998046875,312.7884994506836,311.55079956054686,309.227333577474,0.5080451332195827,-0.014782257272561886,0.015004051014793296,0.019983639978757184,-0.008222800214987669,Consumer Services,6
2024-07-22,305.739990234375,310.0,298.0899963378906,301.010009765625,448575,308.4259948730469,309.8559936523437,311.7833312988281,312.1734985351562,311.7151989746094,309.6993336995443,0.5239913615103992,0.0016052096130221131,-0.01547059795849437,0.013933439856393504,-0.025021240730138117,Consumer Services,6
2024-07-23,312.44000244140625,313.3900146484375,297.0,309.79998779296875,536620,308.6679931640625,309.8919952392578,311.66466471354164,311.9519989013672,312.18279907226565,310.2356669108073,0.7420363687560139,0.02191408523920975,-0.008449669145462857,0.003040622838330176,-0.049417495585578286,Consumer Services,6
2024-07-24,325.0799865722656,327.20001220703125,310.6099853515625,312.44000244140625,631025,311.6679931640625,311.1879943847656,312.5213297526042,312.4544982910156,313.04599853515623,311.07033284505206,1.1533916538262925,0.04045571640023856,-0.03888268934713235,0.0065215507639204695,-0.04451212568721585,Consumer Services,6
2024-07-25,315.9100036621094,321.7799987792969,313.0,321.7799987792969,701040,312.8839965820313,311.6719940185547,312.43199666341144,312.7169982910156,313.20799926757815,311.5693328857422,0.8549639900693724,-0.028208389593118655,0.018581225821091563,0.018581225821091563,-0.009211495768971734,Consumer Services,6
2024-07-26,311.1600036621094,319.79998779296875,310.0,319.79998779296875,109190,314.0659973144531,311.7049957275391,311.97532958984374,312.73999786376953,313.0439990234375,311.9699991861979,0.7003801247848059,-0.015035927779863846,0.027767013848738697,0.027767013848738697,-0.0037279973276033163,Consumer Services,6
2024-07-29,316.1499938964844,317.75,310.82000732421875,315.79998779296875,744265,316.147998046875,312.28699645996096,311.9533284505208,312.87449798583987,312.9683984375,312.45399881998696,0.8627742254504749,0.016036734077795108,-0.0011070887562003584,0.005060908222062288,-0.016859043729764545,Consumer Services,6
2024-07-30,321.0899963378906,323.3999938964844,312.25,316.20001220703125,1267645,317.87799682617185,313.2729949951172,312.5539957682292,313.2179977416992,313.13719848632815,313.1319986979167,1.0235415247994797,0.015625502251389364,-0.015229325692580953,0.007194237082873478,-0.02753121068458353,Consumer Services,6
2024-07-31,330.3699951171875,335.20001220703125,316.79998779296875,320.9800109863281,974520,318.9359985351563,315.3019958496094,313.7706624348958,314.1249969482422,313.75079833984375,314.0276652018229,1.3255495418815366,0.028901550609291834,-0.028422629989532155,0.014620023492540435,-0.04107518093283635,Consumer Services,6
2024-08-01,339.0899963378906,363.44000244140625,330.5400085449219,331.5199890136719,5057455,323.5719970703125,318.2279968261719,315.63866170247394,315.21699676513674,314.887998046875,314.9353322347005,1.6093330142988898,0.026394652509559777,-0.0223244784746629,0.07180986276944523,-0.02521450908403977,Consumer Services,6
2024-08-02,335.6300048828125,339.6000061035156,333.2699890136719,337.989990234375,464710,328.46599731445315,321.2659973144531,317.2919962565104,316.0979965209961,315.88519775390625,315.6143320719401,1.4967311505141427,-0.01020375561781649,0.007031508855671387,0.01182850508877853,-0.007031599781922471,Consumer Services,6
2024-08-05,326.29998779296875,332.6700134277344,322.70001220703125,331.1600036621094,436415,330.49599609375,323.3219970703125,318.3566630045573,316.5889953613281,316.3987976074219,315.88966471354166,1.193095338952225,-0.027798519065961903,0.014894318268329876,0.019521991642878378,-0.01103271750111623,Consumer Services,6
2024-08-06,331.25,338.3699951171875,326.1300048828125,326.2900085449219,360840,332.5279968261719,325.2029968261719,319.6913289388021,317.54749603271483,317.07999755859373,316.36899820963544,1.3541883958298415,0.015170126853243832,-0.014973559109669798,0.021494324882075366,-0.01545658903301883,Consumer Services,6
2024-08-07,328.5799865722656,343.0,325.55999755859375,332.8399963378906,13224240,332.1699951171875,325.55299682617186,320.92466227213544,318.37049560546876,317.73399658203124,316.82066446940104,1.267295554562289,-0.00806041789504717,0.012964909427580329,0.043885854333866936,-0.00919103152074563,Consumer Services,6
2024-08-08,322.1600036621094,330.3999938964844,320.79998779296875,329.6000061035156,295265,328.78399658203125,326.17799682617186,321.7466634114583,318.9249954223633,317.93039672851563,317.20399780273436,1.058363812812223,-0.019538569518884205,0.023094122041324328,0.02557732226442777,-0.004221554052895593,Consumer Services,6
2024-08-09,318.1199951171875,324.989990234375,315.0,323.0,679930,325.28199462890626,326.8739959716797,322.6046630859375,319.28949584960935,317.93479614257814,317.4513305664062,0.9268858893055493,-0.012540379001110118,0.015340138808360049,0.021595609275225636,-0.009807604567698358,Consumer Services,6
2024-08-12,318.8900146484375,322.260009765625,314.5400085449219,315.2200012207031,445995,323.8,327.147998046875,323.48133138020836,319.71749725341795,318.0311962890625,317.6323313395182,0.9519453830919146,0.002420531695803478,-0.011508712280566047,0.010567891631548143,-0.01364108596599145,Consumer Services,6
2024-08-13,308.82000732421875,318.8800048828125,307.4100036621094,318.8800048828125,838270,319.3140014648437,325.92099914550784,323.23999837239586,319.5969970703125,317.90079711914063,317.45233154296875,0.6242273503294663,-0.031578308700949756,0.03257560170974316,0.03257560170974316,-0.00456577821601134,Consumer Services,6
2024-08-14,307.239990234375,311.6600036621094,303.6099853515625,310.0,1081305,315.04600219726564,323.6079986572266,322.0506652832031,319.45499725341796,317.7055969238281,317.28599751790364,0.5728073189686833,-0.005116304165438829,0.008983237382345743,0.014386191798673842,-0.011814884123786729,Consumer Services,6
2024-08-16,312.5899963378906,315.3999938964844,307.79998779296875,308.20001220703125,304500,313.1320007324219,320.95799865722654,321.82933146158854,319.5929977416992,317.766396484375,317.1306640625,0.7469177658692029,0.017413117672066145,-0.01404390473876227,0.008989403344681346,-0.015323614322398704,Consumer Services,6
2024-08-19,311.55999755859375,315.67999267578125,308.8399963378906,315.67999267578125,618940,311.82000122070315,318.5509979248047,321.8559977213542,319.9084976196289,317.7955969238281,316.91566365559896,0.713397514807709,-0.003295047158782105,0.013223761553062152,0.013223761553062152,-0.008730264610403271,Consumer Services,6
2024-08-20,314.6499938964844,327.0,310.3999938964844,322.0,515935,310.9719970703125,317.38599853515626,321.75599772135416,320.3539978027344,317.96839721679686,316.8546630859375,0.8139582679921907,0.009917821164796687,0.023359307948798813,0.03924998043247574,-0.01350707161112541,Consumer Services,6
2024-08-21,318.760009765625,322.6400146484375,311.6000061035156,315.9800109863281,408440,312.9599975585937,316.1369995117187,321.6006652832031,320.6699981689453,318.26959716796875,317.07733052571615,0.9477145078727517,0.013062183215845747,-0.008721290921470781,0.012172182092933692,-0.022462051207031597,Consumer Services,6
2024-08-22,321.7799987792969,328.6000061035156,320.0,320.0,748020,315.8679992675781,315.4570007324219,321.0279988606771,320.5049987792969,318.73759765625,317.3993306477865,1.0459969446833461,0.009474177817638998,-0.0055317259806373364,0.021194627851610193,-0.0055317259806373364,Consumer Services,6
2024-08-23,326.0899963378906,327.9800109863281,323.0,324.82000732421875,457825,318.5679992675781,315.85,320.1613321940104,321.0139984130859,319.387998046875,317.8999969482422,1.1862613829937603,0.01339423697850748,-0.0038945966694295953,0.00579599089105165,-0.009475900434212647,Consumer Services,6
2024-08-26,324.1099853515625,328.9800109863281,323.1400146484375,328.9800109863281,315820,321.0779968261719,316.4489990234375,319.39333089192706,321.66149749755857,320.1423974609375,318.34266357421876,1.1218239616100742,-0.006071977087811246,0.015025842630189468,0.015025842630189468,-0.002992720826150652,Consumer Services,6
2024-08-27,324.239990234375,328.9599914550781,322.6000061035156,325.6000061035156,326315,322.99599609375,316.98399658203124,319.25599772135416,322.0659973144531,320.8823974609375,318.80633036295575,1.1260548368292371,0.00040111347594392547,0.004194472952449679,0.014557122387313548,-0.005057932951681665,Consumer Services,6
2024-08-28,320.7699890136719,326.7900085449219,320.2200012207031,326.7900085449219,243580,323.3979919433594,318.1789947509766,318.5573303222656,322.0499969482422,321.2155969238281,319.12432963053385,1.0131272155158786,-0.010701953260592114,0.01876740261693688,0.01876740261693688,-0.0017145861888759883,Consumer Services,6
2024-08-29,319.8900146484375,324.2200012207031,318.010009765625,322.3999938964844,372710,323.0199951171875,319.4439971923828,317.9779988606771,321.5259979248047,321.007998046875,319.4513305664062,0.9844893547307706,-0.002743318874500035,0.007846381984774942,0.013535860370710084,-0.0058770352206167775,Consumer Services,6
2024-08-30,333.5299987792969,338.79998779296875,316.739990234375,322.9800109863281,1712945,324.50799560546875,321.5379974365234,318.7359985351562,321.247998046875,321.7127978515625,320.2413309733073,1.4283886114399056,0.04263960582155045,-0.031631301027137515,0.015800644718495294,-0.05034032502735131,Consumer Services,6
2024-09-02,330.8699951171875,338.32000732421875,328.1000061035156,337.9800109863281,769775,325.85999755859376,323.4689971923828,319.58599853515625,321.00999755859374,322.50119750976563,321.0953308105469,1.3418215277009646,-0.007975305585239276,0.02148885052759897,0.022516433393703794,-0.0083718350244808,Consumer Services,6
2024-09-03,331.5199890136719,334.79998779296875,329.0,334.79998779296875,946870,327.3159973144531,325.15599670410154,320.42799682617186,321.27099761962893,323.1159973144531,321.9546641031901,1.3629749106335818,0.001964499368563657,0.009893819039556107,0.009893819039556107,-0.00760131846399148,Consumer Services,6
2024-09-04,336.739990234375,338.79998779296875,330.0,331.79998779296875,1310540,330.50999755859374,326.95399475097656,322.28932902018227,321.54549713134764,323.7419970703125,322.76466369628906,1.5328544823149384,0.01574566057459616,-0.014670079541096226,0.006117472288218462,-0.020015413760877898,Consumer Services,6
2024-09-05,332.04998779296875,364.3999938964844,329.0,351.0,2582229,332.9419921875,327.9809936523437,323.9433288574219,321.7189971923828,323.80919677734374,322.9969970703125,1.3802231758756476,-0.013927666975763565,0.05706975727656549,0.09742510854626407,-0.009185327225099571,Consumer Services,6
2024-09-06,336.3500061035156,340.0,317.04998779296875,333.0,3767279,333.50599365234376,329.0069946289062,325.52732950846354,322.4284973144531,323.69959716796876,323.67833048502604,1.520162849820647,0.012949912569272285,-0.00995988120328628,0.010851772945593696,-0.05738075802087861,Consumer Services,6
2024-09-09,326.6000061035156,332.0,320.6499938964844,331.3500061035156,1110663,332.65199584960936,329.25599670410156,326.5299967447917,322.85249786376954,323.33839721679686,324.1929972330729,1.2028591263418,-0.028987661135939816,0.014543784174010366,0.016533967530829807,-0.018218040709850447,Consumer Services,6
2024-09-10,338.6000061035156,341.0,322.0,322.0,1900540,334.0679992675781,330.69199829101564,328.1266642252604,323.83799743652344,323.83039794921876,324.9413309733073,1.5933867860080733,0.036742191597499876,-0.04902541584255238,0.007087991297172858,-0.04902541584255238,Consumer Services,6
2024-09-11,335.20001220703125,340.8999938964844,333.1000061035156,339.8999938964844,477343,333.7600036621094,332.13500061035154,329.22266438802086,325.15699768066406,323.9883984375,325.411664835612,1.4827374810686018,-0.01004132851505307,0.014021424577246977,0.017004718024689724,-0.0062649344482081926,Consumer Services,6
2024-09-12,328.54998779296875,337.75,328.0,336.6499938964844,176209,333.06000366210935,333.00099792480466,329.6739969889323,326.2224975585938,323.9871984863281,325.3509979248047,1.2663192751396513,-0.01983897425980764,0.02465380126149852,0.028001864400702736,-0.0016739851267787431,Consumer Services,6
2024-09-13,328.25,334.70001220703125,327.04998779296875,330.0,245207,331.44000244140625,332.472998046875,329.8179972330729,327.00549774169923,324.2307983398438,324.9896647135417,1.2565564809132732,-0.0009130659081253206,0.005331302361005319,0.01964969446163356,-0.003655787378617714,Consumer Services,6
2024-09-16,328.25,333.04998779296875,323.0,332.0,239140,331.77000122070314,332.21099853515625,330.0939982096354,327.83999786376955,324.63599853515626,324.74366455078126,1.2565564809132732,0.0,0.011424219345011366,0.014622963573400538,-0.015993907083015957,Consumer Services,6
2024-09-17,333.0,334.95001220703125,326.29998779296875,333.0,255522,330.65,332.35899963378904,330.67799886067706,328.7574981689453,325.20039794921877,324.9669982910156,1.4111403461978396,0.014470677837014471,0.0,0.005855892513607408,-0.0201201567778716,Consumer Services,6
2024-09-18,338.1000061035156,339.95001220703125,331.0,333.1000061035156,587602,331.22999877929686,332.4950012207031,331.8333333333333,329.72449798583983,326.3715979003906,325.19533182779946,1.5771148001886452,0.015315333644191065,-0.014788523838325962,0.0054717718725778575,-0.02099972190282018,Consumer Services,6
2024-09-19,338.20001220703125,345.0,335.20001220703125,345.0,742590,333.1600036621094,333.11000366210936,333.0539998372396,330.5454986572266,327.60999877929686,325.51599934895836,1.5803693959851701,0.00029578852916378317,0.020106409070163256,0.020106409070163256,-0.008870490513653628,Consumer Services,6
2024-09-20,347.1499938964844,359.29998779296875,337.1000061035156,339.79998779296875,1464470,336.94000244140625,334.19000244140625,333.9619995117188,331.59849853515624,328.9923986816406,326.3489990234375,1.8716373462550142,0.026463575891222432,-0.02117242181403378,0.034999262883776305,-0.028949986949922124,Consumer Services,6
2024-09-23,352.5,360.95001220703125,347.95001220703125,353.6499938964844,808900,341.7900024414063,336.7800018310547,335.4039998372396,333.01799926757815,330.6299987792969,327.4949991861979,2.0457477931555337,0.015411223383489176,0.003262394032579774,0.02397166583554955,-0.012907766788563868,Consumer Services,6
2024-09-24,376.45001220703125,401.0,348.0,352.5,11379551,350.4800048828125,340.56500244140625,338.3993347167969,335.6285003662109,333.10199951171876,329.4136657714844,2.825176311171416,0.0679432970412234,-0.06362069711890406,0.06521446937679287,-0.07557447545355633,Consumer Services,6
2024-09-25,370.6000061035156,373.70001220703125,358.95001220703125,373.0,1117332,356.9800048828125,344.10500183105466,340.6566691080729,338.1200012207031,335.17559936523435,331.4729990641276,2.6347938784514686,-0.015539928048397498,0.006475968313432778,0.008364830146952995,-0.03143549299680881,Consumer Services,6
2024-09-26,381.6000061035156,391.70001220703125,358.45001220703125,367.5,3046595,365.6600036621094,349.4100036621094,343.9600036621094,341.205500793457,337.56839965820313,333.9516662597656,2.992777566478886,0.029681596920771477,-0.036949700938135654,0.0264675208122922,-0.060665601483781306,Consumer Services,6
2024-09-27,372.75,382.3999938964844,370.1000061035156,380.95001220703125,1014664,370.7800048828125,353.86000366210936,346.386669921875,343.1665008544922,339.4347998046875,335.9569997151693,2.70476321884237,-0.023191839522966117,0.02199869136695165,0.02588864895099774,-0.007109306227992995,Consumer Services,6
2024-09-30,357.1499938964844,372.70001220703125,354.04998779296875,372.70001220703125,1047473,371.7100036621094,356.7500030517578,348.4233357747396,344.48050079345705,340.7564001464844,337.47666625976564,2.1970770626435754,-0.041851123014126426,0.04353918122998435,0.04353918122998435,-0.008679843641308138,Consumer Services,6
2024-10-01,358.5,362.5,352.29998779296875,357.0,384672,368.1200012207031,359.3000030517578,349.7500020345052,345.8295013427734,342.1268005371094,338.93833312988284,2.2410116229886703,0.003779941555611248,-0.004184100418409997,0.01115760111576014,-0.01729431577972451,Consumer Services,6
2024-10-03,350.54998779296875,358.6000061035156,347.8500061035156,353.0,686175,364.10999755859376,360.5450012207031,350.77333374023436,346.52000122070314,343.31800048828126,339.9979990641276,1.9822866511944854,-0.022175766267869594,0.006989052324481104,0.022963966883094322,-0.007702130319421685,Consumer Services,6
2024-10-04,350.45001220703125,371.75,343.29998779296875,350.0,3875492,357.8799987792969,361.77000122070314,352.23333536783855,347.44000244140625,344.540400390625,340.9536661783854,1.9790330485611576,-0.0002851963754639882,-0.0012840981348444247,0.060778961481061655,-0.020402408802995153,Consumer Services,6
2024-10-07,347.79998779296875,354.70001220703125,345.45001220703125,352.1000061035156,438581,352.88999633789064,361.8350006103516,353.5366678873698,348.0125015258789,345.1111999511719,341.6773325602214,1.8927907291876311,-0.007561775779014601,0.01236348033774659,0.019839058816096822,-0.006756686798207512,Consumer Services,6
2024-10-08,349.5,352.1000061035156,343.20001220703125,347.79998779296875,857543,351.35999755859376,361.5350006103516,354.9533345540365,349.1575012207031,345.85640014648436,342.52366638183594,1.9481158782389654,0.004887901859396264,-0.004864126486498588,0.007439216319071962,-0.01802571614583337,Consumer Services,6
2024-10-09,353.20001220703125,356.25,348.3500061035156,354.6499938964844,263931,350.3,359.2100006103516,356.3000020345052,349.8875015258789,346.7236010742188,343.48900044759114,2.068528970568012,0.010586587144581544,0.0041052707795581345,0.008635299228644921,-0.01373161363503228,Consumer Services,6
2024-10-10,357.45001220703125,360.1000061035156,346.1000061035156,354.0,339971,351.6800048828125,357.89500122070314,357.5900024414062,351.00000152587893,347.552001953125,344.7116678873698,2.2068408500331502,0.012032842166236466,-0.009651733359105408,0.007413606954780327,-0.031752708675085506,Consumer Services,6
2024-10-11,371.0,374.95001220703125,357.45001220703125,357.45001220703125,1073865,355.7900024414063,356.8350006103516,359.77666829427085,353.1225021362305,349.11000244140627,346.4153340657552,2.6478112684743715,0.037907364191446,-0.036522878148163795,0.010646933172590911,-0.036522878148163795,Consumer Services,6
2024-10-14,356.6499938964844,372.54998779296875,350.20001220703125,372.20001220703125,603936,357.56000366210935,355.225,360.4100016276042,354.54250183105466,349.922001953125,347.1860005696615,2.1808050768241474,-0.03867926173454346,0.04360022031869204,0.04458150615053502,-0.018084906210106944,Consumer Services,6
2024-10-15,357.5,358.95001220703125,354.1499938964844,358.1499938964844,269140,359.1600036621094,355.26000061035154,360.7433349609375,356.0050018310547,351.1580017089844,348.07366739908855,2.2084676513498143,0.0023833060929823943,0.0018181647454107441,0.004055978201485955,-0.009370646443400354,Consumer Services,6
2024-10-16,356.45001220703125,361.0,354.0,361.0,196905,359.81000366210935,355.0550018310547,359.4100016276042,357.17750244140626,351.872001953125,348.9046681722005,2.174296878394294,-0.002937028791520979,0.012764728958196914,0.012764728958196914,-0.006873368279219583,Consumer Services,6
2024-10-17,350.25,358.70001220703125,347.6499938964844,358.70001220703125,1036010,358.3700012207031,355.02500305175784,358.05333455403644,357.78500213623045,352.47400146484375,349.35500183105466,1.9725238569681074,-0.017393777513549907,0.024125659406227795,0.024125659406227795,-0.0074232865196735,Consumer Services,6
2024-10-18,347.1499938964844,351.0,341.04998779296875,350.0,207889,353.6,354.69500122070315,355.7566670735677,358.2325012207031,353.2180017089844,349.85833536783855,1.8716373462550142,-0.00885083826842434,0.008209725345308394,0.011090324560580678,-0.017571672794943427,Consumer Services,6
2024-10-21,345.0,350.29998779296875,342.54998779296875,345.20001220703125,133968,351.27000122070314,354.4150024414063,353.9066670735677,358.12500152587893,353.88800170898435,350.14666849772135,1.801668005864113,-0.006193270731053146,0.0005797455276268515,0.015362283457880377,-0.0071014846580615965,Consumer Services,6
2024-10-22,339.04998779296875,343.75,335.3500061035156,340.25,275250,347.5799987792969,353.3700012207031,352.7,357.45250091552737,354.32000122070315,350.56166788736977,1.6080309773476402,-0.01724641219429348,0.003539337119115249,0.013862298705939358,-0.010912791100622043,Consumer Services,6
2024-10-23,331.6000061035156,341.1499938964844,329.20001220703125,333.95001220703125,314511,342.60999755859376,351.2100006103516,350.9066670735677,355.2100006103516,354.2640014648438,350.3283345540365,1.3655789845360804,-0.021973107086505028,0.007086869904284754,0.028799721402862577,-0.007237617166192645,Consumer Services,6
2024-10-24,330.0,333.8999938964844,323.1499938964844,331.0,646525,338.55999755859375,348.4649993896484,349.5366678873698,353.1800003051758,353.94000122070315,350.1550008138021,1.3135084312812713,-0.004825108787893541,0.003030303030302939,0.011818163322679931,-0.02075759425307766,Consumer Services,6
2024-10-25,323.8500061035156,334.45001220703125,321.20001220703125,330.0,379515,333.9,343.75,347.7633341471354,350.2925003051758,353.3660009765625,349.998334757487,1.1133632043349457,-0.01863634514086174,0.018990254070023305,0.032731220947167294,-0.008182781678371609,Consumer Services,6
2024-10-28,342.3500061035156,359.75,315.29998779296875,322.3999938964844,779996,333.3700012207031,342.32000122070315,347.40000203450523,348.7725006103516,353.17400146484374,350.4683349609375,1.7154266796537836,0.05712521121301646,-0.05827373112708234,0.05082516017605432,-0.0790127583709399,Consumer Services,6
2024-10-29,324.8500061035156,337.04998779296875,311.6000061035156,333.54998779296875,1975369,330.5300048828125,339.0550018310547,345.7566691080729,347.1575012207031,352.06800170898435,350.35500183105466,1.1459071759738018,-0.051117276728508555,0.0267815346344209,0.03755573791051581,-0.0407880552595028,Consumer Services,6
2024-10-30,324.8500061035156,331.8999938964844,320.3500061035156,321.3500061035156,203698,329.1800048828125,335.89500122070314,343.8666687011719,345.4750015258789,350.0040014648437,350.0833353678385,1.1459071759738018,0.0,-0.010774203276095018,0.021702286164409834,-0.013852547069265086,Consumer Services,6
2024-10-31,321.0,324.0,319.54998779296875,324.0,788260,327.3800048828125,332.9700012207031,341.43666788736977,343.9975021362305,348.02000122070314,349.513335164388,1.0206126865315663,-0.011851642392424012,0.009345794392523255,0.009345794392523255,-0.004517171984521062,Consumer Services,6
2024-11-01,324.8999938964844,327.0,322.8500061035156,323.0,20757,327.5900024414062,330.7450012207031,338.3633341471354,342.7200012207031,345.7520007324219,349.07000122070315,1.1475339772904658,0.012149513696213006,-0.0058479345404042204,0.006463546146401988,-0.006309596280330787,Consumer Services,6
2024-11-04,312.8999938964844,324.0,308.04998779296875,320.1000061035156,793143,321.7,327.5350006103516,335.44666748046876,340.9750015258789,343.3580004882813,347.92833455403644,0.7570063176241925,-0.03693444206041842,0.023010585961894314,0.03547461271983221,-0.015500179604094666,Consumer Services,6
2024-11-05,321.25,334.3500061035156,310.54998779296875,312.8999938964844,894930,320.97999877929686,325.7550018310547,333.0300008138021,339.56250152587893,341.92200073242185,346.8866678873698,1.0287486794412803,0.026685862148907644,-0.02599223689810315,0.04077822911600193,-0.033307430994649834,Consumer Services,6
2024-11-06,320.0,323.5,315.1000061035156,322.0,462318,320.00999755859374,324.5950012207031,330.6,337.90250091552736,340.3820007324219,345.0050008138021,0.9880687148927102,-0.0038910505836575876,0.006250000000000089,0.010937500000000044,-0.015312480926513716,Consumer Services,6
2024-11-07,317.8999938964844,322.0,314.5,320.20001220703125,212429,319.38999633789064,323.38500061035154,328.4433329264323,335.925,339.0760009765625,343.2483337402344,0.919726175818473,-0.006562519073486328,0.007235037290676427,0.012897156911713115,-0.010695168171634184,Consumer Services,6
2024-11-08,320.79998779296875,323.95001220703125,314.79998779296875,320.0,213884,318.5699951171875,323.0799987792969,326.68666585286456,333.4149993896484,337.89,341.22166646321614,1.0141034949385164,0.009122346499411007,-0.0024937276290828425,0.00981927847234032,-0.018703242606954662,Consumer Services,6
2024-11-11,314.8999938964844,321.1000061035156,312.0,321.1000061035156,133654,318.9699951171875,320.3349975585937,324.67999877929685,331.32749938964844,336.5740002441406,339.2933329264323,0.8220942609019047,-0.018391502870916537,0.019688829238495797,0.019688829238495797,-0.00920925358111524,Consumer Services,6
2024-11-12,316.04998779296875,317.70001220703125,311.8999938964844,315.0,298023,317.92999267578125,319.4549957275391,323.14666544596355,329.2549987792969,335.2359997558594,337.9233327229818,0.8595196296539498,0.003651933689342678,-0.003322220640794793,0.005220770377448503,-0.01313081492413426,Consumer Services,6
2024-11-13,308.95001220703125,316.04998779296875,303.3999938964844,315.0,268749,315.7199951171875,317.8649963378906,321.6366658528646,326.8799987792969,333.4659997558594,336.27166646321615,0.6284582255486291,-0.022464723493640506,0.019582416423128635,0.02298098496652501,-0.017964130413523738,Consumer Services,6
2024-11-14,307.04998779296875,312.1000061035156,302.6000061035156,305.54998779296875,215286,313.54999389648435,316.4699951171875,320.1066650390625,324.7199981689453,331.4499987792969,334.82166646321616,0.5666238849042449,-0.006149941216992961,-0.00488519804472809,0.01644689305101643,-0.014492694565594877,Consumer Services,6
2024-11-18,305.5,307.95001220703125,299.79998779296875,303.04998779296875,105149,310.4899963378906,314.5299957275391,318.8833312988281,322.6374984741211,328.8299987792969,333.3233327229818,0.5161811261292967,-0.005047998223708914,-0.008019679892082632,0.008019679892082632,-0.018657977764423128,Consumer Services,6
2024-11-19,306.29998779296875,311.1499938964844,302.5,302.5,168380,308.7699951171875,313.8699951171875,316.47999674479166,320.7024978637695,326.81599853515627,331.93999938964845,0.5422159061751027,0.002618617980257774,-0.012406098414660116,0.015834170084243704,-0.012406098414660116,Consumer Services,6
2024-11-21,300.95001220703125,308.8500061035156,297.04998779296875,308.8500061035156,280917,305.75,311.8399963378906,314.88666381835935,318.79749908447263,324.5539990234375,330.32166646321616,0.3681064524377802,-0.01746645706546225,0.026250186330113,0.026250186330113,-0.012959043880614862,Consumer Services,6
2024-11-22,300.3999938964844,302.3999938964844,298.1000061035156,300.95001220703125,256140,304.0399963378906,309.87999572753904,313.2566630045573,317.2374984741211,322.31199829101564,328.56166585286456,0.35020667213849116,-0.001827606872361591,0.0018309531348938979,0.0066577897491209015,-0.007656417575565344,Consumer Services,6
2024-11-25,312.6000061035156,320.20001220703125,301.54998779296875,303.1499938964844,469707,305.15,309.34999694824216,312.69666341145836,316.36749877929685,320.8059985351563,327.06666564941406,0.7472435233978144,0.04061255810556136,-0.030230364755341466,0.0243122391398769,-0.035348746304527334,Consumer Services,6
2024-11-26,316.75,319.75,308.6000061035156,309.45001220703125,153541,307.4,308.9449981689453,312.15333048502606,316.0124984741211,319.5899987792969,325.2583323160807,0.8823008070664279,0.013275731975226288,-0.023046528154597512,0.009471191791633693,-0.025730051764749406,Consumer Services,6
2024-11-27,324.45001220703125,326.0,315.70001220703125,322.8500061035156,326649,311.0300048828125,309.9,312.92333170572914,315.11749877929685,318.76799926757815,324.18499959309895,1.1328897859508986,0.024309430803571428,-0.004931441033494743,0.004777277653420731,-0.026968715274440003,Consumer Services,6
2024-11-28,325.29998779296875,328.1499938964844,320.0,323.70001220703125,130250,315.9,310.825,313.1933308919271,315.1399978637695,318.21799926757814,323.1116658528646,1.1605513673133687,0.002619742807699854,-0.0049184618689742665,0.008761162651286236,-0.016292616021682194,Consumer Services,6
2024-11-29,326.20001220703125,336.6000061035156,323.79998779296875,324.29998779296875,589974,321.06000366210935,312.55,313.6066650390625,315.20749816894534,318.00199951171874,322.10333251953125,1.189841736318897,0.0027667520683563756,-0.005824722081422262,0.03188226090526247,-0.0073575239860483865,Consumer Services,6
2024-12-02,325.3999938964844,331.54998779296875,321.3999938964844,329.8500061035156,152695,323.6200012207031,314.38500061035154,314.1066650390625,315.42749786376953,317.8179992675781,321.2749989827474,1.1638059631098938,-0.002452539180284036,0.013675514107252429,0.01889979720909518,-0.012292563229956532,Consumer Services,6
2024-12-03,338.1000061035156,341.8999938964844,322.54998779296875,322.54998779296875,596239,327.89000244140624,317.64500122070314,315.25999959309894,316.0874984741211,318.38799926757815,320.97333272298175,1.5771148001886452,0.039028925769037826,-0.04599236329438561,0.011239242012333284,-0.04599236329438561,Consumer Services,6
2024-12-04,341.04998779296875,348.20001220703125,333.70001220703125,333.70001220703125,405512,331.2099975585937,321.1200012207031,317.0033325195312,317.4949981689453,318.33599853515625,320.84166564941404,1.6731189206253525,0.008725174907420537,-0.02155102140158771,0.020964740272627846,-0.02155102140158771,Consumer Services,6
2024-12-05,342.8500061035156,355.5,340.04998779296875,342.3999938964844,529917,334.7200012207031,325.31000061035155,318.790000406901,318.5749984741211,319.0559985351563,320.9683329264323,1.7316986654732116,0.0052778723793403546,-0.0013125629255359428,0.03689658355340675,-0.008166890070585242,Consumer Services,6
2024-12-06,350.20001220703125,351.95001220703125,340.0,340.0,169213,339.52000122070314,330.2900024414063,321.540000406901,320.08499908447266,320.0699987792969,321.5883331298828,1.9708970556514436,0.021437964044534567,-0.029126247434283936,0.0049971443146765715,-0.029126247434283936,Consumer Services,6
2024-12-09,340.70001220703125,351.95001220703125,338.5,350.54998779296875,395905,342.5800048828125,333.1000030517578,323.78333536783856,321.225,320.8579992675781,321.94500020345055,1.6617293250823104,-0.02712735485110089,0.028910992759084486,0.033020251238393694,-0.006457329404773837,Consumer Services,6
2024-12-10,329.70001220703125,340.0,325.1000061035156,340.0,947315,340.90000610351564,334.39500427246094,325.39666951497395,321.6700012207031,321.05,322.14000040690104,1.3037456370548932,-0.03228646787754059,0.031240483505050598,0.031240483505050598,-0.013952095642104867,Consumer Services,6
2024-12-11,325.3999938964844,332.6000061035156,322.8999938964844,329.95001220703125,162543,337.77000732421874,334.49000244140626,326.6700032552083,322.19500122070315,321.55,321.575,1.1638059631098938,-0.01304221459308509,0.013982846944964322,0.022126651327847524,-0.007682852018722874,Consumer Services,6
2024-12-12,319.8500061035156,325.3500061035156,318.3500061035156,322.1000061035156,387805,333.1700073242188,333.94500427246095,327.9300028483073,322.38500213623047,321.49400024414064,321.40833333333336,0.9831873177795213,-0.017055893967638798,0.00703454730987807,0.017195560090813355,-0.004689698206585491,Consumer Services,6
2024-12-13,312.29998779296875,319.8999938964844,309.45001220703125,316.5,275497,325.5900024414062,332.5550018310547,328.7233357747396,322.55250091552733,321.18599975585937,320.98999938964846,0.7374797360082395,-0.02360487155377262,0.013448646721739621,0.02433559526282747,-0.009125762719615627,Consumer Services,6
2024-12-16,317.3999938964844,318.70001220703125,308.8500061035156,311.0,367127,320.92999877929685,331.7550018310547,329.0433349609375,323.07000122070315,321.1659997558594,320.8699991861979,0.9034541899990449,0.016330471671028506,-0.020163812285931004,0.004095835965802985,-0.02693758020599457,Consumer Services,6
2024-12-17,314.29998779296875,321.29998779296875,309.5,318.5,206656,317.84999389648436,329.375,328.8800008138021,323.51000061035154,320.9059997558594,320.51666564941405,0.8025676792859516,-0.00976687512012571,0.013363068311023296,0.022271715787055557,-0.015271994843762182,Consumer Services,6
2024-12-18,309.5,317.20001220703125,308.25,315.0,85845,314.6699951171875,326.2200012207031,327.8833333333333,323.6700012207031,320.69,320.40333251953126,0.6463570126847211,-0.015271994843762227,0.017770597738287597,0.024878876274737394,-0.0040387722132472215,Consumer Services,6
2024-12-19,308.1499938964844,311.04998779296875,302.0,306.70001220703125,434510,312.3299926757812,322.75,326.74000040690106,324.0300003051758,320.37400024414063,319.96666564941404,0.602422452339626,-0.0043618937108743944,-0.00470544124021699,0.00941098151525055,-0.019957793341869423,Consumer Services,6
2024-12-20,311.75,318.1499938964844,305.54998779296875,305.54998779296875,407861,312.2199951171875,318.9049987792969,325.77666625976565,324.5975006103516,320.4859997558594,319.69166564941406,0.7195809488721474,0.011682642137987389,-0.01988776970980355,0.020529250670358934,-0.01988776970980355,Consumer Services,6
2024-12-23,319.8500061035156,325.95001220703125,308.0,312.0,1140660,312.7099975585937,316.8199981689453,325.4066670735677,324.9600006103516,320.99800048828126,319.7566660563151,0.9831873177795213,0.025982377236617882,-0.024542773030228004,0.01907145845587821,-0.03704863491445587,Consumer Services,6
2024-12-24,324.75,333.79998779296875,319.79998779296875,319.8500061035156,535764,314.8,316.3249969482422,324.51666666666665,325.36000061035156,321.76800048828125,319.8883331298828,1.1426525801772767,0.015319661725748258,-0.015088510843677794,0.02786755286518483,-0.015242531815338745,Consumer Services,6
2024-12-26,321.25,327.95001220703125,319.79998779296875,326.5,92957,317.15,315.9099975585938,323.19666748046876,325.2,322.3660009765625,320.1,1.0287486794412803,-0.01077752117013087,0.01634241245136181,0.020856069126945487,-0.004513656675583677,Consumer Services,6
2024-12-27,330.6499938964844,333.0,321.5,322.8999938964844,281008,321.65,316.9899963378906,322.3833333333333,325.4675003051758,323.55400024414064,320.5866668701172,1.3346618142138884,0.02926068138983463,-0.023438681817808393,0.0071072316555109705,-0.02767274781607565,Consumer Services,6
2024-12-30,332.6499938964844,337.0,325.54998779296875,330.04998779296875,332018,325.8299987792969,319.0249969482422,321.2133321126302,325.7899993896484,324.8440002441406,321.3766662597656,1.3997497574916007,0.006048692082015081,-0.007816041338406632,0.013076826043379564,-0.021343773436908742,Consumer Services,6
2024-12-31,329.5,338.75,321.1499938964844,332.6499938964844,365274,327.75999755859374,320.23499755859376,320.46666463216144,325.99499969482423,325.52,322.125,1.2972364454618432,-0.009469394120790531,0.009559920778404729,0.028072837632777015,-0.0253414449272098,Consumer Services,6
2025-01-01,345.6499938964844,350.0,330.8500061035156,333.0,422687,331.93999633789065,323.3699981689453,321.5299967447917,326.3724990844727,326.6759997558594,323.4633331298828,1.82282138879673,0.04901363853257777,-0.036597697439198607,0.012585002691533065,-0.04281784479765116,Consumer Services,6
2025-01-02,341.5,351.0,337.29998779296875,345.04998779296875,283644,335.9899963378906,326.5699981689453,322.60333048502605,326.3949996948242,327.3579992675781,324.6366668701172,1.6877641051281165,-0.01200634737383279,0.010395279042368255,0.027818448023426035,-0.0122987180293741,Consumer Services,6
2025-01-03,348.8500061035156,371.3500061035156,341.29998779296875,341.29998779296875,4207246,339.6299987792969,330.63999938964844,324.5366638183594,326.6949996948242,328.3,326.23333333333335,1.9269624953063484,0.021522711869738288,-0.0216425918831904,0.06449763395825614,-0.0216425918831904,Consumer Services,6
2025-01-06,354.3999938964844,374.6499938964844,348.04998779296875,349.04998779296875,3063847,343.97999877929686,334.9049987792969,327.3433308919271,326.9049987792969,329.4279992675781,328.03333333333336,2.107581140636721,0.015909381384163944,-0.015095954276676093,0.05713882716915264,-0.01791762475416514,Consumer Services,6
2025-01-07,354.45001220703125,362.8999938964844,351.29998779296875,356.5,555067,348.9700012207031,338.36499938964846,329.81333211263023,327.5924987792969,330.59,329.42833353678384,2.109208935116582,0.00014113519020399502,0.005783573768848971,0.02383969924796503,-0.008887076613281697,Consumer Services,6
2025-01-08,339.6000061035156,353.8999938964844,335.8500061035156,352.0,473682,347.7600036621094,339.85,331.5,328.0874984741211,330.65,330.19000040690105,1.6259307576469293,-0.04189591082547872,0.03651352671856145,0.042108326077620495,-0.011042402628393733,Consumer Services,6
2025-01-09,343.8999938964844,347.1499938964844,334.8999938964844,339.6000061035156,268914,348.24000244140626,342.11499938964846,333.7933329264323,329.0124984741211,330.7640002441406,330.8383331298828,1.765869438428732,0.012661919068570462,-0.012503599503590146,0.009450421801921571,-0.02617039883609029,Consumer Services,6
