Price,Close,High,Low,Open,Volume,MA_5,MA_10,MA_15,MA_20,MA_25,MA_30,Normalised Close,Return Ratio,Percentage Change Open,Percentage Change High,Percentage Change Low,Sector,Sector Encoded
Ticker,TATACHEM.NS,TATACHEM.NS,TATACHEM.NS,TATACHEM.NS,TATACHEM.NS,,,,,,,,,,,,,
Date,,,,,,,,,,,,,,,,,,
2023-01-10,938.7578735351562,942.4894849511929,923.8316053442454,929.6954985320227,933245,,,,,,,-1.2901876945151358,,-0.009653580820586427,0.003975052056803818,-0.01590001917608619,Chemicals,2
2023-01-11,937.9824829101562,945.009476453012,932.7970699588709,943.0709954756725,643479,,,,,,,-1.301990274437138,-0.0008259750963047042,0.005424954792043302,0.007491604236631311,-0.005528262036618492,Chemicals,2
2023-01-12,943.3132934570312,948.4987063415783,939.1940214332014,941.8594327427384,593507,,,,,,,-1.2208475374733714,0.005683273029082363,-0.0015412278448497796,0.005497020894875471,-0.004366812227074246,Chemicals,2
2023-01-13,944.6217651367188,945.9787254962254,934.3962897203321,943.9917943080334,390146,,,,,,,-1.2009306838549922,0.001387101919121955,-0.0006669027243875192,0.0014365118501267204,-0.010824941573209124,Chemicals,2
2023-01-16,940.5025024414062,951.6003180797227,939.6786716734346,946.560255611039,356574,941.0355834960938,,,,,,-1.2636318896906302,-0.00436075352838848,0.006440975068016996,0.01179987890463674,-0.0008759474491913943,Chemicals,2
2023-01-17,956.834228515625,958.7242593124637,940.5024906798852,945.251792768583,885830,944.6508544921875,,,,,,-1.0150391210390641,0.017364893800733108,-0.012104955489531721,0.0019752959713521534,-0.017068513384053796,Chemicals,2
2023-01-18,968.2228393554688,969.7251503455441,957.9488542419671,961.0504357697741,734651,950.69892578125,,,,,,-0.8416877993902638,0.011902386537228455,-0.007407802516277262,0.0015516169718485795,-0.010611178228702944,Chemicals,2
2023-01-19,950.2918701171875,968.2228195570206,948.2079793570275,966.332788730462,598387,952.0946411132812,,,,,,-1.1146233891309598,-0.018519465260928594,0.016879991419158857,0.018868886500756687,-0.002192895494205427,Chemicals,2
2023-01-20,945.8333129882812,957.3188483438893,943.071001241781,950.8249251985479,418246,952.3369506835937,,,,,,-1.1824891527268633,-0.004691776567925844,0.00527747557811864,0.012143297553477428,-0.0029205058740984224,Chemicals,2
2023-01-23,947.0933837890625,948.5472445475837,941.3263909487127,945.833323805481,290614,953.655126953125,947.3453552246094,,,,,-1.16330903130922,0.0013322334744165034,-0.0013304495682784356,0.0015350764596249178,-0.006089149115663273,Chemicals,2
2023-01-24,941.9078979492188,953.7326437788387,937.3040056139042,947.0933700741673,444221,950.6698608398438,947.6603576660157,,,,,-1.2422397135820007,-0.005475157918533899,0.005505285746343791,0.012554036180570938,-0.004887837064896039,Chemicals,2
2023-01-25,921.166259765625,940.1633512410032,919.2277786290456,940.1633512410032,623055,941.258544921875,945.9787353515625,,,,,-1.557957797451177,-0.02202087723094132,0.020622869404934185,0.020622869404934185,-0.002104377050319517,Chemicals,2
2023-01-27,915.9323120117188,930.7616804698827,900.812183222561,925.2855069032973,648243,934.3866333007812,943.2406372070312,,,,,-1.6376261409690829,-0.005681870887496399,0.010211666046626933,0.01619046327298279,-0.016507910672949766,Chemicals,2
2023-01-30,925.9638671875,931.1493392405289,907.596807451761,915.9322519012035,549412,930.412744140625,941.3748474121094,,,,,-1.4849311922725654,0.010952288770933656,-0.010833700581391326,0.005600080345228964,-0.019835611719414725,Chemicals,2
2023-01-31,943.458740234375,948.8864634510784,925.6246911090703,928.5324126518213,759060,929.6858154296875,941.6704711914062,941.4588419596354,,,,-1.2186336246936065,0.018893688692209448,-0.015820858873855648,0.005753005388825949,-0.01890283948281013,Chemicals,2
2023-02-01,926.7393188476562,954.7987837272784,913.4607122934922,949.855680887797,1175811,926.652099609375,938.6609802246094,940.6576049804687,,,,-1.4731276833061737,-0.017721412366761575,0.024943758800354487,0.030277624256314528,-0.01432830817049524,Chemicals,2
2023-02-02,937.4979248046875,956.3981155864826,883.9473842562677,918.9369445533123,2772046,929.9184326171875,935.5884887695313,940.6253011067708,,,,-1.3093659578440004,0.011609096256333355,-0.019798422759433887,0.02016024812613071,-0.05712070302403727,Chemicals,2
2023-02-03,940.1148071289062,968.2712309934122,931.4885432697714,938.8062969977825,1424837,934.754931640625,934.5707824707031,940.4120686848959,,,,-1.2695331796516314,0.0027913473245969427,-0.0013918620589754571,0.029949984460403423,-0.009175755762723559,Chemicals,2
2023-02-06,975.7344360351562,978.9329178957416,937.3040260408042,940.1632973850192,1203295,944.7090454101562,937.5608947753906,942.4862467447916,,,,-0.7273503063958652,0.03788859470795031,-0.03645575818219393,0.0032780249855506316,-0.03938613681660352,Chemicals,2
2023-02-07,999.2384033203125,1008.0100767955449,972.3420397558665,980.6290338441274,2630267,955.8649780273438,942.7753967285156,946.4019734700521,945.0603759765625,,,-0.36958553155455515,0.024088488032320905,-0.018623553112399494,0.008778359044333772,-0.0269168633582072,Chemicals,2
2023-02-08,997.7362060546875,1009.2216824511776,980.3867772382868,1000.256207721119,1004359,970.06435546875,948.3582275390625,949.1287719726563,948.0092926025391,,,-0.39245117206465624,-0.0015033422060575675,0.0025257193746595075,0.011511536142310375,-0.017388793461755703,Chemicals,2
2023-02-09,981.4044799804688,1004.1331820821201,979.6598588701767,989.5945742334409,661402,978.8456665039063,954.3820495605469,950.0075480143229,950.1803924560547,,,-0.6410439407162222,-0.016368781622948924,0.008345279056740429,0.02315936249048267,-0.0017776779563171141,Chemicals,2
2023-02-10,988.9160766601562,994.6345601521805,973.1174682403923,982.0344927291243,724694,988.6059204101563,961.6804260253906,952.5824951171875,952.4605316162109,,,-0.5267064477218234,0.007653925402742191,-0.0069587137811258915,0.005782577133680578,-0.01597568165047958,Chemicals,2
2023-02-13,986.0083618164062,996.3792471346684,978.3028879082805,989.3038032229462,560147,990.6607055664062,967.6848754882812,955.2608317057292,954.5298614501953,,,-0.5709661224293326,-0.002940304958505841,0.003342204320122777,0.01051805006922768,-0.007814815985871415,Chemicals,2
2023-02-14,978.8844604492188,992.1630672073109,976.2674992525845,987.6560751932327,386474,986.5899169921875,971.2274475097656,957.3802368164063,956.4489593505859,953.3662841796875,,-0.6794023254627302,-0.0072249908246862955,0.008960827450451792,0.013565039894492203,-0.0026734117277061875,Chemicals,2
2023-02-15,979.56298828125,988.528463394017,973.2144153346595,978.8845080627882,626181,982.9552734375,976.509814453125,959.890576171875,957.5853973388672,954.9984887695313,,-0.6690741389865887,0.0006931643717378735,-0.0006926356207600515,0.009152525381239451,-0.006481025745704971,Chemicals,2
2023-02-16,993.3746337890625,1003.1639393895722,979.9990672710042,981.8406479242866,1129579,985.3493041992188,982.0974853515625,964.7044677734375,958.8429870605469,957.2141748046874,,-0.45884068412592005,0.014099803354194237,-0.011610912411545549,0.009854595907256014,-0.013464775587272104,Chemicals,2
2023-02-17,987.5106811523438,1001.5646687067668,984.3121992646106,992.5508028508121,466079,985.0682250976563,986.8370727539062,969.4763590494791,960.7039276123047,958.9820703125,,-0.5480986238304529,-0.005903062588131204,0.005103865502079419,0.014231732195568059,-0.003238933966770663,Chemicals,2
2023-02-20,979.853759765625,994.149998923349,973.6021462978174,989.2554050656555,598142,983.8373046875,987.2490051269531,973.0690185546875,962.4049499511718,960.3913500976563,,-0.6646481715158378,-0.007753760574805887,0.009594947415703547,0.014590176355646856,-0.006380149492208886,Chemicals,2
2023-02-21,969.4827880859375,986.6383563774924,967.301997010513,980.8713637020433,574836,981.9569702148438,984.2734436035156,974.803955078125,963.5244201660156,961.5505615234375,958.1313985188802,-0.8225095360613992,-0.010584203587858021,0.01174706323419139,0.01769558830995388,-0.002249437640589824,Chemicals,2
2023-02-22,935.5109252929688,970.7912433519854,929.0654524229518,969.4827923640544,1803876,973.1465576171875,978.0509155273437,975.3887288411458,963.2045715332031,960.6976293945313,958.0231669108073,-1.339610997938521,-0.03504122322794388,0.03631370425785985,0.03771235279584584,-0.006889788986695677,Chemicals,2
2023-02-23,942.9255981445312,959.4511960199593,932.6516724925646,939.1940458771578,1070215,963.0567504882813,974.20302734375,975.7505737304688,964.2925384521484,959.6857397460938,958.1879374186198,-1.2267488274343725,0.007925800384683362,-0.003957419625383318,0.01752587681143325,-0.010895796733256025,Chemicals,2
2023-02-24,942.1986694335938,954.3626850741236,938.7094272854091,947.9172120651834,839873,953.9943481445313,969.5312866210937,975.8894978841146,965.6058563232422,959.36201171875,958.1507832845052,-1.2378137461112497,-0.000770929023846563,0.006069359697809196,0.012910244978208585,-0.0037032976816685492,Chemicals,2
2023-02-27,944.8641357421875,954.2173308042316,931.537078049391,942.1018238107802,1644171,946.9964233398438,965.4168640136719,973.8314778645833,966.5508697509765,959.3232446289062,958.1588623046875,-1.1972414485849772,0.00282898543063758,-0.002923501725713762,0.009898984106002873,-0.014104734414888354,Chemicals,2
2023-02-28,945.009521484375,950.7765144983163,935.5109760743379,945.9787620192308,715101,942.1017700195313,962.0293701171875,970.2162190755208,966.6284088134765,959.2398901367187,958.3090962727864,-1.1950284648496017,0.0001538694683054088,0.0010256410256410664,0.0061025766225961675,-0.010051269531250018,Chemicals,2
2023-03-01,963.90966796875,968.2712501767534,942.101756928733,942.101756928733,610565,947.7815185546875,960.4640380859375,967.9611165364583,968.4869262695313,960.1199609375,958.5449442545573,-0.9073405792507918,0.019999953497492354,-0.022624434389140302,0.004524886877828038,-0.022624434389140302,Chemicals,2
2023-03-02,958.67578125,967.4474553424128,954.6050183642524,966.3328050736624,576642,950.9315551757812,956.9941528320312,966.445869954427,969.5458190917968,961.620341796875,958.226708984375,-0.9870079937243084,-0.005429851875829181,0.007987083822727392,0.009149781671730084,-0.004246235239655061,Chemicals,2
2023-03-03,976.9459838867188,981.8406366306729,958.6757647785586,959.6450052885593,949753,957.8810180664062,955.9376831054688,965.6478637695312,971.3873779296875,964.060888671875,959.1151794433594,-0.7089087752677363,0.019057749234988042,-0.017709247884236667,0.005010156983788372,-0.018701360576224735,Chemicals,2
2023-03-06,971.2274169921875,980.8229214649804,968.8043157776181,979.8536809791526,775814,963.1536743164063,955.075048828125,964.6624674479167,971.1620269775391,965.8714306640625,959.9616495768229,-0.7959537312368937,-0.005853513898261077,0.008881816798047115,0.009879771004106752,-0.0024948855151490923,Chemicals,2
2023-03-08,979.7083129882812,984.7483755608904,961.5835032994596,970.9851482441395,632362,970.0934326171875,956.0976013183594,964.7173909505208,970.1855224609375,967.3214135742187,961.0488138834636,-0.6668620842956026,0.008732142284819756,-0.00890383865125588,0.005144452186218729,-0.018500210163102326,Chemicals,2
2023-03-09,962.6981201171875,984.6514409568819,960.1781184973208,979.9021388758888,595044,969.851123046875,958.8163208007812,963.59306640625,968.4336181640625,968.759765625,961.7418212890625,-0.9257821103789207,-0.017362507437759404,0.017870626730430494,0.02280395108387867,-0.0026176446875786352,Chemicals,2
2023-03-10,950.5826416015625,959.4027066854169,940.9386865796633,957.6096353834756,534453,968.2324951171875,959.5820251464844,960.7402669270833,966.8925262451172,969.283154296875,962.7223673502605,-1.110197421660209,-0.012584919677780408,0.007392301809839408,0.009278588412885647,-0.010145309413236103,Chemicals,2
2023-03-13,935.4625244140625,954.7988257279534,931.7309128660636,949.8557226710296,639656,959.9358032226562,958.9084106445313,957.2703898111979,964.2198486328125,969.0970629882812,963.3733744303386,-1.3403477301392568,-0.01590615747203767,0.015386183712685408,0.020670311005780206,-0.003989055093720828,Chemicals,2
2023-03-14,936.77099609375,945.0095408084907,924.6554891603079,937.9340965909101,618342,953.0445190429688,958.0990966796875,954.3982055664062,961.7579803466797,967.538525390625,963.7336120605469,-1.3204308765208776,0.001398743023411949,0.0012416060083095815,0.008794619762027889,-0.012933264355923346,Chemicals,2
2023-03-15,933.6693725585938,953.2480427153592,930.4708907033502,946.9479793928887,340658,943.8367309570312,956.9650817871094,952.01064453125,959.4972259521485,964.9157641601563,963.4072998046875,-1.3676421252532769,-0.003310973063950249,0.014221958248353594,0.020969596660446177,-0.003425711444811075,Chemicals,2
2023-03-16,929.0170288085938,936.2378824394377,914.2361110315139,936.2378824394377,634780,937.1005126953125,953.4758178710938,951.5777180989584,956.9699279785157,962.1669970703125,963.483223470052,-1.4384576047852915,-0.004982859978849778,0.007772574029244916,0.007772574029244916,-0.015910276473656726,Chemicals,2
2023-03-17,933.4754638671875,939.7755268605908,928.0477409513525,933.766283331539,581953,933.6790771484375,950.9557861328125,950.9477091471355,953.9749694824219,960.2498364257813,963.3491414388021,-1.3705936992781667,0.0047990886284521765,0.00031154484033968366,0.006749039730839401,-0.005814531957111235,Chemicals,2
2023-03-20,921.166259765625,932.7971465851012,905.5130009246466,932.7971465851012,698608,930.81982421875,945.3778137207031,949.5455485026042,950.657748413086,957.53984375,962.7175231933594,-1.557957797451177,-0.013186424901376757,0.012626262301916658,0.012626262301916658,-0.016992870369526014,Chemicals,2
2023-03-21,923.8800659179688,928.2416482127536,918.8400034346682,921.7477249645248,366923,928.2416381835938,940.6430786132812,948.1466105143229,947.8590637207031,955.0547119140625,960.9890441894531,-1.5166496967685577,0.0029460546601372825,-0.0023080278838198964,0.004720939931149193,-0.005455321171252581,Chemicals,2
2023-03-22,931.9247436523438,936.0924659837744,922.0384786900054,923.686199376686,350721,927.8927124023437,935.8647216796875,947.2742919921875,945.9811614990234,953.1763232421876,958.7452555338542,-1.3941979300777823,0.008707491406237665,-0.008840353614144592,0.00447216619133517,-0.010608437032793794,Chemicals,2
2023-03-23,938.3217163085938,941.9563682297733,922.7654179174948,930.4708918219445,657902,929.7536499023438,933.4270812988282,945.568428548177,946.1217010498046,951.5266723632812,956.7647725423177,-1.296826645721262,0.0068642588361581295,-0.008366879237895919,0.0038735668779770194,-0.016578853628474333,Chemicals,2
2023-03-24,924.6069946289062,940.1632929539664,920.7784827899671,934.3478499047667,572686,927.9799560546875,930.8295166015625,943.2971761067708,945.2057708740234,948.775966796875,954.871523030599,-1.5055847780916805,-0.01461622537485536,0.010535130420217031,0.016824768161421755,-0.004140690975927175,Chemicals,2
2023-03-27,925.673095703125,931.1008778101935,918.9853719788932,924.6554050448444,372570,928.8813232421875,929.8505737304688,939.878983561198,944.3794921875,946.3024633789063,952.7634236653646,-1.4893571597433164,0.0011530315911644524,-0.0010994061110823905,0.005863605772128189,-0.007224714378407993,Chemicals,2
2023-03-28,924.4616088867188,930.6163217681999,921.1662265679449,927.0301199632203,498770,928.9976318359375,928.6196350097656,936.7612630208333,943.3593658447265,944.08677734375,950.711865234375,-1.507797761827056,-0.0013087631281819053,0.002778385875422895,0.0066576186856401876,-0.003564650264646807,Chemicals,2
2023-03-29,925.38232421875,931.4400770612398,915.9322297844658,924.461533955143,608017,927.6891479492188,927.7909301757812,933.1395304361979,942.3780059814453,942.3227587890625,948.9284606933594,-1.4937831272140674,0.0009959476122973021,-0.0009950376612006817,0.00654621628698604,-0.01021209740769835,Chemicals,2
2023-03-31,942.5379638671875,950.873408750036,928.5808765922699,930.0347373851677,689153,928.5323974609375,929.1430236816407,931.7955200195313,941.3094207763672,942.6038403320313,947.6942932128907,-1.2326491883509845,0.01853897486416879,-0.013265488459180741,0.008843617129912218,-0.014807984197954593,Chemicals,2
2023-04-03,947.0933837890625,952.7634170841967,943.1679124148588,949.8072453734195,399269,933.0296752929687,930.5048156738281,931.5629028320312,940.7303009033203,942.7705517578125,946.1515848795573,-1.16330903130922,0.004833142108339417,0.00286546356548234,0.005986773207568907,-0.004144756410924266,Chemicals,2
2023-04-05,945.591064453125,946.9480248970391,929.7440049974256,945.0579939779262,479875,937.0132690429688,932.9472961425781,932.2381388346354,939.1625549316407,942.9062475585938,944.7542643229167,-1.1861765299080997,-0.0015862420344730209,-0.0005637431393316072,0.0014350394107192077,-0.01675889298389721,Chemicals,2
2023-04-06,958.7243041992188,959.5481349954592,942.489525147528,945.6880070992966,393374,943.8658081054688,936.4317199707032,933.7016927083333,938.5373992919922,943.460654296875,944.0499491373698,-0.986269403434794,0.013888921162436379,-0.013597545240923936,0.0008592989586599931,-0.016933730563189364,Chemicals,2
2023-04-10,972.7782592773438,973.8444001727825,954.7019001445043,963.3766145205137,647601,953.3449951171875,940.5170715332031,936.3089518229167,938.1908966064453,944.5714038085938,944.1597981770833,-0.7723476423484995,0.014659016170309425,-0.00966473568582249,0.001095975249519654,-0.018582198934285366,Chemicals,2
2023-04-11,985.5237426757812,987.1230131867723,971.7605155472178,976.9944379852373,620280,961.9421508789062,945.2372741699219,940.0760660807292,939.332177734375,945.435966796875,945.8268920898438,-0.5783427348805842,0.013102146637102938,-0.008654590773618742,0.0016227620317383895,-0.013965393762300549,Chemicals,2
2023-04-12,989.2553100585938,995.4099633842891,980.9198065161337,986.6867991482048,587158,970.3745361328125,951.7021057128907,943.7947224934895,941.2658111572266,946.6591479492188,947.3712158203125,-0.5215428190059473,0.0037863799939319323,-0.002596408514842108,0.006221501429525711,-0.008426038715896644,Chemicals,2
2023-04-13,994.586181640625,997.3484934550257,985.2329869747655,988.6253287892383,468566,980.1735595703125,958.5934143066406,948.689383951823,944.2219940185547,947.364755859375,949.1174662272135,-0.4403991529977912,0.005388772269228964,-0.005993299486178216,0.002777347871296687,-0.009404106791862876,Chemicals,2
2023-04-17,960.3718872070312,998.2207745387548,956.3011245966514,990.5637512330537,608548,980.503076171875,962.1844421386719,951.1221720377604,945.4020385742188,946.9305346679688,949.6343912760417,-0.9611907791893174,-0.034400532668929076,0.03143767995315527,0.039410657304636665,-0.004238735707079555,Chemicals,2
2023-04-18,903.4290161132812,949.8556581706373,897.5651231163275,949.8556581706373,6210562,966.6332275390625,959.989111328125,949.2224568684895,943.8900207519531,943.8793627929688,948.2483744303386,-1.8279446003001512,-0.0592925218368815,0.05138936344671774,0.05138936344671774,-0.006490706953581449,Chemicals,2
2023-04-19,904.6891479492188,910.9892114888157,893.3005715507167,905.2706686128515,1912439,950.46630859375,956.2042297363281,946.9802856445312,942.6736267089843,941.55900390625,946.2743570963542,-1.8087635498381185,0.001394832148915053,0.0006427850549008962,0.006963788118690362,-0.012588386214555713,Chemicals,2
2023-04-20,913.7030029296875,916.4168644142254,898.4859157186536,901.5874970543011,1395931,935.3558471679687,952.8651916503907,946.2533528645833,941.6850036621094,940.083818359375,944.7752644856771,-1.6715594872892292,0.009963483038236586,-0.013259785550161607,0.0029701790142269147,-0.0166543036000123,Chemicals,2
2023-04-21,915.399169921875,919.6153422857701,908.6629368517983,916.4653107713505,835643,919.5184448242187,949.8460021972656,945.5684244791667,941.3966491699218,939.2812841796875,942.7237040201823,-1.645741343709849,0.0018563657848873522,0.00116467316609703,0.004605829350112778,-0.007358793072372527,Chemicals,2
2023-04-24,919.3245849609375,920.1969250462435,913.8483526473084,917.8222740653491,460973,911.308984375,945.9060302734375,945.2259562174479,941.1688751220703,938.583427734375,940.9936096191407,-1.5859907828547115,0.004288200348048727,-0.0016341463289075708,0.0009488923711782338,-0.005956799593107576,Chemicals,2
2023-04-25,915.3507690429688,925.0916244192421,912.5399478771154,921.7477327999328,728106,913.6933349609375,940.16328125,944.5571858723958,940.3401763916015,937.85068359375,938.8483581542969,-1.6464780759105848,-0.00432253850595935,0.006988538135661804,0.010641664054598099,-0.0030707585123811443,Chemicals,2
2023-04-26,902.9444580078125,919.7123665758597,901.393696816174,914.9146140999661,1074739,913.3443969726562,931.9053527832032,941.9176188151042,938.5713134765625,936.8077807617187,936.8565694173177,-1.8353202837070133,-0.013553614040361251,0.013256802216344177,0.018570254703199174,-0.0017174491497072841,Chemicals,2
2023-04-27,914.6722412109375,916.1745521043417,900.472844695866,906.0944275770443,710930,913.5382446289062,924.4470458984375,939.7562093098958,938.074575805664,936.0556518554688,935.6595560709635,-1.6568062623867261,0.012988377190996091,-0.00937801897490298,0.0016424581677643157,-0.015524026941358682,Chemicals,2
2023-04-28,923.3954467773438,929.5016501658623,914.9630424990344,918.791554349515,737346,915.1375,917.3279724121094,938.2765014648437,937.960693359375,936.1448193359375,935.2573201497396,-1.5240263092198092,0.009536974200569998,-0.004985829683150755,0.006612771819299423,-0.009131953495913891,Chemicals,2
2023-05-02,942.101806640625,957.5127549185245,925.1885473544675,925.915477760826,1373516,919.6929443359375,915.5009643554688,937.1683349609375,938.8427032470703,936.8736889648437,935.4350138346355,-1.239288139557111,0.020258232730696876,-0.01718108251752193,0.016358049808706143,-0.01795268745579348,Chemicals,2
2023-05-03,962.552734375,966.2358956681136,939.1940615637071,942.0533329222047,1096572,929.1333374023437,921.4133361816406,936.4866333007812,940.7012237548828,938.09880859375,936.397792561849,-0.9279950941142961,0.021707768300858625,-0.021296912595761164,0.003826451436455658,-0.024267421385966936,Chemicals,2
2023-05-04,952.0364990234375,986.5414378090377,940.1633026752196,969.1920680275141,3686017,938.9517456054688,926.1480712890625,934.254150390625,941.1761505126954,938.6473999023438,937.165108235677,-1.0880675843064544,-0.010925360217682879,0.01801986480736195,0.03624329405542115,-0.012471366759989722,Chemicals,2
2023-05-05,929.9862670898438,956.8826911771216,928.5324063283692,956.6888312440426,1526091,942.01455078125,927.7763977050781,930.302880859375,940.3207946777344,938.8625708007812,937.0488016764323,-1.4237043798827884,-0.023161120352226023,0.028712858564845067,0.02892131318394986,-0.0015633142261595179,Chemicals,2
2023-05-08,940.1148071289062,943.9433188227413,930.9554728420145,935.3170549636064,859127,945.3584228515625,930.2479614257812,926.671455891927,940.0469818115234,939.4402392578126,937.680419921875,-1.2695331796516314,0.01089106409147008,-0.005103368364074656,0.004072387398649013,-0.009742782708490938,Chemicals,2
2023-05-09,936.1409301757812,948.8380164498352,934.3478588814828,942.7318130210595,842765,944.1662475585938,931.9295959472656,925.0560587565104,938.9178131103515,939.907412109375,938.0891153971354,-1.330021401751894,-0.004227012406347634,0.007040481441229707,0.013563220947587329,-0.0019153860668839062,Chemicals,2
2023-05-10,944.52490234375,946.3179736722733,933.9601568381196,942.150251198971,902870,940.5606811523437,934.8470092773438,927.7957845052083,937.5051452636719,940.673115234375,938.509120686849,-1.2024050773008532,0.008955886766316768,-0.0025141223263531742,0.001898384387827079,-0.011185248244291901,Chemicals,2
2023-05-11,958.1911010742188,959.5480613897864,945.5425248238112,946.9479353311327,974505,941.7916015625,940.3716735839844,931.3625813802083,936.1385131835938,941.2992407226562,939.1714335123698,-0.9943855352199492,0.0144688601608675,-0.011733740514268454,0.0014161687726450545,-0.01320047351329745,Chemicals,2
2023-05-12,954.895751953125,965.266637129478,951.9395802611551,960.5173350187594,719326,946.7734985351562,944.3940246582031,934.1087646484375,934.4205352783204,941.6113354492187,940.1810587565104,-1.0445455708440703,-0.0034391355935150785,0.005887117053496205,0.010860751192096618,-0.0030958056792308453,Chemicals,2
2023-05-15,959.6449584960938,963.1342596566047,949.0318227552817,959.4511577297402,422352,950.6795288085938,948.0189758300781,937.0584838867187,932.6734741210937,942.1734912109375,941.3134541829427,-0.9722556978661947,0.004973534056733226,-0.00020195048662297044,0.0036360334409293316,-0.011059439896859757,Chemicals,2
2023-05-16,946.754150390625,965.315130448641,945.0095292451067,963.4250995586011,452542,952.8021728515625,948.4842102050782,938.8871215820312,931.9925872802735,941.6946850585938,942.0565388997396,-1.168472660025096,-0.01343289306252446,0.017608530325531557,0.019604857343754833,-0.0018427393688197347,Chemicals,2
2023-05-17,951.8910522460938,954.265703254893,936.8678247981837,949.8556709001198,779613,954.2754028320312,947.4180419921875,941.3231404622396,934.4156890869141,940.8591967773438,942.9401631673177,-1.0902814970862191,0.0054258033654769776,-0.0021382503188481783,0.0024946668037229003,-0.01578250726536512,Chemicals,2
2023-05-18,954.3626708984375,961.9711850719286,949.9041291555983,957.5611526797221,683500,953.509716796875,947.6506591796875,944.7510213216145,936.899365234375,939.61275390625,943.3343200683594,-1.0526598445404471,0.0025965352300682818,0.003351432195345172,0.007972350978824982,-0.004671747836325069,Chemicals,2
2023-05-19,953.8780517578125,960.5173254502487,944.3794476309988,958.9665643295722,845534,953.3061767578125,950.0398376464843,947.3647420247396,938.9081176757812,938.1976635742187,943.5604756673177,-1.0600364569916987,-0.0005077934787294009,0.005334552527320069,0.006960296109341568,-0.009957880998844204,Chemicals,2
2023-05-22,956.834228515625,963.4250520502143,945.494102892338,956.5919183918699,667367,952.7440307617187,951.7117797851563,949.593994140625,940.9798706054687,936.6875854492188,943.9352478027344,-1.0150391210390641,0.0030991139300928865,-0.0002532414879545808,0.006888156107055066,-0.011851714001577252,Chemicals,2
2023-05-23,951.697265625,963.4250519504334,949.8556850215541,956.6403684859937,627065,953.7326538085938,953.2674133300782,950.23369140625,942.5985046386719,936.3406005859375,943.7010131835938,-1.0932312130223305,-0.005368707282341033,0.005193986616897073,0.012323021982974192,-0.0019350487491802681,Chemicals,2
2023-05-24,956.7372436523438,967.9320183997658,945.0094576360603,953.9264817858159,728156,954.7018920898438,954.4886474609375,949.8459920247395,944.6678283691406,938.4729296875,943.1663126627604,-1.016515372573704,0.005295778615097615,-0.002937861868738123,0.011700991909425307,-0.012258105445453915,Chemicals,2
2023-05-25,927.2723999023438,959.2088862681593,916.9499648950897,958.0457858344517,1620350,949.283837890625,951.39677734375,948.1950520833333,945.8842254638672,939.376259765625,941.2246012369792,-1.465013409609797,-0.030797216211128124,0.033186996545296665,0.03444132098526698,-0.011132041683049265,Chemicals,2
2023-05-26,940.4055786132812,942.3440595792453,925.6246612478058,930.4708636627158,702059,946.5893432617188,949.9477600097656,948.8896728515625,947.1708923339844,940.4443627929687,939.5962768554688,-1.2651072121808804,0.01416323694344901,-0.010564287554753915,0.0020613244009275444,-0.015717598557072998,Chemicals,2
2023-05-29,941.9563598632812,945.833321878104,937.8855970739138,942.392529921498,456813,943.61376953125,948.1789001464844,949.0124430338542,948.0989379882812,941.506650390625,937.8419494628906,-1.2415020523368756,0.0016490557747294275,0.0004630469911366397,0.004115861604655935,-0.0043216044424375655,Chemicals,2
2023-05-30,939.2909545898438,945.0094972620149,933.8632313968732,944.4279766191058,477951,941.1325073242188,947.4325805664063,949.2224446614583,947.9583953857422,942.3053051757812,937.1392517089844,-1.282073420818759,-0.0028296483648397107,0.0054690423709076175,0.00608814834660909,-0.005778532377479051,Chemicals,2
2023-05-31,940.7448120117188,942.5863926372961,934.3478483314689,941.1325318774442,710320,937.9340209960938,946.3179565429688,948.9704386393229,946.8679992675782,943.3210668945312,938.3831115722656,-1.2599435834650043,0.0015478243613128904,0.0004121413807176566,0.0019575772324900154,-0.006799892594220536,Chemicals,2
2023-06-01,939.1455688476562,946.8510424453209,936.4317073527742,942.1017404609696,414830,940.3086547851562,944.7962463378906,947.7007364908854,946.2234527587891,944.769111328125,939.5316589355468,-1.2842864045541345,-0.0016999755338991743,0.00314772460348256,0.008204770222276947,-0.0028897133574425915,Chemicals,2
2023-06-02,939.9694213867188,949.2741656449205,938.2248003251012,940.1632813175084,516827,940.2214233398438,943.4053833007813,946.7056477864584,946.7226104736328,945.7809985351563,940.4072062174479,-1.2717461633870069,0.0008772362521748122,0.00020624067802521573,0.00989898612284068,-0.0018560402305892731,Chemicals,2
2023-06-05,964.9273681640625,986.6383790321245,946.8025589783696,949.4679703539789,5155439,944.815625,944.214697265625,947.0578084309896,947.9632385253906,947.442275390625,942.0581461588541,-0.8918496931031636,0.02655187095397611,-0.016021307219731717,0.02250015035781483,-0.018783599453893074,Chemicals,2
2023-06-06,963.1827392578125,976.1220761673854,958.3849869892057,969.2404923349056,966295,949.5939819335938,945.3632446289063,948.1530476888021,949.3153289794922,948.2855126953125,943.5200846354167,-0.9184054979276691,-0.0018080416866706264,0.0062893081761006275,0.013433937696540887,-0.004981144359276768,Chemicals,2
2023-06-07,964.1519775390625,969.2404901121513,960.8080860166266,966.7689386939143,485131,954.2754150390625,946.1047180175781,948.9704427083333,950.2966827392578,948.349482421875,945.1467915852865,-0.903652273025166,0.0010062870125733916,0.0027142620829667674,0.0052777079668258065,-0.0034682203639420095,Chemicals,2
2023-06-08,972.3905029296875,983.7790784686098,966.3812001754734,968.2712309262475,1389967,960.9244018554688,950.6165283203125,950.1722981770833,951.0066528320312,949.163642578125,947.461659749349,-0.7782498613538901,0.008544841044306438,-0.0042362322452030865,0.011711936207326135,-0.006179927442842015,Chemicals,2
2023-06-09,955.6226806640625,977.0913221962829,950.9703381060419,973.1174598182904,959079,964.0550537109375,952.1382385253906,950.2886067708333,951.0429992675781,950.1890991210937,948.8266743977864,-1.033480652167193,-0.017243918173928795,0.01830720378263817,0.02246560485285043,-0.004868388593275763,Chemicals,2
2023-06-12,957.3673095703125,961.3411719808546,952.9088269068875,959.5481007082859,601656,962.5430419921875,953.6793334960937,950.3241455078125,950.9291168212891,950.87919921875,949.9590698242188,-1.0069248473426875,0.0018256461902281943,0.002277904328018332,0.004150823169767115,-0.0046570241315488925,Chemicals,2
2023-06-13,969.2890014648438,975.055994576443,958.6273554008866,959.5481457561417,1236924,963.7642944335937,956.6791381835938,951.4969278971354,952.055859375,952.2051220703125,950.8653096516927,-0.8254592519975105,0.012452578832968474,-0.010049485441371075,0.005949714793920036,-0.010999450161762625,Chemicals,2
2023-06-14,964.7510986328125,968.6477994547147,944.9717157304212,960.8050846787636,3249390,963.8841186523438,959.0797668457031,952.0311848958333,952.698861694336,953.014169921875,950.9385884602865,-0.8945327732995383,-0.004681681959842026,-0.004090188608897094,0.004039073733550946,-0.02050205791983173,Chemicals,2
2023-06-15,945.5635986328125,957.6975795620344,940.6310811647227,955.9218853158011,3592424,958.5187377929688,959.7215698242187,953.2505981445313,952.2589080810546,952.5090698242187,950.7228251139323,-1.1865945998832967,-0.01988854952038031,0.010954616588419341,0.012832538125163051,-0.005216484089723528,Chemicals,2
2023-06-16,957.8455810546875,959.6212753044136,943.0973417538107,946.0568522404859,1397816,958.9633178710938,961.5091857910156,954.4132649739583,952.4572845458985,952.6270629882813,951.6514689127604,-0.9996448555079259,0.012989060111486398,-0.012307546276113746,0.0018538418768616616,-0.015397303691308428,Chemicals,2
2023-06-19,965.2443237304688,966.7733920531723,954.738037783293,959.275989832011,1155057,960.538720703125,961.5408813476563,955.9657958984375,952.8777893066406,952.8510375976563,952.4891194661458,-0.8870251655893917,0.007724358520957486,-0.006183236463273234,0.0015841256820801064,-0.010884587133930146,Chemicals,2
2023-06-20,970.2261962890625,972.6924550493295,960.9037261329738,966.7734340246885,1267022,960.7261596679688,962.2452270507813,958.028145345052,953.8042358398437,953.7899194335937,953.6252950032552,-0.8111937753994038,0.005161255483316232,-0.003558718861210064,0.002541942043721379,-0.009608553337093428,Chemicals,2
2023-06-21,983.7412719726562,985.5169661757392,963.961889448545,975.1093666132591,1757441,964.5241943359375,964.2041564941406,960.8945760091145,955.1544372558594,955.0639282226563,954.9325073242187,-0.6054745472264721,0.0139298193918969,-0.008774568685207207,0.0018050418882213926,-0.020106285145939373,Chemicals,2
2023-06-22,990.9920654296875,996.171208734379,978.8087714546377,989.9562488110281,1685291,973.6098876953125,966.0643127441406,964.3510091145833,958.3404205322265,956.5291040039062,956.0258728027344,-0.495106860907665,0.0073706305342781135,-0.0010452320001272941,0.005226220759341649,-0.012294037863731178,Chemicals,2
2023-06-23,966.82275390625,995.3820425917718,963.2220522179638,995.2834163252309,1289496,975.405322265625,967.1843200683594,966.1412312825521,959.661279296875,957.0468920898437,956.4234395345052,-0.862999148637022,-0.02438900609457236,0.0294373113417028,0.02953932204236387,-0.0037242624604544305,Chemicals,2
2023-06-26,980.53515625,983.5439798532099,956.9576987466942,968.6971143661099,962543,978.4634887695313,969.5011047363281,967.1817504882813,961.590219116211,957.9949291992187,957.1197794596354,-0.654276319953398,0.014182953688613385,-0.012073041755243152,0.0030685524981244328,-0.02404549939185907,Chemicals,2
2023-06-27,992.6691284179688,1006.2335512907608,980.535147635859,980.535147635859,2034613,982.9520751953125,971.8391174316406,969.147509765625,964.2591278076172,959.6338037109375,958.6502787272135,-0.4695795082221438,0.012374846623933837,-0.012223590353260927,0.013664596273291973,-0.012223590353260927,Chemicals,2
2023-06-28,982.8040771484375,1001.9422684567636,979.6472540177022,996.3684997941499,1118507,982.7646362304688,973.6444152832031,970.3909830729167,966.3620910644531,960.6764770507813,959.680712890625,-0.6197400238245787,-0.009937904773218167,0.013801756587201952,0.01947304834535757,-0.0032120574223650777,Chemicals,2
2023-06-30,987.8845825195312,993.8529163715324,979.6472425551364,988.4764605071343,892662,982.1431396484375,977.876513671875,971.4239217122396,968.7990417480469,963.1009643554687,960.7981099446614,-0.5424072979014394,0.005169397939246052,0.0005991367798185987,0.0060415295041647,-0.008338362709726765,Chemicals,2
2023-07-03,994.44482421875,1002.7807906942472,987.4899867043201,990.4494971539834,817032,987.6675537109375,981.5364379882812,974.0120646158854,971.5228118896484,965.2625341796875,962.1503356933594,-0.4425508198034711,0.00664069650979602,-0.004017645793375602,0.008382532919356311,-0.006993688684431176,Chemicals,2
2023-07-04,993.260986328125,1015.112062089338,991.2879794047249,996.9603743095001,2029338,990.2127197265625,984.3381042480469,976.4049763997396,972.9394927978516,967.3147192382812,963.364560953776,-0.4605705647788458,-0.0011904510554972619,0.0037244873525648092,0.021999329543780588,-0.001986393254701291,Chemicals,2
2023-07-05,993.7542724609375,1002.7808035325321,990.0055712189827,996.3685308095006,612300,990.4297485351562,986.6909118652344,978.0359944661458,974.4680694580078,969.493251953125,964.7664611816406,-0.4530620280243099,0.0004966329490460247,0.0026306889147647006,0.009083262655305457,-0.0037722617611207765,Chemicals,2
2023-07-06,999.1307373046875,1004.260567570312,991.0907698699353,995.7766615162604,566109,993.6950805664062,988.2298583984375,980.3279703776042,976.217007446289,971.8286889648438,966.1795776367187,-0.3712243658573269,0.0054102558275655995,-0.003356993897990934,0.005134293315270266,-0.008046962358941423,Chemicals,2
2023-07-07,988.673828125,1012.1525995817916,982.0642425766799,1000.4131837476979,1235538,993.8529296875,987.9980346679688,983.2019856770834,977.0311737060547,973.8098193359375,968.2262919108073,-0.5303938249030599,-0.01046600688904503,0.011873840784236478,0.02374774246964595,-0.006685304455621099,Chemicals,2
2023-07-10,982.8533935546875,993.4089927091688,968.4997801313074,992.4224892407387,1102693,991.5346435546875,989.6010986328125,984.8691731770833,978.392709350586,975.5251782226562,969.6412190755208,-0.6189893559580031,-0.005887113024272967,0.009736035657813336,0.010739749410952237,-0.014604022855806975,Chemicals,2
2023-07-11,978.8580932617188,985.516991855336,972.692446415777,984.5304883599853,938584,988.6540649414062,989.4333923339843,985.7767578125,979.4672485351563,976.0824072265625,970.8712768554688,-0.6798036726389192,-0.0040650012699441785,0.005794910556815358,0.006802721088435382,-0.006298815822625259,Chemicals,2
2023-07-12,970.1768798828125,984.7278065192941,968.7464377644047,979.795289015402,827540,983.9385864257813,987.1841674804688,985.7734700520833,979.5116424560547,976.3621728515625,971.9008076985677,-0.8119444432659795,-0.008868714922690169,0.00991407786768872,0.014998220363939385,-0.0014744137363699172,Chemicals,2
2023-07-13,963.8139038085938,977.131700841773,958.289508383092,974.0735641261191,908833,976.8752197265625,985.2851501464844,984.4449788411458,979.4647827148438,976.3486499023437,972.6697774251302,-0.9087982498976449,-0.006558573190269524,0.010644856104465195,0.013817809621289756,-0.005731807150396673,Chemicals,2
2023-07-14,970.2261962890625,977.2303470836628,963.8139235123681,965.7869305205818,935472,973.185693359375,983.5193115234375,983.0605875651041,980.6979125976562,976.2620776367188,973.7057983398438,-0.8111937753994038,0.006653040026845455,-0.004575495678698527,0.007219090580516063,-0.0066090493136756745,Chemicals,2
2023-07-17,980.2391967773438,982.3601431104177,970.7194142099349,973.5802983566963,795781,972.6628540039062,982.0987487792969,983.9550170898438,981.817593383789,977.24673828125,975.0481241861979,-0.6587812561972416,0.01032027430982501,-0.006793136249335308,0.0021637028391099378,-0.009711693430242585,Chemicals,2
2023-07-18,984.3824462890625,992.4224735139161,976.8850441323613,980.5844320803504,961824,973.767724609375,981.2108947753907,984.211503092448,982.7744995117188,978.32734375,975.6966267903646,-0.5957149359165983,0.00422677396021317,-0.003858270962703414,0.008167584921046744,-0.007616350926375248,Chemicals,2
2023-07-19,984.2838745117188,991.1893990635424,979.5979828515527,982.5574933737628,520288,976.5891235351562,980.2638549804688,983.6524861653646,983.4773834228515,978.927138671875,976.3999979654948,-0.5972153426053605,-0.00010013565125561426,-0.0017539463793535548,0.007015785517414219,-0.004760711601102474,Chemicals,2
2023-07-20,981.0283813476562,988.2791577200295,977.0823674935444,988.2791577200295,565418,980.0320190429687,978.4536193847656,983.5341064453125,983.3417388916016,979.5782299804688,976.9625447591146,-0.6467687122432514,-0.0033074738379489125,0.007390995520856203,0.007390995520856203,-0.004022323848257181,Chemicals,2
2023-07-21,974.3201904296875,980.5844634709249,965.3922857269584,979.4499603793334,628105,980.8508178710938,977.0182556152344,982.629813639323,982.5081451416015,980.7284936523438,977.0268676757812,-0.7488771939409469,-0.006837917276922802,0.005264973465636258,0.006429378250362161,-0.009163214301031508,Chemicals,2
2023-07-24,977.1317138671875,983.5439865982695,973.6789516273741,976.6384621186427,591437,980.2293212890625,976.4460876464843,981.4756062825521,983.0235931396485,981.4999389648438,977.7438354492188,-0.7060816931910161,0.0028856257574423074,-0.0005047955577991425,0.006562342251388298,-0.0035335689045936647,Chemicals,2
2023-07-25,963.9125366210938,981.5709731881316,961.8409033753048,981.0777214428109,1065233,976.1353393554688,974.9515319824219,979.51904296875,982.1924621582032,981.4466674804687,977.9620096842448,-0.9072969141644935,-0.01352855204522664,0.017807824018855722,0.01831954238186162,-0.002149192138376832,Chemicals,2
2023-07-26,984.727783203125,988.476484375043,963.9125237027224,963.9125237027224,1543349,976.22412109375,976.4066223144531,978.9172770182291,981.7953948974609,982.0267309570313,978.4766357421875,-0.5904584027617896,0.021594538706797166,-0.021138084915909072,0.0038068400586039886,-0.021138084915909072,Chemicals,2
2023-07-27,980.2391967773438,992.4224905438969,972.8404207544022,989.660292870944,1019601,976.0662841796875,978.0491516113282,977.6578409830729,981.6671508789062,981.8866479492187,978.9929056803386,-0.6587812561972416,-0.004558200248174947,0.00961101751957405,0.012428898789812903,-0.007547929165927947,Chemicals,2
2023-07-28,1036.864501953125,1039.7252656272408,983.9878807705616,985.5169490797081,5379672,988.575146484375,984.7129821777344,980.8705525716146,984.1161468505859,983.7215454101563,982.0362691243489,0.20313874695592687,0.057766824017998736,-0.049521950820665905,0.00275905257507314,-0.050996654898456506,Chemicals,2
2023-07-31,1045.052490234375,1057.334531434359,1036.8645831905133,1045.9897408413842,1732206,1002.1593017578125,991.1943115234375,985.017159016927,986.6465301513672,986.8507348632812,984.9431660970052,0.32777190987284066,0.007896873955879884,0.000896845484573694,0.011752559143923369,-0.007834924197946735,Chemicals,2
2023-08-01,1058.4195556640625,1068.9750942112332,1045.2003855983658,1049.8369035569663,1489507,1021.0607055664062,998.5980224609375,990.3212565104167,989.9044586181641,989.9661108398437,988.0490071614583,0.5312382054016559,0.012790807691094688,-0.008108931908114125,0.009972924716558307,-0.012489536871229556,Chemicals,2
2023-08-02,1027.3447265625,1045.6442934781833,1013.188426006613,1045.6442934781833,1742065,1029.5840942382813,1002.9041076660156,994.1324462890625,991.5839813232421,991.353134765625,989.952958170573,0.05823383546391126,-0.029359651317162085,0.01781248926727219,0.01781248926727219,-0.013779503792513803,Chemicals,2
2023-08-03,1025.4703369140625,1032.7211131915242,1016.1479274748666,1025.9635886393698,643369,1038.630322265625,1007.3483032226562,998.2428751627605,992.9009613037109,993.05978515625,991.3439270019531,0.029702882267697843,-0.001824499216255498,0.0004810004810005264,0.007070683584355475,-0.009090862118205867,Chemicals,2
2023-08-04,1033.31298828125,1044.5098987525735,1028.2325918630504,1032.3758581749062,905449,1037.92001953125,1013.2475830078125,1002.448661295573,995.1329193115234,994.8769213867188,992.7546244303386,0.14907951202980294,0.007647857851050388,-0.0009069179590034393,0.010835933157046451,-0.004916609464717947,Chemicals,2
2023-08-07,1025.17431640625,1047.6666427819816,1021.1296764273355,1040.810492111796,704409,1033.944384765625,1018.0518432617188,1005.4443359375,997.2489654541016,996.1061010742187,994.6996765136719,0.025197016979464856,-0.007876289146947985,0.015252211702258212,0.021940001827765787,-0.003945319263452651,Chemicals,2
2023-08-08,996.7137451171875,1018.0221957342266,988.7724043192878,996.368492991302,2803220,1021.60322265625,1021.3319641113281,1006.2664225260417,998.141748046875,996.2442114257813,995.2389628092448,-0.4080145236746519,-0.027761689727880692,-0.0003463904532037265,0.021378706495648547,-0.007967524112919677,Chemicals,2
2023-08-09,996.5658569335938,1000.5118709699879,974.0735889684269,995.3820406803964,2504277,1015.4474487304688,1022.515771484375,1007.0852213541667,999.4611968994141,996.3566748046875,995.3688537597657,-0.41026559822998976,-0.0001483757842391972,-0.0011878956568308618,0.003959611910181016,-0.022569775804255454,Chemicals,2
2023-08-10,994.44482421875,1002.1889126888722,990.3014975469425,998.3415250197522,694086,1009.2423461914062,1023.9363342285156,1007.9796508789062,1000.9927429199219,996.16923828125,995.7568786621093,-0.4425508198034711,-0.0021283417448899064,0.003918468582772894,0.007787348560244212,-0.004166472157027479,Chemicals,2
2023-08-11,992.1265869140625,1003.32337761005,988.476511903676,995.3820364379333,821837,1001.0050659179688,1019.4625427246094,1009.1667439778646,1002.0877624511719,996.3073486328125,995.8982788085938,-0.47783778379886604,-0.002331187460811353,0.0032812844316536527,0.011285647258798104,-0.003679041624859325,Chemicals,2
2023-08-14,988.1312255859375,993.4089950700242,974.8627418617403,992.4224915992496,650309,993.5964477539062,1013.7704162597656,1009.9000447591146,1002.4823638916016,996.5184619140625,995.6878255208334,-0.5386530295241715,-0.00402706809879199,0.004342809843669748,0.005341162537351396,-0.013427855916939846,Chemicals,2
2023-08-16,977.3290405273438,986.8981366276679,975.1587207605596,986.0102593830848,556999,989.7195068359375,1005.6613647460938,1010.7944783528645,1002.1296936035156,996.4572998046875,995.1567606608073,-0.7030780926803238,-0.010931933713751753,0.008882595825717932,0.009791069029485566,-0.002220664358457136,Chemicals,2
2023-08-17,978.0195922851562,986.5034982858566,975.1587080555693,979.2033483139832,704109,986.01025390625,1000.7288513183594,1010.347265625,1001.8164794921875,996.7710083007812,994.6322713216146,-0.6925668844594851,0.0007065703864073195,0.0012103602403925606,0.008674576734068795,-0.0029251808983729033,Chemicals,2
2023-08-18,985.0237426757812,988.4765049185106,968.7464349600573,979.3020344301088,694939,984.1260375976562,996.6841918945313,1010.6662353515625,1002.0162475585937,997.6194018554687,994.1620381673177,-0.585953466517946,0.007161564498170948,-0.005808700844235126,0.0035052578868302042,-0.016524787180771106,Chemicals,2
2023-08-21,987.539306640625,992.422510958495,982.7547887985937,985.0237347833571,583175,983.2085815429688,992.1068237304687,1007.3778889973959,1002.6772033691407,998.3119262695312,994.1242207845052,-0.5476629020118589,0.00255381048786734,-0.002547313145261354,0.00494482020617637,-0.0048448885121413765,Chemicals,2
2023-08-22,990.4495239257812,994.3955379653262,986.5035098862362,993.40903445544,426545,983.6722412109375,988.6343444824219,1003.7376912434896,1003.3430938720703,998.7203393554687,994.3774251302083,-0.5033651364843872,0.0029469381781431266,0.0029880478087649376,0.003984063745019917,-0.003984063745020028,Chemicals,2
2023-08-23,991.0907592773438,1002.1395502404223,989.956256174748,995.3820253914506,633794,986.4245849609375,988.0720458984375,999.2491048177084,1004.7020050048828,998.988671875,994.7851806640625,-0.4936045961301242,0.0006474185065190163,0.00432984171624784,0.011148112178076097,-0.0011447015240289016,Chemicals,2
2023-08-24,1001.9422607421875,1003.6686417928948,990.5974709803968,996.4178052530887,575632,991.2091186523437,988.6096862792969,997.5556070963542,1005.5627288818359,999.6950073242188,995.8440266927083,-0.3284288651073961,0.010949049179669629,-0.005513746356009208,0.0017230344685017496,-0.0113227979358681,Chemicals,2
2023-08-25,997.6016235351562,1007.2200322663975,986.5034596144932,1003.2740184279395,1015895,993.7246948242188,988.9253662109375,995.6976928710938,1006.4308502197266,1000.3579370117187,996.970284016927,-0.3944997149431209,-0.004332222900565077,0.005686032138442432,0.00964153275648938,-0.011124845488257096,Chemicals,2
2023-08-28,1021.77099609375,1026.9501394483163,992.1758912105132,1001.3010485495112,1955741,1000.5710327148438,991.8898071289062,994.9282267252604,1005.6761749267578,1002.2559692382813,998.6884440104167,-0.02660649816937462,0.02422747917444824,-0.02003379193820909,0.005068790731354023,-0.028964518464880573,Chemicals,2
2023-08-29,1052.5006103515625,1062.4642716370454,1025.9636420636277,1026.950145565612,3555138,1012.98125,998.3267456054688,996.7499796549479,1006.0485809326171,1005.2707250976563,1001.097157796224,0.44114319670234,0.030074854713328526,-0.024275961965870896,0.009466656064127887,-0.02521325691114873,Chemicals,2
2023-08-30,1045.397705078125,1065.2757745792462,1042.4875679381164,1062.4148903602945,907511,1023.8426391601563,1005.1336120605469,999.9955769856771,1005.3974884033203,1008.5301318359375,1003.1309997558594,0.3330265849388708,-0.006748599671657146,0.016278192691170812,0.019014839428632246,-0.002783760788714451,Chemicals,2
2023-08-31,1047.1240234375,1057.5316828510897,1038.393492117922,1049.2450299083716,628121,1032.8789916992187,1012.0440551757813,1003.3661214192708,1006.3864532470703,1011.0259814453125,1005.2256713867188,0.35930367644657835,0.0016513508217869946,0.002025554206949387,0.00993928052516968,-0.008337628708887213,Chemicals,2
2023-09-01,1056.6932373046875,1061.4777551462068,1047.4694537585603,1050.6262167571658,591330,1044.697314453125,1019.2110046386719,1007.516015625,1007.9475982666015,1014.0841430664062,1007.7478332519531,0.5049611138939484,0.00913856778471539,-0.005741515449646295,0.004527821010497979,-0.00872891319873903,Chemicals,2
2023-09-04,1075.0421142578125,1083.1807675660273,1056.0519232053116,1060.6391882454072,1378530,1055.3515380859376,1027.9612854003906,1013.0437174479167,1010.0340545654296,1015.6112475585937,1011.1052307128906,0.7842578705683622,0.017364431137959744,-0.013397545846237646,0.007570543702684285,-0.017664601972929517,Chemicals,2
2023-09-05,1088.853271484375,1095.8574224644042,1077.4098546183393,1081.5038683533264,1233591,1062.6220703125,1037.80166015625,1019.7585205078125,1013.2180023193359,1017.3632788085938,1014.8292826334635,0.9944838930739163,0.01284708481964676,-0.006749672635900317,0.006432593962344191,-0.01050960415486979,Chemicals,2
2023-09-06,1075.387451171875,1092.0593845600145,1063.6480353291738,1091.0728810509268,642702,1068.62001953125,1046.2313293457032,1026.2957478841147,1017.1516876220703,1018.0419946289062,1018.5451131184896,0.7895144037231708,-0.012366974196755429,0.014585840537714168,0.01550318759064151,-0.010916452326004467,Chemicals,2
2023-09-07,1071.49072265625,1081.4050098562896,1063.647948148155,1080.2212539115264,665262,1073.493359375,1053.1861755371094,1032.5271565755208,1020.8979309082031,1019.8078344726563,1021.4372111002605,0.7302004937310168,-0.0036235577338926944,0.008148023189256559,0.009252797985466188,-0.007319498286137871,Chemicals,2
2023-09-08,1070.6522216796875,1079.5307525574126,1067.0020867318424,1071.5399784292342,473019,1076.28515625,1060.4912353515624,1038.235721842448,1024.70830078125,1021.6151098632813,1024.4509785970051,0.717437281910451,-0.0007825555171246251,0.0008291737798422627,0.008292637607192344,-0.003409262946392322,Chemicals,2
2023-09-11,1071.244140625,1083.1808085103655,1065.522372338071,1071.3427668873014,511237,1075.5255615234375,1065.4385498046875,1043.816044108073,1028.6641784667968,1023.1323559570312,1025.5969665527343,0.7264471543981382,0.0005528582795857565,9.206702614394935e-05,0.011142808098256074,-0.005341236483768164,Chemicals,2
2023-09-12,1031.9813232421875,1076.176729752036,1028.9231863701334,1071.2442120800795,868126,1064.151171875,1063.38662109375,1046.5848307291667,1030.8566833496093,1023.4046362304688,1025.1612609863282,0.12880962154347977,-0.036651605263301835,0.03804612346523806,0.04282578135328974,-0.0029633645524187457,Chemicals,2
2023-09-13,1038.6895751953125,1048.7026099587333,1024.0400220797621,1035.8286909167934,745777,1056.8115966796875,1062.7158081054688,1049.7580851236978,1033.9247100830078,1025.0836694335937,1024.503594970703,0.2309190322855646,0.006500361781790399,-0.002754320777679009,0.009640064753261735,-0.014103879990126744,Chemicals,2
2023-09-14,1060.04736328125,1062.6122482463331,1043.0301782403637,1044.7071859883213,610424,1054.5229248046876,1064.0081420898437,1053.6317586263021,1038.0260986328126,1027.6229296875,1025.593682861328,0.5560158192649908,0.02056224361539533,-0.01447121876275892,0.0024195946840939175,-0.016053230855847422,Chemicals,2
2023-09-15,1056.0025634765625,1066.9034747020398,1048.998413108614,1062.464209203973,646144,1051.5929931640626,1063.9390747070313,1057.5251546223958,1041.5750396728515,1030.0852392578124,1026.6114237467448,0.4944480475843309,-0.0038156783789049815,0.006118967842405176,0.010322807540911194,-0.006632702050352601,Chemicals,2
2023-09-18,1043.6220703125,1056.6438682632524,1041.8956891981236,1055.6081118483005,337323,1046.0685791015626,1060.7970703125,1058.9818929036458,1044.3791778564453,1032.14505859375,1026.955059814453,0.3059988255645874,-0.011723923399677694,0.011485040300279747,0.012477503419272562,-0.0016542205875921256,Chemicals,2
2023-09-20,1033.658447265625,1041.895727659455,1025.2731672576842,1041.895727659455,591699,1046.40400390625,1055.277587890625,1057.7257486979167,1046.5396240234375,1033.9661474609375,1027.2378641764324,0.1543379032733903,-0.009547156322490874,0.007969054396662845,0.007969054396662845,-0.008112234781346483,Chemicals,2
2023-09-21,1020.8338623046875,1036.2725456255412,1016.197223635825,1033.6584077084008,618526,1042.832861328125,1049.8222290039062,1056.0881591796874,1048.0267791748047,1035.7063403320312,1028.0418680826822,-0.040871045723092005,-0.012406985106988531,0.012562813477562162,0.015123600314353336,-0.004542011036344884,Chemicals,2
2023-09-22,1021.8203735351562,1025.5197616603953,1008.2558901978844,1024.977136566244,486756,1035.1874633789062,1044.8551940917969,1054.401249186198,1049.020684814453,1037.4583715820313,1028.8836853027344,-0.025854901258409575,0.0009663778474604585,0.00308935221184381,0.0036203898660196465,-0.01327482176768835,Chemicals,2
2023-09-25,1031.192138671875,1034.2009020405433,1020.0446011478556,1027.9366290097346,612625,1030.2253784179688,1040.9091857910157,1052.7011759440104,1050.700210571289,1039.305107421875,1030.1085957845053,0.11679707758948955,0.009171636600174237,-0.0031570349889724625,0.002917752430253495,-0.010810339902684762,Chemicals,2
2023-09-26,1022.9547119140625,1035.2860051307457,1021.0804516833549,1031.1921121210353,268848,1026.0919067382813,1036.0802429199218,1049.2286824544271,1050.7593963623046,1040.7217236328124,1031.1361999511719,-0.008588611282778625,-0.007988255969854368,0.008052556101491248,0.012054583720143341,-0.001832202549026496,Chemicals,2
2023-09-27,1029.4163818359375,1035.8286544587777,1021.9189794691745,1027.887253272145,461560,1025.2434936523437,1035.823748779297,1045.2662231445313,1049.6051849365235,1042.2803979492187,1032.5123718261718,0.08976746012642757,0.006316672523834896,-0.001485432513775753,0.006229036895064821,-0.00728315820406078,Chemicals,2
2023-09-28,1002.435546875,1035.5820401016254,998.0455942959721,1022.0176170948167,622778,1021.5638305664063,1032.1983459472656,1040.402762858073,1047.4570770263672,1042.734189453125,1033.3492553710937,-0.3209203283528602,-0.026209836405379404,0.019534493046323043,0.033065959532217803,-0.004379286621182921,Chemicals,2
2023-09-29,1017.2823486328125,1024.6811247926403,1005.0497415087339,1007.1707480924423,340818,1020.6562255859375,1027.9218444824219,1036.7888712565104,1045.9649932861328,1043.34779296875,1034.6580139160155,-0.09493028064921596,0.01481072953178489,-0.009939817154951958,0.007273080251290587,-0.012024790502379923,Chemicals,2
2023-10-03,1011.2647094726562,1019.008737830225,1008.2558858527076,1019.008737830225,227220,1016.6707397460938,1023.4480590820312,1032.8297037760417,1043.6935668945312,1043.89431640625,1035.5327128092447,-0.18652755412607266,-0.0059154070334983405,0.007657765850058285,0.007657765850058285,-0.0029753076437500914,Chemicals,2
2023-10-04,997.6016235351562,1011.0180465013561,986.5034596144932,1011.0180465013561,457424,1011.6001220703125,1018.8460144042969,1027.9202026367188,1039.8215423583983,1042.9275415039062,1035.8681233723958,-0.3944997149431209,-0.01351088969042031,0.013448677958899813,0.013448677958899813,-0.011124845488257096,Chemicals,2
2023-10-05,995.677978515625,1011.1660956324698,992.4225289817216,1005.14844831863,286411,1004.85244140625,1015.0479675292969,1025.499979654948,1035.162777709961,1040.6546362304687,1036.0424051920572,-0.42378040696152075,-0.0019282697362846255,0.00951157905201816,0.015555347663644081,-0.003269580732072286,Chemicals,2
2023-10-06,999.0814208984375,1001.1037410337361,991.7319577717908,998.3415432724945,348344,1004.1816162109375,1012.8727233886718,1022.8594360351562,1031.347476196289,1038.8019848632812,1036.3087605794271,-0.3719750337239026,0.0034182159857411073,-0.0007405578869413842,0.0020241795042890143,-0.007356220396969815,Chemicals,2
2023-10-09,990.7947387695312,997.3550109478605,982.9027109875502,991.4359901113747,405937,998.8840942382812,1009.7701599121094,1018.2425944010416,1027.312677001953,1036.5488134765626,1035.9371765136718,-0.4981104614183572,-0.00829430110055929,0.000647209070407273,0.006621222258887283,-0.007965350917973346,Chemicals,2
2023-10-10,1003.0767211914062,1009.1930547777928,994.3955026549513,994.3955026549513,366136,997.2464965820312,1006.9586181640625,1014.7142049153646,1023.9339019775391,1034.4041528320313,1036.1196797688801,-0.3111607170429865,0.012396091684063647,-0.008654590773618742,0.0060975730541545925,-0.008654590773618742,Chemicals,2
2023-10-11,1022.1162109375,1048.6531780990701,1019.0580742957098,1027.9366054367179,2758083,1002.1494140625,1006.8747680664062,1013.2804809570313,1021.477505493164,1032.2871166992188,1036.1311869303386,-0.021351823103344564,0.018981090223566907,0.005694454737078525,0.02596276908398698,-0.002991965697310639,Chemicals,2
2023-10-12,1024.8291015625,1028.9231150309292,1016.0985699730173,1028.8737416885149,465767,1007.979638671875,1006.4160400390625,1012.6918579101563,1021.1198944091797,1029.7261499023436,1035.2088033040366,0.019942341913434795,0.0026541899991114485,0.003946648392252117,0.003994825539387348,-0.008519012171074869,Chemicals,2
2023-10-13,1021.1296997070312,1031.4387330404259,1013.1390458254865,1021.9682035571886,409241,1012.3892944335937,1008.2854553222656,1012.7115804036458,1020.2419006347657,1027.55583984375,1034.3998697916666,-0.036367967568026995,-0.003609774400266813,0.0008211531310839959,0.010095713929731298,-0.007825307484286559,Chemicals,2
2023-10-16,1026.8021240234375,1035.8286549583465,1018.0715923019177,1020.9324764811222,583658,1019.590771484375,1009.2374328613281,1013.0436971028646,1018.579638671875,1025.7682958984376,1033.7224731445312,0.04997463084279966,0.005555047824026375,-0.005716434943975002,0.008790915721462733,-0.008502642833762342,Chemicals,2
2023-10-17,1031.192138671875,1036.8151603543483,1027.9366290097346,1030.9455128011912,536501,1025.2138549804688,1011.23017578125,1013.0436971028646,1017.3391174316406,1024.189892578125,1032.8724365234375,0.11679707758948955,0.004275424198808235,-0.00023916577855365162,0.005452933038953889,-0.0031570349889724625,Chemicals,2
2023-10-18,1030.15625,1036.5191492213569,1018.367581685993,1032.869134546325,976236,1026.8218627929687,1014.4856384277343,1013.5237996419271,1016.6658264160156,1022.546376953125,1031.376241048177,0.10102933621384207,-0.0010045544695571223,0.0026334689968876557,0.006176635070026304,-0.011443573063801837,Chemicals,2
2023-10-19,1017.3317260742188,1029.909645596591,1005.8883096521479,1029.909645596591,734831,1025.3223876953125,1016.6510131835937,1012.7181559244792,1015.8494903564454,1021.9603930664063,1028.9921895345053,-0.0941786837382509,-0.012449105585469437,0.012363636363636354,0.012363636363636354,-0.011248461174242386,Chemicals,2
2023-10-20,998.0455932617188,1020.1926086630729,996.3685252857904,1011.16607764152,588202,1020.70556640625,1016.5474304199219,1012.4254923502605,1014.7100769042969,1020.3346337890625,1026.4141276041667,-0.38774184605516077,-0.018957565480556923,0.013146177357411304,0.022190384438225186,-0.0016803520673314143,Chemicals,2
2023-10-23,965.2936401367188,1003.422023129078,961.8901911414798,1000.3145131309482,825192,1008.4038696289062,1013.9973205566406,1008.9595784505208,1011.883740234375,1016.5444848632812,1022.8742248535157,-0.886274497722816,-0.032816089110681956,0.036280020439448,0.03949925847119329,-0.0035258172785194164,Chemicals,2
2023-10-25,950.5947265625,978.6114494000427,949.0163450835091,966.7734076734292,729081,992.2843872070313,1008.74912109375,1004.9149129231771,1007.8538696289063,1012.3281713867187,1018.8723083496094,-1.1100134708711225,-0.015227401241488423,0.017019535937711217,0.029472836377764988,-0.001660414722369219,Chemicals,2
2023-10-26,928.0038452148438,950.0028610026362,922.3807632787797,949.0163575124985,1061128,971.85390625,999.3378845214844,1000.2750610351562,1003.1063262939454,1007.7034423828125,1014.0976318359375,-1.4538797416481095,-0.023764997549848007,0.022642699603028227,0.023705737752303557,-0.006059330427410359,Chemicals,2
2023-10-27,942.8507080078125,946.7967219570997,934.268115625834,938.9540071906125,404416,956.9577026367188,991.1400451660156,996.753243001302,998.778042602539,1004.0711328125,1011.126611328125,-1.227888764900076,0.015998708269933437,-0.004132892709423186,0.0041851948731364,-0.009102811621272577,Chemicals,2
2023-10-30,937.6715698242188,948.0298564977109,935.6985628387916,942.1108355414297,406988,944.8828979492188,982.7942321777343,992.6592529296875,995.53984375,1000.7446411132812,1007.7593444824219,-1.3067228265563668,-0.00549306283551185,0.004734350341925264,0.011046817464492209,-0.002104155707522426,Chemicals,2
2023-10-31,946.254150390625,951.7292326642691,939.1513132898516,945.021021040192,432972,941.075,974.7394348144531,989.6898803710938,991.9884338378906,997.7219921875,1003.9662373860677,-1.1760833916624578,0.009153077519472185,-0.0013031692911719128,0.005786058926541049,-0.007506267843413128,Chemicals,2
2023-11-01,937.5235595703125,947.0433422514603,936.1918039548291,945.5635870291925,363571,938.4607666015625,965.3725769042969,985.3196695963542,988.3013763427734,993.9752490234375,1000.0169372558594,-1.3089757592004834,-0.009226475589785692,0.008575813777485175,0.010154179683240061,-0.0014205036256302872,Chemicals,2
2023-11-02,946.1061401367188,947.4872690782184,940.384432057379,943.0973165978015,230632,942.0812255859375,956.9675659179687,980.2523315429687,985.7266021728516,990.9013061523438,996.76640625,-1.1783363243065743,0.009154522549107815,-0.0031802177485946714,0.0014598033803059351,-0.006047638670343081,Chemicals,2
2023-11-03,945.6622314453125,951.9265647999972,943.9358503195277,950.9400612995488,280436,942.6435302734375,949.8006164550782,974.974540201823,983.2258148193359,987.5511401367188,993.8331990559896,-1.1850932641501453,-0.0004691954449657225,0.005581094051064994,0.0066242820601079,-0.0018255790158249185,Chemicals,2
2023-11-06,960.213134765625,965.6882772293088,951.9758548214169,951.9758548214169,400869,947.1518432617188,946.0173706054687,970.9134358723958,981.2824005126953,985.8622436523438,991.8125081380208,-0.9636072236459553,0.015386998482611998,-0.008578595361766972,0.005702007466311443,-0.008578595361766972,Chemicals,2
2023-11-07,950.6934204101562,962.7780880997967,948.0298489587321,962.7780880997967,547913,948.039697265625,944.5573486328125,965.839522298177,979.2773345947265,983.1986865234375,989.4416097005209,-1.1085112060935816,-0.009914168022490531,0.012711424556222095,0.012711424556222095,-0.0028017144057597143,Chemicals,2
2023-11-08,945.5142822265625,955.5272565252778,941.272329260972,947.2406633344164,910691,949.637841796875,944.0493041992188,960.1276652018229,976.3992126464843,980.5686694335938,986.5856811523438,-1.1873452677498724,-0.0054477480041455655,0.00182586465408896,0.010589976785053024,-0.004486397556683341,Chemicals,2
2023-11-09,946.1554565429688,950.8907213808482,942.5054418632442,948.0298372255788,462572,949.647705078125,945.8644653320313,954.5276123046875,972.6011749267578,978.5108227539063,984.0257059733073,-1.1775856564399987,0.0006781222964674508,0.001981049382158151,0.005004742936410178,-0.003857732526387214,Chemicals,2
2023-11-10,950.9400634765625,954.2448261260723,939.7432125940023,945.0703555931775,436075,950.703271484375,946.6734008789062,950.1015014648438,968.9067230224609,976.7213061523438,981.4098286946614,-1.1047569377163136,0.005056893030111127,-0.006172531906927792,0.003475258616644883,-0.011774507471717377,Chemicals,2
2023-11-13,933.87353515625,950.0028428268525,932.4430930806391,941.0256853229112,1293837,945.4353515625,946.2935974121094,945.8233642578125,964.5439147949219,974.1129907226563,979.1244283040364,-1.36453447177098,-0.01794700736229222,0.007658585340963198,0.017271404599664475,-0.001531729963170636,Chemicals,2
2023-11-15,936.734375,942.6533959280752,935.303932900103,942.1108310519471,463515,942.6435424804688,945.3416198730469,943.9194132486979,960.04052734375,971.950576171875,976.4394958496093,-1.3209883031544736,0.0030634124815105096,0.005739573773992257,0.006318782662454447,-0.0015270519990226994,Chemicals,2
2023-11-16,941.3216552734375,944.6757310591825,935.5012605170455,938.6580837711666,510001,941.8050170898438,945.7214294433594,943.3012084960938,955.5470031738281,969.4803735351562,974.1080607096354,-1.2511631849414808,0.004897098255241781,-0.0028296082293964853,0.003563155874461099,-0.00618321561369084,Chemicals,2
2023-11-17,950.3974609375,956.020482511028,938.7073587667495,938.7073587667495,824095,942.65341796875,946.1505615234375,944.7941162109375,951.5590637207031,966.6116235351562,972.5345886230468,-1.1130161423374252,0.009641556223867108,-0.012300224538919768,0.0059164947347201124,-0.012300224538919768,Chemicals,2
2023-11-20,942.8013916015625,954.836746147371,940.1378201527648,950.6934194727295,390897,941.02568359375,945.8644775390625,944.7908284505208,947.8325469970703,963.3305151367188,970.7720357259115,-1.2286394327666517,-0.007992518549496664,0.008370827558666027,0.012765524799834838,-0.0028251670739189993,Chemicals,2
2023-11-21,948.3258056640625,957.8949016881907,944.083852642223,944.083852642223,385963,943.9161376953125,944.6757446289063,945.5011108398437,945.3465576171875,960.418359375,969.0801818847656,-1.1445497669999416,0.005859573513267229,-0.004473096689453837,0.010090515271202083,-0.004473096689453837,Chemicals,2
2023-11-22,947.4873046875,954.4421423647782,938.214147643532,950.9893800926575,456965,946.0667236328125,944.3551330566406,945.583321126302,944.4562408447266,957.2457666015625,967.6366007486979,-1.1573129788205074,-0.0008841908250881585,0.0036961713237018134,0.0073402964270556925,-0.009787104268406566,Chemicals,2
2023-11-23,952.6171264648438,958.2895215755843,947.0433576192971,947.4872962354601,722824,948.3258178710937,945.0654174804688,946.5895589192709,944.5573608398438,954.1027661132813,965.9546142578125,-1.0792295850307925,0.005414132465907463,-0.0053849863569221945,0.005954538243282181,-0.005851006338958964,Chemicals,2
2023-11-24,947.6351928710938,955.823219700141,945.0703079778403,953.9488390548763,410255,947.7733642578125,945.2133911132812,946.6914957682292,945.5389282226563,950.801923828125,963.471913655599,-1.1550619042651697,-0.005229733389570608,0.0066625281873016196,0.008640484113131786,-0.0027066163356411765,Chemicals,2
2023-11-28,955.4779052734375,958.8320410908667,945.6621838952534,947.635190796943,542859,950.3086669921875,945.6671752929688,947.3458740234375,946.1702880859375,948.3277709960937,961.1602071126302,-1.0356843454586753,0.008276088162768971,-0.008208158904783991,0.003510427398600413,-0.010273101370538829,Chemicals,2
2023-11-29,959.4239501953125,960.8543922877117,953.9981810396837,956.859065224482,458992,952.5282958984375,948.222216796875,947.29326171875,947.2579071044922,946.7829052734374,959.103348795573,-0.9756197675999455,0.004129917500023955,-0.002673359332241332,0.001490938486690796,-0.005655236305623035,Chemicals,2
2023-11-30,957.352294921875,959.8185535721908,949.016328641529,958.585424247033,810025,954.5012939453125,950.2840087890625,947.7371866861979,947.8128143310547,946.4652514648437,956.7883544921875,-1.0071533922624618,-0.002159269917137015,0.0012880622229651806,0.002576124445930361,-0.008707313205977396,Chemicals,2
2023-12-01,956.8590698242188,967.463982315745,953.011682138084,957.2043219603154,603363,955.3496826171875,951.8377502441406,948.493505859375,948.77958984375,946.7158251953125,954.3105855305989,-1.0146609999726084,-0.0005151970703705263,0.0003608181674654709,0.011083045378327716,-0.0040208509355944555,Chemicals,2
2023-12-04,959.9171752929688,965.7868828952337,957.8948552515545,965.7868828952337,599063,957.8060791015625,952.7897216796875,949.4109537760417,949.4701416015625,947.9923583984375,951.9692830403645,-0.9681121598897989,0.003195983154877545,0.006114806311777299,0.006114806311777299,-0.0021067651391871722,Chemicals,2
2023-12-05,969.9302368164062,971.8045573078273,960.3611409861809,961.840896211121,1291543,960.6965454101562,955.5026062011718,950.6769653320313,950.6835418701172,949.0755395507813,950.3892333984375,-0.8156987116432475,0.010431172377326712,-0.008340126225816813,0.0019324281482069328,-0.009865756800853998,Chemicals,2
2023-12-06,998.242919921875,1015.9999829963604,981.5709866173834,981.5709866173834,4017068,968.4603393554687,960.4943176269531,954.9682576497396,952.5850311279297,951.4983935546875,950.395810953776,-0.38473824554446856,0.02919043249790751,-0.01670127878873051,0.01778831857467633,-0.01670127878873051,Chemicals,2
2023-12-07,1004.5071411132812,1011.4126652849415,994.494106979817,1006.0362094232989,796187,977.89130859375,966.1963012695312,959.4864420572917,955.2757171630859,953.8285131835937,951.7029276529948,-0.2893876327347332,0.006275247303428412,0.0015222075059844187,0.006874539651362754,-0.009968106470967353,Chemicals,2
2023-12-08,983.39599609375,1013.3857267674847,976.6384711606813,1010.8208417358634,1179751,983.1986938476563,969.2741882324219,962.2913981119792,957.1698028564454,955.6634106445313,952.7963033040364,-0.6107301513368915,-0.021016421044188955,0.02788789638258704,0.030496087835276908,-0.006871621360988844,Chemicals,2
2023-12-11,1004.3098754882812,1012.3498428812851,986.0102476173028,991.3867037311319,1163115,992.0772338867188,974.9416564941406,965.8855590820312,960.077523803711,957.9915600585938,955.3398376464844,-0.2923903042010361,0.021266996690657125,-0.012867713514084778,0.008005464836333465,-0.01822109721074039,Chemicals,2
2023-12-12,992.1759033203125,1011.1660958521703,987.884637144425,1010.2782186102785,942123,996.5263671875,978.6114562988281,969.1771931966146,962.1393157958985,959.8521069335937,956.9840108235677,-0.4770871159322903,-0.012081900680374555,0.018245066453828063,0.019139945314441853,-0.004325106225142927,Chemicals,2
2023-12-13,993.162353515625,1001.3010070209679,987.687271381582,998.1441839220715,592127,995.51025390625,981.9852966308594,972.1662963867187,965.1037567138671,961.1700756835937,958.8337036132813,-0.4620719005119972,0.0009942291402274019,0.005016128922740171,0.008194685870374974,-0.005512776551247711,Chemicals,2
2023-12-14,994.7901611328125,1005.5430132386466,992.6198413738474,997.355046167974,1124981,993.5668579101563,985.7290832519532,975.3198201497396,968.0065460205078,962.9339453125,960.4515706380208,-0.4372942866486624,0.0016390146197400044,0.0025783176546909647,0.010809166119605917,-0.0021816859914393083,Chemicals,2
2023-12-15,1016.0985717773438,1030.7974975313016,998.5881352248701,1010.9194285716826,2655928,1000.107373046875,991.6530334472657,979.5519165039062,971.7453918457031,965.7573168945313,963.0707377115885,-0.11294909658020129,0.02142000542131056,-0.0050970873786406745,0.01446604312044908,-0.017233009708737868,Chemicals,2
2023-12-18,1020.2418823242188,1028.775161774052,1013.1391052181933,1020.735134079437,896701,1003.2937744140625,997.6855041503907,984.3923624674479,975.2376129150391,968.7207739257813,965.5419291178385,-0.04988184725516866,0.004077665948912403,0.00048346550339073424,0.008363976815374041,-0.0069618560353987835,Chemicals,2
2023-12-19,1019.3047485351562,1026.9501507138618,1007.3187068414016,1025.963647206932,608182,1008.7195434570312,1002.6229553222656,988.6474853515625,979.0627807617187,971.455361328125,967.9966796875,-0.06414639480888604,-0.0009185407943924143,0.0065327849020080375,0.007500604887491047,-0.011759036452032356,Chemicals,2
2023-12-20,975.25732421875,1035.7300362063895,971.7059357462656,1019.5513549175284,1651350,1005.1385375976563,1000.3243957519531,989.7030436197916,980.4093566894531,973.110712890625,968.4981526692708,-0.7346126463872296,-0.0432132042744889,0.04541778830962495,0.06200692933640095,-0.003641488645398594,Chemicals,2
2023-12-21,996.0232543945312,998.3415134687203,966.7734023708952,975.2573081438783,813289,1005.38515625,999.4760070800781,992.2811075846354,982.8361541748047,975.4822680664063,970.0091471354167,-0.41852480285110133,0.02129277028748923,-0.0208488568505123,0.0023275150092738617,-0.029366635662956164,Chemicals,2
2023-12-22,1008.255859375,1026.9501121719945,998.8347632796778,1002.2875254243482,1179769,1003.8166137695313,1001.9619934082032,995.7075602213541,985.6180908203125,978.1596362304688,972.1005330403646,-0.2323266553866957,0.012281445163551709,-0.0059194636908447285,0.01854117942699851,-0.009343953727342758,Chemicals,2
2023-12-26,1079.4814453125,1087.126847369774,1006.9241255725223,1013.1390855251885,7243281,1015.6645263671875,1009.479150390625,1003.6785115559895,992.2104034423828,983.3229956054688,976.5447326660156,0.8518309851816278,0.07064237244468034,-0.061457619374000405,0.007082476582134012,-0.06721497627870121,Chemicals,2
2023-12-27,1075.1407470703125,1087.965291755373,1062.6122015855588,1085.1537810435893,1984857,1026.8317260742188,1017.775634765625,1010.6925455729166,998.1935455322266,988.6165698242188,980.684755452474,0.7857592063015136,-0.0040210957409563515,0.009313230849599563,0.011928247273677028,-0.011652935226288519,Chemicals,2
2023-12-28,1071.9346923828125,1080.2213459707077,1064.4866631186076,1079.9253467479004,1387134,1046.1671997070312,1025.6528686523438,1015.6053304036458,1003.8190826416015,993.5609252929687,985.2867940266927,0.7369583626189771,-0.0029819860294908246,0.0074544227571602395,0.00773055825768143,-0.006948211786716785,Chemicals,2
2023-12-29,1089.198486328125,1107.843426495284,1068.9259117300821,1077.2618181058326,2522155,1064.80224609375,1035.093701171875,1021.2514200846355,1010.4113922119141,999.2293725585937,990.3689310709635,0.9997385681399463,0.01610526655027525,-0.01095913038084817,0.017118037163285305,-0.018612378599960455,Chemicals,2
2024-01-01,1102.762939453125,1119.5828726947632,1091.3195226672296,1097.978421449606,1851611,1083.703662109375,1043.7601379394532,1029.2092163085938,1017.7065856933593,1005.235205078125,995.7503072102865,1.2062093932238431,0.012453609966653643,-0.0043386641247589175,0.015252537639666608,-0.010377041498665474,Chemicals,2
2024-01-02,1107.2021484375,1124.120707077903,1086.1403233811068,1102.8122561533487,1578917,1089.247802734375,1052.4561645507813,1036.068701171875,1025.070834350586,1011.6178833007813,1000.9771301269532,1.27378064974833,0.004025533344978445,-0.003964851667192293,0.01528046045094733,-0.019022565198338892,Chemicals,2
2024-01-03,1097.6331787109375,1114.3051124824472,1082.1943743541433,1107.1529618770985,1404894,1093.7462890625,1060.2890075683595,1043.0991861979167,1031.4559814453125,1017.3040942382812,1006.1381896972656,1.1281269284785174,-0.008642477563890543,0.008673009663703102,0.015188984894834556,-0.014065540889466877,Chemicals,2
2024-01-04,1116.278076171875,1122.5916021916632,1097.9783881994351,1101.9737755169856,867201,1102.6149658203126,1074.3910827636719,1051.3069010416666,1037.3577392578125,1023.5782592773437,1011.7365987141927,1.4119295504411642,0.016986455787382542,-0.01281428074261215,0.005655872093663028,-0.01639348506708671,Chemicals,2
2024-01-05,1089.7904052734375,1125.6005317081158,1079.4814915176212,1124.564654828837,1608206,1102.733349609375,1083.7677978515626,1057.6402506510417,1041.6219024658203,1028.8757836914062,1016.4800354003906,1.0087484406276337,-0.02372855963388029,0.03190911700738863,0.03285964554412946,-0.009459538004676915,Chemicals,2
2024-01-08,1084.2166748046875,1095.8080904481687,1067.5447422626978,1094.0323360528191,1206551,1099.0240966796875,1091.3638793945313,1062.1814575195312,1046.6629364013672,1033.970087890625,1020.8666870117188,0.9239081069943477,-0.0051144976518227876,0.009053228451683548,0.010691050887563058,-0.015376937958450965,Chemicals,2
2024-01-09,1089.247802734375,1102.9108513612252,1082.3915315388797,1087.1267962433544,920494,1095.4332275390625,1092.3405151367188,1066.7818522135417,1050.9098327636718,1039.1433129882812,1025.5871073404949,1.000489236006522,0.00464033439680663,-0.0019472212711342252,0.012543563175019923,-0.006294500827345062,Chemicals,2
2024-01-10,1082.53955078125,1093.5884618178961,1073.3157674889492,1090.1356996982165,389257,1092.414501953125,1093.0803955078125,1070.9975056966146,1055.4280151367188,1043.647685546875,1029.8224955240885,0.8983798252644372,-0.006158609580193829,0.007016971261220473,0.010206473314228859,-0.008520504664835782,Chemicals,2
2024-01-11,1089.9383544921875,1098.9648854907855,1081.2078227090672,1081.2078227090672,572512,1087.1465576171875,1094.88076171875,1078.6429077148437,1060.2668151855469,1047.3155029296875,1034.1729756673178,1.0110004442273608,0.006834672881556994,-0.00801011520251338,0.008281689474817666,-0.00801011520251338,Chemicals,2
2024-01-12,1097.1890869140625,1109.668379618294,1081.8982834670303,1095.0188274971458,1080170,1088.6262939453125,1095.6798217773437,1085.387296549479,1065.3867614746093,1051.0227807617186,1038.8342020670573,1.1213672015017786,0.006652424324725396,-0.001978017684281519,0.011373876073932365,-0.013936342996300533,Chemicals,2
2024-01-15,1097.1890869140625,1109.8163792200803,1092.2073167543451,1103.7987322706438,575875,1091.2207763671875,1095.1224365234375,1091.3161783854166,1069.4412872314454,1055.5745043945312,1043.5118693033853,1.1213672015017786,0.0,0.006024162503449171,0.011508765860525516,-0.004540484606649686,Chemicals,2
2024-01-16,1087.5706787109375,1102.6148563016861,1074.7461338794797,1097.1890873345308,603729,1090.8853515625,1093.1592895507813,1091.8554606119792,1072.8077270507813,1058.9049365234375,1047.7669860839844,0.9749609542766114,-0.008766408924260803,0.008843938892315162,0.013832827498236666,-0.01179191852308703,Chemicals,2
2024-01-17,1069.0245361328125,1090.036988316575,1065.3744009486918,1083.1314638535675,612371,1088.1823486328126,1090.2984252929687,1091.4477132161458,1075.293716430664,1061.9788818359375,1051.0701293945312,0.6926615261358947,-0.017052815914554764,0.013196074780272848,0.019655724890819348,-0.003414454075418183,Chemicals,2
2024-01-18,1051.859375,1077.7550923212193,1033.8556858147713,1065.4237983587338,785453,1080.566552734375,1083.8565551757813,1090.1093587239584,1079.1238189697265,1064.3267626953125,1052.8573445638021,0.43138265634807693,-0.01605684486429781,0.01289566236811246,0.024618991793669442,-0.01711606096131313,Chemicals,2
2024-01-19,1060.7379150390625,1082.0463670901408,1055.7067711471514,1060.4419158125056,998025,1073.276318359375,1080.9513061523437,1088.2119873046875,1082.359552001953,1066.9646728515625,1054.7317036946615,0.5665270274858295,0.008440805159018998,-0.0002790502935364758,0.020088328840676573,-0.004743060298477042,Chemicals,2
2024-01-23,990.4002075195312,1053.5857450766525,986.5528197591312,1045.7430903680918,1148896,1051.9185424804687,1071.5696594238282,1080.7211385091146,1081.4667694091797,1065.93673828125,1054.965177408854,-0.5041158043509629,-0.06631016627414606,0.05587931265399004,0.06379798497353928,-0.003884679881111741,Chemicals,2
2024-01-24,1004.112548828125,1009.1930658640019,985.0730435965278,995.3327039322934,808345,1035.2269165039063,1063.056134033203,1073.8484985351563,1077.698324584961,1065.2915649414062,1054.9585998535156,-0.29539390471172833,0.013845252862917372,-0.00874388524083114,0.0050597087366413,-0.01896152503403903,Chemicals,2
2024-01-25,992.0772705078125,1012.1525926816079,987.5886314062387,1008.2065786750519,713684,1019.8374633789062,1054.0099060058594,1066.8114379882813,1073.545150756836,1064.2024658203125,1054.9553120930989,-0.4785884516654418,-0.01198598537022426,0.016258116828927305,0.02023564370497022,-0.0045244853752935965,Chemicals,2
2024-01-29,999.4760131835938,1004.2605309212051,992.8171147712969,996.5165027781285,626512,1009.360791015625,1044.963671875,1059.0246337890626,1069.922216796875,1065.1712133789063,1055.1657674153646,-0.3659687617469075,0.0074578290378470935,-0.002961061962896361,0.004787026076165102,-0.006662389416516867,Chemicals,2
2024-01-30,992.1759033203125,1014.0269801103592,989.4630186729042,999.4760533651694,709805,995.648388671875,1034.462353515625,1052.517000325521,1065.0710876464843,1065.0173193359376,1055.0786254882812,-0.4770871159322903,-0.007303937029992828,0.0073577175382177895,0.022023389922011027,-0.0027342779020631536,Chemicals,2
2024-01-31,1014.1749267578125,1018.663445231809,993.4089808266323,996.467117457629,941821,1000.4033325195312,1026.1609375,1047.847550455729,1060.6416870117187,1065.25408203125,1055.0145039876302,-0.1422297885986011,0.02217250324653155,-0.017460310675193935,0.004425783319595311,-0.020475704322099886,Chemicals,2
2024-02-01,1001.202392578125,1021.9682183013864,998.3415084397384,1021.0310881770052,722085,999.8213012695312,1017.5241088867188,1041.9778564453125,1055.34169921875,1062.122919921875,1054.3798543294272,-0.3396907411948106,-0.012791219579011909,0.019804882355325626,0.020740887034627287,-0.002857448363681736,Chemicals,2
2024-02-02,983.8399047851562,1010.1302465107958,981.077707094038,1009.1930561661145,2230529,998.173828125,1009.0056457519531,1035.397880045573,1049.652035522461,1058.4708862304688,1053.1976928710938,-0.6039732114933206,-0.017341636338143222,0.025769590415723798,0.026722174611712557,-0.0028075682615470443,Chemicals,2
2024-02-05,966.0335083007812,989.4136522263669,962.8273720720578,985.5169515368706,2154399,991.4853271484375,1000.4230590820313,1027.137556966146,1042.1398071289063,1054.2348388671876,1052.8902323404948,-0.8750126216354015,-0.01809887604453636,0.0201684962981874,0.024202208023519356,-0.003318866479448457,Chemicals,2
2024-02-06,978.5621337890625,988.8711071421471,922.6273747302581,922.6273747302581,5059499,988.7625732421875,992.2054809570312,1019.2290934244792,1036.5783935546874,1049.809384765625,1052.308194986979,-0.6843086088827628,0.012969141733311776,-0.057160150722592395,0.010534817358165638,-0.057160150722592395,Chemicals,2
2024-02-07,973.728271484375,982.5081767536627,968.9930667079236,981.4723601168445,967740,980.6732421875,990.5382873535157,1010.9983723958334,1031.053973388672,1044.647998046875,1051.157275390625,-0.7578870664286342,-0.004939760223472412,0.007953028436428422,0.009016791980275274,-0.00486296322610924,Chemicals,2
2024-02-08,957.9442138671875,976.6384672780721,954.9353902274484,973.7282699040048,1013560,972.0216064453125,985.9214538574219,1002.3566080729166,1024.4887939453124,1038.6776806640626,1047.1060343424479,-0.9981435197747746,-0.0162099202410195,0.016477009629921602,0.019514970851399083,-0.003140917389742981,Chemicals,2
2024-02-09,944.1331176757812,966.8720102257406,937.2769066349755,957.9441660181383,1277795,964.0802490234375,981.1270385742188,994.0305135091146,1017.568472290039,1032.5376782226563,1042.7391133626302,-1.2083686132359392,-0.014417432655761168,0.014628285020184872,0.024084413653380654,-0.007261911389872644,Chemicals,2
2024-02-12,933.2816162109375,960.2625228337582,931.3086092276847,948.0298554530322,1054918,957.5298706054688,974.5075988769531,986.1253295898438,1009.7356353759766,1025.2178198242189,1038.117344156901,-1.3735443442586674,-0.011493613836529136,0.015802560541127386,0.0289097161608749,-0.0021140531957150044,Chemicals,2
2024-02-13,945.3662719726562,948.7204078861305,924.5017595166732,940.976319448413,917512,950.8906982421875,969.8266357421875,978.43388671875,1002.1444946289063,1019.4408544921876,1033.3229370117188,-1.189598200393989,0.012948562954429194,-0.0046436525761416325,0.0035479750155200662,-0.02207029494763535,Chemicals,2
2024-02-14,953.15966796875,956.9083691251057,934.9586668436277,945.0703274452075,464013,946.7769775390625,963.7251098632812,975.9511840820312,994.9430236816406,1014.19857421875,1028.336161295573,-1.0709713094540703,0.008243784686576132,-0.008486868250291657,0.003932920456385158,-0.019095437770578205,Chemicals,2
2024-02-15,952.4691162109375,965.6882870145284,948.9177277441132,954.9846880592208,654078,945.6819580078125,958.8517822265625,972.5082885742188,988.1879455566407,1008.7274267578125,1023.1783935546875,-1.081482517674909,-0.0007244869679432766,0.0026411059481810106,0.013878844551074465,-0.003728612724948177,Chemicals,2
2024-02-16,959.0293579101562,967.7105762723064,957.1056641305328,963.8138755825855,655961,948.6612060546875,956.3707275390625,970.3050944010416,982.6881866455078,1003.7870190429687,1018.5582661946614,-0.9816260395769406,0.006887616183626361,0.004988916796932363,0.009052088229152488,-0.002005875799063639,Chemicals,2
2024-02-19,964.2578125,971.3112760644763,958.8813566370712,965.2443159533303,515992,954.8564453125,956.1931579589843,967.9572143554688,978.3081085205079,998.7597973632812,1013.4909240722657,-0.9020413100540742,0.005451819119737064,0.0010230702209947928,0.007314914614162227,-0.005575745193071802,Chemicals,2
2024-02-20,970.0781860351562,978.5621522042259,960.9530287222897,970.6208111255777,877382,959.798828125,955.3447631835937,966.484033203125,973.7751220703125,993.675361328125,1009.5005167643229,-0.8134467080435203,0.006036117581527244,0.000559362222790849,0.008745651939401577,-0.00940662046031815,Chemicals,2
2024-02-21,964.30712890625,983.5439463115409,960.90367993842,973.7282248752806,771887,962.0283203125,954.4026489257812,963.1595133463542,972.4704681396485,988.3600830078125,1005.5035319010417,-0.9012906421874984,-0.005949063912562923,0.009769808483855558,0.01994884910485939,-0.0035294242527172948,Chemicals,2
2024-02-22,967.3159790039062,970.374175930542,955.9711889401348,965.2936589043824,415917,964.9976928710937,955.3398254394531,960.9004191080729,970.6306396484375,983.5498950195313,1001.4391377766927,-0.8554915409268754,0.0031202196970886134,-0.002090650980051345,0.003161528386810053,-0.011728111920009665,Chemicals,2
2024-02-23,963.3206787109375,974.4188432122155,961.8409234441004,971.8045848229117,396790,965.85595703125,957.2585815429687,959.532470703125,969.1928100585938,979.3217407226563,997.465175374349,-0.9163058576077915,-0.004130294939491138,0.008806938644073226,0.011520737327188835,-0.001536098310291889,Chemicals,2
2024-02-26,954.639404296875,971.1633371482385,952.9623363831148,968.4997657806656,447272,963.932275390625,959.3943603515625,958.7728637695312,966.9509796142578,975.4329418945313,992.9552103678385,-1.048447557279241,-0.009011821925881734,0.014518949690746519,0.01730908317526869,-0.0017567553845060369,Chemicals,2
2024-02-27,948.8190307617188,961.8408886815322,945.8102072035066,958.8813782548198,427306,959.6804443359375,959.7396362304687,956.789990234375,964.7831359863281,970.9561865234375,988.0095418294271,-1.137042159289795,-0.006096934097794922,0.010605128235068095,0.013724279865423128,-0.003171124799000502,Chemicals,2
2024-02-28,931.35791015625,952.4691086849907,927.806521717487,948.0298430308401,733055,953.0906005859375,957.5594604492187,953.9652994791667,960.64228515625,968.5944946289062,982.4818359375,-1.4028259653214565,-0.018403004197176397,0.01790067244051552,0.02266711679637634,-0.003813129625073075,Chemicals,2
2024-02-29,926.5241088867188,934.3174504910046,920.4077750807731,932.344443470467,867903,944.9322265625,954.9649597167969,951.8706258138021,956.9083709716797,965.49095703125,977.1136169433594,-1.4764034938229387,-0.005190057674734629,0.006281903004922151,0.00841137486821597,-0.006601375773475304,Chemicals,2
2024-03-01,954.9353637695312,958.1908131946486,932.2457838452551,933.2322873202237,871124,943.2551635742187,954.5555603027344,952.5907755533855,955.4631439208985,964.0052807617187,973.31064453125,-1.0439426210353975,0.030664344953689915,-0.022727272727272707,0.0034090782985214396,-0.023760330578512456,Chemicals,2
2024-03-04,989.4630126953125,995.5793464511618,956.2178326292727,968.6971260165185,1736389,950.2198852539062,957.0760803222656,956.3362019856771,956.634619140625,963.6047607421875,971.2307657877604,-0.5183812809490697,0.036157053383682546,-0.02098702671283026,0.0061814678036202775,-0.03359921456334114,Chemicals,2
2024-03-05,1046.9761962890625,1070.3562807030457,997.3550228486445,1006.282867341262,9469271,969.851318359375,964.7658813476562,963.1101969401042,960.055322265625,965.7967724609375,970.772041829427,0.3570535309356298,0.058125652860012623,-0.038867482462385805,0.022331056328551036,-0.04739474843487079,Chemicals,2
2024-03-06,1162.544921875,1186.6156297128564,1033.4117188973664,1048.6531487605685,18967589,1016.088720703125,984.5896606445312,977.0692138671875,969.4961547851562,971.731572265625,976.5101989746094,2.116178643148583,0.11038333631228978,-0.09796763202125747,0.02070518513730568,-0.11107803281215345,Chemicals,2
2024-03-07,1297.4986572265625,1330.7931485258566,1159.832053181405,1171.028963630654,47822207,1090.2836303710938,1017.6079284667969,1000.0711832682292,986.473876953125,983.5834228515625,986.289735921224,4.170371969589155,0.11608474890923234,-0.09747192638044089,0.02566052081353365,-0.10610153874025852,Chemicals,2
2024-03-11,1159.5362548828125,1205.5072945682036,1154.2091118206204,1203.5342875394504,14713647,1131.20380859375,1037.2294860839843,1013.438309733073,997.2440338134766,990.6112768554688,991.8717020670573,2.070382329021128,-0.106329514543505,0.03794450796287041,0.03964605633658014,-0.004594201379870211,Chemicals,2
2024-03-12,1128.2147216796875,1153.6664390451767,1090.1849646028716,1149.276546756723,7447480,1158.954150390625,1054.5870178222656,1024.368770345052,1006.990689086914,997.098525390625,996.1629923502604,1.5936227616617262,-0.027012120639807406,0.01866827712164465,0.022559284927249124,-0.03370790714394967,Chemicals,2
2024-03-13,1082.63818359375,1153.2225549508303,1066.8541280939953,1130.532975169933,3797424,1166.0865478515625,1067.9689331054688,1031.8727701822916,1013.8542846679687,1001.2615673828125,999.1784016927083,0.8998811609975886,-0.04039704252226304,0.04423896395118754,0.06519663949296506,-0.014579252550801836,Chemicals,2
2024-03-14,1119.9281005859375,1134.3310276298132,1062.9575233484675,1077.2124507824929,2785690,1157.56318359375,1086.8259521484374,1042.2475016276042,1022.1927062988282,1007.109560546875,1002.7035074869792,1.4674882630116608,0.03444356347049016,-0.03814142156188072,0.012860581885873135,-0.05086985245540632,Chemicals,2
2024-03-15,1113.5157470703125,1132.5059381056203,1097.4850663262216,1121.3584011729242,1603137,1120.7666015625,1105.5251159667969,1051.9941528320312,1030.2450378417968,1013.332421875,1006.4472859700521,1.3698828594690304,-0.005725683204368305,0.007043146110188303,0.01705426356589168,-0.01439645625692143,Chemicals,2
2024-03-18,1121.2105712890625,1127.9680959998695,1088.1627049175713,1110.8029114716123,921313,1113.10146484375,1122.15263671875,1062.520145670573,1038.3540985107422,1020.4155200195313,1011.026308186849,1.487009343720187,0.006910386529328636,-0.009282520236572833,0.006026989830320462,-0.02947516480646084,Chemicals,2
2024-03-19,1105.771728515625,1121.4571572754014,1098.5209523257874,1119.3854037159197,956762,1108.6128662109375,1133.7835083007812,1072.595633951823,1045.4297943115234,1027.3151245117188,1015.684248860677,1.2520075654400769,-0.013769797724692669,0.012311469762904315,0.014185051358504452,-0.006557208873092524,Chemicals,2
2024-03-20,1017.381103515625,1116.7219573860643,1006.7761307230461,1110.8029364105198,9017251,1095.5614501953125,1130.8239990234374,1077.1664388020833,1047.794940185547,1030.1957177734375,1016.9782145182292,-0.09342708682728586,-0.07993568900396336,0.09182579917404565,0.09764369863678479,-0.010423795720141404,Chemicals,2
2024-03-21,1020.9324951171875,1040.7611913609276,1016.59185563738,1034.6941707580097,1736489,1075.7623291015625,1116.6627563476563,1083.138077799479,1050.6262084960938,1032.906630859375,1018.551688639323,-0.03936970998994056,0.003490719052369305,0.013479515743342718,0.01942214234395978,-0.004251642004312162,Chemicals,2
2024-03-22,1032.2772216796875,1050.4781619429425,1006.2335068301161,1010.2288939234077,2872800,1059.5146240234376,1090.1406127929688,1090.1882853190104,1053.8742706298829,1036.098955078125,1021.0294555664062,0.1333136287429341,0.011112122120471636,-0.02135892112431148,0.017631833659604634,-0.025229380541008095,Chemicals,2
2024-03-26,1072.378662109375,1081.2078201357108,1031.9812721234414,1036.8151632870731,2028039,1049.7482421875,1081.424853515625,1098.0178385416666,1059.3271697998048,1040.6329272460937,1025.304307047526,0.7437162315069372,0.03884754946392768,-0.033163191397661995,0.008233246649060222,-0.03767082599953242,Chemicals,2
2024-03-27,1095.3148193359375,1127.3761811867182,1055.7559349910553,1077.3603844458303,7031720,1047.6568603515625,1078.13486328125,1105.0746256510417,1066.3609405517577,1045.8752075195312,1030.7054138183594,1.0928381063943438,0.021388114140062194,-0.016392031380523586,0.029271366811433053,-0.03611645131293473,Chemicals,2
2024-03-28,1066.3116455078125,1109.1751739423053,1060.6885033659785,1096.991879935849,2523895,1057.44296875,1076.5022094726562,1106.3636555989583,1072.2355712890626,1049.7245458984376,1034.7369262695313,0.6513673611191154,-0.026479303772872272,0.02877229612682841,0.04019793708065511,-0.005273450932964496,Chemicals,2
2024-04-01,1072.5264892578125,1110.5068716078279,1068.8764747075736,1081.6023931379793,2104600,1067.761767578125,1071.7620483398437,1100.3624267578125,1079.2940002441405,1054.0533203125,1038.7158203125,0.7459663770178857,0.005828355880930371,0.008462172236368026,0.035412069287256154,-0.00340319291578961,Chemicals,2
2024-04-02,1079.0867919921875,1090.086329720531,1072.3292673359433,1081.1091722662134,1280532,1077.123681640625,1068.3191528320312,1085.8016357421875,1086.922134399414,1058.5241528320312,1042.9364095052083,0.8458237841602433,0.0061166813128454515,0.0018741590472923786,0.010193376297412016,-0.00626226241150496,Chemicals,2
2024-04-03,1077.0645751953125,1097.6824021166944,1072.4279364669876,1072.4279364669876,1747357,1078.0608642578125,1063.9045532226562,1080.3035237630208,1093.0285949707031,1063.0739086914064,1046.870916748047,0.8150426854530815,-0.0018740075514608288,-0.004304884623546501,0.01914260982693916,-0.004304884623546501,Chemicals,2
2024-04-04,1078.8895263671875,1091.911323788647,1072.3292543146522,1087.1268061221222,1138261,1074.7758056640625,1061.2163330078124,1077.0151774088542,1097.4999206542968,1068.0439135742188,1050.6919738769532,0.8428211126939404,0.0016943748907014859,0.007634961276036245,0.012069630025333788,-0.006080578124272762,Chemicals,2
2024-04-05,1117.2645263671875,1144.3439978012148,1073.4143759219103,1080.1719004450588,8082508,1084.9663818359375,1071.2046752929687,1079.3236002604167,1101.014337158203,1074.7817333984376,1055.5981852213542,1.4269447658614574,0.035568980013380457,-0.033199502039804596,0.024237296356375726,-0.03924777831070769,Chemicals,2
2024-04-08,1122.1971435546875,1132.358057703781,1105.9690881626057,1124.614029044481,1945676,1094.9005126953125,1081.3311401367187,1079.4748697916666,1098.9969482421875,1082.415302734375,1060.8611857096355,1.5020264172292588,0.004414905397147552,0.002153708467068194,0.009054482278316733,-0.014460966582643064,Chemicals,2
2024-04-09,1122.591552734375,1147.3035123254601,1114.9955243386512,1126.5869398759035,2377893,1103.60146484375,1090.3625732421874,1080.079923502604,1090.2515930175782,1090.2580004882811,1066.0370381673176,1.5080299020730858,0.00035146157870101497,0.003559074653462835,0.022013313329226847,-0.006766511272262465,Chemicals,2
2024-04-10,1152.7786865234375,1172.7553819379898,1124.7619636846437,1124.7619636846437,5057112,1118.744287109375,1098.4025756835938,1082.184464518229,1089.9137145996094,1098.1717333984375,1072.3523050944011,1.9675222504124676,0.026890576287995023,-0.024303644026666515,0.01732916790368333,-0.024303644026666515,Chemicals,2
2024-04-12,1132.9498291015625,1165.4551897492147,1130.5329438392569,1154.2090264327492,2492408,1129.55634765625,1102.1660766601562,1083.996337890625,1090.1504699707032,1103.9112060546875,1078.295985921224,1.6656980253856675,-0.01720092299908414,0.01876446492608186,0.028690909175942192,-0.002133267687786544,Chemicals,2
2024-04-15,1087.2747802734375,1114.6502504764421,1060.9844397596894,1105.8703458583093,2859502,1123.5583984375,1104.2623901367188,1088.655916341146,1090.3822998046876,1105.5231494140626,1082.9111775716146,0.9704569470771571,-0.04031515575967353,0.01710291264200503,0.025178060504742028,-0.024180033410814872,Chemicals,2
2024-04-16,1091.2701416015625,1114.3543479683792,1074.4009555567786,1076.1767100553,1695444,1117.372998046875,1106.1367553710938,1093.3450927734375,1088.9494018554688,1102.672158203125,1088.2415852864583,1.0312721928024626,0.0036746564903493953,-0.013831068010448089,0.021153521467139225,-0.015458304412165447,Chemicals,2
2024-04-18,1090.1357421875,1140.3486740611454,1082.095714568034,1106.758302098426,2704435,1110.8818359375,1107.241650390625,1097.2023274739583,1087.7804016113282,1094.3776416015626,1093.6953063964843,1.0140049737824424,-0.0010395220860690282,0.01524815604850338,0.04606117378821706,-0.0073752536572487815,Chemicals,2
2024-04-19,1088.853271484375,1108.3367162062925,1065.9170644066746,1075.2888479437995,2126463,1098.0967529296875,1108.4205200195313,1098.300634765625,1086.1625366210938,1091.550322265625,1098.1592366536458,0.9944838930739163,-0.0011764321207848435,-0.01245753114382786,0.017893544733861955,-0.02106455266138174,Chemicals,2
2024-04-22,1100.345947265625,1107.8433492310742,1082.9835110238528,1103.897335520545,1853764,1091.5759765625,1110.566162109375,1098.6360432942708,1085.8912475585937,1090.4355712890624,1101.8553344726563,1.169419235406518,0.01055484341391807,0.0032275197302678027,0.006813677084084535,-0.01577907046862681,Chemicals,2
2024-04-23,1099.852783203125,1114.7489620629476,1095.0188919379398,1104.7359273899478,1354218,1094.0915771484374,1108.8249877929688,1100.872119140625,1090.0148315429688,1091.1241552734375,1103.6178873697916,1.1619125567407609,-0.00044819001126465685,0.004439816183945622,0.013543793394276138,-0.0043950348073924506,Chemicals,2
2024-04-24,1111.6414794921875,1129.4479163905596,1100.9873136142326,1108.8299685142326,2258338,1098.1658447265625,1107.7694213867187,1103.47978515625,1094.5502807617188,1090.7926904296876,1101.9211059570312,1.3413537643615956,0.010718431111052903,-0.0025291526358293126,0.01601814724159656,-0.009584174461375716,Chemicals,2
2024-04-25,1097.7811279296875,1125.797730607632,1093.588488112126,1118.6455803306153,2113748,1099.694921875,1105.28837890625,1104.72607421875,1097.8254760742188,1090.1633056640626,1095.2638549804688,1.1303789320782445,-0.012468364862411927,0.019006022120526156,0.025521118887132932,-0.003819194656286773,Chemicals,2
2024-04-26,1106.85693359375,1117.2152204054562,1101.085912168929,1107.1529328146294,1171198,1103.295654296875,1100.6962036132813,1106.7122314453125,1099.5493896484375,1089.58916015625,1093.5078776041667,1.2685259746822999,0.008267409079238428,0.00026742319797223857,0.009358288770053402,-0.005213881983901492,Chemicals,2
2024-04-29,1084.6605224609375,1120.667897694975,1081.1091341936435,1119.6813942639055,2083202,1100.1585693359375,1095.8672729492187,1107.0969645182292,1099.0166748046875,1088.7447119140625,1092.0560709635417,0.9306641177935292,-0.020053550245870577,0.03228740336516611,0.03319690768531158,-0.0032741933478286356,Chemicals,2
2024-04-30,1057.6796875,1070.2576063626095,1035.8286122149098,1051.6126672581845,5927320,1091.7239501953125,1092.907763671875,1103.1246419270833,1098.5850769042968,1090.3566552734376,1091.22412109375,0.5199763293142414,-0.024874911921494013,-0.0057361603078111,0.011891992454104328,-0.02065944495609895,Chemicals,2
2024-05-02,1085.7950439453125,1095.9559572043534,1050.724798205627,1057.5316960802527,3008089,1086.5546630859376,1092.36025390625,1100.6978352864583,1099.2485046386719,1092.9511572265626,1090.0863525390625,0.9479331949023282,0.026582108721183606,-0.026030094742708454,0.00935803982132799,-0.03229913963528086,Chemicals,2
2024-05-03,1076.0780029296875,1094.4269428702012,1067.791349930583,1089.0011739380566,1026369,1082.2140380859375,1090.9544799804687,1097.5969319661458,1099.0980651855468,1094.7031884765624,1088.838427734375,0.8000256119440097,-0.00894924053099142,0.012009511367377712,0.017051682025427173,-0.007700792114088029,Chemicals,2
2024-05-06,1067.8406982421875,1088.6066457248605,1054.0296488174952,1081.2078692473467,798202,1074.410791015625,1088.85322265625,1091.9343994140625,1098.6368713378906,1094.521669921875,1087.059431966146,0.6746417811605201,-0.007654932695467651,0.012517944883692289,0.01944667169630887,-0.012933623383550752,Chemicals,2
2024-05-07,1049.19580078125,1073.2171358957014,1046.1869170656482,1067.840619796667,700537,1067.3178466796876,1083.7382080078125,1086.3507975260416,1097.1521850585937,1092.6769091796875,1085.1735677083334,0.3908391591978733,-0.01746037352915052,0.017770581050299272,0.022894997384248716,-0.0028677999982094082,Chemicals,2
2024-05-08,1065.4237060546875,1069.4683460394128,1041.0571194649572,1049.195772775097,634335,1068.866650390625,1080.2953002929687,1084.8940592447916,1094.5601440429687,1092.6413916015624,1086.7749877929687,0.6378516233431951,0.015466994112399145,-0.015231436270254584,0.0037962736906829164,-0.022870325159143445,Chemicals,2
2024-05-09,1030.2056884765625,1069.369830597788,1027.9366821797926,1065.4238164627407,623050,1057.748779296875,1072.1517211914063,1080.823095703125,1089.9605712890625,1090.9485595703125,1087.0840942382813,0.10178186216919645,-0.03305541014150973,0.03418553050144557,0.03801584728108054,-0.0022024789050867355,Chemicals,2
2024-05-10,1044.3619384765625,1048.5545782877994,1028.9231348518026,1030.8961418217966,684671,1051.40556640625,1066.8098022460938,1077.7715087890624,1086.049090576172,1089.5595654296876,1087.4869181315105,0.31726070165200193,0.013741187957264962,-0.012893802578068603,0.004014546735926494,-0.014783001042034227,Chemicals,2
2024-05-13,1048.6531982421875,1050.62620520031,1018.2688429179835,1042.7341773678195,598289,1047.56806640625,1060.9894287109375,1075.09150390625,1080.8428161621093,1088.4231103515624,1086.6960693359374,0.3825799545767617,0.004108977556080577,-0.005644402634054635,0.0018814675446847673,-0.02897464612241296,Chemicals,2
2024-05-14,1051.3660888671875,1053.9309738429672,1033.8556520129605,1047.9133266705794,567464,1048.0021240234375,1057.6599853515625,1071.8261800130208,1076.7636291503907,1087.3221728515625,1085.231111653646,0.42387411959354104,0.002587023650476156,-0.003284072249589376,0.0024395736203963736,-0.01665493783720373,Chemicals,2
2024-05-15,1057.9755859375,1086.6335595770763,1051.4646871957214,1051.4646871957214,962430,1046.5125,1057.6895751953125,1069.0343668619792,1075.2986694335937,1084.950615234375,1084.953243001302,0.5244803365136957,0.006286580041243309,-0.006154110575254168,0.027087556670016832,-0.006154110575254168,Chemicals,2
2024-05-16,1068.38330078125,1070.9975591659656,1056.939884155686,1065.4237902527702,533612,1054.1480224609375,1055.9484008789063,1066.15048828125,1074.1543273925781,1082.7980615234376,1084.81513671875,0.6829009857816317,0.00983738659198591,-0.0027700831024929373,0.002446929283529631,-0.010710965453312515,Chemicals,2
2024-05-17,1069.8135986328125,1090.332918186941,1064.2399505803971,1068.3832168255663,695850,1059.2383544921875,1055.3219604492188,1064.285986328125,1073.1382202148438,1080.686943359375,1084.5060302734375,0.7046722120011063,0.0013387497263543915,-0.0013370383486190907,0.019180275498789312,-0.0052099244761314445,Chemicals,2
2024-05-21,1072.773193359375,1079.580091660262,1060.7872720558123,1064.4372868722633,572520,1064.062353515625,1055.8152099609374,1062.0137369791667,1072.3342163085938,1077.4867236328125,1084.3629842122396,0.7497215744395429,0.002766458316051289,-0.007770427653032597,0.006345142051481956,-0.011172838189616674,Chemicals,2
2024-05-22,1071.78662109375,1080.0732741274605,1061.9215866304717,1069.5177354208663,496537,1068.1464599609376,1058.0742919921875,1061.1554768880208,1070.90625,1075.0401953125,1084.126220703125,0.7347045009304712,-0.000919646642675291,-0.0021169191966291523,0.007731625745854176,-0.00920428961243347,Chemicals,2
2024-05-23,1074.154296875,1080.0733177922589,1062.4642546479715,1066.4596419362367,927993,1071.3822021484375,1058.9473510742187,1062.2537841796875,1069.6213256835938,1074.5153759765626,1082.6892130533854,0.7707439908812205,0.00220909249532692,-0.0071634540411457115,0.005510401005217602,-0.010883019563425744,Chemicals,2
2024-05-24,1069.616455078125,1103.3055747964565,1065.4731884108783,1075.1408507753854,3184058,1071.6288330078125,1062.888427734375,1061.1752115885417,1067.5200744628905,1073.649228515625,1080.9365234375,0.7016713986235821,-0.004224571656117549,0.00516483798564682,0.031496448617996275,-0.003873600342979122,Chemicals,2
2024-05-27,1090.234375,1101.9244174750472,1071.7374342411306,1077.8537078162801,2360517,1075.71298828125,1067.4756713867187,1062.1189697265625,1067.1427368164063,1073.653173828125,1079.8579508463542,1.0155063095155938,0.019275993580679406,-0.01135596846661513,0.010722504025840518,-0.01696602233704969,Chemicals,2
2024-05-28,1081.6024169921875,1113.7624056847087,1075.7326491549697,1093.9337102349323,1614143,1077.4788330078125,1070.7705932617187,1063.0364176432292,1065.8800109863282,1073.3631396484375,1077.4854085286458,0.8841152777107198,-0.007917525080616267,0.011400948305049674,0.029733650912092457,-0.005426918195635011,Chemicals,2
2024-05-29,1057.8277587890625,1086.5842396816151,1055.8053784304739,1081.6024692246392,913212,1074.687060546875,1071.4167602539062,1063.6118815104167,1064.5383728027343,1071.662412109375,1074.981339518229,0.5222301910027473,-0.021980958834429756,0.022475029831692694,0.027184464251033935,-0.0019118238690424283,Chemicals,2
2024-05-30,1029.4656982421875,1064.3878231799786,1023.004052633586,1058.1729238506277,1061955,1065.7493408203125,1068.565771484375,1061.2146809895833,1063.1276733398438,1068.8469287109374,1073.0543701171875,0.0905181279930033,-0.026811605491750545,0.027885558166200086,0.033922572648530824,-0.006276698310234918,Chemicals,2
2024-05-31,1016.24658203125,1041.698299512106,1013.1390719907325,1034.2995234264872,1306729,1055.0753662109375,1063.352099609375,1060.284073893229,1059.6502502441406,1065.0311328125,1070.553584798177,-0.1106961639360848,-0.012840754416110356,0.017764331722674553,0.025044824682198374,-0.003057830742521417,Chemicals,2
2024-06-03,1046.5322265625,1053.5857507574665,1019.6993792067075,1053.5857507574665,1408614,1046.3349365234376,1061.0239624023438,1060.428759765625,1058.1729614257813,1062.9811767578126,1069.1001342773438,0.35029566204766965,0.029801472464208202,0.0067399015681866015,0.0067399015681866015,-0.025639771690480373,Chemicals,2
2024-06-04,983.49462890625,1053.585687156549,947.0926274283629,1053.585687156549,1950548,1026.71337890625,1052.0961059570313,1056.084855143229,1053.9556579589844,1058.0466845703124,1065.5881795247396,-0.60922881560374,-0.060234741039276854,0.07126735234766635,0.07126735234766635,-0.03701291334795598,Chemicals,2
2024-06-05,1029.021728515625,1032.8691160697829,978.1181743870007,1002.2875090037244,833436,1020.9521728515625,1047.8196166992188,1054.5952311197916,1052.946954345703,1055.8211328125,1063.2107055664062,0.08376025910504314,0.04629115225571282,-0.025980228377164627,0.003738878827862724,-0.04946790987791205,Chemicals,2
2024-06-06,1048.9984130859375,1052.5991747410706,1030.8960989732134,1032.8197325198873,857357,1024.8587158203125,1045.3040283203125,1053.9967529296875,1052.1256896972657,1055.4738818359374,1061.5155598958333,0.38783462964279175,0.019413277695437086,-0.015422979066723075,0.003432571117567562,-0.017256760245681235,Chemicals,2
2024-06-07,1041.8956298828125,1047.2720254495327,1004.2111865178116,1015.0134112036452,2477378,1029.988525390625,1042.5319458007812,1052.230908203125,1052.710186767578,1053.7179052734375,1059.1906982421874,0.27971987596810116,-0.006771014249897741,-0.0258012586943962,0.005160205506692606,-0.036169115489273596,Chemicals,2
2024-06-10,1071.3427734375,1082.884815921441,1045.6936830973757,1050.5768271276306,2458143,1034.950634765625,1040.6427856445312,1052.332853190104,1054.059228515625,1053.52849609375,1058.3094197591147,0.7279484901312897,0.02826304546262429,-0.019383102051680368,0.010773435701542322,-0.023941068139963106,Chemicals,2
2024-06-11,1096.4000244140625,1105.8210606750058,1058.9128910574661,1066.5089199106071,3432029,1057.5317138671876,1042.1225463867188,1053.9079752604166,1056.4465698242188,1054.670869140625,1057.9608561197917,1.109356515636567,0.02338864049660227,-0.027262954977978704,0.008592699791281078,-0.03419110956024485,Chemicals,2
2024-06-12,1123.5999755859375,1135.0,1097.0,1110.9000244140625,3594685,1076.44736328125,1048.6997680664062,1057.362198893229,1060.0582641601563,1057.6470361328124,1059.258837890625,1.5233795734735365,0.024808418976833918,-0.011302911576917984,0.010145981365047296,-0.02367388409034632,Chemicals,2
2024-06-13,1116.300048828125,1130.0,1106.050048828125,1123.5999755859375,1081926,1089.9076904296876,1057.383203125,1060.1719156901042,1062.9744873046875,1059.68208984375,1061.2128499348958,1.4122640064213217,-0.006496908967985441,0.006539394820842093,0.012272642275933832,-0.009182119100290542,Chemicals,2
2024-06-14,1105.8499755859375,1123.0,1100.699951171875,1116.300048828125,1024057,1102.6985595703125,1066.3435424804688,1062.5874837239583,1064.8478210449218,1062.707861328125,1061.88134765625,1.253198600347193,-0.009361348011368295,0.009449810980599382,0.01550845484711938,-0.004657073317141158,Chemicals,2
2024-06-18,1121.0999755859375,1124.4000244140625,1101.25,1106.0,1365786,1112.65,1073.8003173828124,1064.6451904296875,1067.4121398925781,1065.7773828125,1063.382080078125,1.4853259152867275,0.013790297361013865,-0.013468892975441848,0.00294358121486904,-0.01770580324521287,Chemicals,2
2024-06-19,1106.8499755859375,1139.0,1104.199951171875,1127.0,1620864,1114.739990234375,1086.1358520507813,1066.3283610026042,1069.1159790039062,1068.10525390625,1064.6823893229166,1.2684200636219167,-0.012710730809312797,0.018204837926111495,0.02904641561476584,-0.0023942037968240903,Chemicals,2
2024-06-20,1154.0,1161.300048828125,1105.300048828125,1113.0,6000213,1120.8199951171875,1098.6336791992187,1072.73984375,1073.2266479492187,1072.2106103515625,1068.1758626302083,1.9861124286428886,0.042598387725583595,-0.03552859618717508,0.006325865535636854,-0.04220099754928508,Chemicals,2
2024-06-21,1126.300048828125,1162.0,1120.449951171875,1162.0,2066048,1122.8199951171875,1106.3638427734375,1079.195467122396,1075.833935546875,1074.9435888671876,1070.2050740559896,1.5644786391685572,-0.02400342389243934,0.03169666130177262,0.03169666130177262,-0.005194084526886744,Chemicals,2
2024-06-24,1103.449951171875,1125.300048828125,1092.4000244140625,1125.0,1640665,1122.339990234375,1112.5192749023438,1085.0090250651042,1077.5256103515626,1076.3462548828124,1072.6465494791667,1.2166667168701009,-0.020287753409959194,0.019529702099527535,0.01980162093717519,-0.01001398092054595,Chemicals,2
2024-06-25,1097.050048828125,1122.0,1095.0,1106.9000244140625,1007056,1117.5300048828126,1115.0900024414063,1088.3768798828125,1077.8663940429688,1077.435712890625,1074.4028198242188,1.119250838382893,-0.005799902693324005,0.008978601839049416,0.02274276474307313,-0.0018686921625087338,Chemicals,2
2024-06-26,1092.449951171875,1111.0,1089.5,1100.050048828125,1154125,1114.65,1114.6949951171875,1095.6405680338542,1078.4087707519532,1078.222783203125,1075.8627115885417,1.0492306208481417,-0.004193152045491316,0.006956929832892866,0.016980227614296073,-0.002700307843586436,Chemicals,2
2024-06-27,1091.6500244140625,1099.199951171875,1074.0,1092.3499755859375,1657793,1102.1800048828125,1111.5,1099.8157877604167,1080.0998840332031,1079.0173193359376,1077.2055094401042,1.03705456508163,-0.0007322319498064106,0.0006411864207584994,0.006916068876437587,-0.016168207776604993,Chemicals,2
2024-06-28,1103.0999755859375,1106.9000244140625,1087.550048828125,1095.0,1052712,1097.539990234375,1110.1799926757812,1103.42255859375,1083.7815979003906,1080.175146484375,1078.7096557617188,1.2113395763417034,0.010488664787985236,-0.007342920646548845,0.003444881617467699,-0.014096570666274233,Chemicals,2
2024-07-01,1107.3499755859375,1117.300048828125,1103.5999755859375,1107.949951171875,1136445,1098.3199951171875,1110.3299926757813,1107.786181640625,1088.336767578125,1081.6844873046875,1080.008544921875,1.2760307952592786,0.00385277861849513,0.0005418120731162102,0.008985481971878428,-0.003386463252519345,Chemicals,2
2024-07-02,1095.300048828125,1116.050048828125,1090.3499755859375,1108.949951171875,863073,1097.9699951171874,1107.75,1109.3833333333334,1090.7751586914062,1081.8871142578125,1080.8580932617188,1.0926132776521267,-0.010881769109568512,0.012462249370256195,0.01894458054868231,-0.004519376446192713,Chemicals,2
2024-07-03,1103.449951171875,1112.8499755859375,1095.0,1098.5,878761,1100.1699951171875,1107.4099975585937,1109.8533284505208,1096.7729248046876,1082.761015625,1081.8806518554688,1.2166667168701009,0.007440794285063422,-0.004485886438816866,0.008518759191642244,-0.00765775662312651,Chemicals,2
2024-07-04,1103.6500244140625,1120.0,1100.5,1107.0,1102773,1102.5699951171875,1102.375,1108.523331705729,1100.5043395996095,1084.59390625,1082.942765299479,1.219712124378313,0.0001813161004493409,0.0030353604057735684,0.014814456779102425,-0.00285418778089086,Chemicals,2
2024-07-05,1101.75,1110.0,1089.0,1103.6500244140625,1658503,1102.3,1099.9199951171875,1107.553328450521,1103.1419189453125,1087.4852783203125,1083.8626220703125,1.1907909725385823,-0.001721582360378454,0.001724551317506151,0.0074880871341047595,-0.011572498298161982,Chemicals,2
2024-07-08,1079.949951171875,1111.1500244140625,1078.6500244140625,1101.75,1111230,1096.8199951171875,1097.5699951171875,1105.82666015625,1105.0446350097657,1090.0334130859376,1084.2070719401042,0.8589623299140972,-0.01978674729124121,0.020186165853768756,0.028890295525576537,-0.0012036916677499176,Chemicals,2
2024-07-09,1082.75,1096.4000244140625,1079.0,1085.0,816669,1094.3099853515625,1096.139990234375,1103.2699951171876,1105.6149963378907,1091.4821240234376,1083.9575927734375,0.9015831703188346,0.0025927579561317742,0.002078042022627624,0.012606810818806213,-0.0034634033710460033,Chemicals,2
2024-07-10,1063.6500244140625,1089.8499755859375,1043.25,1082.75,2550443,1086.35,1093.2599975585938,1100.389998372396,1103.9774963378907,1094.68833984375,1083.3591796875,0.6108535933893702,-0.017640245288328332,0.01795701137360406,0.02463211636394025,-0.019179263804652624,Chemicals,2
2024-07-11,1059.0,1073.6500244140625,1053.6500244140625,1072.0,1366004,1077.4199951171875,1089.9949951171875,1094.0566650390624,1100.7474975585938,1095.887470703125,1083.3982543945312,0.54007341754415,-0.004371761676613583,0.01227573182247399,0.013833828530748438,-0.0050519127345962644,Chemicals,2
2024-07-12,1065.699951171875,1074.0,1061.4000244140625,1065.0,617639,1070.2099853515624,1086.2549926757813,1090.0166585286458,1098.2174926757812,1096.5555322265625,1084.606062825521,0.6420564782492864,0.006326677216123702,-0.0006567994782258335,0.007788354329000491,-0.004034838092170423,Chemicals,2
2024-07-15,1066.449951171875,1070.449951171875,1058.0999755859375,1066.949951171875,1152257,1067.5099853515626,1082.164990234375,1087.5499918619792,1096.247491455078,1097.537705078125,1086.2795084635416,0.653472575705329,0.000703762817268855,0.0004688452556544931,0.003750762045236611,-0.00782969287659685,Chemicals,2
2024-07-16,1065.9000244140625,1077.949951171875,1064.4000244140625,1071.449951171875,603025,1064.139990234375,1079.2249877929687,1085.4733235677083,1093.4874938964845,1097.3199951171875,1086.9251017252604,0.6451018857574983,-0.0005156611027157999,0.005206798602770846,0.011304931496212811,-0.0014072614369481373,Chemicals,2
2024-07-18,1060.550048828125,1068.9000244140625,1047.1500244140625,1065.949951171875,1395138,1063.5199951171876,1074.9349975585938,1083.3466634114584,1091.1724975585937,1095.88599609375,1089.4936157226562,0.5636674288554829,-0.0050192095538026124,0.005091605388842124,0.007873249918911362,-0.012634976000302056,Chemicals,2
2024-07-19,1044.199951171875,1061.75,1038.050048828125,1059.949951171875,1851329,1060.5599853515625,1068.989990234375,1080.1833251953126,1085.6824951171875,1092.7099951171874,1089.9995564778646,0.3147950178427297,-0.015416620530371341,0.015083318077466101,0.016807172619026645,-0.0058895830600721455,Chemicals,2
2024-07-22,1067.0999755859375,1070.0,1032.4000244140625,1039.949951171875,984913,1060.839990234375,1065.5249877929687,1077.7833251953125,1082.7224914550782,1090.7419921875,1090.6029418945313,0.6633668984516551,0.021930689029780622,-0.025442812328015152,0.0027176688973964414,-0.03251799453263171,Chemicals,2
2024-07-23,1044.8499755859375,1069.9000244140625,1019.2000122070312,1069.0,794063,1056.5199951171876,1062.014990234375,1073.6166585286458,1079.7924926757812,1088.3019921875,1090.7014200846354,0.32468934058905574,-0.02085090479716549,0.023113389461027145,0.02397478050767754,-0.02454894384672024,Chemicals,2
2024-07-24,1051.5,1057.6500244140625,1043.0999755859375,1046.0999755859375,426005,1053.639990234375,1058.889990234375,1070.6966552734375,1077.514990234375,1085.5179931640625,1090.0399943033854,0.42591244298372316,0.006364573450205861,-0.005135543903055151,0.005848810664824011,-0.007988610950130814,Chemicals,2
2024-07-25,1047.699951171875,1052.0,1041.449951171875,1048.5,425920,1051.069970703125,1057.2949829101562,1066.9799886067708,1075.277490234375,1083.1519921875,1088.416658528646,0.36807013930426213,-0.0036139313629339038,0.000763624000583496,0.004104275105974109,-0.005965448402483253,Chemicals,2
2024-07-26,1070.699951171875,1075.949951171875,1048.050048828125,1048.050048828125,873682,1056.369970703125,1058.4649780273437,1064.7833170572917,1074.2299865722657,1079.819990234375,1086.6533243815104,0.7181637946229041,0.021952850121138217,-0.021154294738651824,0.004903334490913069,-0.021154294738651824,Chemicals,2
2024-07-29,1098.5999755859375,1105.949951171875,1076.050048828125,1079.0,1876689,1062.669970703125,1061.75498046875,1064.5733154296875,1074.0049865722656,1078.7119873046875,1086.063321940104,1.1428429916054474,0.02605774323938848,-0.017840866577012116,0.006690311077075517,-0.020526057945509657,Chemicals,2
2024-07-30,1111.5,1121.0,1094.050048828125,1098.0,1426606,1075.9999755859376,1066.2599853515626,1066.676652018229,1074.2124877929687,1079.0339892578124,1086.2516560872396,1.3392002394671372,0.011742239851391114,-0.012145748987854255,0.008547008547008517,-0.01569946124325239,Chemicals,2
2024-07-31,1119.6500244140625,1129.0,1106.050048828125,1121.0,1377588,1089.62998046875,1071.6349853515626,1069.1366536458333,1075.4299865722655,1079.93798828125,1086.2033243815104,1.46325553677389,0.007332455613191633,0.0012057121033368645,0.008350801931014562,-0.012146630901968325,Chemicals,2
2024-08-01,1103.75,1133.0,1095.199951171875,1129.949951171875,872250,1100.839990234375,1075.95498046875,1071.8099853515625,1075.4449890136718,1080.389990234375,1086.099991861979,1.2212338990880294,-0.01420088783759312,0.02373721510475657,0.026500566251415725,-0.007746363604190232,Chemicals,2
2024-08-02,1087.0,1100.199951171875,1078.5999755859375,1095.949951171875,944709,1104.1,1080.2349853515625,1073.676652018229,1074.6124877929688,1080.2039892578125,1083.8666585286458,0.9662743892364097,-0.015175537938844847,0.008233625733095717,0.012143469339351398,-0.007727713352403409,Chemicals,2
2024-08-05,1053.25,1083.5,1045.0999755859375,1050.0,1034008,1095.0300048828126,1078.8499877929687,1072.8466552734376,1072.1874877929688,1078.209990234375,1081.4316569010416,0.4525500037144894,-0.031048758049678014,-0.0030856871587942036,0.02872062663185382,-0.007737977131794471,Chemicals,2
2024-08-06,1032.8499755859375,1078.4000244140625,1027.1500244140625,1066.0,1715631,1079.3,1077.6499877929687,1070.6066569010416,1069.8324890136719,1075.229990234375,1079.0783243815104,0.14203178129237296,-0.019368644114941845,0.032095682042550644,0.04410132149374779,-0.005518663219836406,Chemicals,2
2024-08-07,1053.050048828125,1056.800048828125,1034.300048828125,1045.9000244140625,538673,1065.9800048828124,1077.8049926757812,1069.7499918619792,1068.3474914550782,1073.539990234375,1077.6116577148437,0.44950645429505615,0.019557606351036573,-0.006789823923392224,0.0035610843038023088,-0.0178054215190111,Chemicals,2
2024-08-08,1029.9000244140625,1051.1500244140625,1027.3499755859375,1048.199951171875,711931,1051.210009765625,1076.025,1067.7066569010417,1066.6599914550782,1070.5979931640625,1075.52666015625,0.09712920786744988,-0.02198378361961499,0.017768643872228207,0.020633070682845922,-0.0024760158924899134,Chemicals,2
2024-08-09,1041.699951171875,1055.75,1035.8499755859375,1035.8499755859375,488798,1042.15,1073.125,1067.539990234375,1065.794989013672,1068.119990234375,1073.8616577148437,0.2767413596559208,0.011457351663357608,-0.005615797120232635,0.013487615903523098,-0.005615797120232635,Chemicals,2
2024-08-12,1048.3499755859375,1056.0,1030.5999755859375,1041.699951171875,506098,1041.1699951171875,1068.1,1066.289990234375,1064.927490234375,1065.9839892578125,1072.0366577148438,0.3779644620505882,0.0063838194545189925,-0.0063433248141639975,0.007297204742897856,-0.016931368735024988,Chemicals,2
2024-08-13,1027.75,1050.0,1025.050048828125,1049.0,662395,1040.15,1059.725,1065.149991861979,1062.9924926757812,1063.8959912109376,1069.3833251953124,0.0644026902090385,-0.01964990324383218,0.020676234492824186,0.021649233763074704,-0.0026270505199464944,Chemicals,2
2024-08-14,1019.75,1034.9000244140625,1011.0999755859375,1034.9000244140625,917164,1033.489990234375,1049.7349975585937,1063.0333251953125,1060.684991455078,1061.3759912109374,1066.864990234375,-0.05736901598875003,-0.0077839941620043785,0.014856606436933095,0.014856606436933095,-0.00848249513514343,Chemicals,2
2024-08-16,1042.3499755859375,1044.9000244140625,1022.0499877929688,1022.0499877929688,461190,1035.97998046875,1043.5949951171874,1062.67666015625,1059.7749877929687,1060.5239892578124,1064.8283243815104,0.2866356824022468,0.022162270738845306,-0.019475212997973612,0.0024464420663430353,-0.019475212997973612,Chemicals,2
2024-08-19,1052.949951171875,1055.0,1041.1500244140625,1045.0,387913,1038.22998046875,1040.189990234375,1061.4933268229167,1060.2124877929687,1060.2819873046874,1063.138321940104,0.4479828214965609,0.010169305736280103,-0.007550170037072701,0.0019469575223811653,-0.01120654096111584,Chemicals,2
2024-08-20,1059.6500244140625,1064.0,1048.5,1052.0,547522,1040.489990234375,1040.8299926757813,1058.8966634114583,1059.839990234375,1060.039990234375,1061.734989420573,0.5499677402904759,0.006363145023873822,-0.007219387758040763,0.004105105917723062,-0.010522365080138596,Chemicals,2
2024-08-21,1062.300048828125,1067.949951171875,1051.699951171875,1053.949951171875,376197,1047.4,1043.775,1055.6166666666666,1060.7124938964844,1059.873994140625,1061.146659342448,0.5903049895862491,0.002500848726472536,-0.007860394683650296,0.005318556042600786,-0.009978440336083416,Chemicals,2
2024-08-22,1085.449951171875,1093.050048828125,1062.300048828125,1062.300048828125,967795,1060.539990234375,1047.014990234375,1053.3366617838542,1062.4099914550782,1060.6559912109376,1061.2366577148437,0.9426803779250768,0.021792244450414725,-0.02132747098911092,0.00700179464566264,-0.02132747098911092,Chemicals,2
2024-08-23,1072.300048828125,1091.9000244140625,1068.0999755859375,1091.9000244140625,614605,1066.5300048828126,1051.2549926757813,1051.2399983723958,1063.6399963378906,1061.1259912109374,1061.524991861979,0.7425196223334848,-0.012114701676989421,0.01827844324669914,0.01827844324669914,-0.003916882449812031,Chemicals,2
2024-08-26,1073.1500244140625,1083.0,1071.0,1079.949951171875,317928,1070.57001953125,1054.4,1050.3166666666666,1063.7625,1062.283994140625,1061.9966593424479,0.755457494499244,0.00079266580922607,0.0063364176518798665,0.00917856344579171,-0.002003470498205928,Chemicals,2
2024-08-27,1086.800048828125,1097.75,1072.75,1073.4000244140625,1126815,1076.0000244140624,1058.2450073242187,1052.5533365885417,1063.1725036621094,1063.0719970703126,1062.6999959309896,0.9632308398169764,0.012719586361203674,-0.0123297973978852,0.010075405483908506,-0.012927905959587371,Chemicals,2
2024-08-28,1075.6500244140625,1106.0,1072.449951171875,1089.0,1009628,1078.67001953125,1063.035009765625,1055.4066731770833,1061.3800048828125,1064.3039990234374,1063.0066650390625,0.793511152686053,-0.01025949936797054,0.012411077286229366,0.028215474268659113,-0.002975013405434268,Chemicals,2
2024-08-29,1073.300048828125,1076.550048828125,1057.550048828125,1075.6500244140625,663496,1076.2400390625,1068.3900146484375,1056.7566731770833,1059.0625061035157,1065.1760009765626,1063.2533325195313,0.7577410856082083,-0.002184702768186706,0.0021894861446278835,0.0030280442114472006,-0.014674368101628699,Chemicals,2
2024-08-30,1082.6500244140625,1096.0,1073.300048828125,1073.300048828125,784070,1078.3100341796876,1072.42001953125,1060.27333984375,1058.0075073242188,1066.57400390625,1063.9899983723958,0.9000613956091179,0.00871142752312944,-0.008636193945497528,0.012330832018558002,-0.008636193945497528,Chemicals,2
2024-09-02,1084.1500244140625,1097.0,1077.25,1083.0,524425,1080.5100341796874,1075.5400268554688,1063.1033447265625,1057.865008544922,1067.1120068359376,1065.3216674804687,0.9228935905212033,0.0013854892773976614,-0.0010607613228473811,0.011852580636044774,-0.006364455341678066,Chemicals,2
2024-09-03,1108.300048828125,1112.5,1082.0,1082.0,1756062,1084.8100341796876,1080.405029296875,1067.1000162760417,1060.6175109863282,1067.500009765625,1066.6950032552083,1.2904923002235331,0.022275537398170123,-0.023730080004899068,0.0037895434330403877,-0.023730080004899068,Chemicals,2
2024-09-04,1081.4000244140625,1106.9000244140625,1076.300048828125,1106.9000244140625,1108263,1085.9600341796875,1082.3150268554687,1070.6766845703125,1063.0450134277344,1066.2960107421875,1067.9133382161458,0.8810345665157135,-0.0242714276179141,0.02358054320723424,0.02358054320723424,-0.004716086065099545,Chemicals,2
2024-09-05,1081.25,1088.25,1071.300048828125,1083.300048828125,1278880,1087.5500244140626,1081.8950317382812,1074.7766845703125,1064.455010986328,1064.760009765625,1068.9050048828126,0.8787509754067492,-0.00013873165403689358,0.001895998916185082,0.006473988439306355,-0.00920226697976878,Chemicals,2
2024-09-06,1056.6500244140625,1085.5,1053.300048828125,1082.0,1014325,1082.3500244140625,1080.330029296875,1075.7300211588542,1065.7925109863281,1062.8760107421874,1069.2033406575522,0.5043033504663053,-0.022751422507225432,0.02399089102372809,0.027303246031660677,-0.0031703738310091545,Chemicals,2
2024-09-09,1052.050048828125,1057.0,1039.0,1057.0,431616,1075.930029296875,1078.2200317382812,1075.670027669271,1066.3100158691407,1061.4780126953126,1068.5816772460937,0.4342849910203326,-0.00435335776241362,0.004705052936776921,0.004705052936776921,-0.01240439924190051,Chemicals,2
2024-09-10,1062.8499755859375,1068.0,1055.0,1060.0,452578,1066.8400146484375,1075.8250244140625,1075.8833577473958,1067.0350158691406,1061.86201171875,1067.390010579427,0.5986756795340799,0.010265601688667286,-0.0026814467247519014,0.004845485752797085,-0.00738577952322006,Chemicals,2
2024-09-11,1030.199951171875,1065.8499755859375,1028.25,1063.699951171875,755783,1056.6,1071.2800170898438,1073.7433512369792,1067.1575134277343,1061.7560107421875,1064.6800089518229,0.10169453199659977,-0.03071931614437202,0.032517959219366066,0.034604956419877375,-0.0018927890354264454,Chemicals,2
2024-09-12,1043.6500244140625,1045.5,1025.0,1032.0999755859375,622430,1049.0800048828125,1068.3150146484375,1070.956689453125,1068.3525146484376,1061.380009765625,1062.1466756184896,0.30642432789489893,0.013055789050356436,-0.011066975095036846,0.0017726014877219587,-0.017869998541448995,Chemicals,2
2024-09-13,1053.699951171875,1066.050048828125,1041.5,1045.0,507348,1048.489990234375,1065.4200073242187,1069.7166829427083,1068.9200134277344,1062.3320068359376,1060.478340657552,0.45939891895260354,0.009629594713471924,-0.008256573574098924,0.01172069680986021,-0.011578202275046912,Chemicals,2
2024-09-16,1041.75,1060.199951171875,1040.0,1053.699951171875,697399,1046.42998046875,1061.1800048828125,1067.6233479817708,1068.3600158691406,1062.3340087890624,1058.9700073242188,0.2775031760551684,-0.011340943082122034,0.011471035442164546,0.01771053628209751,-0.0016798656107511745,Chemicals,2
2024-09-17,1030.8499755859375,1049.0,1029.0,1049.0,595277,1040.02998046875,1053.4349975585938,1063.8933430989584,1066.9200134277344,1061.6340087890626,1058.22333984375,0.11158885474292582,-0.010463186382589394,0.01760685341603274,0.01760685341603274,-0.0017946118540537181,Chemicals,2
2024-09-18,1017.5999755859375,1035.800048828125,1006.0499877929688,1031.0,1193561,1037.5099853515626,1047.0549926757812,1060.02333984375,1064.685009765625,1061.2280078125,1057.7150065104167,-0.09009553364716143,-0.012853470741432253,0.013168263301447825,0.017885292530306796,-0.011350224125465602,Chemicals,2
2024-09-19,1022.5,1029.0,993.0499877929688,1025.699951171875,1428078,1033.27998046875,1041.1799926757812,1056.636669921875,1061.5375122070313,1061.3380078125,1056.696671549479,-0.015509991983260227,0.004815275679660909,0.0031295365984107537,0.006356968215158965,-0.028801967928636873,Chemicals,2
2024-09-20,1025.699951171875,1030.949951171875,1015.5999755859375,1025.0,541066,1027.67998046875,1038.0849853515624,1052.839998372396,1059.2075073242188,1060.6720068359375,1056.5566691080728,0.033197947260343724,0.003129536598410758,-0.0006824131863077953,0.005118455932460408,-0.009846910467723236,Chemicals,2
2024-09-23,1034.0999755859375,1038.300048828125,1026.0999755859375,1030.0,455243,1026.1499755859375,1036.2899780273438,1049.503328450521,1057.2550048828125,1059.9180078125,1056.3033365885417,0.1610586103857774,0.008189553294280035,-0.00396477679405649,0.004061573678896702,-0.007736195908395693,Chemicals,2
2024-09-24,1049.949951171875,1056.300048828125,1031.25,1031.25,1082182,1029.969970703125,1034.9999755859376,1045.6133219401042,1055.4125,1059.5300048828126,1056.356669108073,0.4023184316723902,0.015327314534512634,-0.017810326245554342,0.006048000334837322,-0.017810326245554342,Chemicals,2
2024-09-25,1058.050048828125,1066.8499755859375,1051.0,1051.0,859249,1038.0599853515625,1037.7849853515625,1044.0566569010416,1054.5325012207031,1059.3600048828125,1057.3666707356772,0.525613770668674,0.007714746447875236,-0.006663247013629969,0.008317117670907148,-0.006663247013629969,Chemicals,2
2024-09-26,1054.449951171875,1062.0,1042.0999755859375,1060.0,481760,1044.4499755859374,1038.8649780273438,1042.2699869791666,1053.5899963378906,1058.1200048828125,1058.5233357747395,0.4708150164086462,-0.0034025778461400724,0.0052634540140639174,0.007160177512203658,-0.011712244447649844,Chemicals,2
2024-09-27,1067.199951171875,1089.800048828125,1056.1500244140625,1057.5999755859375,2285624,1052.7499755859376,1040.2149780273437,1042.9733154296875,1052.8174926757813,1057.9160009765626,1059.351668294271,0.6648886731613717,0.012091612300640863,-0.008995479783704963,0.021177004020130674,-0.01035412974455141,Chemicals,2
2024-09-30,1091.0999755859375,1101.300048828125,1074.1500244140625,1079.949951171875,2456424,1064.1499755859375,1045.1499755859375,1045.5766438802084,1053.164990234375,1058.6339990234376,1060.6233357747396,1.0286820170450206,0.022395076375161253,-0.010219067604757992,0.009348431372395494,-0.01553473700956931,Chemicals,2
2024-10-01,1132.5999755859375,1139.949951171875,1088.0,1099.0,3781132,1080.67998046875,1055.3249755859374,1050.2266438802083,1054.3799865722656,1060.46599609375,1063.055000813802,1.6603727429460486,0.03803501139087998,-0.029666233719063073,0.00648947178560122,-0.0393784006245137,Chemicals,2
2024-10-03,1133.050048828125,1140.0,1091.25,1119.5,1946547,1095.67998046875,1066.8699829101563,1057.0833170572917,1056.9624877929687,1062.7619970703124,1065.4133341471354,1.6672235162729414,0.0003973805861638482,-0.011958914650009866,0.006133843054032084,-0.03689161733972601,Chemicals,2
2024-10-04,1128.6500244140625,1163.0,1102.25,1132.5,3609598,1110.5199951171876,1077.4849853515625,1062.7499837239584,1059.3324890136719,1064.97599609375,1066.8533365885417,1.600248706246402,-0.003883345151975674,0.0034111332145996265,0.030434567707354754,-0.023390797716739575,Chemicals,2
2024-10-07,1077.6500244140625,1143.25,1071.1500244140625,1142.0,1550240,1112.610009765625,1082.6799926757812,1064.3466552734376,1060.3824890136718,1064.77599609375,1067.031669108073,0.8239540792355001,-0.04518672652886939,0.0597132409670067,0.06087317227279354,-0.006031642790092384,Chemicals,2
2024-10-08,1085.699951171875,1104.449951171875,1055.8499755859375,1077.6500244140625,1023319,1111.5300048828126,1087.839990234375,1067.2766520182292,1062.0649841308593,1064.8379931640625,1067.45,0.9464857437437576,0.007469889644543356,-0.00741450411702016,0.017269964855171738,-0.027493761562500052,Chemicals,2
2024-10-09,1105.3499755859375,1144.5999755859375,1091.199951171875,1093.0,2757842,1106.0800048828125,1093.3799926757813,1072.243318684896,1064.1899841308593,1064.719990234375,1068.0683308919272,1.2455878687098314,0.018098945655153433,-0.011172909810208131,0.03550911554432701,-0.012801397499974332,Chemicals,2
2024-10-10,1151.199951171875,1204.449951171875,1132.6500244140625,1160.0,12418567,1109.7099853515624,1102.6949829101563,1081.1499837239583,1070.2399841308593,1067.5119873046874,1070.5866617838542,1.9434915882381512,0.041480053013646455,0.00764424009848752,0.04625608257348657,-0.016113557630826336,Chemicals,2
2024-10-11,1183.0999755859375,1188.699951171875,1145.699951171875,1156.9000244140625,4347446,1120.5999755859375,1115.5599853515625,1091.8566487630208,1077.2124816894532,1071.585986328125,1074.2466593424479,2.429056638319589,0.02771023781019932,-0.02214517091752899,0.004733307160423195,-0.031611888416733236,Chemicals,2
2024-10-14,1104.5,1200.300048828125,1097.0,1194.0,6645765,1125.969970703125,1119.289990234375,1097.1099853515625,1079.7524841308593,1073.4999853515626,1074.974991861979,1.232649996544072,-0.06643561593094478,0.08103214124038027,0.08673612388241292,-0.006790402897238534,Chemicals,2
2024-10-15,1099.0,1121.75,1095.1500244140625,1107.9000244140625,2058334,1128.62998046875,1120.0799926757813,1101.4366536458333,1082.6149841308593,1075.3779833984374,1075.469991048177,1.1489319485330924,-0.004979628791308284,0.008098293370393472,0.02070063694267521,-0.003503162498578294,Chemicals,2
2024-10-16,1100.3499755859375,1109.0,1092.0,1095.0,929093,1127.62998046875,1116.8549926757812,1104.7966552734374,1086.0899841308594,1076.8779833984374,1075.204988606771,1.1694805523362135,0.0012283672301524112,-0.004862067255546276,0.007861157455341772,-0.00758847255073658,Chemicals,2
2024-10-17,1073.8499755859375,1118.0,1064.300048828125,1102.0,1406274,1112.1599853515625,1110.9349853515625,1105.8499837239583,1088.9024841308594,1078.623984375,1074.9533203125,0.7661117755560392,-0.024083246774180844,0.02621411282214048,0.041113773262389186,-0.008893166620040804,Chemicals,2
2024-10-18,1088.0999755859375,1093.449951171875,1040.0,1055.050048828125,2178864,1093.1599853515625,1106.87998046875,1108.0933186848958,1092.1824829101563,1080.401982421875,1075.1816528320312,0.98301762722085,0.013270010079596644,-0.030373979872589607,0.004916805170459337,-0.04420547437291855,Chemicals,2
2024-10-21,1189.0,1247.3499755859375,1127.199951171875,1140.0,19163502,1110.0599853515625,1118.0149780273437,1116.2133219401042,1100.3474853515625,1085.813984375,1079.5933186848958,2.5188636432582134,0.0927304720871152,-0.04121110176619003,0.04907483228421983,-0.05197649186553832,Chemicals,2
2024-10-22,1143.300048828125,1181.5,1129.300048828125,1170.0,6566552,1118.9199951171875,1123.7749877929687,1119.6933268229166,1105.8074890136718,1089.875986328125,1082.6349853515626,1.823243514838858,-0.03843561915212363,0.023353406832477885,0.033412008694506445,-0.012245254440730546,Chemicals,2
2024-10-23,1124.8499755859375,1163.4000244140625,1122.1500244140625,1142.0,2878025,1123.8199951171875,1125.7249877929687,1119.17666015625,1109.552490234375,1093.635986328125,1084.7016520182292,1.542406402566941,-0.01613756009290711,0.015246499343282593,0.03427128031722115,-0.002400276686203018,Chemicals,2
2024-10-24,1107.25,1143.949951171875,1101.0,1129.699951171875,1686540,1130.5,1121.3299926757813,1117.4566569010417,1112.0124877929688,1097.2219873046874,1087.2699869791666,1.274509020549562,-0.015646509283844385,0.02027541311526293,0.03314513540020325,-0.005644615037254441,Chemicals,2
2024-10-25,1064.75,1115.050048828125,1052.3499755859375,1110.0,1915919,1125.8300048828125,1109.4949951171875,1113.1966552734375,1112.527490234375,1098.9119873046875,1087.973319498698,0.6275968313738104,-0.03838338225333032,0.0424982390232449,0.04724118227576901,-0.01164594920315798,Chemicals,2
2024-10-28,1091.6500244140625,1105.949951171875,1065.0,1070.0,1585694,1106.360009765625,1108.2099975585938,1114.129988606771,1113.7499938964843,1101.549990234375,1089.2383219401042,1.03705456508163,0.025264169442650856,-0.019832385773712602,0.013099369246556858,-0.02441260827009717,Chemicals,2
2024-10-29,1096.199951171875,1103.5,1072.6500244140625,1097.0999755859375,1099457,1096.939990234375,1107.9299926757812,1114.829988606771,1114.0049926757813,1104.0339892578124,1091.0533203125,1.106311108128355,0.004167935378606939,0.0008210403705093405,0.00665941356804578,-0.021483240108373325,Chemicals,2
2024-10-30,1131.75,1138.5999755859375,1088.050048828125,1096.0,2265808,1098.3199951171875,1111.0699951171875,1116.589990234375,1113.9624938964844,1107.3059912109375,1094.4166544596353,1.6474348707802893,0.032430259452320524,-0.031588248288049514,0.006052551876242651,-0.03861272469350563,Chemicals,2
2024-10-31,1148.9000244140625,1158.4000244140625,1124.6500244140625,1131.0,1792719,1106.65,1118.575,1116.436661783854,1114.7549926757813,1110.939990234375,1098.7933227539063,1.9084833375595542,0.01515354487657389,-0.01558014103376093,0.008268778656215003,-0.021107145517180625,Chemicals,2
2024-11-01,1154.75,1163.8499755859375,1148.0,1154.0,287093,1124.65,1125.2400024414062,1114.5466634114584,1116.059991455078,1114.9519921875,1103.2016560872396,1.9975285260989313,0.005091805606776778,-0.0006494912318684154,0.00788047247104351,-0.0058454210868152945,Chemicals,2
2024-11-04,1125.75,1154.75,1110.9000244140625,1154.75,658591,1131.4699951171874,1118.9150024414062,1115.963330078125,1118.464990234375,1117.293994140625,1106.5366577148438,1.556106091131948,-0.025113660965576965,0.025760604041749957,0.025760604041749957,-0.013191184175827209,Chemicals,2
2024-11-05,1129.800048828125,1141.0,1112.0,1128.0,922441,1138.1900146484375,1117.5650024414062,1118.0166666666667,1120.6699951171875,1118.8419970703126,1109.72666015625,1.6177537606300898,0.003597644972795914,-0.0015932454862186418,0.009913215337078451,-0.01575504342258438,Chemicals,2
2024-11-06,1150.550048828125,1156.0,1126.199951171875,1130.0,927428,1141.9500244140625,1120.135009765625,1121.3633382161458,1122.929998779297,1119.56,1113.0799967447917,1.9335991235806038,0.01836608169872426,-0.01786106466994286,0.004736822337651381,-0.021163875209993188,Chemicals,2
2024-11-07,1120.25,1159.199951171875,1117.0,1150.9000244140625,692065,1136.22001953125,1121.435009765625,1124.4566731770833,1121.382501220703,1119.047998046875,1115.1533284505208,1.4723880431209684,-0.02633527229779065,0.027359986087089894,0.03476898118444538,-0.0029011381388083235,Chemicals,2
2024-11-08,1101.5,1127.949951171875,1098.0,1127.0,634107,1125.57001953125,1125.110009765625,1125.350008138021,1117.3025024414062,1117.9619970703125,1116.7216634114584,1.1869856067199014,-0.016737335416201742,0.023150249659555255,0.024012665612233253,-0.0031774852473899218,Chemicals,2
2024-11-11,1096.550048828125,1104.800048828125,1080.0999755859375,1101.449951171875,876068,1119.730029296875,1125.6000122070313,1119.186678059896,1116.9050048828126,1118.717998046875,1117.7,1.1116401067455313,-0.004493827663980935,0.004468471228455506,0.007523596400197841,-0.015001662039746955,Chemicals,2
2024-11-12,1072.3499755859375,1112.449951171875,1068.0,1095.5,673271,1108.2400146484374,1123.2150146484375,1114.4566731770833,1115.5725036621093,1118.1839990234375,1117.075,0.7432795806439537,-0.022069282900538778,0.02158812415826583,0.03739448547478785,-0.004056488725670548,Chemicals,2
2024-11-13,1041.1500244140625,1080.800048828125,1034.800048828125,1076.6500244140625,848792,1086.360009765625,1114.1550170898438,1108.8766764322916,1112.6125061035157,1115.6160009765624,1114.0266682942708,0.26837066970809,-0.029094933447289154,0.034096911268842955,0.0380829116691197,-0.006099001524310754,Chemicals,2
2024-11-14,1058.550048828125,1066.949951171875,1041.050048828125,1041.1500244140625,588233,1074.02001953125,1105.12001953125,1105.6300130208333,1111.847509765625,1111.9100048828125,1111.5433349609375,0.5332245023060358,0.016712312352732135,-0.01643760201355171,0.00793529068658505,-0.016532047794408533,Chemicals,2
2024-11-18,1058.949951171875,1069.0,1047.199951171875,1058.0,470959,1065.510009765625,1095.5400146484376,1105.2433430989583,1110.3900085449218,1106.94400390625,1109.2199991861978,0.5393116011449023,0.0003777831234269127,-0.0008970689982314983,0.009490579622770001,-0.011095897390615117,Chemicals,2
2024-11-19,1068.25,1086.5,1061.0,1067.949951171875,442292,1059.85,1089.7900146484376,1103.6833414713542,1104.3525085449219,1105.49400390625,1108.9066650390625,0.6808719528353429,0.008782330853156191,-0.0002808788468289247,0.01708401591387787,-0.006786800842499385,Chemicals,2
2024-11-21,1045.0999755859375,1065.0,1042.3499755859375,1062.300048828125,543330,1054.4,1081.3200073242188,1100.2766764322917,1099.4425048828125,1103.3380029296875,1107.5533325195313,0.3284947064077366,-0.02167098002720571,0.016457825704707663,0.019041263878037507,-0.002631327207196832,Chemicals,2
2024-11-22,1069.9000244140625,1072.4000244140625,1042.199951171875,1045.0,404809,1060.15,1073.2550048828125,1096.1533447265624,1096.6950073242188,1102.1200048828125,1106.3716674804687,0.7059877388563925,0.023729833898638072,-0.023273225391035157,0.0023366669249018646,-0.025890337984951106,Chemicals,2
2024-11-25,1081.949951171875,1104.300048828125,1076.25,1090.0,1155800,1064.82998046875,1069.425,1091.6900065104167,1095.4300048828125,1102.44400390625,1104.0633341471355,0.8894052564635443,0.011262666120988004,0.007440315348603566,0.020657238009985868,-0.005268220739509499,Chemicals,2
2024-11-26,1095.300048828125,1102.0,1082.3499755859375,1085.0999755859375,692757,1072.1,1068.8050048828125,1087.7266764322917,1096.9575073242188,1102.7320068359375,1101.136669921875,1.0926132776521267,0.012338923479584544,-0.009312583572967714,0.006117000705919251,-0.011823311115564117,Chemicals,2
2024-11-27,1107.1500244140625,1115.0999755859375,1086.0,1100.0,562395,1079.8800048828125,1069.8650024414062,1086.486678059896,1097.7325073242187,1099.4580078125,1101.2250040690103,1.2729872458398452,0.010818930939166792,-0.006458044760326409,0.007180554573967823,-0.019103124190649523,Chemicals,2
2024-11-28,1103.8499755859375,1120.9000244140625,1095.0,1107.1500244140625,608222,1091.6300048828125,1073.0150024414063,1084.7566731770833,1098.115008544922,1097.8800048828125,1101.386669921875,1.222755673797746,-0.0029806699682560964,0.002989580922329038,0.015445983788761275,-0.008017371727747524,Chemicals,2
2024-11-29,1111.75,1117.5,1100.0,1100.0,334105,1100.0,1080.075,1082.1700032552083,1097.115008544922,1097.356005859375,1101.766670735677,1.343005605285818,0.007156791764088293,-0.010568922869350073,0.0051720260850012245,-0.010568922869350073,Chemicals,2
2024-12-02,1129.800048828125,1134.0,1095.449951171875,1111.75,659775,1109.57001953125,1087.2,1082.8066731770834,1096.160009765625,1098.2580078125,1103.6316731770833,1.6177537606300898,0.01623570841297504,-0.01597632151534001,0.003717428739918427,-0.030403696381390066,Chemicals,2
2024-12-03,1136.4000244140625,1139.0,1127.0,1134.0,492734,1117.7900146484376,1094.9450073242188,1085.1333414713542,1095.2425109863282,1101.1240087890626,1105.2416748046876,1.7182150466255095,0.005841720039562103,-0.0021119538564775553,0.0022879052535027533,-0.008271756610449987,Chemicals,2
2024-12-04,1125.949951171875,1145.75,1122.4000244140625,1136.0,368829,1121.55,1100.7150024414063,1087.0933349609375,1095.252508544922,1102.496005859375,1103.1400065104167,1.5591496405513812,-0.00919576999091992,0.008925839747730313,0.017585194446269492,-0.003152828199972646,Chemicals,2
2024-12-05,1136.699951171875,1142.3499755859375,1118.550048828125,1130.0,546100,1128.1199951171875,1109.875,1091.3833333333334,1095.5975036621094,1104.116005859375,1102.9200032552083,1.7227803707546594,0.009547493641978962,-0.005894212597588044,0.0049705504150305835,-0.015967188460805692,Chemicals,2
2024-12-06,1119.5,1141.5999755859375,1117.0,1128.0,443419,1129.6699951171875,1114.8349975585938,1096.6066650390626,1094.0450012207032,1103.626005859375,1102.7416707356772,1.4609719456649255,-0.015131478763716668,0.007592675301473895,0.019740933975826325,-0.0022331397945510867,Chemicals,2
2024-12-09,1106.050048828125,1121.0,1100.0999755859375,1118.0,432099,1124.9199951171875,1117.2450073242187,1099.773331705729,1093.3350036621093,1101.9120068359375,1102.7016723632812,1.2562440078554051,-0.012014248478673516,0.010804168567720929,0.013516523223984889,-0.005379569621186353,Chemicals,2
2024-12-10,1123.5,1134.9000244140625,1109.9000244140625,1110.0,792491,1122.339990234375,1120.0650024414062,1104.0766682942708,1094.4350036621095,1100.6620068359375,1104.6600056966147,1.5218577987638198,0.01577681877087159,-0.012016021361815787,0.010146884213673824,-0.012105007197096174,Chemicals,2
2024-12-11,1125.6500244140625,1139.449951171875,1119.300048828125,1123.0,305863,1122.2800048828126,1121.9150024414062,1107.9033365885416,1095.8900024414063,1100.6580078125,1105.793339029948,1.5545843164222313,0.0019136843916889186,-0.0023542169915928834,0.012259518019373639,-0.005641163281849382,Chemicals,2
2024-12-12,1100.300048828125,1124.300048828125,1096.3499755859375,1120.0,421157,1115.0000244140624,1121.560009765625,1111.583341471354,1097.2875061035156,1099.4780078125,1105.9300089518229,1.1687205940257446,-0.02252029941467197,0.017904162771651633,0.021812232059392533,-0.0035899964254245686,Chemicals,2
2024-12-13,1093.550048828125,1100.9000244140625,1067.3499755859375,1100.300048828125,567527,1109.8100341796876,1119.7400146484374,1113.160009765625,1099.9075073242188,1097.1980078125,1104.6566772460938,1.0659757169213606,-0.006134690266704151,0.006172556992003697,0.00672120639911622,-0.023958732634381197,Chemicals,2
2024-12-16,1084.75,1100.9000244140625,1081.0,1093.0,304355,1105.5500244140626,1115.235009765625,1113.3466796875,1101.2175048828126,1095.7780078125,1102.5183430989584,0.9320260968682818,-0.008047230062817287,0.007605439041253659,0.014888245599504524,-0.003457017746024471,Chemicals,2
2024-12-17,1072.6500244140625,1090.0,1070.0,1084.75,542449,1095.380029296875,1108.860009765625,1111.8366780598958,1101.9025085449218,1094.6240087890626,1099.7816772460938,0.7478467628618823,-0.011154621420546209,0.011280450576176548,0.01617487082556579,-0.002470539648297798,Chemicals,2
2024-12-18,1057.1500244140625,1077.4000244140625,1047.75,1077.0,495635,1081.680029296875,1101.9800170898438,1108.5033447265625,1101.347509765625,1093.0480078125,1097.495011393229,0.5119140821036671,-0.014450193117244286,0.018776876628215255,0.01915527553548868,-0.008891854700824098,Chemicals,2
2024-12-19,1059.550048828125,1061.9000244140625,1037.25,1049.199951171875,436526,1073.530029296875,1094.2650268554687,1105.5500162760416,1102.0700134277345,1092.5360107421875,1095.1533447265624,0.5484459655807593,0.0022702779725070157,-0.009768389579800751,0.0022178995589086092,-0.021046715870372656,Chemicals,2
2024-12-20,1028.8499755859375,1064.9000244140625,1021.0,1062.4000244140625,756678,1060.5900146484375,1085.2000244140625,1100.023347981771,1100.017510986328,1092.0440087890624,1091.0966756184896,0.08114592819347868,-0.028974632464169245,0.03260927212348719,0.03503916963947473,-0.007629854470732611,Chemicals,2
2024-12-23,1034.25,1045.0,1025.1500244140625,1040.0,270757,1050.4900146484374,1078.02001953125,1093.6533447265624,1097.6325134277345,1091.0720068359376,1088.2300089518228,0.16334220149474166,0.005248602364000783,0.005559584239787307,0.010394005317863275,-0.00879862275652643,Chemicals,2
2024-12-24,1067.5999755859375,1107.0,1032.8499755859375,1040.0,3912449,1049.4800048828124,1072.4300170898437,1089.0666748046874,1096.247509765625,1091.4180078125,1087.100008138021,0.6709776300890168,0.03224556498519458,-0.025852356891250095,0.036905231655179005,-0.03254964480579714,Chemicals,2
2024-12-26,1057.6500244140625,1073.949951171875,1047.0,1068.0,715129,1049.5800048828125,1065.6300170898437,1084.5133463541667,1093.772509765625,1090.9940087890625,1085.803340657552,0.5195248137410288,-0.009319924503008822,0.009785822670094868,0.015411455946254593,-0.010069516539710444,Chemicals,2
2024-12-27,1046.3499755859375,1067.4000244140625,1043.300048828125,1059.5,364011,1046.939990234375,1060.235009765625,1078.4900146484374,1090.897509765625,1091.0440087890624,1084.9366739908853,0.34752153550114107,-0.010684109646180192,0.012567520161405499,0.02011759862309681,-0.0029148247039472164,Chemicals,2
2024-12-30,1031.800048828125,1054.949951171875,1028.5,1049.199951171875,899161,1047.5300048828126,1054.060009765625,1072.6433512369792,1086.9000122070313,1089.520009765625,1084.6250081380208,0.1260503597071804,-0.01390541128427398,0.01686363783711009,0.022436422996919392,-0.0031983414149602263,Chemicals,2
2024-12-31,1052.199951171875,1061.050048828125,1030.0,1034.800048828125,1558889,1051.1199951171875,1050.8050048828125,1069.0533447265625,1083.0200073242188,1088.330009765625,1084.4133382161458,0.4365667240405182,0.019771177920488905,-0.01653668803573982,0.00841104169069129,-0.021098605020034467,Chemicals,2
2025-01-01,1038.4000244140625,1048.0,1034.050048828125,1042.0,630282,1045.2800048828126,1047.3800048828125,1063.3800130208333,1078.1200073242187,1086.0540087890624,1083.728340657552,0.22651164570260018,-0.01311530830470292,0.003466848518198784,0.009244968567247991,-0.004189113524329935,Chemicals,2
2025-01-02,1031.449951171875,1045.0,1018.1500244140625,1042.949951171875,1949445,1040.039990234375,1044.8099975585938,1057.100008138021,1073.3950073242188,1083.026005859375,1082.5016723632812,0.12072136109000423,-0.006693059590507247,0.01114935338058265,0.013136894148601419,-0.012894398552932063,Chemicals,2
2025-01-03,1027.9000244140625,1041.5999755859375,1023.2999877929688,1038.0,534063,1036.35,1041.6449951171876,1052.27333984375,1067.955010986328,1079.9880078125,1081.928340657552,0.06668628131800275,-0.0034416859041771965,0.009825834561775437,0.0133280969418057,-0.0044751790172550265,Chemicals,2
2025-01-06,991.25,1034.449951171875,986.0,1034.449951171875,1560552,1028.239990234375,1037.8849975585938,1045.4533365885416,1061.5425109863281,1075.1680078125,1079.3066731770834,-0.49118071931837165,-0.035655242283853666,0.043581287436948335,0.043581287436948335,-0.005296343001261028,Chemicals,2
2025-01-07,1012.2000122070312,1022.5,991.0,1001.0,1311159,1020.2400024414062,1035.679998779297,1040.6166707356772,1056.8500091552735,1070.4640063476563,1076.9816752115885,-0.17229087790403508,0.02113494295791299,-0.011065018842086771,0.010175842391574763,-0.0209444891833247,Chemicals,2
2025-01-08,1003.7000122070312,1016.9500122070312,999.7000122070312,1014.2000122070312,1682463,1013.3,1029.2900024414062,1036.0200032552084,1050.860009765625,1065.156005859375,1073.928340657552,-0.3016733157391854,-0.00839754979005221,0.01046129308787358,0.013201155563268951,-0.003985254509666136,Chemicals,2
2025-01-09,1014.8499755859375,1027.4000244140625,998.0499877929688,1008.0,1712582,1009.9800048828125,1025.0099975585938,1033.2,1045.3200073242188,1060.7120068359375,1070.8516723632813,-0.13195455765265124,0.011108860459599525,-0.0067497420808259045,0.01236640797166011,-0.016554158936909924,Chemicals,2
