Close,High,Low,Open,MA_5,MA_15,MA_10,MA_20,MA_25,MA_30,Return_Ratio,Percentage_Change_Open,Percentage_Change_High,Percentage_Change_Low,Sector_Encoded,VADER Sentiment Score,label_5d,label_10d,label_20d
3002.511962890625,3009.6783068235054,2965.023267204275,2988.033120265853,0.0,0.0,0.0,0.0,0.0,0.0,0.0,-0.0048222431096769,0.0023867828076797,-0.0124857772923769,9.0,0.4871,,,
2968.33837890625,3017.429718771172,2946.644631270411,3000.0746730550845,0.0,0.0,0.0,0.0,0.0,0.0,-0.0113816645551263,0.0106916025391041,0.0165383233305802,-0.0073083809413374,9.0,0.4871,,,
2984.76708984375,3002.024539589611,2945.425750662555,2983.499542430728,0.0,0.0,0.0,0.0,0.0,0.0,0.0055346489653088,-0.0004246721351677,0.0057818413385026,-0.0131807065667072,9.0,0.544125,,,
2949.618408203125,2999.2458072375407,2923.5371612253766,2990.032105912631,0.0,0.0,0.0,0.0,0.0,0.0,-0.0117760215730819,0.0137013308559208,0.0168250235001239,-0.008842244442608,9.0,0.5726374999999999,,,
2963.70703125,2987.2046231258373,2944.499581586799,2944.499581586799,2973.78857421875,0.0,0.0,0.0,0.0,0.0,0.0047764222679426,-0.0064808867613003,0.0079284462425177,-0.0064808867613003,9.0,0.58689375,,,
2958.880615234375,2973.944314395353,2933.335668321928,2954.249366227912,2965.0623046875,0.0,0.0,0.0,0.0,0.0,-0.0016285064497719,-0.0015652030645028,0.0050910128253973,-0.0086333144976934,9.0,0.5940218749999999,0.0,,
2982.719482421875,2989.349528984637,2946.010833420699,2959.124533747023,2967.938525390625,0.0,0.0,0.0,0.0,0.0,0.0080567181604965,-0.0079105490187408,0.0022228193438353,-0.0123071073956206,9.0,0.5975859374999999,1.0,,
2957.3203125,3001.000347666752,2949.3741599780165,2967.8015595147976,2962.449169921875,0.0,0.0,0.0,0.0,0.0,-0.0085154403796805,0.0035441703661573,0.014770140042702,-0.0026869434766321,9.0,0.59936796875,0.0,,
2956.58935546875,2997.149443147775,2934.749454741315,2949.5206067820804,2963.843359375,0.0,0.0,0.0,0.0,0.0,-0.0002471687047765,-0.0023908456118854,0.0137185394393717,-0.0073868563069261,9.0,0.6002589843749999,0.0,,
2970.141845703125,2978.5267008993496,2926.8031535523523,2968.8255007993603,2965.130322265625,2969.459448242188,0.0,0.0,0.0,0.0,0.004583825687293,-0.0004431926056558,0.0028230487403673,-0.0145914553587634,9.0,0.6007044921875,1.0,,
2934.018310546875,2984.91325531648,2920.4659077915785,2978.575756265702,2960.157861328125,2962.6100830078126,0.0,0.0,0.0,0.0,-0.0121622255881514,0.0151864920401678,0.017346498686342,-0.004619058683642,9.0,0.60092724609375,0.0,0.0,
2944.6943359375,2953.0306317997656,2908.4243911378294,2948.3017875748787,2952.55283203125,2960.2456787109377,0.0,0.0,0.0,0.0,0.0036387044185266,0.0012250682841179,0.0028309545614049,-0.0123170491269761,9.0,0.6010386230468749,1.0,1.0,
2925.681884765625,2963.9994249388587,2910.3744353429256,2947.229475799907,2946.225146484375,2954.337158203125,0.0,0.0,0.0,0.0,-0.0064565109321684,0.0073649808430926,0.0130969605317508,-0.0052320963199748,9.0,0.6010943115234375,0.0,0.0,
2926.4619140625,2942.305660890258,2905.49941825962,2924.024414550537,2940.199658203125,2952.0215087890624,0.0,0.0,0.0,0.0,0.0002666145287143,-0.0008329168748959,0.0054139596868232,-0.0071630851241046,9.0,0.6011221557617188,1.0,1.0,
2936.01708984375,2942.5007436180194,2908.4245465383688,2908.4245465383688,2933.37470703125,2949.2525146484377,2957.431201171875,0.0,0.0,0.0,0.0032650948694512,-0.0093979505094943,0.0022083160880423,-0.0093979505094943,9.0,0.6011360778808594,1.0,1.0,
2954.6884765625,2968.874773085648,2936.0173232044003,2944.987274911396,2937.508740234375,2948.83330078125,2954.24296875,0.0,0.0,0.0,0.0063594271243644,-0.0032833246983758,0.0048012833284041,-0.0063191613959322,9.0,0.6011430389404298,1.0,1.0,
2999.1484375,3009.044591096926,2939.624647039593,2939.624647039593,2948.399560546875,2950.4761962890625,2956.29697265625,0.0,0.0,0.0,0.0150472583794095,-0.0198468971112427,0.0032996544863164,-0.0198468971112427,9.0,0.6011465194702148,1.0,1.0,
2974.968017578125,3007.874259476777,2956.394224543476,3007.874259476777,2958.256787109375,2952.240966796875,2955.643701171875,0.0,0.0,0.0,-0.0080624285278894,0.0110610405571487,0.0110610405571487,-0.00624335889492,9.0,0.6011482597351074,0.0,0.0,
2991.592041015625,3028.300689584593,2964.53579559729,2975.6506985002648,2971.2828125,2955.7412353515624,2958.441943359375,0.0,0.0,0.0,0.0055879671106627,-0.0053287153785676,0.0122706064415472,-0.0090440959353367,9.0,0.6011491298675538,1.0,1.0,
2992.810546875,3005.9242459780685,2972.5793019499124,2997.7829028054425,2982.64150390625,2958.00810546875,2960.382177734375,2963.733776855469,0.0,0.0,0.0004073101688562,0.0016614335764202,0.0043817337909215,-0.0067599484191247,9.0,0.6011495649337768,1.0,1.0,
3101.279541015625,3105.374492739296,2975.2120140012435,2975.2120140012435,3011.959716796875,2974.734228515625,2969.875439453125,2968.672155761719,0.0,0.0,0.0362431876130231,-0.0406501656323106,0.0013204071640475,-0.0406501656323106,9.0,0.6011497824668883,1.0,1.0,1.0
3149.68798828125,3196.195430129453,3062.425508065789,3070.274303893697,3042.067626953125,2995.23359375,2981.0066731770835,2977.739636230469,0.0,0.0,0.0156091853782945,-0.025213190856688,0.0147657298187118,-0.0277051189007069,9.0,0.6011498912334441,1.0,1.0,1.0
3210.382080078125,3266.249621206476,3099.1347358019684,3166.312132796427,3089.150439453125,3023.70361328125,2997.877457682292,2989.0203857421875,0.0,0.0,0.0192698743566644,-0.0137273216029868,0.0174021470762106,-0.034652368939665,9.0,0.60115,1.0,1.0,1.0
3184.3984375,3225.738337610237,3111.22464816743,3215.500838767944,3127.71171875,3049.497265625,3013.064729817708,3000.759387207031,0.0,0.0,-0.0080936293344537,0.0097671198747233,0.0129820124339379,-0.022978842242498,9.0,0.550575,0.0,0.0,0.0
3198.291748046875,3221.3503970674583,3163.923006638928,3201.1679497204136,3168.807958984375,3075.7247314453125,3028.274723307292,3012.488623046875,3004.74861328125,0.0,0.0043629309646886,0.0008992930914746,0.0072096765514479,-0.0107459681965961,9.0,0.5252875,1.0,1.0,1.0
3231.00341796875,3266.2495680931934,3181.278424544048,3196.098374976936,3194.752734375,3103.3562255859374,3048.07373046875,3026.094763183594,3013.888271484375,0.0,0.0102278567744331,-0.0108031587950959,0.0109087319216152,-0.0153899538292543,9.0,0.5126437500000001,1.0,1.0,1.0
3224.9580078125,3265.225547341678,3204.531809517709,3258.546941503768,3209.80673828125,3125.937182617188,3066.7579752604165,3038.206689453125,3024.153056640625,0.0,-0.0018710627548795,0.0104153088536029,0.0124862213497445,-0.0063337873687993,9.0,0.506321875,0.0,0.0,0.0
3204.62158203125,3240.283661966476,3192.881649781262,3210.565301995435,3208.654638671875,3148.9025390625,3085.353955078125,3050.571752929688,3032.947236328125,0.0,-0.0063059505680336,0.0018547337999321,0.0111283279545977,-0.0036634379284642,9.0,0.5031609375,0.0,0.0,0.0
3218.474365234375,3242.003402564824,3170.482794683712,3202.706391624644,3215.46982421875,3171.590771484375,3104.8214518229165,3063.666003417969,3043.701474609375,0.0,0.004322751641192,-0.0048992074568171,0.0073106182185591,-0.0149112794151983,9.0,0.5015804687500001,1.0,1.0,1.0
3198.432861328125,3250.845347503612,3188.314072525298,3212.530760452345,3215.498046875,3192.153002929688,3122.315836588541,3075.0805541992186,3053.0905078125,3039.8735188802084,-0.0062270198957419,0.0044077520884291,0.0163869271133372,-0.0031636708480494,9.0,0.500790234375,0.0,0.0,0.0
3218.817626953125,3234.1435550494502,3178.882141024076,3198.432305334876,3213.060888671875,3203.9068115234377,3139.924446614584,3089.320520019531,3063.48798828125,3047.083707682292,0.0063733604889662,-0.0063331707418122,0.0047613533516133,-0.0124068805870344,9.0,0.5003951171875001,1.0,1.0,1.0
3217.933837890625,3234.242192633515,3191.948738551125,3211.5480739015275,3211.6560546875,3210.731396484375,3154.5101399739583,3102.982495117188,3072.8965625,3055.403556315104,-0.0002745694739271,-0.0019844298580369,0.0050679583746757,-0.0080750881306289,9.0,0.50019755859375,0.0,0.0,0.0
3239.399658203125,3270.49331820222,3217.442360201944,3227.266611683476,3218.611669921875,3213.633154296875,3172.138916015625,3118.6683837890623,3084.179736328125,3063.89130859375,0.0066706841699924,-0.0037454614434264,0.0095985871704211,-0.0067781997647554,9.0,0.500098779296875,1.0,1.0,1.0
3215.084716796875,3239.0557950758584,3196.123862989782,3239.0557950758584,3217.933740234375,3216.7017822265625,3187.038427734375,3133.0995239257813,3094.51955078125,3072.740185546875,-0.0075060023374014,0.0074558154420469,0.0074558154420469,-0.0058974663118622,9.0,0.5000493896484375,0.0,0.0,0.0
3119.2001953125,3251.827605191929,3089.4326620140223,3251.827605191929,3202.08720703125,3208.792626953125,3195.464404296875,3142.258679199219,3100.481884765625,3077.923291015625,-0.0298233265778149,0.0425196850393698,0.0425196850393698,-0.0095433224655512,9.0,0.5000246948242187,0.0,0.0,0.0
3064.380615234375,3145.725469216576,3053.37750103845,3119.1999889952,3171.1998046875,3192.130346679688,3193.0044759114585,3147.7432861328125,3105.696376953125,3081.439957682292,-0.017574883510365,0.017889218293672,0.0265452840870354,-0.0035906486750447,9.0,0.5000123474121094,0.0,0.0,0.0
3071.552490234375,3076.9558290145733,3017.0770590476336,3053.3776234282545,3141.92353515625,3176.789794921875,3187.795442708333,3151.363488769531,3110.770703125,3084.401057942708,0.0023403995457827,-0.0059171597633135,0.0017591556053095,-0.0177354713487525,9.0,0.5000061737060547,1.0,1.0,1.0
3103.677734375,3111.9302502055893,3064.52823292332,3087.762493640883,3114.779150390625,3166.69541015625,3180.681819661458,3157.798974609375,3117.890537109375,3089.279638671875,0.0104589598396131,-0.0051278650994742,0.0026589473962415,-0.0126139067268733,9.0,0.5000030868530274,1.0,1.0,1.0
3101.95849609375,3159.9707539251594,3095.474633482351,3104.36538993851,3092.15390625,3155.0438232421875,3175.185823567708,3163.3172973632813,3124.910400390625,3094.125276692708,-0.0005539358233647,0.0007759271594995,0.0187018162572012,-0.0020902480221977,9.0,0.5000015434265137,0.0,0.0,0.0
3086.288818359375,3119.200063119852,3066.149101416396,3077.0049480312514,3085.571630859375,3143.8294189453127,3167.718961588542,3167.9912109375,3130.92126953125,3097.9968424479166,-0.0050515433246794,-0.0030081015985596,0.0106636956867738,-0.0065255451217571,9.0,0.5000007717132569,0.0,0.0,0.0
3108.197021484375,3119.298474663509,3082.064414167116,3089.727379007132,3094.334912109375,3132.7673583984374,3159.531868489584,3168.3370849609373,3137.061611328125,3103.802799479167,0.0070985589536127,-0.0059422367210243,0.0035716697179744,-0.0084076418375753,9.0,0.5000003858566284,1.0,1.0,1.0
3090.562255859375,3110.898408506188,3049.988049170872,3079.9028470357384,3098.136865234375,3120.0302001953123,3150.5721516927083,3165.380798339844,3140.7181640625,3108.6650634765624,-0.0056736318525195,-0.003449019285545,0.0065800818631813,-0.0131284223806134,9.0,0.5000001929283142,0.0,0.0,0.0
3012.754150390625,3090.7096861252585,2988.8322406269654,3062.563300022153,3079.9521484375,3097.3656494140623,3137.7809895833334,3155.499401855469,3142.229609375,3111.5674723307293,-0.025176035629515,0.0165327627629587,0.0258751732943511,-0.0079402130308435,9.0,0.5000000964641571,0.0,0.0,0.0
3032.55029296875,3048.661971040052,3002.881098552131,3003.273972710001,3066.0705078125,3079.11220703125,3125.386051432292,3147.9069946289064,3143.867939453125,3115.103751627604,0.006570779290291,-0.0096540262915436,0.0053129137243521,-0.0097835786880138,9.0,0.5000000482320786,1.0,1.0,1.0
3025.722412109375,3065.166688783079,3014.031408072341,3065.166688783079,3053.9572265625,3069.7644287109374,3113.872021484375,3139.278527832031,3145.1844140625,3118.093929036458,-0.0022515309557127,0.0130363170513732,0.0130363170513732,-0.0038638719765715,9.0,0.5000000241160393,0.0,0.0,0.0
3099.600341796875,3114.63149370991,2998.263049408084,3006.220788612007,3052.237890625,3073.2864013671874,3105.9242024739583,3132.708374023437,3145.11724609375,3122.924324544271,0.0244166250650852,-0.0301263204567641,0.0048493838738969,-0.0326936640902694,9.0,0.5000000120580197,1.0,1.0,1.0
3058.53515625,3132.4626501897133,3043.8479479489,3132.4626501897133,3045.832470703125,3071.98466796875,3095.2976236979166,3124.3872314453124,3141.4711328125,3124.9038818359377,-0.0132485420759339,0.0241708825182687,0.0241708825182687,-0.0048020400455713,9.0,0.5000000060290098,0.0,0.0,0.0
3060.450927734375,3089.579978754497,3033.3361361893085,3046.3532700581072,3055.371826171875,3067.6619873046875,3083.367708333333,3117.178698730469,3135.47388671875,3127.753312174479,0.000626368959814,-0.0046063988638119,0.0095178951428851,-0.0088597373999195,9.0,0.5000000030145049,1.0,1.0,1.0
3061.826416015625,3101.5654666296987,3044.68290472182,3046.500487247205,3061.22705078125,3063.648779296875,3073.15048828125,3109.346301269531,3130.571005859375,3130.0944580078126,0.000449439743923,-0.0050054858395151,0.012978871175129,-0.005599112740073,9.0,0.5000000015072524,1.0,1.0,1.0
3156.728759765625,3168.3214256651736,3052.002372210176,3076.9558775762243,3087.4283203125,3070.6927734375,3075.652392578125,3107.261096191406,3128.908486328125,3135.5583984375,0.0309953377022258,-0.0252707433106553,0.0036723668017677,-0.0331756053577515,9.0,0.5000000007536263,1.0,1.0,1.0
3094.393798828125,3139.978232538334,3082.8503026343856,3139.978232538334,3086.38701171875,3069.312451171875,3077.653271484375,3101.039904785156,3123.4441015625,3135.3288736979166,-0.0197466952916563,0.0147312968787205,0.0147312968787205,-0.0037304547979998,9.0,0.5000000003768131,0.0,0.0,0.0
3098.323486328125,3145.7255024090864,3089.727265795308,3094.6393918140607,3094.344677734375,3070.08857421875,3079.438004557292,3095.0593872070312,3118.378720703125,3133.6167236328124,0.0012699377504854,-0.0011890606420927,0.01529924692826,-0.0027744748315498,9.0,0.5000000001884066,1.0,1.0,1.0
3171.219482421875,3207.618385269107,3102.351617508739,3114.582763687792,3116.498388671875,3085.935107421875,3083.9407877604167,3091.650378417969,3117.04263671875,3132.3113037109374,0.0235275614103614,-0.0178596022911757,0.0114778882537118,-0.0217165242881711,9.0,0.5000000000942033,1.0,1.0,1.0
3183.843505859375,3202.607682501676,3145.332487565078,3175.099778027193,3140.901806640625,3101.0644287109376,3089.3997884114583,3090.0883178710938,3115.65740234375,3132.2928059895835,0.0039808103814558,-0.002746280656097,0.0058935612280466,-0.0120957635711125,9.0,0.5000000000471017,1.0,1.0,1.0
3242.2978515625,3252.809752960288,3173.380581657345,3183.057565566696,3158.015625,3122.72197265625,3099.800390625,3096.243200683594,3117.412001953125,3133.7596761067707,0.0183596792981654,-0.0182710807914378,0.0032421146603547,-0.0212556874970456,9.0,0.5000000000235508,1.0,1.0,1.0
3336.414306640625,3354.343566481409,3238.368224034466,3254.4799013212923,3206.4197265625,3146.403369140625,3115.0148763020834,3109.8448852539063,3122.115869140625,3137.273372395833,0.0290277017679819,-0.0245576231813461,0.0053738109817773,-0.0293866629246293,9.0,0.5000000000117755,1.0,1.0,1.0
3340.04931640625,3350.0700056967103,3299.4751067836955,3350.0700056967103,3254.764892578125,3174.55478515625,3131.6473470052083,3123.2697265625,3127.00048828125,3141.1097493489583,0.0010894959173355,0.0030001620758228,0.0030001620758228,-0.0121477875860259,9.0,0.5000000000058877,1.0,1.0,1.0
3348.891357421875,3370.062670270612,3321.6290557798634,3339.951191393895,3290.299267578125,3203.398828125,3154.056494140625,3135.530407714844,3131.38015625,3145.918741861979,0.0026472785812452,-0.0026695897459219,0.0063218870333956,-0.0081406945560035,9.0,0.5000000000029439,1.0,1.0,1.0
3345.796142578125,3369.718291109486,3324.7723401420635,3324.7723401420635,3322.689794921875,3231.79580078125,3174.93955078125,3147.7222900390625,3136.60861328125,3150.162801106771,-0.0009242505991991,-0.0062836471620358,0.0071499121619906,-0.0062836471620358,9.0,0.5000000000014719,0.0,0.0,0.0
3313.2783203125,3369.66943364518,3299.180422054373,3343.438727476145,3336.885888671875,3247.4507568359377,3194.1099446614585,3159.0717651367186,3144.37173828125,3153.9909830729166,-0.0097190088337444,0.0091028897206559,0.0170197332916364,-0.004254969518165,9.0,0.500000000000736,0.0,0.0,0.0
3272.99853515625,3368.293774086198,3262.093520122249,3310.7727339579887,3324.202734375,3265.31123046875,3205.66982421875,3167.3118408203127,3152.716455078125,3155.797013346354,-0.0121570786581101,0.0115411597029435,0.02911557640688,-0.0033318117673646,9.0,0.5000000000003679,0.0,0.0,0.0
3281.889892578125,3335.579336656801,3258.458954379337,3281.1530736391683,3312.570849609375,3283.66787109375,3220.5601399739585,3176.87822265625,3161.129951171875,3157.9288818359373,0.0027165784910595,-0.0002245105604008,0.0163593069347307,-0.0071394650538935,9.0,0.500000000000184,1.0,1.0,1.0
3286.261474609375,3359.894195634364,3278.893285583861,3298.3453525811988,3300.044873046875,3295.1720703125,3235.6141764322915,3190.5535888671875,3168.43330078125,3159.4909423828126,0.0013320319006241,0.0036770896245437,0.0224062271349667,-0.0022421189191556,9.0,0.5000000000000919,1.0,1.0,1.0
3273.78466796875,3310.72371109147,3242.838274577028,3303.6011284854385,3285.642578125,3304.1661865234373,3249.7447265625,3202.615307617188,3175.30634765625,3161.447607421875,-0.0037966566985081,0.0091076425424121,0.0112832842929888,-0.00945278829561,9.0,0.500000000000046,0.0,0.0,0.0
3307.67822265625,3340.245520541574,3276.1422793017687,3286.752518925232,3284.52255859375,3310.7042236328125,3259.808024088541,3216.713098144531,3184.161923828125,3167.7302083333334,0.0103530189444407,-0.0063264024860959,0.009845969194419,-0.0095341630085034,9.0,0.500000000000023,1.0,1.0,1.0
3282.970458984375,3320.548225358078,3268.725292646632,3307.82586615056,3286.516943359375,3305.359838867188,3272.3798014322915,3225.8816040039064,3191.152861328125,3175.016536458333,-0.0074698208255678,0.0075710115204246,0.0114462700298949,-0.0043391089002216,9.0,0.5000000000000115,0.0,0.0,0.0
3296.920654296875,3339.2141074033902,3281.300189454702,3281.9878391292177,3289.523095703125,3301.04697265625,3285.6196126302084,3237.80087890625,3199.407197265625,3182.52880859375,0.0042492600791831,-0.0045293219744901,0.0128281683247044,-0.0047378952908117,9.0,0.5000000000000058,1.0,1.0,1.0
3349.087646484375,3401.5001290303658,3296.871840866509,3296.9207702486283,3302.088330078125,3301.0666015625,3297.477490234375,3252.23271484375,3212.860537109375,3190.709138997396,0.0158229443949495,-0.0155764440176737,0.0156497793066148,-0.0155910537822674,9.0,0.5,1.0,1.0,1.0
3368.53955078125,3384.4547909428443,3344.1753580172544,3349.0874839837898,3321.039306640625,3303.3409423828125,3309.790559895833,3267.5683715820314,3226.300107421875,3199.595174153646,0.0058081204047598,-0.0057746291840179,0.0047246707131294,-0.0072328652808439,9.0,0.550575,1.0,1.0,1.0
3361.318603515625,3389.3668905362742,3325.5092534681994,3368.588693799468,3331.7673828125,3308.144970703125,3317.725276692708,3277.7978637695314,3239.723955078125,3208.762833658854,-0.0021436433079582,0.0021628685469561,0.0083444297697079,-0.0106533638346487,9.0,0.5758624999999999,0.0,0.0,0.0
3366.6240234375,3377.577968903374,3341.031798012621,3354.9821884249627,3348.498095703125,3317.50751953125,3319.7392578125,3291.409375,3250.40490234375,3217.377067057292,0.0015783746046346,-0.003458014596073,0.0032536883802929,-0.0076017474023569,9.0,0.58850625,1.0,1.0,1.0
3375.121826171875,3384.3565272530204,3359.501361193155,3366.623944001988,3364.138330078125,3326.830712890625,3322.077425130208,3305.2492919921874,3263.068369140625,3226.8623860677085,0.0025241317935164,-0.0025178001291661,0.0027361089633968,-0.004628118860064,9.0,0.594828125,1.0,1.0,1.0
3448.2138671875,3458.1364569385564,3382.29328488704,3384.4545722026496,3383.96357421875,3343.0259521484377,3328.69892578125,3319.099011230469,3278.57888671875,3241.3777099609374,0.0216561193284472,-0.0184905279778527,0.0028776027628325,-0.019117312568036,9.0,0.5979890625,1.0,1.0,1.0
3456.614013671875,3481.8133648125945,3434.16574100392,3463.196214764122,3401.578466796875,3361.30888671875,3336.0867838541667,3332.7375366210936,3294.370390625,3255.5131673177084,0.0024360862776839,0.0019042337577215,0.0072901837003058,-0.0064942954518976,9.0,0.59956953125,1.0,1.0,1.0
3455.336669921875,3477.736012281247,3433.7724849161027,3438.4881738101653,3420.382080078125,3376.0747314453124,3345.557340494792,3343.3894775390627,3306.31470703125,3269.833642578125,-0.0003695361255111,-0.0048760794449852,0.0064825354224826,-0.0062408347046135,9.0,0.6003597656249999,0.0,0.0,0.0
3419.085205078125,3477.78510910899,3406.9521582631683,3455.336597987354,3430.87431640625,3389.686206054688,3355.296451822917,3347.5230224609377,3319.30236328125,3280.4831380208334,-0.0104914421680853,0.0106026585284821,0.0171683068745061,-0.0035486237069893,9.0,0.6007548828125,0.0,0.0,0.0
3404.889404296875,3438.439129904192,3391.921439252974,3422.8678339451944,3436.82783203125,3400.483081054688,3363.496419270833,3350.765026855469,3331.565,3292.028279622396,-0.0041519295161658,0.005280180209563,0.0098533965787486,-0.0038086303265932,9.0,0.6009524414062499,0.0,0.0,0.0
3451.554443359375,3469.238096653147,3403.170003097249,3414.71349899735,3437.495947265625,3410.7297607421874,3374.515950520833,3355.898181152344,3342.7783984375,3305.0650634765625,0.0137053024405462,-0.0106737254088241,0.0051233881962355,-0.0140181593702557,9.0,0.6010512207031249,1.0,1.0,1.0
3554.463623046875,3561.291430370984,3453.715868543226,3469.7294476346,3457.065869140625,3429.32216796875,3393.227880859375,3366.331555175781,3357.603203125,3321.4863037109376,0.02981531404944,-0.0238388078760647,0.0019209107331519,-0.0283440105703736,9.0,0.6011006103515624,1.0,1.0,1.0
3522.829833984375,3559.2776684565183,3505.1951080893764,3558.884794279161,3470.564501953125,3445.473291015625,3407.571321614583,3376.809130859375,3368.824482421875,3333.6896728515626,-0.0088997363364162,0.010234658497259,0.0103461808233071,-0.0050058409648057,9.0,0.6011253051757812,0.0,0.0,0.0
3436.179443359375,3541.348110168289,3423.751860380024,3541.348110168289,3473.983349609375,3452.4288330078125,3417.78525390625,3384.968176269532,3372.815087890625,3345.082527669271,-0.0245968141262721,0.0306062790207766,0.0306062790207766,-0.0036166862599007,9.0,0.6011376525878906,0.0,0.0,0.0
3348.891357421875,3446.1514605771604,3345.1580933711825,3446.1514605771604,3462.783740234375,3449.8057861328125,3421.249967447917,3388.318249511719,3373.16876953125,3353.4347900390626,-0.025402656460852,0.0290424778754723,0.0290424778754723,-0.0011147761011771,9.0,0.6011438262939452,0.0,0.0,0.0
3365.444580078125,3374.581181837009,3317.50242519474,3359.8939739850343,3445.561767578125,3441.528857421875,3422.3404296875,3392.277404785156,3373.8308984375,3359.9089599609374,0.0049428962870247,-0.0016492935661301,0.0027148275781951,-0.0142454150536843,9.0,0.60115,1.0,1.0,1.0
3353.65576171875,3413.927645002864,3341.964997521869,3383.1776875973173,3405.4001953125,3431.2330322265625,3421.348177083333,3396.270959472656,3374.145283203125,3365.569368489583,-0.0035029007546757,0.0088029088183567,0.0179719946131933,-0.0034859762085092,9.0,0.646025,0.0,0.0,0.0
3324.4775390625,3369.5218281393045,3305.9097996636024,3353.655518053577,3365.729736328125,3418.147119140625,3418.892106119792,3397.1109252929687,3374.593251953125,3368.30869140625,-0.0087004226818128,0.0087767111217438,0.0135492836235275,-0.0055851601283892,9.0,0.6684625,0.0,0.0,0.0
3267.841064453125,3332.4355228103886,3254.9220288717274,3330.6671094405124,3332.062060546875,3403.022705078125,3412.306575520833,3396.354455566406,3374.386953125,3366.022916666667,-0.0170362031157973,0.0192255509825112,0.0197667074631959,-0.0039533855308717,9.0,0.67968125,0.0,0.0,0.0
3244.06640625,3329.439061700348,3217.442586919043,3266.563847788036,3311.0970703125,3386.9404052734376,3403.569547526042,3393.7117431640627,3372.874013671875,3362.823486328125,-0.0072753410383817,0.0069349509907357,0.0263165560624372,-0.0082069279715308,9.0,0.6852906249999999,0.0,0.0,0.0
3195.09228515625,3222.6985285980586,3168.9107501024614,3168.9107501024614,3277.026611328125,3361.294189453125,3386.694775390625,3386.0119750976564,3369.22724609375,3357.6968505859377,-0.0150965223767912,-0.0081942969770928,0.0086402022157736,-0.0081942969770928,9.0,0.6880953125,0.0,0.0,0.0
3200.64306640625,3291.0261877223897,3130.3015637266785,3202.7062553327783,3246.424072265625,3325.9121337890624,3369.6300455729165,3377.617150878906,3366.30158203125,3352.8584147135416,0.0017372835444496,0.0006446169984348,0.0282390505410601,-0.0219773030669591,9.0,0.6894976562499999,1.0,1.0,1.0
3251.925537109375,3341.0314489333814,3194.846540794222,3200.7410916074955,3231.913671875,3298.8217041015623,3356.069303385417,3372.147497558594,3364.071474609375,3350.8133219401043,0.0160225522306384,-0.0157397347872169,0.0274009693048544,-0.0175523687931336,9.0,0.690198828125,1.0,1.0,1.0
3265.974365234375,3300.948799646788,3224.71250523879,3251.9258762110458,3231.54033203125,3281.8011962890623,3345.8619140625,3367.1150146484374,3363.391630859375,3350.5791829427085,0.0043201567700987,-0.0043014694704504,0.010708729004339,-0.0126338591125542,9.0,0.6905494140624999,1.0,1.0,1.0
3287.047607421875,3309.299443318383,3251.778397157428,3270.5919845405974,3240.136572265625,3275.6168212890625,3338.005794270833,3362.711303710937,3362.996708984375,3350.7511067708333,0.0064523599486328,-0.0050062015664519,0.0067695508413889,-0.0107297534069212,9.0,0.6907247070312499,1.0,1.0,1.0
3289.6015625,3320.5971250544376,3269.167070683532,3291.026031048165,3259.038427734375,3268.03251953125,3327.208935546875,3354.7806884765623,3360.617265625,3350.862443033854,0.0007769753843413,0.0004330216049273,0.0094222847252303,-0.0062118440267698,9.0,0.690812353515625,1.0,1.0,1.0
3299.671630859375,3330.421589076584,3283.0687401163336,3292.9910912062887,3278.844140625,3262.6341064453127,3310.222802734375,3346.9335693359376,3357.862548828125,3351.725341796875,0.0030611817778083,-0.0020246074156616,0.0093190964608804,-0.0050316796943571,9.0,0.6908561767578125,1.0,1.0,1.0
3300.5556640625,3336.90539498896,3286.261330011981,3308.8079394680094,3288.570166015625,3260.2419189453126,3295.4045247395834,3339.1945190429688,3355.43203125,3351.487923177084,0.0002679155085788,0.0025002685139847,0.0110132155389006,-0.004330887130964,9.0,0.6908780883789063,1.0,1.0,1.0
3320.941162109375,3358.6661943191325,3307.285307749403,3324.477748963468,3299.563525390625,3265.5519287109373,3287.72197265625,3334.287316894531,3353.604716796875,3352.75361328125,0.0061763836522555,0.0010649351137093,0.0113597412204062,-0.0041120434519527,9.0,0.6908890441894531,1.0,1.0,1.0
3304.633056640625,3337.397035877202,3282.381219846916,3320.941412332429,3303.080615234375,3271.60859375,3284.771419270833,3329.2744995117187,3350.785166015625,3353.010693359375,-0.0049106878660841,0.0049349974451875,0.0099145589464881,-0.0067335272668154,9.0,0.6908945220947265,0.0,0.0,0.0
3336.021484375,3350.070213887092,3295.054398057861,3340.245961060444,3312.364599609375,3285.701513671875,3282.809879557292,3323.4978515625,3346.297470703125,3352.575154622396,0.0094983095540063,0.0012663217863642,0.0042112227327948,-0.0122802225672159,9.0,0.6908972610473632,1.0,1.0,1.0
3329.24267578125,3349.9717042765265,3310.822202672344,3349.9717042765265,3318.27880859375,3298.561474609375,3281.182340494792,3312.2368041992186,3341.2026171875,3351.2652587890625,-0.0020320038781225,0.0062263495076735,0.0062263495076735,-0.0055329319316091,9.0,0.6909,0.0,0.0,0.0
3347.712158203125,3357.8801149635765,3325.853197824749,3337.003579770745,3327.710107421875,3308.14013671875,3282.7313151041667,3303.480920410156,3336.89763671875,3350.8117106119794,0.0055476527908981,-0.0031987751414469,0.0030372852503273,-0.0065295220572694,9.0,0.59545,1.0,1.0,1.0
3381.556640625,3397.864754711916,3342.01402710853,3342.01402710853,3339.833203125,3319.6983642578125,3290.312353515625,3300.7497802734374,3335.396494140625,3351.309464518229,0.0101097348943049,-0.0116936126520599,0.0048226647724882,-0.0116936126520599,9.0,0.547725,1.0,1.0,1.0
3354.49072265625,3399.1910676206253,3326.5407747089434,3399.1910676206253,3349.804736328125,3326.44267578125,3297.673974609375,3301.029748535156,3333.380546875,3350.621761067708,-0.0080039818477645,0.0133255235027089,0.0133255235027089,-0.0083320987470713,9.0,0.5238625,0.0,0.0,0.0
3288.66845703125,3359.747018353204,3278.352992117485,3357.045348971027,3340.334130859375,3326.349365234375,3303.912386067708,3297.1909423828124,3326.865107421875,3345.3035807291667,-0.0196221337505678,0.0207916647218073,0.0216131733103062,-0.0031366691560866,9.0,0.51193125,0.0,0.0,0.0
3329.880859375,3390.3000057856907,3291.124235379096,3308.4150138691025,3340.461767578125,3329.3702880859373,3312.5282389322915,3296.002197265625,3317.881796875,3341.079142252604,0.0125316379203981,-0.0064464304917883,0.0181445369856358,-0.0116390422458475,9.0,0.505965625,1.0,1.0,1.0
3313.572998046875,3359.894251213555,3303.896013693329,3333.3687702829216,3333.633935546875,3330.672021484375,3316.6380696614583,3295.456970214844,3309.5115234375,3336.3536865234373,-0.0048974308742042,0.0059741470152354,0.0139792463283541,-0.0029204077771184,9.0,0.5029828125,0.0,0.0,0.0
3334.743896484375,3378.46181648876,3300.948566623191,3329.3405580568665,3324.27138671875,3332.052294921875,3321.222705078125,3298.802111816406,3305.4541015625,3333.5423095703127,0.00638914502562,-0.0016203158608986,0.013109828329088,-0.0101343104328979,9.0,0.50149140625,1.0,1.0,1.0
3339.214111328125,3385.388096084303,3331.649485199753,3342.7017687850084,3321.216064453125,3335.510400390625,3324.700472005208,3303.5594970703123,3305.06701171875,3331.353133138021,0.0013404971963402,0.00104445457542,0.0138277999603364,-0.0022653911597669,9.0,0.500745703125,1.0,1.0,1.0
3342.800048828125,3396.0966154078533,3312.836080520628,3343.1437537348284,3332.0423828125,3336.1882568359374,3328.247037760417,3310.9448852539062,3304.16123046875,3327.727986653646,0.0010738866632825,0.0001028194632293,0.0159436896617291,-0.0089637333582071,9.0,0.5003728515625,1.0,1.0,1.0
3324.4287109375,3395.163329009895,3315.685222143517,3369.718610948819,3330.951953125,3335.7068603515627,3329.897509765625,3317.134167480469,3302.9921484375,3320.06015625,-0.0054957932338984,0.0136233632751134,0.0212772251183113,-0.0026300725791521,9.0,0.50018642578125,0.0,0.0,0.0
3330.3232421875,3353.99978653269,3315.979977520009,3331.600442976021,3334.302001953125,3333.96796875,3331.882014973958,3321.054052734375,3303.2259765625,3313.643269856771,0.0017730960001057,0.0003835065534607,0.007109383271048,-0.0043068686203775,9.0,0.500093212890625,1.0,1.0,1.0
3290.534912109375,3344.175424673059,3271.5251281499222,3340.2457238215043,3325.460205078125,3324.8657958984377,3329.854931640625,3322.282080078125,3304.13373046875,3308.788452148437,-0.0119472877509602,0.0151072129729394,0.0163014567529076,-0.0057771105510826,9.0,0.5000466064453125,0.0,0.0,0.0
3291.0751953125,3314.113017894312,3249.0765187202146,3289.55238830818,3315.832421875,3318.5242431640627,3328.95107421875,3322.483459472656,3306.01408203125,3306.8612467447915,0.0001641931228678,-0.0004627080555584,0.0070000900054256,-0.0127613846842832,9.0,0.5000233032226562,1.0,1.0,1.0
3341.71923828125,3354.981978165653,3277.1739521471345,3288.177066155327,3315.616259765625,3323.8293212890626,3329.3309244791667,3325.0893432617186,3311.87916015625,3306.0704020182293,0.015388297125779,-0.0160223430839334,0.0039688372776716,-0.0193149937297884,9.0,0.5,1.0,1.0,1.0
3335.77587890625,3367.704700601011,3327.4744332355967,3358.9120422889,3317.885693359375,3324.4188232421875,3329.7664713541667,3326.8945556640624,3317.28447265625,3305.474405924479,-0.0017785334288157,0.0069357667368936,0.0095716327636585,-0.0024886101380933,9.0,0.5740000000000001,0.0,0.0,0.0
3385.5849609375,3398.995210625322,3335.3340011604323,3350.070381136104,3328.938037109375,3331.62001953125,3332.291324869792,3331.1460205078124,3322.630849609375,3307.51131998698,0.0149317831411328,-0.0104899390241742,0.0039609845396137,-0.0148426225768538,9.0,0.611,1.0,1.0,1.0
3451.112548828125,3455.680730186062,3388.433771480497,3408.3770515251845,3361.053564453125,3343.256884765625,3336.9283854166665,3337.65458984375,3330.036376953125,3313.620369466146,0.0193548791853328,-0.0123831073887903,0.0013236836797712,-0.0181619047367526,9.0,0.6295,1.0,1.0,1.0
3432.495361328125,3453.2246292960094,3381.507588630687,3453.2246292960094,3389.33759765625,3352.585009765625,3342.128694661458,3344.047705078125,3335.854287109375,3319.901334635417,-0.0053945466097075,0.0060391248307072,0.0060391248307072,-0.0148544330960753,9.0,0.6387499999999999,0.0,0.0,0.0
3433.3798828125,3474.985449102154,3420.952059232536,3421.3451732506305,3407.6697265625,3361.6429931640623,3351.776123046875,3348.915625,3341.605419921875,3327.844254557292,0.0002576905112066,-0.003505207688236,0.0121179618072357,-0.0036197053644362,9.0,0.643375,1.0,1.0,1.0
3450.52294921875,3463.04887066584,3419.036173219027,3438.439071146871,3430.619140625,3374.252416992188,3359.8189290364585,3354.979638671875,3347.63947265625,3336.173583984375,0.0049930584413534,-0.0035020425163713,0.0036301516122143,-0.0091252185431347,9.0,0.6456875,1.0,1.0,1.0
3461.329833984375,3481.6659891119507,3440.698903305691,3450.375888159232,3445.768115234375,3387.353076171875,3369.669384765625,3360.660522460937,3354.070439453125,3343.153727213541,0.0031319556266309,-0.0031646639732492,0.0058752433610658,-0.0059604058752572,9.0,0.6468437499999999,1.0,1.0,1.0
3429.40087890625,3477.7853215865143,3415.9417011966457,3477.7853215865143,3441.42578125,3401.2396728515623,3375.9798502604167,3363.052734375,3358.408828125,3348.601277669271,-0.0092244763167719,0.0141087158920003,0.0141087158920003,-0.003924644036919,9.0,0.647421875,0.0,0.0,0.0
3426.355224609375,3467.911859409812,3415.057334572726,3431.021744407121,3440.19775390625,3414.76767578125,3381.7892578125,3366.645959472656,3363.27771484375,3353.244864908854,-0.0008881009845213,0.0013619486281601,0.0121285249415943,-0.0032973493102825,9.0,0.6477109375000001,0.0,0.0,0.0
3452.291748046875,3461.870394928891,3413.927991282761,3427.3380009776115,3443.980126953125,3425.8249267578126,3389.0887044270835,3374.8271240234376,3367.928525390625,3358.66787109375,0.007569712343663,-0.0072281686747306,0.002774576304982,-0.0111125477114782,9.0,0.64785546875,1.0,1.0,1.0
3466.978515625,3477.785192777699,3433.625228200968,3473.217011557655,3447.271240234375,3438.9451904296875,3398.5920247395834,3381.682006835937,3373.437958984375,3364.244767252604,0.0042542081173857,0.0017994042664353,0.0031170303202041,-0.0096202751974709,9.0,0.6479277343750001,1.0,1.0,1.0
3449.4423828125,3487.609700403361,3433.5763106788017,3463.1474071771186,3444.89375,3445.3309326171875,3406.53330078125,3388.475476074219,3377.50716796875,3369.207657877604,-0.005058044846101,0.0039731129973084,0.0110647789860287,-0.0045996049137547,9.0,0.6479638671875001,0.0,0.0,0.0
3457.498291015625,3468.943448878959,3438.537436315719,3448.5581255812417,3450.513232421875,3445.9695068359374,3417.6641927083333,3394.6131958007813,3380.544833984375,3373.759562174479,0.0023354233261773,-0.0025857324232421,0.0033102425221942,-0.0054839809318709,9.0,0.64798193359375,1.0,1.0,1.0
3564.828125,3592.336030201367,3446.642327182717,3454.3542209810184,3478.2078125,3459.202783203125,3435.914388020833,3405.893896484375,3388.958330078125,3382.432731119792,0.0310426282099035,-0.0309899664570733,0.0077164744657547,-0.0331532948218318,9.0,0.6479909667968751,1.0,1.0,1.0
3602.208984375,3607.170279220351,3554.4632672664784,3583.886851755404,3508.191259765625,3476.085693359375,3453.28037109375,3418.8643432617187,3401.499951171875,3391.3056477864584,0.0104860201008989,-0.005086360258128,0.0013772923411359,-0.0132545661053048,9.0,0.6479954833984376,1.0,1.0,1.0
3575.4873046875,3620.924469660341,3541.6428049101414,3605.50044216927,3529.893017578125,3488.58212890625,3469.2611328125,3431.417272949219,3411.324208984375,3399.5138020833333,-0.0074181369830035,0.0083941390149595,0.0127079642859513,-0.0094657026842154,9.0,0.6479977416992189,0.0,0.0,0.0
3625.247314453125,3681.4419877370274,3571.1155901724487,3571.1155901724487,3565.05400390625,3504.973876953125,3485.238623046875,3446.1634765625,3423.791181640625,3408.764973958333,0.0139169868399166,-0.0149318707346844,0.0155009212915946,-0.0149318707346844,9.0,0.6479988708496094,1.0,1.0,1.0
3635.906494140625,3646.467565035311,3586.9327418552075,3620.629734318331,3600.73564453125,3525.6244384765623,3497.5582194010417,3463.4320556640623,3435.837685546875,3417.243302408854,0.0029402627635924,-0.004201637156212,0.0029046596527455,-0.0134694751815923,9.0,0.6479994354248046,1.0,1.0,1.0
3715.335693359375,3728.2053196526695,3628.734767509332,3644.7483463428816,3630.837158203125,3554.5224853515624,3516.414241536458,3484.6450805664062,3450.882548828125,3429.2714680989584,0.0218457761074858,-0.0189989149951262,0.0034639201825819,-0.0233090447263837,9.0,0.6479997177124024,1.0,1.0,1.0
3881.218017578125,3917.224045041517,3715.4337652003705,3733.2157572472192,3686.63896484375,3597.415112304688,3546.2701171875,3511.62001953125,3472.419267578125,3449.023120117188,0.0446480043553643,-0.0381329416849556,0.0092769917330899,-0.0427144910764903,9.0,0.6479998588562013,1.0,1.0,1.0
3934.5146484375,3959.173617279127,3845.899941995924,3867.464127499709,3758.44443359375,3644.1687255859374,3578.53623046875,3541.5569580078127,3496.822705078125,3469.1775797526043,0.0137319343097948,-0.0170416244261332,0.006267347066917,-0.022522398404786,9.0,0.6479999294281007,1.0,1.0,1.0
3957.552734375,3978.822144466568,3925.771182540347,3932.156946475911,3824.905517578125,3694.9797607421874,3611.6177571614585,3570.155346679688,3521.911884765625,3490.6435709635416,0.0058553819202704,-0.0064170434618604,0.0053743845045508,-0.008030607288843,9.0,0.6479999647140504,1.0,1.0,1.0
3925.476318359375,3971.503034857068,3880.8251410497614,3934.711259136823,3882.819482421875,3741.7775634765626,3644.689453125,3593.87353515625,3547.309541015625,3510.334651692708,-0.0081051139854718,0.0023525656578937,0.0117251290709428,-0.0113747157512529,9.0,0.6479999823570253,0.0,0.0,0.0
3908.82421875,3946.99153326324,3896.101860528887,3914.964376178134,3921.5171875,3776.1771728515614,3676.854052734375,3617.689978027344,3572.019501953125,3529.321655273437,-0.0042420583539106,0.0015708451146716,0.0097643977772541,-0.0032547788053722,9.0,0.6479999911785126,0.0,0.0,0.0
3916.43798828125,3939.27937376414,3891.336976909644,3908.824193120287,3928.561181640625,3807.600073242188,3707.7971354166666,3641.842883300781,3595.008251953125,3548.442919921875,0.0019478413725354,-0.0019440612065722,0.0058321836197166,-0.0064091430648751,9.0,0.6479999955892564,1.0,1.0,1.0
3866.334228515625,3903.666384705079,3831.458135233373,3901.210321797878,3914.92509765625,3836.684765625,3734.420849609375,3662.633447265625,3616.2305859375,3566.50643717448,-0.0127931962450433,0.0090204548342016,0.0096556981323847,-0.0090204548342014,9.0,0.6479999977946282,0.0,0.0,0.0
3952.689453125,4010.947315445916,3858.082098259643,3875.6674133969454,3913.95244140625,3869.4289794921874,3767.970654296875,3687.201428222656,3638.914765625,3587.2519775390624,0.0223351680184485,-0.0194859830607641,0.0147387906416116,-0.0239349324016741,9.0,0.6479999988973142,1.0,1.0,1.0
4026.9609375,4037.767614814589,3933.826979582471,3945.223207963272,3934.249365234375,3908.534423828125,3805.934830729167,3717.079431152344,3661.948701171875,3611.79951171875,0.0187901137328865,-0.020297621656959,0.0026835813613075,-0.0231276040078373,9.0,0.6479999994486572,1.0,1.0,1.0
4059.233642578125,4095.436106995551,3984.078115074024,4076.082138751829,3964.33125,3942.92421875,3838.895198567708,3748.723352050781,3687.018232421875,3637.404793294271,0.0080141589598235,0.004150659374956,0.0089185466038936,-0.0185147084700371,9.0,0.6479999997243286,1.0,1.0,1.0
4059.233642578125,4096.664138490716,4015.122607361856,4076.917296108502,3992.890380859375,3960.72578125,3869.363509114584,3779.070446777344,3712.0523828125,3661.321940104168,0.0,0.00435640199295,0.0092210745200707,-0.0108668382015707,9.0,0.6479999998621644,0.0,0.0,0.0
4152.95703125,4160.47248827924,4058.005729219578,4058.3986033695073,4050.21494140625,3982.57001953125,3907.861490885417,3813.3693725585936,3740.14974609375,3688.561311848958,0.0230889367117948,-0.0227689396179548,0.0018096640472529,-0.0228635406809982,9.0,0.6479999999310821,1.0,1.0,1.0
4078.26318359375,4178.314361333557,4044.436762111233,4169.352997033146,4075.3296875,3994.641064453125,3938.062548828125,3844.810412597656,3764.827080078125,3711.6505859375,-0.01798570201767,0.0223354426477027,0.0245327908562393,-0.0082943203907476,9.0,0.648,0.0,0.0,0.0
3763.8310546875,4060.1436492970247,3742.117165355411,4037.986668431349,4022.7037109375,3978.4765380859376,3946.590852864583,3860.12705078125,3778.204287109375,3722.0745361328127,-0.0770995187782789,0.0728395110621167,0.0787263270598968,-0.005769092453033,9.0,0.5740000000000001,0.0,0.0,0.0
3737.58740234375,3786.3820487409016,3687.9558586525486,3771.5121557110288,3958.374462890625,3961.3528564453127,3948.074300130209,3868.7650146484375,3790.65357421875,3732.244270833333,-0.006972590417167,0.0090766448286949,0.0130551184880796,-0.0132790322602432,9.0,0.537,0.0,0.0,0.0
3736.848876953125,3761.713934891086,3689.088270616843,3727.296803769597,3893.897509765625,3943.3939453125,3938.449690755208,3875.497009277344,3802.035859375,3742.359903971354,-0.0001975941459353,-0.0025561839662394,0.0066540175310045,-0.0127809841684644,9.0,0.5185,0.0,0.0,0.0
3731.875732421875,3757.7255445418514,3710.900648636577,3736.159511740641,3809.68125,3929.948095703125,3924.9404296875,3883.3164306640624,3812.631748046875,3751.738330078125,-0.0013308390826082,0.0011478890579204,0.0069267612250316,-0.0056205204270524,9.0,0.50925,0.0,0.0,0.0
3743.34814453125,3750.8814219301626,3637.7332013949554,3732.220368173024,3742.6982421875,3909.01396484375,3910.660123697917,3889.221472167969,3824.387978515625,3761.138940429688,0.0030741677729793,-0.0029726800523437,0.0020124437022823,-0.0282140316792575,9.0,0.504625,1.0,1.0,1.0
3764.816162109375,3805.092537155595,3726.804530762254,3743.3484594423135,3742.895263671875,3882.7994873046873,3899.949446614584,3895.666955566406,3836.680693359375,3772.319449869792,0.0057349775519779,-0.0057021914862991,0.0106980987416007,-0.010096543817912,9.0,0.5023124999999999,1.0,1.0,1.0
3710.309814453125,3786.0373607065926,3706.420081164128,3775.5005326667338,3737.43974609375,3847.907104492188,3886.715152994792,3895.415661621094,3842.4999609375,3781.784602864583,-0.0144778244964053,0.0175701549125804,0.0204100331348284,-0.0010483580842347,9.0,0.50115625,0.0,0.0,0.0
3702.87451171875,3723.258885577452,3691.992924385566,3722.274130894242,3730.644873046875,3812.27119140625,3872.477587890625,3886.498486328125,3846.52658203125,3790.1373616536457,-0.0020039573798962,0.0052390701100177,0.0055050134143594,-0.0029386864984882,9.0,0.500578125,0.0,0.0,0.0
3658.4130859375,3734.140628055118,3643.59247925572,3702.874665564208,3715.95234375,3762.816796875,3858.616178385417,3872.693408203125,3849.84361328125,3796.518513997396,-0.0120072731712996,0.012153242015674,0.0206995602570703,-0.0040511025774396,9.0,0.5002890625,0.0,0.0,0.0
3621.681640625,3672.593411131529,3614.0990774293264,3658.363753632486,3691.61904296875,3717.158642578125,3836.548990885417,3855.899853515625,3849.700986328125,3802.2598225911456,-0.0100402673098046,0.0101284752905987,0.0140574947105907,-0.0020936581257222,9.0,0.50014453125,0.0,0.0,0.0
3655.803466796875,3699.6743393418847,3610.110942201067,3621.6818106055575,3669.81650390625,3706.3558837890623,3811.805159505208,3842.4162109375,3850.496865234375,3808.869995117188,0.0094215421336665,-0.0093335586831241,0.012000336709415,-0.012498627185734,9.0,0.5000722656250001,1.0,1.0,1.0
3645.759033203125,3681.9980565424735,3635.271491151225,3662.302961294854,3656.90634765625,3697.173046875,3784.240185546875,3829.262951660157,3847.713798828125,3811.567692057292,-0.0027475310653257,0.0045378556127977,0.0099400489745229,-0.0028766415872213,9.0,0.5000361328125,0.0,0.0,0.0
3637.536376953125,3680.077733455383,3626.8516919023846,3643.740139453672,3643.838720703125,3687.241796875,3756.127034505209,3815.31787109375,3837.966533203125,3812.745271809896,-0.0022554031067642,0.001705484662601,0.0116951013251147,-0.0029373410856966,9.0,0.50001806640625,0.0,0.0,0.0
3587.313720703125,3643.4937834651296,3579.583300214716,3637.536209922094,3629.61884765625,3672.785595703125,3718.41748046875,3801.366845703125,3824.07849609375,3813.139485677084,-0.0138067777323693,0.0140000270757265,0.0156607609860766,-0.0021549329359724,9.0,0.5000090332031251,0.0,0.0,0.0
3559.64208984375,3606.17174991571,3551.616435120483,3587.3137933767484,3617.2109375,3654.414990234375,3683.842740885417,3781.714477539064,3808.1620703125,3810.952644856771,-0.0077137471138017,0.0077737319748945,0.0130714433916592,-0.0022546240663254,9.0,0.5000045166015625,0.0,0.0,0.0
3594.994873046875,3622.4696751373713,3559.248467547847,3564.319858400908,3605.04921875,3637.432861328125,3672.586995442709,3760.116174316406,3794.9428125,3809.5889241536456,0.0099315555639687,-0.0085327005264875,0.0076425149578058,-0.0099433814960441,9.0,0.5000022583007813,1.0,1.0,1.0
3590.514404296875,3617.004211008847,3564.8122090530965,3613.951375104356,3594.00029296875,3625.4533203125,3662.78212890625,3736.680212402344,3782.210419921875,3805.428214518229,-0.0012463074102252,0.0065274688160095,0.0073777191034996,-0.0071583601539155,9.0,0.5000011291503906,0.0,0.0,0.0
3599.377197265625,3650.436587005833,3577.614021036264,3604.202399392437,3586.36845703125,3615.103588867188,3653.617350260417,3713.687390136719,3769.52798828125,3796.0335205078127,0.0024683908684904,0.0013405658430236,0.0141856179394026,-0.0060463727574576,9.0,0.5000005645751953,1.0,1.0,1.0
3581.651611328125,3644.134252375008,3577.121643293044,3617.988965577052,3585.23603515625,3607.42744140625,3643.602408854167,3685.122119140625,3758.14068359375,3784.271419270833,-0.0049246258355378,0.0101454184248401,0.0174452034500678,-0.0012647707054348,9.0,0.5000002822875976,0.0,0.0,0.0
3566.043212890625,3601.19891011589,3557.3773228259674,3599.278686397027,3586.516259765625,3601.8635986328127,3631.782080078125,3659.511120605469,3742.674833984375,3771.2211018880207,-0.0043578773513686,0.0093199861926129,0.0098584607999654,-0.0024301135873316,9.0,0.5000001411437989,0.0,0.0,0.0
3574.65966796875,3618.038161885541,3566.043064085905,3579.5834416160897,3582.44921875,3593.74921875,3619.10498046875,3650.0525512695312,3724.582783203125,3759.527213541666,0.0024162508875321,0.0013774104683195,0.0121349996771693,-0.0024104683195592,9.0,0.5000000705718994,1.0,1.0,1.0
3579.928466796875,3618.6784240171423,3566.880465666079,3599.278802495085,3580.33203125,3587.166162109375,3610.412890625,3642.1696044921873,3705.410576171875,3748.564021809896,0.0014739301968623,0.005405229707152,0.0108242266792941,-0.0036447658806072,9.0,0.5000000352859497,1.0,1.0,1.0
3687.660400390625,3692.8303628986832,3580.469748222762,3580.469748222762,3597.988671875,3592.178564453125,3609.398616536458,3639.710180664063,3690.547646484375,3740.9381022135417,0.0300933201858479,-0.0290673870502035,0.0014019627478469,-0.0290673870502035,9.0,0.5000000176429749,1.0,1.0,1.0
3652.8984375,3713.460854263509,3615.083951493167,3695.981457555342,3612.238037109375,3598.7370361328126,3609.030973307292,3635.7613159179687,3670.545302734375,3733.8235758463534,-0.0094265629467786,0.0117942014519372,0.0165792774695803,-0.0103519127766149,9.0,0.5,0.0,0.0,0.0
3619.909423828125,3690.861056522977,3608.141651841032,3643.592825276152,3623.011279296875,3604.76376953125,3608.9128255208334,3629.589379882813,3652.21115234375,3722.730908203125,-0.0090309145562919,0.0065425397917775,0.0196003889566438,-0.0032508470818721,9.0,0.5,0.0,0.0,0.0
3604.103759765625,3653.292451131616,3580.371314894704,3634.6804423821873,3628.90009765625,3605.674658203125,3605.4661783854167,3621.553759765625,3645.822060546875,3708.635668945312,-0.0043663147918726,0.0084838519239942,0.013647967607123,-0.0065848395198435,9.0,0.5,0.0,0.0,0.0
3629.0673828125,3637.68398673343,3561.808586408823,3604.05470874091,3638.727880859375,3609.5299560546873,3604.353401692708,3617.4916381835938,3641.481259765625,3694.296793619792,0.0069264440512385,-0.0068923145902585,0.0023743300997216,-0.0185333556280103,9.0,0.5,1.0,1.0,1.0
3596.1767578125,3633.745055648564,3589.431091555289,3633.745055648564,3620.43115234375,3609.209912109375,3601.59609375,3612.1567504882814,3635.854375,3678.861564127604,-0.0090631067242708,0.0104467328404949,0.0104467328404949,-0.0018757882917062,9.0,0.5,0.0,0.0,0.0
3496.519287109375,3606.319439542132,3487.0657859493053,3595.4871375084067,3589.155322265625,3600.6966796875,3595.5431315104165,3604.062060546875,3626.4401171875,3656.980305989584,-0.0277120612847031,0.0283046773869934,0.0314027017776097,-0.0027036891216135,9.0,0.5,0.0,0.0,0.0
3501.738525390625,3521.138145439871,3458.507889018104,3498.439741304473,3565.521142578125,3594.2662109375,3591.682893880208,3598.064904785156,3616.775732421875,3637.762817382813,0.0014926954072559,-0.0009420418064435,0.0055399967497806,-0.0123454781272392,9.0,0.5,1.0,1.0,1.0
3476.577880859375,3510.5519178544537,3469.340078098556,3500.80294253636,3540.015966796875,3584.4580322265624,3583.788427734375,3589.103625488281,3605.246201171875,3628.187711588542,-0.0071851865434308,0.0069680768005684,0.0097722640364612,-0.0020818756285216,9.0,0.5,0.0,0.0,0.0
3505.185302734375,3512.718820943268,3467.5184329458425,3469.8819886347405,3515.23955078125,3576.9837158203127,3578.099820963542,3582.074938964844,3597.041220703125,3620.440974934896,0.0082286152807048,-0.010071739737153,0.0021492496282624,-0.0107460423730376,9.0,0.5,1.0,1.0,1.0
3471.0634765625,3508.582487050608,3460.477363348659,3504.742039819552,3490.21689453125,3555.3240234375,3569.5455729166665,3573.7512939453127,3587.768779296875,3611.5814615885415,-0.0097346711300132,0.0097026641789923,0.0108090822139801,-0.0030498183871661,9.0,0.5,0.0,0.0,0.0
3550.927001953125,3571.016142793691,3468.306175873064,3471.063537214158,3501.0984375,3545.1268798828123,3567.497265625,3571.9319580078127,3583.4693359375,3605.549837239583,0.02300837363819,-0.0224908776482984,0.005657435601891,-0.0232673963825831,9.0,0.5,1.0,1.0,1.0
3519.0703125,3593.3700087741827,3512.521549296134,3574.6103830891543,3504.564794921875,3535.04296875,3564.365738932292,3569.903369140625,3579.3648828125,3598.073909505208,-0.0089713726684898,0.0157825975775112,0.0211134446533405,-0.0018609355944393,9.0,0.5,0.0,0.0,0.0
3423.007568359375,3541.227426161615,3399.767259702481,3525.422064075536,3493.850732421875,3516.933349609375,3554.2555989583334,3561.30400390625,3570.053046875,3586.6802897135417,-0.0272977620820484,0.0299194476409667,0.0345368379827748,-0.0067894412129602,9.0,0.5,0.0,0.0,0.0
3404.78955078125,3463.283886809428,3394.449625898183,3440.979287871983,3473.77158203125,3494.50556640625,3542.5796712239585,3552.0177612304688,3560.414267578125,3576.4962809244794,-0.0053222253279611,0.0106290672451192,0.01718001513919,-0.0030368763557484,9.0,0.5,0.0,0.0,0.0
3468.79833984375,3481.1077732711583,3404.789286021225,3404.789286021225,3473.3185546875,3481.767724609375,3527.9888671875,3545.488818359375,3553.66474609375,3568.693741861979,0.0187996315507408,-0.0184528034066714,0.0035486160397444,-0.0184528034066714,9.0,0.5,1.0,1.0,1.0
3497.40576171875,3504.397376155128,3436.843344918042,3449.103493406165,3462.614306640625,3481.8563720703123,3517.622688802084,3541.2765258789063,3550.068427734375,3563.326831054688,0.0082470697550808,-0.0138108848682309,0.0019990858689904,-0.017316382749637,9.0,0.5740000000000001,1.0,1.0,1.0
3531.083984375,3537.2387009342538,3476.233198482654,3515.574098645681,3465.017041015625,3484.79091796875,3511.700992838542,3539.528564453125,3548.926103515625,3560.3069091796874,0.0096294868113041,-0.0043923865300146,0.0017430105277835,-0.0155336962063376,9.0,0.611,1.0,1.0,1.0
3485.785400390625,3562.596265912334,3477.414985558131,3531.084115954709,3477.572607421875,3485.711669921875,3503.8131022135417,3535.084851074219,3544.557724609375,3554.639640299479,-0.0128285206992585,0.012995268027403,0.0220354544812486,-0.0024012995268027,9.0,0.6295,0.0,0.0,0.0
3540.143798828125,3549.05587679114,3492.678671201158,3501.738366199142,3504.64345703125,3489.20751953125,3497.88486328125,3533.0956176757813,3542.542900390625,3551.119132486979,0.0155943043514407,-0.0108485515875643,0.0025174338867151,-0.0134076835078504,9.0,0.6387499999999999,1.0,1.0,1.0
3557.376953125,3590.710994811671,3515.574165542816,3545.9539432248284,3522.3591796875,3497.8388671875,3495.2982096354167,3526.5814453125,3540.862890625,3548.4471516927083,0.0048679249420827,-0.003211076602421,0.0093703990681641,-0.011751014338096,9.0,0.643375,1.0,1.0,1.0
3554.324462890625,3564.713432612307,3527.489897389023,3559.888230762956,3533.742919921875,3498.17861328125,3499.151888020833,3521.652746582032,3539.7698046875,3547.347509765625,-0.0008580733148601,0.0015653517090012,0.002922909776569,-0.007549835638747,9.0,0.6456875,0.0,0.0,0.0
3565.107666015625,3579.484941100354,3526.652944982075,3566.683129362897,3540.54765625,3502.7823486328125,3503.376497395833,3518.9126586914062,3539.7323828125,3547.5296956380207,0.003033826325532,0.0004419118564888,0.0040327744437511,-0.0107864122590516,9.0,0.6468437499999999,1.0,1.0,1.0
3577.515625,3594.3550282862816,3559.83932438298,3576.6294418454177,3558.893701171875,3518.233154296875,3510.105680338542,3517.583251953125,3539.84662109375,3546.947054036458,0.0034803882930812,-0.0002477090940957,0.0047070104092925,-0.0049409429531198,9.0,0.647421875,1.0,1.0,1.0
3560.7255859375,3583.9656539624248,3520.399686284505,3574.610483766533,3563.01005859375,3533.8267578125,3513.8083658854166,3514.166162109375,3539.078505859375,3545.954093424479,-0.0046932119443922,0.0038994574262811,0.0065267787320393,-0.0113251916441567,9.0,0.6477109375000001,0.0,0.0,0.0
3530.936767578125,3553.7337441302006,3486.031854304374,3530.345818554006,3557.722021484375,3540.0406005859377,3517.799918619792,3510.904162597656,3532.809560546875,3543.672745768229,-0.0083659404917416,-0.00016736324183,0.006456353668353,-0.0127175637032297,9.0,0.64785546875,0.0,0.0,0.0
3479.9755859375,3555.6538424075807,3467.912340539511,3521.482901486392,3542.85224609375,3538.2975830078126,3513.06982421875,3510.0769775390627,3525.892646484375,3540.283544921875,-0.0144327652957601,0.0119274732031517,0.0217467779877233,-0.0034664741461796,9.0,0.6479277343750001,0.0,0.0,0.0
3530.6904296875,3537.6820439446924,3477.956766375135,3481.255550434244,3535.968798828125,3538.2582275390623,3513.8444986979166,3511.5245727539063,3522.32388671875,3539.105118815104,0.0145733332023757,-0.0140014765490589,0.0019802399548836,-0.0149357935402545,9.0,0.6479638671875001,1.0,1.0,1.0
3506.5146484375,3531.330419250908,3456.439774852616,3530.2470928935004,3521.768603515625,3540.33115234375,3519.411637369792,3513.0214111328123,3518.420322265625,3536.8336181640625,-0.006847323981372,0.0067681007597031,0.0070770475248023,-0.0142805259938662,9.0,0.64798193359375,0.0,0.0,0.0
3619.121337890625,3630.790777892643,3503.757414630329,3532.118399628434,3533.44775390625,3548.22890625,3533.7004231770834,3518.718212890625,3518.02248046875,3538.1400472005207,0.0321135659602341,-0.0240397958894906,0.0032243848471849,-0.0318762242239534,9.0,0.6479909667968751,1.0,1.0,1.0
3635.46826171875,3643.592488212738,3594.5516547471207,3638.176337216746,3554.354052734375,3556.038037109375,3544.8117513020834,3526.9384521484376,3519.594140625,3536.4003092447915,0.0045168211568315,0.0007449041782352,0.0022347125347057,-0.0112548381737996,9.0,0.6479954833984376,1.0,1.0,1.0
3665.109619140625,3678.0590481359486,3623.848250226281,3643.5926313528807,3591.380859375,3567.116552734375,3555.992008463542,3532.6475830078125,3526.33775390625,3536.8073486328126,0.0081533808819063,-0.0058707624119546,0.0035331628084727,-0.0112578812646861,9.0,0.6479977416992189,1.0,1.0,1.0
3665.89697265625,3684.755169334588,3620.007548076839,3677.074034622567,3618.42216796875,3577.1954833984373,3564.979541015625,3539.988916015625,3532.904091796875,3538.340266927083,0.000214824001856,0.0030489296479649,0.0051442244064685,-0.0125179253322441,9.0,0.6479988708496094,1.0,1.0,1.0
3734.436279296875,3747.976657394398,3666.242011423895,3666.242011423895,3664.006494140625,3592.887548828125,3581.5562662760417,3555.5603515625,3543.218427734375,3542.684684244792,0.0186964628716672,-0.0182609268903685,0.0036258158085569,-0.0182609268903685,9.0,0.6479994354248046,1.0,1.0,1.0
3750.881591796875,3796.229596539657,3732.319108838002,3751.915632377716,3690.358544921875,3611.903149414063,3595.6054524739584,3572.864953613281,3553.046279296875,3546.745157877604,0.0044036934278863,0.0002756793451177,0.0120899590224221,-0.004948832029107,9.0,0.6479997177124024,1.0,1.0,1.0
3766.8837890625,3791.305754735171,3725.8688502469113,3750.930810334095,3716.641650390625,3635.4978515625,3609.572574869792,3587.7692260742188,3564.879091796875,3552.4353922526043,0.0042662496466488,-0.004235059965143,0.0064833339811496,-0.0108882941742666,9.0,0.6479998588562013,1.0,1.0,1.0
3965.9521484375,3988.256747412983,3756.642477721024,3766.883830979023,3776.81015625,3684.0955078125,3637.0144205729166,3611.196545410157,3581.48009765625,3568.083154296875,0.0528469606503427,-0.050194331652969,0.0056240212036522,-0.0527766505702647,9.0,0.6479999294281007,1.0,1.0,1.0
4168.171875,4234.445681352288,3949.900827197241,3993.426941698573,3877.26513671875,3747.84365234375,3677.218701171875,3643.0509399414063,3607.44416015625,3590.297599283854,0.0509889476710328,-0.0419236390777256,0.0158999696605091,-0.05236613420668,9.0,0.648,1.0,1.0,1.0
4217.4091796875,4271.373545343332,4168.171444294493,4195.202672522898,3973.859716796875,3818.93310546875,3719.878271484375,3679.63212890625,3639.220224609375,3614.991975911458,0.0118126857922575,-0.0052654381442417,0.0127956200967511,-0.0116748774650923,9.0,0.730225,1.0,1.0,1.0
4240.60009765625,4259.064249024855,4148.279340813226,4209.92508368333,4071.80341796875,3881.080981445312,3765.203238932292,3714.654943847656,3672.652646484375,3639.5058024088544,0.00549885414971,-0.007233649310595,0.004354136429608,-0.0217706821480406,9.0,0.7713375,1.0,1.0,1.0
4234.396484375,4278.759494625324,4223.76084430946,4234.051724036513,4165.30595703125,3940.973803710937,3812.100553385417,3748.505920410156,3703.276572265625,3664.950236002604,-0.0014629092907578,-8.141900262736979e-05,0.0104768201121516,-0.0025117251312639,9.0,0.7918937500000001,0.0,0.0,0.0
4278.71044921875,4317.115885419044,4234.74076387345,4270.930501831421,4227.8576171875,4002.33388671875,3865.349544270833,3784.7252197265625,3734.528759765625,3689.209684244792,0.0104652374918761,-0.001818292562599,0.0089759371792281,-0.0102763872122564,9.0,0.802171875,1.0,1.0,1.0
4294.76123046875,4313.225380212812,4256.355799001101,4292.545532499463,4253.17548828125,4065.2203125,3916.28759765625,3821.207897949219,3765.075849609375,3715.0660481770833,0.0037513127940056,-0.0005159071367153,0.0042992261392948,-0.0089423903697335,9.0,0.8073109375,1.0,1.0,1.0
4380.63232421875,4382.158501699043,4306.184771258388,4317.361833491972,4285.8201171875,4129.839916992188,3974.562109375,3861.363732910156,3800.8697265625,3746.986873372396,0.019994381326905,-0.0144432324020852,0.0003483920510414,-0.0169947047481643,9.0,0.8098804687500001,1.0,1.0,1.0
4323.61474609375,4382.158607920998,4314.013387346058,4382.158607920998,4302.423046875,4187.113232421875,4021.5283365885416,3899.508190917969,3832.208564453125,3777.614379882813,-0.0130158328535752,0.0135404899060771,0.0135404899060771,-0.0022206786014795,9.0,0.811165234375,0.0,0.0,0.0
4419.875,4431.396824077533,4333.955139355386,4342.768887595983,4339.51875,4252.412353515625,4073.822119140625,3943.9551025390624,3866.708486328125,3809.316935221354,0.0222638369880707,-0.0174453151738492,0.002606821251174,-0.019439432256481,9.0,0.8118076171874999,1.0,1.0,1.0
4461.87451171875,4503.234209224598,4398.653067482051,4431.396161340847,4376.1515625,4302.00458984375,4126.939778645833,3993.050048828125,3903.01048828125,3841.465893554688,0.0095024207061851,-0.0068308398853114,0.009269578827737,-0.01416925645727,9.0,0.8121288085937499,1.0,1.0,1.0
4452.22412109375,4504.662314820824,4434.0061570758935,4470.78684546319,4407.644140625,4330.409814453125,4179.361588541667,4039.126733398437,3938.495146484375,3872.1705647786457,-0.0021628556786287,0.0041693149007242,0.0117779770965777,-0.0040918793668861,9.0,0.8122894042968749,0.0,0.0,0.0
4488.31494140625,4523.421832398828,4457.29516723607,4463.1546502475685,4429.1806640625,4357.500390625,4229.620166015625,4088.216748046875,3974.927119140625,3905.5882161458335,0.0081062451778896,-0.0056057321037276,0.0078218421503144,-0.0069112293979222,9.0,0.8123697021484375,1.0,1.0,1.0
4484.7705078125,4543.215320591954,4446.216972676943,4517.070272955875,4461.41181640625,4381.917431640625,4278.54609375,4131.499206542969,4011.888916015625,3937.0757731119793,-0.0007897025142,0.0072020998816124,0.0130318402419127,-0.008596545813971,9.0,0.8124098510742188,0.0,0.0,0.0
4497.62109375,4536.469860642563,4473.740791265258,4529.871811538672,4476.96103515625,4408.239892578125,4327.2619140625,4174.606848144531,4050.5562890625,3968.417244466146,0.0028653831706916,0.0071706168920027,0.0086376255542175,-0.0053095407520937,9.0,0.8124299255371095,1.0,1.0,1.0
4651.5380859375,4722.391382213663,4491.515439788043,4521.304270840481,4514.89375,4445.52265625,4372.967643229166,4223.928271484375,4097.4187890625,4004.991031901042,0.034221867289218,-0.0279980111289943,0.015232229633971,-0.0344020930696528,9.0,0.8124399627685548,1.0,1.0,1.0
4577.041015625,4669.657478434891,4551.289777840904,4652.86712324522,4539.85712890625,4473.750634765625,4400.2255859375,4269.4854736328125,4139.2728125,4038.722143554688,-0.0160155778446099,0.0165666218330502,0.0202350082714397,-0.0056261758844167,9.0,0.8124449813842773,0.0,0.0,0.0
4542.8212890625,4595.998045682687,4530.856614990414,4578.124843097247,4550.7583984375,4489.96953125,4421.9197265625,4309.904724121094,4180.725078125,4070.8989990234377,-0.0074763862603986,0.0077712839199168,0.0117056677418101,-0.0026337540728034,9.0,0.8124474906921386,0.0,0.0,0.0
4581.916015625,4596.293530455008,4519.285520352161,4579.060323153998,4570.1875,4515.799658203125,4444.67412109375,4351.4564453125,4219.236865234375,4104.9386800130205,0.0086058253395585,-0.0006232529058288,0.0031378826632741,-0.0136690622567632,9.0,0.8124487453460694,1.0,1.0,1.0
4653.75390625,4733.716186020926,4588.957234628149,4605.6980657416,4601.4140625,4539.187548828125,4472.631282552084,4395.799951171875,4259.968291015625,4142.36591796875,0.0156785699214089,-0.0103262530586031,0.0171823180558681,-0.0139235277428032,9.0,0.8124493726730346,1.0,1.0,1.0
4814.9580078125,4825.297931952398,4630.217933678873,4640.311669148774,4634.098046875,4574.4958984375,4508.381119791667,4438.250244140625,4305.9622265625,4186.86533203125,0.0346395844752346,-0.0362716223859801,0.0021474588403722,-0.0383679512539626,9.0,0.8124496863365174,1.0,1.0,1.0
4722.9326171875,4823.131408561423,4678.175804284992,4800.679193590917,4663.2763671875,4601.566748046875,4536.92587890625,4465.98828125,4348.24365234375,4226.60673828125,-0.0191123973408873,0.0164615044729803,0.0212153760164359,-0.0094764877101211,9.0,0.81245,0.0,0.0,0.0
4653.21240234375,4722.834755801504,4610.523187581171,4722.834755801504,4685.35458984375,4618.056494140625,4555.097884114583,4487.7784423828125,4384.994697265625,4264.829996744792,-0.0147620600366024,0.0149622126474791,0.0149622126474791,-0.0091741384384423,9.0,0.6562250000000001,0.0,0.0,0.0
4722.09619140625,4739.969394034078,4653.950970055709,4662.616619560934,4713.390625,4641.7890625,4581.663313802083,4511.853247070312,4423.84328125,4301.5958251953125,0.0148034912457046,-0.0125960102112199,0.0037850145154507,-0.0144311379074738,9.0,0.5781125,1.0,1.0,1.0
4810.87158203125,4825.298142555314,4707.226147438608,4731.74644387312,4744.81416015625,4673.114111328125,4607.729752604167,4540.677001953125,4465.60279296875,4340.775935872396,0.0187999962361127,-0.0164471524148899,0.0029987415540144,-0.0215440035813387,9.0,0.53905625,1.0,1.0,1.0
4783.15087890625,4849.917057433059,4774.090943032583,4825.298189121216,4738.452734375,4686.275390625,4629.148177083333,4565.8990234375,4498.2907421875,4378.043977864583,-0.0057620958390445,0.0088116204740342,0.0139586185376774,-0.001894135498343,9.0,0.519528125,0.0,0.0,0.0
4844.353515625,4933.473823076371,4718.501566434387,4806.390930412674,4762.7369140625,4713.006640625,4655.29013671875,4593.378637695312,4525.3380078125,4417.325862630209,0.0127954643849213,-0.0078364605493553,0.0183967390414268,-0.0259791009852375,9.0,0.5097640625,1.0,1.0,1.0
4828.4990234375,4884.728619271159,4778.571762222082,4824.412387142357,4797.79423828125,4741.5744140625,4677.969075520833,4615.77197265625,4549.7816015625,4453.794620768229,-0.0032727777063261,-0.0008463574861061,0.0116453571929331,-0.0103401203920869,9.0,0.50488203125,0.0,0.0,0.0
4861.38916015625,4874.535731478293,4810.428104781704,4815.20426121131,4825.65283203125,4769.521728515625,4703.076985677083,4642.660693359375,4574.6131640625,4490.811539713542,0.0068116689180429,-0.0095003500899433,0.002704282847749,-0.0104828175024992,9.0,0.502441015625,1.0,1.0,1.0
4802.99365234375,4932.636518373104,4790.536600985268,4874.5359884102345,4824.07724609375,4784.445703125,4723.43515625,4661.816625976562,4597.35705078125,4525.34853515625,-0.0120121031023616,0.0148953634430837,0.02699209605786,-0.0025936014619556,9.0,0.5012205078125,0.0,0.0,0.0
4835.04736328125,4895.806925103933,4745.188490254366,4783.938686735336,4834.45654296875,4786.454638671875,4735.669108072917,4680.475268554687,4619.61052734375,4554.318375651042,0.0066736942119127,-0.0105704603710913,0.0125664874110869,-0.0185849002657757,9.0,0.50061025390625,1.0,1.0,1.0
4839.47802734375,4879.459161240022,4784.5779570634,4845.583698346587,4833.4814453125,4798.1091796875,4753.164908854166,4699.837963867188,4641.39919921875,4576.695247395834,0.0009163641490149,0.0012616383354442,0.0082614558161795,-0.0113442131507067,9.0,0.500305126953125,1.0,1.0,1.0
4896.693359375,4920.819852548391,4826.381961151437,4841.498043858148,4847.1203125,4822.457275390625,4776.756380208333,4720.256884765625,4662.041640625,4599.338053385417,0.0118226246111615,-0.0112719566993464,0.004927099044746,-0.0143589547197084,9.0,0.5001525634765625,1.0,1.0,1.0
4997.92529296875,5012.40137926735,4916.338751455388,4933.6210039547,4874.4275390625,4850.040185546875,4804.49033203125,4745.914624023438,4689.0140625,4624.5822265625,0.0206735292909317,-0.0128661965204872,0.0028964191039362,-0.0163240818401468,9.0,0.5000762817382812,1.0,1.0,1.0
5048.19775390625,5064.593824797488,4941.696620800552,4997.581454469083,4923.468359375,4873.772802734375,4830.786588541667,4773.44345703125,4714.14697265625,4651.708935546875,0.010058665944492,-0.0100266078914996,0.0032479058251138,-0.0210968623452377,9.0,0.5000381408691406,1.0,1.0,1.0
5123.28564453125,5137.219829398142,5027.074903994432,5068.139373299871,4981.116015625,4907.786279296875,4851.341764322917,4797.030834960938,4740.60341796875,4679.861442057291,0.0148741975424591,-0.0107638486427636,0.0027197751274645,-0.0187791091912894,9.0,0.5000190704345703,1.0,1.0,1.0
5041.9443359375,5145.343585014343,5015.553100888989,5130.523218314908,5021.60927734375,4927.545361328125,4872.609212239583,4820.2760009765625,4764.1922265625,4704.767545572917,-0.0158767857655128,0.0175683975219727,0.0205078125,-0.0052343368530274,9.0,0.5,0.0,0.0,0.0
5106.93798828125,5120.625982749568,5035.888031256553,5056.715497459356,5063.658203125,4955.3892578125,4902.857584635417,4848.4818359375,4788.9371484375,4728.977734375,0.0128905929961372,-0.0098341689163131,0.0026802742660527,-0.0139124377832142,9.0,0.550575,1.0,1.0,1.0
5160.607421875,5186.654378127215,5077.592786299592,5122.64531746089,5096.19462890625,4985.311083984375,4932.091666666666,4877.41640625,4815.970625,4756.877490234375,0.0105091218489246,-0.0073561310347295,0.0050472655877302,-0.0160862140420761,9.0,0.5758624999999999,1.0,1.0,1.0
5189.11572265625,5220.184540366355,5148.888397951928,5160.606882435367,5124.37822265625,5023.923291015625,4957.307942708333,4904.184497070312,4843.63041015625,4782.51884765625,0.0055242141962606,-0.0054939688657184,0.005987304845497,-0.0077522504515914,9.0,0.58850625,1.0,1.0,1.0
5158.736328125,5234.463872212104,5123.629917464432,5194.5813048478685,5131.468359375,5056.2921875,4982.34697265625,4921.3734130859375,4863.91833984375,4805.747574869792,-0.0058544453727655,0.0069484025627448,0.0146794756061174,-0.0068052345434231,9.0,0.594828125,0.0,0.0,0.0
5124.220703125,5155.536194609124,5072.028698155435,5150.267660204168,5147.9236328125,5084.766455078125,5001.00478515625,4941.437817382813,4885.80552734375,4828.1474609375,-0.0066907131523322,0.0050831060151808,0.0061112690686853,-0.0101853546116261,9.0,0.5979890625,0.0,0.0,0.0
5099.6015625,5188.377588652167,5086.799750638987,5150.2673871617735,5146.45634765625,5105.057275390625,5019.078287760417,4963.757275390625,4908.07673828125,4848.523681640625,-0.0048044653131325,0.0099352516154096,0.0174084239845291,-0.0025103553099425,9.0,0.59956953125,0.0,0.0,0.0
5041.7470703125,5145.343460161082,4995.660741320032,5143.275379062271,5122.68427734375,5109.439453125,5031.1021484375,4979.739819335938,4926.46998046875,4867.089567057292,-0.0113449043966363,0.0201375252137505,0.0205477165759844,-0.0091409442698623,9.0,0.6003597656249999,0.0,0.0,0.0
4980.64306640625,5077.444260740863,4953.808500925637,5049.871129237848,5080.98974609375,5102.683984375,5042.945442708334,4988.228393554688,4939.545546875,4883.190299479166,-0.0121196091462126,0.0138994226063962,0.0194354811304435,-0.005387771242153,9.0,0.6007548828125,0.0,0.0,0.0
4971.7314453125,5150.267287236872,4935.590754040382,4994.922227091247,5043.58876953125,5087.528564453125,5052.05771484375,4997.657421875,4945.816484375,4893.863411458334,-0.0017892511017016,0.0046645282501354,0.0359101942428328,-0.007269236415855,9.0,0.6009524414062499,0.0,0.0,0.0
4960.80078125,4977.295423832804,4892.261752320562,4971.14070645116,5010.90478515625,5079.414208984375,5060.1458984375,5003.47978515625,4955.3312109375,4906.655403645834,-0.0021985628513393,0.0020843258290559,0.0033249959653989,-0.013816122023785,9.0,0.6010512207031249,0.0,0.0,0.0
4983.4501953125,5002.899102449621,4947.063313422308,4961.145595446756,4987.67451171875,5067.0654296875,5065.9296875,5011.22734375,4968.54072265625,4921.343033854167,0.0045656770068466,-0.0044757344794424,0.003902699209358,-0.0073015442041375,9.0,0.6011006103515624,1.0,1.0,1.0
4979.0673828125,5026.631323349452,4937.560068353486,4983.449733564669,4975.13857421875,5048.91142578125,5064.672493489584,5017.111254882812,4978.8195703125,4934.581412760416,-0.0008794735230067,0.0008801549397177,0.009552781049146,-0.0083363632720246,9.0,0.6011253051757812,0.0,0.0,0.0
4858.6318359375,4995.266543902496,4833.520592311501,4979.067137542203,4950.736328125,5015.863037109375,5052.034765625,5019.8931640625,4980.72998046875,4941.410677083333,-0.0241883745720609,0.0247879044289562,0.0281220542281799,-0.0051683775338275,9.0,0.6011376525878906,0.0,0.0,0.0
4888.61767578125,4899.105698243992,4829.483347039595,4899.105698243992,4934.11357421875,4988.851171875,5036.390234375,5022.5716796875,4984.94865234375,4943.865999348958,0.0061716633110489,0.0021453963386626,0.0021453963386626,-0.0120963292005044,9.0,0.6011438262939452,1.0,1.0,1.0
4742.283203125,4880.444089431602,4690.632628931614,4804.322746634723,4890.41005859375,4950.657421875,5016.412825520833,5017.711938476563,4980.86583984375,4944.511018880208,-0.029933711810029,0.0130822097399923,0.0291338328793941,-0.0108914993012965,9.0,0.6011469131469727,0.0,0.0,0.0
4923.3798828125,4945.53686441093,4743.071194170706,4786.105168543456,4878.39599609375,4933.03525390625,5004.175618489583,5019.0462646484375,4984.66107421875,4953.5166015625,0.0381876560151792,-0.0278822105010156,0.0045003599408974,-0.0366229486518501,9.0,0.6011484565734864,1.0,1.0,1.0
4895.9541015625,4967.939765150721,4859.370561208997,4923.37961568711,4861.77333984375,4918.45595703125,4986.532063802083,5013.947705078125,4986.043671875,4959.311865234375,-0.0055705190139284,0.0056016689608788,0.014703092001056,-0.0074721983896515,9.0,0.6011492282867432,0.0,0.0,0.0
4899.49951171875,4946.324406505245,4865.131668022126,4922.444104450692,4869.946875,4910.3416015625,4967.22431640625,5006.51279296875,4989.90390625,4962.266129557292,0.0007241510199449,0.0046830482740252,0.0095570771411443,-0.0070145621230132,9.0,0.6011496141433716,1.0,1.0,1.0
4870.89208984375,4921.26267855162,4831.206666875945,4899.154742704409,4866.4017578125,4900.257666015625,4948.034700520833,4993.893115234375,4991.3376953125,4965.190836588542,-0.0058388457446675,0.0058023565990281,0.0103411423983086,-0.0081474650301845,9.0,0.6011498070716859,0.0,0.0,0.0
4919.88330078125,5010.3826382272055,4896.200143668191,4913.925727454601,4901.92177734375,4896.16591796875,4934.41220703125,4987.790063476563,4994.55390625,4967.70849609375,0.0100579544842824,-0.001210917609713,0.0183946105859025,-0.0048137639990969,9.0,0.601149903535843,1.0,1.0,1.0
4780.73828125,4987.782974309955,4760.304619509244,4923.92153048524,4873.39345703125,4875.8947265625,4913.154654947916,4971.480078125,4989.915703125,4966.116471354167,-0.0282821788698025,0.0299500288055514,0.0433081003141253,-0.0042741644780883,9.0,0.6011499517679215,0.0,0.0,0.0
4842.728515625,4855.825561165472,4708.506157768176,4800.679296427029,4862.74833984375,4862.26083984375,4899.886751302083,4955.5861328125,4983.70783203125,4965.494449869791,0.0129666655499894,-0.0086829602490207,0.0027044765152981,-0.0277162672703532,9.0,0.6011499758839607,1.0,1.0,1.0
4848.9814453125,5070.10841342489,4795.755643290157,4850.261914992749,4852.6447265625,4861.29580078125,4891.109309895834,4938.579418945313,4975.7391796875,4967.027376302083,0.0012911997167144,0.0002640698247022,0.0456027663966736,-0.0109766973997799,9.0,0.60115,1.0,1.0,1.0
4987.97998046875,5052.7276056503415,4873.502240128672,4874.437468644136,4876.0623046875,4871.23203125,4892.192545572917,4930.0416015625,4970.326953125,4972.125130208334,0.0286655118655113,-0.0227632252473362,0.0129807307637803,-0.0229507216926158,9.0,0.455125,1.0,1.0,1.0
5049.6748046875,5145.343633689991,5022.39690543331,5071.487026507839,4902.02060546875,4901.97119140625,4898.11748046875,4926.314306640625,4970.636171875,4979.131689453125,0.0123686992450503,0.0043195300022274,0.018945542575075,-0.0054019120654795,9.0,0.3821124999999999,1.0,1.0,1.0
5230.18017578125,5295.4201789851895,5049.674819628889,5076.0660550051525,4991.908984375,4932.651220703125,4914.566145833333,4932.843237304687,4975.565859375,4990.247916666666,0.0357459397041153,-0.0294663119809399,0.0124737582666918,-0.0345122634566597,9.0,0.34560625,1.0,1.0,1.0
5246.6748046875,5337.370814511133,5147.066956595215,5268.437981113388,5072.6982421875,4967.723291015625,4932.406640625,4943.089624023438,4979.0085546875,4998.539567057292,0.0031537400915229,0.0041479941555446,0.0172863791258042,-0.0189849479528049,9.0,0.327353125,1.0,1.0,1.0
5070.8466796875,5238.894972050193,4891.7198970173695,5238.894972050193,5117.0712890625,4984.8580078125,4946.554296875,4947.5998046875,4974.27779296875,4999.29453125,-0.0335122971301577,0.0331400854685375,0.0331400854685375,-0.035324827190628,9.0,0.3182265625,0.0,0.0,0.0
5212.75048828125,5234.562710933313,5081.334767889193,5120.675914483258,5162.025390625,5019.04384765625,4968.163151041666,4959.6507568359375,4976.438359375,5002.276692708333,0.0279842435706407,-0.0176633380026502,0.0041843979874154,-0.0252104375007956,9.0,0.31366328125,1.0,1.0,1.0
5157.9482421875,5212.454513820002,5064.150352159576,5212.454513820002,5183.680078125,5042.850341796875,4995.874153645834,4969.508129882813,4977.7874609375,5006.143489583334,-0.0105131151427544,0.010567432838253,0.010567432838253,-0.0181851165664554,9.0,0.3113816406249999,0.0,0.0,0.0
5229.5888671875,5257.605330670101,5101.02933374623,5163.955062757618,5183.56181640625,5087.735400390625,5016.2880859375,4981.8150634765625,4982.986953125,5010.231852213542,0.0138893648474489,-0.0125504711931934,0.0053572975226383,-0.0245831052318287,9.0,0.3102408203125,1.0,1.0,1.0
5397.1669921875,5410.648606418899,5222.700296087284,5293.478165767921,5213.66025390625,5143.179248046875,5049.702278645834,5002.720043945313,4997.20375,5018.117171223958,0.0320442255129176,-0.0192117135841211,0.0024979057069967,-0.0323256064436693,9.0,0.3096704101562499,1.0,1.0,1.0
5424.17919921875,5450.745523320232,5358.357774527786,5397.16660191788,5284.3267578125,5200.6990234375,5084.680924479167,5030.997412109375,5014.9451953125,5025.952620442708,0.0050048862802189,-0.0049800340860347,0.0048977592969841,-0.0121348175038988,9.0,0.3093852050781249,1.0,1.0,1.0
5355.7802734375,5422.345163418794,5304.332524908151,5422.345163418794,5312.93271484375,5237.479052734375,5117.006803385417,5054.355541992188,5030.3071484375,5032.520751953125,-0.0126100048079351,0.0124286073331703,0.0124286073331703,-0.0096060230074241,9.0,0.3092426025390624,0.0,0.0,0.0
5368.31982421875,5471.909413662173,5343.141207417869,5377.737059622697,5355.00703125,5269.3435546875,5146.902571614583,5085.657373046875,5046.60791015625,5040.657389322917,0.0023413116560141,0.0017542239867047,0.0192964638537531,-0.004690222942249,9.0,0.3091713012695312,1.0,1.0,1.0
5375.953125,5431.713073441996,5320.291918133369,5419.371344575902,5384.2798828125,5283.920849609375,5186.583561197916,5108.28603515625,5062.30802734375,5049.869108072917,0.0014219161732527,0.0080763761450957,0.0103721046566966,-0.010353737388034,9.0,0.3091356506347655,1.0,1.0,1.0
5373.9208984375,5424.427216156356,5308.347293383526,5375.953329274345,5379.6306640625,5296.645458984375,5221.99638671875,5132.184375,5078.10216796875,5060.941569010417,-0.0003780216298853,0.0003782025964387,0.0093984110807325,-0.0122021902244671,9.0,0.3091178253173827,0.0,0.0,0.0
5017.7509765625,5366.634478066157,4618.41053148316,5358.059934155302,5298.34501953125,5291.335888671875,5233.247688802084,5138.096948242188,5084.46693359375,5062.178499348958,-0.0662774775822544,0.0678210136737269,0.0695298557328298,-0.0795855447878194,9.0,0.3091,0.0,0.0,0.0
5000.10595703125,5051.950608958458,4891.659148496712,4966.352794821095,5227.21015625,5270.071435546875,5234.056087239584,5144.557641601563,5088.92646484375,5063.12431640625,-0.0035165195749387,-0.0067504893896679,0.0103687106578818,-0.0216889020885723,9.0,0.4045499999999999,0.0,0.0,0.0
4946.77490234375,5035.544548421182,4914.409446208679,5035.395952027843,5142.901171875,5248.9541015625,5227.19609375,5145.902221679688,5097.1061328125,5062.656787109375,-0.0106659849102807,0.0179149145521266,0.0179449535970139,-0.0065427388094284,9.0,0.452275,0.0,0.0,0.0
5082.6806640625,5103.447857411396,4942.562007341718,4974.283223594211,5084.2466796875,5234.26328125,5217.36279296875,5160.999340820313,5103.4781640625,5065.964469401041,0.0274736094529708,-0.0213268248848922,0.0040858741127949,-0.02756786545956,9.0,0.4761375,1.0,1.0,1.0
5068.3564453125,5123.918429520248,5058.592161462521,5105.133327838908,5023.1337890625,5201.3822265625,5205.47490234375,5172.280737304687,5110.3742578125,5068.940771484375,-0.0028182409434612,0.0072561752361399,0.0109625249935083,-0.0019265187749392,9.0,0.48806875,0.0,0.0,0.0
5080.25146484375,5124.463003755313,5065.481371349193,5111.625631326585,5035.63388671875,5166.989453125,5206.101888020833,5183.84423828125,5117.6043359375,5076.328092447917,0.0023469185049625,0.0061757113205811,0.0087026280524724,-0.002907354802566,9.0,0.494034375,1.0,1.0,1.0
5055.916015625,5094.873441708706,4999.660419755499,5094.824070918003,5046.7958984375,5137.00302734375,5195.646256510417,5187.241040039063,5125.00529296875,5081.904703776042,-0.0047902056398498,0.0076955501580247,0.0077053151126937,-0.0111266871711568,9.0,0.4970171875,0.0,0.0,0.0
5167.03955078125,5176.208965174448,5042.979465039494,5055.668242400015,5090.848828125,5116.875,5196.25234375,5193.10927734375,5134.89154296875,5096.063248697917,0.0219789123895312,-0.0215541815166474,0.0017745972917531,-0.0240098966772952,9.0,0.49850859375,1.0,1.0,1.0
5099.482421875,5179.479553275271,5092.196842643923,5176.50568941693,5094.2091796875,5089.2279296875,5187.578580729167,5186.574389648437,5147.64130859375,5101.933333333333,-0.0130746297260363,0.0151041343355802,0.0156873040795495,-0.001428689939164,9.0,0.499254296875,0.0,0.0,0.0
5112.31982421875,5179.479583410339,5093.584578607668,5142.801928944084,5103.00185546875,5063.067822265625,5168.58876953125,5179.856640625,5158.4249609375,5109.145524088542,0.002517393194392,0.005962480003878,0.0131368461874061,-0.0036647248715401,9.0,0.4996271484375,1.0,1.0,1.0
5012.74462890625,5143.743716550431,4997.379665935791,5128.081076783511,5089.50048828125,5062.5671875,5141.159798177084,5176.9515380859375,5164.97548828125,5112.920361328125,-0.019477497249053,0.0230086422540194,0.0261332059265033,-0.0030651796785848,9.0,0.49981357421875,0.0,0.0,0.0
4902.5634765625,5036.635180645486,4852.404206177739,5020.82442721625,5058.82998046875,5052.812939453125,5110.945345052083,5161.4421875,5161.558828125,5113.97607421875,-0.0219802045586732,0.0241222681193453,0.0273472653080244,-0.0102312332363579,9.0,0.499906787109375,0.0,0.0,0.0
4941.91796875,4973.292138675457,4838.576189707362,4872.180757741652,5013.8056640625,5052.32724609375,5082.5185546875,5150.640673828125,5157.2485546875,5114.710563151041,0.0080273294523651,-0.0141113655567186,0.0063485816891033,-0.0209112696115385,9.0,0.4999533935546875,1.0,1.0,1.0
5001.24658203125,5051.2567729229695,4814.735351238982,4946.527288951345,4994.15849609375,5044.183837890625,5057.538118489583,5139.223559570312,5148.0912109375,5122.06083984375,0.0120051797007582,-0.0109411308125664,0.0099995451276886,-0.0372929484145764,9.0,0.4999766967773437,1.0,1.0,1.0
4932.3017578125,5024.640132916769,4867.223801146422,5006.004113195404,4958.1548828125,5030.578369140625,5028.096842447917,5115.980297851563,5135.5162890625,5125.046614583333,-0.0137855278854793,0.0149427912163246,0.0187211528487709,-0.0131942366589792,9.0,0.4999883483886719,0.0,0.0,0.0
4829.3564453125,4956.736946995997,4820.484708568835,4956.439754221671,4921.47724609375,5005.4888671875,5015.53720703125,5086.23916015625,5125.8566796875,5124.392447916666,-0.020871657403552,0.0263147502877989,0.0263762890823964,-0.0018370432673852,9.0,0.4999941741943359,0.0,0.0,0.0
4742.47021484375,4860.384111739626,4726.064592655052,4854.733576735471,4889.45859375,4974.144287109375,4998.361490885417,5055.573657226562,5107.04546875,5116.2087890625,-0.0179912647684318,0.0236719171246118,0.0248633921889083,-0.0034592989403179,9.0,0.4999970870971679,0.0,0.0,0.0
4754.16796875,4792.877572284396,4703.513054169197,4758.1824916163605,4851.90859375,4932.85712890625,4985.521028645833,5024.866064453125,5090.8942578125,5106.358561197917,0.002466595123705,0.0008444217563932,0.0081422456650335,-0.0106548432688468,9.0,0.499998543548584,1.0,1.0,1.0
4748.021484375,4787.028762225437,4728.492918042701,4787.028762225437,4801.26357421875,4897.71103515625,4963.210416666667,4993.469482421875,5071.6315625,5090.286604817708,-0.0012928622664158,0.0082154804856726,0.0082154804856726,-0.0041129903048174,9.0,0.499999271774292,0.0,0.0,0.0
4958.57080078125,4978.743606874895,4609.488854548185,4609.488854548185,4806.5173828125,4882.3361328125,4955.891373697917,4972.701977539063,5054.08771484375,5080.683138020833,0.0443446427315325,-0.070399709968458,0.0040682702544987,-0.070399709968458,9.0,0.499999635887146,1.0,1.0,1.0
4960.603515625,5015.025129058647,4918.820339940861,5005.360071229296,4832.766796875,4877.122021484375,4947.91484375,4969.844604492188,5035.5446875,5077.008365885416,0.0004099396631444,0.009022401299221,0.0109707645979422,-0.0084230024738984,9.0,0.499999817943573,1.0,1.0,1.0
4898.9453125,4966.303525937805,4778.057546881903,4892.006296476628,4864.06181640625,4876.760205078125,4937.450130208334,4964.786572265625,5017.2712890625,5066.548193359375,-0.0124295769518341,-0.0014164305949009,0.0137495336528732,-0.0246762839563943,9.0,0.5,0.0,0.0,0.0
4965.41064453125,5000.948413858927,4887.198123149748,4887.198123149748,4906.3103515625,4879.10947265625,4924.008203125,4965.718359375,5001.154921875,5060.1302734375,0.0135672737276039,-0.0157514709216736,0.0071570655222277,-0.0157514709216736,9.0,0.4317,1.0,1.0,1.0
4912.17919921875,4981.123087574339,4868.810348233335,4965.361704821681,4939.14189453125,4870.202734375,4911.521321614583,4957.193286132812,4982.60396484375,5049.549951171875,-0.0107204517658831,0.010826662352096,0.0140352958553615,-0.0088288413810947,9.0,0.3975499999999999,0.0,0.0,0.0
4852.0078125,4896.913450242889,4823.260459906891,4890.023804889805,4917.829296875,4862.17333984375,4894.1671875,4946.375854492188,4961.72744140625,5031.377978515625,-0.0122494282635942,0.0078351053540899,0.009255062950888,-0.0059248364190693,9.0,0.380475,0.0,0.0,0.0
4823.70654296875,4872.180428452464,4787.920950035687,4872.180428452464,4890.44990234375,4861.608349609375,4881.5646484375,4933.548608398438,4953.9656640625,5011.362223307292,-0.0058328985906285,0.0100490950375851,0.0100490950375851,-0.0074186919569609,9.0,0.3719375,0.0,0.0,0.0
4869.85107421875,5050.612544424784,4837.733438651433,4850.22376471299,4884.6310546875,4874.346435546875,4879.383821614583,4924.245361328125,4948.75546875,4995.164583333333,0.0095661978685793,-0.0040303716082137,0.0371184801036308,-0.0065951987191865,9.0,0.36766875,1.0,1.0,1.0
4845.7626953125,4906.875502492623,4803.087457344118,4877.087492295495,4860.70146484375,4883.505908203125,4872.973470052083,4908.181518554688,4944.71498046875,4977.746012369792,-0.0049464302992293,0.0064643687593899,0.0126115971876294,-0.008806712307572,9.0,0.3655343749999999,0.0,0.0,0.0
4840.06298828125,4877.335514677408,4813.74400090652,4837.485542621104,4846.27822265625,4892.71005859375,4862.227897135416,4895.210546875,4935.0102734375,4959.8830078125,-0.0011762249597495,-0.0005325231647576,0.0077008349863219,-0.0054377365415394,9.0,0.3644671874999999,0.0,0.0,0.0
4782.46875,4831.735955088802,4771.267389693425,4825.8375981319305,4832.37041015625,4875.099853515625,4852.239029947917,4878.717993164062,4923.574765625,4940.167936197917,-0.0118994811473935,0.0090682972328737,0.0103016261400143,-0.0023421711446781,9.0,0.36393359375,0.0,0.0,0.0
4693.94677734375,4827.572196059062,4683.984043278414,4782.468595459332,4806.41845703125,4848.4341796875,4843.21171875,4862.778100585938,4908.122578125,4929.374462890625,-0.0185096813557328,0.018858717900861,0.0284676041407798,-0.002122464215705,9.0,0.363666796875,0.0,0.0,0.0
4674.56689453125,4713.574171918202,4631.792916569464,4683.83553360957,4767.36162109375,4825.996337890625,4838.684830729167,4851.378271484375,4892.86861328125,4918.523160807292,-0.0041286967517486,0.0019827802847711,0.0083445757151505,-0.009150361718393,9.0,0.3635333984375,0.0,0.0,0.0
4693.0546875,4734.342220825482,4639.227941532899,4659.053701966801,4736.82001953125,4798.7607421875,4834.610611979167,4838.935107421875,4873.90921875,4910.0658203125,0.0039549745218918,-0.0072449583048246,0.008797581974796,-0.0114694478439529,9.0,0.3634666992187499,1.0,1.0,1.0
4610.33203125,4707.775450990573,4596.007725605187,4698.70526232131,4690.873828125,4768.576025390625,4825.431315104167,4819.389379882812,4854.343203125,4894.320865885416,-0.0176266124642298,0.0191685176842566,0.0211358789519011,-0.0031070008727611,9.0,0.363433349609375,0.0,0.0,0.0
4576.13232421875,4604.483257010226,4527.261536805488,4584.706868367095,4649.60654296875,4740.9884765625,4799.935416666666,4801.580908203125,4832.895703125,4877.913395182291,-0.0074180572677706,0.0018737535413835,0.0061953918249766,-0.0106794961226576,9.0,0.3634166748046875,0.0,0.0,0.0
4704.35546875,4714.565541134378,4591.050964424509,4603.789111525091,4651.68828125,4729.053369140625,4782.852213541667,4795.330859375,4820.56013671875,4865.383528645833,0.0280199818201587,-0.0213772870466419,0.0021703445779557,-0.0240850218649818,9.0,0.3634083374023438,1.0,1.0,1.0
4663.41552734375,4750.054008369802,4624.358873959727,4718.332789941783,4649.4580078125,4708.409814453125,4767.150227864583,4791.378125,4810.99421875,4852.300179036459,-0.0087025612069931,0.0117761889919583,0.0185783318081032,-0.0083751175838858,9.0,0.3634041687011718,0.0,0.0,0.0
4679.8212890625,4718.183844343246,4650.132019776375,4667.975203821563,4646.811328125,4691.815673828125,4748.1109375,4787.660791015625,4800.5103515625,4836.0595703125,0.0035179712428702,-0.0025313114559787,0.0081974402249944,-0.0063441032151192,9.0,0.3634020843505859,1.0,1.0,1.0
4825.2431640625,4836.494380198831,4656.079955686393,4672.931852481511,4689.7935546875,4690.33369140625,4742.315201822917,4791.521875,4793.47021484375,4826.91826171875,0.03107423681752,-0.0315655204105308,0.0023317407545651,-0.0350579655002679,9.0,0.363401042175293,1.0,1.0,1.0
4867.62060546875,4894.385382057501,4815.677209931608,4825.590090149663,4748.0912109375,4698.848876953125,4743.3560546875,4786.974365234375,4790.88296875,4818.76162109375,0.0087824468043122,-0.0086347147252736,0.005498533833693,-0.0106712087377525,9.0,0.3634005210876465,1.0,1.0,1.0
4840.955078125,4976.265893762158,4819.345192755063,4866.332148412605,4775.4111328125,4713.54970703125,4744.50595703125,4780.991943359375,4791.3469140625,4813.035302734375,-0.0054781441498935,0.005242161903604,0.0279512644619637,-0.0044639714728166,9.0,0.3634002605438232,0.0,0.0,0.0
4790.9443359375,4905.884374615456,4775.133582552108,4857.212036388766,4800.91689453125,4725.187451171875,4739.2455078125,4775.59189453125,4793.28587890625,4809.314664713542,-0.0103307594018968,0.0138318660799674,0.0239911029263637,-0.0033001329752034,9.0,0.3634001302719116,0.0,0.0,0.0
4746.08837890625,4803.484339950904,4698.209363266049,4788.069521504378,4814.1703125,4730.4908203125,4732.600553385417,4764.62578125,4792.9626953125,4802.78701171875,-0.0093626546012608,0.0088454194794835,0.0120933190582264,-0.0100881003086661,9.0,0.3634000651359558,0.0,0.0,0.0
4861.2763671875,4887.049855268021,4720.117052351961,4751.491220844511,4821.376953125,4755.58525390625,4734.014778645834,4762.080639648438,4797.492890625,4798.121337890625,0.0242700891945453,-0.0225836052202283,0.0053017944535074,-0.0290375004779263,9.0,0.3634000325679779,1.0,1.0,1.0
5104.09228515625,5113.063247495271,4837.485197320069,4863.258684027103,4868.6712890625,4808.38125,4755.45634765625,4774.68486328125,4803.31375,4803.847688802083,0.0499490050818138,-0.047184413540002,0.0017576019080043,-0.0522339865624156,9.0,0.363400016283989,1.0,1.0,1.0
5073.36279296875,5162.628086920633,4947.07231007219,5109.990595450128,4915.15283203125,4845.281982421875,4780.750748697917,4787.16767578125,4807.82412109375,4811.981233723958,-0.00602055967461,0.0072196300513223,0.0175948966384973,-0.0248928547100136,9.0,0.3634000081419944,0.0,0.0,0.0
5118.91162109375,5135.961967021307,4996.23974032727,5079.854973639015,4980.7462890625,4890.831591796875,4810.37373046875,4799.620703125,4816.6227734375,4824.529280598958,0.0089780348821351,-0.0076298733687435,0.0033308537418963,-0.0239644459304552,9.0,0.3634000040709972,1.0,1.0,1.0
5023.451171875,5143.198568813514,4991.829181441003,5129.86603561328,5036.21884765625,4925.194580078125,4832.400162760417,4808.505126953125,4818.94439453125,4833.505387369792,-0.0186485831920561,0.0211836166207941,0.0238376751045075,-0.006294873654001,9.0,0.3634000020354986,0.0,0.0,0.0
5084.216796875,5108.602577859246,5006.797109241785,5010.415697571477,5080.80693359375,4951.091943359375,4863.99248046875,4820.712817382812,4825.8258984375,4844.711897786458,0.0120963900953613,-0.014515726266607,0.0047963692262757,-0.0152274560126549,9.0,0.3634000010177493,1.0,1.0,1.0
5165.056640625,5204.261886559481,5051.60353788707,5105.133088720253,5092.9998046875,4980.835546875,4903.2541015625,4839.842211914062,4838.3478515625,4851.594759114583,0.0159001566966396,-0.0116017221250638,0.0075904774453232,-0.0219655098930727,9.0,0.3634,1.0,1.0,1.0
5138.0439453125,5210.160144366422,5036.734122240253,5204.212416609398,5105.93603515625,5010.54443359375,4932.166666666667,4862.0470703125,4850.92134765625,4857.509440104167,-0.0052298933374777,0.0128781442901562,0.0140357302937657,-0.0197175859433186,9.0,0.5418,0.0,0.0,0.0
5201.23876953125,5263.739284372227,5145.875237879794,5162.627908288241,5122.40146484375,5051.573876953125,4968.021549479166,4888.3806640625,4864.17685546875,4867.585888671875,0.0122993934834682,-0.0074233971855302,0.0120164671553062,-0.0106442972731369,9.0,0.631,1.0,1.0,1.0
5271.71923828125,5285.547900235838,5103.250124038054,5189.392959065006,5172.055078125,5104.136962890625,5007.481412760417,4917.313891601562,4881.2151171875,4877.796175130208,0.0135507081818418,-0.0156165902422157,0.0026231787638024,-0.0319571484421696,9.0,0.6756,1.0,1.0,1.0
5390.32666015625,5414.910407617895,5224.285929121742,5298.43407390712,5233.27705078125,5157.0419921875,5045.153645833333,4956.313623046875,4903.2256640625,4893.734423828125,0.0224988123445037,-0.017047684128009,0.004560715706408,-0.0308034635937435,9.0,0.6979,1.0,1.0,1.0
5286.68701171875,5530.196789604415,5249.662311535665,5390.871467693912,5257.603125,5175.30146484375,5073.09140625,4991.841357421875,4923.39439453125,4908.22373046875,-0.0192269698984246,0.0197069460976639,0.0460609408776968,-0.0070033841801139,9.0,0.70905,0.0,0.0,0.0
5258.03955078125,5335.459242989657,5162.776673972935,5293.478097972734,5281.60224609375,5193.769140625,5100.897037760416,5019.525561523437,4945.95810546875,4922.701497395833,-0.0054187926907718,0.0067398783993966,0.014724060452703,-0.0181175656607909,9.0,0.714625,0.0,0.0,0.0
5408.71533203125,5440.188727090493,5225.079223850945,5273.6523374856815,5323.09755859375,5222.74951171875,5142.081770833333,5056.790551757813,4975.32404296875,4940.663639322916,0.0286562662366456,-0.024971363115693,0.0058190148911798,-0.0339518900343642,9.0,0.7174125,1.0,1.0,1.0
5404.15478515625,5447.424406802565,5308.446128446006,5414.166890125813,5349.58466796875,5260.819873046875,5185.952864583333,5093.0072265625,5003.768046875,4959.276708984375,-0.0008431848590721,0.0018526680614447,0.0080067324801955,-0.0177101990070916,9.0,0.71880625,0.0,0.0,0.0
5290.80126953125,5422.296010468641,5241.930964550596,5422.296010468641,5329.67958984375,5281.4783203125,5214.587858072917,5116.285131835937,5030.98681640625,4974.301318359375,-0.0209752533247847,0.0248534643882099,0.0248534643882099,-0.0092368438145824,9.0,0.7195031249999999,0.0,0.0,0.0
5267.5556640625,5293.477747612854,5216.206656918324,5283.614238723131,5325.8533203125,5291.72822265625,5225.485416666666,5136.281884765625,5058.64375,4990.470882161459,-0.0043935888506372,0.0030485818631571,0.004921083934092,-0.009748166022146,9.0,0.7198515624999999,0.0,0.0,0.0
5216.60400390625,5336.004359377213,5138.143167352793,5268.448175425317,5317.5662109375,5299.584228515625,5235.034830729167,5155.064331054688,5079.13369140625,5007.892789713542,-0.0096727331243718,0.0099382992230663,0.0228885219927668,-0.0150405966208484,9.0,0.7202,0.0,0.0,0.0
4903.703125,5105.133033647266,4851.958183502536,5075.394394616311,5216.56376953125,5269.8306640625,5220.68759765625,5160.7022705078125,5088.7451953125,5015.5306640625,-0.0599817196536187,0.0350125742198781,0.0410771010219477,-0.0105522174117064,9.0,0.565625,0.0,0.0,0.0
4768.54150390625,4929.526576636264,4752.333848468361,4903.70323408686,5089.44111328125,5219.512890625,5203.693619791667,5161.824926757812,5092.29400390625,5018.046891276042,-0.0275631737175667,0.0283444592166994,0.0337598136868766,-0.003398870582255,9.0,0.4883375,0.0,0.0,0.0
4780.08984375,4840.40981386825,4753.225842806876,4773.051602318063,4987.298828125,5158.489208984375,5183.418489583333,5157.765600585937,5090.48787109375,5023.705485026042,0.0024217760995243,-0.0014724077709836,0.0126190034267072,-0.005619978247532,9.0,0.44969375,1.0,1.0,1.0
4667.43017578125,4813.991719314481,4368.655585450893,4813.991719314481,4867.27373046875,5096.563525390625,5150.243391927083,5135.932495117188,5082.48025390625,5026.748746744792,-0.023568525205871,0.0314009075687349,0.0314009075687349,-0.0640126534470002,9.0,0.430371875,0.0,0.0,0.0
4783.11328125,4822.071190757544,4626.737596475796,4673.923002918364,4780.5755859375,5049.0708984375,5126.58134765625,5121.42001953125,5080.16658203125,5029.374007161458,0.0247851818049718,-0.0228282860787902,0.0081448853950962,-0.0326932848082865,9.0,0.4207109375,1.0,1.0,1.0
4812.306640625,4846.5060753388325,4733.400021987039,4798.180787156242,4762.2962890625,4989.430029296875,5100.6525390625,5106.089770507812,5081.02107421875,5034.337044270834,0.0061034221140944,-0.0029353602178026,0.0071066615799426,-0.0163968392977786,9.0,0.41588046875,1.0,1.0,1.0
4912.92236328125,4920.55499016916,4785.145441836735,4813.991534297376,4791.1724609375,4940.306787109375,5076.732747395833,5100.563330078125,5087.69443359375,5042.107080078125,0.0209080032030507,-0.0201368598297571,0.0015535818243244,-0.0260083331256175,9.0,0.413465234375,1.0,1.0,1.0
4987.318359375,4999.461636973206,4896.962557970146,4945.535668362967,4832.6181640625,4909.95849609375,5049.86552734375,5095.718408203125,5092.73611328125,5047.509586588541,0.0151429211765647,-0.0083777870192487,0.0024348310501132,-0.018117111219701,9.0,0.4122576171875,1.0,1.0,1.0
5022.70751953125,5054.577330783184,4937.803802180689,4986.47565401383,4903.6736328125,4885.473681640625,5032.26689453125,5088.6009521484375,5089.48072265625,5052.679150390625,0.007095829382884,-0.0072136124543444,0.0063451457461947,-0.0169039740061321,9.0,0.41165380859375,1.0,1.0,1.0
5033.85986328125,5076.088830343682,5010.019095642301,5047.589299360405,4953.82294921875,4867.199267578125,5017.32158203125,5083.391748046875,5087.90060546875,5059.109309895834,0.0022203848634691,0.0027274172209881,0.0083889834459764,-0.0047360809173199,9.0,0.411351904296875,1.0,1.0,1.0
5045.35888671875,5070.3390546920855,5006.995846294974,5041.690927391851,5000.4333984375,4881.36484375,4993.097819010417,5075.59775390625,5084.95849609375,5067.589794921875,0.0022843352317727,-0.0007269967130691,0.0049511181531789,-0.0076036296495698,9.0,0.4112009521484375,1.0,1.0,1.0
5057.501953125,5089.867409186208,4989.152452617976,5070.388696992282,5029.34931640625,4910.260888671875,4969.987630208333,5064.886889648437,5086.32052734375,5077.970247395833,0.002406779513389,0.0025480452576631,0.0063994945253968,-0.013514478321613,9.0,0.4111254760742188,1.0,1.0,1.0
5172.59033203125,5192.366721919839,4866.034507526914,5078.368598013618,5066.4037109375,4949.5109375,4962.106901041667,5054.000073242188,5089.85546875,5088.347379557292,0.0227559732003934,-0.0182155801966694,0.0038233048857789,-0.0592654366238883,9.0,0.4110877380371094,1.0,1.0,1.0
5139.67919921875,5213.034504305413,5115.045597934864,5186.418327208374,5089.798046875,4996.73583984375,4953.581803385417,5046.649682617188,5088.84037109375,5089.533610026042,-0.0063626018493476,0.0090937831288631,0.0142723509081681,-0.0047928285655709,9.0,0.4110688690185547,0.0,0.0,0.0
5113.41015625,5177.199630923434,5092.940157438155,5139.67928621894,5105.70810546875,5029.76552734375,4946.702213541666,5039.418212890625,5087.85501953125,5090.868522135416,-0.0051110277413312,0.0051373015592797,0.0124749380011039,-0.0040031990758309,9.0,0.4110594345092774,0.0,0.0,0.0
5084.56396484375,5153.161287931158,5035.8422565369565,5115.194667183122,5113.54912109375,5056.991259765625,4958.759602864583,5023.21064453125,5083.18802734375,5089.723600260417,-0.0056412825345121,0.0060242535153776,0.0134912892357557,-0.009582278567773,9.0,0.4110547172546387,0.0,0.0,0.0
4962.1396484375,5065.3821914731725,4930.666256071143,5043.673082205464,5094.47666015625,5061.91298828125,4971.666145833334,5001.109887695313,5070.80484375,5087.6798828125,-0.0240776430885184,0.0164311042301354,0.0208060535072167,-0.0063427058882286,9.0,0.4110523586273193,0.0,0.0,0.0
5048.33251953125,5213.183517979645,4964.915248293791,4986.178569202817,5069.62509765625,5068.014404296875,4989.548990885417,4988.9864501953125,5057.125078125,5086.483740234375,0.0173701018513033,-0.0123117782134929,0.0326545444085966,-0.0165237275703868,9.0,0.41105,1.0,1.0,1.0
4930.27001953125,5064.391090305227,4908.26323265095,5055.469498439269,5027.74326171875,5058.770654296875,5007.071647135416,4972.12216796875,5042.8683984375,5078.65751953125,-0.0233864349353442,0.0253940409778858,0.0272035953898381,-0.0044636068193263,9.0,0.529525,0.0,0.0,0.0
4880.70556640625,4990.440854729962,4854.237983885101,4956.439870827021,4981.20234375,5043.455224609375,5013.577799479167,4955.32724609375,5027.7750390625,5070.079573567708,-0.0100530909927145,0.0155170811658968,0.022483488674059,-0.0054229008820618,9.0,0.5887625000000001,0.0,0.0,0.0
4947.865234375,4976.265537499688,4887.594636253431,4889.032197400092,4953.86259765625,5033.705859375,5022.6150390625,4957.5353515625,5009.34103515625,5061.6337890625,0.0137602375424995,-0.0118905900197461,0.0057399104016373,-0.0121811317137019,9.0,0.6183812500000001,1.0,1.0,1.0
4915.40087890625,4967.145823198356,4897.954112927026,4948.509802010061,4944.51484375,5019.495751953125,5022.7802734375,4964.8783203125,4989.79087890625,5049.756510416667,-0.0065612853080972,0.0067357523667894,0.0105271056353026,-0.0035494085648425,9.0,0.6331906250000001,0.0,0.0,0.0
4876.88916015625,4936.515036821668,4829.555157941207,4925.313675981717,4910.226171875,4989.925634765625,5015.418326822916,4969.718286132813,4973.23439453125,5032.641927083333,-0.0078349090336187,0.0099293861794298,0.0122262111578332,-0.0097057777326082,9.0,0.6405953125000001,0.0,0.0,0.0
4927.44482421875,4986.178638197518,4883.134057023831,4890.965619442874,4909.6611328125,4968.702197265625,5009.06748046875,4982.719018554688,4959.6299609375,5020.6671875,0.0103663754500584,-0.0074032700673942,0.0119197304229743,-0.0089926460418447,9.0,0.64429765625,1.0,1.0,1.0
4937.95263671875,4975.274533575186,4912.079922793075,4932.748374654341,4921.110546875,4951.1564453125,5002.673665364583,4990.460986328125,4948.48390625,5009.997623697916,0.0021325073897029,-0.0010539311425771,0.0075581723038227,-0.0052395629989006,9.0,0.6461488281250001,1.0,1.0,1.0
5019.43603515625,5040.699355843455,4947.121867753814,4947.419060535556,4935.42470703125,4944.64365234375,5000.945475260417,5000.817456054688,4953.11322265625,4997.021647135417,0.0165014540300745,-0.014347622744126,0.004236197162047,-0.0144068311451617,9.0,0.6470744140625,1.0,1.0,1.0
5176.357421875,5198.017161824714,5018.89122376687,5045.656000192251,4987.616015625,4966.0654296875,5008.869173177083,5013.989208984375,4969.425859375,4989.428401692709,0.0312627525522128,-0.0252496902803528,0.0041843594219712,-0.0304202714910463,9.0,0.64753720703125,1.0,1.0,1.0
5277.76611328125,5302.201266624372,5176.357540555433,5204.262202033244,5067.79140625,4989.0087890625,5015.880891927083,5028.511596679688,4989.33291015625,4988.993896484375,0.0195907436719308,-0.0139270876485104,0.004629828760625,-0.0192142983507032,9.0,0.6477686035156249,1.0,1.0,1.0
5180.2724609375,5291.495164372828,5111.130125284633,5277.765729233424,5118.35693359375,5014.009033203125,5018.587109375,5036.38984375,5009.8466015625,4986.084456380208,-0.0184725223231116,0.018820104353793,0.0214704350541437,-0.0133472391991431,9.0,0.6478843017578124,0.0,0.0,0.0
5154.00341796875,5248.82050079341,5137.052780676162,5219.131232082596,5161.56708984375,5041.338818359375,5021.293326822916,5042.397021484375,5024.68220703125,4983.997770182292,-0.0050709770898799,0.0126363544670509,0.0183967830704365,-0.003288829268815,9.0,0.6479421508789063,0.0,0.0,0.0
5153.4580078125,5222.104695389517,5119.754218966023,5171.549012119801,5188.371484375,5061.898095703125,5025.886263020833,5047.801977539062,5038.32826171875,4992.322932942709,-0.0001058226221481,0.0035104592450108,0.0133205097379176,-0.006540033661938,9.0,0.6479710754394532,0.0,0.0,0.0
5336.796875,5402.51906933345,5184.435730754852,5190.482683766354,5220.459375,5104.0376953125,5050.863411458334,5061.7667236328125,5055.2832421875,5011.264778645834,0.0355758923250297,-0.0274161064512401,0.0123149139592182,-0.0285491743106951,9.0,0.6479855377197266,1.0,1.0,1.0
5250.65380859375,5397.562876076965,5225.72301351063,5397.562876076965,5215.0369140625,5141.41416015625,5064.351497395834,5065.669897460937,5065.81666015625,5026.950244140625,-0.0161413425363411,0.0279791951323793,0.0279791951323793,-0.0047481315645521,9.0,0.6479927688598632,0.0,0.0,0.0
5226.8134765625,5283.564711028994,5144.784399669883,5283.564711028994,5224.3451171875,5171.351025390625,5084.121061197917,5070.026611328125,5073.9808984375,5045.596354166667,-0.0045404501801719,0.0108577118202077,0.0108577118202077,-0.0156938978711298,9.0,0.6479963844299317,0.0,0.0,0.0
5088.92578125,5222.353249065625,5067.01821862488,5204.26224222361,5211.32958984375,5186.44833984375,5098.002408854167,5068.802392578125,5076.18353515625,5055.790104166666,-0.0263808333568436,0.0226642057541031,0.0262191813264864,-0.0043049483460414,9.0,0.6479981922149658,0.0,0.0,0.0
5171.251953125,5198.264549296288,5042.681714618073,5085.307095732399,5214.88837890625,5201.629931640625,5112.894856770833,5073.136791992188,5081.2192578125,5067.754947916666,0.0161775147474794,-0.0166197389281457,0.0052236085992609,-0.0248624974517499,9.0,0.6479990961074829,1.0,1.0,1.0
5135.51611328125,5193.457090863229,4986.575090327465,5174.523393136513,5174.6322265625,5197.54580078125,5127.569205729166,5081.805615234375,5084.33982421875,5075.174739583334,-0.006910481285321,0.0075955909775813,0.0112824059556806,-0.0290021527862799,9.0,0.6479995480537415,0.0,0.0,0.0
5147.9072265625,5225.822560866736,5115.690366273569,5162.52872469363,5154.08291015625,5184.559912109375,5145.637076822916,5086.784350585937,5083.3525,5080.527701822916,0.0024128272617438,0.0028402800376208,0.015135341581566,-0.0062582441506902,9.0,0.6479997740268708,1.0,1.0,1.0
5137.201171875,5161.0913081238,5094.278113496101,5110.089349809153,5136.16044921875,5180.252783203125,5159.620833333333,5097.130908203125,5083.25337890625,5084.344156901042,-0.0020796906813429,-0.0052775472789109,0.0046504186714728,-0.0083553392095861,9.0,0.6479998870134354,0.0,0.0,0.0
5243.7646484375,5270.529423033011,5144.040984065057,5164.56083819921,5167.12822265625,5189.22890625,5180.00830078125,5115.283862304687,5088.46755859375,5091.340983072917,0.0207434891095779,-0.0151043793054082,0.0051041143891701,-0.0190175705925622,9.0,0.6479999435067176,1.0,1.0,1.0
5156.7294921875,5301.358797077981,5147.312256287213,5278.608544107932,5164.22373046875,5189.5560546875,5189.161197916666,5125.727075195313,5091.3541796875,5095.053336588541,-0.0165978380200442,0.0236349515919112,0.0280467116046314,-0.0018262032000232,9.0,0.6479999717533589,0.0,0.0,0.0
5180.86767578125,5199.454326388935,5134.8720078829065,5179.380743732636,5173.29404296875,5173.963134765625,5189.461881510417,5139.000415039062,5100.10330078125,5099.16552734375,0.0046809094078562,-0.0002870044443645,0.003587555554559,-0.0088779854604967,9.0,0.6479999858766794,1.0,1.0,1.0
5263.24365234375,5298.33515084725,5148.749887988217,5180.867522482482,5196.361328125,5175.222119140625,5188.493717447916,5158.318139648438,5108.69974609375,5102.1873046875,0.0159000348431169,-0.0156512096536867,0.006667276079433,-0.021753460777851,9.0,0.6479999929383398,1.0,1.0,1.0
5225.37646484375,5358.754561379168,5205.352736801575,5306.364891527324,5213.99638671875,5175.07841796875,5191.500651041667,5173.214721679688,5120.50400390625,5105.043880208334,-0.0071946483957924,0.0154990606377287,0.0255250693290298,-0.0038320163488495,9.0,0.6479999964691698,0.0,0.0,0.0
5249.61328125,5297.889199129803,5154.697457867157,5154.697457867157,5215.16611328125,5191.14716796875,5197.874641927084,5188.79775390625,5135.2603125,5109.583984375,0.0046382909574678,-0.0180805362790917,0.0091960903200678,-0.0180805362790917,9.0,0.647999998234585,1.0,1.0,1.0
5267.90283203125,5321.531125088355,5119.754648259628,5154.746920708728,5237.40078125,5200.812255859375,5205.504296875,5201.22109375,5148.06181640625,5115.695279947917,0.0034839805908322,-0.0214802578807039,0.0101801978447704,-0.0281228011402969,9.0,0.6479999991172924,1.0,1.0,1.0
5276.7255859375,5398.505421305066,5258.386756768606,5352.955541190836,5256.57236328125,5214.933203125,5201.499544270833,5206.239501953125,5162.5148046875,5126.181477864583,0.0016748133341799,0.0144464505519272,0.0230786750958036,-0.0034754183954093,9.0,0.6479999995586463,1.0,1.0,1.0
5464.22705078125,5476.618150265992,5291.395898362613,5291.395898362613,5296.76904296875,5246.565185546875,5215.737760416667,5215.562548828125,5186.0083203125,5140.04462890625,0.0355336774274262,-0.0316295700768742,0.0022676765386187,-0.0316295700768742,9.0,0.6479999997793231,1.0,1.0,1.0
5637.50390625,5696.535393709974,5445.541092770154,5499.665511298199,5379.19453125,5296.595458984375,5243.117122395834,5238.42412109375,5214.41068359375,5163.619091796875,0.0317111375238288,-0.0244502526728161,0.0104712100322501,-0.034051029794769,9.0,0.648,1.0,1.0,1.0
5751.404296875,5802.153197255143,5472.805405349895,5670.29519566508,5479.552734375,5347.359423828125,5287.282356770834,5268.294165039062,5246.94875,5192.6423828125,0.0202040464218081,-0.0141024864577838,0.008823740735409,-0.0484401508126424,9.0,0.517425,1.0,1.0,1.0
5670.04736328125,5804.1377303664985,5612.601379045712,5804.1377303664985,5559.981640625,5398.6912109375,5320.535384114583,5294.1236328125,5272.973203125,5216.715120442708,-0.0141455772180639,0.023648897177404,0.023648897177404,-0.0101314822531384,9.0,0.4521375,0.0,0.0,0.0
5664.6396484375,5749.767288769511,5627.532951886585,5689.046887538377,5637.564453125,5447.068408203125,5355.810286458333,5310.515771484375,5292.5044921875,5241.68974609375,-0.0009537336281827,0.0043087011029216,0.0150279003811817,-0.006550583771229,9.0,0.41949375,0.0,0.0,0.0
5638.0498046875,5771.247315205877,5628.128202414251,5704.921307118556,5672.32900390625,5484.5490234375,5388.486458333334,5329.885571289063,5306.91583984375,5267.061767578125,-0.0046940044557528,0.011860750569365,0.0236247488285108,-0.001759757827077,9.0,0.403171875,0.0,0.0,0.0
5637.4052734375,5704.921586431265,5581.496944999822,5704.921586431265,5672.30927734375,5525.751904296875,5421.8333984375,5350.4151611328125,5325.20115234375,5290.727115885416,-0.000114318119266,0.0119764873588013,0.0119764873588013,-0.0099173867632169,9.0,0.3950109375,0.0,0.0,0.0
5695.69482421875,5719.456772716048,5632.841372364727,5677.289959993977,5661.1673828125,5570.36005859375,5451.962076822917,5380.75361328125,5346.86880859375,5315.985188802083,0.0103397836334209,-0.0032313641781707,0.0041719139157982,-0.0110352562406894,9.0,0.39093046875,1.0,1.0,1.0
5688.10400390625,5752.545004525058,5660.323517509785,5703.433073217022,5664.7787109375,5612.38017578125,5487.387044270833,5406.596215820313,5368.2546484375,5338.27412109375,-0.0013327294644058,0.0026949347797164,0.0113290826916234,-0.00488396245522,9.0,0.388890234375,0.0,0.0,0.0
5744.60791015625,5783.202847411554,5678.926707108568,5686.070454767783,5680.77236328125,5659.168408203125,5524.9697265625,5437.050805664063,5384.56708984375,5357.215804036458,0.0099336978035557,-0.0101899827288429,0.0067184632718046,-0.0114335397776339,9.0,0.3878701171875,1.0,1.0,1.0
5722.82958984375,5818.573051519675,5703.433051233704,5816.043236728186,5697.7283203125,5685.028662109375,5555.6087890625,5465.796923828125,5403.45412109375,5372.051253255208,-0.0037910890792036,0.0162880346900178,0.0167300913250745,-0.0033893266094222,9.0,0.38685,0.0,0.0,0.0
5708.7412109375,5759.4901095861005,5680.662785881186,5756.513628909312,5711.9955078125,5692.152392578125,5587.83310546875,5494.37392578125,5422.73123046875,5389.666878255209,-0.0024617855005245,0.0083682927998702,0.0088896828168301,-0.0049184967436459,9.0,0.5751,0.0,0.0,0.0
5773.033203125,5785.286479233371,5655.313485102078,5749.71743700221,5727.46318359375,5694.315283203125,5622.727766927083,5520.837353515625,5450.09552734375,5410.301204427084,0.011262026042505,-0.0040387375756246,0.0021225022751885,-0.0203913114442507,9.0,0.669225,1.0,1.0,1.0
5844.81591796875,5944.577435365822,5776.406276293389,5812.074630361728,5758.80556640625,5711.792138671875,5661.188639322917,5555.241674804687,5477.0380859375,5433.346468098958,0.0124341420390399,-0.0056017654048547,0.0170683762837378,-0.0117043278411983,9.0,0.7162875,1.0,1.0,1.0
5950.3818359375,5973.896227839324,5804.434965058284,5850.272962770732,5799.9603515625,5740.366357421875,5706.099055989584,5593.7173828125,5509.63271484375,5453.799300130208,0.0180614615499194,-0.0168239410389022,0.0039517450392523,-0.0245273118437148,9.0,0.73981875,1.0,1.0,1.0
5952.26708984375,6017.253589448277,5914.267544161648,5962.833984593974,5845.8478515625,5771.7880859375,5738.63505859375,5628.1685546875,5541.807109375,5477.186409505209,0.0003168290637861,0.0017752722770545,0.0109179407818262,-0.0063840457944067,9.0,0.751584375,1.0,1.0,1.0
6121.97607421875,6151.29421572314,5951.473238957695,5972.804684258618,5928.49482421875,5820.245166015625,5770.933203125,5672.99853515625,5581.19810546875,5507.025162760417,0.0285116547717711,-0.0243665424614009,0.0047889996871854,-0.0278509476668958,9.0,0.7574671875,1.0,1.0,1.0
6026.0341796875,6141.47212500206,6010.1102009960605,6126.540306589296,5979.09501953125,5853.2791015625,5789.241861979167,5711.819580078125,5612.48888671875,5538.262109375,-0.01567171994273,0.0166786519798678,0.019156536765702,-0.0026425304298995,9.0,0.76040859375,0.0,0.0,0.0
6060.85888671875,6121.6287016254855,5992.69728421757,6004.70252005306,6022.30361328125,5890.55458984375,5815.295963541666,5751.4673828125,5648.6540625,5567.915673828125,0.0057790424004956,-0.00926541398097,0.0100266011868221,-0.0112461952629425,9.0,0.761879296875,1.0,1.0,1.0
6159.13232421875,6190.335958460619,6011.499069970411,6053.1698012691,6064.0537109375,5932.00703125,5848.262141927084,5795.587719726563,5687.7846484375,5602.036214192708,0.0162144407808847,-0.0172041315840848,0.0050662386516961,-0.023969813681031,9.0,0.7626146484375,1.0,1.0,1.0
6227.34326171875,6296.248985287031,6143.406891614271,6195.941486503454,6119.0689453125,5982.4583984375,5887.548372395833,5833.7435302734375,5726.3486328125,5638.017415364583,0.0110747640916534,-0.0050425637218894,0.0110650273595587,-0.013478680486502,9.0,0.76298232421875,1.0,1.0,1.0
6260.48193359375,6296.943823773246,6175.254978237436,6228.782218962517,6146.7701171875,6037.632470703125,5929.08681640625,5864.892431640625,5767.7528515625,5675.460107421875,0.0053214782744855,-0.005063462360802,0.0058241347177827,-0.0136134815594604,9.0,0.763166162109375,1.0,1.0,1.0
6218.91015625,6295.3563978109805,6201.39862389742,6260.97814040826,6185.3453125,6082.220166015625,5963.967838541666,5888.267724609375,5806.5247265625,5707.964957682291,-0.0066403477854757,0.006764526758114,0.0122925463851817,-0.002815852281606,9.0,0.7632580810546875,0.0,0.0,0.0
6267.32763671875,6325.021658960421,6218.90992534762,6218.90992534762,6226.6390625,6124.471337890625,6002.582747395833,5918.13173828125,5846.50171875,5744.984895833333,0.0077855249959014,-0.0077254157078788,0.0092055219681919,-0.0077254157078788,9.0,0.7633040405273437,1.0,1.0,1.0
6228.73291015625,6309.692802566588,6209.038431433941,6267.327848693878,6240.5591796875,6152.3064453125,6034.857747395833,5946.336401367187,5884.58201171875,5779.913736979167,-0.0061580834447497,0.0061962744420613,0.0129978108835471,-0.0031618756184257,9.0,0.7633270202636718,0.0,0.0,0.0
6298.08447265625,6378.498866279477,6232.205129649794,6247.980380565832,6254.707421875,6186.88818359375,6073.208072916666,5979.338134765625,5917.93630859375,5814.408430989583,0.0111341365090352,-0.0079554493605078,0.0127680716211975,-0.0104602190225421,9.0,0.763338510131836,1.0,1.0,1.0
6316.34033203125,6389.412839178156,6271.544392638185,6289.303964617489,6265.8791015625,6206.324609375,6113.714680989583,6013.284887695312,5945.089765625,5850.773893229167,0.0028986367925453,-0.0042803848419399,0.0115688046092676,-0.0070920718387983,9.0,0.763344255065918,1.0,1.0,1.0
6307.609375,6360.987402667484,6275.413581106935,6319.06863210594,6283.6189453125,6234.48212890625,6149.353092447916,6043.880615234375,5967.33796875,5886.0404296875,-0.0013822809684547,0.0018167353785982,0.0084624815035385,-0.005104278337316,9.0,0.763347127532959,0.0,0.0,0.0
6168.11181640625,6308.105730684109,6134.179740593458,6295.25706110433,6263.77578125,6245.207421875,6170.90615234375,6067.881005859375,5987.260546875,5916.047395833333,-0.0221157573813375,0.0206133170867448,0.0226963969598437,-0.0055012095796541,9.0,0.7633485637664794,0.0,0.0,0.0
6042.55322265625,6205.962205444204,6002.569359382484,6195.99118896735,6226.53984375,6233.54951171875,6177.050911458334,6082.778271484375,6002.37708984375,5941.574983723958,-0.0203560826209461,0.0253929027444546,0.0270430357444366,-0.0066170477611763,9.0,0.7633492818832397,0.0,0.0,0.0
6088.73876953125,6151.344178633152,6033.623976587746,6074.401860037548,6184.670703125,6219.6890625,6186.1490234375,6101.07373046875,6020.4046484375,5962.392041015625,0.0076433827180585,-0.0023546599774399,0.0102821637569978,-0.0090519227429011,9.0,0.7633496409416198,1.0,1.0,1.0
6039.03125,6120.239661313369,5995.128160040252,6107.688931356765,6129.20888671875,6197.543994140625,6180.619368489583,6117.588232421875,6036.4696875,5975.776285807292,-0.0081638449952873,0.0113689892491888,0.0134472580040663,-0.0072698895141084,9.0,0.7633498204708099,0.0,0.0,0.0
5935.54931640625,6086.903169655253,5919.277500647669,6063.091323514793,6054.796875,6169.20791015625,6174.587044270834,6125.714038085937,6046.0638671875,5981.914453125,-0.0171355188125164,0.0214878186179008,0.0254995528098218,-0.0027414169929655,9.0,0.7633499102354049,0.0,0.0,0.0
5999.39453125,6056.890412719926,5945.123655113194,5991.655874919634,6021.05341796875,6142.414599609375,6170.489420572917,6133.44296875,6058.51548828125,5992.892692057291,0.0107564121600805,-0.0012899062213789,0.00958361400812,-0.009046058873794,9.0,0.7633499551177024,1.0,1.0,1.0
6177.83447265625,6214.891754577786,5976.822710778778,6027.373468879318,6048.10966796875,6137.324755859375,6171.73623046875,6144.815600585937,6075.84455078125,6009.999186197917,0.0297429916430368,-0.0243549749419296,0.0059984258376548,-0.0325375765192756,9.0,0.7633499775588513,1.0,1.0,1.0
6148.56591796875,6179.868865147133,6003.760417290047,6160.372528286546,6060.07509765625,6122.372900390625,6166.484407552083,6154.630541992187,6092.87400390625,6027.016389973958,-0.0047376722081249,0.0019202218005489,0.0050910972730897,-0.0235511016081847,9.0,0.76335,0.0,0.0,0.0
6136.1142578125,6164.291511465167,6081.942212342101,6148.565674922705,6079.49169921875,6104.35029296875,6158.193229166666,6155.337451171875,6109.96892578125,6043.640022786459,-0.0020251324166275,0.0020292022910675,0.0045920353612698,-0.0088283958209264,9.0,0.631675,0.0,0.0,0.0
6005.34765625,6172.874019410445,5983.3219883126085,6136.114674161277,6093.4513671875,6074.12412109375,6143.955729166667,6154.303125,6119.26150390625,6053.961783854166,-0.0213109789140591,0.0217750953644095,0.0278961973144209,-0.003667675744712,9.0,0.5658375,0.0,0.0,0.0
6103.02587890625,6120.785450901178,5998.601010179587,6051.18550464527,6114.17763671875,6067.61552734375,6133.002278645833,6156.411474609375,6129.58990234375,6067.792513020833,0.0162652069867416,-0.0084942084942085,0.0029099617709813,-0.0171103434261329,9.0,0.53291875,1.0,1.0,1.0
6111.0126953125,6147.028404599256,6023.405135273246,6091.864195450129,6100.81328125,6074.461474609375,6125.154264322917,6154.005493164063,6136.01513671875,6080.006005859375,0.0013086650072801,-0.0031334413487733,0.0058935746139723,-0.0143360134248213,9.0,0.5164593749999999,1.0,1.0,1.0
6145.58935546875,6270.452820630983,6035.658192837722,6126.589583448786,6100.21796875,6080.146533203125,6114.987923177084,6149.917797851563,6143.74802734375,6094.097998046875,0.0056580900548238,-0.0030916110597362,0.020317573781776,-0.0178878145402285,9.0,0.5082296875,1.0,1.0,1.0
6111.955078125,6218.066808874028,6060.75951318821,6181.158254408303,6095.3861328125,6087.438916015625,6101.362239583334,6142.491455078125,6143.3471875,6107.538460286459,-0.0054729132387962,0.0113225924272553,0.0173613400937462,-0.0083762992826995,9.0,0.50411484375,0.0,0.0,0.0
6201.84521484375,6217.372426414501,6056.4438343942375,6077.229786147837,6134.68564453125,6114.068505859375,6094.311295572917,6141.638208007813,6150.37962890625,6121.832194010417,0.0147072639719606,-0.0200932826246055,0.0025036438403183,-0.0234448580079849,9.0,0.502057421875,1.0,1.0,1.0
6244.755859375,6325.567020198003,6220.944013630632,6250.410882067342,6163.031640625,6138.604638671875,6099.4208984375,6140.509619140625,6157.7355078125,6135.163525390625,0.0069190124946275,0.0009055634551111,0.012940643740569,-0.0038130947439074,9.0,0.5010287109375,1.0,1.0,1.0
6088.98681640625,6290.841530229166,6023.80169367281,6260.531228127851,6158.62646484375,6129.719873046875,6102.516471354166,6133.522314453125,6154.9296875,6139.78369140625,-0.0249439764302234,0.0281728991856886,0.0331507884495718,-0.0107054136753595,9.0,0.50051435546875,0.0,0.0,0.0
6142.76171875,6184.134996011761,6061.801827847252,6140.380630979906,6158.0609375,6129.139453125,6106.118001302083,6125.756176757813,6151.54642578125,6146.133512369792,0.0088315025085714,-0.0003876249607446,0.0067352892975605,-0.0131797218595715,9.0,0.500257177734375,1.0,1.0,1.0
6202.4404296875,6220.84480866549,6118.156222110963,6142.761602692487,6176.1580078125,6135.7720703125,6117.011946614583,6120.061181640625,6149.224765625,6148.815657552083,0.009715289908664,-0.0096218299347728,0.0029672802482549,-0.0135888782056038,9.0,0.5001285888671875,1.0,1.0,1.0
6216.3798828125,6269.013788908822,6181.852900802257,6218.016850291279,6179.06494140625,6156.87529296875,6135.733984375,6115.49970703125,6149.1235546875,6155.160514322916,0.0022474142691125,0.0002633313133428,0.0084669706627562,-0.0055541943480168,9.0,0.5000642944335938,1.0,1.0,1.0
6046.52197265625,6250.560114108197,5995.128265871204,6250.560114108197,6139.4181640625,6151.22490234375,6138.875813802083,6109.42021484375,6140.291328125,6154.6826171875,-0.027324248736131,0.033744711815264,0.033744711815264,-0.0084997138879937,9.0,0.5000321472167969,0.0,0.0,0.0
5975.78125,6146.879480733401,5950.977243483314,6060.660366518799,6116.77705078125,6137.7017578125,6125.405598958333,6106.081616210938,6130.17326171875,6148.570914713541,-0.011699407192458,0.0142038526793126,0.0286319434355801,-0.0041507554374896,9.0,0.5000160736083985,0.0,0.0,0.0
6084.6708984375,6109.722945265684,5965.363625919117,5965.363625919117,6105.15888671875,6131.609912109375,6121.145930989584,6105.87822265625,6121.63671875,6143.815169270833,0.0182218263825336,-0.0196078431372549,0.0041172394113568,-0.0196078431372549,9.0,0.5000080368041993,1.0,1.0,1.0
6110.0703125,6201.001704605686,6052.128249462816,6121.628882786733,6086.68486328125,6131.421435546875,6119.40966796875,6109.43017578125,6113.38591796875,6138.801448567709,0.0041743283221813,0.0018917245949012,0.0148822169721449,-0.0094830435778531,9.0,0.5000040184020996,1.0,1.0,1.0
6062.34716796875,6171.980875601097,6037.890514695261,6141.372634995896,6055.8783203125,6117.471630859375,6123.209635416667,6115.770068359375,6103.5754296875,6133.582682291667,-0.0078105720704421,0.013035457197946,0.018084366433452,-0.0040341888374042,9.0,0.5000020092010498,0.0,0.0,0.0
5808.65185546875,6137.056912783449,5759.490506682253,6063.091556646898,6008.304296875,6073.86123046875,6103.584700520833,6106.232934570313,6089.19703125,6118.293489583333,-0.0418477044403583,0.0438035722417409,0.056537225071513,-0.0084634696672709,9.0,0.5000010046005249,0.0,0.0,0.0
5914.2177734375,5938.029619185535,5818.077058667215,5853.745413058589,5995.9916015625,6056.384326171875,6090.4650390625,6093.052099609375,6084.06361328125,6107.809651692708,0.0181739103315963,-0.0102249126926826,0.0040262037449789,-0.0162558631510123,9.0,0.5000005023002625,1.0,1.0,1.0
5895.9619140625,5961.147038637041,5845.709092464914,5911.29098426322,5958.2498046875,6031.704345703125,6073.823209635417,6080.421899414063,6076.3525390625,6094.40556640625,-0.0030867749674339,0.0025999269371395,0.0110558930882962,-0.0085232608911072,9.0,0.5000002511501312,0.0,0.0,0.0
5992.201171875,6036.798968356208,5869.619968246418,5907.619511582064,5934.6759765625,6010.680419921875,6065.839615885417,6073.226245117187,6074.4793359375,6083.600927734375,0.0163229103605569,-0.0141152905029171,0.0074426400586369,-0.0204567904368647,9.0,0.5000001255750657,1.0,1.0,1.0
5881.8232421875,6012.68956285136,5779.333285177575,6012.490937025941,5898.57119140625,5977.224755859375,6044.504817708334,6067.050024414062,6072.33029296875,6069.408056640625,-0.0184202643605441,0.0222155086030508,0.0222492780342697,-0.0174248617800708,9.0,0.5000000627875328,0.0,0.0,0.0
5750.1640625,5928.554282311178,5727.989183941987,5883.5103036896,5886.8736328125,5947.58896484375,6011.53203125,6049.40693359375,6062.36107421875,6055.47646484375,-0.022384076206706,0.0231899889707885,0.0310235008727071,-0.0038563905859012,9.0,0.5000000313937665,0.0,0.0,0.0
5733.9423828125,5808.602444984346,5718.216545251763,5749.22155445934,5850.8185546875,5923.405078125,5987.86240234375,6030.55341796875,6044.605390625,6045.189436848958,-0.0028210811919768,0.0026646887301553,0.0130207206817494,-0.0027425873004714,9.0,0.5000000156968832,0.0,0.0,0.0
5759.73828125,5791.784863487715,5704.921427533267,5775.116765098133,5823.573828125,5890.91181640625,5962.327506510416,6011.2608642578125,6029.05228515625,6034.22275390625,0.0044988067049336,0.0026699969854873,0.0055638955579002,-0.0095172473192369,9.0,0.5000000078484417,1.0,1.0,1.0
5752.8427734375,5762.665547798908,5675.156817082863,5717.224316178978,5775.7021484375,5855.1890625,5932.354329427083,5993.305249023438,6013.72142578125,6024.683138020833,-0.0011971911701174,-0.00619145327993,0.0017074644220702,-0.0135039248271019,9.0,0.5000000039242208,0.0,0.0,0.0
5625.89599609375,5821.202839086162,5576.039943304248,5721.7881878022135,5724.51669921875,5811.5439453125,5892.988736979167,5964.507788085937,5998.543359375,6014.361360677083,-0.0220667906882314,0.0170447857150299,0.0347156867329259,-0.0088618866797607,9.0,0.5000000019621105,0.0,0.0,0.0
5807.90771484375,5819.020103878841,5616.61940461349,5655.512281783041,5736.0654296875,5811.46953125,5877.081119791666,5942.665380859375,5986.7386328125,6007.978466796875,0.0323524855198846,-0.0262393000273092,0.001913320524479,-0.0329358384502854,9.0,0.5000000009810552,1.0,1.0,1.0
5678.9267578125,5912.183734104896,5630.658257583224,5873.588796504999,5725.0623046875,5787.9404296875,5857.2908203125,5922.162377929688,5969.4551953125,5991.348209635416,-0.0222078179206606,0.0342779625436624,0.0410741300671828,-0.0084995813976421,9.0,0.5000000004905276,0.0,0.0,0.0
5661.7626953125,5741.53228574387,5633.089359819988,5681.953254106178,5705.4671875,5764.5205078125,5829.096940104167,5898.1124267578125,5950.10212890625,5975.121435546875,-0.0030224130776801,0.0035661259364321,0.014089179417112,-0.0050643831321738,9.0,0.5000000002452638,0.0,0.0,0.0
5579.7607421875,5700.06017731508,5527.374388218746,5667.21957483496,5670.85078125,5723.27646484375,5793.74296875,5866.978442382812,5928.81435546875,5956.576318359375,-0.0144834669939259,0.0156742980010236,0.0215599629959075,-0.0093886380418913,9.0,0.5000000001226319,0.0,0.0,0.0
5460.2548828125,5632.89077452823,5401.419970968849,5605.705679275143,5637.72255859375,5681.11962890625,5753.603483072917,5829.172192382813,5899.1507421875,5938.406559244791,-0.0214177390208578,0.0266380964962797,0.0316168192549297,-0.0107751218773409,9.0,0.500000000061316,0.0,0.0,0.0
5527.5234375,5593.402781911569,5319.02057117744,5456.881433165718,5581.645703125,5658.85556640625,5734.861588541667,5803.222265625,5870.4614453125,5919.22314453125,0.012319673006336,-0.0127800460971418,0.0119184197329003,-0.0377208470809962,9.0,0.5,1.0,1.0,1.0
5481.63623046875,5621.530832442149,5448.497688963499,5522.413631140933,5542.18759765625,5633.624951171875,5706.022819010416,5778.5150146484375,5846.167421875,5898.243929036458,-0.0083015852488187,0.0074389103832772,0.0255205920443641,-0.0060453740656951,9.0,0.5,0.0,0.0,0.0
5471.91259765625,5564.630168354845,5449.440264507557,5506.489479839225,5504.217578125,5604.8423828125,5677.752864583334,5747.877099609375,5819.33345703125,5875.788037109375,-0.0017738559079226,0.0063189755987302,0.0169442711380858,-0.0041068516259412,9.0,0.5,0.0,0.0,0.0
5486.44775390625,5555.8989739030185,5420.171640604925,5446.959968317965,5485.55498046875,5578.202880859375,5644.035970052083,5716.695971679687,5790.69375,5854.93779296875,0.0026563209829458,-0.0071973319275975,0.0126586861138557,-0.0120799680000848,9.0,0.5,1.0,1.0,1.0
5560.81005859375,5620.587712553386,5488.679815968212,5527.324650774036,5505.666015625,5571.694287109375,5622.635091145833,5691.619116210937,5764.47095703125,5833.569954427084,0.0135538162437718,-0.0060216780409475,0.010749810428654,-0.0129711753980998,9.0,0.5,1.0,1.0,1.0
5539.578125,5578.71855687077,5468.291312907963,5561.207025044588,5508.076953125,5544.861328125,5608.596028645833,5678.1654296875,5744.193203125,5810.064029947916,-0.003818136812808,0.0039044309072882,0.0070655979548568,-0.0128686355681709,9.0,0.5,0.0,0.0,0.0
5435.3515625,5673.668659674472,5332.068063121616,5654.321533878608,5498.82001953125,5520.50380859375,5588.689973958333,5654.222119140625,5722.576015625,5788.276188151041,-0.0188148917026059,0.0402862572661062,0.0438457557775449,-0.0190021745954698,9.0,0.5,0.0,0.0,0.0
5441.40380859375,5495.42713027485,5390.406866475232,5394.474820563116,5492.71826171875,5498.467919921875,5567.46767578125,5631.494213867188,5696.84533203125,5764.897591145834,0.0011134967120629,-0.0086244266519088,0.0099281956607923,-0.0093720194112366,9.0,0.5,1.0,1.0,1.0
5407.12451171875,5485.604482589947,5359.004740694013,5454.152809602794,5476.85361328125,5481.204296875,5544.419791666666,5602.240380859375,5668.7275,5738.387060546875,-0.0062997156764697,0.0086974690118788,0.0145141785991997,-0.008899327344959,9.0,0.5,0.0,0.0,0.0
5414.3671875,5449.440149073351,5376.367643874013,5416.202780845048,5447.5650390625,5476.61552734375,5530.31787109375,5578.867578125,5642.80830078125,5711.653304036458,0.0013394690219456,0.0003390226930461,0.0064777582234027,-0.0070182797564442,9.0,0.5,1.0,1.0,1.0
5598.21484375,5605.705459919565,5414.367257197856,5429.10093392564,5459.2923828125,5483.68466796875,5516.338346354167,5571.2701171875,5634.3908203125,5696.709733072917,0.033955520540691,-0.0302085422843612,0.0013380365667687,-0.0328403949622255,9.0,0.5,1.0,1.0,1.0
5648.1201171875,5705.913450256082,5605.705267596394,5613.642549391221,5501.84609375,5500.333056640625,5514.2845703125,5566.97900390625,5623.7469140625,5685.7876953125,0.0089144977158594,-0.0061042554125861,0.0102323130297308,-0.007509551622678,9.0,0.5,1.0,1.0,1.0
5593.15478515625,5677.835760942742,5577.379533781595,5664.044345651348,5532.1962890625,5512.457275390625,5509.710709635417,5558.649829101562,5611.63462890625,5669.403824869792,-0.0097316152792126,0.0126743426953304,0.0151401094801144,-0.0028204567870214,9.0,0.5,0.0,0.0,0.0
5628.2275390625,5671.386509133142,5588.639958262699,5603.522361735335,5576.41689453125,5526.63525390625,5512.941829427084,5552.4190673828125,5597.07568359375,5653.342399088541,0.006270656767685,-0.0043895128893953,0.0076683058336035,-0.0070337562802933,9.0,0.5,1.0,1.0,1.0
5599.703125,5637.305902176835,5536.303696463455,5585.415629612283,5613.48408203125,5530.524560546875,5522.23837890625,5551.109423828125,5585.79087890625,5637.920930989583,-0.0050680989466981,-0.0025514737243712,0.0067151376309497,-0.0113219267381331,9.0,0.5,0.0,0.0,0.0
5462.23876953125,5605.556506861539,5449.985493943268,5586.854189853907,5586.2888671875,5522.790625,5517.886067708333,5533.8259765625,5574.2738671875,5626.373828125,-0.0245485077333898,0.022813982614193,0.0262379114823256,-0.002243269857834,9.0,0.5,0.0,0.0,0.0
5441.60205078125,5655.313265721555,5418.286285562924,5489.573094408324,5544.98525390625,5523.415673828125,5515.217122395833,5521.959741210938,5562.58025390625,5610.619970703125,-0.0037780696927994,0.0088156103991814,0.0392735839456732,-0.0042847244250392,9.0,0.5,0.0,0.0,0.0
5416.6494140625,5465.562720095262,5390.406581942829,5452.019829714878,5509.6841796875,5520.940234375,5511.53291015625,5509.704077148437,5548.85669921875,5594.642887369791,-0.0045855313354212,0.0065299436881682,0.0090301775680321,-0.0048448459764703,9.0,0.5,0.0,0.0,0.0
5446.91064453125,5473.549761081172,5382.519053359551,5431.08549393076,5473.42080078125,5524.91884765625,5508.897102864584,5503.061572265625,5536.6194140625,5576.466536458333,0.0055867064961204,-0.0029053442645288,0.0048906835981727,-0.0118216720217998,9.0,0.5,1.0,1.0,1.0
5392.63916015625,5491.607148054799,5363.12239183563,5486.100852283853,5432.0080078125,5522.746044921875,5497.685709635417,5499.6807861328125,5527.289140625,5560.160400390625,-0.0099637185033481,0.017331345441792,0.0183524216917345,-0.0054735292764822,9.0,0.5,0.0,0.0,0.0
5330.43017578125,5404.296697658871,5299.673209078951,5392.638815118484,5405.6462890625,5495.967578125,5483.742513020833,5489.826123046875,5508.1900390625,5546.169270833333,-0.0115359070999286,0.0116704726046086,0.0138575160806406,-0.0057700721495317,9.0,0.5,0.0,0.0,0.0
5400.1298828125,5411.142959024494,5309.694568429265,5311.381434719247,5397.35185546875,5471.1685546875,5481.394401041666,5485.750805664063,5497.0381640625,5535.0421875,0.0130758127829775,-0.0164345025062677,0.0020394095051392,-0.0167468776391974,9.0,0.5,1.0,1.0,1.0
5349.380859375,5409.505869038124,5319.467323920931,5391.398943987008,5383.89814453125,5446.791162109375,5475.259537760417,5479.62421875,5484.542890625,5521.363606770833,-0.0093977412652654,0.0078547566001718,0.0112396202932067,-0.005591962180379,9.0,0.5,0.0,0.0,0.0
5450.1845703125,5494.286289447723,5352.704820795692,5371.555866503778,5384.5529296875,5428.986865234375,5478.130208333333,5477.811059570313,5479.35984375,5511.275,0.0188439958917558,-0.0144267965230053,0.0080917845196377,-0.0178855868565968,9.0,0.5,1.0,1.0,1.0
5451.17626953125,5481.734610418304,5358.657329342182,5434.061505796542,5396.2603515625,5414.1341796875,5480.584147135417,5472.329370117188,5478.99669921875,5505.451009114583,0.0001819569972275,-0.0031396459935387,0.0056058251239932,-0.0169722892114483,9.0,0.5,1.0,1.0,1.0
5384.94970703125,5499.792254905754,5362.42747578342,5491.606932919018,5407.1642578125,5406.4052734375,5466.366471354167,5464.59794921875,5473.29375,5491.352408854166,-0.0121490407254239,0.0198065407646246,0.0213265776140028,-0.0041824404076461,9.0,0.5,0.0,0.0,0.0
5438.92333984375,5452.41681653695,5336.383478056529,5388.719932805383,5414.92294921875,5406.13740234375,5452.42001953125,5464.776538085937,5471.585234375,5483.352294921875,0.0100230523494073,-0.0092303943081148,0.0024809095201527,-0.0188529705936554,9.0,0.5,1.0,1.0,1.0
5363.916015625,5445.124432760536,5341.344368886196,5438.923430909216,5417.82998046875,5400.8640625,5437.137434895833,5460.9021484375,5467.26537109375,5473.424072265625,-0.0137908404902991,0.0139837042686203,0.0151397629826748,-0.0042080537191583,9.0,0.5,0.0,0.0,0.0
5366.1982421875,5413.127230130214,5303.146165076607,5337.673633845732,5401.03271484375,5392.792822265625,5419.668815104166,5458.8558349609375,5462.455390625,5466.305322265625,0.0004254776838138,-0.0053156083794139,0.0087452952397046,-0.0117498598197874,9.0,0.5,1.0,1.0,1.0
5439.71728515625,5471.763867972502,5353.349443313489,5363.965751942897,5398.74091796875,5397.500634765625,5409.003092447917,5460.12333984375,5457.6116796875,5465.620735677084,0.0137003963794636,-0.0139256379040251,0.0058912221235651,-0.0158772666510517,9.0,0.5,1.0,1.0,1.0
5525.58837890625,5556.097306078018,5450.184201180906,5479.552240975108,5426.86865234375,5417.016455078125,5413.226399739583,5456.492016601563,5457.05208984375,5465.556233723958,0.0157859479176101,-0.0083314454089419,0.0055213897742065,-0.0136463617183641,9.0,0.5,1.0,1.0,1.0
5589.7314453125,5640.083577186834,5506.489298572476,5525.687695990579,5457.0302734375,5435.976611328125,5423.101692708334,5453.572583007813,5463.22728515625,5469.159407552083,0.0116083685587428,-0.0114573928906061,0.0090079697686655,-0.0148919760375663,9.0,0.5,1.0,1.0,1.0
5527.32470703125,5629.417899021146,5519.635465157351,5629.417899021146,5489.71201171875,5453.77099609375,5430.480045572916,5450.281079101563,5466.66412109375,5471.006477864584,-0.0111645324809984,0.0184706340591902,0.0184706340591902,-0.0013911326512295,9.0,0.5,0.0,0.0,0.0
5536.00634765625,5562.993301177015,5471.763969232353,5556.097593418164,5523.6736328125,5462.353173828125,5436.419759114583,5445.67001953125,5471.81939453125,5472.658430989583,0.0015706767894341,0.0036291948564004,0.0048748053788252,-0.011604462565527,9.0,0.5,1.0,1.0,1.0
5459.5107421875,5566.019246586362,5443.040784424595,5565.027086292853,5527.63232421875,5463.18662109375,5440.877864583334,5438.660400390625,5473.62513671875,5469.281787109375,-0.013817831964939,0.0193270696016754,0.0195088002256016,-0.003016746104305,9.0,0.5,0.0,0.0,0.0
5483.669921875,5501.727432931161,5404.644451680916,5433.2184742466325,5519.2486328125,5473.058642578125,5451.09384765625,5439.731958007813,5469.04333984375,5467.418180338542,0.0044251547122737,-0.0092003071569116,0.0032929609756648,-0.0144110552458385,9.0,0.5,1.0,1.0,1.0
5519.18896484375,5625.449426818305,5474.244298323458,5483.818548053345,5505.14013671875,5481.085205078125,5459.031119791666,5443.611303710937,5463.88609375,5470.212760416666,0.0064772394171757,-0.0064086257991361,0.019252912457141,-0.008143346206586,9.0,0.5,1.0,1.0,1.0
5518.09814453125,5536.205070039851,5432.821772806694,5512.393222795664,5503.29482421875,5496.50341796875,5470.278938802084,5448.683740234375,5460.883828125,5472.76923828125,-0.0001976414142455,-0.001033856518344,0.0032813706886576,-0.0154539425524843,9.0,0.5,0.0,0.0,0.0
5411.19287109375,5538.834197013397,5377.508835070624,5522.7610063449765,5478.33212890625,5501.002880859375,5467.6794921875,5446.8978515625,5452.20244140625,5472.904850260416,-0.0193735723137598,0.0206180296856939,0.0235883896509212,-0.0062248818006588,9.0,0.5,0.0,0.0,0.0
