Close,High,Low,Open,MA_5,MA_15,MA_10,MA_20,MA_25,MA_30,Return_Ratio,Percentage_Change_Open,Percentage_Change_High,Percentage_Change_Low,Sector_Encoded,VADER Sentiment Score,label_5d,label_10d,label_20d
5849.80126953125,5959.630974522273,5820.919696644781,5943.77825705056,0.0,0.0,0.0,0.0,0.0,0.0,0.0,0.0160649880550283,0.0187749463495576,-0.0049371887275725,8.0,0.1246999999999999,,,
5841.47900390625,5894.238832080444,5811.556804553863,5875.413729069934,0.0,0.0,0.0,0.0,0.0,0.0,-0.0014226578376852,0.0058092693889666,0.0090319297799261,-0.0051223670122545,8.0,0.1246999999999999,,,
5844.1044921875,5909.992352482636,5803.085680430248,5852.179373797185,0.0,0.0,0.0,0.0,0.0,0.0,0.0004494560845796,0.0013817141052969,0.0112742440494033,-0.0070188361299985,8.0,0.1246999999999999,,,
5922.7734375,5929.9073541474345,5817.947532757516,5865.505686976242,0.0,0.0,0.0,0.0,0.0,0.0,0.0134612489249064,-0.0096690766797135,0.0012044892013369,-0.017698786868797,8.0,0.1246999999999999,,,
5955.56884765625,6016.304864074447,5919.553357009598,5944.76928022116,5882.74541015625,0.0,0.0,0.0,0.0,0.0,0.0055371711415814,-0.001813356156455,0.0101981889508504,-0.0060473636638128,8.0,0.1246999999999999,,,
5929.85791015625,5964.535730369026,5885.321487539791,5964.535730369026,5898.75673828125,0.0,0.0,0.0,0.0,0.0,-0.0043171253926681,0.00584800188102,0.00584800188102,-0.0075105379068494,8.0,0.1246999999999999,0.0,,
5929.85791015625,5964.535730369026,5885.321487539791,5964.535730369026,5898.75673828125,0.0,0.0,0.0,0.0,0.0,-0.0043171253926681,0.00584800188102,0.00584800188102,-0.0075105379068494,8.0,0.1246999999999999,0.0,,
5943.431640625,5993.318259846067,5929.907387200978,5948.683143787861,5919.147265625,0.0,0.0,0.0,0.0,0.0,0.002289048181998,0.0008835809815603,0.0083935716329397,-0.0022754957475376,8.0,0.3863499999999999,1.0,,
5957.10498046875,5974.1463624494845,5905.781514459092,5927.925877195903,5941.74736328125,0.0,0.0,0.0,0.0,0.0,0.002300579979803,-0.0048982019569094,0.002860681830622,-0.008615504708735,8.0,0.5171749999999999,1.0,,
5806.45458984375,5964.337860840008,5783.46843742764,5957.154597499987,5918.48359375,0.0,0.0,0.0,0.0,0.0,-0.0252891951911087,0.0259538769010321,0.0271909938419938,-0.0039587242198217,8.0,0.5825875,0.0,,
5809.0302734375,5880.367503471186,5787.232786482762,5826.864580945921,5889.17587890625,5885.96064453125,0.0,0.0,0.0,0.0,0.0004435897248305,0.0030701006310762,0.012280402524305,-0.0037523452157599,8.0,0.61529375,1.0,1.0,
5801.1533203125,5866.496435618893,5788.867560660139,5838.110259300629,5863.4349609375,5881.095849609375,0.0,0.0,0.0,0.0,-0.0013559841753654,0.0063706192454395,0.0112638145724568,-0.0021178132991835,8.0,0.6316468749999999,0.0,0.0,
5742.5478515625,5801.153270970602,5723.821925403052,5796.199296653999,5823.258203125,5871.202734375,0.0,0.0,0.0,0.0,-0.0101023823219419,0.0093427946058648,0.0102054734105794,-0.0032609090326262,8.0,0.6398234375,0.0,0.0,
5707.671875,5807.593144900976,5627.714540044961,5761.471839852367,5773.37158203125,5857.55947265625,0.0,0.0,0.0,0.0,-0.0060732583278362,0.0094259035961781,0.0175064846209254,-0.0140087476481011,8.0,0.6439117187500001,0.0,0.0,
5966.3681640625,6010.359841914482,5716.935563507842,5716.935563507842,5805.354296875,5861.9189453125,0.0,0.0,0.0,0.0,0.045324309933724,-0.0418064379695971,0.0073732757755311,-0.0418064379695971,8.0,0.6459558593750001,1.0,1.0,
5832.21484375,5994.308981732339,5819.929084081943,5994.308981732339,5809.9912109375,5849.583544921875,5860.6375,0.0,0.0,0.0,-0.0224849215843822,0.027792895550829,0.027792895550829,-0.0021065341379223,8.0,0.648,0.0,0.0,
5832.21484375,5994.308981732339,5819.929084081943,5994.308981732339,5809.9912109375,5849.583544921875,5860.6375,0.0,0.0,0.0,-0.0224849215843822,0.027792895550829,0.027792895550829,-0.0021065341379223,8.0,0.648,0.0,0.0,
5763.65234375,5925.3497827839765,5656.348964729087,5889.284944818647,5802.491015625,5832.96298828125,5854.89423828125,0.0,0.0,0.0,-0.0117558255031489,0.0217973940091791,0.0280546829319638,-0.018617253890629,8.0,0.473525,0.0,0.0,
5665.0185546875,5765.435717953598,5593.0373995270775,5765.435717953598,5786.98515625,5805.1216796875,5843.130208333333,0.0,0.0,0.0,-0.0171130705288733,0.0177258313095918,0.0177258313095918,-0.01270625232125,8.0,0.3862875,0.0,0.0,
5958.8876953125,5974.492713594276,5694.147128154043,5716.886062593528,5837.2283203125,5805.299951171875,5850.782421875,0.0,0.0,0.0,0.0518743474161861,-0.0406118801180529,0.0026187803965582,-0.0444278497422787,8.0,0.3426687499999999,1.0,1.0,
6048.01025390625,6067.627798866079,5900.778039103298,5944.769234682638,5853.55673828125,5829.455517578125,5859.13154296875,0.0,0.0,0.0,0.0149562406863041,-0.0170702454012757,0.0032436361937644,-0.0243439095871006,8.0,0.3208593749999999,1.0,1.0,1.0
6103.84130859375,6125.094052646922,6043.848871100975,6066.587807499499,5907.88203125,5858.93662109375,5869.016373697917,5872.4486328125,0.0,0.0,0.0092313095288554,-0.0061032879478372,0.0034818637934197,-0.0098286365027724,8.0,0.3099546875,1.0,1.0,1.0
6293.18212890625,6318.2988755766655,6106.070421257821,6108.250363482852,6013.78798828125,5908.139501953125,5893.23798828125,5894.61767578125,0.0,0.0,0.0310199447757467,-0.0293860501150853,0.003991104365953,-0.0297324475624144,8.0,0.3045023437499999,1.0,1.0,1.0
6395.5810546875,6428.078933766791,6276.933365872809,6316.218286748083,6159.90048828125,5973.442822265625,5923.381282552084,5922.322778320313,0.0,0.0,0.0162714066880258,-0.0124090004115028,0.0050813020429898,-0.01855151045701,8.0,0.3017761718749999,1.0,1.0,1.0
6376.26025390625,6467.512556301779,6360.902933739123,6394.540612393997,6243.375,6040.30166015625,5951.324967447917,5948.93056640625,0.0,0.0,-0.0030209609754049,0.0028669404572294,0.0143112575023307,-0.002408515266879,8.0,0.3004130859374999,0.0,0.0,0.0
6287.0888671875,6413.563735980025,6239.084662071705,6375.715662099952,6291.19072265625,6072.37373046875,5983.367252604166,5967.146337890625,0.0,0.0,-0.0139849038727867,0.0140966346722086,0.0201166026859587,-0.0076353629048144,8.0,0.2997315429687499,0.0,0.0,0.0
6399.2470703125,6412.771323636209,6251.915678479353,6295.312300609324,6350.271875,6129.076953125,6022.7150390625,5989.330249023437,5968.01328125,0.0,0.0178394493054419,-0.0162417185273798,0.0021134132148843,-0.0230232385488988,8.0,0.299390771484375,1.0,1.0,1.0
6430.20947265625,6436.203588210077,6338.411939314241,6390.627023392087,6377.67734375,6195.732666015625,6064.652115885417,6014.347827148437,5991.229609375,0.0,0.0048384445863,-0.0061557013706137,0.0009321804490687,-0.0142759786803785,8.0,0.2992203857421874,1.0,1.0,1.0
6378.04345703125,6464.688659670848,6360.902899741269,6445.120461497968,6374.16982421875,6267.03515625,6107.018489583334,6036.07841796875,6012.6921875,0.0,-0.0081126463837344,0.0105168622507221,0.0135849188271175,-0.0026874318755362,8.0,0.2991351928710937,0.0,0.0,0.0
6357.6337890625,6416.189380261443,6308.886486769068,6350.995269758889,6370.44453125,6306.909765625,6150.349283854167,6056.1048583984375,6033.233359375,0.0,-0.0031999888533606,-0.0010441808263684,0.0092102806078073,-0.0076675228411701,8.0,0.2990925964355468,0.0,0.0,0.0
6308.787109375,6384.2360413809165,6284.611811492485,6365.856990200096,6374.7841796875,6332.987451171875,6173.177213541667,6081.221484375,6048.67390625,0.0,-0.0076831540331144,0.0090460939378171,0.0119593403134175,-0.0038320040704163,8.0,0.2990712982177734,0.0,0.0,0.0
6320.52783203125,6349.260881704629,6293.528673286437,6336.132850388344,6359.04033203125,6354.656103515625,6205.731412760417,6106.796362304687,6063.272265625,6033.184456380209,0.0018610110711776,0.0024689422737782,0.0045459889485441,-0.0042716620292353,8.0,0.2990606491088867,1.0,1.0,1.0
6141.59033203125,6301.4551760617605,6128.066079236161,6272.722125730661,6301.31650390625,6339.496923828125,6230.927278645833,6123.818212890625,6071.7415625,6042.910758463541,-0.0283105311384245,0.0213514393846001,0.0260298775053002,-0.0022020766713392,8.0,0.2990553245544434,0.0,0.0,0.0
6145.25634765625,6204.803213086564,6066.289806999563,6156.7990105502,6254.75908203125,6314.464453125,6262.943131510417,6143.953637695313,6079.81455078125,6053.036669921875,0.0005969163403622,0.0018783045394603,0.0096898912041358,-0.0128499994449873,8.0,0.2990526622772217,1.0,1.0,1.0
6178.8447265625,6228.136773088294,6142.92841125476,6196.183637400719,6219.00126953125,6294.722900390625,6277.60693359375,6167.512280273438,6088.684140625,6064.194677734375,0.0054657408911933,0.00280617358188,0.0079775506113448,-0.0058127881338946,8.0,0.2990513311386108,1.0,1.0,1.0
6137.478515625,6183.5504747785335,6078.526223804887,6157.789809445375,6184.73955078125,6279.761865234375,6283.571484375,6176.067797851562,6101.92509765625,6071.351513671875,-0.0066948131516671,0.0033093873597547,0.0075066591331018,-0.0096052950197756,8.0,0.2990506655693054,0.0,0.0,0.0
6055.83740234375,6189.099311933151,6033.94073902937,6162.74407171801,6131.80146484375,6245.4208984375,6280.371223958334,6187.24892578125,6111.7973828125,6074.693798828125,-0.0133020609478966,0.0176534907183743,0.02200552966264,-0.0036157944574115,8.0,0.2990503327846526,0.0,0.0,0.0
6098.19384765625,6146.84197209403,6043.947829010513,6043.947829010513,6123.12216796875,6212.2193359375,6267.372005208334,6203.976000976562,6123.67900390625,6080.304996744791,0.0069943168051551,-0.008895423792831,0.0079774644186618,-0.008895423792831,8.0,0.2990501663923263,1.0,1.0,1.0
6027.00537109375,6152.440102074386,6014.1743836360565,6108.448905312621,6099.47197265625,6177.11552734375,6242.80029296875,6222.075341796875,6135.0573046875,6083.090787760417,-0.0116736985312233,0.0135131013171954,0.0208121153470737,-0.002128915882377,8.0,0.2990500831961631,0.0,0.0,0.0
6043.89794921875,6084.471191961643,6017.097141961091,6065.447737270397,6072.4826171875,6145.741943359375,6220.642805989583,6226.325854492187,6148.50634765625,6085.98388671875,0.0028028145131608,0.0035655446588789,0.0067130919621396,-0.00443435800585,8.0,0.2990500415980816,1.0,1.0,1.0
6078.3779296875,6126.084605329774,6063.7138755212,6083.480426447487,6060.6625,6122.701025390625,6206.728743489583,6227.84423828125,6152.98673828125,6095.047998046875,0.0057049243316901,0.0008394503959792,0.0078485866121071,-0.0024124946385249,8.0,0.2990500207990407,1.0,1.0,1.0
5941.6484375,6072.581885558572,5929.9074212870055,6072.581885558572,6037.82470703125,6084.8130859375,6176.22216796875,6219.734594726562,6157.36408203125,6099.468603515625,-0.0224944045548233,0.022036552555382,0.022036552555382,-0.0019760536720571,8.0,0.2990500103995204,0.0,0.0,0.0
5846.9775390625,5984.400980252794,5835.880926854494,5944.769185681584,5987.5814453125,6055.351806640625,6137.3400390625,6197.424365234375,6160.69708984375,6100.996077473958,-0.0159334399255257,0.0167251620116131,0.0235033297583573,-0.001897837324305,8.0,0.2990500051997602,0.0,0.0,0.0
5820.07763671875,5833.205668854217,5727.785190576528,5811.011960341003,5946.1958984375,6022.833935546875,6100.142317708333,6168.649194335938,6166.899453125,6103.580403645833,-0.0046006508771475,-0.0015576555749964,0.0022556455351459,-0.0158575970808276,8.0,0.2990500025998801,0.0,0.0,0.0
5779.85107421875,5892.752340314938,5757.508843979841,5814.974944986695,5893.3865234375,5982.9345703125,6061.623470052084,6138.8287353515625,6159.73798828125,6105.986376953125,-0.0069116882988315,0.0060769508274385,0.0195335943169518,-0.0038655373558961,8.0,0.2990500012999401,0.0,0.0,0.0
5678.7900390625,5796.149882767515,5663.53189510278,5786.241934249963,5813.4689453125,5937.06572265625,6019.623665364584,6108.413793945312,6144.9691796875,6096.400439453125,-0.0174850586734036,0.0189216178883773,0.0206663466861314,-0.0026868653101741,8.0,0.29905,0.0,0.0,0.0
5678.7900390625,5796.149882767515,5663.53189510278,5786.241934249963,5813.4689453125,5937.06572265625,6019.623665364584,6108.413793945312,6144.9691796875,6096.400439453125,-0.0174850586734036,0.0189216178883773,0.0206663466861314,-0.0026868653101741,8.0,0.29905,0.0,0.0,0.0
5666.1083984375,5766.426383196721,5648.521788763661,5746.610484972677,5758.3609375,5898.092822265625,5975.995703125,6071.756860351563,6127.45986328125,6090.863557942708,-0.0022331589190245,0.014207650273224,0.0177049180327868,-0.0031038251366121,8.0,0.399525,0.0,0.0,0.0
5662.4921875,5702.024808354034,5612.853264869783,5676.957890200318,5721.4638671875,5854.52265625,5944.055826822917,6033.37099609375,6102.232265625,6087.491552734375,-0.0006382177472102,0.0025546530081315,0.0069814879288137,-0.0087662677468757,8.0,0.4497625,0.0,0.0,0.0
5679.5830078125,5763.205997170493,5635.740335293517,5687.211837956302,5693.36494140625,5819.780419921875,5913.0109375,5998.447973632812,6073.59234375,6087.977034505208,0.0030182505770565,0.0013432025085835,0.0147234381895582,-0.0077193470821141,8.0,0.47488125,1.0,1.0,1.0
5499.70361328125,5687.608235188117,5435.203258467419,5686.17138920542,5637.33544921875,5765.360986328125,5867.73486328125,5955.55146484375,6038.530078125,6072.6708984375,-0.0316712326034884,0.0339050590787961,0.0341663178817663,-0.0117279692414822,8.0,0.487440625,0.0,0.0,0.0
5657.5380859375,5662.392884216521,5534.728863901673,5550.234707413473,5633.08505859375,5723.277001953125,5835.738834635416,5922.989013671875,6013.348046875,6059.655159505209,0.0286987233775825,-0.0189664438655291,0.0008581114621373,-0.0217071843212304,8.0,0.4937203125,1.0,1.0,1.0
5780.49560546875,5803.085534917439,5682.208561166384,5696.872131680579,5655.9625,5707.16171875,5817.38271484375,5895.98740234375,5988.59798828125,6048.876969401042,0.0217333966936742,-0.0144664886016101,0.003907957204797,-0.0170032210057178,8.0,0.49686015625,1.0,1.0,1.0
5779.35595703125,5845.68986863145,5719.363519775431,5756.0229308160015,5679.33525390625,5700.399560546875,5796.12685546875,5877.87568359375,5962.56384765625,6031.749430338542,-0.0001971541049908,-0.0040373056078785,0.0114777342135323,-0.0103804710597261,8.0,0.498430078125,0.0,0.0,0.0
5597.248046875,5776.086524984649,5575.401213008366,5750.474380254292,5662.86826171875,5678.1166015625,5767.4763671875,5850.475268554687,5931.33203125,6005.138330078125,-0.0315100698953652,0.0273752980207548,0.0319511439571624,-0.0039031384143912,8.0,0.4992150390625,0.0,0.0,0.0
5541.56494140625,5672.300515357806,5533.143185182575,5645.549054412014,5671.24052734375,5654.28798828125,5733.9875,5818.611279296875,5898.68927734375,5977.315152994792,-0.0099483004866719,0.0187643949146567,0.0235918148273797,-0.0015197433058572,8.0,0.49960751953125,0.0,0.0,0.0
5483.5048828125,5572.6265914388005,5471.86304304536,5569.307331854262,5636.43388671875,5634.75947265625,5694.329296875,5785.91259765625,5865.67798828125,5950.529020182292,-0.0104771953784983,0.0156473735093591,0.0162526906660818,-0.0021230654510093,8.0,0.4998037597656249,0.0,0.0,0.0
5573.41943359375,5594.027773143491,5503.86544098691,5510.949527470473,5595.01865234375,5625.490576171875,5669.780696614584,5761.79169921875,5835.79365234375,5923.001432291667,0.0163972774170545,-0.0112085420570968,0.0036976114565367,-0.0124795905701272,8.0,0.4999018798828125,1.0,1.0,1.0
5565.04736328125,5641.586270801342,5534.77877200962,5641.586270801342,5552.15693359375,5615.74609375,5650.9853515625,5735.134375,5812.73193359375,5894.1626953125,-0.001502142519911,0.0137535051408732,0.0137535051408732,-0.0054390536676012,8.0,0.4999509399414062,0.0,0.0,0.0
5662.44189453125,5681.217650388887,5580.354928519901,5602.9448575077,5565.195703125,5614.031982421875,5640.476302083333,5716.906201171875,5793.41935546875,5870.309309895833,0.0175011145264672,-0.0105073108266261,0.003315840799315,-0.0144967431967166,8.0,0.4999754699707031,1.0,1.0,1.0
5708.26611328125,5892.306254653394,5690.283283707983,5778.315501923784,5598.5359375,5634.888232421875,5635.703971354166,5700.124609375,5774.5962109375,5848.663720703125,0.0080926603051338,0.0122715702548541,0.0322409883701713,-0.0031503138109533,8.0,0.4999877349853515,1.0,1.0,1.0
5877.59326171875,5904.146369547292,5653.029227322867,5707.968993952332,5677.35361328125,5656.89375,5648.95751953125,5690.085375976562,5764.20080078125,5834.290592447916,0.0296634994019517,-0.0288594770364929,0.0045176837944,-0.0382068007084612,8.0,0.4999938674926757,1.0,1.0,1.0
5775.14501953125,5914.94627425603,5757.509064131482,5890.226232201332,5717.69873046875,5656.35869140625,5656.226627604166,5681.760205078125,5752.97310546875,5816.111165364583,-0.0174303048247237,0.0199269823148826,0.0242074015893936,-0.0030537684058363,8.0,0.4999969337463379,0.0,0.0,0.0
5784.0126953125,5825.873778157252,5757.657455273049,5804.076291232174,5761.491796875,5656.824365234375,5664.327994791666,5678.611962890625,5740.405859375,5804.191910807292,0.001535489715195,0.0034688021926256,0.0072373774142433,-0.0045565667690892,8.0,0.4999984668731689,1.0,1.0,1.0
5803.0361328125,5822.653677471861,5732.739044174447,5783.269581895308,5789.61064453125,5677.403173828125,5672.558203125,5677.7598876953125,5731.44708984375,5792.7845703125,0.0032889688356695,-0.0034062429502075,0.0033805656574212,-0.0121138464467879,8.0,0.4999992334365845,1.0,1.0,1.0
5850.09912109375,5882.349301465377,5796.5463666573805,5803.0363635024405,5817.97724609375,5708.256591796875,5695.917903645834,5681.272290039063,5723.69513671875,5781.826383463542,0.0081100629401803,-0.0080447795186264,0.0055127579386375,-0.0091541618915949,8.0,0.5,1.0,1.0,1.0
5850.09912109375,5882.349301465377,5796.5463666573805,5803.0363635024405,5817.97724609375,5708.256591796875,5695.917903645834,5681.272290039063,5723.69513671875,5781.826383463542,0.0081100629401803,-0.0080447795186264,0.0055127579386375,-0.0091541618915949,8.0,0.5,1.0,1.0,1.0
5906.57421875,5942.787577411838,5845.689681015313,5942.787577411838,5823.7734375,5750.563525390625,5712.5203125,5692.6614990234375,5716.82298828125,5774.129573567709,0.0096536992770972,0.0061310257554847,0.0061310257554847,-0.0103079273162121,8.0,0.5,1.0,1.0,1.0
5861.19580078125,5938.824678580741,5816.213808715148,5919.99957532865,5840.98359375,5779.341162109375,5717.900325520834,5702.415869140625,5713.6048828125,5767.641520182292,-0.0076826966509113,0.0100327265196569,0.0132445460684225,-0.0076745417820892,8.0,0.5,0.0,0.0,0.0
5893.00048828125,5905.137726057123,5825.874132418772,5861.195874576546,5862.78115234375,5812.136474609375,5725.476627604166,5713.941284179688,5715.44580078125,5760.801741536458,0.005426313772995,-0.0053970152841409,0.0020596023706442,-0.0113908620907065,8.0,0.5,1.0,1.0,1.0
5858.27294921875,5911.03277539651,5831.967055472273,5905.13735247799,5873.828515625,5831.719580078125,5742.878287760416,5722.87578125,5716.97361328125,5755.177327473958,-0.0058930147946803,0.0079996960990849,0.0090060375532341,-0.0044903837657452,8.0,0.5,0.0,0.0,0.0
5883.24072265625,5890.275462943738,5774.352463925333,5858.570027314772,5880.4568359375,5849.217041015625,5765.656673177084,5742.05263671875,5721.10919921875,5749.822086588541,0.0042619682718658,-0.0041933853303794,0.0011957253865879,-0.0185082106723238,8.0,0.5,1.0,1.0,1.0
5879.12890625,5909.794200189886,5822.90129884664,5885.321374025701,5874.9677734375,5849.37060546875,5792.031608072916,5753.132177734375,5729.12275390625,5743.180452473958,-0.0006989033085822,0.0010532968190435,0.0052159587634295,-0.0095639351169158,8.0,0.5,0.0,0.0,0.0
6019.32666015625,6036.616224514831,5874.125862428394,5905.038372748507,5906.5939453125,5873.78876953125,5821.758756510417,5765.07373046875,5743.251484375,5745.7697265625,0.02384668819852,-0.018986889042632,0.0028723419303733,-0.0241224319472449,8.0,0.5,1.0,1.0,1.0
6000.20458984375,6063.466457408008,5957.946800176847,6043.848911831774,5928.034765625,5895.407958984375,5850.76923828125,5776.116162109375,5756.75998046875,5750.877294921875,-0.0031767789641779,0.0072738056402108,0.0105432850858682,-0.0070427247994894,8.0,0.5,0.0,0.0,0.0
6142.9775390625,6196.877167009512,6010.16168027884,6019.078834107148,5984.97568359375,5929.402099609375,5882.804947916667,5803.40263671875,5775.29576171875,5761.640625,0.0237946801781417,-0.0201691613175361,0.0087741860692587,-0.0216207625600286,8.0,0.5,1.0,1.0,1.0
6222.291015625,6238.044557441914,6054.747504848719,6186.424047494842,6052.7857421875,5966.6212890625,5917.073274739583,5837.438940429687,5804.1992578125,5776.388623046875,0.0129112431322033,-0.0057642704335254,0.0025317912288824,-0.0269263379606574,8.0,0.5,1.0,1.0,1.0
6191.6259765625,6276.338942208843,6167.500023507073,6271.731842588903,6115.28515625,5995.12646484375,5938.0087890625,5872.844995117188,5825.5627734375,5793.483154296875,-0.004928255362132,0.0129377753646022,0.0136818609468678,-0.0038965456160873,8.0,0.5,0.0,0.0,0.0
6123.35986328125,6197.421778216774,6099.28374197402,6180.627612017779,6136.091796875,6021.34287109375,5961.223111979167,5900.342016601562,5839.27734375,5808.724869791667,-0.0110255550867674,0.0093523408741555,0.0120949799765381,-0.00393184817564,8.0,0.5,0.0,0.0,0.0
6331.4267578125,6340.096212705636,6125.242253825305,6139.955654029821,6202.33623046875,6065.185498046875,5997.7173828125,5938.660986328125,5861.36017578125,5831.022688802083,0.0339792040933154,-0.0302413833574586,0.0013692735026016,-0.0325652513839442,8.0,0.5,1.0,1.0,1.0
6331.03076171875,6388.645387242478,6273.366306179077,6321.221989162523,6239.946875,6112.461279296875,6032.917024739583,5972.0904296875,5890.711484375,5852.737613932291,-6.254452730758844e-05,-0.0015493168372419,0.0091003546961263,-0.0091082254549049,8.0,0.5,0.0,0.0,0.0
6596.66259765625,6633.470528642296,6329.197341172097,6335.588161307025,6314.82119140625,6183.803466796875,6082.687923177084,6016.51025390625,5932.915390625,5889.302913411459,0.0419571229291241,-0.0395767454351815,0.0055797807514248,-0.0405455414044036,8.0,0.5,1.0,1.0,1.0
6491.935546875,6677.808757233553,6481.779899676638,6588.785743327673,6374.88310546875,6245.084130859375,6121.71201171875,6047.227368164063,5973.2526171875,5917.116162109375,-0.015875762816558,0.0149185394330191,0.0286314010692889,-0.0015643481246899,8.0,0.5,0.0,0.0,0.0
6570.45654296875,6603.648172945294,6464.936883491079,6530.280002287896,6464.30244140625,6300.197119140625,6168.996061197917,6086.992944335938,6013.1341015625,5943.448193359375,0.0120951595293559,-0.0061147258821533,0.0050516474402473,-0.0160597149966071,8.0,0.5,1.0,1.0,1.0
6570.45654296875,6603.648172945294,6464.936883491079,6530.280002287896,6464.30244140625,6300.197119140625,6168.996061197917,6086.992944335938,6013.1341015625,5943.448193359375,0.0120951595293559,-0.0061147258821533,0.0050516474402473,-0.0160597149966071,8.0,0.5,1.0,1.0,1.0
6602.1123046875,6618.50976635749,6564.016048221312,6597.703073978222,6518.43955078125,6360.387890625,6216.270182291667,6127.897924804687,6054.61669921875,5970.873404947916,0.004817893781312,-0.0006678515156652,0.0024836690006542,-0.005770313303992,8.0,0.5621,1.0,1.0,1.0
6652.5927734375,6671.665574097462,6543.9028698186285,6588.78568253239,6582.751953125,6411.3494140625,6269.224837239583,6170.375756835938,6094.222734375,6006.0515625,0.0076461087634269,-0.0095913117002861,0.0028669725187622,-0.0163379763831101,8.0,0.5931500000000001,1.0,1.0,1.0
6650.51220703125,6687.865367114796,6624.256142997392,6652.592973013886,6593.521875,6454.171533203125,6320.37626953125,6210.396411132812,6131.912578125,6043.016471354166,-0.0003127451923041,0.0003128730416337,0.0056165839443245,-0.0039479762184481,8.0,0.6086750000000001,0.0,0.0,0.0
6722.14697265625,6785.954065535452,6638.325629885754,6658.141527288399,6639.56416015625,6507.2236328125,6376.577473958333,6251.175048828125,6165.6947265625,6084.304541015625,0.0107713155611178,-0.0095215777977195,0.0094920704856278,-0.0124694302447502,8.0,0.6164375,1.0,1.0,1.0
6643.3291015625,6747.759270278861,6600.675574947812,6722.543346745858,6654.138671875,6559.220556640625,6418.17763671875,6290.281713867187,6200.42208984375,6119.968196614584,-0.0117251038119752,0.0119238779190882,0.0157195537237193,-0.0064205048346402,8.0,0.62031875,0.0,0.0,0.0
6726.90234375,6767.772630619374,6683.059672381035,6697.574719930062,6679.0966796875,6598.768115234375,6466.624153645834,6331.976806640625,6238.13767578125,6158.696695963542,0.0125800243988881,-0.0043597516838023,0.0060756474199965,-0.0065175126869054,8.0,0.6222593750000001,1.0,1.0,1.0
6721.75048828125,6757.220749728553,6650.214907943995,6737.404853101783,6692.92822265625,6637.840087890625,6505.209016927083,6375.15068359375,6274.88625,6194.006982421875,-0.000765858519343,0.0023289119177845,0.0052769381293074,-0.0106424034129161,8.0,0.6232296875000001,0.0,0.0,0.0
6730.51904296875,6755.239569021819,6699.655878861437,6721.75089520982,6708.92958984375,6651.225732421875,6539.090885416666,6417.514599609375,6310.103046875,6228.082080078125,0.0013045046380086,-0.0013027446624774,0.0036729003952369,-0.0045855548302111,8.0,0.62371484375,1.0,1.0,1.0
6718.1337890625,6810.67441456394,6694.8999402319305,6747.362236973957,6708.126953125,6673.845556640625,6574.19140625,6459.46484375,6342.5654296875,6256.10009765625,-0.0018401632663365,0.0043506796424688,0.0137747517996891,-0.0034583784068717,8.0,0.6239574218749999,0.0,0.0,0.0
6723.484375,6785.507744373482,6667.801511999243,6706.690209104778,6724.1580078125,6689.14833984375,6614.19970703125,6494.672729492188,6377.05697265625,6287.711409505208,0.000796439324595,-0.0024978366808835,0.0092248848832168,-0.008281846122496,8.0,0.6240787109374999,1.0,1.0,1.0
6778.17626953125,6784.963311189504,6684.001410077334,6715.607669866014,6734.41279296875,6706.754736328125,6643.9830078125,6533.571313476563,6412.46400390625,6320.8501953125,0.0081344569989054,-0.0092308900177898,0.0010013079312738,-0.013893834522605,8.0,0.62413935546875,1.0,1.0,1.0
6840.943359375,6856.300680262872,6778.22623597335,6783.576431654392,6758.2513671875,6725.589794921875,6677.977180989584,6568.469604492188,6451.7708203125,6355.447102864583,0.0092601737322612,-0.0083858211809327,0.0022449127380694,-0.0091679056684047,8.0,0.624169677734375,1.0,1.0,1.0
6868.2392578125,6907.722529407756,6838.26771355032,6876.314622882624,6785.79541015625,6747.3625,6696.082291666667,6600.767016601562,6491.17076171875,6389.385107421875,0.0039900781227917,0.0011757547701818,0.0057486744583548,-0.0043637886126474,8.0,0.6241848388671876,1.0,1.0,1.0
6941.310546875,6954.141534030328,6866.257835038448,6884.042796572427,6830.43076171875,6769.278857421875,6726.040625,6638.251245117188,6533.65802734375,6423.876318359375,0.0106390133365524,-0.0082502792398988,0.0018484963421072,-0.0108124699694268,8.0,0.6241924194335937,1.0,1.0,1.0
6925.50732421875,6961.324460488293,6863.532817464684,6940.418592863308,6870.8353515625,6797.4966796875,6749.710677083333,6678.358618164062,6569.90525390625,6459.353369140625,-0.0022766914906817,0.0021530940545557,0.0051717707588423,-0.008948731674478,8.0,0.6241962097167968,0.0,0.0,0.0
6975.69091796875,6992.336077400927,6887.113957973495,6959.342803467438,6910.33828125,6822.375537109375,6774.61591796875,6710.571826171875,6608.92470703125,6495.443050130209,0.0072461974842631,-0.0023435835523045,0.0023861664210638,-0.012697947921845,8.0,0.6241981048583984,1.0,1.0,1.0
6959.244140625,7034.643728614364,6940.51821393572,7010.6169524990255,6933.9984375,6846.12490234375,6795.059342447917,6741.982495117188,6641.57537109375,6532.14208984375,-0.0023577273616559,0.0073819528149807,0.0108344507630093,-0.0026907989302984,8.0,0.6241990524291992,0.0,0.0,0.0
6978.36669921875,7026.321074700772,6948.493846528014,7004.919808514335,6956.02392578125,6870.90966796875,6816.91630859375,6761.067700195313,6671.8183984375,6568.6462890625,0.00274779246242,0.003805060759928,0.0068718623639238,-0.0042807800131914,8.0,0.6241995262145996,1.0,1.0,1.0
7048.46533203125,7066.348985851825,6960.333935166723,6960.333935166723,6977.4548828125,6903.942822265625,6838.670865885417,6788.894189453125,6706.09197265625,6607.624169921875,0.0100451346043978,-0.0125036291891825,0.0025372408003916,-0.0125036291891825,8.0,0.6242,1.0,1.0,1.0
7048.46533203125,7066.348985851825,6960.333935166723,6960.333935166723,6977.4548828125,6903.942822265625,6838.670865885417,6788.894189453125,6706.09197265625,6607.624169921875,0.0100451346043978,-0.0125036291891825,0.0025372408003916,-0.0125036291891825,8.0,0.6242,1.0,1.0,1.0
7014.7783203125,7075.266153498774,6996.993358914485,7054.459461267507,6995.30908203125,6933.072216796875,6863.434147135416,6811.110278320312,6741.7487109375,6640.805891927083,-0.0047793399175366,0.0056567918675496,0.0086229144278331,-0.0025353561560905,8.0,0.6361,0.0,0.0,0.0
6945.5712890625,7045.542395755009,6930.758712083308,7014.827754457244,6989.28515625,6949.81171875,6878.012076822916,6828.283227539063,6766.3144921875,6672.318115234375,-0.0098658899953543,0.0099713130155045,0.0143935037928324,-0.0021326650267802,8.0,0.64205,0.0,0.0,0.0
6972.3720703125,7017.304714731382,6947.503022148233,6948.196772076597,6991.9107421875,6962.95458984375,6894.720182291667,6844.272192382812,6791.96814453125,6699.964599609375,0.0038586863678448,-0.0034672989324305,0.006444384201784,-0.0035667987757217,8.0,0.645025,1.0,1.0,1.0
7032.365234375,7044.551818267499,6976.781543102241,6985.252646077931,7002.71044921875,6979.3671875,6914.84326171875,6863.36484375,6809.39625,6726.967073567708,0.0086044123086809,-0.0066993944038596,0.0017329281808244,-0.0079039824326898,8.0,0.6465125,1.0,1.0,1.0
7100.77880859375,7133.7227365088775,7034.643254057366,7034.643254057366,7013.17314453125,6995.314013671875,6940.3529296875,6882.296435546875,6833.74998046875,6757.27216796875,0.0097283875252008,-0.0093138451878466,0.0046394809362682,-0.0093138451878466,8.0,0.6472562500000001,1.0,1.0,1.0
7031.5224609375,7115.888544853299,7016.858407025386,7115.888544853299,7016.52197265625,7005.91552734375,6960.888802083334,6901.706103515625,6852.1926171875,6787.544254557291,-0.0097533453052265,0.011998267001845,0.011998267001845,-0.0020854735220682,8.0,0.647628125,0.0,0.0,0.0
7060.99853515625,7075.959633852747,6991.048323372006,7029.689321757991,7039.607421875,7014.4462890625,6979.743619791667,6918.410913085938,6870.54806640625,6811.863313802083,0.0041919903381521,-0.0044341056356792,0.0021188361139019,-0.0099065608689714,8.0,0.6478140625,1.0,1.0,1.0
7136.8935546875,7152.151698401381,7065.357974028742,7103.9989726246085,7072.51171875,7032.21123046875,6999.4736328125,6939.16806640625,6889.92009765625,6838.725406901041,0.0107484825486613,-0.0046090896285382,0.0021379250786022,-0.010023349810475,8.0,0.6479070312499999,1.0,1.0,1.0
7318.20947265625,7330.742931364688,7135.952557566508,7145.563461596377,7129.68056640625,7066.1955078125,7029.471647135417,6968.552587890625,6916.62798828125,6862.776969401041,0.0254054395766715,-0.0235912912447979,0.0017126400597398,-0.024904577515952,8.0,0.647953515625,1.0,1.0,1.0
7182.07373046875,7308.251555156104,7134.713928733622,7308.251555156104,7145.93955078125,7079.55634765625,7045.522526041666,6991.749584960938,6935.02505859375,6885.781575520833,-0.018602329257745,0.0175684390640638,0.0175684390640638,-0.0065941681347841,8.0,0.6479767578125,0.0,0.0,0.0
7139.81640625,7218.832297692009,7110.934832342302,7208.0327302898495,7167.59833984375,7092.06015625,7059.809798177083,7012.566186523438,6954.88455078125,6904.760237630208,-0.0058837218614841,0.0095543526833736,0.0110669360311339,-0.0040451423768286,8.0,0.6479883789062499,0.0,0.0,0.0
6965.28759765625,7137.834419125377,6955.3796494376775,7133.821893611469,7148.45615234375,7094.031787109375,7059.116243489583,7021.921752929688,6964.4199609375,6916.866080729166,-0.0244444392773142,0.0241963154560809,0.0247723900915717,-0.0014224751066856,8.0,0.6479941894531249,0.0,0.0,0.0
6925.30908203125,6990.057621819874,6892.068108542033,6956.321250908842,7106.1392578125,7089.32548828125,7056.85390625,7026.1400390625,6972.5623046875,6925.956624348958,-0.0057396790964456,0.0044780916649709,0.0093495523480133,-0.0047999263419832,8.0,0.6479970947265625,0.0,0.0,0.0
6934.2763671875,6970.242028060736,6881.07048825612,6925.656258158428,7029.35263671875,7079.5166015625,7053.91455078125,7029.44189453125,6980.71259765625,6935.4154296875,0.0012948570309326,-0.0012431158743343,0.0051866494741141,-0.0076728812227828,8.0,0.6479985473632812,1.0,1.0,1.0
6954.63671875,6965.28776333832,6889.987355086013,6965.28776333832,6983.865234375,7064.902392578125,7047.659309895834,7030.108203125,6990.17271484375,6943.165087890625,0.0029361898032855,0.0015315026534172,0.0015315026534172,-0.0092958649428358,8.0,0.6479992736816407,1.0,1.0,1.0
7024.93408203125,7059.413550489541,6975.195985325807,6989.413988672527,6960.88876953125,7064.2435546875,7048.336360677084,7035.079541015625,7002.230703125,6955.88525390625,0.0101079849493396,-0.0050562884923829,0.0049081554439756,-0.0070802225507946,8.0,0.6479996368408203,1.0,1.0,1.0
7124.83251953125,7159.060592534192,7055.779273388809,7064.535122584122,6992.79775390625,7070.626953125,7060.287109375,7042.53662109375,7016.096953125,6969.149593098959,0.0142205515857473,-0.0084629914853204,0.0048040529948054,-0.0096919114874834,8.0,0.6479998184204101,1.0,1.0,1.0
7296.37109375,7318.261202036172,7124.23524222692,7124.832342348628,7067.01015625,7086.57470703125,7081.887044270833,7059.39296875,7034.3140625,6988.30361328125,0.0240761552988807,-0.0235101462353402,0.003000136369835,-0.0235919814537024,8.0,0.6479999092102051,1.0,1.0,1.0
7821.18701171875,7880.439363352503,7574.6244886175855,7611.788021420031,7244.39228515625,7136.8724609375,7134.475162760416,7101.533984375,7072.43197265625,7024.659212239583,0.0719283478355839,-0.0267733005213874,0.0075758771072693,-0.031524949183766,8.0,0.648,1.0,1.0,1.0
7821.18701171875,7880.439363352503,7574.6244886175855,7611.788021420031,7244.39228515625,7136.8724609375,7134.475162760416,7101.533984375,7072.43197265625,7024.659212239583,0.0719283478355839,-0.0267733005213874,0.0075758771072693,-0.031524949183766,8.0,0.648,1.0,1.0,1.0
7799.59521484375,7959.940168719413,7741.13867280936,7840.589613977541,7413.383984375,7198.624609375,7181.062923177084,7139.090478515625,7106.763359375,7060.707926432292,-0.0027606802960533,0.0052559649577421,0.0205581122428639,-0.0074948174134906,8.0,0.5740000000000001,0.0,0.0,0.0
7727.45703125,7784.918565910188,7696.363127213101,7737.158329309512,7553.88857421875,7257.388671875,7227.458561197916,7174.7244140625,7138.84134765625,7094.173681640625,-0.0092489650560917,0.0012554321583775,0.0074360212457749,-0.0040238210204409,8.0,0.537,0.0,0.0,0.0
7584.27587890625,7710.193557689703,7567.609546430818,7681.438012557259,7645.77724609375,7319.2875,7262.343717447917,7206.659643554687,7163.18474609375,7121.043668619792,-0.0185288836631148,0.0128109967520091,0.0166024655212848,-0.0021974849994295,8.0,0.5185,0.0,0.0,0.0
7495.62109375,7591.838267447159,7395.175148984785,7584.276132604063,7685.62724609375,7376.318701171875,7286.25888671875,7232.822094726563,7184.63982421875,7142.866259765625,-0.0116892880179663,0.0118275774275711,0.0128364511084193,-0.0134006166412239,8.0,0.50925,0.0,0.0,0.0
7406.81689453125,7641.638064212789,7344.131582285755,7529.202504153408,7602.75322265625,7423.57275390625,7292.166048177083,7251.544677734375,7201.77783203125,7160.81884765625,-0.0118474770946995,0.0165233745298227,0.031703385276733,-0.0084631918323481,8.0,0.504625,0.0,0.0,0.0
7394.8271484375,7470.497079688008,7361.19569000441,7432.58729435545,7521.799609375,7467.591796875,7306.349609375,7266.247094726563,7215.6323046875,7175.936067708333,-0.0016187447677561,0.0051062918929658,0.0102328194738801,-0.0045479708663909,8.0,0.5023124999999999,0.0,0.0,0.0
7437.26416015625,7485.322705316081,7378.956772418257,7432.637484267563,7463.76103515625,7508.8248046875,7326.179459635417,7286.5341796875,7232.53173828125,7192.99462890625,0.0057387428897126,-0.0006220937953869,0.006461858033401,-0.0078398973711817,8.0,0.50115625,1.0,1.0,1.0
7444.9755859375,7481.342823505608,7362.937231256713,7436.667197212085,7435.9009765625,7540.839111328125,7358.158658854167,7305.733032226562,7252.50791015625,7208.637451171875,0.0010368632356186,-0.001115972595143,0.004884802797312,-0.0110192912970387,8.0,0.500578125,1.0,1.0,1.0
7473.4326171875,7504.327326521838,7404.826831606406,7482.437217640442,7431.46328125,7558.545263671875,7394.700227864583,7322.559985351562,7272.55033203125,7225.777067057292,0.0038223135753126,0.0012048814666814,0.0041339383007596,-0.0091799563995952,8.0,0.5002890625,1.0,1.0,1.0
7382.9365234375,7517.262187947481,7336.27088975026,7482.437015667116,7426.68720703125,7514.72021484375,7424.610904947916,7325.796337890625,7286.57318359375,7239.262727864583,-0.0121090398998013,0.0134770889487869,0.0181940700808624,-0.0063207415557614,8.0,0.50014453125,0.0,0.0,0.0
7546.814453125,7561.042829977547,7392.886988647608,7404.777492475007,7457.08466796875,7489.442138671875,7464.089420572916,7344.033374023437,7304.414609375,7255.874365234375,0.022196849338642,-0.0188207834619781,0.0018853487045324,-0.0203963494045694,8.0,0.5000722656250001,1.0,1.0,1.0
7558.65478515625,7599.002041994594,7464.527218661566,7513.282461758662,7481.36279296875,7472.5619140625,7499.67080078125,7364.97529296875,7325.49990234375,7274.003580729167,0.001568917866577,-0.0060026981899862,0.0053378885509598,-0.0124529521680938,8.0,0.5000361328125,1.0,1.0,1.0
7543.87890625,7619.449727807495,7495.472011788676,7558.654827173895,7501.14345703125,7468.522216796875,7527.6072265625,7393.904858398438,7344.8151171875,7293.94716796875,-0.0019548291761209,0.0019586635877271,0.0100175019372177,-0.0064167114905859,8.0,0.50001806640625,0.0,0.0,0.0
7543.7294921875,7606.613512405954,7522.585637375302,7543.779048097216,7515.20283203125,7473.333056640625,7544.097786458334,7424.82587890625,7361.0885546875,7312.992415364583,-1.980599958679248e-05,6.569152534829925e-06,0.0083359325494873,-0.0028028384148841,8.0,0.5000090332031251,0.0,0.0,0.0
7568.45556640625,7611.190737334799,7503.381854259162,7611.190737334799,7552.306640625,7489.496923828125,7527.2490234375,7456.534838867187,7371.0983984375,7330.862093098958,0.0032776989477627,0.0056464850131692,0.0056464850131692,-0.0085980173334078,8.0,0.5000045166015625,1.0,1.0,1.0
7396.02099609375,7695.368334459802,7294.381336943989,7596.862843754925,7522.14794921875,7489.61630859375,7500.344075520833,7478.604052734375,7379.6562890625,7340.703499348959,-0.0227833233345356,0.0271553917663633,0.0404741060800333,-0.0137424784493503,8.0,0.5000022583007813,0.0,0.0,0.0
7247.7158203125,7540.048087015351,7231.397835925297,7540.048087015351,7459.96015625,7470.661474609375,7468.361328125,7489.743139648437,7383.972265625,7347.909944661458,-0.0200520220074521,0.0403343996854235,0.0403343996854235,-0.0022514658123694,8.0,0.5,0.0,0.0,0.0
7247.7158203125,7540.048087015351,7231.397835925297,7540.048087015351,7459.96015625,7470.661474609375,7468.361328125,7489.743139648437,7383.972265625,7347.909944661458,-0.0200520220074521,0.0403343996854235,0.0403343996854235,-0.0022514658123694,8.0,0.5,0.0,0.0,0.0
7344.728515625,7357.663579762848,7173.985571836963,7282.441109608145,7420.130078125,7460.636767578125,7452.39150390625,7500.737939453125,7399.14990234375,7357.367610677084,0.0133852785784745,-0.0084805593405319,0.0017611357738178,-0.0232470054440818,8.0,0.426,1.0,1.0,1.0
7263.83447265625,7333.086914635563,7244.680627288303,7308.311388444958,7364.15107421875,7439.676953125,7436.9390625,7499.111108398438,7412.69091796875,7361.598974609375,-0.0110138915000953,0.0061230629574688,0.0095338684051797,-0.0026368780070703,8.0,0.389,0.0,0.0,0.0
7233.3876953125,7293.386299592983,7207.81587370417,7263.834458175872,7297.1375,7424.7220703125,7425.377115885417,7469.721142578125,7424.65537109375,7358.77158203125,-0.0041915571532312,0.004209198254796,0.0082946755804842,-0.0035352483076361,8.0,0.3705,0.0,0.0,0.0
7167.46875,7253.586235870859,7109.310515129943,7253.586235870859,7251.42705078125,7386.7875,7410.219889322917,7438.114819335938,7433.16865234375,7358.284749348958,-0.0091131497562639,0.0120150486698471,0.0120150486698471,-0.0081141944106916,8.0,0.3612499999999999,0.0,0.0,0.0
7072.84375,7188.214285978624,6982.994508759367,7139.160734779004,7216.45263671875,7338.206396484375,7385.9251953125,7405.384155273437,7435.0850390625,7356.052327473958,-0.0132020108214632,0.0093762830232186,0.0163117608781648,-0.012703411020586,8.0,0.3566249999999999,0.0,0.0,0.0
7112.9921875,7169.01077269155,7035.978414536619,7103.340445002773,7170.10537109375,7295.117724609375,7363.79296875,7381.819970703125,7434.61142578125,7360.975813802083,0.0056764208172985,-0.0013569173482558,0.0078755302571531,-0.0108271977436894,8.0,0.3543125,1.0,1.0,1.0
7086.57421875,7146.87161428266,7036.276914203882,7126.225262119997,7134.6533203125,7249.402197265625,7338.002408854167,7361.367626953125,7426.21955078125,7366.351318359375,-0.0037140443927979,0.0055952343327028,0.0085086804528373,-0.0070975485465232,8.0,0.3531562499999999,0.0,0.0,0.0
7137.767578125,7169.010636262397,7049.759196310316,7099.360290039168,7115.529296875,7206.3333984375,7321.6578125,7347.9151611328125,7398.8827734375,7373.134358723958,0.0072239925519371,-0.0053808544009668,0.0043771470274749,-0.0123299590315046,8.0,0.3525781249999999,1.0,1.0,1.0
7089.7587890625,7177.965882844162,7054.585266061145,7164.035813207369,7099.9873046875,7175.707177734375,7291.187434895834,7332.6617431640625,7370.48931640625,7377.638427734375,-0.006726023022889,0.0104766644895533,0.0124414802260608,-0.0049611734401482,8.0,0.3522890624999999,0.0,0.0,0.0
7108.166015625,7138.165316881975,7056.574913204205,7064.584508496648,7107.0517578125,7161.752197265625,7261.154850260416,7316.2068359375,7345.71767578125,7380.412825520833,0.0025963121045665,-0.0061311886965712,0.004220399634875,-0.0072580047099897,8.0,0.35214453125,1.0,1.0,1.0
7025.33203125,7123.240420940118,6995.929343538641,7108.166193150162,7089.5197265625,7129.812548828125,7226.58505859375,7295.224658203125,7323.359921875,7377.096142578125,-0.0116533553370751,0.0117907824899521,0.0139364786254376,-0.0041852381610677,8.0,0.352072265625,0.0,0.0,0.0
6982.994140625,7023.640189102317,6905.881258704873,7004.834693131536,7068.8037109375,7101.728515625,7189.202701822916,7270.702734375,7302.85484375,7366.650244140625,-0.0060264611603655,0.003127677335353,0.0058207192586414,-0.0110429538343025,8.0,0.3520361328125,0.0,0.0,0.0
6946.626953125,6959.064514811466,6885.434149627587,6959.064514811466,7030.5755859375,7073.05244140625,7147.7474609375,7248.887255859375,7284.44724609375,7337.4982421875,-0.0052079647737961,0.0017904461791879,0.0017904461791879,-0.0088089952016041,8.0,0.35201806640625,0.0,0.0,0.0
6888.66796875,6984.934696945076,6868.519118662658,6984.934696945076,6990.357421875,7045.17236328125,7113.92392578125,7215.979931640625,7264.20087890625,7307.134000651042,-0.0083434715533308,0.0139746506337341,0.0139746506337341,-0.0029249268768281,8.0,0.352009033203125,0.0,0.0,0.0
6827.82373046875,6881.255206076694,6810.809048241868,6859.066789489455,6934.28896484375,7020.670361328125,7085.931119791667,7179.43837890625,7239.82326171875,7277.146223958333,-0.0088325113878714,0.0045758444057781,0.0078255499434627,-0.0024919627246606,8.0,0.3520045166015625,0.0,0.0,0.0
7012.994140625,7027.72001966925,6767.028720624461,6767.028720624461,6931.82138671875,7010.670556640625,7063.815494791666,7152.894140625,7222.54400390625,7258.103499348958,0.0271199751876924,-0.0350728112798078,0.002099799136997,-0.0350728112798078,8.0,0.3520022583007812,1.0,1.0,1.0
7034.63525390625,7117.7677209357,7014.784711343634,7015.829272176509,6942.149609375,7005.47666015625,7048.535546875,7127.439428710937,7204.992109375,7242.7373046875,0.0030858593130553,-0.0026733414101745,0.0118175945203822,-0.0028218296821563,8.0,0.3520011291503906,1.0,1.0,1.0
7080.9033203125,7113.290537782112,6968.019812014006,7064.535294202405,6969.0048828125,6999.790234375,7038.369921875,7103.06181640625,7192.91078125,7231.873518880208,0.0065771805838203,-0.0023115731665396,0.0045738821735787,-0.0159419643500389,8.0,0.3520005645751953,1.0,1.0,1.0
7101.79833984375,7150.0560803613125,7085.430313929237,7114.285457743863,7011.63095703125,7000.994189453125,7033.99189453125,7088.35068359375,7175.11013671875,7222.105891927084,0.0029508974471251,0.0017583036440298,0.0067951437380049,-0.0023047719931277,8.0,0.3520002822875976,1.0,1.0,1.0
7175.47802734375,7241.745452616074,7065.529982967201,7079.460051937986,7081.16181640625,7007.725390625,7040.8341796875,7084.738793945313,7159.78306640625,7213.3796875,0.010374792971328,-0.013381404700825,0.0092352627964016,-0.0153227483879913,8.0,0.3520001411437988,1.0,1.0,1.0
7199.4580078125,7224.731036705514,7102.445023915132,7188.861302124472,7118.45458984375,7025.13798828125,7046.598567708334,7077.475268554687,7146.00623046875,7205.195768229167,0.0033419349034822,-0.0014718754768107,0.003510407153648,-0.0134750398977386,8.0,0.3520000705718994,1.0,1.0,1.0
7256.91943359375,7274.431617844419,7199.855802665917,7213.785871935861,7162.91142578125,7052.530517578125,7057.954915364583,7077.1295166015625,7134.533828125,7197.978662109375,0.007981354390691,-0.0059437840054025,0.0024131705485941,-0.0078633408362884,8.0,0.3520000352859497,1.0,1.0,1.0
7231.79541015625,7294.281525261383,7221.745763220849,7289.40609828547,7193.08984375,7081.04736328125,7064.2234375,7077.04990234375,7121.067421875,7192.940625,-0.0034620783195133,0.0079663050268694,0.0086404705278826,-0.0013896475723425,8.0,0.3520000176429748,0.0,0.0,0.0
7127.220703125,7248.611311219548,7099.360563562317,7243.636286297641,7198.17431640625,7104.90263671875,7066.7208984375,7075.0375,7110.31541015625,7178.954166666666,-0.0144604072848059,0.0163339382940108,0.0170319698450369,-0.0039089766857461,8.0,0.3520000088214874,0.0,0.0,0.0
7284.033203125,7292.789052190609,7119.260289200217,7132.742411693318,7219.8853515625,7150.523583984375,7078.445377604166,7085.59697265625,7111.76810546875,7169.800113932291,0.0220019144252462,-0.0207701951944391,0.0012020605647229,-0.0226211096695841,8.0,0.3520000044107437,1.0,1.0,1.0
7233.9345703125,7333.186311777879,7222.143664759441,7333.186311777879,7226.7806640625,7172.617626953125,7092.352213541667,7091.644091796875,7107.33634765625,7159.468636067709,-0.0068778699129222,0.0137202984766686,0.0137202984766686,-0.0016299436272824,8.0,0.3520000022053718,0.0,0.0,0.0
7308.4111328125,7321.694546385885,7243.636211826749,7246.621226749205,7237.07900390625,7199.99521484375,7114.0466796875,7102.7359375,7109.1194140625,7151.624690755209,0.0102954432026031,-0.0084546291855254,0.0018175514940239,-0.0088630647357715,8.0,0.3520000011026859,1.0,1.0,1.0
7350.8974609375,7360.051700921084,7254.282867840401,7278.759601221835,7260.8994140625,7226.99462890625,7140.998046875,7113.392431640625,7113.8198046875,7144.37275390625,0.0058133467525177,-0.0098134765311316,0.0012453227693938,-0.0131432377625325,8.0,0.3520000005513429,1.0,1.0,1.0
7326.4208984375,7350.897632389829,7267.218101841729,7343.136787845277,7300.739453125,7249.456884765625,7170.181575520834,7125.225537109375,7120.177890625,7142.052750651042,-0.0033297379850648,0.0022815901023844,0.0033408855826928,-0.0080807255570585,8.0,0.3520000002756714,0.0,0.0,0.0
7373.63330078125,7412.737286637225,7333.186446922916,7353.086545829084,7318.65947265625,7269.272412109375,7206.568880208333,7138.498901367188,7132.20947265625,7146.25,0.006444129131841,-0.0027865170553015,0.0053032181369572,-0.0054853356830273,8.0,0.3520000001378357,1.0,1.0,1.0
7354.72802734375,7406.816632127984,7325.226228603737,7387.911538628463,7342.8181640625,7284.7994140625,7229.351139322916,7154.968701171875,7141.87890625,7146.583317057291,-0.0025639020366658,0.0045118610996004,0.0070823291616735,-0.0040112698430628,8.0,0.3520000000689178,0.0,0.0,0.0
7394.18017578125,7421.742007550674,7269.008745966142,7383.93181901509,7359.97197265625,7298.52548828125,7253.32080078125,7175.528002929687,7154.18314453125,7150.928173828125,0.0053641886268021,-0.0013860031163058,0.003727503403244,-0.016928371616517,8.0,0.3520000000344589,1.0,1.0,1.0
7438.5576171875,7470.746125391337,7343.78339304159,7392.190288048448,7377.50400390625,7319.201708984375,7277.164420572916,7200.124536132813,7166.21474609375,7157.767171223958,0.0060016716324553,-0.0062333763513394,0.0043272513113916,-0.0127409410564925,8.0,0.3520000000172294,1.0,1.0,1.0
7456.865234375,7474.178708788573,7389.951152995702,7438.557240876103,7403.59287109375,7352.166162109375,7300.835546875,7228.534399414062,7180.89900390625,7167.413720703125,0.0024611783802277,-0.0024551863180388,0.0023218167245078,-0.0089734867502814,8.0,0.3520000000086147,1.0,1.0,1.0
7454.7763671875,7527.361687626489,7418.309046673243,7461.542206589066,7419.821484375,7369.240478515625,7319.455436197916,7259.88203125,7194.76341796875,7180.144807942708,-0.000280126718379,0.0009075844892338,0.0097367535743226,-0.0048918061009541,8.0,0.3520000000043073,0.0,0.0,0.0
7510.94384765625,7522.237250750099,7427.711782652048,7451.4923032472125,7451.0646484375,7396.94140625,7340.221158854167,7284.779516601562,7214.187890625,7193.40986328125,0.0075344286269905,-0.0079153227097535,0.0015035930667186,-0.0110814388567389,8.0,0.3520000000021536,1.0,1.0,1.0
7501.34228515625,7608.802819285031,7445.622008200587,7451.243688974982,7472.4970703125,7416.234521484375,7356.516015625,7308.1148681640625,7234.92181640625,7207.235465494791,-0.0012783430011923,-0.0066786175429434,0.014325507361719,-0.0074280408542246,8.0,0.3520000000010768,0.0,0.0,0.0
7446.81640625,7545.769359216291,7387.911917566967,7492.387439633571,7474.148828125,7425.826416015625,7370.850748697917,7326.4105224609375,7254.92939453125,7217.537093098958,-0.0072688162776076,0.0061195322803075,0.0132879538809687,-0.0079100229506926,8.0,0.3520000000005384,0.0,0.0,0.0
7434.0302734375,7539.152448431753,7416.368935710212,7456.517482303795,7469.5818359375,7436.587353515625,7391.304720052083,7343.022119140625,7276.74388671875,7229.012809244791,-0.0017169931572059,0.0030249014382741,0.0141406708242586,-0.002375741970058,8.0,0.3520000000002692,0.0,0.0,0.0
7780.78955078125,7810.689255173997,7472.487170039337,7537.16249175073,7534.78447265625,7477.302978515625,7424.421809895834,7373.2876953125,7314.86251953125,7251.43359375,0.0466448567720734,-0.0313113543864013,0.0038427596836549,-0.0396235341837458,8.0,0.3520000000001346,1.0,1.0,1.0
7831.33544921875,7860.489385151071,7736.163324904611,7780.8389490594045,7598.86279296875,7524.963720703125,7464.24853515625,7404.881567382812,7347.596171875,7278.300374348958,0.0064962428436873,-0.0064480062802548,0.0037227285335132,-0.0121527324338576,8.0,0.3520000000000672,1.0,1.0,1.0
7798.40087890625,7815.763909681595,7704.0746036520895,7815.763909681595,7658.27451171875,7565.385791015625,7496.914518229167,7431.955639648438,7378.146796875,7305.480598958334,-0.004205485836491,0.002226486050789,0.002226486050789,-0.0120955919962132,8.0,0.3520000000000336,0.0,0.0,0.0
7700.34326171875,7789.893706679944,7679.497713804769,7765.764836787623,7708.9798828125,7591.56435546875,7520.210904947917,7455.383032226562,7402.92439453125,7330.604475911458,-0.0125740672620119,0.0084959297066804,0.0116294094844293,-0.002707093334087,8.0,0.3520000000000168,0.0,0.0,0.0
7771.73486328125,7808.798797430624,7686.413189366918,7700.343258577421,7776.52080078125,7623.051318359375,7549.898502604166,7487.608740234375,7429.72185546875,7360.0400390625,0.0092712232605803,-0.0091860576769197,0.0047690682712926,-0.0109784591748551,8.0,0.3520000000000084,1.0,1.0,1.0
7927.8017578125,7935.662199968195,7716.263602376446,7741.934536465237,7805.9232421875,7670.353857421875,7586.84306640625,7519.79716796875,7459.8148046875,7396.705973307292,0.020081345706814,-0.0234449885384808,0.000991503369512,-0.0266830783486219,8.0,0.3520000000000042,1.0,1.0,1.0
7814.818359375,8002.824737238091,7780.938635484505,7984.914648307308,7802.61982421875,7700.74130859375,7617.515755208334,7548.841357421875,7484.42921875,7423.433447265625,-0.0142515418383361,0.0217658659626109,0.0240576772507514,-0.0043353181523216,8.0,0.3520000000000021,0.0,0.0,0.0
7811.68408203125,7875.314841432005,7787.803963789928,7875.314841432005,7805.27646484375,7731.77548828125,7645.349348958333,7574.0050048828125,7506.6198046875,7449.335074869791,-0.0004010684829276,0.0081455879081338,0.0081455879081338,-0.0030569743976528,8.0,0.352000000000001,0.0,0.0,0.0
8127.74755859375,8151.080619205114,7805.813898640639,7810.788923432635,7890.75732421875,7799.868603515625,7691.295345052084,7612.847509765625,7542.457890625,7484.2298828125,0.0404603505778634,-0.0389971062555927,0.0028707905164566,-0.03960921000957,8.0,0.3520000000000005,1.0,1.0,1.0
7987.6015625,8094.365401049709,7977.949819989744,8061.57979307241,7933.9306640625,7855.225732421875,7726.677766927083,7645.90654296875,7576.873125,7513.756656901041,-0.0172429071010662,0.0092616325430805,0.0133661948100842,-0.0012083405055616,8.0,0.3520000000000002,0.0,0.0,0.0
8043.22216796875,8094.365325592609,7980.934760489037,8014.764929028699,7957.01474609375,7881.468994140625,7765.907486979167,7679.385986328125,7607.24068359375,7542.681461588541,0.006963367543253,-0.0035380396495049,0.0063585409622939,-0.0077440864095195,8.0,0.3520000000000001,1.0,1.0,1.0
8061.48046875,8132.175375406939,8055.012936639374,8099.14101705884,8006.34716796875,7904.48349609375,7802.609928385416,7714.723608398437,7640.34251953125,7571.415543619792,0.0022700231822467,0.0046716665077624,0.0087694694455917,-0.0008022759759447,8.0,0.352,1.0,1.0,1.0
7974.26806640625,8086.405319873181,7963.024704681317,8084.415309950731,8038.86396484375,7922.07021484375,7834.138313802084,7743.728002929687,7666.976796875,7595.327164713542,-0.0108184101768682,0.0138128343099608,0.0140623882384063,-0.0014099553252163,8.0,0.352,0.0,0.0,0.0
8011.431640625,8042.525545825306,7916.309068667769,7959.591784706596,8015.60078125,7953.179052734375,7871.779329427083,7772.371704101562,7693.3981640625,7621.3150390625,0.0046604370343795,-0.0064707355993066,0.0038811921008765,-0.0118733550037269,8.0,0.352,1.0,1.0,1.0
7995.85986328125,8028.695026980637,7942.776251465453,8004.11821011722,8017.25244140625,7975.591552734375,7909.234635416667,7799.321435546875,7720.17572265625,7650.269677734375,-0.0019436947155346,0.0010328278605649,0.0041065206570432,-0.0066388872145656,8.0,0.352,0.0,0.0,0.0
8052.5751953125,8118.245523113145,8017.302074906912,8039.640130745706,8019.123046875,7988.068896484375,7927.353678385417,7829.211376953125,7747.3333984375,7675.887744140625,0.0070930872978026,-0.001606326454961,0.0081551958482639,-0.0043803528126158,8.0,0.352,1.0,1.0,1.0
7827.255859375,8044.216976466139,7810.788722074915,8009.789708624595,7972.278125,7989.312646484375,7927.081705729167,7845.0269775390625,7766.23451171875,7695.665120442708,-0.0279810284874658,0.023320286512797,0.0277186693509292,-0.0021038199844152,8.0,0.352,0.0,0.0,0.0
7827.255859375,8044.216976466139,7810.788722074915,8009.789708624595,7972.278125,7989.312646484375,7927.081705729167,7845.0269775390625,7766.23451171875,7695.665120442708,-0.0279810284874658,0.023320286512797,0.0277186693509292,-0.0021038199844152,8.0,0.352,0.0,0.0,0.0
7802.380859375,7883.424206765169,7692.383256658024,7804.122118034831,7937.90068359375,7988.38232421875,7927.347037760416,7860.07890625,7782.5625390625,7712.130777994792,-0.003177997557114,0.0002231701696204,0.0103870022305807,-0.0140979535220724,8.0,0.5,0.0,0.0,0.0
7730.392578125,7793.227042949575,7683.925653066414,7770.988585360789,7881.69287109375,7948.646826171875,7929.350325520833,7874.25771484375,7794.2359375,7724.780615234375,-0.0092264505600879,0.0052514806752073,0.0081282372388666,-0.0060109398829336,8.0,0.5740000000000001,0.0,0.0,0.0
7759.94384765625,7845.514271594873,7722.581606889717,7761.038450247172,7834.50966796875,7925.8810546875,7928.5642578125,7890.553393554687,7806.35908203125,7739.231380208334,0.003822738526226,0.0001410580556264,0.0110271962811261,-0.0048147565884535,8.0,0.611,1.0,1.0,1.0
7656.01611328125,7817.704419375702,7637.658077421619,7759.944089908601,7755.1978515625,7887.16044921875,7910.44521484375,7884.314721679688,7814.408671875,7748.644140625,-0.0133928461874617,0.0135746810207286,0.021119117789468,-0.0023978575264208,8.0,0.6295,0.0,0.0,0.0
7384.7275390625,7617.757892547069,7364.230825778827,7587.0123367793,7666.6921875,7819.48515625,7881.772493489583,7861.984326171875,7809.36001953125,7749.644124348958,-0.0354346921694865,0.0273923170011063,0.0315557144460543,-0.0027755544365384,8.0,0.6387499999999999,0.0,0.0,0.0
7469.701171875,7511.292183428592,7379.5536284463005,7472.437435420427,7600.15625,7769.028466796875,7858.9736328125,7845.549340820313,7808.094375,7752.161490885416,0.0115066713515184,0.0003663149947323,0.0055679619032404,-0.0120684270166153,8.0,0.643375,1.0,1.0,1.0
7465.57177734375,7489.253186917895,7315.773974821176,7468.308040986151,7547.19208984375,7714.44248046875,7814.828580729167,7833.810766601562,7808.84458984375,7753.061962890625,-0.000552819240855,0.0003665176257101,0.0031720824982237,-0.0200651479873483,8.0,0.6456875,0.0,0.0,0.0
7455.2236328125,7541.839103953207,7423.234321304596,7531.988166417945,7486.248046875,7660.378857421875,7779.33671875,7817.985205078125,7809.69232421875,7753.007242838542,-0.0013861154697693,0.0102967445896033,0.0116180916102219,-0.0042908587432722,8.0,0.6468437499999999,0.0,0.0,0.0
7434.57763671875,7511.29261809105,7420.398815708312,7482.437473578579,7441.9603515625,7598.5791015625,7738.760416666667,7793.323999023438,7795.84384765625,7752.333951822917,-0.0027693329014144,0.0064374654753018,0.0103186737863105,-0.0019071454631679,8.0,0.647421875,0.0,0.0,0.0
7411.8916015625,7576.96282852434,7374.181010457668,7492.387406275546,7447.3931640625,7557.04267578125,7695.4544921875,7773.177661132812,7779.06609375,7749.032210286458,-0.0030514221876177,0.0108603591417981,0.0222711334481795,-0.005087849786805,8.0,0.6477109375000001,0.0,0.0,0.0
7374.47900390625,7500.297571048108,7335.624255909946,7490.397077704412,7428.34873046875,7514.252490234375,7655.4685546875,7751.317407226563,7762.10921875,7744.803434244792,-0.0050476450098599,0.0157188153545166,0.0170613499713283,-0.0052688126138432,8.0,0.64785546875,0.0,0.0,0.0
7524.27685546875,7534.127792974294,7405.4238077870705,7418.756776714109,7440.08974609375,7493.64091796875,7622.991569010416,7721.143872070313,7755.0665625,7747.38544921875,0.020313008075981,-0.0140239495145566,0.0013092204998257,-0.0157959429144736,8.0,0.6479277343750001,1.0,1.0,1.0
7458.1591796875,7601.837796900251,7408.8068371360305,7601.837796900251,7440.67685546875,7463.462451171875,7587.144856770833,7694.671752929687,7742.52353515625,7748.18974609375,-0.0087872465422633,0.0192646219732162,0.0192646219732162,-0.0066172283753184,8.0,0.6479638671875001,0.0,0.0,0.0
7422.6875,7498.357433424763,7369.653443738595,7489.40238871924,7438.298828125,7440.12958984375,7545.15234375,7663.64501953125,7722.31896484375,7736.253011067708,-0.0047560904551498,0.0089879694813017,0.0101944118521442,-0.0071448590906466,8.0,0.64798193359375,0.0,0.0,0.0
7349.80322265625,7447.612014427324,7329.903123753304,7447.612014427324,7425.88115234375,7436.637158203125,7513.32216796875,7628.061157226562,7703.718359375,7720.201936848958,-0.0098191224329126,0.0133076748870732,0.0133076748870732,-0.002707568937574,8.0,0.6479909667968751,0.0,0.0,0.0
7407.61279296875,7416.76703301316,7309.754443019431,7333.186615683792,7432.50791015625,7430.4283203125,7487.004296875,7599.728393554687,7687.5555078125,7707.175667317709,0.0078654582389768,-0.0100472553527098,0.0012357881412348,-0.0132105109546499,8.0,0.6479954833984376,1.0,1.0,1.0
7324.08251953125,7412.787116515459,7282.441463862638,7410.597911217967,7392.46904296875,7416.27939453125,7459.916959635417,7565.3609375,7655.40890625,7694.633642578125,-0.0112762742562335,0.0118124545232807,0.0121113595795321,-0.0056854978842152,8.0,0.6479977416992189,0.0,0.0,0.0
7188.2138671875,7438.855995835827,7083.5891967564185,7402.23952318295,7338.47998046875,7389.57841796875,7421.801627604166,7524.978637695312,7623.4333984375,7675.182942708333,-0.0185509450475778,0.0297745253480041,0.0348684851729925,-0.0145550302709646,8.0,0.6479988708496094,0.0,0.0,0.0
7325.67431640625,7343.833156565132,6896.62799184961,6909.8613632175375,7319.07734375,7378.6880859375,7399.778841145833,7488.63359375,7594.731484375,7655.112027994792,0.0191230327531328,-0.056761048229714,0.0024787943572941,-0.0585674855345079,8.0,0.648,1.0,1.0,1.0
7325.67431640625,7343.833156565132,6896.62799184961,6909.8613632175375,7319.07734375,7378.6880859375,7399.778841145833,7488.63359375,7594.731484375,7655.112027994792,0.0191230327531328,-0.056761048229714,0.0024787943572941,-0.0585674855345079,8.0,0.648,1.0,1.0,1.0
7184.9306640625,7223.735856681034,7072.544661872689,7104.832766478089,7286.10283203125,7355.9919921875,7386.459049479166,7456.517333984375,7559.6694921875,7634.115771484375,-0.0192123818593118,-0.0111480404376125,0.0054009140008308,-0.015641904904099,8.0,0.733225,0.0,0.0,0.0
7033.2919921875,7202.840736219746,7014.884400859959,7115.280301796851,7211.238671875,7321.873291015625,7357.365104166666,7418.062890625,7522.03044921875,7608.169368489584,-0.0211050988471558,0.0116571741512256,0.0241065981933608,-0.0026172084634035,8.0,0.7758375,0.0,0.0,0.0
7067.66943359375,7093.241255580445,6994.884917432167,7049.610190612646,7159.9560546875,7276.212548828125,7330.83828125,7384.926733398437,7484.2799609375,7572.833430989584,0.0048878166077046,-0.0025551906679824,0.0036181406370179,-0.0102982343536932,8.0,0.79714375,1.0,1.0,1.0
7092.74365234375,7141.99639750654,7030.207493892845,7051.053041990567,7140.86201171875,7239.67099609375,7306.67294921875,7351.566723632813,7448.1553125,7543.004833984375,0.0035477350752736,-0.0058779243120405,0.0069441033790238,-0.0088169207173079,8.0,0.807796875,1.0,1.0,1.0
7038.31689453125,7124.235671904871,7020.755153765471,7099.36054735213,7083.39052734375,7201.233935546875,7280.25556640625,7320.681762695312,7407.58498046875,7509.507991536459,-0.0076735830984833,0.0086730469422755,0.0122072902742387,-0.0024951619867279,8.0,0.8131234375,0.0,0.0,0.0
6985.73046875,7081.250942721106,6975.979614702352,7072.495093610657,7043.55048828125,7164.82666015625,7251.84482421875,7300.731909179687,7373.92396484375,7473.649658203125,-0.0074714490082294,0.0124202651746714,0.0136736558042724,-0.0013958245442288,8.0,0.8157867187500001,0.0,0.0,0.0
7091.947265625,7099.360246764761,6994.7851304043015,6999.859752766656,7055.28154296875,7133.260107421875,7233.009375,7281.844213867187,7345.50662109375,7444.23896484375,0.0152048232250228,-0.0129847994364955,0.0010452673803273,-0.0137003465453906,8.0,0.817118359375,1.0,1.0,1.0
7094.48486328125,7132.792553705696,7078.514742391159,7098.365285402548,7060.64462890625,7110.300341796875,7204.356575520834,7263.289868164063,7320.0703125,7413.674072265625,0.0003578139488642,0.0005469631969168,0.0053996436898067,-0.0022510613804742,8.0,0.81845,1.0,1.0,1.0
7094.48486328125,7132.792553705696,7078.514742391159,7098.365285402548,7060.64462890625,7110.300341796875,7204.356575520834,7263.289868164063,7320.0703125,7413.674072265625,0.0003578139488642,0.0005469631969168,0.0053996436898067,-0.0022510613804742,8.0,0.81845,1.0,1.0,1.0
7086.32568359375,7127.817584505836,7050.256754017003,7096.375330796,7059.36103515625,7100.1115234375,7179.56767578125,7244.844970703125,7293.1255859375,7383.356266276041,-0.001150073591633,0.0014181746155863,0.0058552065999659,-0.0050899339357565,8.0,0.659225,0.0,0.0,0.0
7223.08935546875,7243.486957154184,7106.3254262131895,7124.2355154979605,7096.31552734375,7089.85302734375,7166.2611328125,7234.270556640625,7275.808515625,7355.70673828125,0.0192996593695425,-0.0136858115836466,0.0028239442545439,-0.0161653723925145,8.0,0.5796125,1.0,1.0,1.0
7370.6484375,7382.936845995683,7278.510880501465,7303.336448734274,7173.29912109375,7108.4248046875,7167.650813802084,7232.2083984375,7275.2453515625,7340.486490885417,0.0204288047356814,-0.009132437849465,0.0016672086044917,-0.0125006039536171,8.0,0.53980625,1.0,1.0,1.0
7313.08740234375,7402.8370458113295,7283.486004210297,7392.886996018572,7217.5271484375,7136.404345703125,7161.34912109375,7229.138818359375,7268.98080078125,7324.176708984375,-0.0078094940552847,0.0109118884110761,0.012272469687538,-0.0040477292974736,8.0,0.519903125,0.0,0.0,0.0
7390.00146484375,7421.742026024967,7328.261115325941,7353.08668351314,7276.63046875,7168.637548828125,7165.743717447916,7222.425048828125,7265.95798828125,7312.830338541667,0.0105173175525496,-0.004995233290037,0.0042950683206512,-0.0083545787929169,8.0,0.5099515625,1.0,1.0,1.0
7354.28076171875,7402.836808816016,7289.406244809964,7353.08656144494,7330.221484375,7194.791259765625,7176.81484375,7217.231127929687,7261.9202734375,7299.308235677084,-0.0048336530506703,-0.0001623816539648,0.0066024195527065,-0.0088213271985042,8.0,0.50497578125,0.0,0.0,0.0
7271.09814453125,7361.146090955019,7237.665881618726,7353.633512206579,7339.8232421875,7218.069384765625,7173.176432291667,7209.65166015625,7255.38109375,7286.47763671875,-0.0113107752998077,0.0113511557724477,0.0123843667949243,-0.004597966118456,8.0,0.502487890625,0.0,0.0,0.0
7256.322265625,7315.973006028094,7233.735459182968,7288.411174893302,7316.9580078125,7245.128564453125,7177.935872395833,7204.977612304688,7249.1583203125,7282.1974609375,-0.0020321385590652,0.0044222001302665,0.0082205197370677,-0.003112707183504,8.0,0.5012439453124999,0.0,0.0,0.0
7278.01318359375,7317.266322781581,7243.635957281739,7243.635957281739,7309.9431640625,7263.73515625,7194.250618489584,7198.497631835938,7245.2996875,7275.807861328125,0.0029892440240016,-0.0047234355647368,0.005393386656171,-0.0047234355647368,8.0,0.50062197265625,1.0,1.0,1.0
7221.74609375,7268.01382499268,7171.000840128995,7263.387149036866,7276.29208984375,7276.461279296875,7204.522395833334,7193.380810546875,7233.19845703125,7267.680338541667,-0.0077311057873031,0.0057660647087696,0.0064067236153209,-0.0070267291264811,8.0,0.500310986328125,0.0,0.0,0.0
7436.8662109375,7473.730950093819,7263.635751524237,7331.693993112505,7292.8091796875,7311.51533203125,7227.463899739583,7205.813427734375,7232.34673828125,7267.068424479166,0.0297878261565681,-0.0141420075125617,0.0049570259986795,-0.0232934753026067,8.0,0.5001554931640625,1.0,1.0,1.0
7477.51171875,7491.292634408848,7407.811816678797,7491.2430784984945,7334.09189453125,7336.957568359375,7256.7435546875,7213.405297851563,7234.53970703125,7268.499560546875,0.0054654079634674,0.0018363541596415,0.001842981485979,-0.0093212695202374,8.0,0.5000777465820312,1.0,1.0,1.0
7549.69970703125,7571.987720894076,7488.407304526782,7510.297413575359,7392.7673828125,7354.8626953125,7294.34150390625,7231.64375,7242.53556640625,7273.0931640625,0.0096540120559406,-0.0052190543975139,0.0029521722356808,-0.0081185219125184,8.0,0.5000388732910156,1.0,1.0,1.0
7594.5244140625,7603.429902677999,7497.362278124272,7602.832802541149,7456.06962890625,7383.006396484375,7327.846647135417,7259.70537109375,7250.01203125,7280.428011067708,0.0059372834378436,0.0010939972045207,0.0011726196572636,-0.0127937090778609,8.0,0.5000194366455077,1.0,1.0,1.0
7456.517578125,7656.563130024805,7422.886119134932,7611.787907042204,7503.02392578125,7389.6580078125,7351.982161458333,7279.147778320313,7255.30943359375,7278.169368489584,-0.0181718865347193,0.0208234376557652,0.0268282814066815,-0.0045103439558341,8.0,0.5000097183227539,0.0,0.0,0.0
7330.3505859375,7439.651976352213,7269.00862822537,7389.503824275224,7481.72080078125,7387.264990234375,7368.25048828125,7291.028125,7260.99490234375,7273.90908203125,-0.0169203640795581,0.0080696329110374,0.0149107998496547,-0.0083682160891197,8.0,0.5000048591613769,0.0,0.0,0.0
7258.859375,7402.836784760951,7206.820810755855,7381.8921250226895,7437.99033203125,7386.04111328125,7370.63515625,7302.055249023438,7258.3223046875,7268.44814453125,-0.0097527683156994,0.0169493227057715,0.0198347153902469,-0.0071689726382314,8.0,0.5000024295806884,0.0,0.0,0.0
7126.52392578125,7307.316523763004,7109.559285323748,7288.411429270697,7353.35517578125,7373.061279296875,7354.360188802083,7309.094921875,7255.98603515625,7261.005501302084,-0.0182308875791866,0.0227161944835119,0.0253689736910458,-0.0023804930193428,8.0,0.5000012147903442,0.0,0.0,0.0
7196.67138671875,7286.818929585082,7154.980777764227,7183.8359204269045,7273.7845703125,7364.927099609375,7346.59912109375,7314.331127929688,7262.5212109375,7253.97412109375,0.0098431523794835,-0.0017835281899257,0.0125262830581227,-0.0057930405202968,8.0,0.5000006073951722,1.0,1.0,1.0
7222.392578125,7253.586080454253,7164.035635016547,7238.661006214636,7226.9595703125,7364.991748046875,7335.4251953125,7320.726513671875,7268.71013671875,7250.584456380208,0.0035740400004532,0.0022524984502931,0.0043189984470979,-0.0080800015337304,8.0,0.5000003036975861,1.0,1.0,1.0
7291.1474609375,7306.321286297167,7169.159757926745,7195.527388879609,7219.1189453125,7350.419873046875,7331.21630859375,7330.967602539063,7276.6462890625,7254.015576171875,0.0095196823031668,-0.0131145437079934,0.0020811299512129,-0.0167309334592814,8.0,0.5000001518487931,1.0,1.0,1.0
7262.5908203125,7300.301897288932,7236.671135222412,7300.301897288932,7219.865234375,7328.927783203125,7330.649153645833,7332.94267578125,7285.61724609375,7251.91279296875,-0.0039166181699098,0.005192510208748,0.005192510208748,-0.0035689309409521,8.0,0.5000000759243965,0.0,0.0,0.0
7392.9365234375,7407.911639823249,7243.68577712137,7287.416440128905,7273.14775390625,7313.25146484375,7339.756770833334,7334.057080078125,7301.90548828125,7258.846321614584,0.0179475487949066,-0.0142730947268475,0.0020255978579384,-0.0201882899769214,8.0,0.5000000379621983,1.0,1.0,1.0
7347.91259765625,7448.458142605298,7331.395903626804,7407.762536004861,7303.39599609375,7288.590283203125,7344.416731770833,7335.79833984375,7312.1441015625,7269.333675130209,-0.0060901274667397,0.0081451619835137,0.0136835521126257,-0.0022478076337916,8.0,0.5000000189810991,0.0,0.0,0.0
7667.06005859375,7695.318587333249,7522.237285093955,7522.237285093955,7392.3294921875,7309.64453125,7374.104329427083,7349.65126953125,7335.047109375,7289.313362630209,0.0434337584580548,-0.0188889577482138,0.0036857059320702,-0.0188889577482138,8.0,0.5000000094905496,1.0,1.0,1.0
7672.63232421875,7750.093556756763,7634.772580202259,7696.313733537793,7468.62646484375,7343.872705078125,7389.8220703125,7365.56884765625,7358.499375,7308.642985026042,0.0007267799629082,0.0030864777977557,0.010095783202527,-0.0049343878888847,8.0,0.5000000047452748,1.0,1.0,1.0
7697.3583984375,7790.888865016239,7593.181184411295,7638.653105584886,7555.57998046875,7387.722607421875,7404.478515625,7386.881860351563,7377.47013671875,7330.61103515625,0.003222632490899,-0.0076266804550155,0.0121509824198551,-0.0135341514106127,8.0,0.5000000023726374,1.0,1.0,1.0
7686.861328125,7770.988803873561,7659.548247403159,7735.168625008074,7614.36494140625,7443.75634765625,7413.622623697916,7408.408813476562,7390.11865234375,7353.982063802084,-0.0013637237308101,0.0062843981205078,0.0109443207256454,-0.0035532162681154,8.0,0.5000000011863187,0.0,0.0,0.0
7642.18505859375,7696.612023583186,7621.737901250406,7677.458178335265,7673.21943359375,7488.30771484375,7416.8,7426.617407226562,7403.28255859375,7372.323323567708,-0.0058120301153068,0.0046155804224932,0.0071219114130496,-0.0026755642773071,8.0,0.5000000005931593,0.0,0.0,0.0
7631.439453125,7754.372124192254,7612.832665643144,7641.638254180383,7666.0953125,7529.21240234375,7428.461458333333,7447.102075195313,7412.940078125,7390.221809895834,-0.0014060907170347,0.0013364190488607,0.0161087134114539,-0.002438175339809,8.0,0.5000000002965796,0.0,0.0,0.0
7622.78271484375,7680.393891913621,7578.952939770539,7645.618273493084,7656.125390625,7562.375927734375,7447.95693359375,7456.397900390625,7423.68015625,7408.1037109375,-0.0011343519573761,0.0029956984874914,0.0075577619387845,-0.0057498392270661,8.0,0.5000000001482898,0.0,0.0,0.0
7440.64697265625,7659.498504467845,7416.766853995679,7659.498504467845,7604.78310546875,7580.18154296875,7460.076106770834,7454.554663085937,7430.462109375,7415.355631510417,-0.0238936027696066,0.0294129707558838,0.0294129707558838,-0.0032094142818934,8.0,0.5000000000741449,0.0,0.0,0.0
7419.40380859375,7576.465442313413,7390.797415335294,7437.662247198472,7551.2916015625,7582.828271484375,7479.601432291666,7448.039868164063,7436.98537109375,7416.980810546875,-0.0028550157184673,0.0024609037431786,0.021169036996981,-0.0038556188605506,8.0,0.5000000000370725,0.0,0.0,0.0
7322.09228515625,7440.84622329664,7265.725351817285,7266.819468590222,7487.273046875,7580.246240234375,7487.962825520834,7434.41826171875,7438.74853515625,7417.280973307292,-0.0131158144168923,-0.0075487735490687,0.0162185798151075,-0.0076982003427128,8.0,0.5,0.0,0.0,0.0
7322.09228515625,7440.84622329664,7265.725351817285,7266.819468590222,7487.273046875,7580.246240234375,7487.962825520834,7434.41826171875,7438.74853515625,7417.280973307292,-0.0131158144168923,-0.0075487735490687,0.0162185798151075,-0.0076982003427128,8.0,0.5,0.0,0.0,0.0
7229.2578125,7315.027431063467,7197.865601566037,7259.555906694195,7406.83671875,7536.466015625,7488.4205078125,7423.0552734375,7439.04900390625,7411.9228515625,-0.0126786810437296,0.0041910379986458,0.0118642356916867,-0.0043423836510136,8.0,0.635575,0.0,0.0,0.0
7282.541015625,7351.892570933646,7224.979880605892,7323.236621967206,7338.78837890625,7497.456884765625,7487.846744791666,7420.664794921875,7432.87599609375,7409.531526692708,0.0073704942480912,0.0055881053405524,0.0095229886326557,-0.0079039905021622,8.0,0.7033625,1.0,1.0,1.0
7035.3818359375,7318.261554580502,7007.422099111165,7316.171946974982,7257.7353515625,7431.259228515625,7472.699479166667,7409.49091796875,7415.19080078125,7401.67431640625,-0.0339385908238909,0.0399111402316751,0.0402081543318688,-0.0039741605329099,8.0,0.73725625,0.0,0.0,0.0
7020.05810546875,7068.515040015214,6961.850316921327,7068.515040015214,7177.8662109375,7364.57890625,7447.84091796875,7404.167626953125,7394.00513671875,7393.798844401042,-0.0021780950666351,0.0069026400947758,0.0069026400947758,-0.0082916391392939,8.0,0.754203125,0.0,0.0,0.0
7050.107421875,7090.205926162271,7000.854677907346,7020.058078693188,7123.46923828125,7305.371142578125,7427.987239583334,7396.839428710938,7372.22845703125,7386.201985677083,0.0042804939723847,-0.004262253237245,0.005687644441112,-0.0069860983699103,8.0,0.7626765625,1.0,1.0,1.0
7155.72705078125,7188.8610061922,7049.709470669442,7050.107375469829,7108.7630859375,7257.79990234375,7393.898372395834,7393.50615234375,7360.1968359375,7384.001350911459,0.0149812793743446,-0.0147601598777987,0.0046304107431449,-0.0148157663588122,8.0,0.76691328125,1.0,1.0,1.0
6783.14794921875,6953.592103061635,6771.008694474412,6953.592103061635,7008.88447265625,7173.83642578125,7334.5994140625,7368.106176757812,7338.30873046875,7362.2107421875,-0.0520672601006801,0.0251275890071829,0.0251275890071829,-0.0017896196331286,8.0,0.77115,0.0,0.0,0.0
6783.14794921875,6953.592103061635,6771.008694474412,6953.592103061635,7008.88447265625,7173.83642578125,7334.5994140625,7368.106176757812,7338.30873046875,7362.2107421875,-0.0520672601006801,0.0251275890071829,0.0251275890071829,-0.0017896196331286,8.0,0.77115,0.0,0.0,0.0
6828.61962890625,6886.429515826114,6777.9739722305285,6785.934012127453,6967.53203125,7112.63369140625,7276.68349609375,7346.4076171875,7321.099140625,7340.581005859375,0.0067036249287083,-0.0062509876224624,0.0084658232646535,-0.0074166756135212,8.0,0.5615749999999999,1.0,1.0,1.0
6709.61669921875,6845.584514598235,6699.3683425489335,6831.604403515748,6905.44375,7041.65498046875,7211.533854166667,7312.241625976562,7304.4228515625,7312.578238932291,-0.0174270842651344,0.0181810243066793,0.0202646174103084,-0.0015274131338992,8.0,0.4567874999999999,0.0,0.0,0.0
6814.09228515625,6875.484285632597,6719.268506639208,6721.258516562691,6858.24072265625,6990.85498046875,7156.327669270833,7285.550610351563,7289.1196875,7286.563834635416,0.0155710215085259,-0.01362379091868,0.0090095639899216,-0.0139158342078232,8.0,0.40439375,1.0,1.0,1.0
6575.19189453125,6860.559119403168,6567.032659617245,6859.564114454741,6742.13369140625,6925.448388671875,7085.911165364583,7230.957202148437,7263.23166015625,7257.186311848958,-0.0350597527341122,0.0432492654944429,0.0434005926289793,-0.0012409120592801,8.0,0.378196875,0.0,0.0,0.0
6565.19189453125,6665.538242143072,6502.35742833333,6614.792989068092,6698.54248046875,6853.7134765625,7015.405110677083,7175.585180664062,7234.1934375,7231.681022135416,-0.0015208681602611,0.0075551629462893,0.0152846023732238,-0.0095708499016243,8.0,0.3650984375,0.0,0.0,0.0
6675.6875,6703.945543814201,6592.156638920349,6607.827967106153,6667.9560546875,6817.74404296875,6964.4078125,7124.501635742187,7210.7173046875,7212.241959635417,0.0168305218253851,-0.0101651751814096,0.0042329788226607,-0.0125126979175779,8.0,0.35854921875,1.0,1.0,1.0
6542.80419921875,6703.845847468885,6504.049047939852,6698.224166672484,6634.5935546875,6770.01865234375,6905.967838541666,7067.298779296875,7176.71201171875,7192.784635416667,-0.0199055604057634,0.0237543357131628,0.0246135515211298,-0.0059233243268269,8.0,0.355274609375,0.0,0.0,0.0
6621.26025390625,6644.344562435143,6539.172347835582,6547.132387212131,6596.0271484375,6727.133935546875,6859.245703125,7016.2525390625,7147.64591796875,7173.604264322917,0.0119911970920462,-0.0111954316627845,0.0034863919622061,-0.0123976256668418,8.0,0.3536373046875,1.0,1.0,1.0
6536.3369140625,6638.524120578068,6518.775173208041,6636.136205777402,6588.25615234375,6665.194921875,6813.0509765625,6961.497412109375,7102.4169921875,7150.7357421875,-0.0128258574028484,0.0152683824330093,0.0156337116429414,-0.0026867863583769,8.0,0.35281865234375,0.0,0.0,0.0
6570.66455078125,6605.838074055726,6520.367243289043,6567.032879766199,6589.35068359375,6643.94658203125,6765.592545572917,6908.89150390625,7058.33828125,7126.719645182292,0.0052518156836279,-0.0005527098495112,0.0053531150468324,-0.0076548280776602,8.0,0.352409326171875,1.0,1.0,1.0
6613.30029296875,6622.7528398405175,6517.282316850269,6531.063232352823,6576.8732421875,6622.4146484375,6737.453776041667,6867.524169921875,7014.97595703125,7105.076627604167,0.0064888021383515,-0.0124351015337018,0.0014293237042051,-0.0145189197321898,8.0,0.3522046630859374,1.0,1.0,1.0
6586.33544921875,6644.045734394213,6552.754033276132,6612.802677174566,6585.5794921875,6610.0865234375,6708.538932291666,6825.870751953125,6970.954921875,7078.189925130208,-0.004077365695713,0.0040185059142343,0.008762123584566,-0.0050986494996396,8.0,0.3521023315429687,0.0,0.0,0.0
6586.13720703125,6626.733216180852,6569.022926910809,6616.832722219166,6578.5548828125,6587.291015625,6677.607584635417,6789.072998046875,6928.7130078125,7052.797412109375,-3.0099011662625663e-05,0.0046606249191325,0.0061638571857054,-0.0025985307597555,8.0,0.3520511657714843,0.0,0.0,0.0
6679.26904296875,6772.899106057603,6592.206109727145,6615.688323747047,6607.14130859375,6597.69873046875,6645.843717447917,6761.573559570313,6890.62619140625,7019.871044921875,0.0141405854463636,-0.0095191133659503,0.0140180104269669,-0.0130347995688623,8.0,0.3520255828857421,1.0,1.0,1.0
6729.8154296875,6758.073472480541,6647.876676680008,6678.373480561548,6638.971484375,6614.161083984375,6642.288216145834,6733.937280273438,6854.9075,6988.443815104167,0.0075676524472329,-0.0076438870669505,0.0041989328070402,-0.0121754829480215,8.0,0.352012791442871,1.0,1.0,1.0
6655.38916015625,6756.083859138944,6631.757791724062,6756.083859138944,6647.3892578125,6612.13125,6630.739518229167,6714.937646484375,6823.4971875,6953.711507161458,-0.0110591843578548,0.015129798808088,0.015129798808088,-0.0035507117410445,8.0,0.3520063957214355,0.0,0.0,0.0
6641.6083984375,6673.348958758739,6528.2273915316255,6657.6275892490885,6658.44384765625,6622.011669921875,6626.205631510416,6696.015161132813,6792.38537109375,6918.869742838541,-0.0020706169672618,0.0024119444945529,0.004779047245349,-0.0170713176845157,8.0,0.3520031978607177,0.0,0.0,0.0
6664.39404296875,6685.438300623662,6599.469969577517,6640.663077595225,6674.09521484375,6626.325048828125,6616.225748697917,6676.7294921875,6766.07744140625,6886.276708984375,0.0034307419474792,-0.0035608586798018,0.0031577150929595,-0.0097419319705038,8.0,0.3520015989303588,1.0,1.0,1.0
6610.06640625,6674.4929745418285,6591.111756942739,6656.582886059158,6660.2546875,6633.697998046875,6618.550716145834,6649.446459960937,6741.30978515625,6852.230940755208,-0.0081519244463145,0.0070372182290294,0.009746735408121,-0.0028675429477288,8.0,0.3520007994651794,0.0,0.0,0.0
6523.5009765625,6608.822648057674,6458.676503492924,6597.877593988323,6618.991796875,6628.981640625,6615.771321614583,6636.464111328125,6710.94818359375,6815.588216145833,-0.0130960000047276,0.011401334604385,0.0130791229742612,-0.0099370680409914,8.0,0.352,0.0,0.0,0.0
6523.5009765625,6608.822648057674,6458.676503492924,6597.877593988323,6618.991796875,6628.981640625,6615.771321614583,6636.464111328125,6710.94818359375,6815.588216145833,-0.0130960000047276,0.011401334604385,0.0130791229742612,-0.0099370680409914,8.0,0.352,0.0,0.0,0.0
6466.23876953125,6563.798809133106,6442.656958219861,6539.172436976204,6581.16171875,6614.27548828125,6601.808072916667,6618.345068359375,6688.1824609375,6783.107942708333,-0.0087778337486237,0.0112791485196332,0.0150876024036656,-0.0036469131672813,8.0,0.245325,0.0,0.0,0.0
6462.9052734375,6506.337140819714,6334.400485801412,6466.536944209714,6545.42109375,6601.932470703125,6596.481477864583,6606.009497070312,6665.89634765625,6751.224658203125,-0.0005155231986572,0.0005619254218593,0.0067201770016216,-0.0198834397533631,8.0,0.1919874999999999,0.0,0.0,0.0
6538.62548828125,6575.689422755289,6469.621797669183,6479.223498290649,6520.2673828125,6597.181298828125,6590.972493489583,6592.236157226563,6645.4370703125,6725.109098307292,0.011716126361152,-0.0090847824358595,0.0056684596082872,-0.0105532410038986,8.0,0.16531875,1.0,1.0,1.0
6569.470703125,6606.78338918541,6524.6954798525085,6555.092687092815,6512.1482421875,6586.20146484375,6593.181412760417,6591.95009765625,6621.98681640625,6703.116194661458,0.0047173851597758,-0.0021886110284874,0.0056797096366776,-0.0068156515640129,8.0,0.151984375,1.0,1.0,1.0
6292.66015625,6603.101705643209,6240.671146776298,6569.470732129185,6465.980078125,6542.4859375,6574.647786458333,6578.323510742188,6602.3673046875,6670.120166015625,-0.0421358979108203,0.0439894367415107,0.0493339131122267,-0.008261849231134,8.0,0.1453171875,0.0,0.0,0.0
6279.72509765625,6314.201922592575,6156.8915401495005,6300.868953203913,6428.67734375,6504.91953125,6552.409440104167,6558.525390625,6580.4115234375,6644.931608072917,-0.0020555787651908,0.0033670033670032,0.0054901806050702,-0.0195603399187958,8.0,0.14198359375,0.0,0.0,0.0
6388.9765625,6436.289341026585,6293.804432884448,6318.281652675868,6413.8916015625,6479.65634765625,6539.252180989583,6550.834008789063,6567.58591796875,6623.895556640625,0.0173974916329578,-0.0110651383883726,0.0074053767553767,-0.0148963028248003,8.0,0.1403167968749999,1.0,1.0,1.0
6401.61328125,6519.2726199728,6372.011883135807,6517.282610015543,6386.48916015625,6453.378271484375,6526.9505859375,6539.85166015625,6551.0867578125,6602.279085286458,0.001977894053356,0.0180687779288906,0.0183796386244414,-0.0046240528463182,8.0,0.1394833984375,1.0,1.0,1.0
6403.9013671875,6452.607053470025,6309.674690618281,6373.006658053278,6353.37529296875,6432.761767578125,6508.592740885417,6533.2298828125,6544.23513671875,6577.218229166667,0.0003574233301786,-0.00482435742882,0.0076056271778457,-0.0147139487581774,8.0,0.1390666992187499,1.0,1.0,1.0
6423.9013671875,6482.407952088178,6359.62394768338,6407.085880029753,6379.62353515625,6422.801806640625,6488.198470052083,6525.8917236328125,6538.583515625,6565.243343098959,0.0031230961960901,-0.0026176440447293,0.0091076405997643,-0.0100059785837375,8.0,0.138858349609375,1.0,1.0,1.0
6365.49462890625,6437.682043886808,6266.341996697151,6423.901128123637,6396.77744140625,6412.727392578125,6468.87216796875,6513.501440429687,6526.17580078125,6549.805843098959,-0.0090920976121433,0.0091754848008445,0.0113404250869599,-0.0155765793531327,8.0,0.1387541748046875,0.0,0.0,0.0
6481.810546875,6545.14251432141,6328.231436771689,6343.20606682526,6415.34423828125,6414.617919921875,6458.218977864583,6508.2751953125,6523.7360546875,6542.2123046875,0.0182728797602859,-0.0213836055601106,0.009770721774172,-0.023693859762278,8.0,0.1387020874023437,1.0,1.0,1.0
6472.15869140625,6522.257286573014,6423.851396610713,6481.810433520382,6429.4533203125,6407.971240234375,6445.403287760417,6502.57626953125,6517.7719921875,6530.814518229166,-0.0014890678150726,0.0014912709305083,0.0077406314578296,-0.0074638613017445,8.0,0.1386760437011718,0.0,0.0,0.0
6563.30126953125,6633.897063651852,6472.507069668491,6477.183787176405,6461.33330078125,6407.354296875,6442.285611979167,6496.777880859375,6518.85056640625,6530.4181640625,0.01408225330538,-0.0131210619196512,0.0107561410365737,-0.0138336175857495,8.0,0.1386630218505859,1.0,1.0,1.0
6616.28564453125,6697.378550769207,6573.002927704855,6576.982947642915,6499.81015625,6439.716845703125,6448.471256510416,6491.101391601563,6520.67541015625,6532.1212890625,0.0080728238464336,-0.0059402962628768,0.0122565606436573,-0.0065418452515226,8.0,0.1386565109252929,1.0,1.0,1.0
6682.20458984375,6737.825270186709,6623.897201759934,6673.995798887236,6563.1521484375,6479.964794921875,6462.868977864583,6492.442163085938,6523.43158203125,6532.338525390625,0.0099631347336078,-0.0012284554964077,0.0083237020948889,-0.0087257711582845,8.0,0.1386532554626464,1.0,1.0,1.0
6727.12890625,6769.018712043623,6652.901439403691,6671.508226407834,6612.2158203125,6513.780029296875,6480.48388671875,6496.718188476562,6529.0633203125,6538.482682291667,0.006722978292902,-0.0082681156578537,0.0062269961490859,-0.0110340485340404,8.0,0.1386516277313232,1.0,1.0,1.0
6875.583984375,6910.309560881819,6711.308565608045,6720.761112883549,6692.90087890625,6561.177099609375,6502.947786458333,6507.277685546875,6540.64119140625,6546.960139973959,0.0220681185382183,-0.022517777667074,0.0050505639354758,-0.0238925768546026,8.0,0.1386508138656616,1.0,1.0,1.0
6987.6708984375,7013.789777948231,6870.509067489365,6911.055518539357,6777.7748046875,6619.554052734375,6530.827799479167,6526.15791015625,6552.977265625,6562.004606119792,0.0163021663784809,-0.0109643658111138,0.0037378519810615,-0.0167669360293332,8.0,0.1386504069328308,1.0,1.0,1.0
7209.0595703125,7312.589640395874,6996.974363673338,6996.974363673338,6896.32958984375,6698.069873046875,6591.92109375,6560.43583984375,6572.14703125,6583.284440104167,0.0316827559701622,-0.0294192612185569,0.0143611061988888,-0.0294192612185569,8.0,0.1386502034664154,1.0,1.0,1.0
7214.7314453125,7306.769404575112,7183.985403220147,7224.979802115105,7002.8349609375,6782.9935546875,6654.254850260417,6597.8604736328125,6594.52072265625,6603.332145182291,0.0007867704441446,0.0014204765458405,0.0127569487458067,-0.0042615643181463,8.0,0.1386501017332077,1.0,1.0,1.0
7171.3984375,7218.760769350891,7099.360177714487,7214.731193720062,7091.6888671875,6851.95234375,6706.41630859375,6633.285131835937,6615.71232421875,6622.834244791667,-0.0060061844492706,0.0060424415959752,0.0066043369732782,-0.0100452178767278,8.0,0.1386500508666038,0.0,0.0,0.0
7272.73974609375,7286.769412700914,7150.254542690852,7161.050443292638,7171.12001953125,6932.01044921875,6764.49140625,6669.9908447265625,6640.04615234375,6645.72099609375,0.0141313175494232,-0.0153572527961145,0.0019290758499503,-0.0168416865829257,8.0,0.1386500254333019,1.0,1.0,1.0
7247.01904296875,7313.286470605547,7218.760999216768,7308.311445795612,7222.9896484375,7000.3822265625,6820.699251302083,6703.86826171875,6665.5242578125,6664.64599609375,-0.0035365906141237,0.0084576020103506,0.0091440945917053,-0.0038992644540376,8.0,0.1386500127166509,0.0,0.0,0.0
7139.80712890625,7222.740888153165,7120.25537892603,7198.612018262311,7209.13916015625,7052.734375,6868.426302083333,6746.225610351563,6690.17650390625,6678.312386067709,-0.0147939329849726,0.0082362013839258,0.0116156862152689,-0.0027384143054877,8.0,0.1386500063583254,0.0,0.0,0.0
7142.6923828125,7190.851009672843,7107.120956879256,7178.960506527489,7194.73134765625,7098.783154296875,6920.239485677083,6789.373974609375,6717.2346484375,6694.555826822917,0.0004041081018237,0.0050776544433386,0.0067423632825385,-0.0049801145039984,8.0,0.1386500031791627,1.0,1.0,1.0
7157.66748046875,7199.208935825287,7088.912543416786,7183.935513154494,7191.98515625,7141.83701171875,6965.296614583333,6827.808520507812,6745.02513671875,6711.757796223958,0.0020965620320265,0.0036699152003669,0.0058037699390047,-0.0096057741211891,8.0,0.1386500015895813,1.0,1.0,1.0
7194.134765625,7217.766133929497,7124.2356656927495,7199.756446600562,7176.26416015625,7173.69208984375,7013.428352864584,6867.434594726563,6771.2455078125,6729.4158203125,0.0050948560066193,0.0007814255860794,0.0032848103454237,-0.0097161232322533,8.0,0.1386500007947906,1.0,1.0,1.0
7193.43798828125,7227.7161038430195,7120.553874210971,7187.915905033311,7165.54794921875,7194.268798828125,7055.437467447917,6906.91142578125,6796.20419921875,6748.861539713542,-9.685352950007832e-05,-0.0007676556407291,0.004765192334682,-0.0101320278549719,8.0,0.13865,0.0,0.0,0.0
7193.43798828125,7227.7161038430195,7120.553874210971,7187.915905033311,7165.54794921875,7194.268798828125,7055.437467447917,6906.91142578125,6796.20419921875,6748.861539713542,-9.685352950007832e-05,-0.0007676556407291,0.004765192334682,-0.0101320278549719,8.0,0.13865,0.0,0.0,0.0
7040.90380859375,7162.841471418924,7028.167939514297,7109.359955119767,7145.76728515625,7177.45322265625,7083.745345052083,6937.761547851563,6826.1339453125,6766.10830078125,-0.0212046284316333,0.0097226362391804,0.0173184673644231,-0.00180884009009,8.0,0.393325,0.0,0.0,0.0
6919.51318359375,6999.163135620102,6896.379318472629,6974.9351537262,7101.1314453125,7147.931396484375,7099.56591796875,6965.462475585938,6851.72546875,6781.217447916667,-0.0172407731024299,0.0080095186846174,0.011510918458137,-0.003343279289643,8.0,0.5206625,0.0,0.0,0.0
6858.7685546875,6960.059867790339,6831.704224767473,6893.494131484145,7041.35166015625,7116.668408203125,7108.34189453125,6984.310375976563,6870.5171484375,6794.412890625,-0.0087787431419707,0.0050629462883555,0.0147681485816595,-0.0039459459382881,8.0,0.58433125,0.0,0.0,0.0
7083.93798828125,7114.285640313356,6776.033501441546,6805.883650981323,7019.3123046875,7097.788232421875,7122.232161458333,7014.899340820312,6897.81013671875,6812.589973958334,0.0328294258361965,-0.0392513793542382,0.0042840087084765,-0.0434651584117564,8.0,0.616165625,1.0,1.0,1.0
7255.775390625,7269.506264787144,7131.498881985142,7131.498881985142,7031.77978515625,7098.6638671875,7140.105794270833,7049.523046875,6931.88509765625,6835.466796875,0.0242573272984624,-0.0171279431830858,0.0018924061761731,-0.0171279431830858,8.0,0.6320828125,1.0,1.0,1.0
7223.63623046875,7303.236625269088,7200.651519301702,7272.491069945909,7068.32626953125,7107.04677734375,7141.077571614584,7079.890576171875,6963.8744921875,6866.499332682291,-0.0044294590758385,0.0067631920986126,0.0110194356776425,-0.0031818755033787,8.0,0.64004140625,0.0,0.0,0.0
7292.54052734375,7382.38976700728,7213.785981691393,7246.621145470127,7142.93173828125,7122.031591796875,7146.26484375,7110.407373046875,7000.956328125,6900.259847005208,0.0095387274049552,-0.0062967606009792,0.0123207048800944,-0.0107993291716463,8.0,0.644020703125,1.0,1.0,1.0
7258.46142578125,7328.062215538285,7089.509781628678,7293.38619627703,7222.8703125,7132.110986328125,7152.06904296875,7136.9739990234375,7032.02236328125,6929.24267578125,-0.0046731453098846,0.0048115941446944,0.0095889177711712,-0.0232765091996596,8.0,0.6460103515625,0.0,0.0,0.0
6697.57763671875,6965.034777851333,6658.075745141742,6965.034777851333,7145.5982421875,7082.4552734375,7113.72490234375,7128.073681640625,7041.03912109375,6939.108154296875,-0.0772730963438481,0.0399334140848592,0.0399334140848592,-0.0058979370930234,8.0,0.648,0.0,0.0,0.0
6697.57763671875,6965.034777851333,6658.075745141742,6965.034777851333,7145.5982421875,7082.4552734375,7113.72490234375,7128.073681640625,7041.03912109375,6939.108154296875,-0.0772730963438481,0.0399334140848592,0.0399334140848592,-0.0058979370930234,8.0,0.648,0.0,0.0,0.0
6792.5009765625,6805.436041079554,6679.517871525485,6756.034141842489,7052.943359375,7042.361572265625,7083.423697916666,7118.315185546875,7050.207109375,6952.061474609375,0.014172786788367,-0.0053686903904526,0.001904315444589,-0.016633505895231,8.0,0.659,1.0,1.0,1.0
6888.96630859375,6940.159507469623,6787.874194621119,6795.8342341995785,6986.009375,7027.167822265625,7066.7009765625,7102.310522460937,7061.1143359375,6967.563639322917,0.0142017398840431,-0.0135190201580739,0.0074311872903212,-0.0146744967886579,8.0,0.6645000000000001,1.0,1.0,1.0
6848.32080078125,6935.134983138793,6830.709018733989,6903.195226902408,6897.1654296875,7020.048583984375,7047.076204427083,7083.989990234375,7067.758984375,6983.657845052084,-0.0059000880526583,0.0080128293807291,0.0126767108146628,-0.0025716934938637,8.0,0.6672500000000001,0.0,0.0,0.0
6896.876953125,7363.036781811296,6872.449775435764,7292.391428904728,6824.84853515625,7023.859423828125,7029.690169270833,7070.263916015625,7074.54890625,6997.493391927083,0.0070902274814887,0.0573468946115558,0.0675899877371419,-0.0035417737412537,8.0,0.668625,1.0,1.0,1.0
6825.5849609375,6984.885354277069,6810.809039920569,6972.9452946015335,6850.45,6998.02412109375,7005.120182291666,7047.906176757812,7072.5489453125,7009.274267578125,-0.0103368513998495,0.0215894072826534,0.0233387166449818,-0.0021647845717974,8.0,0.6693125,0.0,0.0,0.0
6838.22119140625,6908.419083331279,6754.093715785924,6855.534666505327,6859.59404296875,6956.268701171875,6981.4390625,7027.466284179687,7066.57095703125,7018.438264973958,0.0018513036671679,0.0025318682467943,0.0102655193448917,-0.01230253793575,8.0,0.6696562500000001,1.0,1.0,1.0
6765.48681640625,6845.186326757756,6751.10880008537,6837.17673099287,6834.89814453125,6910.453759765625,6963.0779296875,7008.750268554688,7048.828046875,7023.411637369792,-0.010636446667067,0.0105964162715936,0.0117803068004262,-0.0021252005526067,8.0,0.669828125,0.0,0.0,0.0
6572.15673828125,6798.570402368084,6552.107486042903,6765.933949049186,6779.66533203125,6838.415380859375,6939.920833333334,6980.223486328125,7023.12505859375,7019.743375651042,-0.0285759300655462,0.0294845692950731,0.0344504358467332,-0.0030506351319293,8.0,0.6699140625,0.0,0.0,0.0
6650.76220703125,6664.543122690186,6568.226838335478,6605.738233262702,6730.4423828125,6777.645458984375,6926.053743489583,6954.87822265625,7002.299609375,7017.197819010416,0.0119603764609175,-0.0067697464391296,0.0020720806472926,-0.0124099112442352,8.0,0.6699570312500001,1.0,1.0,1.0
6685.189453125,6710.611635052632,6586.932715116279,6650.613031395348,6702.36328125,6776.406640625,6899.4705078125,6929.43095703125,6978.79759765625,7010.851334635417,0.0051764361770975,-0.0051720930232559,0.0038027616279068,-0.0146976744186047,8.0,0.669978515625,1.0,1.0,1.0
6642.35498046875,6708.174463135011,6624.345293050735,6676.483457157247,6663.1900390625,6761.392041015625,6858.575813802084,6901.876806640625,6954.61103515625,6999.340804036458,-0.0064073685505243,0.0051380085510106,0.0099090582872787,-0.002711340702352,8.0,0.6699892578125,0.0,0.0,0.0
6646.63330078125,6698.324004096542,6611.857682213455,6658.573360603013,6639.4193359375,6737.158740234375,6820.108951822916,6882.16328125,6934.88408203125,6980.59326171875,0.0006440969091655,0.0017964071856286,0.0077769753461824,-0.0052320651665419,8.0,0.66999462890625,1.0,1.0,1.0
6713.44775390625,6728.3232726947535,6589.967538714871,6666.881715177303,6667.6775390625,6723.671435546875,6781.502766927083,6871.860009765625,6917.714296875,6963.883805338542,0.0100523754059286,-0.0069362331302649,0.002215779333331,-0.018392965837789,8.0,0.669997314453125,1.0,1.0,1.0
6693.79638671875,6746.133745690051,6667.57790840001,6713.298581441117,6676.284375,6703.36337890625,6743.858430989583,6863.611401367188,6899.159453125,6947.963736979166,-0.0029271646861429,0.0029134729525177,0.0078187856259184,-0.0039168323629862,8.0,0.6699986572265626,0.0,0.0,0.0
6709.16943359375,6751.108796376255,6671.5083978928205,6671.5083978928205,6681.08037109375,6691.721826171875,6744.631217447916,6844.872973632812,6879.76083984375,6929.178059895833,0.0022966110689446,-0.0056133678056117,0.0062510513704585,-0.0056133678056117,8.0,0.6699993286132813,1.0,1.0,1.0
6710.8603515625,6743.5964026541205,6693.646960494288,6743.5964026541205,6694.7814453125,6678.9857421875,6739.188509114583,6817.627221679688,6860.457734375,6911.306103515625,0.0002520308937621,0.0048780706759898,0.0048780706759898,-0.0025650051061194,8.0,0.6699996643066406,1.0,1.0,1.0
6792.55029296875,6819.26627244773,6696.432719778056,6725.785365147168,6723.96484375,6681.69208984375,6732.760774739583,6796.072924804687,6850.52359375,6899.730875651042,0.0121727970970562,-0.0098291400051455,0.0039331294324953,-0.0141504396795102,8.0,0.6699998321533203,1.0,1.0,1.0
6802.7490234375,6875.483980076805,6759.068404726734,6785.933537499827,6741.82509765625,6704.751318359375,6729.72265625,6771.583349609375,6845.85302734375,6888.399430338542,0.0015014582195007,-0.0024718662822541,0.0106919947198862,-0.0064210245828962,8.0,0.6699999160766601,1.0,1.0,1.0
6861.056640625,6924.786513408975,6775.983717302044,6824.738959908183,6775.2771484375,6725.78076171875,6727.334635416667,6751.713110351562,6845.94455078125,6878.51240234375,0.0085711845294619,-0.0052933072293525,0.0092886381970125,-0.0123993909071133,8.0,0.66999995803833,1.0,1.0,1.0
6838.71875,6910.309552297718,6822.649516820058,6879.4148421567525,6801.18701171875,6741.13369140625,6728.210221354167,6758.770166015625,6836.13578125,6866.665201822917,-0.0032557507968576,0.0059508357697488,0.0104684524857405,-0.0023497432439287,8.0,0.6699999790191651,0.0,0.0,0.0
6772.7001953125,6873.493999550363,6751.456743064375,6843.643851897423,6813.55498046875,6754.168212890625,6723.842154947916,6757.780126953125,6816.8127734375,6852.640608723958,-0.0096536437746471,0.0104749441934584,0.0148823661658055,-0.0031366296507304,8.0,0.6699999895095825,0.0,0.0,0.0
6583.40087890625,6764.989287332809,6561.112378732403,6746.034151002645,6771.72509765625,6747.844970703125,6711.703092447917,6742.50185546875,6791.203359375,6837.390511067709,-0.0279503463828603,0.024703534706125,0.0275827663796659,-0.0033855602269734,8.0,0.6699999947547912,0.0,0.0,0.0
6664.24462890625,6738.123744015433,6609.220565474468,6631.658217864826,6744.02421875,6742.924658203125,6717.84228515625,6733.298046875,6766.0715234375,6828.881559244792,0.0122799372979138,-0.0048897381257705,0.011085894834762,-0.0082566091876511,8.0,0.6699999973773956,1.0,1.0,1.0
6881.00634765625,6953.791349057437,6798.81932674317,6914.140304285623,6748.01416015625,6761.645654296875,6733.19189453125,6732.5045166015625,6750.9733203125,6829.622819010417,0.0325260747196753,0.0048152777305108,0.0105776681089646,-0.0119440408510993,8.0,0.6699999986886978,1.0,1.0,1.0
6477.0341796875,6881.404573907541,6343.85315782399,6881.404573907541,6675.67724609375,6738.43212890625,6719.314876302084,6715.076977539063,6742.15158203125,6809.392692057291,-0.0587082975306871,0.0624314127426066,0.0624314127426066,-0.0205620378353377,8.0,0.6699999993443488,0.0,0.0,0.0
6802.50048828125,6827.723960910073,6502.904400930632,6571.012684035285,6681.6373046875,6747.596142578125,6729.991243489583,6713.290942382812,6742.5515625,6794.283528645833,0.0502492806992494,-0.0340298107504367,0.003707970719337,-0.0440420530460432,8.0,0.6699999996721744,1.0,1.0,1.0
6891.205078125,6977.920148062352,6788.2220659531495,6815.7838973640655,6743.19814453125,6757.46162109375,6746.296028645834,6719.57685546875,6742.64111328125,6783.202490234375,0.0130399975709759,-0.0109445561271056,0.0125834406253,-0.0149441224001232,8.0,0.6699999998360873,1.0,1.0,1.0
7155.478515625,7262.541145643326,6906.329372778507,6960.059640193871,6841.444921875,6792.7345703125,6775.76474609375,6748.742944335938,6754.927421875,6778.633756510417,0.0383493793181242,-0.027310385322855,0.0149623298825563,-0.0348193544711846,8.0,0.67,1.0,1.0,1.0
7155.478515625,7262.541145643326,6906.329372778507,6960.059640193871,6841.444921875,6792.7345703125,6775.76474609375,6748.742944335938,6754.927421875,6778.633756510417,0.0383493793181242,-0.027310385322855,0.0149623298825563,-0.0348193544711846,8.0,0.67,1.0,1.0,1.0
7053.44091796875,7213.78586806071,7039.908753516764,7213.78586806071,6875.9318359375,6811.972998046875,6799.741048177083,6768.876879882812,6761.18998046875,6771.799739583334,-0.0142600662462246,0.0227328692416601,0.0227328692416601,-0.00191851957213,8.0,0.690375,0.0,0.0,0.0
7102.44482421875,7133.190379544079,7015.779797205371,7047.619955127733,7001.01396484375,6838.34560546875,6825.959407552084,6789.7396484375,6772.264375,6785.2953125,0.006947517788823,-0.0077191545232521,0.0043288692958922,-0.0122021401303756,8.0,0.7005625,1.0,1.0,1.0
7181.69677734375,7240.650818985206,7079.460021585783,7112.295184018998,7076.85322265625,6879.245263671875,6857.348502604166,6816.70673828125,6786.0033984375,6798.268505859375,0.0111584046179081,-0.0096636763534342,0.0082089293754978,-0.0142357382840913,8.0,0.70565625,1.0,1.0,1.0
7258.51171875,7288.411423837846,7196.025114969277,7215.975256174018,7150.31455078125,6946.75634765625,6888.41259765625,6847.300659179688,6805.72439453125,6810.586686197917,0.0106959321435819,-0.0058602182133429,0.0041192611166569,-0.0086087349861693,8.0,0.708203125,1.0,1.0,1.0
7304.87841796875,7333.186503216987,7210.800894004546,7259.605692609676,7180.19453125,7010.8197265625,6921.887890625,6876.8721923828125,6835.03326171875,6825.8052734375,0.0063879071930099,-0.0061976014888502,0.0038752301720181,-0.0128787255011375,8.0,0.7094765625,1.0,1.0,1.0
7298.06298828125,7392.339707128132,7263.53612224,7328.211443876384,7229.1189453125,7052.525390625,6951.021647135417,6907.085522460938,6860.92529296875,6839.178141276042,-0.0009329970052253,0.0041310215660708,0.0129180467472349,-0.0047309630098686,8.0,0.71011328125,0.0,0.0,0.0
7197.81640625,7312.241977945962,7142.046086104997,7298.063157105375,7248.19326171875,7124.60361328125,6974.961490885416,6931.51787109375,6881.43037109375,6851.585856119792,-0.0137360532777285,0.0139273836949118,0.0158972617857555,-0.0077482276564565,8.0,0.710431640625,0.0,0.0,0.0
7171.10009765625,7228.611188028623,7075.480027121692,7183.935564030181,7246.07392578125,7161.46357421875,7001.521484375,6954.529858398438,6902.58017578125,6862.681819661459,-0.0037117240960121,0.0017898880505273,0.0080198420868744,-0.0133340867136703,8.0,0.7105908203125,0.0,0.0,0.0
7134.25,7265.0,7075.0,7239.2998046875,7221.22158203125,7185.76806640625,7038.244759114584,6971.61484375,6922.08484375,6874.97392578125,-0.0051386952007954,0.0147247159389565,0.0183270841363842,-0.0083050075340785,8.0,0.71067041015625,0.0,0.0,0.0
7081.85009765625,7106.9501953125,7020.5498046875,7076.0,7176.61591796875,7178.405224609375,7066.085123697917,6985.569897460938,6936.8209375,6891.963704427083,-0.0073448368565371,-0.0008260691169086,0.003544285364718,-0.0086559715502927,8.0,0.710710205078125,0.0,0.0,0.0
7074.4501953125,7140.0,6998.0,7101.0,7131.893359375,7180.50615234375,7078.981380208334,6996.239575195313,6952.04708984375,6906.086637369792,-0.0010449108978173,0.0037529142130496,0.0092657101086008,-0.0108065211008419,8.0,0.7107301025390624,0.0,0.0,0.0
7158.2001953125,7179.25,7035.0,7070.0,7123.9701171875,7186.081689453125,7124.392447916666,7012.213647460938,6970.0083203125,6921.853662109375,0.0118383758013438,-0.0123215602953179,0.0029406560466531,-0.0172110575215788,8.0,0.7107400512695312,1.0,1.0,1.0
7166.75,7239.0,7083.0498046875,7150.0,7123.10009765625,7184.58701171875,7148.675748697917,7031.9161376953125,6988.24390625,6939.33349609375,0.0011944070372743,-0.0023371821257892,0.010081278124673,-0.0116789612184742,8.0,0.7107450256347656,1.0,1.0,1.0
7115.5498046875,7226.0,7105.2998046875,7165.0,7119.36005859375,7170.2908203125,7163.632063802083,7058.523583984375,7001.16388671875,6954.964046223959,-0.0071441302281368,0.0069495958386691,0.0155223697878887,-0.0014405070980245,8.0,0.7107475128173828,0.0,0.0,0.0
7276.75,7304.0,7075.0,7075.0,7158.3400390625,7167.477978515625,7171.716829427083,7089.148852539062,7020.12392578125,6973.740787760416,0.0226546366390839,-0.0277252894492733,0.0037448036554781,-0.0277252894492733,8.0,0.7107487564086914,1.0,1.0,1.0
7165.60009765625,7275.9501953125,7122.0,7275.0,7176.57001953125,7154.231689453125,7179.194108072917,7103.378540039063,7032.3056640625,6989.467578125,-0.0152746627744185,0.0152673747980345,0.0153999799252464,-0.0060846400946252,8.0,0.7107493782043457,0.0,0.0,0.0
7258.7998046875,7284.64990234375,7170.0,7189.9501953125,7196.68994140625,7160.330029296875,7189.6177734375,7142.466821289063,7049.10890625,7007.788590494792,0.0130065459642011,-0.0094849852906178,0.0035612082371463,-0.0122334004348977,8.0,0.71075,1.0,1.0,1.0
7258.7998046875,7284.64990234375,7170.0,7189.9501953125,7196.68994140625,7160.330029296875,7189.6177734375,7142.466821289063,7049.10890625,7007.788590494792,0.0130065459642011,-0.0094849852906178,0.0035612082371463,-0.0122334004348977,8.0,0.71075,1.0,1.0,1.0
7107.0498046875,7325.0,7100.0,7301.0498046875,7184.74990234375,7153.925,7184.64130859375,7157.694287109375,7062.482890625,7020.994905598958,-0.02090565990014,0.0272968398043371,0.03066676065345,-0.0009919453051884,8.0,0.509925,0.0,0.0,0.0
7138.0,7149.89990234375,7077.0,7134.0,7189.23994140625,7154.3,7176.607194010417,7170.034033203125,7084.66685546875,7032.509895833334,0.004354858367826,-0.0005603810591201,0.0016671199697044,-0.008545811151583,8.0,0.4095124999999999,1.0,1.0,1.0
7098.25,7147.64990234375,7047.0,7144.9501953125,7153.53994140625,7155.939990234375,7162.831966145834,7167.172607421875,7102.0270703125,7042.359928385416,-0.005568786775007,0.0065791139101187,0.0069594480813932,-0.0072200894586693,8.0,0.3593062499999999,0.0,0.0,0.0
7068.0498046875,7142.39990234375,7042.0,7109.85009765625,7134.0298828125,7155.299951171875,7147.49775390625,7167.903051757812,7109.50880859375,7049.259700520834,-0.0042545973039129,0.0059139782717756,0.0105191813457428,-0.0036855717499647,8.0,0.3342031249999999,0.0,0.0,0.0
7054.9501953125,7129.35009765625,7021.0,7068.0,7093.2599609375,7144.974951171875,7137.97333984375,7165.5283203125,7132.62544921875,7056.467415364584,-0.0018533555559147,0.0018497373229042,0.0105457728664311,-0.004812251592514,8.0,0.3216515624999999,0.0,0.0,0.0
6950.2998046875,7087.89990234375,6930.0,7087.89990234375,7061.9099609375,7123.329931640625,7123.2533203125,7153.958471679687,7138.537421875,7062.38740234375,-0.0148336115391052,0.0197977211808113,0.0197977211808113,-0.0029207092151347,8.0,0.31537578125,0.0,0.0,0.0
7004.2998046875,7045.0,6915.0498046875,6996.9501953125,7035.169921875,7112.204931640625,7114.589973958334,7141.247875976563,7143.0612109375,7076.417366536459,0.0077694490191028,-0.0010492996559172,0.0058107443209758,-0.0127421730206738,8.0,0.3122378906249999,1.0,1.0,1.0
7063.75,7085.0,6995.25,7020.0498046875,7028.269921875,7090.904931640625,7113.38330078125,7129.191455078125,7139.3920703125,7089.734212239583,0.0084876714261594,-0.0061865433109183,0.0030083171120156,-0.0096973986904972,8.0,0.3106689453125,1.0,1.0,1.0
7059.10009765625,7090.0,7005.2001953125,7080.0,7026.47998046875,7080.254931640625,7112.3599609375,7117.243310546875,7139.6184375,7095.670670572917,-0.0006582767430543,0.0029607034968506,0.0043773146599819,-0.0076355203351834,8.0,0.3098844726562499,0.0,0.0,0.0
7110.0,7117.89990234375,6971.14990234375,7047.10009765625,7037.48994140625,7065.374951171875,7109.146614583334,7112.852490234375,7139.92064453125,7116.76953125,0.0072105369862441,-0.0088466810610056,0.0011110973760548,-0.0195288463651547,8.0,0.3094922363281249,1.0,1.0,1.0
6932.2998046875,7110.0,6910.0,7110.0,7033.88994140625,7047.899951171875,7093.5166015625,7100.9124755859375,7129.944765625,7121.096175130208,-0.024992995121308,0.0256336569852824,0.0256336569852824,-0.003216797500942,8.0,0.3092961181640624,0.0,0.0,0.0
6884.25,6958.60009765625,6849.39990234375,6932.0,7009.87998046875,7022.524951171875,7078.096614583334,7088.4124755859375,7114.974296875,7120.864339192708,-0.0069312935160434,0.0069361223081672,0.01080002871137,-0.0050622940271271,8.0,0.3091980590820312,0.0,0.0,0.0
6727.10009765625,6944.85009765625,6620.0,6934.0,6942.55,6985.4099609375,7041.453287760417,7070.674975585937,7091.8631640625,7106.58505859375,-0.0228274543114718,0.0307561801281706,0.0323690738712012,-0.015920693330186,8.0,0.3091490295410156,0.0,0.0,0.0
6607.14990234375,6654.7001953125,6541.0498046875,6630.0,6852.1599609375,6939.319970703125,7004.223274739584,7047.3099609375,7064.226640625,7091.70869140625,-0.0178308919997029,0.0034583894711006,0.0071967934240273,-0.0100043284371075,8.0,0.3091245147705078,0.0,0.0,0.0
6647.75,6666.0,6551.4501953125,6560.0,6759.7099609375,6898.599951171875,6963.48662109375,7021.787451171875,7042.223984375,7076.552197265625,0.0061448730929879,-0.0131999548719491,0.0027452897596931,-0.0144860749407694,8.0,0.3091122573852539,1.0,1.0,1.0
6789.75,6808.39990234375,6667.10009765625,6675.0498046875,6731.2,6882.544970703125,6942.33330078125,7002.937451171875,7026.96998046875,7063.4873046875,0.0213606107329547,-0.0168931397050701,0.002746773054052,-0.0180639791367502,8.0,0.309106128692627,1.0,1.0,1.0
6812.4501953125,6855.0,6765.75,6823.85009765625,6716.8400390625,6863.360009765625,6920.62998046875,6987.782470703125,7014.09798828125,7048.618587239584,0.0033433035549909,0.0016733923943537,0.0062458885522242,-0.0068551246575914,8.0,0.3091030643463135,1.0,1.0,1.0
6823.60009765625,6899.0,6783.0,6812.4501953125,6736.1400390625,6839.34501953125,6902.319986979167,6965.124975585937,7003.76798828125,7032.5759765625,0.0016366948783599,-0.0016340204854002,0.0110498712211533,-0.0059499526753032,8.0,0.3091015321731567,1.0,1.0,1.0
6806.9501953125,6855.0,6793.0,6826.9501953125,6776.10009765625,6814.130029296875,6884.913346354167,6947.19248046875,6993.06798828125,7016.205550130208,-0.0024400466184219,0.0029381734001481,0.0070589329007562,-0.0020494046397029,8.0,0.3091007660865783,0.0,0.0,0.0
6771.64990234375,6844.0,6750.0,6831.5,6800.880078125,6780.29501953125,6866.02666015625,6922.834985351563,6977.6059765625,7002.0,-0.0051859190909107,0.0088383331269881,0.0106842643520612,-0.003197138460489,8.0,0.3091003830432891,0.0,0.0,0.0
6725.0,6750.0,6673.10009765625,6725.0,6787.930078125,6759.5650390625,6851.006673177083,6903.732495117188,6959.9359765625,6987.129996744791,-0.0068890009106353,0.0,0.003717472118959,-0.0077174575975836,8.0,0.3091001915216446,0.0,0.0,0.0
6596.7001953125,6650.0,6532.60009765625,6650.0,6744.780078125,6730.81005859375,6823.833365885416,6876.667504882813,6939.1819921875,6969.211669921875,-0.0190780378717472,0.0080797676276653,0.0080797676276653,-0.0097169942180787,8.0,0.3091000957608223,0.0,0.0,0.0
6538.35009765625,6697.0,6511.5,6626.0,6687.730078125,6711.93505859375,6788.806705729166,6848.672509765625,6909.64599609375,6951.095003255208,-0.0088453462987013,0.0134055076639547,0.0242645162730916,-0.0041065555155688,8.0,0.3091000478804111,0.0,0.0,0.0
6637.14990234375,6659.35009765625,6581.10009765625,6600.0,6653.77001953125,6714.93505859375,6760.676692708334,6827.127514648438,6888.50798828125,6936.518326822917,0.0151108159110225,-0.005597267334678,0.0033448386188565,-0.0084448604464556,8.0,0.3091000239402055,1.0,1.0,1.0
6582.2001953125,6678.0498046875,6571.35009765625,6625.0498046875,6615.880078125,6708.380078125,6725.4900390625,6803.490014648438,6861.44400390625,6917.318326822917,-0.008279111944096,0.0065099219263362,0.0145619407691761,-0.0016483998259392,8.0,0.3091000119701027,0.0,0.0,0.0
6618.2001953125,6700.0,6591.0,6700.0,6594.5201171875,6691.22509765625,6704.550065104167,6786.885034179688,6841.89001953125,6899.033333333334,0.0054692958177779,0.0123598262780622,0.0123598262780622,-0.004109908209148,8.0,0.3091000059850514,1.0,1.0,1.0
6608.14990234375,6645.0,6564.0498046875,6619.10009765625,6596.81005859375,6670.795068359375,6686.143391927083,6767.0775390625,6820.696015625,6882.120003255209,-0.0015185840065503,0.0016570742907355,0.0055764621264386,-0.006673592201746,8.0,0.3091000029925257,0.0,0.0,0.0
6465.0498046875,6644.9501953125,6452.2001953125,6644.9501953125,6582.15,6634.9400390625,6668.673372395833,6737.142529296875,6795.3680078125,6855.063330078125,-0.0216550925404243,0.0278266055266214,0.0278266055266214,-0.0019875499436498,8.0,0.3091,0.0,0.0,0.0
6465.0498046875,6644.9501953125,6452.2001953125,6644.9501953125,6582.15,6634.9400390625,6668.673372395833,6737.142529296875,6795.3680078125,6855.063330078125,-0.0216550925404243,0.0278266055266214,0.0278266055266214,-0.0019875499436498,8.0,0.3091,0.0,0.0,0.0
6458.5,6489.9501953125,6430.9501953125,6482.5,6546.42001953125,6600.09501953125,6658.76337890625,6707.112524414062,6770.986015625,6831.493326822917,-0.0010131097029988,0.0037160331346288,0.0048695819946582,-0.0042656661279708,8.0,0.47855,0.0,0.0,0.0
6590.89990234375,6600.0,6425.0,6505.0,6548.1599609375,6582.02001953125,6654.973372395833,6681.15751953125,6752.42400390625,6809.229996744792,0.0205001010054579,-0.0130331068012736,0.0013807063968629,-0.0251710547575992,8.0,0.563275,1.0,1.0,1.0
6616.35009765625,6656.0,6593.60009765625,6638.0,6547.78994140625,6571.155029296875,6643.41337890625,6665.360034179687,6739.066015625,6792.87333984375,0.003861414327268,0.0032721820980148,0.0059927152823722,-0.0034384516635628,8.0,0.6056375,1.0,1.0,1.0
6722.2001953125,6773.89990234375,6616.35009765625,6647.35009765625,6570.6,6583.705029296875,6637.396712239583,6657.257543945312,6727.78203125,6779.013346354167,0.0159982612911831,-0.0111347617567897,0.0076908907097561,-0.0157463471156453,8.0,0.62681875,1.0,1.0,1.0
6735.35009765625,6747.2998046875,6695.0,6721.9501953125,6624.66005859375,6603.405029296875,6631.51337890625,6657.6700439453125,6714.64603515625,6766.916682942709,0.0019561902296393,-0.0019894886159537,0.0017741775643418,-0.0059907944013617,8.0,0.6374093750000001,1.0,1.0,1.0
6743.60009765625,6765.0,6723.89990234375,6750.0,6681.680078125,6614.050048828125,6627.2900390625,6664.4925537109375,6702.02603515625,6756.101692708334,0.0012248806491693,0.0009490334911725,0.0031733646767084,-0.0029213172529828,8.0,0.6427046875,1.0,1.0,1.0
6735.85009765625,6762.0,6704.9501953125,6755.0,6710.6701171875,6629.4150390625,6624.903385416666,6668.89755859375,6687.0600390625,6745.465022786459,-0.0011492377791935,0.0028429822614985,0.0038821977871581,-0.0045873797509985,8.0,0.64535234375,0.0,0.0,0.0
6778.35009765625,6819.0,6756.0498046875,6776.0,6743.0701171875,6645.430029296875,6628.46005859375,6668.327563476562,6680.90205078125,6739.733365885417,0.0063095228343617,-0.0003467064436613,0.0059970201830981,-0.0032899293555906,8.0,0.646676171875,1.0,1.0,1.0
6863.60009765625,6873.35009765625,6730.0,6778.35009765625,6771.35009765625,6670.975048828125,6646.253385416667,6670.88505859375,6680.0760546875,6735.043375651042,0.0125768068588662,-0.0124205954290825,0.0014205373071385,-0.0194650177392868,8.0,0.6473380859375,1.0,1.0,1.0
6900.0,6917.0,6852.0,6876.0,6804.280078125,6714.470068359375,6670.36337890625,6674.705053710937,6686.99205078125,6729.585042317708,0.0053033250518455,-0.0034782608695652,0.002463768115942,-0.0069565217391304,8.0,0.6476690429687499,1.0,1.0,1.0
7063.5498046875,7158.0,6881.5498046875,6889.0498046875,6868.27001953125,6774.975048828125,6698.7900390625,6687.535034179688,6705.248046875,6729.733365885417,0.0237028702445652,-0.0247042924344071,0.0133714913781481,-0.0257660815075192,8.0,0.647834521484375,1.0,1.0,1.0
7200.14990234375,7215.0498046875,7071.0498046875,7071.0498046875,6961.12998046875,6835.900048828125,6739.986686197916,6708.960034179688,6727.34404296875,6732.738362630208,0.0193387321436595,-0.0179301958163712,0.0020693877968984,-0.0179301958163712,8.0,0.6479172607421875,1.0,1.0,1.0
7440.0498046875,7450.0,7229.0,7274.0,7093.469921875,6918.27001953125,6794.77666015625,6744.712524414063,6753.35603515625,6749.663362630208,0.0333187371926325,-0.0223183727322473,0.0013373828903981,-0.0283667193403102,8.0,0.6479586303710938,1.0,1.0,1.0
7353.7998046875,7460.0,7206.10009765625,7460.0,7191.50986328125,6981.42998046875,6844.486653645833,6782.5675048828125,6775.01001953125,6765.315022786458,-0.0115926643321203,0.014441540174211,0.014441540174211,-0.0200848147833861,8.0,0.6479793151855469,0.0,0.0,0.0
7299.5,7377.0,7245.25,7254.9501953125,7271.40986328125,7037.844970703125,6900.116666666667,6820.625,6794.046015625,6784.39501953125,-0.0073839111928078,-0.0061031309935611,0.0106171655592848,-0.0074320158914994,8.0,0.6479896575927735,0.0,0.0,0.0
7244.89990234375,7326.64990234375,7193.0,7320.0,7307.6798828125,7087.974951171875,6952.543326822916,6851.0125,6811.56400390625,6805.653352864583,-0.0074799777596068,0.0103659261920174,0.0112837997904642,-0.0071636465711499,8.0,0.6479948287963868,0.0,0.0,0.0
7317.14990234375,7395.0,7255.5498046875,7255.5498046875,7331.0798828125,7146.104931640625,7000.959993489583,6887.759985351562,6833.38400390625,6827.966682942709,0.0099725325365264,-0.0084185917301651,0.0106394017746327,-0.0084185917301651,8.0,0.6479974143981935,1.0,1.0,1.0
7347.4501953125,7377.9501953125,7262.7998046875,7324.0,7312.5599609375,7203.01494140625,7049.7,6924.222485351563,6858.28201171875,6846.556689453125,0.0041409966138652,-0.00319160997205,0.0041510999311649,-0.0115210567441484,8.0,0.6479987071990967,1.0,1.0,1.0
7241.85009765625,7369.9501953125,7193.0,7369.9501953125,7290.17001953125,7240.83994140625,7084.343326822916,6955.907495117188,6884.0880078125,6860.87001953125,-0.0143723461676025,0.0176888634711878,0.0176888634711878,-0.0067455273165706,8.0,0.6479993535995483,0.0,0.0,0.0
7345.5498046875,7432.0,7206.2998046875,7250.0,7299.37998046875,7285.394921875,7125.023307291666,6999.932495117188,6916.37599609375,6878.268343098958,0.0143195047719658,-0.0130078492731102,0.011769057131344,-0.0189570561363751,8.0,0.6479996767997742,1.0,1.0,1.0
7428.2998046875,7440.0,7296.60009765625,7420.0,7336.0599609375,7321.869921875,7170.669954427083,7048.4224853515625,6948.0219921875,6898.979996744792,0.0112653242031241,-0.0011173222548532,0.0015750838846213,-0.0177294549888984,8.0,0.6479998383998871,1.0,1.0,1.0
7598.5,7660.0,7352.0,7428.2998046875,7392.32998046875,7361.704931640625,7228.179947916667,7098.802490234375,6988.673984375,6926.541666666667,0.0229124025399591,-0.0223991834325854,0.0080937027044811,-0.0324406132789366,8.0,0.6479999191999435,1.0,1.0,1.0
7345.75,7680.0,7322.0,7680.0,7391.98994140625,7352.274951171875,7266.006608072917,7135.272485351563,7017.7759765625,6947.233333333334,-0.0332631440415871,0.0455025014464145,0.0455025014464145,-0.0032331620324677,8.0,0.648,0.0,0.0,0.0
7345.75,7680.0,7322.0,7680.0,7391.98994140625,7352.274951171875,7266.006608072917,7135.272485351563,7017.7759765625,6947.233333333334,-0.0332631440415871,0.0455025014464145,0.0455025014464145,-0.0032331620324677,8.0,0.648,0.0,0.0,0.0
7365.5,7455.0,7286.14990234375,7337.5,7416.719921875,7353.444970703125,7299.4666015625,7167.437475585937,7048.06998046875,6972.859993489584,0.002688629479631,-0.0038015070259995,0.0121512456723915,-0.010773212634071,8.0,0.86345,1.0,1.0,1.0
7365.5,7455.0,7286.14990234375,7337.5,7416.719921875,7353.444970703125,7299.4666015625,7167.437475585937,7048.06998046875,6972.859993489584,0.002688629479631,-0.0038015070259995,0.0121512456723915,-0.010773212634071,8.0,0.86345,1.0,1.0,1.0
7631.10009765625,7672.5,7378.5,7387.25,7473.82998046875,7386.60498046875,7348.206608072916,7212.2249755859375,7094.7119921875,7009.284993489583,0.0360600227623718,-0.031954776445816,0.0054251551957056,-0.0331014001158013,8.0,0.791825,1.0,1.0,1.0
7590.35009765625,7748.0,7560.0,7675.0,7506.2400390625,7421.15,7383.326627604167,7254.562475585937,7139.98599609375,7041.058333333333,-0.005339990234503,0.0111523053949629,0.0207697800912278,-0.0039985109073719,8.0,0.7560125,0.0,0.0,0.0
7582.4501953125,7655.0,7487.25,7635.0,7503.030078125,7447.680029296875,7408.813313802083,7296.89248046875,7179.6480078125,7074.4,-0.0010407823410134,0.0069304516790609,0.0095681214935445,-0.0125553340754355,8.0,0.73810625,0.0,0.0,0.0
7595.10009765625,7635.9501953125,7531.7001953125,7625.75,7552.90009765625,7472.44501953125,7419.15,7337.72998046875,7218.7980078125,7106.963330078125,0.0016683132784136,0.0040354836604732,0.0053784804849188,-0.0083474742305653,8.0,0.729153125,1.0,1.0,1.0
7554.2001953125,7603.4501953125,7483.89990234375,7597.0,7590.64013671875,7503.680029296875,7432.510026041667,7372.259985351562,7252.0780078125,7138.49833984375,-0.0053850379610363,0.0056656963782952,0.0065195518687153,-0.0093061199268152,8.0,0.7246765625,0.0,0.0,0.0
7623.89990234375,7640.0,7498.0498046875,7545.0,7589.20009765625,7531.5150390625,7454.136686197917,7408.45498046875,7287.62,7177.126676432292,0.0092266163497361,-0.0103490212823353,0.0021117928963496,-0.0165073124343567,8.0,0.72243828125,1.0,1.0,1.0
7768.39990234375,7779.39990234375,7587.5498046875,7640.0,7624.81005859375,7565.525048828125,7489.036686197916,7443.697485351562,7328.6119921875,7220.790006510417,0.018953554198105,-0.0165284877140543,0.0014159930150714,-0.0232802250051116,8.0,0.7213191406249999,1.0,1.0,1.0
7756.0,7810.0,7711.0,7780.0,7659.52001953125,7581.275048828125,7518.293359375,7471.489990234375,7369.41798828125,7259.626676432292,-0.0015961977369379,0.003094378545642,0.0069623517276946,-0.0058019597730789,8.0,0.7207595703124999,0.0,0.0,0.0
7703.0,7824.0,7676.14990234375,7746.0,7681.1,7617.000048828125,7541.9966796875,7484.6375,7406.403984375,7295.84833984375,-0.0068334192882929,0.0055822406854473,0.0157081656497468,-0.0034856676173243,8.0,0.7204797851562499,0.0,0.0,0.0
7703.0,7814.64990234375,7651.0,7660.10009765625,7710.8599609375,7650.750048828125,7572.740006510417,7502.097509765625,7439.97998046875,7328.541666666667,0.0,-0.0055692460526742,0.0144943401718486,-0.0067506166428664,8.0,0.7203398925781249,0.0,0.0,0.0
7433.85009765625,7700.0,7381.0,7610.0,7672.85,7631.025048828125,7578.626692708333,7508.815014648438,7461.333984375,7351.825,-0.0349409194266844,0.0236956489611335,0.035802430617704,-0.0071093843650295,8.0,0.7202699462890625,0.0,0.0,0.0
7211.35009765625,7430.0,7155.0,7420.0,7561.4400390625,7593.125048828125,7564.16337890625,7507.137524414063,7467.24599609375,7367.416666666667,-0.0299306546509661,0.0289335421964276,0.0303202450834849,-0.0078140843105876,8.0,0.7202349731445312,0.0,0.0,0.0
7269.39990234375,7324.0,7190.2998046875,7211.35009765625,7464.12001953125,7561.82001953125,7542.223372395833,7504.750024414063,7470.01599609375,7385.20166015625,0.0080497831753261,-0.007985501618749,0.0075109497881173,-0.0108812417419417,8.0,0.7202174865722656,1.0,1.0,1.0
7186.9501953125,7295.39990234375,7160.0498046875,7264.85009765625,7360.91005859375,7521.005029296875,7531.63671875,7496.725024414062,7459.89201171875,7398.821663411459,-0.0113420238450036,0.0108390764130463,0.0150898091796967,-0.003742949358762,8.0,0.7202087432861328,0.0,0.0,0.0
7300.4501953125,7426.7998046875,7206.10009765625,7216.0,7280.40009765625,7495.630029296875,7527.300065104167,7499.655029296875,7457.75802734375,7413.383333333333,0.0157925123891949,-0.0115678065123605,0.0173070983288301,-0.0129238738888775,8.0,0.7202043716430664,1.0,1.0,1.0
7319.7001953125,7368.0,7273.0,7320.0,7257.5701171875,7465.21005859375,7506.540071614583,7498.362548828125,7458.56603515625,7427.37333984375,0.0026368236868953,4.095860206021485e-05,0.0065986042322376,-0.0063800694108218,8.0,0.7202021858215332,1.0,1.0,1.0
7302.0,7330.0,7226.0498046875,7325.0,7275.70009765625,7418.570068359375,7487.316731770833,7492.04755859375,7460.8500390625,7435.3216796875,-0.0024181585092563,0.0031498219665844,0.0038345658723637,-0.0104012866765954,8.0,0.7202010929107665,0.0,0.0,0.0
7208.7998046875,7313.85009765625,7200.0,7292.7001953125,7263.580078125,7363.850048828125,7462.406705729167,7472.562548828125,7456.51603515625,7435.610009765625,-0.0127636531515338,0.0116386073823888,0.0145725080200509,-0.0012207031580733,8.0,0.7202005464553832,0.0,0.0,0.0
7016.89990234375,7256.14990234375,6979.0,7244.89990234375,7229.57001953125,7295.2400390625,7423.860026041667,7456.120043945312,7443.2940234375,7421.505013020834,-0.0266202291009618,0.0324929816832422,0.0340962538057707,-0.0054012317221585,8.0,0.7202002732276915,0.0,0.0,0.0
6956.35009765625,7059.35009765625,6920.0,7010.0,7160.75,7220.575048828125,7384.003352864584,7435.662548828125,7431.8740234375,7408.256689453125,-0.0086291390115562,0.0077123637526272,0.0148066153304593,-0.0052254554681624,8.0,0.7202001366138457,0.0,0.0,0.0
6899.5,6998.7998046875,6871.0,6980.9501953125,7076.7099609375,7167.1400390625,7335.710026041666,7399.082543945313,7414.03203125,7394.923356119792,-0.0081724031795645,0.0118052315838104,0.0143923189633305,-0.0041307341111674,8.0,0.7202000683069228,0.0,0.0,0.0
6899.5498046875,6938.64990234375,6820.7001953125,6893.0,6996.219921875,7135.960009765625,7277.786686197916,7364.542529296875,7392.88203125,7383.411686197916,7.2185937386767155e-06,-0.0009493089944868,0.0056670505704135,-0.0114282252620931,8.0,0.7202000341534613,1.0,1.0,1.0
6780.89990234375,6950.75,6717.25,6909.0498046875,6910.63994140625,7087.110009765625,7212.780013020833,7324.465014648437,7360.17802734375,7365.536686197916,-0.0171967600354359,0.0188986571383329,0.0250483121860483,-0.0093866453214787,8.0,0.7202000170767306,0.0,0.0,0.0
6677.89990234375,6833.0,6643.64990234375,6800.0,6842.83994140625,7036.20498046875,7144.440006510416,7278.605004882813,7333.4640234375,7343.218343098958,-0.015189724296682,0.0182842060291135,0.0232258793819017,-0.0051288579494849,8.0,0.7202000085383653,0.0,0.0,0.0
6995.7998046875,7098.85009765625,6601.0,6605.75,6850.7298828125,7005.73994140625,7097.293326822916,7250.684985351562,7318.676015625,7335.016666666666,0.0476047720080644,-0.0557548551383859,0.0147303090205213,-0.0564338339732028,8.0,0.7202,1.0,1.0,1.0
6995.7998046875,7098.85009765625,6601.0,6605.75,6850.7298828125,7005.73994140625,7097.293326822916,7250.684985351562,7318.676015625,7335.016666666666,0.0476047720080644,-0.0557548551383859,0.0147303090205213,-0.0564338339732028,8.0,0.7202,1.0,1.0,1.0
7040.89990234375,7122.85009765625,6990.60009765625,7012.5,6879.00986328125,6977.859912109375,7071.096647135417,7221.534985351563,7295.0680078125,7324.861669921875,0.0064467393172158,-0.0040335614392552,0.0116391649432796,-0.0071439454310032,8.0,0.68965,1.0,1.0,1.0
6910.14990234375,7059.9501953125,6893.2998046875,7040.89990234375,6881.1298828125,6938.67490234375,7051.016634114583,7178.622485351562,7267.86,7307.590006510417,-0.018570069424858,0.0189214419148349,0.0216782986021679,-0.0024384561687345,8.0,0.674375,0.0,0.0,0.0
6911.35009765625,7045.0,6875.0,6920.0,6907.219921875,6908.929931640625,7027.146647135417,7136.389990234375,7241.01599609375,7284.685009765625,0.000173685857682,0.0012515503080481,0.0193377416069651,-0.0052594785595619,8.0,0.6667375,1.0,1.0,1.0
7022.5,7060.0,6802.2001953125,6909.10009765625,6976.13994140625,6909.48994140625,7016.18330078125,7102.364990234375,7218.1119921875,7273.910009765625,0.01608222717316,-0.0161480815014239,0.0053399786400853,-0.0313705667052331,8.0,0.66291875,1.0,1.0,1.0
6955.0,7020.4501953125,6932.0,6999.0,6967.97998046875,6909.354931640625,6993.153287760417,7064.964990234375,7194.143984375,7260.226676432291,-0.0096119615521537,0.0063263838964773,0.0094105241283248,-0.0033069734004312,8.0,0.661009375,0.0,0.0,0.0
6889.75,6970.7998046875,6879.75,6949.0,6937.75,6908.379931640625,6964.48994140625,7037.759985351562,7164.77798828125,7235.515006510416,-0.0093817397555715,0.0085997314851773,0.0117638237508617,-0.0014514314742914,8.0,0.6600546875,0.0,0.0,0.0
6923.60009765625,6944.5498046875,6902.0,6930.0,6940.4400390625,6910.7849609375,6939.26328125,7023.372485351562,7130.98599609375,7213.290006510417,0.0049131097146122,0.0009243604849327,0.0030258401316884,-0.0031197783453094,8.0,0.65957734375,1.0,1.0,1.0
6843.7001953125,6975.0,6752.89990234375,6975.0,6926.91005859375,6917.064990234375,6914.923307291667,7002.0875,7094.49400390625,7188.665006510417,-0.0115402249143184,0.0191854992095403,0.0191854992095403,-0.0132677192713588,8.0,0.6593386718750001,0.0,0.0,0.0
6930.35009765625,7014.9501953125,6712.0,6845.0,6908.480078125,6942.310009765625,6909.1533203125,6989.257495117187,7063.5880078125,7166.506673177083,0.0126612650862613,-0.012315409243916,0.0122071896028543,-0.031506358925517,8.0,0.6592193359375,1.0,1.0,1.0
7006.2001953125,7024.10009765625,6892.2998046875,6935.0,6918.7201171875,6943.350048828125,6912.47666015625,6974.544995117188,7035.716015625,7148.240006510417,0.0109446271238016,-0.0101624551579523,0.0025548659536913,-0.0162570847891564,8.0,0.65915966796875,1.0,1.0,1.0
6904.5,7038.9501953125,6870.0,7006.2001953125,6921.6701171875,6929.71005859375,6912.809993489584,6953.784985351563,7014.54201171875,7124.260009765625,-0.014515742125174,0.0147295525110435,0.0194728358769642,-0.0049967412557028,8.0,0.659129833984375,0.0,0.0,0.0
6895.9501953125,6951.5498046875,6841.0,6904.5,6916.14013671875,6928.290087890625,6912.57001953125,6933.482495117188,7001.926015625,7095.178352864584,-0.0012382945452241,0.0012398298197269,0.0080626465969539,-0.0079684733439421,8.0,0.6591149169921875,0.0,0.0,0.0
6778.7998046875,6904.2001953125,6752.14990234375,6860.0,6903.16005859375,6915.03505859375,6912.430013020833,6911.982495117188,6982.30201171875,7062.605013020833,-0.0169882883876731,0.0119785504295835,0.0184989075113688,-0.003931359991679,8.0,0.6591074584960938,0.0,0.0,0.0
6638.2001953125,6836.85009765625,6615.0,6819.0,6844.730078125,6876.605078125,6909.783365885417,6893.047509765625,6960.35201171875,7027.111686197916,-0.0207410770971251,0.0272362687728475,0.029925265357924,-0.0034949526422662,8.0,0.6591037292480468,0.0,0.0,0.0
6566.0,6702.25,6526.60009765625,6635.0,6756.6900390625,6837.705078125,6881.130045572917,6873.530004882812,6930.97400390625,6989.211686197917,-0.0108764715115828,0.0105086810843739,0.0207508376484921,-0.0060005943258832,8.0,0.6591018646240234,0.0,0.0,0.0
6549.14990234375,6639.4501953125,6530.0,6572.2998046875,6685.62001953125,6803.645068359375,6848.346712239583,6856.0125,6900.1519921875,6959.7216796875,-0.0025662652537694,0.0035347950022437,0.013788093770221,-0.0029240287104891,8.0,0.6591009323120117,0.0,0.0,0.0
6567.9501953125,6657.0,6555.0,6633.0,6620.02001953125,6768.080078125,6825.5333984375,6839.43251953125,6870.79,6938.275016276041,0.0028706463051062,0.0099041257550833,0.0135582338536996,-0.0019717255654195,8.0,0.6591004661560058,1.0,1.0,1.0
6595.2998046875,6644.7998046875,6561.0,6594.35009765625,6583.32001953125,6743.2400390625,6804.46337890625,6830.152514648437,6846.25,6915.805013020833,0.0041641012129658,-0.0001439975527078,0.0075053449374384,-0.005200643746797,8.0,0.6591002330780029,1.0,1.0,1.0
6465.64990234375,6614.0,6451.0,6614.0,6548.8099609375,6696.77001953125,6767.3400390625,6819.540014648437,6824.2,6891.761669921875,-0.0196579240039404,0.0229443443268517,0.0229443443268517,-0.0022658050721923,8.0,0.6591001165390015,0.0,0.0,0.0
6683.9501953125,6722.39990234375,6456.0498046875,6470.0,6572.4,6664.54501953125,6749.270052083333,6803.947534179688,6813.30400390625,6871.211669921875,0.0337630858870997,-0.0320095436172676,0.0057525424199322,-0.0340966619985929,8.0,0.6591000582695008,1.0,1.0,1.0
6685.39990234375,6863.0,6667.2998046875,6789.89990234375,6599.65,6642.635009765625,6735.646712239583,6786.172534179687,6804.74,6850.068326822917,0.0002168937512829,0.0156310769028737,0.0265653663581122,-0.0027074068747786,8.0,0.6591000291347504,1.0,1.0,1.0
6617.9501953125,6739.7998046875,6608.4501953125,6722.0,6609.65,6614.835009765625,6715.270052083333,6771.562548828125,6793.476015625,6827.266666666666,-0.0100891058151366,0.0157223613984278,0.0184119864578773,-0.0014354897996555,8.0,0.6591000145673752,0.0,0.0,0.0
6705.2001953125,6733.2998046875,6612.25,6650.0,6631.630078125,6607.475048828125,6706.03671875,6761.255053710937,6790.44802734375,6810.480013020833,0.013183840528416,-0.0082324455205811,0.0041907189280707,-0.0138624041945056,8.0,0.6591000072836877,1.0,1.0,1.0
6509.39990234375,6726.25,6495.0,6714.0,6640.380078125,6594.59501953125,6677.973372395833,6735.600048828125,6783.70802734375,6793.563346354166,-0.0292012598081159,0.0314314838119842,0.0333133777167649,-0.0022121704857256,8.0,0.6591000036418438,0.0,0.0,0.0
6575.89990234375,6609.0,6510.35009765625,6519.0,6618.77001953125,6595.585009765625,6649.286686197916,6716.645043945313,6766.91203125,6780.881673177083,0.0102159954830945,-0.0086527932585273,0.0050335464571855,-0.0099681877250195,8.0,0.6591000018209219,1.0,1.0,1.0
6650.64990234375,6665.0,6491.0,6595.0,6611.82001953125,6605.735009765625,6632.363346354166,6704.6900390625,6751.30203125,6772.586669921875,0.011367265486106,-0.0083675886057599,0.0021576985508127,-0.024005158095525,8.0,0.659100000910461,1.0,1.0,1.0
6675.4501953125,6722.39990234375,6630.7998046875,6696.14990234375,6623.32001953125,6616.485009765625,6617.663346354167,6692.282543945313,6741.91404296875,6765.116682942708,0.0037290029294746,0.0031008705668698,0.0070331896213109,-0.0066887459749686,8.0,0.6591000004552305,1.0,1.0,1.0
6740.0,6764.39990234375,6666.85009765625,6701.75,6630.27998046875,6630.955029296875,6615.076692708333,6687.097534179688,6735.0600390625,6763.753352864584,0.0096697305498327,-0.0056750741839762,0.003620163552485,-0.0108531012379451,8.0,0.6591000002276153,1.0,1.0,1.0
6850.39990234375,6889.89990234375,6685.4501953125,6760.0,6698.47998046875,6669.430029296875,6629.22333984375,6683.100024414062,6728.17603515625,6769.503352864584,0.0163798074693991,-0.0131962956371088,0.0057660867340731,-0.0240788434810667,8.0,0.6591000001138076,1.0,1.0,1.0
6850.2998046875,6935.0,6778.64990234375,6875.9501953125,6753.3599609375,6686.064990234375,6648.17666015625,6675.305004882813,6723.98802734375,6764.653352864583,-1.4611943488985696e-05,0.0037444186906168,0.0123644508601714,-0.0104593819813143,8.0,0.6591000000569038,0.0,0.0,0.0
6868.35009765625,6925.0,6827.89990234375,6850.10009765625,6796.9,6704.360009765625,6669.456673177084,6673.497509765625,6723.13203125,6758.901692708333,0.0026349639407604,-0.0026571155722285,0.0082479637086467,-0.0058893613076455,8.0,0.6591000000284519,1.0,1.0,1.0
6936.2001953125,6958.85009765625,6844.0498046875,6884.7998046875,6849.05,6736.185009765625,6694.006673177083,6675.510009765625,6723.63603515625,6759.770035807292,0.0098786603320356,-0.0074104537322519,0.0032654626028609,-0.0132854283368688,8.0,0.659100000014226,1.0,1.0,1.0
7115.10009765625,7165.0,6893.10009765625,6959.89990234375,6924.07001953125,6777.175,6728.660026041666,6692.325024414063,6734.49203125,6766.561702473959,0.0257922057187234,-0.0218127915535051,0.0070132396816438,-0.0312012476216783,8.0,0.659100000007113,1.0,1.0,1.0
7125.7998046875,7148.39990234375,7075.0,7121.85009765625,6979.15,6838.814990234375,6772.67001953125,6716.705004882812,6742.31001953125,6770.005029296875,0.0015038027412677,-0.000554282626443,0.003171587509571,-0.0071289968957706,8.0,0.6591,1.0,1.0,1.0
7125.7998046875,7148.39990234375,7075.0,7121.85009765625,6979.15,6838.814990234375,6772.67001953125,6716.705004882812,6742.31001953125,6770.005029296875,0.0015038027412677,-0.000554282626443,0.003171587509571,-0.0071289968957706,8.0,0.6591,1.0,1.0,1.0
7182.7998046875,7217.25,6980.60009765625,7099.0,7045.65,6899.50498046875,6805.92666015625,6747.544995117188,6749.37400390625,6777.598356119792,0.0079991020744793,-0.0116667326065265,0.0047962070848777,-0.0281505419236791,8.0,0.7189,1.0,1.0,1.0
7208.39990234375,7248.0,7156.10009765625,7182.7998046875,7113.6599609375,6955.27998046875,6840.793326822916,6780.507495117187,6761.53,6788.22001953125,0.0035640834148744,-0.0035514258369497,0.0054936044327082,-0.0072553972304582,8.0,0.7487999999999999,1.0,1.0,1.0
7152.7998046875,7257.39990234375,7110.0,7200.0,7156.9798828125,7003.01494140625,6876.449967447917,6809.749975585937,6771.803984375,6795.860009765625,-0.0077132371135752,0.0065988419362119,0.0146236579398884,-0.0059836435879907,8.0,0.7637499999999999,0.0,0.0,0.0
7074.4501953125,7178.7998046875,7060.39990234375,7149.0,7148.84990234375,7036.4599609375,6901.066634114583,6833.707495117187,6783.63,6803.551676432292,-0.0109536980643096,0.010537893776805,0.0147502076478172,-0.0019860614720362,8.0,0.7712249999999999,0.0,0.0,0.0
6918.5498046875,7024.4501953125,6887.85009765625,6950.0,7107.39990234375,7043.274951171875,6928.343294270833,6856.352490234375,6794.843984375,6803.158333333334,-0.0220371034244186,0.0045457785519142,0.0153067324243658,-0.0044373037555428,8.0,0.7749625,0.0,0.0,0.0
6848.25,7024.0,6804.7001953125,6913.35009765625,7040.48994140625,7043.069970703125,6946.499967447917,6864.56748046875,6806.133984375,6797.893326822917,-0.0101610607240075,0.0095060924551892,0.0256634906727997,-0.0063592603493592,8.0,0.77683125,0.0,0.0,0.0
6866.7001953125,6976.89990234375,6855.9501953125,6897.0,6972.15,7042.90498046875,6960.9033203125,6873.632495117187,6818.83599609375,6796.633333333333,0.0026941474555543,0.0044125713698965,0.0160484226625297,-0.0015655263364109,8.0,0.777765625,1.0,1.0,1.0
6808.2001953125,6910.0,6794.0,6882.0,6903.230078125,7030.10498046875,6969.7533203125,6883.144995117187,6828.44599609375,6793.708333333333,-0.0085193758772131,0.0108398405702452,0.0149525280936346,-0.002085748788979,8.0,0.7782328125,0.0,0.0,0.0
6815.75,6858.0,6800.0498046875,6830.39990234375,6851.4900390625,7000.169970703125,6974.8033203125,6888.6724853515625,6837.26400390625,6794.940006510416,0.001108928126511,0.0021494189698492,0.0061988775996772,-0.0023035169001943,8.0,0.77846640625,1.0,1.0,1.0
6907.75,6976.7001953125,6830.39990234375,6846.85009765625,6849.330078125,6978.364990234375,6978.62666015625,6908.589990234375,6854.9480078125,6803.925,0.0134981476726699,-0.0088161705828598,0.0099815707448156,-0.0111975820862436,8.0,0.778583203125,1.0,1.0,1.0
6888.25,6995.0,6865.0,6900.0,6857.330078125,6948.910009765625,6981.156673177084,6924.207495117187,6863.12,6814.666666666667,-0.0028229162896746,0.0017058033607955,0.0154974050012701,-0.0033753130330635,8.0,0.7786416015625,0.0,0.0,0.0
6823.0,6877.0,6792.0,6869.9501953125,6848.5900390625,6910.37001953125,6978.133333333333,6932.825,6868.62400390625,6823.795003255208,-0.0094726527056944,0.006881165955225,0.0079144071522789,-0.0045434559577898,8.0,0.77867080078125,0.0,0.0,0.0
6935.2998046875,6947.9501953125,6806.0,6823.0,6874.0099609375,6888.62001953125,6978.073307291666,6945.81748046875,6881.31798828125,6836.039990234375,0.0164590069892276,-0.0161924946073128,0.0018240582211672,-0.0186437224530808,8.0,0.778685400390625,1.0,1.0,1.0
7389.2001953125,7430.0,6971.0,6980.0,6988.7,6920.09501953125,6996.346647135417,6978.277490234375,6908.67798828125,6862.503336588542,0.0654478398061772,-0.0553781443859221,0.0055215454459309,-0.0565961381825592,8.0,0.7787,1.0,1.0,1.0
7389.2001953125,7430.0,6971.0,6980.0,6988.7,6920.09501953125,6996.346647135417,6978.277490234375,6908.67798828125,6862.503336588542,0.0654478398061772,-0.0553781443859221,0.0055215454459309,-0.0565961381825592,8.0,0.7787,1.0,1.0,1.0
7407.25,7500.0,7359.25,7389.75,7088.6,6968.9650390625,7015.109993489584,7006.119995117188,6944.5919921875,6893.890006510416,0.0024427277933206,-0.0023625502041918,0.0125215160822167,-0.0064801377029262,8.0,0.7787,1.0,1.0,1.0
7349.35009765625,7599.89990234375,7316.75,7500.0,7180.82001953125,7019.075048828125,7026.213346354167,7031.072509765625,6975.53,6916.070003255209,-0.0078166529202808,0.0204983978640225,0.0340914232358315,-0.0044357796571218,8.0,0.7787,0.0,0.0,0.0
7353.9501953125,7446.89990234375,7301.4501953125,7354.9501953125,7287.01005859375,7067.800048828125,7035.91669921875,7055.352514648437,7003.66201171875,6938.355013020833,0.0006259189717628,0.0001359813397481,0.0126394256913104,-0.0071390203367796,8.0,0.7787,1.0,1.0,1.0
7355.39990234375,7388.4501953125,7256.7001953125,7361.85009765625,7371.030078125,7122.52001953125,7049.423372395833,7076.3125,7030.86,6962.936669921875,0.0001971331043517,0.0008769333276419,0.0044933373314235,-0.0134186731301719,8.0,0.7787,1.0,1.0,1.0
7277.4501953125,7355.39990234375,7236.0,7338.4501953125,7348.680078125,7168.6900390625,7062.956705729167,7084.430004882813,7052.3580078125,6982.011669921875,-0.0105976164540573,0.0083820566768413,0.0107111288898216,-0.0056957030553363,8.0,0.7787,0.0,0.0,0.0
