Close,High,Low,Open,MA_5,MA_15,MA_10,MA_20,MA_25,MA_30,Return_Ratio,Percentage_Change_Open,Percentage_Change_High,Percentage_Change_Low,Sector_Encoded,VADER Sentiment Score,label_5d,label_10d,label_20d
429.8500061035156,446.3999938964844,423.0,434.7000122070313,0.0,0.0,0.0,0.0,0.0,0.0,0.0,0.0112830197386286,0.0385017740094744,-0.0159358055280939,2.0,0.6591,,,
430.2999877929688,435.8999938964844,428.0499877929688,435.8999938964844,0.0,0.0,0.0,0.0,0.0,0.0,0.0010468342051035,0.0130141907096914,0.0130141907096914,-0.005228910211084,2.0,0.6591,,,
425.2000122070313,434.2000122070313,421.2000122070313,434.2000122070313,0.0,0.0,0.0,0.0,0.0,0.0,-0.0118521397411502,0.021166509270037,0.021166509270037,-0.0094073374533497,2.0,0.6591,,,
439.2999877929688,443.3500061035156,420.0,422.75,0.0,0.0,0.0,0.0,0.0,0.0,0.0331608071052269,-0.0376735448505597,0.009219254320707,-0.0439335040502308,2.0,0.6591,,,
450.6499938964844,454.0,438.3999938964844,442.2999877929688,435.05999755859375,0.0,0.0,0.0,0.0,0.0,0.025836572772373,-0.0185288055400121,0.0074337205123431,-0.0271829583177889,2.0,0.6591,,,
456.2000122070313,459.3999938964844,448.1000061035156,448.1000061035156,440.3299987792969,0.0,0.0,0.0,0.0,0.0,0.0123155850121274,-0.0177553833554912,0.0070144270140899,-0.0177553833554912,2.0,0.6591,1.0,,
447.25,458.8500061035156,443.0,458.0,443.7200012207031,0.0,0.0,0.0,0.0,0.0,-0.0196186145715611,0.024035774175517,0.0259362908966251,-0.009502515371716,2.0,0.6591,0.0,,
444.7999877929688,456.0,442.1000061035156,445.0499877929688,447.6399963378906,0.0,0.0,0.0,0.0,0.0,-0.0054779479195779,0.0005620503751371,0.0251798842500063,-0.0060701028856813,2.0,0.6591,0.0,,
451.1000061035156,464.7000122070313,444.0,446.9500122070313,450.0,0.0,0.0,0.0,0.0,0.0,0.0141637106192529,-0.0091997203288267,0.0301485389481346,-0.0157393172410783,2.0,0.6591,1.0,,
450.4500122070313,455.6000061035156,446.4500122070313,455.6000061035156,449.9600036621094,442.51000061035154,0.0,0.0,0.0,0.0,-0.0014409086404118,0.0114329975733631,0.0114329975733631,-0.0088800086393638,2.0,0.6591,0.0,,
448.0,454.25,445.3500061035156,453.2000122070313,448.3200012207032,444.325,0.0,0.0,0.0,0.0,-0.0054390323912461,0.0116071701049804,0.0139508928571427,-0.0059151649475097,2.0,0.6591,0.0,0.0,
446.2999877929688,451.8999938964844,443.0,449.0,448.1299987792969,445.925,0.0,0.0,0.0,0.0,-0.0037946701049804,0.006049769842888,0.0125476277317608,-0.0073941023599121,2.0,0.6591,0.0,0.0,
432.0,452.8500061035156,427.3999938964844,449.8500061035156,445.5700012207032,446.60499877929686,0.0,0.0,0.0,0.0,-0.0320412013983793,0.0413194585729528,0.0482639030173972,-0.0106481622766565,2.0,0.6591,0.0,0.0,
440.5,449.8999938964844,426.3500061035156,433.0,443.45,446.725,0.0,0.0,0.0,0.0,0.0196759259259259,-0.0170261066969352,0.0213393732042777,-0.0321225741123368,2.0,0.6591,1.0,1.0,
441.9500122070313,446.5,439.5499877929688,441.6499938964844,441.75,445.85500183105466,442.2566670735677,0.0,0.0,0.0,0.0032917416731696,-0.0006788512326283,0.0102952543665442,-0.0054305336526118,2.0,0.6591,1.0,1.0,
432.0499877929688,454.1000061035156,426.5499877929688,440.1499938964844,438.55999755859375,443.4399993896485,442.40333251953126,0.0,0.0,0.0,-0.0224007786867643,0.0187478447688256,0.0510358035726015,-0.0127300084605846,2.0,0.6591,0.0,0.0,
433.7999877929688,453.2999877929688,415.0,415.0,436.05999755859375,442.0949981689453,442.6366658528646,0.0,0.0,0.0,0.0040504572374587,-0.0433379168326326,0.0449515918596714,-0.0433379168326326,2.0,0.6591,1.0,1.0,
434.2999877929688,448.0,425.1000061035156,436.2000122070313,436.5199951171875,441.0449981689453,443.2433308919271,0.0,0.0,0.0,0.0011526049194787,0.0043749124279695,0.0315450439606321,-0.0211834721345623,2.0,0.6591,1.0,1.0,
427.2999877929688,438.7000122070313,423.7999877929688,437.2000122070313,433.8799926757813,438.6649963378906,442.4433308919271,0.0,0.0,0.0,-0.0161178913118848,0.0231687917081315,0.0266792060372955,-0.008190966768049,2.0,0.6591,0.0,0.0,
439.6000061035156,442.9500122070313,426.0,432.7000122070313,433.4099914550781,437.5799957275391,441.7066650390625,440.0449981689453,0.0,0.0,0.0287854403508814,-0.0156960732499616,0.007620577927669,-0.0309372291052997,2.0,0.6591,1.0,1.0,
434.2000122070313,445.7000122070313,430.0,435.0499877929688,433.8399963378906,436.1999969482422,440.2399983723959,440.2624984741211,0.0,0.0,-0.0122838803946986,0.0019575669323845,0.0264854898127377,-0.0096729896106696,2.0,0.6591,0.0,0.0,0.0
433.7999877929688,437.8999938964844,432.0,437.2000122070313,433.8399963378906,434.9499969482422,439.3433308919271,440.437498474121,0.0,0.0,-0.0009212906559564,0.0078377697319926,0.00945137440961,-0.0041493495703549,2.0,0.6591,0.0,0.0,0.0
430.7000122070313,441.8999938964844,430.0,436.2000122070313,433.1200012207031,434.8199981689453,438.40333251953126,440.7124984741211,0.0,0.0,-0.0071460942212312,0.0127699090878043,0.0260041359926161,-0.0016252894989349,2.0,0.6591,0.0,0.0,0.0
416.8999938964844,433.0,415.3999938964844,425.0,431.0400024414063,432.4599975585937,436.1233317057292,439.5924987792969,0.0,0.0,-0.0320409053155851,0.019429134617658,0.0386183889163433,-0.0035979851810035,2.0,0.6591,0.0,0.0,0.0
416.8999938964844,433.0,415.3999938964844,425.0,431.0400024414063,432.4599975585937,436.1233317057292,439.5924987792969,0.0,0.0,-0.0320409053155851,0.019429134617658,0.0386183889163433,-0.0035979851810035,2.0,0.6591,0.0,0.0,0.0
414.8500061035156,421.1000061035156,413.7999877929688,420.0,426.0900024414062,429.7499969482422,433.7499979654948,437.80249938964846,437.2539990234375,0.0,-0.0049172171335597,0.0124141106923336,0.0150656861710167,-0.0025310794144832,2.0,0.675,0.0,0.0,0.0
419.3500061035156,423.3500061035156,412.8500061035156,420.3999938964844,423.1200012207031,428.47999877929686,431.8399983723958,435.9599990844727,436.8339990234375,0.0,0.0108472940431321,0.0025038458988588,0.0095385714600719,-0.0155001786226169,2.0,0.68295,1.0,1.0,1.0
418.1499938964844,423.8999938964844,415.2000122070313,423.0,419.9900024414063,426.9149993896484,429.9633321126302,434.5049987792969,436.3479992675781,0.0,-0.0028616005474315,0.0115987233631678,0.0137510464759769,-0.0070548409243392,2.0,0.686925,0.0,0.0,0.0
415.9500122070313,423.5499877929688,413.0,418.0,417.0400024414063,425.0800018310547,428.89333292643227,433.0625,435.9779992675781,0.0,-0.0052612261666031,0.004928447488417,0.0182713676232679,-0.0070922277207746,2.0,0.6889125,0.0,0.0,0.0
406.1499938964844,421.2000122070313,404.0,420.0,414.89000244140624,422.9650024414062,426.6033325195313,430.8149993896485,434.6519995117188,0.0,-0.0235605674310428,0.0341007172513847,0.0370553207847215,-0.0052935957867633,2.0,0.6899062499999999,0.0,0.0,0.0
401.0499877929688,411.5,392.0,411.5,412.1299987792969,419.1100006103516,423.8766642252604,428.3449981689453,432.6679992675781,433.06666564941406,-0.0125569523086474,0.0260566326520517,0.0260566326520517,-0.0225657351163929,2.0,0.690403125,0.0,0.0,0.0
395.8500061035156,403.5499877929688,393.3500061035156,402.0499877929688,407.42999877929685,415.275,421.4633321126302,425.7374984741211,430.2539990234375,431.9333323160808,-0.0129659190817317,0.0156624519233474,0.0194517659990627,-0.0063155234595253,2.0,0.6906515625,0.0,0.0,0.0
394.9500122070313,403.5,389.0,401.0,402.7900024414063,411.39000244140624,418.8733337402344,423.1699996948242,428.1619995117188,430.7549997965495,-0.0022735730266706,0.0153183633522648,0.0216482783357578,-0.0150652285685011,2.0,0.6907757812499999,0.0,0.0,0.0
382.8999938964844,402.1499938964844,381.0499877929688,397.6000061035156,396.17999877929685,406.6100006103516,415.4466674804688,420.7149993896484,425.68599975585937,429.3449991861979,-0.0305102365821179,0.0383912573553222,0.0502742238361177,-0.0048315647244846,2.0,0.6908378906249999,0.0,0.0,0.0
408.3500061035156,423.2000122070313,373.2999877929688,382.0,396.6200012207031,405.7550018310547,414.18333536783854,419.1074996948242,423.9759997558594,428.3133331298829,0.0664664732638036,-0.0645279924321489,0.0363658770210748,-0.0858332748540765,2.0,0.6908689453124999,1.0,1.0,1.0
387.6000061035156,412.7999877929688,383.3999938964844,412.2999877929688,393.9300048828125,403.0300018310547,410.7166687011719,416.3899993896485,421.4619995117188,426.2116668701172,-0.0508142517199814,0.0637254419517643,0.0650154316115336,-0.0108359446359491,2.0,0.69088447265625,0.0,0.0,0.0
389.8500061035156,393.4500122070313,387.2999877929688,390.8999938964844,392.7300048828125,400.0800018310547,407.76000162760414,414.2800003051758,419.13599975585936,424.0,0.0058049534689612,0.0026933122393999,0.0092343364041393,-0.0065410241647393,2.0,0.6908922363281249,1.0,1.0,1.0
387.5,392.0499877929688,386.2000122070313,389.6499938964844,391.2400024414063,397.01500244140624,404.6733357747396,411.96500091552736,416.7840002441406,422.0083333333333,-0.0060279750332789,0.005548371345766,0.0117419039818549,-0.0033548072076612,2.0,0.6908961181640625,0.0,0.0,0.0
402.1499938964844,405.7000122070313,388.8999938964844,389.0,395.0900024414062,395.63500061035154,402.7700012207032,410.3575012207031,415.59,420.5866668701172,0.0378064358618951,-0.0326992268955976,0.0088275975741047,-0.0329479055106255,2.0,0.6908980590820313,1.0,1.0,1.0
397.1000061035156,405.2999877929688,395.5,404.7999877929688,392.8400024414062,394.73000183105466,401.4500020345052,408.8475021362305,413.8540002441407,418.7866668701172,-0.0125574732552865,0.0193905353087451,0.0206496639723434,-0.0040292270937375,2.0,0.6908990295410156,0.0,0.0,0.0
400.25,403.2000122070313,394.6000061035156,397.0,395.3700012207031,394.6500030517578,400.4766682942709,406.8800018310547,412.18599975585937,417.1133331298828,0.0079324952104464,-0.0081199250468456,0.0073704240025764,-0.0141161621398735,2.0,0.6908995147705077,1.0,1.0,1.0
391.7000122070313,405.0,389.0,405.0,395.7400024414063,394.23500366210936,398.6333353678385,404.7550018310547,410.5720007324219,415.2366668701172,-0.0213616184708775,0.0339545248365709,0.0339545248365709,-0.0068930613298121,2.0,0.6908997573852538,0.0,0.0,0.0
388.1499938964844,392.0,384.6000061035156,391.0,395.8700012207031,393.5550018310547,396.6333353678385,402.4725021362305,408.7460009765625,413.2983337402344,-0.0090631049270188,0.0073425380608809,0.0099188616876351,-0.0091459174257142,2.0,0.6908998786926268,0.0,0.0,0.0
380.0,394.9500122070313,380.0,394.9500122070313,391.4400024414063,393.26500244140624,394.2366678873698,399.9375015258789,406.5740014648438,411.56500040690105,-0.0209970218334149,0.0393421373869242,0.0393421373869242,0.0,2.0,0.6908999393463133,0.0,0.0,0.0
368.3999938964844,383.3999938964844,364.5499877929688,380.1000061035156,385.7,389.2700012207032,391.7200012207031,397.5125015258789,404.2180017089844,409.1616668701172,-0.0305263318513569,0.0317589913161584,0.0407166130524281,-0.0104506139177554,2.0,0.6908999696731566,0.0,0.0,0.0
360.8999938964844,373.5499877929688,360.0,369.8999938964844,377.8299987792969,386.6,389.0433349609375,394.8150009155273,401.0700012207032,406.459999593099,-0.020358306526214,0.0249376562820931,0.0350512444179003,-0.0024937487162787,2.0,0.6908999848365782,0.0,0.0,0.0
364.9500122070313,387.2000122070313,359.75,362.0499877929688,372.47999877929686,384.1100006103516,386.98333536783855,392.0950012207031,398.3000012207031,404.2233337402344,0.0112219960627334,-0.007946360644091,0.0609672537492007,-0.0142485601674164,2.0,0.690899992418289,1.0,1.0,1.0
363.3500061035156,370.6000061035156,361.3999938964844,368.3999938964844,367.5200012207032,381.6950012207032,384.8766682942708,389.35500183105466,395.482001953125,401.8750010172526,-0.0043841787916093,0.0138984111962008,0.0199532128201878,-0.0053667598026011,2.0,0.6908999962091444,0.0,0.0,0.0
358.95001220703125,372.3500061035156,353.1000061035156,365.0,363.31000366210935,377.3750030517578,383.2800028483073,386.5050018310547,392.612001953125,399.3633351643881,-0.0121095192584938,0.0168546805605882,0.0373310863373246,-0.0162975509251174,2.0,0.6908999981045723,0.0,0.0,0.0
355.1000061035156,363.7000122070313,352.0,363.0,360.6500061035157,373.1750030517578,379.73000284830727,383.95250244140624,390.14000244140624,396.9566691080729,-0.0107257444562923,0.0222472367240158,0.0242185467634394,-0.008729952267621,2.0,0.6908999990522862,0.0,0.0,0.0
365.4500122070313,373.8500061035156,355.1000061035156,356.8500061035156,361.560009765625,369.69500427246095,378.2533365885417,382.17250366210936,388.1640026855469,394.4850026448568,0.0291467359211998,-0.0235326469181881,0.0229853430452908,-0.0283212635320757,2.0,0.6908999995261431,1.0,1.0,1.0
375.8999938964844,379.0,365.2999877929688,366.0,363.7500061035156,368.1150024414063,377.3233357747396,381.1750030517578,386.4260021972656,392.5416687011719,0.0285948319616777,-0.0263367758904796,0.00824689053964,-0.0281990057877858,2.0,0.6908999997630716,1.0,1.0,1.0
366.1000061035156,379.0,363.4500122070313,376.0,364.3000061035156,365.9100036621094,375.896669514974,379.7325027465821,384.34400268554685,390.2850026448568,-0.026070731450098,0.0270417747375975,0.0352362569828443,-0.0072384426449179,2.0,0.6909,0.0,0.0,0.0
366.1000061035156,379.0,363.4500122070313,376.0,364.3000061035156,365.9100036621094,375.896669514974,379.7325027465821,384.34400268554685,390.2850026448568,-0.026070731450098,0.0270417747375975,0.0352362569828443,-0.0072384426449179,2.0,0.6909,0.0,0.0,0.0
353.8500061035156,369.4500122070313,350.1499938964844,369.4500122070313,363.2800048828125,363.2950042724609,372.676670328776,378.2800033569336,381.8600024414063,387.7233357747396,-0.0334608025014243,0.0440864938093346,0.0440864938093346,-0.0104564423999157,2.0,0.7055499999999999,0.0,0.0,0.0
348.75,357.20001220703125,342.04998779296875,355.0,362.0100036621094,361.3300048828125,369.4533365885417,375.3000030517578,379.5640026855469,385.45166931152346,-0.0144129038167196,0.017921146953405,0.0242294256832438,-0.0192115045362902,2.0,0.7128749999999999,0.0,0.0,0.0
345.25,355.5,343.0,348.1000061035156,357.9700012207031,359.76500549316404,365.786669921875,373.182502746582,377.3320031738281,383.1316691080729,-0.0100358422939068,0.0082549054410301,0.0296886314265025,-0.0065170166545981,2.0,0.7165374999999999,0.0,0.0,0.0
347.8500061035156,355.8500061035156,345.1499938964844,348.20001220703125,352.36000366210936,358.0550048828125,362.8633361816407,371.082502746582,375.4120031738281,380.7483357747396,0.007530792479408,0.0010061983538143,0.0229984184551639,-0.0077620013214194,2.0,0.71836875,1.0,1.0,1.0
358.25,367.5499877929688,349.04998779296875,349.70001220703125,350.7900024414063,357.5450042724609,360.8700032552084,369.620002746582,373.9440026855469,378.7516693115234,0.0298979264453123,-0.0238659812783496,0.0259594913969818,-0.0256804248626133,2.0,0.719284375,1.0,1.0,1.0
364.0499877929688,372.3999938964844,355.95001220703125,360.0,352.8299987792969,358.0550018310547,359.8066691080729,367.7150024414062,373.1900024414063,377.02166849772135,0.0161897775100314,-0.0111248123300911,0.0229364273684968,-0.0222496246601823,2.0,0.7197421875,1.0,1.0,1.0
375.5,378.1499938964844,365.0499877929688,365.0499877929688,358.17999877929685,360.0950012207031,360.2800028483073,366.63500213623047,371.8760021972656,376.0000020345052,0.031451758250141,-0.0278295930946238,0.0070572407363098,-0.0278295930946238,2.0,0.7199710937499999,1.0,1.0,1.0
403.0499877929688,411.9500122070313,374.4500122070313,378.7000122070313,369.7399963378906,363.85499877929686,363.0900024414062,366.7750015258789,372.4940014648437,376.0666687011719,0.0733688090358688,-0.0604142819089853,0.0220816888316941,-0.0709588796728315,2.0,0.7200855468749999,1.0,1.0,1.0
407.2000122070313,412.0,400.1000061035156,403.4500122070313,381.60999755859376,366.9850006103516,365.9066691080729,367.5500015258789,373.1880017089844,376.44500223795575,0.0102965501544543,-0.0092092335156743,0.0117877889220894,-0.0174361637786636,2.0,0.7201427734374999,1.0,1.0,1.0
405.3999938964844,417.0,402.1000061035156,403.0,391.0399963378906,370.9149993896484,368.7100016276042,368.4125015258789,373.90400146484376,376.7933349609375,-0.0044204770544842,-0.0059200639679762,0.0286137303358657,-0.0081400785462552,2.0,0.7201713867187499,0.0,0.0,0.0
409.1000061035156,411.7000122070313,402.25,405.0,400.05,376.4399993896485,372.0533345540365,369.8675018310547,374.182001953125,377.6666687011719,0.0091268186056658,-0.0100220142809731,0.0063554291486804,-0.0167440870235097,2.0,0.7201856933593749,1.0,1.0,1.0
408.8999938964844,413.6000061035156,401.7999877929688,408.0499877929688,406.72999877929686,382.4549987792969,375.640000406901,371.8925018310547,374.65400146484376,377.68500162760415,-0.0004889078563852,-0.0020787628178121,0.0114942828984758,-0.0173636737820862,2.0,0.7201928466796874,0.0,0.0,0.0
417.7999877929688,421.5,405.1000061035156,409.6499938964844,409.67999877929685,389.7099975585937,379.1299987792969,374.7375015258789,375.3560009765625,378.69166768391926,0.0217656982864555,-0.0195069270813931,0.00885594139573,-0.030397276353551,2.0,0.7201964233398437,1.0,1.0,1.0
420.9500122070313,426.8500061035156,417.8500061035156,419.8999938964844,412.42999877929685,397.0199981689453,382.1333333333333,377.5375015258789,376.5260009765625,379.7283345540365,0.0075395512352753,-0.0024944014255793,0.0140159014737897,-0.0073643093327456,2.0,0.7201982116699218,1.0,1.0,1.0
423.2999877929688,424.3999938964844,417.0,417.0,416.00999755859374,403.5249969482422,385.9466654459636,380.5350006103516,377.9320007324219,380.9216674804687,0.0055825526019506,-0.0148830332498143,0.002598644307199,-0.0148830332498143,2.0,0.7201991058349608,1.0,1.0,1.0
426.3999938964844,429.3999938964844,420.75,423.0,419.4699951171875,409.75999755859374,390.7833312988281,383.9074996948242,379.7880004882812,381.73000081380206,0.0073234259223078,-0.0079737193835649,0.0070356473802584,-0.0132504549187587,2.0,0.7201995529174804,1.0,1.0,1.0
427.3999938964844,430.9500122070313,424.6499938964844,425.3500061035156,423.1699951171875,414.9499969482422,396.0266642252604,387.5224990844727,382.1480004882813,382.74000040690106,0.0023452157934194,-0.0047964151198964,0.0083060794600915,-0.0064342537184641,2.0,0.7201997764587402,1.0,1.0,1.0
430.25,436.0,423.7999877929688,428.25,425.6599975585938,417.6699981689453,401.6933308919271,390.7624984741211,384.92200073242185,383.74000040690106,0.0066682408615239,-0.0046484601975596,0.0133643230679836,-0.014991312509079,2.0,0.7201998882293701,1.0,1.0,1.0
436.8500061035156,439.4500122070313,427.0,431.8500061035156,428.8399963378906,420.63499755859374,407.6266642252604,393.8099990844727,387.7980004882813,385.2450002034505,0.0153399328379212,-0.0114455761248523,0.0059517135565738,-0.0225477989376096,2.0,0.720199944114685,1.0,1.0,1.0
430.25,440.2999877929688,427.1000061035156,437.5,430.22999877929686,423.1199981689453,412.4266642252604,397.0174987792969,390.4740002441406,386.6483337402344,-0.0151081744564556,0.0168506682161533,0.0233584841207872,-0.0073213106251815,2.0,0.7201999720573424,0.0,0.0,0.0
428.8500061035156,432.4500122070313,424.3500061035156,431.0,430.7200012207031,425.0949981689453,416.7466654459635,400.7674987792969,393.27,388.2766672770183,-0.0032539079523169,0.0050133936478606,0.0083945576595063,-0.0104931792840263,2.0,0.7201999860286712,0.0,0.0,0.0
430.0499877929688,436.4500122070313,425.0,428.0,431.25,427.2099975585937,420.3833312988281,404.8324981689453,396.26799926757815,390.3316670735677,0.0027981384455512,-0.0047668593213764,0.0148820476589421,-0.0117427925504322,2.0,0.7201999930143356,1.0,1.0,1.0
430.7000122070313,433.7000122070313,428.0,431.0,431.3400024414062,428.5,422.2266662597656,409.10499877929686,398.8779992675781,392.658334350586,0.0015115089699187,0.000696512153393,0.0069654049569842,-0.0062688928035911,2.0,0.7201999965071677,1.0,1.0,1.0
436.1000061035156,441.4500122070313,426.6499938964844,430.25,431.1900024414063,430.0149993896485,424.15333251953126,413.5174987792969,401.2859997558594,395.0300008138021,0.0125377147514188,-0.013414368313783,0.0122678423036888,-0.0216693695821414,2.0,0.7201999982535838,1.0,1.0,1.0
457.5499877929688,461.0,436.1499938964844,439.9500122070313,436.65,433.4399993896485,427.6299987792969,418.4824981689453,404.9439990234375,398.1700002034505,0.0491859238460125,-0.0384656891170132,0.00754018642569,-0.0467708326246691,2.0,0.7201999991267919,1.0,1.0,1.0
454.9500122070313,461.3500061035156,447.5499877929688,456.0,441.8700012207031,436.2950012207031,430.68666585286456,423.0274993896484,408.9879992675781,401.3700002034505,-0.0056823858710579,0.0023079190346102,0.014067466149604,-0.0162655769106673,2.0,0.7201999995633959,0.0,0.0,0.0
456.7999877929688,460.3999938964844,451.25,457.6499938964844,447.2200012207031,439.2350006103516,433.8799987792969,427.0924987792969,413.3099987792969,404.7599995930989,0.004066327148697,0.0018607839891204,0.007880924255075,-0.0121497109047299,2.0,0.7201999997816979,1.0,1.0,1.0
459.2999877929688,464.0,453.5,459.7000122070313,452.93999633789065,442.1399993896485,436.6466654459636,429.9049987792969,417.8719982910157,407.8883321126302,0.0054728547872314,0.0008709436636058,0.0102329900543123,-0.0126278857982097,2.0,0.7201999998908489,1.0,1.0,1.0
455.1000061035156,466.4500122070313,452.6000061035156,458.5,456.7399963378906,443.9649993896484,438.92333170572914,432.2999984741211,422.1619982910156,410.52833251953126,-0.0091443104748051,0.0074708720080989,0.0249395867969599,-0.0054932981025523,2.0,0.7201999999454245,0.0,0.0,0.0
445.0499877929688,454.2999877929688,441.8500061035156,454.2999877929688,454.2399963378906,445.4449981689453,440.3733317057292,434.2824981689453,425.6339978027344,413.1599985758464,-0.0220830986063773,0.0207841821227123,0.0207841821227123,-0.0071901624024798,2.0,0.7201999999727122,0.0,0.0,0.0
436.25,450.75,435.0,448.1000061035156,450.4999938964844,446.18499755859375,441.0299987792969,435.6399978637695,428.5219982910156,415.9066650390625,-0.0197730323207252,0.0271633377731017,0.0332378223495701,-0.0028653295128939,2.0,0.7201999999863561,0.0,0.0,0.0
432.2000122070313,439.5,429.1499938964844,439.5,445.5799987792969,446.4,441.35,436.80499877929685,430.78999877929687,418.68833211263023,-0.0092836396400429,0.0168902998306068,0.0168902998306068,-0.0070569602600701,2.0,0.7202,0.0,0.0,0.0
432.2000122070313,439.5,429.1499938964844,439.5,445.5799987792969,446.4,441.35,436.80499877929685,430.78999877929687,418.68833211263023,-0.0092836396400429,0.0168902998306068,0.0168902998306068,-0.0070569602600701,2.0,0.7202,0.0,0.0,0.0
448.25,452.9500122070313,415.2000122070313,415.2000122070313,443.3700012207031,448.1549987792969,442.55,438.3274993896485,432.5979992675781,422.1216654459635,0.0371355560843448,-0.0737311495660206,0.0104852475338119,-0.0737311495660206,2.0,0.47075,1.0,1.0,1.0
454.8500061035156,458.5,438.0,455.5,443.3200012207032,450.0299987792969,443.75,440.0224990844727,434.5039990234375,425.68833211263023,0.0147239399966885,0.0014290291035776,0.0080246099758294,-0.037045192651225,2.0,0.346025,1.0,1.0,1.0
465.9500122070313,476.7999877929688,450.7000122070313,456.9500122070313,447.5000061035156,450.8700012207031,446.1300008138021,442.1550003051758,436.9259997558594,429.27833251953126,0.0244036626460756,-0.019315376680366,0.0232857072683509,-0.0327288327083981,2.0,0.2836625,1.0,1.0,1.0
440.3999938964844,465.0,432.6499938964844,465.0,448.3300048828125,449.4149993896484,446.9,442.8550003051758,438.1779992675781,431.8233327229818,-0.0548342475398293,0.0558583252598723,0.0558583252598723,-0.0175976387543311,2.0,0.25248125,0.0,0.0,0.0
448.7000122070313,449.7000122070313,440.8500061035156,443.5,451.6300048828125,448.60500183105466,448.1433349609375,443.9200012207031,439.77,434.2633331298828,0.0188465450172049,-0.011589061880016,0.0022286605143628,-0.0174949986404137,2.0,0.236890625,1.0,1.0,1.0
426.6499938964844,443.8999938964844,422.6000061035156,443.8999938964844,447.31000366210935,445.3400024414062,447.8733337402344,443.7400009155273,440.12400024414063,435.05,-0.0491420051496966,0.0404312674247577,0.0404312674247577,-0.0094925298275085,2.0,0.2290953124999999,0.0,0.0,0.0
432.8999938964844,436.9500122070313,426.2000122070313,429.6000061035156,442.9200012207031,443.1200012207031,447.659999593099,443.5425003051758,440.6019995117188,435.9066660563151,0.0146490099365064,-0.0076229795322146,0.00935555178482,-0.0154769733978218,2.0,0.22519765625,1.0,1.0,1.0
442.5499877929688,450.0,432.0499877929688,436.7000122070313,438.2399963378906,442.8700012207031,446.659999593099,444.1574996948242,441.37199951171874,437.14499918619794,0.022291508506678,-0.0132187905260415,0.0168342840640105,-0.0237261332948268,2.0,0.223248828125,1.0,1.0,1.0
439.0499877929688,447.2999877929688,437.7000122070313,442.7000122070313,437.9699951171875,443.15,445.5999979654948,444.66749877929686,441.8779992675781,438.14333190917966,-0.0079087110982756,0.0083134597780325,0.0187905710724907,-0.0030747651143862,2.0,0.2222744140624999,0.0,0.0,0.0
441.7000122070313,443.6000061035156,434.9500122070313,439.0499877929688,436.5699951171875,444.1,444.5933329264323,445.25,442.45,439.2366658528646,0.0060358147995487,-0.0059996023111278,0.0043015482091357,-0.0152818650972464,2.0,0.22178720703125,1.0,1.0,1.0
454.5,457.5,440.0,444.7999877929688,442.1399963378906,444.725,444.2733337402344,446.4399993896485,443.42,440.459999593099,0.0289789165479334,-0.0213421610715759,0.0066006600660066,-0.0319031903190318,2.0,0.221543603515625,1.0,1.0,1.0
446.9500122070313,459.6000061035156,444.5499877929688,456.7999877929688,444.95,443.9350006103516,443.73000081380206,446.9824996948242,443.8240002441406,441.3266662597656,-0.016611634307962,0.0220382040875186,0.0283029277346227,-0.0053697826345529,2.0,0.2214218017578125,0.0,0.0,0.0
449.5499877929688,452.7000122070313,443.5499877929688,450.0,446.35,442.2949981689453,444.0300008138021,446.5824996948242,444.5959997558594,442.2016662597656,0.0058171507213946,0.0010010281820727,0.0070070615050559,-0.0133466803757609,2.0,0.2213609008789062,1.0,1.0,1.0
460.0499877929688,462.5499877929688,447.0499877929688,449.5,450.55,444.25999755859374,445.6166666666667,446.8374984741211,445.8439990234375,443.3233327229818,0.0233566906575817,-0.0229322640428293,0.0054341920798508,-0.028257798815224,2.0,0.2213304504394531,1.0,1.0,1.0
455.5,460.5499877929688,453.0,460.0,453.30999755859375,444.93999633789065,447.1699991861979,446.7724990844727,446.8619995117188,444.2599995930989,-0.0098902030511874,0.0098792535675082,0.0110866910932354,-0.0054884742041712,2.0,0.2213152252197265,0.0,0.0,0.0
451.0,458.5,437.5,458.5,452.60999755859376,447.3749969482422,447.3533325195313,446.3574996948242,447.6739990234375,444.9516662597656,-0.0098792535675082,0.0166297117516629,0.0166297117516629,-0.0299334811529933,2.0,0.2213076126098632,0.0,0.0,0.0
457.2999877929688,463.5,451.1000061035156,453.3999938964844,454.6799926757813,449.81499633789065,447.5166646321615,446.4674987792969,448.5219982910156,445.6333323160807,0.0139689308048087,-0.0085283052713528,0.0135578665482889,-0.0135577998140249,2.0,0.2213038063049316,1.0,1.0,1.0
477.5499877929688,480.9500122070313,457.2999877929688,457.2999877929688,460.2799926757813,453.31499633789065,448.2899963378906,448.0924987792969,449.3219982910156,447.2099985758463,0.0442816543637602,-0.042403937844469,0.0071197246382017,-0.042403937844469,2.0,0.2213019031524658,1.0,1.0,1.0
474.7000122070313,501.0,472.5499877929688,481.2999877929688,463.2099975585937,456.8799987792969,450.5766642252604,450.0149993896485,450.11199829101565,448.7383321126302,-0.0059679104989801,0.0139034662233357,0.055403385541727,-0.004529227635926,2.0,0.2213009515762329,0.0,0.0,0.0
469.7999877929688,476.9500122070313,465.0,476.9500122070313,466.0699951171875,459.68999633789065,451.9833292643229,451.8949981689453,450.6319982910156,450.06333211263023,-0.0103223599916939,0.0152192945931139,0.0152192945931139,-0.0102170879474011,2.0,0.2213004757881164,0.0,0.0,0.0
466.75,473.7999877929688,465.0499877929688,473.7999877929688,469.2199951171875,460.9149963378906,454.6566630045573,452.8199981689453,450.92999877929685,451.26499837239584,-0.0064920984934397,0.0151044194814542,0.0151044194814542,-0.0036422329020487,2.0,0.2213002378940582,0.0,0.0,0.0
461.8500061035156,470.9500122070313,460.6000061035156,467.5,470.1299987792969,462.4049957275391,456.5866638183594,453.1699981689453,451.1999987792969,452.1233317057292,-0.0104981122581347,0.0122333957384814,0.0197033798489894,-0.0027065064057179,2.0,0.2213001189470291,0.0,0.0,0.0
454.3999938964844,468.0,451.75,468.0,465.5,462.8899963378906,457.3766642252604,452.592497253418,451.5739990234375,452.01833190917966,-0.016130804608805,0.0299295912988366,0.0299295912988366,-0.005831852843484,2.0,0.2213000594735145,0.0,0.0,0.0
452.7000122070313,461.0,450.0499877929688,456.7999877929688,461.1,462.1549987792969,458.2866658528646,453.2074981689453,452.2319995117188,451.9433319091797,-0.003741156937252,0.0090567163140753,0.0183344103582063,-0.0058538200631869,2.0,0.2213000297367572,0.0,0.0,0.0
451.6499938964844,455.9500122070313,449.3999938964844,454.5,457.4700012207031,461.7699981689453,458.9499979654948,453.354997253418,453.0099987792969,451.7716654459636,-0.0023194572172149,0.0063102095472824,0.0095206871884347,-0.0049817337106301,2.0,0.2213000148683786,0.0,0.0,0.0
447.5,456.0,444.8999938964844,456.0,453.6200012207031,461.4199981689453,458.48333129882815,454.3974975585937,452.97999877929686,451.3783325195312,-0.0091885175524557,0.0189944134078212,0.0189944134078212,-0.0058100695050627,2.0,0.2213000074341893,0.0,0.0,0.0
446.8500061035156,455.5,443.0499877929688,454.9500122070313,450.6200012207031,460.375,458.4766642252605,455.0949981689453,452.65999877929687,451.1033325195313,-0.0014525003273393,0.0181269016289085,0.0193577123829793,-0.0085040131109824,2.0,0.2213000037170946,0.0,0.0,0.0
440.6000061035156,450.5,436.9500122070313,445.1000061035156,447.86000366210936,456.6800018310547,457.8799987792969,454.9974990844727,451.64599853515625,450.9549997965495,-0.0139867962730924,0.0102133452965562,0.0224693457996876,-0.008284143998915,2.0,0.2213000018585473,0.0,0.0,0.0
440.1000061035156,445.8500061035156,435.6000061035156,440.6000061035156,445.3400024414062,453.2200012207031,456.55,455.05,451.6339990234375,451.0833333333333,-0.0011348161440618,0.001136105414828,0.013065212270521,-0.0102249487334511,2.0,0.2213000009292736,0.0,0.0,0.0
444.0,446.3500061035156,439.0,442.25,443.81000366210935,450.64000244140624,455.78333333333336,455.1649993896484,451.44599853515626,451.4766662597656,0.0088616083671833,-0.0039414414414414,0.0052928065394495,-0.0112612612612612,2.0,0.2213000004646368,1.0,1.0,1.0
443.6499938964844,452.2999877929688,440.1000061035156,446.0,443.0400024414063,448.3300018310547,455.2933329264323,454.6224990844727,452.1259985351562,451.3233327229818,-0.0007883020349451,0.0052969821612665,0.0194973380265675,-0.0080017758183426,2.0,0.2213000002323184,0.0,0.0,0.0
454.6000061035156,458.1000061035156,441.5,442.0,444.5900024414062,447.60500183105466,455.1133341471354,455.0049987792969,452.9939990234375,451.3149993896485,0.0246816462474384,-0.0277166870531156,0.0076990760074979,-0.0288165550541867,2.0,0.2213000001161592,1.0,1.0,1.0
449.5,459.5,446.7000122070313,454.6000061035156,446.3700012207031,447.1150024414063,453.2433349609375,455.0024993896485,453.2719995117188,450.7666656494141,-0.0112186670370486,0.0113459535117144,0.0222469410456063,-0.0062291163358593,2.0,0.2213000000580796,0.0,0.0,0.0
443.0499877929688,451.2999877929688,441.2000122070313,449.2000122070313,446.9599975585937,446.15,451.1333333333333,454.1524993896484,453.43199951171874,450.85499877929686,-0.0143493041313264,0.0138811072870095,0.0186209236594203,-0.0041755459584889,2.0,0.2213000000290398,0.0,0.0,0.0
445.25,449.75,441.3500061035156,443.0,447.2099975585937,445.51000061035154,449.4966674804688,453.6399993896485,453.5739990234375,450.7399983723959,0.0049656071947784,-0.0050533408197641,0.0101066816395283,-0.0087591103795269,2.0,0.2213000000145198,1.0,1.0,1.0
446.7999877929688,456.1499938964844,443.1000061035156,449.6499938964844,447.8399963378906,445.4399993896485,448.1666666666667,453.42999877929685,453.26599853515626,451.411664835612,0.0034811629263756,0.0063787067622664,0.0209266033101327,-0.008281069361102,2.0,0.2213000000072599,1.0,1.0,1.0
444.3500061035156,451.0,442.0,449.8999938964844,445.7899963378906,445.1899993896485,447.0,452.7824996948242,453.1619982910156,451.7933319091797,-0.0054833969480508,0.0124901265145382,0.0149656662656492,-0.0052886374957495,2.0,0.2213000000036299,0.0,0.0,0.0
439.3999938964844,448.2999877929688,437.1499938964844,446.0,443.7699951171875,445.0699981689453,446.0,450.875,452.75599853515627,451.68833211263023,-0.0111398945404269,0.0150204965753151,0.0202548794267418,-0.0051206190970727,2.0,0.221300000001815,0.0,0.0,0.0
436.6000061035156,444.0,425.3500061035156,439.5,442.47999877929686,444.7199981689453,444.9266662597656,448.9699996948242,451.8179992675781,451.6066660563151,-0.0063722982063317,0.0066422213832877,0.0169491383257789,-0.0257672923562275,2.0,0.2213000000009075,0.0,0.0,0.0
436.6000061035156,450.0,435.0,450.0,440.75,443.97999877929686,443.9233337402344,447.3100006103516,451.06199951171874,451.43666585286456,0.0,0.0306916942491002,0.0306916942491002,-0.0036646955592031,2.0,0.2213000000004537,0.0,0.0,0.0
435.0499877929688,442.0,434.2000122070313,439.6499938964844,438.4,443.1199981689453,443.0933329264323,445.725,450.4239990234375,450.7883321126302,-0.0035502022191437,0.0105735116253,0.0159752037743732,-0.001953742350964,2.0,0.2213000000002268,0.0,0.0,0.0
442.3500061035156,452.3500061035156,432.0,432.0,438.0,441.8949981689453,442.7933329264323,444.75,449.82599975585936,450.6349985758464,0.0167797230556889,-0.0233977754282964,0.0226065329761968,-0.0233977754282964,2.0,0.2213000000001134,1.0,1.0,1.0
444.5499877929688,448.9500122070313,443.0,443.2999877929688,439.0299987792969,441.3999969482422,443.0566650390625,444.2574996948242,448.50599975585936,450.4683319091797,0.0049733958609651,-0.0028118322670658,0.0098977044986707,-0.0034866445518622,2.0,0.2213000000000567,1.0,1.0,1.0
436.5,444.7999877929688,435.0,444.7000122070313,439.00999755859374,440.7449981689453,442.8166646321615,443.4474990844727,446.9779992675781,449.6833323160808,-0.0181081723406046,0.0187858240710909,0.0190148632141322,-0.0034364261168384,2.0,0.2213000000000283,0.0,0.0,0.0
431.25,438.3999938964844,429.5,436.5,437.93999633789065,439.3449981689453,441.96666463216144,442.42749938964846,445.43599975585937,448.8749989827474,-0.0120274914089347,0.0121739130434783,0.0165796959918478,-0.0040579710144927,2.0,0.2213000000000141,0.0,0.0,0.0
431.5499877929688,436.0,427.6000061035156,432.0,437.2399963378906,437.8199981689453,441.1599975585938,441.6299987792969,444.0279992675781,448.226665242513,0.0006956238677536,0.0010427811835489,0.0103116958241373,-0.009153010777857,2.0,0.2213000000000071,1.0,1.0,1.0
431.1000061035156,437.0,428.5,432.5,434.9899963378906,436.4949981689453,439.5933308919271,440.8424987792969,442.7979992675781,447.3533325195313,-0.0010427104673421,0.003247492175048,0.0136859053884301,-0.006031097347958,2.0,0.2213000000000035,0.0,0.0,0.0
436.4500122070313,443.9500122070313,434.5,435.9500122070313,433.3700012207031,436.2,438.7233317057292,440.6349990844727,442.08,445.98333333333335,0.0124101276450248,-0.0011456065666526,0.0171840984997895,-0.0044678935788555,2.0,0.2213000000000017,1.0,1.0,1.0
430.75,437.0,426.1499938964844,436.0,432.2200012207031,435.61499938964846,437.90333251953126,440.16749877929686,441.2019995117187,444.51833292643227,-0.0130599428287504,0.012188044109112,0.0145095763203715,-0.0106790623413015,2.0,0.2213000000000008,0.0,0.0,0.0
437.9500122070313,439.8999938964844,431.1000061035156,433.6000061035156,433.56000366210935,435.75,437.4166666666667,439.86499938964846,440.6540002441406,443.4566670735677,0.0167150602600841,-0.0099326543721142,0.004452521144197,-0.0156410684155374,2.0,0.2213000000000004,1.0,1.0,1.0
440.75,445.0,435.5499877929688,436.0,435.4000061035157,436.3200012207032,437.0133341471354,439.7199996948242,440.3840002441406,442.590000406901,0.0063933958555185,-0.0107770845150312,0.0096426545660806,-0.0117980991651304,2.0,0.2213000000000002,1.0,1.0,1.0
438.8999938964844,442.6499938964844,434.2000122070313,441.4500122070313,436.9600036621094,435.975,436.65,438.9349990844727,440.06599975585937,441.825,-0.0041974046591392,0.0058100212941636,0.0085440876102733,-0.0107085480856981,2.0,0.2213000000000001,0.0,0.0,0.0
444.0499877929688,446.5499877929688,437.3999938964844,438.8999938964844,438.47999877929686,435.925,436.959999593099,438.6624984741211,440.2039990234375,441.4799997965495,0.0117338664117161,-0.0115977796150407,0.0056299967767718,-0.0149757776811038,2.0,0.2213,1.0,1.0,1.0
448.8999938964844,454.0,445.0,445.0,442.10999755859376,437.1649993896484,437.7799987792969,438.9549987792969,440.5559985351563,441.3533325195313,0.0109222074920467,-0.0086878902862799,0.0113611186742224,-0.0086878902862799,2.0,0.2213,1.0,1.0,1.0
450.5,453.8500061035156,446.7999877929688,449.0,444.6199951171875,439.0899993896484,438.7066650390625,439.2174987792969,440.81599853515627,441.3149993896485,0.0035642818562492,-0.0033296337402886,0.0074361955682922,-0.0082131236560072,2.0,0.2213,1.0,1.0,1.0
441.25,457.5,436.0,450.5,444.7199951171875,440.0600006103516,439.1199991861979,438.9399993896485,440.7199987792969,441.1066660563151,-0.0205327413984461,0.0209631728045325,0.0368271954674221,-0.0118980169971671,2.0,0.2213,0.0,0.0,0.0
446.4500122070313,450.0,440.2999877929688,441.25,446.22999877929686,441.5950012207031,439.39333292643227,439.0449996948242,440.3939990234375,441.0933329264323,0.0117847302142351,-0.011647467946803,0.0079515907624669,-0.0137753930919606,2.0,0.2213,1.0,1.0,1.0
450.0,453.0,443.0499877929688,446.4500122070313,447.4200012207031,442.95,439.7566670735677,439.575,440.4139990234375,441.4066660563151,0.007951590762467,-0.0078888617621527,0.0066666666666665,-0.0154444715711805,2.0,0.2213,1.0,1.0,1.0
447.9500122070313,453.7000122070313,445.1000061035156,451.0,447.2300048828125,444.6700012207031,440.5200012207032,440.14250030517576,440.61,441.6683329264323,-0.0045555284288194,0.0068087681880877,0.0128362536964112,-0.0063623306749647,2.0,0.2213,0.0,0.0,0.0
453.8500061035156,454.5,445.0,447.3999938964844,447.9000061035157,446.26000061035154,442.0266682942709,441.00500030517577,440.9540002441406,441.9966664632162,0.0131710988630524,-0.0142117706737677,0.0014321777850458,-0.0194998479332334,2.0,0.2213,1.0,1.0,1.0
436.8999938964844,464.9500122070313,416.1499938964844,454.0,447.0300048828125,445.875,442.3833353678385,441.0975006103516,440.55800048828127,441.77166646321615,-0.0373471675202869,0.0391394056818577,0.064202377437416,-0.0474937063169571,2.0,0.2213,0.0,0.0,0.0
436.8999938964844,464.9500122070313,416.1499938964844,454.0,447.0300048828125,445.875,442.3833353678385,441.0975006103516,440.55800048828127,441.77166646321615,-0.0373471675202869,0.0391394056818577,0.064202377437416,-0.0474937063169571,2.0,0.2213,0.0,0.0,0.0
444.0499877929688,449.0,426.7000122070313,430.0,446.55,446.3899993896485,443.2466674804688,441.1824996948242,440.5459997558594,441.4199991861979,0.016365287242779,-0.0316405543952392,0.0111474211082269,-0.0390721226503594,2.0,0.36065,1.0,1.0,1.0
443.0499877929688,450.0,436.1499938964844,448.0,445.1599975585938,446.2899993896484,443.68666585286456,441.1074996948242,440.69199951171873,441.2049987792969,-0.0022519987107087,0.0111725817479184,0.0156867450592932,-0.0155738496481093,2.0,0.430325,0.0,0.0,0.0
441.6000061035156,444.8999938964844,435.0,439.0,443.8899963378906,445.5600006103516,444.409999593099,441.3625,440.8919995117187,441.1566660563151,-0.0032727270723471,-0.0058876948994112,0.0074727983409383,-0.0149456657887103,2.0,0.4651625,0.0,0.0,0.0
443.1000061035156,444.7999877929688,439.2000122070313,441.0,441.7399963378906,444.8200012207032,444.7533325195312,441.95500030517576,441.1519995117188,441.084999593099,0.0033967390834872,-0.0047393502021867,0.0038365643557585,-0.0088016110195522,2.0,0.48258125,1.0,1.0,1.0
452.8999938964844,459.8999938964844,441.0,444.0,444.93999633789065,445.9850006103516,445.56333211263023,443.0225006103516,441.8659997558594,441.2883331298828,0.0221168757796841,-0.0196511239046706,0.0154559507492506,-0.0262751027972065,2.0,0.491290625,1.0,1.0,1.0
469.7999877929688,485.1000061035156,445.5499877929688,455.0,450.0899963378906,448.3199981689453,447.6233317057292,444.9574996948242,442.9639990234375,442.1366658528646,0.0373150676180999,-0.0315027419700376,0.0325670896298304,-0.0516177110048935,2.0,0.4956453125,1.0,1.0,1.0
469.5,479.0,465.0499877929688,473.0,455.3799987792969,450.2699981689453,449.3199991861979,446.60999908447263,443.9619995117188,443.1399993896485,-0.0006385436372147,0.0074547390841319,0.020234291799787,-0.0094781942641772,2.0,0.49782265625,0.0,0.0,0.0
479.7999877929688,488.7999877929688,468.0,469.9500122070313,463.0199951171875,453.4549957275391,451.3799987792969,449.062498474121,445.6939990234375,444.5799987792969,0.0219382061618077,-0.0205293368831591,0.0187578162338,-0.024593555842399,2.0,0.498911328125,1.0,1.0,1.0
510.2999877929688,520.7999877929688,483.0,483.0,476.4599914550781,459.0999938964844,455.3666646321615,452.679997253418,448.8559985351562,447.036664835612,0.0635681550145445,-0.0534979197452861,0.0205761321794502,-0.0534979197452861,2.0,0.4994556640624999,1.0,1.0,1.0
520.4500122070312,529.9000244140625,506.0499877929688,509.5,489.9699951171875,467.4549957275391,460.6466654459636,456.6649978637696,452.4119995117188,449.8833323160807,0.0198903089493712,-0.0210395080222909,0.0181573868486568,-0.0276684101764115,2.0,0.49972783203125,1.0,1.0,1.0
527.7999877929688,537.9500122070312,525.0,526.0999755859375,501.5699951171875,475.8299957275391,466.0699971516927,461.10999755859376,456.2799987792969,452.7316650390625,0.0141223468412826,-0.0032209402166528,0.0192308159318181,-0.0053050167823555,2.0,0.4998639160156249,1.0,1.0,1.0
526.4000244140625,539.0,514.7000122070312,528.0,512.95,484.1649993896484,471.1633321126302,465.2274993896484,459.8779992675781,455.459999593099,-0.0026524505708313,0.0030394671575451,0.0239361227233272,-0.022226465927798,2.0,0.4999319580078125,0.0,0.0,0.0
515.0499877929688,533.1500244140625,512.0,529.9500122070312,520.0,491.50999755859374,475.63666381835935,468.53499908447264,463.2499987792969,458.0783325195313,-0.02156161872091,0.0289292782588157,0.0351422911369319,-0.0059217316090778,2.0,0.4999659790039062,0.0,0.0,0.0
519.8499755859375,523.0,512.7999877929688,516.5499877929688,521.9099975585938,499.184994506836,480.0366617838542,472.0024978637695,466.5259973144532,461.0316650390625,0.009319460065492,-0.0063479618119617,0.0060594874713844,-0.0135615814640032,2.0,0.4999829895019531,1.0,1.0,1.0
528.5499877929688,532.8499755859375,517.2999877929688,524.3499755859375,523.5299926757813,506.7499938964844,486.1466613769532,476.367497253418,470.0379968261719,464.26499837239584,0.016735621074571,-0.0079462913707915,0.0081354420438526,-0.0212846471664409,2.0,0.4999914947509766,1.0,1.0,1.0
534.9000244140625,543.25,526.75,529.0,524.95,513.2599975585938,492.203330485026,480.7899978637696,473.877998046875,467.7249989827474,0.0120140701310185,-0.0110301442227928,0.0156103481114704,-0.0152365377492553,2.0,0.4999957473754883,1.0,1.0,1.0
527.3499755859375,542.5,524.0,534.4500122070312,525.139990234375,519.0449951171875,497.823329671224,484.6574966430664,477.2099975585937,470.7549977620443,-0.0141148784511562,0.0134636142027027,0.0287285960281487,-0.0063524713018434,2.0,0.4999978736877442,0.0,0.0,0.0
516.7000122070312,534.1500244140625,511.75,528.9500122070312,525.4699951171875,522.7349975585937,502.8299967447917,488.0949966430664,479.9219982910156,473.6199981689453,-0.0201952476949924,0.0237081473013236,0.0337720375358523,-0.0095800504936854,2.0,0.4999989368438721,0.0,0.0,0.0
528.2000122070312,531.0,517.5,520.5,527.1400024414063,524.525,508.503330485026,491.8124969482422,483.0299987792969,476.6283315022786,0.0222566280787935,-0.014577834208783,0.0053009991068899,-0.0202575008704037,2.0,0.499999468421936,1.0,1.0,1.0
520.7000122070312,534.2000122070312,518.1500244140625,530.0,525.5700073242188,524.55,513.0233317057292,496.0024978637695,486.20799926757815,479.2933319091797,-0.0141991666540521,0.017860548444295,0.0259266366113168,-0.0048972301386366,2.0,0.499999734210968,0.0,0.0,0.0
515.75,523.9500122070312,513.0999755859375,519.0499877929688,521.7400024414062,523.3450012207031,516.0866658528646,499.5874984741211,488.97999877929686,481.85499877929686,-0.0095064568676505,0.0063984251923776,0.0158991996258481,-0.0051381956646873,2.0,0.499999867105484,0.0,0.0,0.0
499.8999938964844,522.0,476.7000122070313,516.0,516.2500061035156,520.6949981689453,518.1133321126302,502.42999877929685,490.9759985351562,483.7166656494141,-0.0307319556054592,0.0322064538909545,0.0442088545175936,-0.0464092457945842,2.0,0.4999999335527419,0.0,0.0,0.0
491.9500122070313,509.3999938964844,490.1000061035156,499.9500122070313,511.3000061035156,518.3850006103515,518.9233337402344,504.9474990844727,492.7359985351562,485.1516662597657,-0.0159031442018768,0.0162618148216109,0.0354710463592986,-0.0037605570842776,2.0,0.499999966776371,0.0,0.0,0.0
504.1499938964844,517.0,495.7000122070313,495.7000122070313,506.4900024414063,516.8150024414062,518.5133341471354,507.999998474121,494.747998046875,486.9399993896485,0.0247992303826164,-0.0167608485406193,0.0254884583141621,-0.0167608485406193,2.0,0.4999999833881855,1.0,1.0,1.0
498.0,514.5999755859375,492.8999938964844,504.2999877929688,501.95,513.7600036621094,517.0166666666667,510.2549987792969,497.1919982910157,488.8316660563151,-0.0121987384130508,0.0126505778975276,0.0333332843091114,-0.0102409761114771,2.0,0.4999999916940927,0.0,0.0,0.0
488.1000061035156,501.6000061035156,485.0,499.3999938964844,496.4200012207031,509.0800018310547,514.3700012207031,511.1699996948242,498.9539990234375,490.2199991861979,-0.0198795058162336,0.0231509683500643,0.0276582664027604,-0.006351169974905,2.0,0.4999999958470463,0.0,0.0,0.0
497.8500061035156,502.0,481.75,488.0,496.0100036621094,506.1300048828125,512.4666666666667,512.5875,501.14599975585935,491.8149993896485,0.0199754146242158,-0.0197850878432399,0.0083358317678146,-0.0323390698124608,2.0,0.4999999979235232,1.0,1.0,1.0
483.6499938964844,501.1499938964844,480.1499938964844,497.8500061035156,494.35,502.8250030517578,510.3733337402344,512.7800003051758,502.82799926757815,493.0049987792969,-0.0285226715535656,0.0293601000438976,0.0361831907802019,-0.0072366381560403,2.0,0.4999999989617616,0.0,0.0,0.0
483.7000122070313,489.0,476.8999938964844,485.4500122070313,490.2600036621094,498.3750030517578,507.9633361816406,511.4500015258789,504.4519995117187,493.9999989827474,0.0001034184041726,0.0036179449159305,0.0109571793657516,-0.0140583380999302,2.0,0.4999999994808808,1.0,1.0,1.0
479.6000061035156,489.1499938964844,476.5,482.0,486.5800048828125,494.26500244140624,504.7000040690104,509.4075012207031,505.52,495.4233327229818,-0.0084763407071421,0.0050041573518377,0.0199124013165827,-0.0064637324104757,2.0,0.4999999997404404,0.0,0.0,0.0
479.4500122070313,486.0499877929688,474.2999877929688,478.25,484.8500061035156,490.6350036621094,501.0033365885417,506.9900024414063,505.9060009765625,496.6033335367839,-0.0003127479036186,-0.0025028932661974,0.0137657220104263,-0.0107415252538124,2.0,0.4999999998702202,0.0,0.0,0.0
492.1499938964844,514.0,476.6499938964844,477.7000122070313,483.7100036621094,489.86000366210936,498.65667114257815,505.27750091552736,506.8120007324219,498.24000040690106,0.0264886460863601,-0.0293609303437123,0.0443970463771079,-0.0314944634607883,2.0,0.4999999999351101,1.0,1.0,1.0
483.5,499.5499877929688,480.1499938964844,492.3500061035156,483.6800048828125,489.01500244140624,496.44333699544273,503.7000015258789,506.96000122070313,499.6366668701172,-0.0175759301102495,0.0183040457156475,0.0331954245976602,-0.0069286579183363,2.0,0.499999999967555,0.0,0.0,0.0
484.1499938964844,487.2999877929688,481.0,483.5,483.7700012207032,487.01500244140624,493.5066691080729,501.9150024414063,505.91400146484375,501.0049997965495,0.0013443513887991,-0.0013425465345009,0.0065062355389762,-0.0065062355389761,2.0,0.4999999999837775,1.0,1.0,1.0
489.0499877929688,490.8500061035156,479.2999877929688,483.9500122070313,485.6599975585938,486.1200012207031,491.3966674804688,499.9400024414063,504.6580004882812,502.209999593099,0.0101208178421087,-0.0104283318949728,0.0036806427880107,-0.0199366122960165,2.0,0.4999999999918887,1.0,1.0,1.0
490.1499938964844,506.75,484.6000061035156,487.9500122070313,487.7999938964844,486.325,489.69000040690105,497.70250091552737,503.15200073242187,502.8883331298828,0.0022492713034915,-0.0044883846105233,0.0338671963893186,-0.0113230396043642,2.0,0.4999999999959443,1.0,1.0,1.0
496.2000122070313,503.75,484.5,492.8999938964844,488.60999755859376,486.1600006103516,489.4433349609375,496.145002746582,501.9440002441406,503.7783335367839,0.012343197767793,-0.0066505808733635,0.0152156138799501,-0.0235792259556608,2.0,0.4999999999979722,1.0,1.0,1.0
495.5,506.0499877929688,493.0,500.0,491.00999755859374,487.3450012207031,489.6800008138021,495.08500213623046,501.16200073242186,504.3016672770182,-0.0014107460495973,0.0090817356205852,0.0212915999858098,-0.0050454086781028,2.0,0.4999999999989861,0.0,0.0,0.0
472.1000061035156,489.0,461.5499877929688,487.7999877929688,488.6,486.1850006103516,487.5433349609375,492.2800018310547,499.252001953125,503.02833455403646,-0.0472250129091511,0.0332556269571635,0.0357974871383051,-0.0223469988861504,2.0,0.499999999999493,0.0,0.0,0.0
481.8500061035156,485.0,470.5499877929688,472.4500122070313,487.1600036621094,486.4100006103516,486.4666687011719,490.3375015258789,497.3840026855469,501.7416676839193,0.0206524038846594,-0.0195081327745484,0.0065372913906482,-0.0234513192226032,2.0,0.4999999999997465,1.0,1.0,1.0
484.9500122070313,493.0,482.7999877929688,483.8999938964844,486.1200073242188,486.9600006103516,486.2566691080729,488.7975021362305,495.3860021972656,500.313335164388,0.0064335499932517,-0.0021652093702775,0.0165996238588237,-0.0044334969789517,2.0,0.4999999999998732,1.0,1.0,1.0
480.4500122070313,488.2000122070313,478.25,487.2000122070313,482.9700073242187,485.7900024414063,485.09666951497394,487.8250030517578,493.5100036621094,498.7816680908203,-0.0092793069114902,0.0140493283973346,0.0161307103821248,-0.0045790657740336,2.0,0.4999999999999366,0.0,0.0,0.0
476.7999877929688,485.0,475.2000122070313,478.2000122070313,479.2300048828125,485.1200012207031,484.64000244140624,487.0675018310547,491.9140026855469,497.5066680908203,-0.0075970950594744,0.0029362928899032,0.0171980126194797,-0.0033556535799078,2.0,0.4999999999999683,0.0,0.0,0.0
473.3999938964844,480.0,470.5,475.0,479.4900024414063,484.0450012207031,483.9533345540365,485.5300018310547,489.722001953125,495.9583353678385,-0.0071308598647881,0.0033798185976856,0.0139417114250297,-0.006125884946924,2.0,0.4999999999999841,0.0,0.0,0.0
477.1499938964844,485.8999938964844,472.1000061035156,474.0,478.55,482.85500183105466,483.790000406901,484.4875015258789,487.9800012207031,494.2450022379557,0.007921419620508,-0.006601684872216,0.0183380490661775,-0.0105836484492637,2.0,0.499999999999992,1.0,1.0,1.0
475.1000061035156,483.0,471.1000061035156,477.75,476.5799987792969,481.3500030517578,483.5,483.8375015258789,486.35400146484375,492.2516682942708,-0.00429631734086,0.0055777601819415,0.0166280652388859,-0.0084192800433862,2.0,0.499999999999996,0.0,0.0,0.0
464.6499938964844,475.8500061035156,462.6499938964844,472.8500061035156,473.4199951171875,478.1950012207032,481.6666666666667,482.1775009155273,484.9440014648437,490.1616689046224,-0.0219953948069501,0.0176477183143104,0.0241041910129162,-0.0043043151324038,2.0,0.499999999999998,0.0,0.0,0.0
451.75,466.6499938964844,447.7000122070313,462.0,468.4099975585938,473.8200012207032,479.55,480.5825012207032,483.3360009765625,487.9966684977214,-0.0277628194682775,0.0226895406751521,0.0329828309828099,-0.0089651085621886,2.0,0.499999999999999,0.0,0.0,0.0
443.7999877929688,456.2000122070313,434.6000061035156,454.0499877929688,462.4899963378906,470.98999938964846,476.85999959309896,478.5875,480.92200073242185,485.18333435058594,-0.0175982561306723,0.0230959898195886,0.0279405695248622,-0.0207300178965865,2.0,0.4999999999999995,0.0,0.0,0.0
440.6499938964844,454.3500061035156,435.2999877929688,443.7999877929688,455.18999633789065,466.8699981689453,473.6333333333333,476.6399993896485,478.62800048828126,482.515000406901,-0.0070977782404848,0.0071485168276761,0.0310904627182397,-0.0121411691311005,2.0,0.4999999999999998,0.0,0.0,0.0
445.7000122070313,448.0,428.7999877929688,434.0499877929688,449.30999755859375,462.9449981689453,470.6700012207031,474.9524993896485,476.9320007324219,480.1800008138021,0.0114603843878259,-0.0261387123513269,0.0051603942786082,-0.0379179357217793,2.0,0.4999999999999999,1.0,1.0,1.0
453.7999877929688,459.8500061035156,445.7000122070313,445.7000122070313,447.1399963378906,460.2799957275391,467.8433329264323,473.03499908447264,475.17,478.6433339436849,0.0181736041375179,-0.0178492194883725,0.0133319049653808,-0.0178492194883725,2.0,0.4999999999999999,1.0,1.0,1.0
443.9500122070313,451.5,441.7999877929688,447.1000061035156,445.5799987792969,456.9949981689453,464.4066670735677,471.0574996948242,473.5820007324219,477.0433339436849,-0.0217055439640761,0.0070953796821058,0.0170063916778266,-0.0048429425722368,2.0,0.5,0.0,0.0,0.0
444.1499938964844,458.1499938964844,442.0,450.1000061035156,445.65,454.0699981689453,462.5433329264323,469.0574996948242,472.0,475.0433339436849,0.0004504599255644,0.0133964027666249,0.0315208830178728,-0.0048406932928731,2.0,0.5,1.0,1.0,1.0
441.0499877929688,448.9500122070313,435.3500061035156,445.0,445.72999877929686,450.4599975585937,459.8233317057292,466.6574996948242,470.45799926757815,473.14500020345054,-0.0069796378388291,0.0089559286166116,0.0179118572332233,-0.0129236636372581,2.0,0.5,0.0,0.0,0.0
434.6499938964844,448.0499877929688,428.9500122070313,448.0499877929688,443.5199951171875,446.4149963378906,456.4699971516927,463.8824996948242,468.6659985351562,471.3633331298828,-0.0145108129999281,0.0308293893584539,0.0308293893584539,-0.0131139578269743,2.0,0.5,0.0,0.0,0.0
448.5,453.0,433.3500061035156,434.6499938964844,442.4599975585937,444.7999969482422,454.3399963378906,461.4974990844727,466.91999877929686,469.7183329264323,0.0318647332290406,-0.0308807270981396,0.0100334448160535,-0.0337792506053162,2.0,0.5,1.0,1.0,1.0
444.6000061035156,456.0,441.0,451.75,442.5899963378906,444.0849975585937,452.1933308919271,458.9524993896485,465.3639990234375,468.4166666666667,-0.0086956385651825,0.0160818573961505,0.0256410115609178,-0.0080971796088492,2.0,0.5,0.0,0.0,0.0
447.0499877929688,451.0,432.25,446.8999938964844,443.1699951171875,444.4099975585938,450.43666381835936,457.6999984741211,463.8799987792969,467.1949991861979,0.0055105300400798,-0.0003355192944415,0.0088357282516255,-0.0331058901623831,2.0,0.5,1.0,1.0,1.0
445.6499938964844,450.0,444.1000061035156,447.6000061035156,444.0899963378906,444.9099975585938,448.3366638183594,455.8899978637695,462.1439990234375,466.06333211263023,-0.0031316271887087,0.0043756585520882,0.0097610370539487,-0.0034780384027757,2.0,0.5,0.0,0.0,0.0
438.2999877929688,446.5499877929688,437.0499877929688,445.6499938964844,444.8199951171875,444.1699951171875,445.8833292643229,453.5574966430664,460.0699987792969,464.6916646321615,-0.016492777300975,0.0167693504636541,0.0188227246857621,-0.0028519279826912,2.0,0.5,0.0,0.0,0.0
447.2999877929688,450.0,438.0,442.7000122070313,444.5799926757812,443.5199951171875,444.7266621907552,451.8999954223633,458.1139978027344,463.19666442871096,0.0205338814753769,-0.0102838714765772,0.0060362447590338,-0.0207913884345403,2.0,0.5,1.0,1.0,1.0
443.5,457.2000122070313,439.0,451.0,444.3599914550781,443.4749938964844,444.1766621907552,450.2349960327148,456.0339978027344,461.8633310953776,-0.0084953898874854,0.0169109357384442,0.0308906701398674,-0.0101465614430664,2.0,0.5,0.0,0.0,0.0
449.25,450.7999877929688,444.2999877929688,449.7000122070313,444.7999938964844,443.984994506836,444.5399963378906,449.0274963378906,455.11999755859375,460.6999979654948,0.0129650507328072,0.0010016966211046,0.0034501675970366,-0.0110183911119225,2.0,0.5,1.0,1.0,1.0
449.25,450.7999877929688,444.2999877929688,449.7000122070313,444.7999938964844,443.984994506836,444.5399963378906,449.0274963378906,455.11999755859375,460.6999979654948,0.0129650507328072,0.0010016966211046,0.0034501675970366,-0.0110183911119225,2.0,0.5,1.0,1.0,1.0
441.7000122070313,449.3999938964844,436.2000122070313,448.6499938964844,444.00999755859374,444.0499969482422,444.60999755859376,447.254997253418,453.5139978027344,459.1216654459635,-0.0168057602514607,0.0157346196454157,0.0174326046562209,-0.0124518900792379,2.0,0.5,0.0,0.0,0.0
436.4500122070313,444.9500122070313,433.4500122070313,442.0,443.64000244140624,444.22999877929686,443.9933308919271,445.32249755859374,451.5739978027344,457.3316660563151,-0.0118858950756361,0.0127162049209339,0.0194753116330947,-0.0068736393999158,2.0,0.5,0.0,0.0,0.0
428.3500061035156,444.8500061035156,425.0,438.8500061035156,439.8500061035156,442.2149993896484,442.2966654459635,443.5074981689453,449.48999755859376,455.0699991861979,-0.0185588403642279,0.0245126645275746,0.0385199014004742,-0.0078207215029338,2.0,0.5,0.0,0.0,0.0
447.0,449.6499938964844,435.2000122070313,438.0,440.5500061035156,442.4549987792969,442.4999979654948,443.2699981689453,448.297998046875,453.4533325195313,0.0435391470310318,-0.0201342281879194,0.0059283979787121,-0.026398182982033,2.0,0.5,1.0,1.0,1.0
450.3999938964844,457.1000061035156,446.1499938964844,450.4500122070313,440.7800048828125,442.7899993896484,442.9166646321615,443.5999984741211,447.377998046875,452.72999877929686,0.0076062503277055,0.0001110530888648,0.0148756933788305,-0.0094360569662369,2.0,0.5,1.0,1.0,1.0
449.6000061035156,455.4500122070313,445.0,451.0,442.36000366210936,443.1850006103516,443.4866658528646,444.04749908447263,446.27599853515625,451.6549987792969,-0.0017761718557052,0.0031138653858515,0.0130115792350962,-0.0102313301625189,2.0,0.5,0.0,0.0,0.0
444.6000061035156,455.0,442.0,452.3999938964844,443.9900024414063,443.8150024414063,444.15,443.99249877929685,445.0559985351563,450.3099985758464,-0.0111209962903087,0.0175438319520686,0.0233917988162666,-0.005847966864198,2.0,0.5,0.0,0.0,0.0
447.8500061035156,454.3999938964844,445.6499938964844,454.0,447.89000244140624,443.87000427246096,444.1066670735677,443.6949996948242,444.3839990234375,449.2233317057292,0.0073099414201161,0.0137322626162093,0.0146254051662439,-0.004912386238804,2.0,0.5,1.0,1.0,1.0
449.3999938964844,452.5,446.5,447.8500061035156,448.3700012207031,444.4600036621094,444.4266662597656,443.9674987792969,444.28999877929687,448.3099985758464,0.0034609529347879,-0.0034490160525586,0.0068981000125016,-0.0064530350152883,2.0,0.5,1.0,1.0,1.0
469.7999877929688,471.0,447.0,450.7000122070313,452.25,446.51500244140624,445.9433329264323,445.249998474121,445.3299987792969,448.1899983723959,0.0453938455130093,-0.040655547216307,0.0025543044661806,-0.0485312651881468,2.0,0.5,1.0,1.0,1.0
482.8500061035156,489.8999938964844,471.3999938964844,472.7999877929688,458.9,450.6300018310547,448.4233337402344,447.3399993896484,447.01799926757815,448.3799987792969,0.0277778174747372,-0.0208139550243524,0.0146007822384852,-0.023713393522411,2.0,0.5,1.0,1.0,1.0
481.0499877929688,489.9500122070313,471.1499938964844,489.9500122070313,466.18999633789065,455.0899993896484,451.2733337402344,449.65999908447264,448.4319982910157,448.5783315022787,-0.0037279036715202,0.0185012465230387,0.0185012465230387,-0.0205799691252566,2.0,0.5,0.0,0.0,0.0
481.4500122070313,489.3999938964844,474.7000122070313,477.0,472.9099975585938,460.4,453.5500020345052,451.3074996948242,449.5379992675781,449.1383321126302,0.0008315651683056,-0.0092429371569268,0.016512579681968,-0.0140201471157038,2.0,0.5,1.0,1.0,1.0
483.3500061035156,486.5499877929688,476.7000122070313,482.0,479.7,464.0350006103516,456.2066691080729,453.2449996948242,451.1139990234375,450.19166564941406,0.0039463991033556,-0.0027930197299439,0.0066204233972178,-0.0137581334695591,2.0,0.5,1.0,1.0,1.0
475.3999938964844,485.0,472.3999938964844,483.3500061035156,480.8200012207032,466.5350006103516,457.9500020345052,454.6625,452.3639990234375,451.2449991861979,-0.0164477337470616,0.0167227856733256,0.0201935343432209,-0.0063104754701642,2.0,0.5,0.0,0.0,0.0
479.4500122070313,483.0,471.7999877929688,475.0,480.14000244140624,469.5200012207032,460.4666687011719,456.35250091552734,453.9,452.5383331298828,0.0085191804008073,-0.0092814935733273,0.0074042917980692,-0.0159558331823738,2.0,0.5,1.0,1.0,1.0
479.1000061035156,484.3500061035156,475.5499877929688,479.4500122070313,479.7500061035156,472.9700012207031,463.31000162760415,458.3925018310547,455.67800048828127,453.6516662597657,-0.0007300158402425,0.0007305491526961,0.0109580461972811,-0.0074097646948888,2.0,0.5,0.0,0.0,0.0
474.0,482.0499877929688,468.25,479.0,478.2600036621094,475.5850006103516,466.3533345540365,459.7275024414063,456.69800048828125,454.325,-0.0106449719026171,0.010548523206751,0.0169830966096387,-0.0121308016877637,2.0,0.5,0.0,0.0,0.0
467.7000122070313,475.0499877929688,464.1000061035156,474.0,475.1300048828125,477.4150024414063,467.73333536783855,460.9375030517578,457.6220007324219,455.1166666666667,-0.0132911134872758,0.0134701467362374,0.0157151494421683,-0.0076972546708466,2.0,0.5,0.0,0.0,0.0
469.1000061035156,473.25,463.0,465.0,473.8700073242188,477.3450042724609,468.98000284830727,461.9300033569336,458.5040014648437,455.9483337402344,0.0029933586913499,-0.0087401535923469,0.0088467146503694,-0.0130036368027024,2.0,0.5,1.0,1.0,1.0
475.0499877929688,479.1499938964844,469.1000061035156,471.9500122070313,472.9900024414063,476.5650024414063,470.6766682942708,463.5975021362305,459.6800012207031,457.0816670735677,0.012683823517453,-0.006525577656237,0.0086306835256724,-0.0125249591460808,2.0,0.5,1.0,1.0,1.0
480.1000061035156,482.1000061035156,473.9500122070313,475.2999877929688,473.1900024414063,476.4700042724609,473.0433349609375,465.7800018310547,461.352001953125,458.5966674804688,0.010630498769211,-0.0099979551125269,0.0041657987389585,-0.0128098184092886,2.0,0.5,1.0,1.0,1.0
481.6499938964844,484.8999938964844,479.8500061035156,484.0,474.7200012207031,476.4900024414063,475.2966674804687,468.4450012207032,462.7260021972656,459.7016672770182,0.0032284685966751,0.0048790742931488,0.0067476384120923,-0.0037371282378871,2.0,0.5,1.0,1.0,1.0
479.9500122070313,487.9500122070313,472.3999938964844,484.7999877929688,477.1700012207031,476.1500030517578,477.3333353678385,470.0925018310547,464.1840026855469,460.8800008138021,-0.0035294959223408,0.0101051681687329,0.0166684025346979,-0.0157308430430669,2.0,0.5,0.0,0.0,0.0
510.6000061035156,512.8499755859375,476.25,478.7000122070313,485.4700012207031,479.6700042724609,480.0533365885416,473.1025024414063,466.6380029296875,462.998334757487,0.0638608044940796,-0.0624755062968354,0.0044065206727901,-0.0672738066841145,2.0,0.5,1.0,1.0,1.0
513.0,527.7999877929688,505.5,514.7000122070312,493.06000366210935,483.0250030517578,482.06333618164064,476.27250213623046,469.4900024414063,465.2433349609375,0.0047003405166388,0.0033138639513279,0.0288498787387305,-0.0146198830409356,2.0,0.5,1.0,1.0,1.0
502.8999938964844,524.4000244140625,500.3999938964844,522.0,497.6200012207031,485.4050018310547,483.52000325520834,479.1875015258789,472.1480017089844,467.39666849772135,-0.0196881210594846,0.0379797302352864,0.0427520993806247,-0.0049711672903989,2.0,0.5,0.0,0.0,0.0
500.6000061035156,510.8999938964844,493.0499877929688,508.0,501.4100036621094,488.0650024414063,484.796669514974,481.8250015258789,475.0380017089844,469.1733357747396,-0.0045734496338891,0.0147822489138247,0.0205752849927829,-0.0150819381112545,2.0,0.5,0.0,0.0,0.0
504.7999877929688,519.4000244140625,495.5499877929688,502.6499938964844,506.3799987792969,491.775,486.2266682942709,484.5950012207031,477.3500012207031,471.2166687011719,0.0083898954020081,-0.0042591005318449,0.0289224187285075,-0.0183240891911306,2.0,0.5,1.0,1.0,1.0
499.9500122070313,508.2000122070313,498.0,505.2000122070313,504.25,494.8600006103516,487.8633361816407,486.1025024414063,479.332001953125,472.9066691080729,-0.0096077173201648,0.0105010498486115,0.0165016497621039,-0.0039004143602735,2.0,0.5,0.0,0.0,0.0
488.25,504.8999938964844,486.0499877929688,499.9500122070313,499.3,496.1800018310547,488.4500020345052,486.3725021362305,480.8780017089844,474.4583353678385,-0.0234023640791236,0.0239631586421531,0.0341013699876793,-0.0045059133784561,2.0,0.5,0.0,0.0,0.0
502.8500061035156,504.4500122070313,481.5,493.0,499.2900024414063,498.4550018310547,490.03333536783856,487.4625030517578,483.2080017089844,476.6716684977213,0.0299027262744815,-0.0195883583254604,0.0031818754779655,-0.0424580010825744,2.0,0.5,1.0,1.0,1.0
510.0499877929688,515.0499877929688,499.25,503.0,501.17999877929685,501.2950012207031,492.43666788736977,488.8925018310547,485.6960009765625,479.3950012207032,0.0143183486170047,-0.0138221506944342,0.0098029607286835,-0.0211743712409469,2.0,0.5,1.0,1.0,1.0
517.0,522.0499877929688,510.7999877929688,512.5499877929688,503.6200012207031,505.0,495.7233337402344,490.5750015258789,488.40000122070313,481.7283345540365,0.0136261393458797,-0.0086073737079908,0.0097678680715063,-0.0119922866673718,2.0,0.5,1.0,1.0,1.0
518.6500244140625,522.6500244140625,510.0,520.2999877929688,507.36000366210936,505.8050018310547,499.0266682942709,492.7375030517578,490.3540026855469,484.0033355712891,0.0031915365842601,0.0031812654029472,0.0077123297246903,-0.016677960101968,2.0,0.5,1.0,1.0,1.0
500.9500122070313,519.5,492.7999877929688,519.0,509.9000061035157,504.6000030517578,500.7533365885417,493.8125030517578,491.0780029296875,485.7150024414062,-0.0341270825679177,0.0360315148280885,0.0370296184069209,-0.0162691370704953,2.0,0.5,0.0,0.0,0.0
507.25,508.6000061035156,495.3999938964844,497.1499938964844,510.7800048828125,505.0350036621094,502.56333618164064,495.22000274658205,492.1260034179688,487.803335571289,0.0125760807255257,-0.0199112983805137,0.0026614215939193,-0.0233612737378327,2.0,0.5,1.0,1.0,1.0
493.5,510.4500122070313,491.0,504.0499877929688,507.4700073242187,504.3250030517578,503.3533365885417,496.195002746582,492.6080029296875,489.3250020345052,-0.0271069492360768,0.0213778881316488,0.0343465292948961,-0.0050658561296859,2.0,0.5,0.0,0.0,0.0
497.3500061035156,500.0,488.25,495.0499877929688,503.5400085449219,503.5800048828125,504.5133361816406,497.6775024414063,493.1680029296875,490.9233357747396,0.0078014308075291,-0.0046245466619501,0.0053282273327908,-0.0182969860095298,2.0,0.5,1.0,1.0,1.0
499.7999877929688,505.8500061035156,491.3999938964844,500.0,499.7700012207032,503.5650024414063,503.7933349609375,499.2125015258789,494.14400268554687,491.9233357747396,0.0049260714977114,0.0004001844976315,0.0121048788681703,-0.0168067108876438,2.0,0.5,1.0,1.0,1.0
499.7999877929688,499.7999877929688,499.7999877929688,499.7999877929688,499.5399963378906,504.7200012207031,502.9133341471354,500.4500015258789,494.9580017089844,492.4883351643881,0.0,0.0,0.0,0.0,2.0,0.5,0.0,0.0,0.0
492.5499877929688,502.0,489.1499938964844,496.9500122070313,496.5999938964844,503.6899993896485,502.2233337402344,501.07250061035154,495.4960009765625,492.8716684977214,-0.0145058026752156,0.0089331530263117,0.0191858947137022,-0.0069028402816923,2.0,0.5,0.0,0.0,0.0
492.0499877929688,496.9500122070313,487.2999877929688,492.0,496.30999145507815,501.8899993896485,501.65333251953126,501.5925003051758,496.2180004882812,493.2250010172526,-0.0010151253931411,-0.0001015908834648,0.009958387431409,-0.0096534907384218,2.0,0.5,0.0,0.0,0.0
487.0499877929688,491.7000122070313,467.0,486.5,494.2499877929688,498.8949981689453,500.4699991861979,501.9474990844727,496.9919995117188,493.3483337402344,-0.0101615691983387,-0.001129222475625,0.0095473247728303,-0.0411661806703328,2.0,0.5,0.0,0.0,0.0
489.0499877929688,495.6499938964844,486.1000061035156,487.0499877929688,492.0999877929688,495.934994506836,499.7433308919271,500.8699981689453,497.78999877929687,493.80333353678384,0.0041063546866366,-0.0040895614966187,0.013495565419193,-0.0060320657664589,2.0,0.5,1.0,1.0,1.0
465.1499938964844,496.1000061035156,460.0,490.8999938964844,485.1699890136719,492.35499267578126,498.203330485026,498.4774978637696,497.3939990234375,493.3266662597656,-0.0488702474042429,0.0553584872361203,0.0665377031347849,-0.0110716843256166,2.0,0.5,0.0,0.0,0.0
473.1000061035156,476.0,459.5,465.25,481.2799926757813,488.9399932861328,496.2199971516927,496.9874984741211,497.1139990234375,493.1266662597656,0.0170912873510656,-0.0165926992226629,0.0061297693068509,-0.0287465777384494,2.0,0.5,1.0,1.0,1.0
472.8500061035156,480.0,465.5,472.0,477.43999633789065,486.8749938964844,493.7399983723959,495.5999984741211,496.7619995117187,493.0883331298828,-0.0005284295006863,-0.0017976231205325,0.0151210612333567,-0.0155440541580675,2.0,0.5,0.0,0.0,0.0
473.3999938964844,476.3500061035156,466.3500061035156,472.8500061035156,474.7099975585937,484.47999267578126,490.8333312988281,494.0299987792969,496.4999987792969,493.27833251953126,0.0011631337334663,-0.0011617824251366,0.0062315425540042,-0.0148922431006839,2.0,0.5,1.0,1.0,1.0
472.3500061035156,478.4500122070313,465.1000061035156,475.0,471.3700012207031,481.734994506836,487.7466634114583,492.6499984741211,494.9699987792969,493.3866658528646,-0.002217971707871,0.005610233645056,0.0129141653957738,-0.0153487877766876,2.0,0.5,0.0,0.0,0.0
493.2999877929688,495.0,472.6000061035156,474.0,477.0,481.0849945068359,487.2366617838542,492.9024978637696,494.1819982910157,493.9949991861979,0.0443526652244012,-0.0391242413755515,0.0034462036267974,-0.0419622586695473,2.0,0.5,1.0,1.0,1.0
480.4500122070313,502.0,478.0,502.0,478.4700012207031,479.8749969482422,485.4499959309896,491.7824981689453,493.2839990234375,494.0066660563151,-0.0260490085220323,0.0448537563647362,0.0448537563647362,-0.0050994112702311,2.0,0.5,0.0,0.0,0.0
475.2000122070313,487.3999938964844,472.5,480.7000122070313,478.9400024414063,478.1899993896485,484.22999674479166,490.0399993896484,492.26799926757815,493.7916666666667,-0.0109272554201491,0.0115740737767568,0.0256733614816027,-0.0056818437240588,2.0,0.5,0.0,0.0,0.0
474.5,485.0,466.0499877929688,472.5,479.1600036621094,476.9350006103516,482.7066630045573,487.9149993896484,491.0559997558594,493.60999959309896,-0.00147308962342,-0.0042149631190726,0.0221285563751316,-0.0178082449041754,2.0,0.5,0.0,0.0,0.0
483.2000122070313,495.5,474.25,476.6000061035156,481.3300048828125,476.3500030517578,481.5999979654948,486.1424987792969,490.38599975585936,492.69666646321616,0.0183351152940595,-0.0136589526837341,0.0254552721072753,-0.0185223757883444,2.0,0.5,1.0,1.0,1.0
484.3999938964844,488.1499938964844,479.0,485.2999877929688,479.5500061035156,478.2750030517578,480.5733317057292,485.3149978637695,490.2319995117188,491.7433329264323,0.0024834057515275,0.0018579560442288,0.0077415360182713,-0.0111477992661542,2.0,0.5,1.0,1.0,1.0
472.5499877929688,486.6000061035156,470.8500061035156,484.3999938964844,477.9700012207031,478.2200012207031,479.2399983723959,483.579997253418,489.0199987792969,490.7316660563151,-0.0244632664178933,0.0250767250230197,0.0297323429763844,-0.0035974642542958,2.0,0.5,0.0,0.0,0.0
469.3999938964844,481.4500122070313,464.3500061035156,476.75,476.80999755859375,477.875,477.72999877929686,482.3749969482422,487.3939990234375,489.69166564941406,-0.0066659485300091,0.0156583003815218,0.0256711087925669,-0.0107583891321533,2.0,0.5,0.0,0.0,0.0
457.5,480.9500122070313,452.0499877929688,472.2999877929688,473.4099975585938,476.2850006103516,475.7599995930989,480.3824966430664,485.0139990234375,488.11499938964846,-0.0253514998960751,0.0323497000939208,0.0512568572831284,-0.0119125949880464,2.0,0.5,0.0,0.0,0.0
446.2000122070313,447.7999877929688,413.4500122070313,430.25,466.00999755859374,473.6700012207031,472.90333455403646,477.7024978637695,482.1159985351562,486.3233327229818,-0.024699426869877,-0.0357463284864963,0.003585781134392,-0.073397577552742,2.0,0.5,0.0,0.0,0.0
446.2000122070313,447.7999877929688,413.4500122070313,430.25,466.00999755859374,473.6700012207031,472.90333455403646,477.7024978637695,482.1159985351562,486.3233327229818,-0.024699426869877,-0.0357463284864963,0.003585781134392,-0.073397577552742,2.0,0.5,0.0,0.0,0.0
453.5,457.8999938964844,445.0,446.0,459.8299987792969,469.6900024414063,472.1266682942708,475.3874984741211,480.217998046875,485.1649993896484,0.0163603487074349,-0.0165380374862182,0.0097023018665587,-0.0187431091510473,2.0,0.5,1.0,1.0,1.0
451.2999877929688,454.7999877929688,444.0499877929688,450.0,455.5799987792969,466.775,470.6733337402344,473.3249984741211,477.97999755859377,483.4466654459636,-0.0048511845800027,-0.002880540279485,0.0077553735756039,-0.0160647024066082,2.0,0.5,0.0,0.0,0.0
450.75,454.2000122070313,444.0,450.0,451.85,464.3299987792969,469.2,471.2599990844727,476.2699975585937,481.4699991861979,-0.0012186745132841,-0.0016638935108153,0.0076539372313504,-0.0149750415973377,2.0,0.5,0.0,0.0,0.0
451.1000061035156,459.8500061035156,445.0,445.0,450.5700012207032,461.98999938964846,467.7133341471354,469.4625,474.41999755859376,479.27333272298176,0.0007764971791805,-0.0135225139015312,0.0193970292210372,-0.0135225139015312,2.0,0.5,1.0,1.0,1.0
455.0499877929688,463.8999938964844,420.0,451.0,452.3399963378906,459.1749969482422,466.55999959309895,467.7625,472.62999755859374,477.15333150227866,0.0087563326003296,-0.0089000942788979,0.0194484261969523,-0.0770244780424326,2.0,0.5,1.0,1.0,1.0
474.0,495.0,460.0,462.0,456.43999633789065,458.13499755859374,465.2733337402344,468.20500030517576,471.597998046875,476.2549977620443,0.0416438033521117,-0.0253164556962025,0.0443037974683544,-0.0295358649789029,2.0,0.5,1.0,1.0,1.0
467.4500122070313,475.4500122070313,462.0,474.0,459.6700012207031,457.625,464.4066670735677,467.9225006103516,470.5939990234375,474.9283315022786,-0.0138185396476133,0.0140121673375157,0.0171141294065404,-0.0116590267722946,2.0,0.5,0.0,0.0,0.0
468.7000122070313,473.8999938964844,466.0499877929688,467.4500122070313,463.2600036621094,457.5550018310547,463.9733337402344,467.71500091552736,469.66,474.101665242513,0.0026740827197719,-0.0026669510719958,0.0110944773928365,-0.0056539883615193,2.0,0.5,1.0,1.0,1.0
470.3500061035156,474.25,468.7000122070313,471.5,467.11000366210936,458.8400024414062,463.6966674804688,467.5625015258789,468.9920007324219,473.201665242513,0.0035203623928124,0.0024449747667938,0.0082916845878089,-0.0035080129160692,2.0,0.5,1.0,1.0,1.0
470.2999877929688,472.3500061035156,464.9500122070313,465.0,470.1600036621094,461.25,462.8366658528646,467.4600006103516,468.2420007324219,472.2183319091797,-0.0001063427445472,-0.0112693768457036,0.0043589588853005,-0.0113756660106327,2.0,0.5,0.0,0.0,0.0
469.1000061035156,474.2999877929688,464.1000061035156,474.0,469.1800048828125,462.8100006103516,461.81666666666666,466.2500015258789,468.40000122070313,471.1949991861979,-0.0025515239647026,0.0104455208542528,0.0110850173135697,-0.0106587080258887,2.0,0.5,0.0,0.0,0.0
469.1000061035156,474.2999877929688,464.1000061035156,474.0,469.1800048828125,462.8100006103516,461.81666666666666,466.2500015258789,468.40000122070313,471.1949991861979,-0.0025515239647026,0.0104455208542528,0.0110850173135697,-0.0106587080258887,2.0,0.5,0.0,0.0,0.0
470.7999877929688,474.0,467.6000061035156,467.9500122070313,469.85,464.76000061035154,461.7,465.76750030517576,468.30800048828127,470.4699991861979,0.0036239216954475,-0.0060534742137478,0.0067969674808878,-0.006796902660202,2.0,0.619175,1.0,1.0,1.0
491.9500122070313,522.2000122070312,464.0,466.2000122070313,474.5,468.8800018310547,463.2033345540365,466.6050003051758,469.0720007324219,470.4666666666666,0.0449235874308541,-0.0523427164570603,0.0614899872942165,-0.0568147403465635,2.0,0.6787625,1.0,1.0,1.0
463.4500122070313,496.2000122070313,459.2000122070313,488.7000122070313,473.1200012207031,470.1150024414063,463.6000020345052,466.0525009155273,468.6740014648437,469.6800008138021,-0.057932715301989,0.054482682781159,0.0706656578646716,-0.0091703525473237,2.0,0.70855625,0.0,0.0,0.0
455.75,461.7999877929688,453.5499877929688,460.8999938964844,470.2100036621094,470.18500366210935,464.2366678873698,464.6800003051758,468.0100012207032,468.5700012207032,-0.0166145474252172,0.0113000414623902,0.0132747949379457,-0.0048272346835572,2.0,0.723453125,0.0,0.0,0.0
448.7000122070313,456.9500122070313,444.1000061035156,456.0,466.1300048828125,467.6550048828125,463.9166687011719,462.8950012207032,466.2260021972656,468.02166849772135,-0.0154689803466127,0.0162691945495212,0.0183864492434946,-0.010251851968734,2.0,0.7309015625,0.0,0.0,0.0
452.1000061035156,454.6000061035156,447.0499877929688,453.7000122070313,462.3900085449219,466.12000427246096,463.9700032552083,461.8725021362305,465.092001953125,467.32166849772136,0.0075774321461698,0.0035390534879782,0.0055297499806439,-0.011170135461999,2.0,0.7346257812500001,1.0,1.0,1.0
439.7000122070313,454.9500122070313,431.2999877929688,452.1000061035156,451.94000854492185,463.2200042724609,463.23333740234375,460.3875030517578,463.672001953125,466.2166687011719,-0.0274275464036273,0.0282010315038288,0.0346827372677434,-0.0191039894947907,2.0,0.7364878906250001,0.0,0.0,0.0
439.5,443.2000122070313,426.4500122070313,441.8999938964844,447.1500061035157,460.1350036621094,462.4600036621094,459.4875030517578,462.272001953125,465.0866689046224,-0.0004548833329053,0.0054607369658348,0.0084186853402303,-0.0296928049896899,2.0,0.7374189453125001,0.0,0.0,0.0
432.3999938964844,439.5,422.8999938964844,439.5,442.4800048828125,456.3450042724609,460.9500040690104,458.7975021362305,460.2400012207031,463.7550018310547,-0.0161547351615827,0.0164199958458264,0.0164199958458264,-0.0219703980899552,2.0,0.7378844726562501,0.0,0.0,0.0
441.7000122070313,444.75,429.3999938964844,436.3500061035156,441.0800048828125,453.6050048828125,458.7966715494792,458.207502746582,458.532001953125,462.0350026448568,0.0215079057396408,-0.0121123068953142,0.0069051114074663,-0.0278469956319169,2.0,0.7381172363281251,1.0,1.0,1.0
433.1499938964844,443.8999938964844,427.3500061035156,440.0,437.2900024414063,449.8400054931641,456.5100036621094,457.3000030517578,456.9560021972656,460.4583353678385,-0.0193570705778911,0.0158143973220339,0.0248181926618451,-0.0133902525099766,2.0,0.7382336181640625,0.0,0.0,0.0
424.5,440.0,422.0499877929688,432.0,434.25,443.0950042724609,453.56333618164064,455.9875030517578,455.1600024414063,458.7683349609375,-0.0199699734927194,0.0176678445229681,0.0365135453474676,-0.0057715246337602,2.0,0.7382918090820313,0.0,0.0,0.0
429.7999877929688,434.5,416.75,422.0,432.30999755859375,439.73000183105466,450.86000162760416,454.9225021362305,454.052001953125,457.27833455403646,0.0124852480399734,-0.0181479479164758,0.0109353474651452,-0.0303629319767566,2.0,0.7383209045410157,1.0,1.0,1.0
423.2000122070313,442.7999877929688,422.0,433.0,430.4700012207031,436.4750030517578,447.7200032552083,453.3300033569336,453.132001953125,455.27833455403646,-0.0153559231581845,0.0231568702984217,0.0463137405968436,-0.002835567515164,2.0,0.7383354522705079,0.0,0.0,0.0
436.8500061035156,441.7999877929688,426.25,427.0,429.5,435.2900024414063,445.5700032552084,451.4725036621094,452.46600219726565,453.6933349609375,0.0322542379554723,-0.0225477989376096,0.0113310784486522,-0.0242646353563374,2.0,0.738342726135254,1.0,1.0,1.0
443.2999877929688,456.7999877929688,435.0,435.0,431.5299987792969,434.4100006103516,443.736669921875,450.26500244140624,452.1460021972656,452.7183349609375,0.0147647512861078,-0.0187231852504472,0.0304534183887792,-0.0187231852504472,2.0,0.738346363067627,1.0,1.0,1.0
438.0,447.25,434.1000061035156,443.2999877929688,434.22999877929686,434.23999938964846,440.14000244140624,448.73000183105466,451.6360021972656,451.6716684977213,-0.0119557589418296,0.0121004287510702,0.0211187214611872,-0.0089040956540739,2.0,0.7383481815338135,0.0,0.0,0.0
447.75,451.0,437.3500061035156,438.8999938964844,437.8200012207032,435.0649993896485,439.0933349609375,447.6000015258789,451.502001953125,451.3466684977213,0.0222602739726027,-0.019765507768879,0.0072585147962032,-0.0232272337163246,2.0,0.7383490907669068,1.0,1.0,1.0
450.0,454.1499938964844,440.0,454.1499938964844,443.17999877929685,436.825,438.7100016276042,446.58500213623046,451.3000024414063,451.47333475748695,0.0050251256281407,0.0092222086588542,0.0092222086588542,-0.0222222222222222,2.0,0.7383495453834534,1.0,1.0,1.0
460.25,464.3500061035156,450.6000061035156,456.8999938964844,447.85999755859376,438.67999877929685,439.48000081380206,446.1425018310547,450.7500024414063,451.698334757487,0.0227777777777777,-0.0072786661673343,0.0089082153254005,-0.0209668525724809,2.0,0.7383497726917267,1.0,1.0,1.0
459.8500061035156,467.1499938964844,453.5,467.1499938964844,451.1700012207031,441.35,439.9966674804688,445.59500274658205,450.4460021972656,451.98333536783855,-0.000869079622997,0.0158747150072353,0.0158747150072353,-0.0138088638017462,2.0,0.7383498863458634,0.0,0.0,0.0
461.0499877929688,470.3500061035156,453.6000061035156,460.0,455.7799987792969,445.0049987792969,441.4199991861979,444.0500015258789,450.1400012207032,452.32666829427086,0.0026095067381232,-0.0022773838428995,0.0201713882589298,-0.0161587287424427,2.0,0.7383499431729317,1.0,1.0,1.0
471.1499938964844,488.8999938964844,462.1000061035156,464.6000061035156,460.4599975585937,449.1399993896485,443.5299987792969,444.4350006103516,450.17200073242185,452.9950012207031,0.0219065315495702,-0.0139021285743831,0.0376737774168365,-0.0192082944077404,2.0,0.7383499715864659,1.0,1.0,1.0
485.6499938964844,490.0,470.1000061035156,471.2999877929688,467.5899963378906,455.38499755859374,447.0799987792969,445.9300003051758,450.7860009765625,454.0150014241536,0.030775761833472,-0.0295480413546022,0.00895708052751,-0.0320189189506778,2.0,0.738349985793233,1.0,1.0,1.0
482.5499877929688,490.5,478.4500122070313,490.5,472.0499938964844,459.9549957275391,449.8033304850261,447.6224990844727,451.3240002441406,454.3000010172526,-0.0063832104241236,0.0164750024000457,0.0164750024000457,-0.0084964784781976,2.0,0.7383499928966165,0.0,0.0,0.0
484.6499938964844,489.8999938964844,480.2000122070313,480.2000122070313,477.0099914550781,464.0899963378906,453.2366638183594,449.249998474121,451.87800048828126,454.8733337402344,0.0043518933926832,-0.0091818461683579,0.0108325597154992,-0.0091818461683579,2.0,0.7383499964483082,1.0,1.0,1.0
489.8999938964844,492.8999938964844,476.9500122070313,489.5,482.7799926757813,469.2799957275391,457.5966634114584,451.75999755859374,451.7959997558594,455.5799997965495,0.0108325597154992,-0.0008164807133451,0.0061236987903166,-0.0264339290687752,2.0,0.7383499982241541,1.0,1.0,1.0
490.6000061035156,499.8999938964844,464.0,499.8999938964844,486.6699951171875,473.56499633789065,461.6499979654948,454.3149978637695,452.88199951171873,456.2549997965495,0.001428887968468,0.0189563548252513,0.0189563548252513,-0.0542193350440013,2.0,0.7383500000000001,1.0,1.0,1.0
490.6000061035156,499.8999938964844,464.0,499.8999938964844,486.6699951171875,473.56499633789065,461.6499979654948,454.3149978637695,452.88199951171873,456.2549997965495,0.001428887968468,0.0189563548252513,0.0189563548252513,-0.0542193350440013,2.0,0.7383500000000001,1.0,1.0,1.0
478.0499877929688,489.0,467.7999877929688,485.0,485.1499938964844,476.3699951171875,465.30666300455727,456.5974975585938,453.7739990234375,456.5133331298828,-0.0255809583253426,0.0145382541250917,0.0229055799323092,-0.0214412723809942,2.0,0.733875,0.0,0.0,0.0
477.75,487.0,469.3500061035156,477.0,484.18999633789065,478.1199951171875,468.0333292643229,458.3999969482422,454.9359985351563,456.8016662597656,-0.0006275239004893,-0.0015698587127158,0.0193615907901623,-0.0175824048068746,2.0,0.7316375,0.0,0.0,0.0
477.0499877929688,483.5,475.0499877929688,483.3500061035156,482.6699951171875,479.8399932861328,470.2833292643229,460.5949966430664,455.9339978027344,457.0099995930989,-0.0014652270162872,0.0132062015968041,0.0135206212599892,-0.0041924327663288,2.0,0.7305187500000001,0.0,0.0,0.0
479.6000061035156,486.5,460.0,476.9500122070313,480.60999755859376,481.6949951171875,473.05666300455727,463.34999694824216,457.5299975585938,456.59833272298175,0.0053453901599375,-0.0055254250683066,0.0143869762482762,-0.0408674016974162,2.0,0.7299593750000001,1.0,1.0,1.0
491.8500061035156,498.5499877929688,482.0499877929688,483.5,480.85999755859376,483.7649963378906,475.9966634114583,466.4524978637695,459.6239978027344,457.5449991861979,0.0255421181069709,-0.016976732743515,0.0136220018426573,-0.01992481079381,2.0,0.7296796875,1.0,1.0,1.0
488.5499877929688,498.8500061035156,484.0,497.0,482.9599975585937,484.0549957275391,478.56666259765626,469.7199966430664,461.86999755859375,458.6383321126302,-0.0067093997552016,0.0172961056558496,0.0210828340352178,-0.0093132492204602,2.0,0.72953984375,0.0,0.0,0.0
493.7999877929688,497.0,489.9500122070313,489.9500122070313,486.1699951171875,485.1799957275391,480.8033284505208,472.56749572753904,463.95399658203127,460.1416646321615,0.0107460856231251,-0.0077966295688765,0.0064803813003999,-0.0077966295688765,2.0,0.729469921875,1.0,1.0,1.0
500.8500061035156,503.0,486.3999938964844,486.3999938964844,490.92999877929685,486.7999969482422,483.5366617838542,475.4449966430664,466.6619970703125,461.7666646321615,0.0142770726707726,-0.0288509774002971,0.0042926901672832,-0.0288509774002971,2.0,0.7294349609375,1.0,1.0,1.0
496.5,505.8500061035156,494.1499938964844,505.8500061035156,494.30999755859375,487.4599975585937,485.8999959309896,478.3699966430664,469.5419970703125,463.6599975585938,-0.0086852471808028,0.0188318350523979,0.0188318350523979,-0.004733144216547,2.0,0.7294174804687501,0.0,0.0,0.0
483.5,501.0,481.1499938964844,496.5,492.6399963378906,486.7499969482422,486.723329671224,480.1574966430664,471.68999755859375,465.1266642252604,-0.026183282980866,0.0268872802481903,0.0361944157187177,-0.0048604055915524,2.0,0.7294087402343751,0.0,0.0,0.0
499.5,527.0,481.1499938964844,484.0,494.8299987792969,488.8949981689453,487.6466634114584,482.6324966430664,474.7419970703125,467.3633310953776,0.0330920372285418,-0.0310310310310309,0.055055055055055,-0.0367367489559872,2.0,0.7294043701171875,1.0,1.0,1.0
485.0,499.4500122070313,482.2000122070313,493.8999938964844,493.0700012207032,489.6199981689453,487.80999755859375,483.8699966430664,476.6679968261719,468.8066640218099,-0.029029029029029,0.0183505028793491,0.0297938396021262,-0.0057731707071521,2.0,0.7294021850585938,0.0,0.0,0.0
479.3999938964844,489.8999938964844,476.2000122070313,484.6000061035156,488.7799987792969,489.85499877929686,487.4599975585937,484.8474960327149,478.1119970703125,470.34833068847655,-0.0115464043371456,0.0108469175495109,0.0219023782513172,-0.0066749723199706,2.0,0.7294010925292969,0.0,0.0,0.0
467.0499877929688,483.5,460.0,479.0,482.8899963378906,488.59999694824216,485.93666381835936,485.14749603271486,479.27399658203126,471.7666636149089,-0.0257613814366929,0.0255861524876612,0.0352210954651028,-0.0150947178615361,2.0,0.7294005462646485,0.0,0.0,0.0
458.0,470.25,454.2000122070313,469.3500061035156,477.7899963378906,485.2149963378906,483.763330078125,484.4899963378906,479.6839965820312,472.7066640218099,-0.019376914740399,0.0247816727150995,0.0267467248908297,-0.0082969165785343,2.0,0.7294002731323243,0.0,0.0,0.0
483.0499877929688,492.7999877929688,455.2000122070313,461.0499877929688,474.4999938964844,484.6649963378906,484.0966634114584,484.3599960327148,481.00599609375,474.7016632080078,0.0546942964911981,-0.0455439407017002,0.0201842464473445,-0.0576544380286244,2.0,0.7294001365661622,1.0,1.0,1.0
457.4500122070313,487.1000061035156,454.0,483.0499877929688,468.9899963378906,481.0299987792969,482.7433308919271,483.104997253418,480.89399658203126,475.388330078125,-0.0529965350023141,0.0559623453990674,0.0648158117942414,-0.0075418343315506,2.0,0.7294000682830811,0.0,0.0,0.0
456.6000061035156,467.4500122070313,454.75,455.8999938964844,464.42999877929685,476.60499877929686,481.3799987792969,481.7024978637695,480.76399658203127,475.8316640218099,-0.0018581398641015,-0.0015330972353788,0.0237626061289535,-0.0040516996907271,2.0,0.7294000341415405,0.0,0.0,0.0
466.4500122070313,472.0,454.5,462.0,464.31000366210935,473.6,480.5033325195312,480.5299987792969,480.97999755859377,476.7799977620443,0.021572505413595,-0.0095401695585252,0.0118983549099049,-0.0256190629098479,2.0,0.7294000170707703,1.0,1.0,1.0
471.3500061035156,475.0,461.0,468.7999877929688,466.9800048828125,472.38500061035154,479.1366658528646,479.5674987792969,480.987998046875,477.5666646321615,0.0105048639044938,-0.0054100313514939,0.007743701812285,-0.021958217820077,2.0,0.7294000085353851,1.0,1.0,1.0
476.4500122070313,481.2999877929688,469.0,469.0,465.660009765625,470.0800018310547,478.3300008138021,479.4875,480.6199987792969,478.4483317057292,0.0108199979579412,-0.0156365033396074,0.0101794006961428,-0.0156365033396074,2.0,0.7294000042676926,1.0,1.0,1.0
485.0,492.0499877929688,475.0,480.0,471.1700073242188,470.0800018310547,477.7433349609375,479.85,480.7179992675781,479.2733317057292,0.0179451937746063,-0.0103092783505154,0.0145360573050901,-0.0206185567010309,2.0,0.7294000021338463,1.0,1.0,1.0
490.7999877929688,496.2999877929688,485.6000061035156,487.3500061035156,478.0100036621094,471.2200012207031,477.0733337402344,480.5375,480.9639990234375,480.30499776204425,0.0119587377174613,-0.0070293027205787,0.0112061942477472,-0.0105949099812255,2.0,0.7294000010669232,1.0,1.0,1.0
481.25,492.1499938964844,476.7000122070313,488.0,480.9700012207031,472.64000244140624,476.0566670735677,480.6199996948242,480.6179992675781,480.97833150227865,-0.0194580033221132,0.014025974025974,0.0226493379667207,-0.0094545200892857,2.0,0.7294000005334615,0.0,0.0,0.0
484.0499877929688,489.2000122070313,470.6000061035156,482.0,483.50999755859374,475.2450012207031,476.0933329264323,480.22999877929686,480.3559985351562,481.4083312988281,0.005818156452922,-0.0042350745680538,0.010639447461912,-0.0277863485768865,2.0,0.7294000002667308,1.0,1.0,1.0
484.1499938964844,499.0,482.5499877929688,486.0,485.0499938964844,475.35500183105466,475.0699991861979,480.0099990844727,480.59999877929687,481.35833129882815,0.0002066028427592,0.0038211424699743,0.0306723252932452,-0.0033047735695267,2.0,0.7294000001333654,1.0,1.0,1.0
475.0,489.3999938964844,473.1000061035156,480.25,483.0499938964844,477.1100006103516,474.40333251953126,479.0699996948242,480.48999877929685,481.1066650390625,-0.0188990891497165,0.0110526315789474,0.0303157766241777,-0.0039999871504934,2.0,0.7294000000666827,0.0,0.0,0.0
468.2999877929688,498.0,465.0,476.75,478.5499938964844,478.2799987792969,473.6633321126302,477.4424987792969,480.1399987792969,480.561664835612,-0.0141052888569078,0.0180440154330452,0.0634209117685506,-0.007046739011293,2.0,0.7294000000333414,0.0,0.0,0.0
477.0499877929688,482.8999938964844,468.0,469.9500122070313,477.7099914550781,479.3399963378906,474.3299987792969,476.4699981689453,480.037998046875,480.1333312988281,0.0186846043734434,-0.0148830851433094,0.0122628786358012,-0.0189707326790589,2.0,0.7294000000166707,1.0,1.0,1.0
480.2999877929688,487.9500122070313,473.0,476.0,476.9599914550781,480.234994506836,475.8166646321615,476.30999755859375,479.5759973144531,479.7899973551432,0.0068127032452843,-0.0089527126842697,0.015927596519865,-0.0151988090328983,2.0,0.7294000000083354,1.0,1.0,1.0
473.1000061035156,489.6000061035156,470.1000061035156,483.25,474.7499938964844,479.8999938964844,475.15333251953126,474.98999786376953,478.957998046875,479.6249979654948,-0.0149905931135618,0.0214542248267557,0.0348763470453004,-0.0063411540082364,2.0,0.7294000000041677,0.0,0.0,0.0
469.9500122070313,479.8500061035156,468.0,479.8500061035156,473.7399963378906,478.3949951171875,475.9866658528646,474.2374984741211,478.0039990234375,479.3649983723959,-0.0066581988075374,0.0210660573238223,0.0210660573238223,-0.0041494034607497,2.0,0.7294000000020839,0.0,0.0,0.0
489.8500061035156,495.0,472.0,472.0,478.05,478.2999969482422,478.2033325195313,474.7599990844727,477.5639990234375,479.7916656494141,0.0423449162242337,-0.0364397384528021,0.0105134098853028,-0.0364397384528021,2.0,0.729400000001042,1.0,1.0,1.0
465.2999877929688,495.0,441.8500061035156,492.0,475.7,476.7049957275391,478.1266642252604,474.67249908447263,476.31599853515627,479.3149983723959,-0.0501174196277522,0.0573823617182451,0.0638298151433565,-0.0503975549208202,2.0,0.729400000000521,0.0,0.0,0.0
477.0499877929688,481.5499877929688,457.25,463.0,475.05,476.00499572753904,478.5066630045573,475.624998474121,476.057998046875,478.82166442871096,0.025252525915019,-0.029451814594881,0.0094329737242397,-0.0415050587980763,2.0,0.7294000000002605,1.0,1.0,1.0
484.3999938964844,495.0,478.0499877929688,483.0,477.30999755859375,476.0299957275391,479.0366617838542,475.6924987792969,475.4539978027344,478.68333129882814,0.0154072032105478,-0.0028901608466649,0.0218827544118029,-0.0131090135910956,2.0,0.7294000000001303,1.0,1.0,1.0
491.2000122070313,494.3500061035156,479.0,491.6499938964844,481.55999755859375,477.6499969482422,479.4499959309896,477.3799987792969,475.7019982910156,478.59666544596354,0.0140380231136006,0.0009160864785635,0.0064128538644188,-0.0248371577846971,2.0,0.7294000000000651,1.0,1.0,1.0
544.7999877929688,563.7000122070312,402.7999877929688,495.9500122070313,492.5499938964844,485.2999969482422,483.0499959309896,481.7899978637696,478.317998046875,480.061664835612,0.1091204687579408,-0.0896658896484798,0.0346916755461543,-0.2606461145038826,2.0,0.7294000000000326,1.0,1.0,1.0
538.0999755859375,548.9500122070312,528.5999755859375,544.7999877929688,507.1099914550781,491.4049957275391,486.8399943033854,485.3724960327148,481.1599975585938,481.4483306884766,-0.0122981137245864,0.0124512404962211,0.0201636073469044,-0.0176547118212659,2.0,0.7294000000000163,0.0,0.0,0.0
529.75,536.3499755859375,525.0,532.0,517.6499938964844,496.34999694824216,489.88666178385415,488.2924957275391,484.0299975585938,482.9899973551432,-0.0155175171246666,0.0042472864558753,0.0124586608512269,-0.0089664936290703,2.0,0.7294000000000082,0.0,0.0,0.0
555.8499755859375,574.4000244140625,527.4000244140625,527.4000244140625,531.939990234375,504.6249938964844,494.666660563151,492.2624938964844,486.9419970703125,484.8683298746745,0.0492684768021472,-0.0511827874812534,0.0333724019841339,-0.0511827874812534,2.0,0.729400000000004,1.0,1.0,1.0
621.5,633.9000244140625,562.75,562.75,557.9999877929688,519.7799926757813,504.4333272298177,499.0874938964844,493.5039965820313,489.4183298746745,0.1181074521859228,-0.0945293644408689,0.0199517689687249,-0.0945293644408689,2.0,0.729400000000002,1.0,1.0,1.0
592.7999877929688,623.6500244140625,591.0499877929688,623.5499877929688,567.5999877929687,530.0749908447266,512.7333272298177,504.1874938964844,498.9519958496094,493.198329671224,-0.0461786198021419,0.0518724707037936,0.0520412234419072,-0.0029520918286711,2.0,0.729400000000001,0.0,0.0,0.0
581.0999755859375,597.4500122070312,575.75,597.4000244140625,576.1999877929687,541.6549896240234,519.6699930826823,509.1799926757813,503.5379943847656,496.9999959309896,-0.0197368631038457,0.0280503347323139,0.0281363574393676,-0.0092066353651847,2.0,0.7294000000000005,0.0,0.0,0.0
581.75,610.0,555.0,588.0999755859375,586.5999877929687,552.1249908447265,526.4333272298177,514.0649932861328,507.953994140625,501.1249959309896,0.0011186102931893,0.0109152996750108,0.0485603781693166,-0.045981951009884,2.0,0.7294,1.0,1.0,1.0
581.75,610.0,555.0,588.0999755859375,586.5999877929687,552.1249908447265,526.4333272298177,514.0649932861328,507.953994140625,501.1249959309896,0.0011186102931893,0.0109152996750108,0.0485603781693166,-0.045981951009884,2.0,0.7294,1.0,1.0,1.0
561.25,587.9000244140625,555.0999755859375,583.0,587.6799926757812,559.8099914550781,532.3099934895833,517.9199935913086,511.3459936523437,503.7316630045573,-0.0352385045122475,0.0387527839643653,0.0474833397132516,-0.0109577272410913,2.0,0.7248,0.0,0.0,0.0
563.5999755859375,575.7000122070312,558.0999755859375,560.9000244140625,576.0999877929687,567.0499877929688,538.5533243815104,522.3499923706055,514.4899926757812,507.2699951171875,0.004187038905902,-0.0047905452250384,0.0214691929475585,-0.0097586945320251,2.0,0.7224999999999999,1.0,1.0,1.0
562.2999877929688,578.0,560.0,569.4000244140625,569.9999877929688,568.7999877929688,543.3833231608073,527.0499923706054,517.3499926757812,510.7933278401693,-0.002306578866717,0.0126267771211616,0.0279210609067481,-0.004090321612839,2.0,0.7213499999999999,0.0,0.0,0.0
546.3499755859375,567.0,535.0,567.0,563.0499877929688,569.6249877929688,548.7866556803385,530.5149917602539,519.9539916992187,513.4566599527994,-0.0283656634417424,0.0377963308077688,0.0377963308077688,-0.0207741852166555,2.0,0.7207749999999999,0.0,0.0,0.0
533.5,549.7000122070312,528.0,541.0,553.3999877929688,569.9999877929688,552.549989827474,533.1749923706054,521.9319921875,515.5283264160156,-0.0235196781553004,0.0140581068416119,0.0303655336589152,-0.0103092783505154,2.0,0.7204875,0.0,0.0,0.0
533.5,543.75,527.6500244140625,536.1500244140625,547.8499877929687,567.764990234375,555.8233235677084,536.1949920654297,523.9059924316406,517.4299926757812,0.0,0.0049672435127694,0.0192127460168696,-0.0109652775743908,2.0,0.72034375,0.0,0.0,0.0
539.5,551.0999755859375,536.0,536.7000122070312,543.0299926757813,559.564990234375,559.0433227539063,539.6724914550781,526.4859924316406,519.246659342448,0.0112464854732895,-0.0051899681055954,0.021501344922961,-0.0064874884151993,2.0,0.7202718749999999,1.0,1.0,1.0
546.0499877929688,550.8499755859375,538.2000122070312,545.0,539.7799926757813,554.889990234375,559.1266560872396,542.4824905395508,529.5959924316406,521.0883260091146,0.0121408485504518,-0.0019228785210904,0.0087903816505323,-0.0143759285073251,2.0,0.7202359374999999,1.0,1.0,1.0
563.5,568.7000122070312,544.0499877929688,549.0,543.2099975585937,553.1299926757813,560.819991048177,547.3924911499023,533.0539929199218,523.8299926757812,0.031956803584157,-0.025732031943212,0.0092280607045807,-0.034516436924634,2.0,0.7202179687499999,1.0,1.0,1.0
562.2000122070312,570.0,553.3499755859375,570.0,548.95,551.1749938964844,562.9833251953125,551.6499923706054,536.3299938964843,526.4349934895833,-0.0023069880975488,0.0138740441544074,0.0138740441544074,-0.0157417937191981,2.0,0.7202089843749999,0.0,0.0,0.0
550.0499877929688,568.9000244140625,548.0,564.75,552.2599975585938,550.0549926757812,562.5966593424479,554.9324920654296,539.4079931640625,528.6316599527995,-0.0216115691039654,0.0267248659817516,0.0342696791917549,-0.0037269118052236,2.0,0.7202044921874999,0.0,0.0,0.0
543.9000244140625,553.9500122070312,538.2000122070312,553.9500122070312,553.1400024414063,548.0849975585937,557.4233276367188,557.5674926757813,542.3659936523437,530.9283274332682,-0.011180735415671,0.0184776380618763,0.0184776380618763,-0.0104798895958347,2.0,0.7202022460937499,0.0,0.0,0.0
542.25,551.75,536.5999755859375,542.0999755859375,552.3800048828125,546.0799987792968,554.0533284505208,557.4399932861328,544.4619934082032,533.3933278401693,-0.003033690641658,-0.0002766701965191,0.0175195942830796,-0.0104195932025127,2.0,0.720201123046875,0.0,0.0,0.0
543.75,549.9000244140625,528.7999877929688,544.5999755859375,548.4300048828125,545.8200012207031,551.563330078125,557.7224945068359,547.5999938964844,535.6166615804036,0.0027662517289073,0.0015631734913792,0.0113103897270114,-0.0274942753232758,2.0,0.7202005615234375,1.0,1.0,1.0
538.1500244140625,548.0,536.0,548.0,543.6200073242187,546.2850036621094,548.6566650390625,558.1424957275391,550.0439953613281,537.5449961344401,-0.0102988056752873,0.0183034007973188,0.0183034007973188,-0.0039952138186808,2.0,0.7202002807617187,0.0,0.0,0.0
533.2999877929688,545.0499877929688,531.0,539.0,540.2700073242188,546.2650024414063,546.7933308919271,557.0149963378906,551.9999951171875,539.5516621907552,-0.0090124247906045,0.0106881911447633,0.0220326275435083,-0.0043127467571997,2.0,0.7202001403808593,0.0,0.0,0.0
531.6500244140625,535.4500122070312,523.0,533.0,537.8200073242188,545.4800048828125,544.6633341471354,552.5224975585937,553.6179956054688,541.608329264323,-0.0030938747734357,0.0025392185158372,0.007147536195746,-0.0162701476852104,2.0,0.7202000701904296,0.0,0.0,0.0
530.5,545.0,525.0499877929688,530.0,535.4700073242187,543.9250061035157,542.5433349609375,549.4074981689453,553.04599609375,542.9633290608724,-0.0021631230344246,-0.000942507068803,0.0273327049952873,-0.0102733500603793,2.0,0.7202000350952148,0.0,0.0,0.0
532.3499755859375,535.0,517.0,529.9500122070312,533.1900024414062,540.8100036621094,541.6100016276042,546.9699981689453,552.81599609375,545.1983286539713,0.0034872301337181,-0.0045082436159872,0.0049779741440689,-0.0288343689112455,2.0,0.7202000175476073,1.0,1.0,1.0
503.7999877929688,532.5,500.3500061035156,532.0,526.3199951171875,534.9700012207031,539.6300008138021,543.0724975585938,551.7779956054687,546.089995320638,-0.0536301100822722,0.0559746186786724,0.0569670760270546,-0.0068479193589636,2.0,0.7202000087738036,0.0,0.0,0.0
528.8499755859375,554.9500122070312,496.0499877929688,500.2999877929688,525.4299926757812,532.85,539.319999186198,541.4524963378906,550.6979956054688,547.5716613769531,0.049722088924033,-0.0539850413367929,0.0493524398713951,-0.062021346898292,2.0,0.7202000043869018,1.0,1.0,1.0
527.0,533.9000244140625,514.8499755859375,533.9000244140625,524.4999877929688,531.1599975585938,538.4866658528646,539.6224975585938,546.9179956054687,548.7649943033854,-0.0034981103740958,0.013093025453629,0.013093025453629,-0.0230550747894924,2.0,0.7202000021934509,0.0,0.0,0.0
527.0999755859375,540.7000122070312,521.9000244140625,521.9000244140625,523.8199829101562,529.6449951171875,537.2233317057292,537.8624969482422,544.2899951171875,548.1749938964844,0.0001897069941888,-0.0098652085234771,0.025801626353664,-0.0098652085234771,2.0,0.7202000010967254,1.0,1.0,1.0
524.4000244140625,529.75,520.5,523.0,522.2299926757812,527.7099975585937,534.6166666666667,536.7649993896484,542.0219970703125,547.7183288574219,-0.0051222752740097,-0.0026697642045818,0.0102020887430644,-0.0074371171481545,2.0,0.7202000005483626,0.0,0.0,0.0
525.4500122070312,532.2000122070312,522.0499877929688,524.4000244140625,526.5599975585938,526.4399963378906,532.1666666666666,536.3625,539.7699975585938,547.5749959309895,0.00200226495821,-0.0019982639044169,0.0128461315885182,-0.0064706905225513,2.0,0.7202000002741813,1.0,1.0,1.0
534.2999877929688,545.7999877929688,528.2000122070312,532.7000122070312,527.65,526.5399963378907,531.1166666666667,536.4024993896485,538.6919970703125,546.8566630045573,0.016842659397352,-0.0029945267125056,0.0215234891685156,-0.0114167616045335,2.0,0.7202000001370906,1.0,1.0,1.0
544.2999877929688,549.5,535.5499877929688,540.0,531.1099975585937,527.8049926757812,531.1433308919271,536.6424987792968,537.9199975585938,544.2833292643229,0.0187160775378396,-0.00790003286681,0.0095535776660886,-0.0160756939118803,2.0,0.7202000000685453,1.0,1.0,1.0
549.4000244140625,553.2000122070312,540.5,548.0,535.5700073242188,529.6949951171875,531.6199991861979,536.8100006103516,537.4039990234374,542.8366638183594,0.0093699003040095,-0.0025482787620106,0.006916613804343,-0.0161995340709247,2.0,0.7202000000342726,1.0,1.0,1.0
550.0499877929688,556.3499755859375,535.8499755859375,556.3499755859375,540.7,531.4649963378906,532.0399983723959,536.1375,537.5519995117188,541.8016642252604,0.0011830421369191,0.0114534822884859,0.0114534822884859,-0.0258158576896031,2.0,0.7202000000171362,1.0,1.0,1.0
550.0499877929688,552.25,529.5,544.4000244140625,545.6199951171875,536.0899963378906,532.833329264323,535.5299987792969,538.2139990234375,540.7449971516927,0.0,-0.0102717271235225,0.0039996586780386,-0.0373602186147188,2.0,0.7202000000085681,0.0,0.0,0.0
545.5,548.5499877929688,525.25,525.25,547.8599975585937,537.7549987792969,533.6466634114583,535.3024993896485,538.6939990234375,540.2199971516927,-0.0082719532659662,-0.037121906507791,0.0055911783555797,-0.037121906507791,2.0,0.7202000000042841,0.0,0.0,0.0
534.7000122070312,557.4000244140625,528.6500244140625,545.5,545.9400024414062,538.525,533.8499959309896,534.8424987792969,538.5019995117187,539.2566650390625,-0.019798327759796,0.020198218714061,0.0424537342225495,-0.0113147328499148,2.0,0.720200000002142,0.0,0.0,0.0
561.7999877929688,567.6500244140625,545.9500122070312,545.9500122070312,548.4199951171875,541.9950012207031,535.9366617838542,535.8199981689453,539.1319995117187,539.2399983723958,0.0506825789550283,-0.0282128443046147,0.0104130237597113,-0.0282128443046147,2.0,0.7202,1.0,1.0,1.0
561.7999877929688,567.6500244140625,545.9500122070312,545.9500122070312,548.4199951171875,541.9950012207031,535.9366617838542,535.8199981689453,539.1319995117187,539.2399983723958,0.0506825789550283,-0.0282128443046147,0.0104130237597113,-0.0282128443046147,2.0,0.7202,1.0,1.0,1.0
524.5999755859375,602.3499755859375,517.0,586.0,543.3299926757812,542.0149963378906,535.4199951171875,534.8624969482422,537.5759985351563,538.5149983723958,-0.0662157583042525,0.1170416074562021,0.1482081654944023,-0.0144871825002449,2.0,0.6992499999999999,0.0,0.0,0.0
518.5999755859375,541.0,516.0,529.9500122070312,537.039990234375,541.3299926757812,536.406660970052,533.8849945068359,535.8319970703125,538.0183308919271,-0.0114372860831693,0.0218859181554529,0.0431932616054482,-0.0050134510380567,2.0,0.6887749999999999,0.0,0.0,0.0
501.0,520.6500244140625,499.0499877929688,517.75,528.139990234375,537.9999938964844,534.5499959309896,532.2699951171875,533.8699975585937,536.9349975585938,-0.0339374786241597,0.0334331337325348,0.0392216056168912,-0.003892239934194,2.0,0.6835374999999999,0.0,0.0,0.0
502.7000122070313,513.3499755859375,500.0,505.0,521.739990234375,533.8399963378906,532.9299967447917,530.8224945068359,532.2219970703125,535.7083312988282,0.0033932379381861,0.0045752690215203,0.0211855244087804,-0.0053710207707718,2.0,0.68091875,1.0,1.0,1.0
495.1000061035156,502.1000061035156,488.0499877929688,502.0,508.3999938964844,528.4099945068359,530.7966654459635,529.0524948120117,530.3359973144532,534.0099985758463,-0.0151183726257513,0.0139365659693442,0.0141385576927997,-0.0142395843741371,2.0,0.6796093750000001,0.0,0.0,0.0
493.9500122070313,506.5,491.2999877929688,495.1000061035156,502.2700012207032,522.7999969482422,528.7666646321615,527.1324966430664,528.3439978027344,531.6916656494141,-0.0023227507216873,0.0023281584534151,0.0254074045608254,-0.005364964770872,2.0,0.6789546875000001,0.0,0.0,0.0
496.5499877929688,505.25,491.2000122070313,494.7000122070313,497.86000366210936,517.4499969482422,526.8399963378906,526.7699966430664,526.6799963378907,529.5033315022787,0.0052636411006864,-0.0037256583051389,0.0175209191841902,-0.0107742940639605,2.0,0.6786273437500001,1.0,1.0,1.0
498.3999938964844,500.75,495.0,496.5499877929688,497.3400024414062,512.7399963378906,524.4466634114583,525.2474975585938,525.2839965820312,527.7816650390625,0.0037257197643653,-0.0037118903013065,0.0047151005864654,-0.00682181769286,2.0,0.6784636718750001,1.0,1.0,1.0
492.0,502.1000061035156,489.25,498.3999938964844,495.2,508.4699951171875,520.9599975585937,523.4974975585938,523.6979956054688,526.0516642252604,-0.0128410794038124,0.0130081176757812,0.0205284676900723,-0.0055894308943089,2.0,0.6783818359375,0.0,0.0,0.0
498.2000122070313,505.6499938964844,493.75,494.9500122070313,495.8200012207032,502.10999755859376,517.5466634114583,522.0524993896485,522.40599609375,524.5833312988282,0.0126016508272992,-0.0065234843845195,0.014953796681878,-0.0089321800441506,2.0,0.6783409179687501,1.0,1.0,1.0
494.0,502.3999938964844,491.0,496.7000122070313,495.8299987792969,499.05,513.8099975585938,520.5324981689453,520.8719970703125,522.9249979654948,-0.0084303735530337,0.0054656117551239,0.017004036227701,-0.0060728744939271,2.0,0.678320458984375,0.0,0.0,0.0
498.2999877929688,501.1000061035156,491.0,492.0,496.17999877929685,497.0200012207032,510.35999755859376,519.1749969482422,520.6519970703125,521.5966634114583,0.0087044287307059,-0.0126429619652855,0.0056191418405375,-0.0146497852133236,2.0,0.6783102294921874,1.0,1.0,1.0
506.1499938964844,513.9000244140625,498.0499877929688,501.3999938964844,497.72999877929686,497.5350006103516,507.7366638183594,517.767497253418,519.7439978027344,520.6916636149089,0.0157535747457756,-0.0093845699047295,0.0153117269802103,-0.0160031733699322,2.0,0.6783051147460937,1.0,1.0,1.0
499.6499938964844,515.0,495.8500061035156,515.0,499.25999755859374,497.22999877929686,505.3999959309896,515.5349975585938,518.6499975585938,519.6249959309896,-0.0128420430275246,0.0307215176444008,0.0307215176444008,-0.0076052993883474,2.0,0.6783025573730468,0.0,0.0,0.0
492.1499938964844,501.1000061035156,488.5,501.0,498.0499938964844,496.93499755859375,500.7566630045573,512.6724960327149,517.2519982910156,518.3466623942057,-0.0150105075385106,0.0179823350874146,0.0181855375759971,-0.0074164257680597,2.0,0.6783012786865235,0.0,0.0,0.0
502.2999877929688,506.3999938964844,491.0,493.0,499.7099914550781,497.7699951171875,499.26999715169273,510.2849960327149,516.3679968261719,517.3449961344401,0.0206237814129065,-0.0185148079215201,0.008162465067002,-0.0224964922707229,2.0,0.6783006393432618,1.0,1.0,1.0
500.2000122070313,504.8500061035156,496.75,504.5,500.0899963378906,498.13499755859374,498.0433329264323,507.792497253418,515.3579968261719,517.2249969482422,-0.0041807199621176,0.0085965367613565,0.0092962690583857,-0.0068972653395363,2.0,0.6783003196716308,0.0,0.0,0.0
499.6000061035156,502.6499938964844,497.5,500.25,498.7799987792969,498.2549987792969,497.95,505.49749755859375,513.9699975585937,516.2499979654948,-0.0011995323647998,0.001301028599967,0.0061048593989343,-0.0042033748556049,2.0,0.6783001598358154,0.0,0.0,0.0
495.4500122070313,499.2999877929688,492.6000061035156,499.2999877929688,497.9400024414063,498.6,497.4666666666666,503.5349975585938,512.0159985351562,515.1983317057292,-0.0083066329979677,0.0077706640247869,0.0077706640247869,-0.0057523585292086,2.0,0.6783000799179078,0.0,0.0,0.0
502.7000122070313,508.0,491.0499877929688,493.25,500.0500061035156,499.05,497.9733337402344,500.5799987792969,510.147998046875,514.384999593099,0.0146331614115905,-0.0187985119903665,0.0105430428968957,-0.0231749037819091,2.0,0.6783000399589538,1.0,1.0,1.0
500.4500122070313,516.6500244140625,495.0,504.9500122070313,499.6800109863281,499.6950012207032,498.4066670735677,499.3725006103516,508.1639990234375,513.5866658528646,-0.0044758304065315,0.0089919070641133,0.0323708898229169,-0.0108902229475351,2.0,0.6783000199794769,0.0,0.0,0.0
502.3999938964844,503.9500122070313,491.25,499.9500122070313,500.1200073242188,500.10500183105466,498.7966674804687,498.5625015258789,506.2579992675781,512.8183319091797,0.0038964564729522,-0.0048765559697795,0.0030852275664363,-0.0221934594584842,2.0,0.6783000099897385,1.0,1.0,1.0
501.8999938964844,510.0,497.0499877929688,502.3999938964844,500.5800048828125,499.6800018310547,499.0300008138021,498.6075012207031,504.5139990234375,511.7383321126302,-0.0009952229420269,0.0009962143974504,0.0161386853995184,-0.0096632918160901,2.0,0.6783000049948693,0.0,0.0,0.0
491.1499938964844,506.8999938964844,490.0499877929688,506.8999938964844,499.7200012207031,498.8300018310547,498.9733337402344,498.0300003051758,502.7719982910156,509.9666656494141,-0.0214186095451859,0.0320675968557977,0.0320675968557977,-0.0022396541121559,2.0,0.6783000024974346,0.0,0.0,0.0
490.6000061035156,498.8500061035156,487.4500122070313,494.1000061035156,497.3,498.6750030517578,498.4666666666666,497.8050003051758,499.9239990234375,508.0066650390625,-0.0011197959886051,0.0071341213951421,0.0168161432885496,-0.0064206968147075,2.0,0.6783000012487173,0.0,0.0,0.0
490.2999877929688,495.7000122070313,489.1000061035156,495.0,495.2699951171875,497.4750030517578,498.2199991861979,497.6224990844727,498.5519995117188,506.01499837239584,-0.0006115334423448,0.0095859929105603,0.0110137151713385,-0.0024474438493353,2.0,0.6783000006243587,0.0,0.0,0.0
515.75,525.0,490.2999877929688,490.2999877929688,497.93999633789065,499.0300018310547,499.3833333333333,498.5824996948242,498.43800048828126,504.8716654459635,0.0519070219063061,-0.0493456368531871,0.0179350460494425,-0.0493456368531871,2.0,0.6783000003121793,1.0,1.0,1.0
517.1500244140625,523.7000122070312,506.5499877929688,518.4000244140625,500.9900024414063,500.7850036621094,500.1166687011719,499.5200012207032,499.08400146484377,503.9266662597656,0.002714540793141,0.002417093572443,0.0126655467151721,-0.0204970243076053,2.0,0.6783000001560897,1.0,1.0,1.0
528.9500122070312,535.0,515.4500122070312,522.0,508.5500061035156,504.1350036621094,502.0700032552084,501.3675018310547,500.1340014648438,503.73499959309896,0.022817339719433,-0.0131392608878719,0.0114377306992117,-0.0255222604942791,2.0,0.6783000000780448,1.0,1.0,1.0
517.75,530.0,510.0,530.0,513.9800048828125,505.64000244140624,503.7766703287761,502.3450012207031,501.0400012207031,502.26666666666665,-0.0211740465990339,0.0236600676001932,0.0236600676001932,-0.0149686141960405,2.0,0.6783000000390225,0.0,0.0,0.0
516.7999877929688,522.5,508.5499877929688,520.3499755859375,519.2800048828125,507.275,504.7433369954427,503.4850006103516,501.9540002441406,502.0066670735677,-0.0018348859623973,0.0068691715882758,0.0110294356456421,-0.015963622668089,2.0,0.6783,0.0,0.0,0.0
516.7999877929688,522.5,508.5499877929688,520.3499755859375,519.2800048828125,507.275,504.7433369954427,503.4850006103516,501.9540002441406,502.0066670735677,-0.0018348859623973,0.0068691715882758,0.0110294356456421,-0.015963622668089,2.0,0.6783,0.0,0.0,0.0
519.7000122070312,525.0,517.0499877929688,524.9500122070312,520.0700073242188,509.0050018310547,506.0433369954427,504.5550018310547,502.8800012207032,502.0433349609375,0.0056115024817381,0.0101019816753604,0.0101981675360389,-0.0050991424895461,2.0,0.532575,1.0,1.0,1.0
519.4000244140625,525.0,517.9500122070312,525.0,520.5200073242188,510.7550048828125,507.36333821614585,505.2175033569336,503.7200024414062,502.6566691080729,-0.0005772326071242,0.0107816236478903,0.0107816236478903,-0.0027917060817758,2.0,0.4597125,0.0,0.0,0.0
520.0499877929688,522.0,512.6500244140625,522.0,518.7400024414062,513.6450042724609,509.0033365885417,506.2375030517578,504.842001953125,503.23500162760416,0.0012513734084619,0.0037496630185627,0.0037496630185627,-0.0142293309347257,2.0,0.42328125,1.0,1.0,1.0
511.6000061035156,519.7999877929688,510.0,519.3499755859375,517.5100036621094,515.745004272461,509.59666951497394,507.2100036621094,505.3780017089844,503.7850016276042,-0.0162484028224168,0.0151484937254942,0.0160281110078681,-0.003127455208028,2.0,0.405065625,0.0,0.0,0.0
508.9500122070313,517.2000122070312,507.0,512.0,515.9400085449219,517.6100067138672,510.1633361816406,507.5425048828125,505.9760021972656,504.2850016276042,-0.0051798159985717,0.005992706002192,0.0162098434072619,-0.0038314415173607,2.0,0.3959578125,0.0,0.0,0.0
514.25,518.4500122070312,508.9500122070313,509.9500122070313,514.8500061035156,517.4600067138672,510.9533365885417,508.24500427246096,506.6140026855469,504.8750020345052,0.0104135723859906,-0.008361668046609,0.0081672575732256,-0.0103062475312956,2.0,0.39140390625,1.0,1.0,1.0
517.0,529.0,509.0,514.25,514.3700012207031,517.4450042724609,511.9600036621094,509.11500396728513,507.0480029296875,505.4950022379557,0.0053475935828877,-0.0053191489361702,0.02321083172147,-0.0154738878143133,2.0,0.389126953125,1.0,1.0,1.0
500.0499877929688,518.7999877929688,497.5499877929688,508.9500122070313,510.3700012207031,514.5550018310547,512.5533365885417,509.34500274658205,507.0640026855469,505.763335164388,-0.0327853234178554,0.0177982694357095,0.0374962512903067,-0.0049995001720408,2.0,0.3879884765625,0.0,0.0,0.0
505.1499938964844,511.75,494.0499877929688,497.7999877929688,509.0799987792969,513.2950012207032,513.5233357747396,509.4675018310547,507.58400268554686,505.9950012207031,0.0101989925567744,-0.0145501458820601,0.0130654383515009,-0.0219736835348556,2.0,0.38741923828125,1.0,1.0,1.0
486.6000061035156,510.5,479.6000061035156,510.5,504.60999755859376,510.2750030517578,513.276670328776,508.7750015258789,506.9560034179688,505.748334757487,-0.036721742090667,0.0491163041444764,0.0491163041444764,-0.0143855320842533,2.0,0.387134619140625,0.0,0.0,0.0
495.3500061035156,501.8500061035156,488.0,490.0499877929688,500.8299987792969,507.8400024414062,511.9166707356771,508.4225021362305,506.7620031738281,505.6500020345052,0.0179819151053166,-0.0106995422332533,0.0131220347631157,-0.0148380054768378,2.0,0.3869923095703125,1.0,1.0,1.0
494.7999877929688,499.8999938964844,489.0,495.6499938964844,496.3899963378906,505.3799987792969,510.4266682942708,508.0675018310547,506.5700024414063,505.27166849772135,-0.001110362983284,0.001717878182065,0.0103072074157963,-0.0117218834601013,2.0,0.3869211547851562,0.0,0.0,0.0
502.4500122070313,521.4000244140625,497.75,497.75,496.8700012207031,503.6200012207031,508.6600016276042,508.632502746582,506.8500024414063,505.3650024414063,0.0154608419619916,-0.0093541886612485,0.03771521892057,-0.0093541886612485,2.0,0.3868855773925781,1.0,1.0,1.0
500.1000061035156,509.6000061035156,497.0,506.5,495.86000366210936,502.4700012207031,507.48333536783855,509.1075027465821,506.7460021972656,505.6300028483073,-0.0046770943306243,0.0127974281511198,0.0189962005280071,-0.0061987723768872,2.0,0.386867788696289,0.0,0.0,0.0
492.25,507.3500061035156,490.7000122070313,500.1000061035156,496.9900024414063,500.8,505.84666951497394,509.2050033569336,506.4180017089844,505.2950032552083,-0.0156968726408908,0.015947193709529,0.0306754821808341,-0.0031487817023234,2.0,0.3868588943481446,0.0,0.0,0.0
494.75,499.0,488.1000061035156,496.0,496.8700012207031,498.85,504.18333536783854,508.1550033569336,506.112001953125,505.1133361816407,0.005078720162519,0.0025265285497726,0.0085901970692268,-0.0134411195482251,2.0,0.3868544471740723,1.0,1.0,1.0
493.1499938964844,495.8999938964844,490.0,490.0,496.5400024414063,496.4649993896484,502.4333333333333,506.9550018310547,505.762001953125,504.8983357747396,-0.0032339688802741,-0.0063874965740049,0.0055763967029009,-0.0063874965740049,2.0,0.3868522235870362,0.0,0.0,0.0
489.3999938964844,495.6000061035156,485.1000061035156,495.6000061035156,493.92999877929685,495.4,500.390000406901,504.97750091552734,505.692001953125,504.69666849772136,-0.0076041773221377,0.0126685988646388,0.0126685988646388,-0.0087862440674207,2.0,0.3868511117935181,0.0,0.0,0.0
478.6499938964844,487.3999938964844,473.3500061035156,486.0,489.6399963378906,492.75,498.1933329264323,503.0225006103516,505.21400146484376,503.8950012207032,-0.02196567252568,0.0153557008194702,0.0182805810332724,-0.0110727835799679,2.0,0.3868505558967591,0.0,0.0,0.0
477.1000061035156,485.75,473.5,480.0,486.60999755859376,491.8,496.0699991861979,501.0375015258789,504.6860021972656,503.1166676839193,-0.0032382488514226,0.0060783774038668,0.0181303579665172,-0.007545600623477,2.0,0.3868502779483795,0.0,0.0,0.0
460.3500061035156,480.75,452.3500061035156,480.75,479.72999877929686,488.3,492.4766662597656,498.0700012207032,502.4700024414062,501.7150014241536,-0.0351079433781557,0.0443140949842784,0.0443140949842784,-0.0173780816638049,2.0,0.3868501389741898,0.0,0.0,0.0
449.0499877929688,463.7999877929688,446.8999938964844,456.8999938964844,470.9099975585938,483.725,487.9466654459636,494.55249938964846,499.7460009765625,499.9533345540365,-0.0245465801253968,0.017481363582922,0.0328471225942899,-0.0047878720742234,2.0,0.3868500694870949,0.0,0.0,0.0
456.9500122070313,467.3999938964844,446.1499938964844,450.8500061035156,464.4200012207031,479.175,485.0733337402344,491.3975006103516,496.8660009765625,498.813335164388,0.0175927505373961,-0.0133493947708921,0.022868982186871,-0.0236350104432291,2.0,0.3868500347435474,1.0,1.0,1.0
442.8999938964844,461.8500061035156,432.3500061035156,458.0,457.2700012207032,473.4549987792969,480.9233337402344,487.9625,493.8720007324219,497.22333475748695,-0.0307473857866562,0.0340934890756507,0.0427862101336138,-0.0238202482238789,2.0,0.3868500173717737,0.0,0.0,0.0
440.2999877929688,447.6000061035156,438.2999877929688,443.0,449.9099975585938,468.25999755859374,477.8366658528646,484.5299987792969,490.8120007324219,495.5566680908203,-0.005870413500442,0.0061322104971321,0.0165796468610837,-0.0045423576094678,2.0,0.3868500086858868,0.0,0.0,0.0
440.1499938964844,446.8999938964844,436.5,446.5,445.8699951171875,462.7999969482422,474.1566650390625,480.8249984741211,487.63,493.0366678873698,-0.0003406629585347,0.0144269139874373,0.0153356812304932,-0.0082926137614415,2.0,0.3868500043429435,0.0,0.0,0.0
459.2999877929688,463.2000122070313,441.1499938964844,441.1499938964844,447.9199951171875,459.4149963378906,471.7899983723958,477.9399978637695,485.2259985351562,491.10833333333335,0.0435078817722035,-0.0395166435420537,0.0084912356144464,-0.0395166435420537,2.0,0.3868500021714717,1.0,1.0,1.0
479.0,496.2999877929688,453.6000061035156,459.2999877929688,452.3299926757812,458.3749969482422,470.2266642252605,476.8874984741211,483.5839990234375,489.4433329264323,0.042891384129344,-0.0411273741274138,0.0361168847452375,-0.0530271271325352,2.0,0.3868500010857358,1.0,1.0,1.0
486.5,491.4500122070313,480.8500061035156,486.0,461.0499938964844,459.1599975585938,469.3199971516927,475.9549987792969,482.5799987792969,488.4016662597657,0.0156576200417536,-0.001027749229188,0.0101747424604958,-0.0116135537440583,2.0,0.3868500005428679,1.0,1.0,1.0
475.2000122070313,488.9500122070313,463.3500061035156,488.0,468.0299987792969,458.9699981689453,468.18333129882814,475.3849990844727,481.22999877929686,487.015000406901,-0.0232271074881166,0.0269360005558925,0.0289351844418923,-0.0249368808903837,2.0,0.386850000271434,0.0,0.0,0.0
484.7000122070313,513.8499755859375,470.2999877929688,490.5,476.9400024414063,461.4049987792969,467.5133321126302,474.8524993896484,480.0479992675781,485.8483337402344,0.0199915819780347,0.0119661391518417,0.0601402158959618,-0.0297091480326016,2.0,0.386850000135717,1.0,1.0,1.0
484.9500122070313,490.4500122070313,472.1499938964844,472.1499938964844,482.0700073242188,464.9950012207031,466.9666666666666,474.3600006103516,478.76599975585935,484.7,0.0005157829455412,-0.0263945107502799,0.0113413751140436,-0.0263945107502799,2.0,0.3868500000678585,1.0,1.0,1.0
485.0499877929688,488.0,477.0499877929688,486.0,483.2800048828125,467.80499877929685,466.6766662597656,473.48999938964846,478.1659997558594,483.53333333333336,0.0002061564767933,0.0019585861889284,0.0060818725518458,-0.0164931454516695,2.0,0.3868500000339293,1.0,1.0,1.0
489.9500122070313,498.0,478.9500122070313,483.3999938964844,483.9700073242187,472.51000061035154,467.4300008138021,472.9824996948242,477.55800048828127,482.8116668701172,0.0101021019222331,-0.0133687481321648,0.0164302226602806,-0.0224512699784399,2.0,0.38685,1.0,1.0,1.0
489.9500122070313,498.0,478.9500122070313,483.3999938964844,483.9700073242187,472.51000061035154,467.4300008138021,472.9824996948242,477.55800048828127,482.8116668701172,0.0101021019222331,-0.0133687481321648,0.0164302226602806,-0.0224512699784399,2.0,0.38685,1.0,1.0,1.0
489.3999938964844,494.7999877929688,477.0499877929688,488.2000122070313,486.81000366210935,477.4200012207031,468.25,472.8399993896484,477.67,482.159999593099,-0.0011226008711975,-0.0024519446351013,0.0110339067507765,-0.0252349943962766,2.0,0.605575,0.0,0.0,0.0
481.5499877929688,492.0,475.4500122070313,492.0,486.17999877929685,481.5600006103516,469.6633321126302,472.17999877929685,477.1179992675781,481.0699991861979,-0.0160400617111082,0.0217007838686187,0.0217007838686187,-0.012667377718967,2.0,0.7149375,0.0,0.0,0.0
474.7999877929688,486.5,468.0,480.0,484.1499938964844,483.1100006103516,471.3799987792969,471.2624984741211,476.3179992675781,479.6633321126302,-0.0140172363640511,0.010952005772373,0.0246419808505407,-0.0143217943719362,2.0,0.76961875,0.0,0.0,0.0
482.2000122070313,486.5499877929688,471.0,473.0,483.5799987792969,483.4300018310547,473.06333211263023,470.9024993896484,475.5079992675781,479.0683329264323,0.0155855615086687,-0.0190792450728541,0.0090211021895822,-0.0232269015418907,2.0,0.796959375,1.0,1.0,1.0
482.5499877929688,485.9500122070313,474.8999938964844,480.0,482.0999938964844,483.0350006103516,475.7066650390625,471.09749908447264,474.8059985351563,478.3149993896485,0.0007257892515092,-0.005284401321056,0.0070459527511608,-0.0158532672054827,2.0,0.8106296875000001,1.0,1.0,1.0
488.3500061035156,494.0,482.6499938964844,483.0,481.8899963378906,484.35,478.909999593099,471.65999908447264,474.6499987792969,478.3733327229818,0.0120195180960926,-0.0109552698610626,0.0115695583615631,-0.0116719814391136,2.0,0.8174648437500001,1.0,1.0,1.0
487.75,492.5,481.0,489.7000122070313,483.1299987792969,484.6549987792969,482.0833333333333,473.0299987792969,474.3699987792969,478.1199991861979,-0.0012286394922015,0.0039979747965785,0.0097385955920041,-0.0138390568939005,2.0,0.820882421875,0.0,0.0,0.0
490.2999877929688,495.0499877929688,486.5499877929688,492.6499938964844,486.22999877929686,485.18999633789065,484.15,475.0924987792969,474.25599853515627,477.9699991861979,0.0052280631326883,0.0047929964552801,0.0096879463966164,-0.0076483787341709,2.0,0.8225912109375,1.0,1.0,1.0
495.3999938964844,499.3999938964844,490.0,492.4500122070313,488.8699951171875,486.22499694824216,485.2433329264323,477.0149978637695,474.4959985351563,477.7349985758464,0.0104018075270055,-0.0059547471251474,0.0080742835068259,-0.010900270413836,2.0,0.82344560546875,1.0,1.0,1.0
498.4500122070313,503.0,494.0,498.0,492.05,487.0749969482422,486.040000406901,479.79249877929686,475.2879992675781,477.67999877929685,0.0061566781350913,-0.0009028231437665,0.0091282730094084,-0.0089277000663066,2.0,0.823872802734375,1.0,1.0,1.0
502.7000122070313,505.1000061035156,498.0,499.0,494.9200012207031,488.4049987792969,487.8733337402344,482.9125,476.31199951171874,478.02833251953126,0.0085264317301987,-0.0073602787292303,0.0047742069588332,-0.0093495366876887,2.0,0.8240864013671876,1.0,1.0,1.0
499.3500061035156,511.0,493.5,502.7000122070313,497.2400024414063,490.1850006103516,488.85,485.8725006103516,477.87199951171874,478.1816660563151,-0.0066640263023028,0.0067087334786597,0.023330316920171,-0.0117152418784649,2.0,0.8241932006835938,0.0,0.0,0.0
500.2000122070313,505.6499938964844,493.5,496.0,499.2200073242187,492.7250030517578,489.8666666666667,487.91750183105466,479.9180004882812,478.4166666666667,0.0017022250788546,-0.0083966655428486,0.0108956048709518,-0.013394666220556,2.0,0.824246600341797,1.0,1.0,1.0
495.3999938964844,505.1000061035156,493.2999877929688,505.0,499.2200073242187,494.0450012207031,490.5566670735677,488.7375015258789,481.45599975585935,478.6166666666667,-0.0095961979076485,0.0193782927367609,0.0195801621448103,-0.0042390111614624,2.0,0.8243,0.0,0.0,0.0
495.3999938964844,505.1000061035156,493.2999877929688,505.0,499.2200073242187,494.0450012207031,490.5566670735677,488.7375015258789,481.45599975585935,478.6166666666667,-0.0095961979076485,0.0193782927367609,0.0195801621448103,-0.0042390111614624,2.0,0.8243,0.0,0.0,0.0
507.8999938964844,512.0,491.1000061035156,495.3999938964844,501.11000366210936,496.5800018310547,491.7533325195312,489.8075012207031,484.0559997558594,479.5916666666666,0.0252321359588307,-0.0246111442217257,0.0080724673218863,-0.0330773537996789,2.0,0.66215,1.0,1.0,1.0
510.5499877929688,530.0,505.0,522.0499877929688,502.67999877929685,498.8,493.1633321126302,491.575,486.8659997558594,480.7066660563151,0.0052175505578455,0.0225247287728138,0.0380961956166343,-0.0108706060633955,2.0,0.581075,1.0,1.0,1.0
506.25,514.0,503.5499877929688,514.0,504.05999755859375,500.65,494.80999959309895,492.6524993896484,489.51,482.2366658528646,-0.008422265979394,0.0153086419753085,0.0153086419753085,-0.0053333574459876,2.0,0.5405375,0.0,0.0,0.0
509.75,512.8499755859375,504.9500122070313,506.8500061035156,505.9699951171875,502.5950012207031,497.140000406901,493.8924987792969,491.5280004882813,484.2599995930989,0.0069135802469135,-0.0056890512927599,0.0060813645628985,-0.0094163566316208,2.0,0.5202687500000001,1.0,1.0,1.0
515.0,519.0,505.7999877929688,509.75,509.8899963378906,504.5550018310547,499.3266662597656,495.3899993896485,492.9680004882812,486.1949991861979,0.0102991662579695,-0.0101941747572815,0.007766990291262,-0.0178641013728761,2.0,0.510134375,1.0,1.0,1.0
513.7000122070312,517.7000122070312,508.6499938964844,515.0,511.05,506.0800018310547,501.40333455403646,496.5774993896485,494.0560009765625,488.5549997965495,-0.0025242481416868,0.0025306360951473,0.0077866457172439,-0.0098306758624556,2.0,0.5050671875,0.0,0.0,0.0
510.6499938964844,516.4000244140625,508.1000061035156,514.0999755859375,511.0700012207032,506.875,502.890000406901,497.6399993896485,495.4740002441406,490.9,-0.0059373530038337,0.0067560593962379,0.0112602185181729,-0.0049936117173158,2.0,0.50253359375,0.0,0.0,0.0
498.7000122070313,513.25,495.1000061035156,511.9500122070313,509.56000366210935,506.8100006103516,503.6200012207031,498.4975006103516,496.0340002441406,492.85166727701824,-0.0234015114702528,0.0265690789566281,0.0291758320369328,-0.0072187808610301,2.0,0.501266796875,0.0,0.0,0.0
507.25,511.9500122070313,491.2000122070313,497.5499877929688,509.06000366210935,507.5149993896485,504.7500020345052,500.1200012207031,496.9259997558594,494.4500010172526,0.0171445509999692,-0.0191227446171143,0.0092656721676318,-0.0316411784977205,2.0,0.5006333984375,1.0,1.0,1.0
498.1499938964844,510.0,497.0,502.6000061035156,505.6900024414063,507.7899993896484,504.93333536783854,500.9175003051758,497.45,495.0883341471354,-0.0179398838906173,0.0089330769076672,0.023788028201759,-0.0023085293798544,2.0,0.50031669921875,0.0,0.0,0.0
496.8500061035156,504.1499938964844,493.0,493.0,502.3200012207032,506.6850006103516,504.82666829427086,501.6325012207032,497.7259997558594,495.43333435058594,-0.002609631253431,-0.0077488297398018,0.0146925383984957,-0.0077488297398018,2.0,0.500158349609375,0.0,0.0,0.0
503.0,509.8500061035156,490.0,492.0499877929688,500.7900024414063,505.9300018310547,504.8466674804688,502.3650009155273,498.27,496.3600006103516,0.0123779688455977,-0.0217694079662649,0.0136183023926752,-0.025844930417495,2.0,0.5000791748046876,1.0,1.0,1.0
505.5,510.1000061035156,493.0499877929688,498.8500061035156,502.15,505.85500183105466,505.2566670735677,503.2525009155273,499.2280004882812,497.05333353678384,0.0049701789264413,-0.0131552797160917,0.0090999131622464,-0.0246291042671241,2.0,0.5000395874023438,1.0,1.0,1.0
497.1499938964844,516.3499755859375,494.0,510.2999877929688,500.1299987792969,504.5950012207031,505.0533325195312,503.5950012207031,500.1220007324219,497.459999593099,-0.0165183107883593,0.0264507574332233,0.0386200984112874,-0.0063361036611825,2.0,0.5000197937011719,0.0,0.0,0.0
499.5499877929688,505.0,488.5499877929688,497.1499938964844,500.4099975585938,503.05,505.3299987792969,503.8025009155273,500.81599975585937,497.9433329264323,0.0048275046282794,-0.0048043117908732,0.0109098435396017,-0.0220198183741299,2.0,0.5000098968505859,1.0,1.0,1.0
507.1000061035156,512.0,496.5,502.2000122070313,502.4599975585937,502.3899993896485,505.2766662597657,504.2350006103516,501.7980004882813,498.5149993896485,0.0151136392654179,-0.0096627762522332,0.0096627762522332,-0.0209031867007152,2.0,0.500004948425293,1.0,1.0,1.0
493.1000061035156,525.0,471.9500122070313,509.7999877929688,500.47999877929686,500.63500061035154,504.1133341471354,503.75500030517577,501.9880004882813,498.6383331298828,-0.027607966538147,0.0338673321491449,0.0646927469106291,-0.0428918954262685,2.0,0.5,0.0,0.0,0.0
493.1000061035156,525.0,471.9500122070313,509.7999877929688,500.47999877929686,500.63500061035154,504.1133341471354,503.75500030517577,501.9880004882813,498.6383331298828,-0.027607966538147,0.0338673321491449,0.0646927469106291,-0.0428918954262685,2.0,0.5,0.0,0.0,0.0
502.2000122070313,506.4500122070313,490.1499938964844,493.1000061035156,499.8200012207032,500.9850006103516,503.8433349609375,503.8975006103516,502.5660009765625,499.3266672770182,0.0184546866576296,-0.0181202825215467,0.0084627636334024,-0.0239944604094897,2.0,0.5,1.0,1.0,1.0
497.6499938964844,510.7999877929688,493.0499877929688,507.75,499.9200012207031,500.025,503.0366678873698,503.7699996948242,502.8600012207031,500.0883341471354,-0.0090601716446616,0.0202954008387197,0.0264241817698478,-0.0092434565657253,2.0,0.5,0.0,0.0,0.0
500.1499938964844,504.0,491.0,491.0,500.0400024414063,500.225,502.0466674804687,504.0074996948242,503.0500012207031,500.6866668701172,0.0050236110331793,-0.0182944996663904,0.0076977029901004,-0.0182944996663904,2.0,0.5,1.0,1.0,1.0
497.8999938964844,503.6000061035156,494.0,495.6000061035156,498.2,500.3299987792969,500.9933329264323,503.5074996948242,503.0280004882813,501.1983337402344,-0.0044986504597772,-0.0046193770258349,0.0114481066015363,-0.0078328860098263,2.0,0.5,0.0,0.0,0.0
501.0499877929688,505.0,495.0,498.75,499.7899963378906,500.13499755859374,500.3533325195313,503.0324996948242,502.9619995117188,501.6216664632162,0.0063265594197602,-0.0045903359924222,0.0078834693209559,-0.012074619180449,2.0,0.5,1.0,1.0,1.0
496.8999938964844,507.9500122070313,494.7000122070313,505.0499877929688,498.72999267578126,499.2749969482422,500.23333129882815,502.5649993896485,502.8639990234375,501.9266662597656,-0.0082825945466326,0.0164016783992599,0.0222379119466216,-0.004427413396007,2.0,0.5,0.0,0.0,0.0
487.4500122070313,498.2000122070313,478.5499877929688,491.9500122070313,496.68999633789065,498.30499877929685,498.9133321126302,501.45,502.3539990234375,501.8316670735677,-0.0190178744325397,0.009231715842257,0.0220535434009472,-0.0182583325288387,2.0,0.5,0.0,0.0,0.0
499.5,504.9500122070313,483.0,483.0,496.55999755859375,498.3,499.0033325195312,500.675,502.51799926757815,501.9683339436849,0.0247204584905228,-0.033033033033033,0.0109109353494118,-0.033033033033033,2.0,0.5,1.0,1.0,1.0
491.75,501.7999877929688,487.0,495.0,495.3299987792969,496.7649993896485,498.6633321126302,499.5774993896485,501.87199951171874,501.7450002034505,-0.0155155155155155,0.0066090493136756,0.0204371892078674,-0.0096593797661412,2.0,0.5,0.0,0.0,0.0
485.3500061035156,518.5999755859375,482.0499877929688,492.6499938964844,492.1900024414063,495.98999938964846,497.4866658528646,498.3125,500.86400024414064,501.1666666666667,-0.0130147308520272,0.0150406669437885,0.0685071990610632,-0.0067992547008293,2.0,0.5,0.0,0.0,0.0
