Close,High,Low,Open,MA_5,MA_15,MA_10,MA_20,MA_25,MA_30,Return_Ratio,Percentage_Change_Open,Percentage_Change_High,Percentage_Change_Low,Sector_Encoded,VADER Sentiment Score,label_5d,label_10d,label_20d
88.32380676269531,89.08909832380235,87.78360135891884,88.23377367357998,0.0,0.0,0.0,0.0,0.0,0.0,0.0,-0.0010193524533791,0.008664612511134,-0.0061161924918824,13.0,0.5,,,
87.60354614257812,88.6839570853236,87.33343997234914,88.32381781471337,0.0,0.0,0.0,0.0,0.0,0.0,-0.0081547732883881,0.0082219465290021,0.0123329589990235,-0.0030832789552762,13.0,0.5,,,
87.15336608886719,88.05371075148324,87.06332612733787,87.78360460506457,0.0,0.0,0.0,0.0,0.0,0.0,-0.0051388336834932,0.0072313732042748,0.0103305781867104,-0.0010331208715163,13.0,0.5,,,
86.52312469482422,87.60354246125303,85.75783307011524,86.52312469482422,0.0,0.0,0.0,0.0,0.0,0.0,-0.0072314062247502,0.0,0.0124870405482875,-0.0088449374361853,13.0,0.5,,,
87.24340057373047,87.42346676149371,86.25302280286316,86.79322823523762,87.36944885253907,0.0,0.0,0.0,0.0,0.0,0.00832466327871,-0.0051599586390767,0.0020639519617426,-0.0113518932590245,13.0,0.5,,,
87.73857879638672,87.9636649470897,87.10834032205206,87.28840649498076,87.25240325927734,0.0,0.0,0.0,0.0,0.0,0.0056758244107847,-0.0051308364869991,0.0025654182434995,-0.0071831397656582,13.0,0.5,1.0,,
87.55851745605469,88.05370976256594,87.24339820149505,87.73858363892175,87.24339752197265,0.0,0.0,0.0,0.0,0.0,-0.0020522481991632,0.0020565238893799,0.005655558372831,-0.0035989560320934,13.0,0.3899,0.0,,
87.8736343383789,88.14374047447228,87.10834277822687,88.0086874064256,87.387451171875,0.0,0.0,0.0,0.0,0.0,0.0035989289389507,0.0015369009039347,0.0030738018078695,-0.0087090008955938,13.0,0.33485,1.0,,
89.13411712646484,89.31418330231892,87.69356711237924,87.87363328823332,87.90964965820312,0.0,0.0,0.0,0.0,0.0,0.0143442660312892,-0.0141414295543325,0.0020201711943654,-0.0161616007486978,13.0,0.3073249999999999,1.0,,
92.06024932861328,92.60045479682232,89.67433440251433,90.03447367101543,88.87301940917969,88.12123413085938,0.0,0.0,0.0,0.0,0.032828419649872,-0.0220048899755501,0.0058679557371257,-0.0259168853386689,13.0,0.2935624999999999,1.0,,
91.83515167236328,92.51041014054243,91.47501244885088,92.51041014054243,89.692333984375,88.47236862182618,0.0,0.0,0.0,0.0,-0.0024451123898926,0.0073529411764707,0.0073529411764707,-0.0039215835870479,13.0,0.28668125,0.0,0.0,
90.84477996826172,91.83515774661412,89.62931601896173,91.83515774661412,90.3495864868164,88.79649200439454,0.0,0.0,0.0,0.0,-0.0107842333362161,0.0109018677649768,0.0109018677649768,-0.0133795684212635,13.0,0.283240625,0.0,0.0,
89.26917266845703,92.42037891688103,88.14374186544846,91.56504738514384,90.62869415283204,89.00807266235351,0.0,0.0,0.0,0.0,-0.0173439497608465,0.0257185616048398,0.0353000498853897,-0.0126071606733534,13.0,0.2815203125,0.0,0.0,
85.48772430419922,89.9444345752717,82.69665718027333,89.35920916160545,89.8994155883789,88.90453262329102,0.0,0.0,0.0,0.0,-0.0423600695651341,0.0452870267505303,0.0521327513084071,-0.0326487474855941,13.0,0.2806601562499999,0.0,0.0,
85.66780090332031,88.05371576902574,84.63240310849511,84.63240310849511,88.62092590332031,88.74697265625,88.28779805501303,0.0,0.0,0.0,0.0021064614900767,-0.0120861955589789,0.0278507775447398,-0.0120861955589789,13.0,0.280230078125,1.0,1.0,
86.47810363769531,88.23377290188479,85.53273903754138,85.98291134826529,87.54951629638671,88.62092514038086,88.16475118001303,0.0,0.0,0.0,0.0094586615488059,-0.0057262158696802,0.0203018936625269,-0.0109318377761218,13.0,0.2800150390625,1.0,1.0,
84.5423583984375,86.79321987406638,84.13719921137384,85.98290836902316,86.28903198242188,88.31930923461914,87.9606719970703,0.0,0.0,0.0,-0.0223842239576358,0.0170393870939409,0.0266240677249722,-0.004792380940619,13.0,0.27990751953125,0.0,0.0,
83.55199432373047,84.90251142894755,81.97639103431055,84.8574914444729,85.14559631347656,87.8871452331543,87.7205805460612,0.0,0.0,0.0,-0.0117144126739352,0.0156249666008467,0.0161637925718967,-0.0188577580005461,13.0,0.279853759765625,0.0,0.0,
85.39768981933594,85.6227759848424,83.01177509115048,83.64202047601937,85.12758941650391,87.51350250244141,87.64555155436197,0.0,0.0,0.0,0.0220903822888312,-0.0205587451725075,0.0026357406855226,-0.0279388673538242,13.0,0.2798268798828125,1.0,1.0,
86.4330825805664,86.65816873311996,85.08256566524506,85.53273797035217,85.28064575195313,86.95078582763672,87.5915303548177,87.53600997924805,0.0,0.0,0.0121243649965345,-0.0104166666666666,0.0026041666666667,-0.015625,13.0,0.2798134399414063,1.0,1.0,
86.2530288696289,86.79323433999971,85.57777031439407,86.43309507005742,85.23563079833984,86.39257354736328,87.49249369303385,87.43247108459472,0.0,0.0,-0.0020831573462587,0.0020876507502209,0.0062630318894345,-0.0078288097714862,13.0,0.2798067199707031,0.0,0.0,0.0
86.29803466796875,86.70319388820728,85.26263693058318,86.70319388820728,85.58676605224609,85.93789901733399,87.40846150716146,87.36719551086426,0.0,0.0,0.0005217880337613,0.0046948835138294,0.0046948835138294,-0.0119979295168105,13.0,0.2798033599853515,1.0,1.0,1.0
86.29803466796875,86.65817390737477,85.39769000399603,86.29803466796875,86.13597412109375,85.64078521728516,87.30342152913411,87.32442893981934,0.0,0.0,0.0,0.0,0.00417320325766,-0.010432968345534,13.0,0.2798016799926758,0.0,0.0,0.0
86.2080078125,86.88326635933421,85.84786854703806,86.2980409115942,86.29803771972657,85.71281356811524,87.1083475748698,87.30867309570313,0.0,0.0,-0.0010432086410209,0.0010443704869043,0.0078328981723239,-0.0041775616279781,13.0,0.2798008399963378,0.0,0.0,0.0
85.89288330078125,86.47810871288463,84.90250553288267,86.25302254431293,86.18999786376953,85.73532180786133,86.69718983968099,87.24114723205567,87.26680755615234,0.0,-0.0036553972155827,0.0041928880448749,0.0068134330763356,-0.0115303821438902,13.0,0.2798004199981689,0.0,0.0,0.0
85.80284118652344,86.1179604155777,85.08256277518457,85.80284118652344,86.09996032714844,85.66779556274415,86.29503580729167,87.1443603515625,87.16596893310548,0.0,-0.0010483070400897,0.0,0.0036725966727515,-0.0083945753005204,13.0,0.2798002099990845,0.0,0.0,0.0
86.38806915283203,86.65817530401091,85.84786371955904,85.98291679514848,86.11796722412109,85.8523666381836,85.99792175292968,87.08583793640136,87.11734985351562,0.0,0.0068206129099663,-0.0046899110219349,0.0031266603574739,-0.0062532412006719,13.0,0.2798001049995422,1.0,1.0,1.0
86.4330825805664,87.19837412543166,85.75782412290573,86.20799642801285,86.14497680664063,86.14047546386719,85.80884908040365,87.01381034851075,87.0885385131836,0.0,0.0005210606994206,-0.0026041666666666,0.0088541507720947,-0.0078125,13.0,0.2798000524997711,1.0,1.0,1.0
86.16297912597656,86.79322449415166,85.80284676597303,86.79322449415166,86.13597106933594,86.21700439453124,85.85386606852214,86.86525344848633,87.07413269042969,0.0,-0.0031250008275254,0.0073145726223513,0.0073145726223513,-0.004179664673351,13.0,0.2798000262498855,0.0,0.0,0.0
85.80284118652344,86.74819887368619,85.57775504161555,86.74819887368619,86.11796264648437,86.15398025512695,85.86286875406901,86.55238304138183,87.0165103149414,87.07533340454101,-0.004179729427955,0.0110177900182544,0.0110177900182544,-0.0026232947743372,13.0,0.2798000131249427,0.0,0.0,0.0
86.02793884277344,86.43309121018723,83.86711018870177,85.48772652744182,86.16298217773438,86.1314712524414,85.83285776774089,86.26202239990235,86.94808471679687,86.99880447387696,0.002623428934721,-0.006279498528018,0.0047095440488729,-0.0251177545706499,13.0,0.2798000065624714,1.0,1.0,1.0
88.27880096435547,89.26917876482092,86.65817774971386,87.37845626046234,86.54112854003907,86.32954788208008,86.08195393880209,86.13372344970703,86.97689605712891,87.0213129679362,0.0261643153591736,-0.0101988778059712,0.0112187500243159,-0.0183580111752534,13.0,0.2798000032812356,1.0,1.0,1.0
93.14065551757812,93.59082786298757,88.45886587295395,88.68395204565867,87.88264312744141,87.01380996704101,86.72119801839193,86.32729759216309,87.18757690429688,87.22088928222657,0.0550738625820907,-0.0478491744250002,0.0048332529217005,-0.0502658008858505,13.0,0.2798,1.0,1.0,1.0
93.14065551757812,93.59082786298757,88.45886587295395,88.68395204565867,87.88264312744141,87.01380996704101,86.72119801839193,86.32729759216309,87.18757690429688,87.22088928222657,0.0550738625820907,-0.0478491744250002,0.0048332529217005,-0.0502658008858505,13.0,0.2798,1.0,1.0,1.0
93.7708969116211,95.6165993274003,92.8705522593138,93.50079076829508,89.40422668457032,87.77009887695313,87.27941182454427,86.74145622253418,87.37304809570313,87.46248168945313,0.0067665552764337,-0.0028804901331015,0.0196831050631709,-0.0096015361051292,13.0,0.532875,1.0,1.0,1.0
92.42037963867188,93.81590972385072,92.10526038518532,93.77089661282952,90.727734375,88.42284851074218,87.6785649617513,87.07908515930175,87.38745330810546,87.6350476582845,-0.0144023072982023,0.0146127615947657,0.0150998090533152,-0.0034096295072422,13.0,0.6594125,0.0,0.0,0.0
93.09563446044922,93.23068752636466,91.97020369296092,92.01521680220988,92.14127349853516,89.15212783813476,88.13473866780599,87.40996170043945,87.4378726196289,87.81361618041993,0.007306341138365,-0.0116054599606209,0.0014506917182333,-0.0120889746765346,13.0,0.7226812499999999,1.0,1.0,1.0
92.78052520751952,93.59082995207584,92.24031288570195,92.87055830479412,93.04161834716795,89.79137344360352,88.56690470377605,87.82187004089356,87.51530242919922,87.98768310546875,-0.0033847908632445,0.0009703878812197,0.0087335649668283,-0.0058224753590183,13.0,0.7543156249999999,0.0,0.0,0.0
94.76128387451172,95.97674789956017,93.6808729342654,94.22107840438856,93.3657440185547,90.62419357299804,89.13112131754558,88.38233451843261,87.7349868774414,88.21727142333984,0.0213488624101004,-0.0057006980914117,0.0128265888277538,-0.0114013961828236,13.0,0.7701328125,1.0,1.0,1.0
98.18258666992188,98.58773901412694,95.21144658213628,95.436532744269,94.24808197021484,91.82615432739256,89.92942657470704,89.02157936096191,88.24278137207031,88.51888707478841,0.0361044369126619,-0.0279688488436832,0.0041265193548742,-0.0302613751435801,13.0,0.77804140625,1.0,1.0,1.0
100.16333770751952,101.55887459849394,98.45268157734954,98.76780081654512,95.79667358398436,93.26220397949218,90.88079020182292,89.70809211730958,88.82260284423828,88.78899002075195,0.0201741582166367,-0.0139326117011937,0.0139326117011937,-0.0170786654011587,13.0,0.781995703125,1.0,1.0,1.0
97.82244873046876,100.6585357846672,97.5973625653591,100.343409658246,96.74203643798828,94.44165496826172,91.68209737141927,90.28656311035157,89.27637664794922,88.98856658935547,-0.0233707165778187,0.0257707812520957,0.0289921903510386,-0.0023009663735756,13.0,0.7839728515625,0.0,0.0,0.0
99.9832763671875,100.4784618044108,97.05715624774986,97.23722243054296,98.18258666992188,95.61210250854492,92.58844451904297,90.9708251953125,89.89401336669921,89.29318313598633,0.0220892818035306,-0.0274651325343617,0.0049526826406922,-0.0292660955487344,13.0,0.7849614257812499,1.0,1.0,1.0
99.21797943115234,101.24375492935803,98.90286017191504,100.83860257735076,99.07392578125,96.21983489990234,93.44077097574868,91.61682243347168,90.5206527709961,89.62481002807617,-0.0076542494289206,0.0163339664392478,0.0204174234329312,-0.0031760297986712,13.0,0.785455712890625,0.0,0.0,0.0
99.03791046142578,100.20836124178552,98.49770505090764,99.98327508164591,99.24499053955078,96.7465362548828,94.29909973144532,92.25831756591796,91.06626159667968,90.07648289998372,-0.0018148824513354,0.0095454822887073,0.0118182095614345,-0.005454531582919,13.0,0.7857028564453125,0.0,0.0,0.0
98.18258666992188,100.38842831118862,97.9124805277288,100.29839522015244,98.84884033203124,97.32275695800782,95.1244160970052,92.872802734375,91.5362417602539,90.4936424255371,-0.0086363271147268,0.0215497332265615,0.0224667297540501,-0.0027510595448165,13.0,0.7858264282226561,0.0,0.0,0.0
98.6327667236328,100.97366161944242,97.05716346523027,98.49771364195271,99.01090393066406,97.87647018432617,95.96473795572916,93.51429901123046,92.03143127441406,90.89879786173502,0.0045851313250117,-0.0013692516814265,0.0237334404536044,-0.0159744404495653,13.0,0.7859499999999999,1.0,1.0,1.0
98.6327667236328,100.97366161944242,97.05716346523027,98.49771364195271,99.01090393066406,97.87647018432617,95.96473795572916,93.51429901123046,92.03143127441406,90.89879786173502,0.0045851313250117,-0.0013692516814265,0.0237334404536044,-0.0159744404495653,13.0,0.7859499999999999,1.0,1.0,1.0
99.1729736328125,100.56850384637222,98.49771508361373,99.1729736328125,98.84884338378906,98.51571502685547,96.6910161336263,94.15354423522948,92.5464288330078,91.3864850362142,0.0054769517993278,0.0,0.014071678628158,-0.0068088968643708,13.0,0.642975,1.0,1.0,1.0
98.85784912109376,100.2083661480536,98.00251754923497,99.17296838690076,98.77681732177734,98.92537155151368,97.07216237386068,94.77478256225588,93.0488214111328,91.8966801961263,-0.0031775240791457,0.0031875998578625,0.0136612018060957,-0.0086521361678734,13.0,0.5714874999999999,0.0,0.0,0.0
98.20377349853516,100.53973389159634,97.54970743999218,99.04472066579426,98.60998992919922,98.927490234375,97.36768747965496,95.3768222808838,93.52865203857422,92.32354965209962,-0.0066163246355623,0.0085632877159413,0.0237868699933005,-0.0066602945614175,13.0,0.53574375,0.0,0.0,0.0
98.48410034179688,100.77333887874828,96.14813974132154,98.57753734005868,98.67029266357422,98.75956649780274,97.77193552652994,96.01088523864746,94.03230072021483,92.72525024414062,0.0028545424811593,0.0009487521126509,0.0232447524931072,-0.0237191647420059,13.0,0.517871875,1.0,1.0,1.0
98.20377349853516,98.71768763652275,95.213747046931,98.3439325478759,98.5844940185547,98.79769897460938,98.112478129069,96.61967697143557,94.52833801269531,93.1236083984375,-0.0028464172621653,0.0014272267179511,0.0052331404352325,-0.030447164554718,13.0,0.5089359375,0.0,0.0,0.0
96.7087631225586,98.6709684847954,96.19484896942689,98.01690240697832,98.0916519165039,98.47024765014648,98.37436065673828,97.0411750793457,94.94116577148438,93.47063268025715,-0.0152235532578477,0.0135265847911003,0.0202898403296722,-0.0053140391474185,13.0,0.50446796875,0.0,0.0,0.0
97.08251953125,97.40955257456817,95.63422117383088,96.0079762785312,97.73658599853516,98.25670166015624,98.52910970052083,97.2382682800293,95.36714324951171,93.8301155090332,0.0038647625781103,-0.0110683494609233,0.0033686089411069,-0.0149182197208318,13.0,0.502233984375,1.0,1.0,1.0
97.3161163330078,97.64314937885447,96.47516912312656,97.08252028186222,97.55905456542968,98.08452224731444,98.47134501139324,97.41552925109865,95.81326873779297,94.20038579305012,0.0024061674839683,-0.0024003840262823,0.0033605229860138,-0.0086413971453979,13.0,0.5011169921875,1.0,1.0,1.0
98.57752990722656,99.23159597452808,97.17595365262144,97.31611270383904,97.57774047851562,98.12401657104492,98.3656244913737,97.72338676452635,96.3242562866211,94.6232073465983,0.0129620213151775,-0.0127961940674985,0.0066350421634329,-0.014218009478673,13.0,0.50055849609375,1.0,1.0,1.0
98.25049591064452,99.9791051819587,97.97017781095666,98.81112498123488,97.5870849609375,98.08578948974608,98.39416097005208,97.98112983703614,96.81315856933594,95.03812917073569,-0.0033175308499798,0.0057061194998977,0.0175938986902037,-0.0028530960285718,13.0,0.500279248046875,0.0,0.0,0.0
98.5308074951172,99.93238374471366,98.01690048086977,98.5308074951172,97.9514938354492,98.02157287597656,98.29732971191406,98.268643951416,97.2232388305664,95.44288711547853,0.0028530297162834,0.0,0.0142247514785254,-0.005215698798296,13.0,0.5001396240234375,1.0,1.0,1.0
98.48410034179688,99.23160345667736,97.45627910334493,98.8111334001062,98.2318099975586,97.98419799804688,98.24840443929035,98.45478477478028,97.43697662353516,95.84458770751954,-0.0004740360351012,0.0033206685868514,0.007590089286354,-0.0104364180094534,13.0,0.5000698120117187,0.0,0.0,0.0
98.5308074951172,98.81112559655068,97.45627140678826,98.1570595315865,98.47474822998046,98.01690139770508,98.2145975748698,98.47219581604004,97.627373046875,96.25684865315756,0.000474260851835,-0.003793209180278,0.0028449792360361,-0.0109055849195407,13.0,0.5000349060058593,1.0,1.0,1.0
98.9980010986328,99.93238527937984,98.43737201594172,99.0447231591844,98.55884246826172,98.06829147338868,98.26895853678386,98.4139289855957,97.89047790527344,96.69668731689453,0.0047415992560375,0.0004719495346681,0.0094384146182515,-0.0056630343690731,13.0,0.5000174530029297,1.0,1.0,1.0
99.09144592285156,100.07254504232613,98.62425382916302,99.04472386196846,98.72703247070312,98.15705871582033,98.2995371500651,98.47737884521484,98.13031036376952,97.13213755289712,0.0009439061716574,-0.0004715044820263,0.009900946649203,-0.0047147570543301,13.0,0.5000087265014648,1.0,1.0,1.0
101.47412109375,101.70771714006564,98.85784965228636,99.091445698602,99.3156951904297,98.63359451293944,98.45294698079428,98.55192108154296,98.47805419921876,97.5719815572103,0.0240452154947207,-0.0234806211619877,0.0023020258150332,-0.025782646977021,13.0,0.5000043632507324,1.0,1.0,1.0
101.05364990234376,103.71664337402792,100.07254366756172,103.71664337402792,99.82960510253906,99.03070755004885,98.59933369954427,98.64370460510254,98.72974884033204,97.83574803670248,-0.0041436297932335,0.0263522740074961,0.0263522740074961,-0.0097087659449228,13.0,0.5000021816253661,0.0,0.0,0.0
102.87570190429688,103.34289401751238,100.49302640416936,101.05365551427076,100.698583984375,99.58666610717772,98.91079559326172,98.8355941772461,98.91747344970705,98.13924153645831,0.0180305412393705,-0.0177111441895299,0.0045413261301499,-0.0231607216866823,13.0,0.5000010908126831,1.0,1.0,1.0
102.31507110595705,103.34289231231452,101.89460106251536,102.12819711526868,101.36199798583984,99.96042022705078,99.16619364420572,99.04221839904784,99.00354278564453,98.46906458536785,-0.0054495939076205,-0.0018264561483304,0.0100456481654895,-0.0041095611711614,13.0,0.5000005454063415,0.0,0.0,0.0
101.14708709716795,102.73553734556307,100.63317294862426,101.8478752294809,101.77312622070312,100.25007934570311,99.36241455078124,99.1679344177246,99.1365283203125,98.73744633992511,-0.0114155617169977,0.0069284064665127,0.015704359799004,-0.005080859600534,13.0,0.5000002727031707,0.0,0.0,0.0
101.56755828857422,102.2683464289152,101.14708825588386,101.84787639622486,101.79181365966797,100.55375442504882,99.68633422851562,99.2876636505127,99.19989959716796,99.03034744262696,0.0041570271915227,0.0027599177569495,0.0068997242047494,-0.0041398064478002,13.0,0.5000001363515854,1.0,1.0,1.0
101.2405242919922,102.0347494177818,100.77333220284706,101.47412033656477,101.82918853759766,100.82939682006835,99.96353454589844,99.40679740905762,99.28080139160156,99.24632212320964,-0.0032198666788155,0.002307337365212,0.007844932958851,-0.0046146747304239,13.0,0.5000000681757927,0.0,0.0,0.0
102.1281967163086,102.4085077012461,101.2872495039246,101.2872495039246,101.6796875,101.1891357421875,100.28433990478516,99.60301856994629,99.40441284179688,99.3778424580892,0.0087679556237404,-0.008234231479872,0.0027446972917395,-0.008234231479872,13.0,0.5000000340878963,1.0,1.0,1.0
102.03474426269533,102.9691283937778,101.61427425522226,102.64209537365598,101.62362213134766,101.49281005859376,100.5148208618164,99.7805507659912,99.5584991455078,99.44022267659506,-0.0009150504622427,0.0059523950919795,0.0091575094134295,-0.0041208512895424,13.0,0.5000000170439481,0.0,0.0,0.0
102.96913146972656,103.2494495689392,101.47411824109176,102.12819142965944,101.98803100585936,101.88057861328124,100.8293965657552,100.01881866455078,99.73195373535157,99.61177876790364,0.009157539559521,-0.0081669139873666,0.0027223508172937,-0.0145190428169663,13.0,0.500000008521974,1.0,1.0,1.0
102.1281967163086,102.87569980492768,101.661004612627,102.87569980492768,102.10015869140624,101.94598617553712,101.06922251383465,100.28979034423828,99.8501626586914,99.68327611287437,-0.008166862645289,0.0073192625802989,0.0073192625802989,-0.0045745652885593,13.0,0.500000004260987,0.0,0.0,0.0
100.2594223022461,102.22162759453693,98.15705796148052,101.94130949758735,101.90393829345705,101.86656341552734,101.18757731119793,100.44863548278808,99.9062255859375,99.71799087524414,-0.0182983198974282,0.0167753529465888,0.0195712806560512,-0.0209692445107823,13.0,0.5000000021304936,0.0,0.0,0.0
101.19380950927734,101.4274055541937,100.21270326911444,100.9134914038635,101.71706085205078,101.6983741760254,101.3651107788086,100.64252014160157,100.02582702636718,99.7898541768392,0.0093196947037497,-0.0027701112031772,0.002308402520363,-0.0096953187642664,13.0,0.5000000010652468,1.0,1.0,1.0
100.91349029541016,101.84787446481212,100.4462982107092,101.05364934657754,101.49281005859376,101.5582160949707,101.49281005859376,100.75931816101074,100.12300262451171,99.8808842976888,-0.0027701221569436,0.0013889030173972,0.0092592592592593,-0.0046296296296295,13.0,0.5000000005326234,0.0,0.0,0.0
100.11927032470705,101.10036947575,99.3717600992388,100.91349548377588,100.92283782958984,101.4554344177246,101.56133168538412,100.85275688171389,100.1996224975586,99.9304344177246,-0.007870305232513,0.0079327901261465,0.0097993038489101,-0.0074661972969229,13.0,0.5000000002663116,0.0,0.0,0.0
100.58645629882812,101.38068140945852,100.02582722831173,100.3061381991772,100.61448974609377,101.35732421875,101.50215403238931,100.9555393218994,100.35473022460936,99.9775505065918,0.0046662942369227,-0.0027868374129627,0.0078959448404352,-0.0055736039537058,13.0,0.5000000001331558,1.0,1.0,1.0
100.39957427978516,101.00692540433556,99.9791042629039,100.6331703177826,100.64252014160157,101.27322921752928,101.45854899088542,101.05131301879882,100.48741241455076,100.02894134521485,-0.0018579242764827,0.0023266636305296,0.006049339640205,-0.0041879661332977,13.0,0.5000000000665779,0.0,0.0,0.0
99.93238830566406,101.14709062893463,99.55864032507536,100.39958041018568,100.3902359008789,101.05364837646484,101.2623280843099,101.12139205932615,100.59206329345704,100.0865618387858,-0.0046532664851663,0.0046750819473324,0.0121552415975003,-0.0037400084889945,13.0,0.5000000000332889,0.0,0.0,0.0
101.84786987304688,101.94130686001742,99.27831352303882,99.88566463152505,100.57711181640624,101.0349609375,101.23118133544922,101.26388549804688,100.72287689208984,100.19868748982748,0.0191677753314962,-0.0192660410469823,0.0009174171937715,-0.025229357798165,13.0,0.5000000000166445,1.0,1.0,1.0
102.17491149902344,102.96913664835604,101.38068634969083,102.6421036020174,100.98824005126951,100.95553894042968,101.29970296223958,101.41805877685547,100.879853515625,100.33105875651042,0.0032110796856548,0.0045724737720806,0.0077731914584548,-0.0077731914584548,13.0,0.5000000000083222,1.0,1.0,1.0
100.96021270751952,102.17490785470734,100.4930206211891,101.84787482003314,101.06299133300782,100.83874053955078,101.25921325683592,101.39236335754394,100.9770297241211,100.47277374267578,-0.0118884251885602,0.0087921973291118,0.0120314242077397,-0.0046274871437115,13.0,0.5000000000041611,0.0,0.0,0.0
104.4174346923828,104.60430868148129,100.91349393089344,100.91349393089344,101.86656341552734,101.25454177856446,101.47100728352864,101.5605525970459,101.21436309814452,100.71727091471354,0.0342434102717157,-0.0335570469798658,0.0017896818634648,-0.0335570469798658,13.0,0.5000000000020806,1.0,1.0,1.0
104.37071228027344,106.47307673010802,104.18383829180245,105.44525553594605,102.7542282104492,101.57223205566406,101.62050832112632,101.63530311584472,101.44795928955078,100.95242411295573,-0.0004474579580222,0.0102954481405381,0.0201432413739686,-0.001790483023333,13.0,0.5000000000010403,0.0,0.0,0.0
102.78225708007812,105.11821746826172,102.4552240514895,104.97805841921364,102.94110565185548,101.75910873413086,101.67034250895182,101.65866241455078,101.5993295288086,101.09258168538412,-0.0152193576674051,0.0213636224920099,0.0227272727272727,-0.0031818043101917,13.0,0.5000000000005201,0.0,0.0,0.0
99.23159790039062,103.5764857997481,97.92346574039964,103.38961181368812,102.35244293212892,101.67034149169922,101.42117360432944,101.56288795471193,101.60493560791016,101.12528508504232,-0.0345454486071576,0.0419021158711094,0.0437853263606506,-0.0131826171065398,13.0,0.5,0.0,0.0,0.0
99.23159790039062,103.5764857997481,97.92346574039964,103.38961181368812,102.35244293212892,101.67034149169922,101.42117360432944,101.56288795471193,101.60493560791016,101.12528508504232,-0.0345454486071576,0.0419021158711094,0.0437853263606506,-0.0131826171065398,13.0,0.5,0.0,0.0,0.0
97.97017669677734,98.76440179848002,96.19484538611026,97.9234617665509,101.75443572998049,101.40871353149414,101.143972269694,101.38301887512208,101.46477783203125,101.10659739176432,-0.0127118904693997,-0.0004768280695361,0.0081068048306256,-0.0181211402339491,13.0,0.681725,0.0,0.0,0.0
99.37175750732422,99.88567166502744,97.36283006646484,98.11034027243576,100.74530029296876,101.30593185424804,101.0847946166992,101.28958053588867,101.39750213623049,101.13618596394856,0.014306198659668,-0.0126939209543063,0.005171631966611,-0.02021628168055,13.0,0.7725875,1.0,1.0,1.0
100.44629669189452,101.38068084716798,99.0447204589844,99.79223063471728,99.96041717529296,101.3573226928711,101.0349604288737,101.20548553466796,101.30032592773438,101.20003560384114,0.0108133257529546,-0.0065115995185319,0.0093023255813955,-0.0139534883720928,13.0,0.81801875,1.0,1.0,1.0
100.63317108154295,101.10036316108362,99.7922310413981,100.3061380516216,99.53059997558594,101.2358528137207,101.01627248128256,101.13540687561036,101.2330499267578,101.25454126993814,0.0018604408106916,-0.0032497537979438,0.0046425256654396,-0.0083564895263358,13.0,0.840734375,1.0,1.0,1.0
100.72661590576172,101.1003638689829,100.2594238229498,100.67989384596636,99.82960357666016,101.09102325439451,101.0567621866862,101.02328109741212,101.21623107910156,101.30904693603516,0.0009285688129914,-0.0004638501887036,0.0037105184152206,-0.0046382187926278,13.0,0.8520921875,1.0,1.0,1.0
99.37175750732422,101.847877044719,99.13816145905652,100.9134928516482,100.10991973876952,100.932177734375,100.9757822672526,100.8854591369629,101.12839904785156,101.23896814982096,-0.0134508479834672,0.015514824161285,0.0249177391998152,-0.0023507287596326,13.0,0.85777109375,0.0,0.0,0.0
99.2783203125,99.88567146252184,98.67096916247816,99.88567146252184,100.09123229980467,100.41826629638672,100.90103200276693,100.8364040374756,101.04991088867187,101.17979049682616,-0.0009402791816108,0.0061176614200366,0.0061176614200366,-0.0061176614200368,13.0,0.860610546875,0.0,0.0,0.0
98.9980010986328,99.55863731010948,98.29721296307255,99.32504126492272,99.80157318115236,99.88099517822266,100.83873952229818,100.72661361694335,100.92470306396484,101.05053380330403,-0.0028235692645163,0.0033035027238992,0.005663106378462,-0.0070788109636885,13.0,0.8620302734375,0.0,0.0,0.0
97.92346954345705,98.99800569821204,97.64315142469474,98.95129076427558,99.25963287353515,99.39511642456054,100.57711283365886,100.57711257934572,100.76025207519533,100.90414708455404,-0.0108540732464407,0.0104961683405468,0.0109732238835567,-0.0028626244563147,13.0,0.86274013671875,0.0,0.0,0.0
98.43737030029295,98.90456238252386,96.70876102179574,97.59642312652026,98.8017837524414,99.31569366455078,100.32794342041016,100.493017578125,100.57898162841796,100.81382319132489,0.0052479835450262,-0.0085429666721826,0.0047460845490454,-0.017560498347568,13.0,0.863095068359375,1.0,1.0,1.0
97.73658752441406,99.18488591008486,97.54971353281144,98.85785286038734,98.47474975585938,99.29233474731446,100.1130350748698,100.3505241394043,100.40331726074218,100.68612416585286,-0.007119072500018,0.0114723192652208,0.0148183850322072,-0.0019120167414883,13.0,0.86345,0.0,0.0,0.0
97.59642028808594,98.297208391051,97.26938726579262,98.11033441510772,98.13836975097657,99.11480102539062,99.65830078125,100.21036643981934,100.2967971801758,100.56465403238931,-0.0014341327017695,0.0052657067288413,0.0071804693337773,-0.003350871080394,13.0,0.681725,0.0,0.0,0.0
97.83001708984376,98.29720916215204,97.45626913502534,97.92346120733365,97.90477294921877,98.85317306518554,99.22225443522136,100.10524787902833,100.16224548339844,100.42138137817383,0.0023934976412892,0.0009551681607502,0.0047755493273524,-0.0038203811666022,13.0,0.5908625000000001,1.0,1.0,1.0
98.67097473144533,99.04472985476768,97.64315348889832,98.11034561085478,98.0542739868164,98.65695343017578,98.9481689453125,99.94640312194824,100.07254486083984,100.30925572713215,0.0085961105457975,-0.0056818038143071,0.0037878932922232,-0.0104166523675724,13.0,0.54543125,1.0,1.0,1.0
97.87674713134766,99.04472740737803,97.73658807246684,98.99800534482247,97.94214935302736,98.37196655273438,98.85784556070963,99.73149490356444,99.98284393310549,100.13950958251954,-0.0080492526019867,0.0114558181216437,0.0119331742243435,-0.0014319954737843,13.0,0.522715625,0.0,0.0,0.0
98.01689910888672,99.0447202517802,97.4095479834725,97.92346211931192,97.99821166992189,98.23648071289062,98.8609603881836,99.5843292236328,99.8800616455078,100.0024663289388,0.0014319231242021,-0.0009532742866207,0.0104861626131598,-0.0061963919582836,13.0,0.5113578125,1.0,1.0,1.0
98.2972183227539,98.99800649652482,97.6898742751812,98.11034432792935,98.13837127685548,98.13837051391602,98.78932444254558,99.27831840515135,99.79596740722656,99.9370595296224,0.0028599069794666,-0.0019011117304555,0.0071292777733538,-0.0061786493853622,13.0,0.50567890625,1.0,1.0,1.0
100.02582550048828,100.11926248916278,98.39065324793616,98.997997238713,98.57753295898438,98.24115295410157,98.76129302978516,99.0610740661621,99.79970489501952,99.89812672932943,0.0175855146994961,-0.0102756288851647,0.0009341286433475,-0.0163475007016477,13.0,0.502839453125,1.0,1.0,1.0
100.16598510742188,100.91349533176408,99.97911111572924,100.49302528606272,98.87653503417968,98.46540451049805,98.73014729817707,98.9302604675293,99.73242950439452,99.87320988972982,0.0014012341935924,0.0032649824018615,0.0074627152475019,-0.0018656432270118,13.0,0.5014197265625,1.0,1.0,1.0
100.11927032470705,100.39958131266825,99.18488610726466,100.16598525830764,99.32503967285156,98.63359451293944,98.68965759277344,98.97464408874512,99.65020385742189,99.87320988972982,-0.0004663737162345,0.0004665928292235,0.0027997705841451,-0.0093327110196865,13.0,0.5,0.0,0.0,0.0
100.44629669189452,100.91348876953126,99.27831649780272,100.16597859379836,99.81091918945312,98.9045654296875,98.76129353841146,99.09845008850098,99.62964721679688,99.86853790283205,0.0032663678643171,-0.0027907260628633,0.0046511627906977,-0.0116279069767442,13.0,0.7100500000000001,1.0,1.0,1.0
100.91349029541016,101.28724538892804,99.69878802367344,100.77333124424275,100.33417358398438,99.23627243041992,98.87030487060548,99.17553672790528,99.48948944091796,99.8856684366862,0.0046511779816898,-0.0013889030173972,0.0037037178322121,-0.0120370652940537,13.0,0.815075,1.0,1.0,1.0
101.14708709716795,101.56755712504152,99.74551083254208,100.82005406117904,100.55842590332033,99.56797943115234,99.0135772705078,99.21057624816896,99.36054443359374,99.926158396403,0.0023148223401449,-0.0032332422551601,0.0041570156881494,-0.0138568129330254,13.0,0.8675875,1.0,1.0,1.0
99.69879150390624,101.28724892460988,99.51191751501676,101.1470898685499,100.4649871826172,99.67076110839844,99.13193206787108,99.1638572692871,99.23720581054688,99.85452245076496,-0.0143187078820213,0.0145267394197743,0.0159325644447896,-0.0018743856978664,13.0,0.89384375,0.0,0.0,0.0
97.59642028808594,99.9791026896812,97.175950277821,99.6987845969811,99.96041717529296,99.64272842407226,99.07586873372396,99.00734748840333,99.17179870605467,99.70190607706704,-0.0210872286825857,0.0215414080013323,0.0244136249522477,-0.004308252382862,13.0,0.906971875,0.0,0.0,0.0
98.15705871582033,98.48409174558448,96.52188643821408,97.50298552750658,99.50256958007812,99.65674438476564,99.10390014648438,98.94661254882811,99.1792739868164,99.60846761067708,0.0057444568774088,-0.0066635369566988,0.0033317321651922,-0.0166587334522758,13.0,0.9135359375,1.0,1.0,1.0
97.92346954345705,98.2972175300922,96.89564119385258,97.64315142469474,98.9045654296875,99.61936950683594,99.12570343017578,98.87887001037598,99.12134246826172,99.39200210571288,-0.0023797491022989,-0.0028626244563147,0.0038167355423339,-0.010496241140111,13.0,0.91681796875,0.0,0.0,0.0
97.45626831054688,98.15705641308068,97.2693872059334,97.92346037890272,98.16640167236328,99.3624137878418,99.10078684488931,98.80178337097168,99.0017413330078,99.16152064005534,-0.0047710853699155,0.0047938637140008,0.0071907955710013,-0.0019175893747334,13.0,0.918458984375,0.0,0.0,0.0
96.98908233642578,97.97018146434856,96.7087642262846,97.830022409278,97.62445983886718,99.0447235107422,98.98866068522136,98.75506401062012,98.85597778320312,98.96841481526693,-0.0047938011809809,0.0086704611755705,0.0101155625384685,-0.0028902027257958,13.0,0.9192794921875,0.0,0.0,0.0
98.15705871582033,98.39065475547834,96.94235645808438,97.12923043829664,97.73658752441406,98.84850234985352,99.0073481241862,98.74104843139648,98.75319549560548,98.93259684244792,0.0120423490073158,-0.010471261985339,0.0023798190646107,-0.012375088186502,13.0,0.91968974609375,1.0,1.0,1.0
99.46519470214844,99.6053537571498,97.83002236096564,98.5775325684492,97.99821472167967,98.75039215087892,99.10390116373698,98.8274787902832,98.75693298339844,98.98243077596028,0.0133269680595807,-0.0089243492294704,0.0014091266339053,-0.0164396434961936,13.0,0.919894873046875,1.0,1.0,1.0
99.5586395263672,100.11926862153835,98.95128836960436,99.97910956554914,98.32524871826172,98.6149070739746,99.18799591064452,98.92558975219728,98.76814575195311,98.98866017659503,0.000939472591378,0.0042233405476637,0.0056311445981811,-0.006100436482983,13.0,0.9199974365234376,1.0,1.0,1.0
100.35286712646484,100.49302618588224,99.18488684596312,99.6053568954294,98.90456848144532,98.5354850769043,99.20979868570964,99.05173225402832,98.8223403930664,98.9855458577474,0.0079774854686248,-0.0074488178807431,0.0013966622322882,-0.0116387335404162,13.0,0.9200487182617187,1.0,1.0,1.0
103.52976989746094,104.09039897917285,99.13815997834892,100.30614020224272,100.21270599365236,98.91858291625977,99.43405100504556,99.2946720123291,99.04659240722656,99.08209915161132,0.0316573194365493,-0.0311372245723234,0.0054151485342541,-0.0424188127092488,13.0,0.9200743591308592,1.0,1.0,1.0
103.4363250732422,104.74446434086612,101.98803388273237,102.40850390896108,101.26855926513672,99.5025733947754,99.65518798828126,99.57265090942384,99.24655059814454,99.17242279052736,-0.000902588929844,-0.0099367525243508,0.0126468072671537,-0.0140017657189996,13.0,0.9200871795654296,0.0,0.0,0.0
101.80115509033205,104.04367858181132,101.19381106722749,103.71664553965066,101.73575134277344,99.86698303222656,99.7455118815104,99.7618637084961,99.40913330078124,99.25340270996094,-0.0158084694303699,0.0188159991664036,0.0220284680413442,-0.0059659836135026,13.0,0.9200935897827148,0.0,0.0,0.0
102.1281967163086,102.4085077012461,100.58646134840222,101.80115654070288,102.24966278076172,100.28745574951172,99.82649230957033,99.95341262817382,99.59040435791016,99.3483985900879,0.0032125531943755,-0.0032022515438528,0.0027446972917395,-0.015096079412711,13.0,0.9200967948913574,1.0,1.0,1.0
103.34288787841795,103.85680202394026,101.80115257063656,101.84787463069696,102.84766693115236,100.87611770629884,99.9728790283203,100.11926574707032,99.81091918945312,99.49322814941408,0.011893788406776,-0.0144665325153279,0.0049729028873946,-0.0149186396803159,13.0,0.9200983974456788,1.0,1.0,1.0
101.00692749023438,103.90351699546316,100.77333144741291,103.3428879184488,102.34309844970704,101.27790222167968,100.06008809407552,100.16131286621092,99.90435729980469,99.5960100809733,-0.0226039782334303,0.0231267348315318,0.0286771370756608,-0.0023126734831532,13.0,0.9200991987228392,0.0,0.0,0.0
102.78225708007812,103.34288614748512,100.44629669189452,101.1003627490718,102.21228485107422,101.74042205810548,100.405810546875,100.29446220397948,100.1005776977539,99.74083964029948,0.0175763151494276,-0.0163636641068891,0.005454531582919,-0.0227272727272727,13.0,0.9200995993614196,1.0,1.0,1.0
101.47412109375,103.01585642519024,101.3339620402035,102.7822603788746,102.1468780517578,101.94131469726562,100.62694803873698,100.34585342407226,100.23886657714844,99.86542409261068,-0.0127272549123819,0.0128913586146368,0.0151933844296701,-0.0013812295394705,13.0,0.92009979968071,0.0,0.0,0.0
101.7544403076172,101.9880363564736,101.24052614861878,101.80115524011708,102.07212677001954,102.16089477539064,100.882346089681,100.3879009246826,100.37715545654297,100.00402475992838,0.0027624699859011,0.0004590947811089,0.0022956840816994,-0.0050505330032258,13.0,0.9200998998403548,1.0,1.0,1.0
102.31507110595705,103.62321042713282,101.70771994304124,101.7544420051062,101.86656341552734,102.35711517333984,101.20626627604166,100.44630012512206,100.46872528076172,100.1535265604655,0.0055096445584584,-0.0054794381198273,0.012785402062821,-0.0059360869943279,13.0,0.9200999499201774,1.0,1.0,1.0
103.20272827148438,104.32399354782852,102.40850315623152,102.68882125751392,102.30572357177736,102.32441101074218,101.62050933837892,100.62149696350096,100.5901950073242,100.30458501180011,0.0086757225102066,-0.0049795874835651,0.0108646863811054,-0.0076957763477296,13.0,0.9201,1.0,1.0,1.0
103.20272827148438,104.32399354782852,102.40850315623152,102.68882125751392,102.30572357177736,102.32441101074218,101.62050933837892,100.62149696350096,100.5901950073242,100.30458501180011,0.0086757225102066,-0.0049795874835651,0.0108646863811054,-0.0076957763477296,13.0,0.9201,1.0,1.0,1.0
104.183837890625,104.93134809920204,102.45522855317446,103.06257970654512,102.58603973388672,102.39916229248048,102.0222946166992,100.95086784362792,100.75277770996094,100.5148213704427,0.0095066248303022,-0.0107623044685397,0.0071749152624018,-0.0165919145661084,13.0,0.760625,1.0,1.0,1.0
104.69775390625,106.51980026987832,104.23056179980316,104.8379058351554,103.23076629638672,102.68882217407229,102.37113189697266,101.2779026031494,100.92283599853516,100.73751653035482,0.0049327806119459,0.0013386335778597,0.0174029174041294,-0.0044622934973864,13.0,0.6808875,1.0,1.0,1.0
108.76232147216795,109.322950562114,104.83790358497454,105.30509568139382,104.63234252929688,103.3522346496582,102.98471069335938,101.81984519958496,101.23678924560546,101.08635330200195,0.0388219175127436,-0.0317869804908388,0.0051546259987607,-0.036082513080577,13.0,0.64101875,1.0,1.0,1.0
108.43528747558594,110.30405584480734,108.20169142943328,109.50982358485976,105.85638580322264,103.861474609375,103.52353871663412,102.36879615783693,101.52831726074218,101.36666870117188,-0.0030068684830869,0.0099094689034302,0.01723395043004,-0.0021542438037549,13.0,0.6210843749999999,0.0,0.0,0.0
108.9491958618164,110.07046117463746,108.01481166552504,109.13607697834608,107.00567932128908,104.6557014465332,103.88483378092448,102.96680183410643,101.8983334350586,101.65944239298504,0.0047393094830515,0.0017153051479765,0.0102916345912564,-0.00857632944328,13.0,0.6111171874999999,1.0,1.0,1.0
109.7901382446289,110.490926361084,108.48199900148904,109.13607218745165,108.12693939208984,105.35648956298829,104.3084213256836,103.54845581054688,102.38608215332032,101.98180465698242,0.0077186653481967,-0.0059574208361037,0.0063829787234044,-0.0119149066032246,13.0,0.6061335937499999,1.0,1.0,1.0
111.28514862060548,114.88252610062926,110.25732750185372,112.45312878482002,109.44441833496094,106.33759231567385,104.94068756103516,104.13945350646972,102.91120574951172,102.3430997212728,0.0136169823617987,0.0104953821663702,0.0323257642606742,-0.0092359234946598,13.0,0.60115,1.0,1.0,1.0
112.45313262939452,114.32190095602772,109.5098210891902,111.2851524252488,110.18258056640624,107.40746154785155,105.62901662190755,104.7841781616211,103.49239227294922,102.72775446573893,0.0104954167134283,-0.0103863732102064,0.0166181971363303,-0.0261736731683984,13.0,0.550575,1.0,1.0,1.0
108.7155990600586,112.78016886002814,107.5476188227808,112.49985788035283,110.23864288330078,108.04751434326172,105.98719736735026,105.2023147583008,103.94276550292967,102.98003819783528,-0.0332363668485209,0.0348087933379615,0.0373871811875325,-0.0107434466385321,13.0,0.5252875,0.0,0.0,0.0
107.96809387207033,109.182789017791,107.22058368333028,108.71559693202484,110.04242248535157,108.52405090332032,106.45127512613932,105.42423095703126,104.38192596435547,103.25568161010742,-0.0068757859447137,0.0069233699803965,0.0112505009781866,-0.0069234360071759,13.0,0.5126437500000001,0.0,0.0,0.0
107.73450469970705,109.22951804374264,106.70667634244576,108.80904086246684,109.63129577636718,108.87911758422852,106.78142496744792,105.63913993835448,104.76502380371092,103.59361775716144,-0.0021635018641716,0.0099739277193959,0.0138768294169329,-0.009540382258462,13.0,0.506321875,0.0,0.0,0.0
106.7533950805664,108.9024815967223,106.61323602450656,108.38856743409804,108.72494506835938,109.08468170166016,107.133376566569,105.8867519378662,105.05655181884764,103.880162302653,-0.0091067353200844,0.0153172866520787,0.0201313177396744,-0.0013129236400779,13.0,0.5031609375,0.0,0.0,0.0
108.76232147216795,109.04263245274817,106.61323497712496,106.80011609296407,107.98678283691406,109.08468170166016,107.60056864420572,106.21845817565918,105.42469909667967,104.24145736694337,0.018818384090599,-0.0180412237679756,0.0025772802270676,-0.0197594761306464,13.0,0.5015804687500001,1.0,1.0,1.0
110.16389465332033,110.3974906949394,108.0148082189105,109.2762254178965,108.2764419555664,109.2575424194336,108.12382354736329,106.5595085144043,105.8171401977539,104.66504491170248,0.0128865691921719,-0.0080577147187584,0.0021204410242956,-0.0195080833078102,13.0,0.500790234375,1.0,1.0,1.0
109.88358306884766,111.285159401687,109.36967602407807,110.81796729074055,108.65953979492188,109.35098114013672,108.5692138671875,107.00334129333496,106.07129272460938,105.0948616027832,-0.0025444959562729,0.0085034014708771,0.0127551022063159,-0.0046768318834996,13.0,0.5003951171875001,0.0,0.0,0.0
108.1082534790039,110.53765820069604,107.82794248489128,110.30406214120916,108.73428955078126,109.18279266357422,108.83084157307944,107.26964111328124,106.25816986083984,105.42656809488932,-0.0161564588654832,0.0203112028133145,0.0224719634580345,-0.0025928732089551,13.0,0.50019755859375,0.0,0.0,0.0
105.44525146484376,108.3418409470252,104.88462239229015,108.20168902547586,108.47266082763672,108.59880294799804,108.88067474365236,107.46819763183592,106.40393371582032,105.6259033203125,-0.0246327355078153,0.0261409359107187,0.027470079893993,-0.005316778752626,13.0,0.500098779296875,0.0,0.0,0.0
106.65995025634766,106.94026121910436,104.51086389795351,105.44524803137963,108.05218658447264,108.01948471069336,108.74051666259766,107.71347312927246,106.58520385742187,105.86261367797852,0.0115197106994324,-0.011388550454492,0.0026280807564884,-0.020148953315926,13.0,0.5000493896484375,1.0,1.0,1.0
105.91244506835938,107.12714735033104,105.58541203207024,106.5197962093452,107.20189666748048,107.73916931152344,108.57232716878256,107.89334182739258,106.68798614501954,106.04793294270831,-0.0070083024245906,0.0057344643549095,0.011468928709819,-0.0030877677885544,13.0,0.5000246948242187,0.0,0.0,0.0
105.21165466308594,106.6132308987277,104.18383351603904,106.42635691882296,106.26751098632812,107.463525390625,108.32315775553386,107.99378814697266,106.8561752319336,106.10399576822915,-0.0066166955622743,0.0115453203319233,0.0133214921876285,-0.0097690807196051,13.0,0.5000123474121094,0.0,0.0,0.0
106.8935546875,107.22058773413454,104.9780642119772,105.39854138232369,106.02457122802734,107.37943038940428,108.1300521850586,108.1292739868164,107.02062713623047,106.2192367553711,0.015985871810494,-0.013986000461365,0.0030594271805313,-0.0179196068567715,13.0,0.5000061737060547,1.0,1.0,1.0
109.3696746826172,109.69670773051136,106.84683303717846,107.0337141565364,106.80945587158205,107.64105834960938,108.00235392252604,108.36287002563476,107.33644927978516,106.4715207417806,0.0231643526343197,-0.021358393291921,0.0029901620247403,-0.0230671038636608,13.0,0.5000030868530274,1.0,1.0,1.0
110.02373504638672,110.91139714853766,108.6221588037576,109.64997995592852,107.48221282958984,107.76719970703124,107.84039408365884,108.4259407043457,107.66722106933594,106.7347053527832,0.0059802716398998,-0.0033970405594812,0.008067914634753,-0.0127388535031847,13.0,0.5000015434265137,1.0,1.0,1.0
110.25733184814452,111.37858999847587,109.79013976404222,110.67780187232242,108.35119018554688,107.77654342651368,107.94317626953124,108.51704292297364,107.98491149902344,106.96518681844076,0.0021231491701252,0.0038135334596796,0.0101694656630695,-0.0042372881355932,13.0,0.5,1.0,1.0,1.0
110.25733184814452,111.37858999847587,109.79013976404222,110.67780187232242,108.35119018554688,107.77654342651368,107.94317626953124,108.51704292297364,107.98491149902344,106.96518681844076,0.0021231491701252,0.0038135334596796,0.0101694656630695,-0.0042372881355932,13.0,0.5,1.0,1.0,1.0
110.25733184814452,111.37858999847587,109.79013976404222,110.67780187232242,108.35119018554688,107.77654342651368,107.94317626953124,108.51704292297364,107.98491149902344,106.96518681844076,0.0021231491701252,0.0038135334596796,0.0101694656630695,-0.0042372881355932,13.0,0.5,1.0,1.0,1.0
108.85575103759766,109.79013516667574,106.51979071490244,106.51979071490244,109.08000946044922,107.67376022338868,108.00235341389974,108.51237068176268,108.21103240966796,107.22681427001952,-0.0127119057486104,-0.0214592274678111,0.0085836909871244,-0.0214592274678111,13.0,0.5740000000000001,0.0,0.0,0.0
109.64997863769533,110.44420373987974,108.57543543884093,108.66887955692113,109.63129425048828,107.82793273925782,108.13005167643227,108.50536270141602,108.42967803955078,107.4557383219401,0.0072961473558097,-0.0089475537794304,0.0072432763968763,-0.0097997574847221,13.0,0.611,1.0,1.0,1.0
109.50982666015624,110.16389988502304,108.99591962146,109.83686683698254,109.6593246459961,108.23439025878906,108.31381378173828,108.41659660339356,108.62216094970704,107.72359517415364,-0.0012781760587674,0.0029864002784079,0.005972735459591,-0.0046927938283664,13.0,0.6295,0.0,0.0,0.0
108.48200988769533,110.35077838577374,108.2016988902552,109.55655319984764,109.3509796142578,108.41659622192384,108.29512634277344,108.2180404663086,108.61094848632813,107.9478474934896,-0.0093856122670212,0.0099052673642821,0.0172265290808406,-0.00258393993373,13.0,0.6387499999999999,0.0,0.0,0.0
107.45417785644533,109.08935012817383,107.22058181762696,108.38856201171876,108.79034881591797,108.57076950073242,108.1144785563151,108.15496940612792,108.5717041015625,108.1191510518392,-0.0094746772512239,0.0086956521739132,0.0152173913043478,-0.0021739130434781,13.0,0.643375,0.0,0.0,0.0
113.38751983642578,114.27518909267592,107.96809582098466,109.32295004264851,109.6967025756836,109.3883560180664,108.34807434082032,108.4259407043457,108.74923706054688,108.45864410400392,0.0552174154448158,-0.0358467122275966,0.0078286327942502,-0.0477955953464653,13.0,0.6456875,1.0,1.0,1.0
114.64893341064452,115.63003962870528,113.52767527181972,114.64893341064452,110.69649353027344,110.16389389038086,108.78411966959636,108.77166213989258,108.9435888671875,108.80748062133787,0.0111248008249803,0.0,0.0085574822972549,-0.009779926471786,13.0,0.6468437499999999,1.0,1.0,1.0
115.30301666259766,118.76023549970812,113.3408111840002,115.39645366085732,111.85513153076172,110.75722808837892,109.44130401611328,109.19914321899414,109.10430358886718,109.1609893798828,0.0057050967025603,0.0008103603961473,0.0299837674431975,-0.0170178156252348,13.0,0.647421875,1.0,1.0,1.0
116.4242706298828,117.63897294907233,114.92925732619354,114.92925732619354,113.44358367919922,111.39728164672852,110.09225870768228,109.58224067687988,109.26314910888672,109.41638768513998,0.0097244113791592,-0.0128410794038125,0.0104334114580892,-0.0128410794038125,13.0,0.6477109375000001,1.0,1.0,1.0
117.77912902832033,119.0405462486456,116.61114880046622,116.89145977787987,115.50857391357422,112.14946136474607,110.88337097167968,109.96300239562989,109.6256903076172,109.72784907023112,0.0116372504728386,-0.0075367279225421,0.0107100233354755,-0.0099166994822422,13.0,0.64785546875,1.0,1.0,1.0
119.64789581298828,120.39540600045858,117.63896842184916,118.90038562551798,116.76064910888672,113.22867584228516,111.84578704833984,110.45121803283692,110.0928823852539,110.08447240193684,0.0158667057575083,-0.0062475832307044,0.0062475832307045,-0.0167903277988199,13.0,0.6479277343750001,1.0,1.0,1.0
120.06836700439452,121.0494732438824,118.47991675157046,120.48883703344046,117.84453582763672,114.27051467895508,112.72410786946617,111.04922370910644,110.5862368774414,110.42708002726236,0.0035142380778969,0.0035019217762037,0.0081712299747689,-0.0132295482353477,13.0,0.6479638671875001,1.0,1.0,1.0
114.22846221923828,120.95602524075905,113.85470713386816,120.5355552252085,117.62962493896484,114.74237823486328,113.04802703857422,111.48838424682616,110.88523956298827,110.52519048055014,-0.0486381628305356,0.0552147239263804,0.0588956805582183,-0.0032719961217088,13.0,0.64798193359375,0.0,0.0,0.0
116.09723663330078,116.6578657264972,112.87361400083203,115.02269337954932,117.56421813964845,115.50390090942383,113.45292714436847,111.96024856567382,111.1786361694336,110.64666061401368,0.016359971742207,-0.0092555454799106,0.0048289615623426,-0.0277665750361545,13.0,0.6479909667968751,1.0,1.0,1.0
117.63896942138672,118.47991660723967,115.48988296073868,116.75130017512537,117.53618621826172,116.52238006591796,113.94503631591796,112.5465747833252,111.47763916015624,110.9441062927246,0.0132796682573555,-0.0075457074354476,0.0071485426129556,-0.0182684910554591,13.0,0.6479954833984376,1.0,1.0,1.0
115.72348022460938,118.66679184171616,115.39644718466096,118.47991785568438,116.75130310058594,116.75597610473632,114.40288492838542,113.07216606140136,111.71123504638672,111.20261917114256,-0.0162827777750755,0.0238191733062727,0.0254340053668802,-0.0028259869070101,13.0,0.6479977416992189,0.0,0.0,0.0
115.39644622802734,116.3775524685248,114.74238015355274,116.23739341577009,115.8169189453125,116.8307273864746,114.78598276774088,113.49731063842772,112.00276275634764,111.45801722208658,-0.0028259951735575,0.0072874617480074,0.0085020490020875,-0.0056679914837424,13.0,0.6479988708496094,0.0,0.0,0.0
115.44316864013672,117.54553305150378,114.88253242741035,115.95707566342176,116.0598602294922,116.84474258422853,115.18153889973958,113.80098533630373,112.40267944335938,111.74767634073892,0.0004048860570372,0.0044516018517042,0.0182112500560394,-0.0048563827494546,13.0,0.6479994354248046,1.0,1.0,1.0
113.2473602294922,117.07834108625109,113.013764183533,115.63004274978998,115.48988494873046,116.52705154418943,115.49922892252604,113.96216659545898,112.66617584228516,111.89717763264974,-0.0190206872915051,0.0210396296696837,0.0338284340491072,-0.002062706322565,13.0,0.6479997177124024,0.0,0.0,0.0
113.66783142089844,115.02268556480529,113.52767237492544,113.6211093626457,114.6956573486328,116.11592178344726,115.91347249348958,114.13269157409668,112.97639129638672,112.01397552490236,0.0037128564458736,-0.0004110402887843,0.0119194157834328,-0.0012330581504103,13.0,0.6479998588562013,1.0,1.0,1.0
114.3686294555664,114.7423845676955,112.12610591157768,113.80800035176568,114.42468719482422,115.58799514770509,115.97887980143229,114.40833549499511,113.34267028808594,112.16347707112632,0.0061653154274844,-0.0049019482568735,0.0032679862818003,-0.0196078553591478,13.0,0.6479999294281007,1.0,1.0,1.0
113.57440185546876,115.30301119200956,113.38752073903,114.32190493486674,114.0602783203125,114.9385986328125,115.90724436442058,114.60455665588378,113.60990417480468,112.34568201700846,-0.0069444532463005,0.0065816158147082,0.0152200611079651,-0.0016454510293311,13.0,0.6479999647140504,0.0,0.0,0.0
113.2473602294922,114.41534045928805,112.873612258986,113.9481483673697,113.6211166381836,114.84048843383788,115.77020060221354,114.7914333343506,113.76501159667968,112.6057523091634,-0.0028795364151927,0.0061881189676951,0.0103135316128251,-0.0033002797570629,13.0,0.6479999823570253,0.0,0.0,0.0
113.48094940185548,114.6489295609062,113.06047939611126,113.94814146547576,113.66783447265624,114.57885971069337,115.57397918701172,115.0413803100586,113.90330017089843,112.833118947347,0.0020626456271468,0.004116920646882,0.0102923016172054,-0.0037052034545045,13.0,0.6479999911785126,1.0,1.0,1.0
116.23739624023438,116.79802533609046,114.2751908403452,114.6022238855291,114.18174743652344,114.43870239257812,115.47119700113932,115.48054122924805,114.14250274658202,113.1772839864095,0.0242899522158371,-0.0140675239432047,0.0048231388003341,-0.016881016465938,13.0,0.6479999955892564,1.0,1.0,1.0
115.86363983154295,117.77913027704643,115.4898847289099,116.23739493417604,114.48074951171876,114.45271835327148,115.21891326904296,115.6043472290039,114.42281829833983,113.5323501586914,-0.0032154575100679,0.0032258187570879,0.0165322826754663,-0.0032258187570879,13.0,0.6479999977946282,0.0,0.0,0.0
113.38751983642578,115.9570763545222,112.26626166186158,115.86363936143948,114.44337310791016,114.25182571411132,114.77352345784506,115.54127655029296,114.57231994628906,113.7488156636556,-0.021370984018086,0.0218376725109232,0.0226617225758469,-0.0098887265210646,13.0,0.6479999988973142,0.0,0.0,0.0
114.92926025390624,115.39645236875953,113.80800202977277,113.80800202977277,114.77975311279296,114.20043487548828,114.82024332682292,115.5225887298584,114.78909729003908,113.93413518269855,0.0135970909294479,-0.0097560727499365,0.0040650406504065,-0.0097560727499365,13.0,0.6479999994486572,1.0,1.0,1.0
116.4242706298828,116.93818479464431,114.50878728505104,115.67676754243104,115.36841735839845,114.51812591552736,114.84204559326172,115.5225887298584,115.10678771972655,114.14748636881512,0.0130080918703707,-0.0064205090863579,0.004414149747137,-0.0164526119379453,13.0,0.6479999997243286,1.0,1.0,1.0
113.80799865722656,114.83581985368848,112.9670514496538,114.36862775267984,114.88253784179688,114.53214263916016,114.5866475423177,115.32403221130372,115.3609405517578,114.26584192911784,-0.0224718777150296,0.0049260957232171,0.0090311859323488,-0.0073891749041784,13.0,0.6479999998621644,0.0,0.0,0.0
114.8358154296875,115.3030075126978,113.8547092038517,113.99486825451189,114.67697296142578,114.57886123657228,114.52746988932292,115.08342819213868,115.41887237548828,114.46517740885416,0.0090311470598527,-0.007323039175792,0.0040683482000991,-0.0085435560514351,13.0,0.6479999999310821,1.0,1.0,1.0
115.44316864013672,116.51770474736252,114.97597654872182,115.16285053377354,115.08810272216796,114.76573791503908,114.53058471679688,114.85216827392578,115.45064178466797,114.65828374226888,0.0052888831605074,-0.0024281913747273,0.009307922849687,-0.0040469444568976,13.0,0.647999999965541,1.0,1.0,1.0
120.8625946044922,121.84368654862158,115.44316372338017,115.44316372338017,116.27476959228515,115.52726135253906,114.89187978108724,115.18387489318847,115.67302490234376,115.0367093404134,0.0469445358109416,-0.0448396040052462,0.0081174158749437,-0.0448396040052462,13.0,0.648,1.0,1.0,1.0
120.8625946044922,121.84368654862158,115.44316372338017,115.44316372338017,116.27476959228515,115.52726135253906,114.89187978108724,115.18387489318847,115.67302490234376,115.0367093404134,0.0469445358109416,-0.0448396040052462,0.0081174158749437,-0.0448396040052462,13.0,0.648,1.0,1.0,1.0
119.83477020263672,123.47886277477622,119.60117415935672,120.4421142121363,116.95686950683594,116.1626434326172,115.33104044596354,115.37075157165528,115.80944488525392,115.4151346842448,-0.0085040736153223,0.0050681785300925,0.0304093091343811,-0.0019493177387913,13.0,0.6840999999999999,0.0,0.0,0.0
121.4232177734375,122.26417206528238,119.78804550646046,119.974919485458,118.47991333007812,116.6812255859375,115.84806620279949,115.5599639892578,115.9552084350586,115.88076934814453,0.0132553145311228,-0.0119276882505442,0.0069258112844119,-0.0134667182847031,13.0,0.7021499999999999,1.0,1.0,1.0
122.778076171875,123.75918241736676,121.6568180017006,121.6568180017006,120.06836547851564,117.3726692199707,116.40869598388672,115.91269378662108,116.08041564941406,116.1937878926595,0.0111581493497027,-0.0091323972905777,0.00799089117603,-0.0091323972905777,13.0,0.7111749999999999,1.0,1.0,1.0
122.40432739257812,123.7591815999894,121.51666527445153,122.8247974214201,121.46059722900392,118.27434997558592,116.99735768636069,116.26308784484864,116.1738540649414,116.45230102539062,-0.0030441003064233,0.0034350912079557,0.0110686789942151,-0.0072518851010853,13.0,0.7156874999999999,0.0,0.0,0.0
120.81587982177734,122.4510521705628,120.53556171047128,121.46994590977724,121.45125427246094,118.86301193237304,117.50192565917968,116.53172340393068,116.43735076904296,116.6360631306966,-0.0129770540358942,0.0054137427047236,0.0135344157671788,-0.0023202091622358,13.0,0.7179437499999999,0.0,0.0,0.0
116.84474182128906,120.81587449319264,115.16284748520395,120.53555639425,120.8532485961914,118.90505905151367,117.72617848714192,116.7115924835205,116.4672509765625,116.65007883707682,-0.0328693380898797,0.0315873398788106,0.0339864046084104,-0.0143942663560976,13.0,0.7190718749999999,0.0,0.0,0.0
112.87361145019533,117.17177723928864,111.93922727305392,116.79802214267498,119.14332733154296,118.81162033081054,117.501926167806,116.67188148498536,116.27663665771485,116.48656158447264,-0.033986384917239,0.0347681857792889,0.0380794566052302,-0.0082781454862342,13.0,0.7196359374999999,0.0,0.0,0.0
111.84577941894533,113.80799182847284,110.21060716352925,113.57439579198484,116.95686798095704,118.51261672973632,117.23406880696616,116.5457389831543,116.12152862548828,116.22649103800455,-0.00910604363628,0.0154553563131296,0.0175439110865112,-0.0146198834136703,13.0,0.7199179687499999,0.0,0.0,0.0
110.72452545166016,111.42531358743015,109.18279012720905,110.25733336114682,114.62090759277343,118.04075241088869,117.05653584798178,116.40324516296388,115.9346517944336,115.91502965291342,-0.0100250002558007,-0.0042194092827004,0.0063291139240506,-0.0139240635095265,13.0,0.7200589843749999,0.0,0.0,0.0
110.49093627929688,112.40642682106548,110.2573402195098,111.47204258191708,112.55591888427736,117.00358657836914,116.7606475830078,116.2654239654541,115.7365625,115.79044545491536,-0.0021096425693444,0.0088795184080998,0.0173361780275502,-0.0021141649048624,13.0,0.7201294921874999,0.0,0.0,0.0
110.9113998413086,111.892506086483,109.27622751854162,110.95812190204477,111.36925048828124,116.11124954223632,116.39312286376952,116.13694648742675,115.64312408447266,115.61758422851562,0.0038054122462034,0.0004212557122442,0.0088458557603472,-0.0147430500841804,13.0,0.7201647460937499,1.0,1.0,1.0
111.65890502929688,113.43423632581262,108.5287195776636,111.23843501668392,111.12630920410156,115.13481826782228,116.24984995524088,115.90802192687988,115.5627670288086,115.41824874877928,0.0067396605674241,-0.0037656648388467,0.0158995943588191,-0.0280334600344861,13.0,0.7202,1.0,1.0,1.0
111.65890502929688,113.43423632581262,108.5287195776636,111.23843501668392,111.12630920410156,115.13481826782228,116.24984995524088,115.90802192687988,115.5627670288086,115.41824874877928,0.0067396605674241,-0.0037656648388467,0.0158995943588191,-0.0280334600344861,13.0,0.7202,1.0,1.0,1.0
109.88358306884766,113.48096089737814,109.69670907598343,112.49986174166212,110.73386993408204,113.84536895751953,115.9197011311849,115.60901908874511,115.38336517333984,115.22358551025393,-0.0158995107464417,0.0238095500687782,0.0327380826877163,-0.0017006543438534,13.0,0.6840999999999999,0.0,0.0,0.0
114.04158782958984,114.2751838660054,110.95811729739036,111.28515032261508,111.39728240966797,113.0090950012207,115.82626241048176,115.64172248840332,115.40205261230469,115.17842356363931,0.0378400907998876,-0.0241704588600928,0.0020483407926994,-0.0270381234677918,13.0,0.66605,1.0,1.0,1.0
115.63004302978516,116.05051306201558,114.08830769696424,114.64893678286668,112.42510375976562,112.49051132202148,115.47742563883465,115.67676162719728,115.4973599243164,115.18465270996094,0.0139287362656587,-0.0084848731455176,0.0036363389756943,-0.0133333456636679,13.0,0.657025,1.0,1.0,1.0
115.30301666259766,116.79803002111066,114.97598360429576,116.5177118975456,113.30342712402344,112.33633880615234,115.17530873616536,115.620698928833,115.57024261474608,115.25317459106444,-0.0028282127950368,0.0105348088029857,0.0129659518179627,-0.0028362922997832,13.0,0.6525125,0.0,0.0,0.0
116.84474182128906,117.54552993986027,114.8358144556278,115.53660257419904,114.34059448242188,112.73345184326172,114.87007700602211,115.77253608703612,115.59453643798828,115.3590716044108,0.0133710739173705,-0.0111955337202147,0.0059976008132487,-0.0171931345334636,13.0,0.65025625,1.0,1.0,1.0
116.47098541259766,117.59224353809284,115.86363429096056,117.49880654909911,115.65807495117188,113.19597244262695,114.44960428873698,115.85429458618164,115.61883026123049,115.42915013631185,-0.0031987439303264,0.0088246968363872,0.0096269308748708,-0.005214613059944,13.0,0.6491281250000001,0.0,0.0,0.0
116.00379943847656,116.79802457986248,115.20957429709064,116.79802457986248,116.05051727294922,113.7238998413086,114.0229024251302,115.88232612609865,115.7234814453125,115.51013005574544,-0.0040111790285459,0.0068465442100209,0.0068465442100209,-0.0068465442100208,13.0,0.6485640625,0.0,0.0,0.0
117.35865020751952,117.63896830975014,115.11612677603104,115.77019997164064,116.3962387084961,114.41067123413086,113.79242045084636,115.70712890625,115.82065704345705,115.64717305501304,0.0116793654656244,-0.0135350077141319,0.0023885593582999,-0.0191082926356357,13.0,0.64828203125,1.0,1.0,1.0
117.77912902832033,118.9471092561744,117.12505582345068,118.19959905883356,116.89146118164062,115.09744415283204,113.8547129313151,115.60434684753416,115.87485137939451,115.79044570922852,0.0035828532456471,0.0035699876029151,0.0099166994822421,-0.0055533880260938,13.0,0.648141015625,1.0,1.0,1.0
118.5266342163086,120.58228373136122,118.24632323388258,118.94711138312616,117.22783966064452,115.7842170715332,114.23158111572266,115.45951766967774,116.0635968017578,115.86675364176432,0.0063466693475763,0.0035475331734318,0.017343355176197,-0.0023649619706104,13.0,0.6480705078125,1.0,1.0,1.0
118.10616302490234,119.4143023164728,117.77912998420614,118.57335511983568,117.55487518310548,116.60647506713867,114.64894002278646,115.22592201232912,116.1944107055664,115.9415044148763,-0.0035474827593509,0.003955696154779,0.0110759613052082,-0.0027689752365187,13.0,0.6480352539062499,0.0,0.0,0.0
117.96600341796876,118.80695061066584,116.61114920052414,117.2184932180634,117.9473159790039,116.99891662597656,115.13170522054035,115.00400581359864,116.29532409667968,116.09412053426108,-0.0011867255979185,-0.0063366578357054,0.0071287249574565,-0.0114851243425123,13.0,0.648017626953125,0.0,0.0,0.0
116.37755584716795,118.15288013764992,116.00380073856648,117.40537704923273,117.7510971069336,117.07366790771484,115.5241465250651,114.78208961486816,116.11592254638671,116.14239705403646,-0.0134652995335673,0.0088317819925221,0.0152548683254132,-0.0032115737942831,13.0,0.6480088134765625,0.0,0.0,0.0
116.75130462646484,117.17178179981548,116.00380153292896,116.42427157749376,117.5455322265625,117.21849670410155,115.9134735107422,114.77741775512696,115.99258392333984,116.15329818725586,0.0032115194083273,-0.002801108304677,0.0036014772999404,-0.0064025245450358,13.0,0.6480044067382813,1.0,1.0,1.0
115.67676544189452,117.2184936506118,114.83581824609423,116.84474567806556,116.97555847167968,117.10169906616213,116.18133087158203,114.91757545471192,115.76272583007812,116.21559041341146,-0.0092036589056388,0.0100969302842213,0.0133278986737548,-0.0072698021299938,13.0,0.6480022033691406,0.0,0.0,0.0
116.75130462646484,117.6389739065701,115.5833243595783,115.91036453733518,116.70458679199218,117.12973098754884,116.63917897542318,115.1628517150879,115.52165496826171,116.27944005330404,0.0092891531023147,-0.0072028324807176,0.0076030780379308,-0.0100040018449762,13.0,0.6480011016845704,1.0,1.0,1.0
116.3308334350586,117.45209162870148,115.77020433823714,116.89146253188004,116.37755279541015,117.16243438720704,116.79179534912107,115.44316711425782,115.27871520996094,116.30902887980145,-0.0036014260633018,0.0048192648523781,0.0096385297047565,-0.0048192648523783,13.0,0.6480005508422853,0.0,0.0,0.0
117.07833862304688,118.1528747088235,115.5366033263957,116.3775504999132,116.51770935058592,117.13440322875977,116.88834838867189,115.77253723144533,115.12921356201171,116.18288701375326,0.0064256841107011,-0.0059856343314708,0.0091779239303717,-0.0131684077070399,13.0,0.6480002754211427,1.0,1.0,1.0
117.63896942138672,118.66679059130232,116.9848962195964,116.9848962195964,116.69524230957032,117.1203872680664,117.04407857259116,116.10891571044922,115.16098266601564,116.10969365437826,0.0047885100261363,-0.0055600045206737,0.0087370807052373,-0.0055600045206737,13.0,0.6480001377105713,1.0,1.0,1.0
123.24526977539062,125.3943562781586,117.07834263503148,117.59224966566858,118.20894317626951,117.5922508239746,117.47078043619793,116.6882339477539,115.57584899902344,116.17042872111004,0.0476568298887586,-0.0458680492973437,0.0174374765594216,-0.0500378404104117,13.0,0.6480000688552856,1.0,1.0,1.0
127.12297821044922,128.33768056925223,123.66575938737296,125.20748767436432,120.2832778930664,118.49393234252928,118.18091328938802,117.550203704834,116.1869369506836,116.3152587890625,0.0314633449391246,-0.0150680118028216,0.0095553327644046,-0.0271958608250423,13.0,0.6480000344276429,1.0,1.0,1.0
132.589111328125,135.57915215278453,128.94501867723176,129.87940287054502,123.5349334716797,119.95624313354492,119.28660074869792,118.47757987976074,117.06152038574218,116.65475158691406,0.0429987811379522,-0.0204368852799241,0.0225511793141137,-0.0274841019325864,13.0,0.648,1.0,1.0,1.0
132.589111328125,135.57915215278453,128.94501867723176,129.87940287054502,123.5349334716797,119.95624313354492,119.28660074869792,118.47757987976074,117.06152038574218,116.65475158691406,0.0429987811379522,-0.0204368852799241,0.0225511793141137,-0.0274841019325864,13.0,0.648,1.0,1.0,1.0
131.1408233642578,133.99068366369983,130.34659112035277,133.47678377860106,126.34743041992188,121.43256988525393,120.20541229248047,119.25311889648438,117.88751586914064,116.9989163716634,-0.0109231289761271,0.0178126105541891,0.0217312979004733,-0.0060563310762429,13.0,0.58045,0.0,0.0,0.0
131.37442016601562,133.24318850830562,129.69252580644044,131.8883200540886,129.09452056884766,122.894881439209,121.1117650349935,120.05668907165528,118.70603668212893,117.4832389831543,0.0017812668531824,0.0039117195525855,0.0142247504493528,-0.012802297109664,13.0,0.546675,1.0,1.0,1.0
132.72927856445312,134.27100679262026,130.8605101630038,131.37442432491665,130.99132232666017,124.60013275146484,122.05860799153646,120.85091590881348,119.54885162353516,118.14509455362956,0.0103129543538642,-0.010207651651467,0.0116155850829737,-0.0140795491519367,13.0,0.5297875000000001,1.0,1.0,1.0
131.1408233642578,135.2988300502746,128.33767086704592,133.47678377860106,131.79489135742188,126.03908462524414,122.92758534749348,121.58440780639648,120.39914123535156,118.78826268513996,-0.0119676322916496,0.0178126105541891,0.0317064250425473,-0.0213751326650271,13.0,0.52134375,0.0,0.0,0.0
131.79489135742188,133.71038177672844,130.58018907267348,130.86050717801098,131.63604736328125,127.58549041748049,123.8495112101237,122.37396240234376,121.10927337646484,119.49060821533205,0.0049875239180656,-0.0070896843556469,0.0145338745650758,-0.0092166112983407,13.0,0.517121875,1.0,1.0,1.0
129.6457977294922,132.30879819669366,128.9450096336571,131.79488407490055,131.33704223632813,128.842236328125,124.73406066894532,122.9883197784424,121.66990356445312,120.1291035970052,-0.0163063500094358,0.0165765985712276,0.0205405845298423,-0.0054054054054054,13.0,0.5150109375,0.0,0.0,0.0
131.79489135742188,132.682553476348,129.41220884840985,129.92612299860008,131.42113647460937,130.25782852172853,125.73696645100912,123.68910789489746,122.32957855224608,120.82521998087564,0.0165766547436716,-0.0141793687112937,0.006735178501865,-0.0180787167428994,13.0,0.5139554687500001,1.0,1.0,1.0
135.99961853027344,137.7282206868659,132.3555117198246,132.68255188171634,132.07520446777343,131.5332633972168,127.09182332356772,124.5627571105957,123.09577362060548,121.63657709757489,0.0319035671985838,-0.0243902643581218,0.012710345626504,-0.0267949781758959,13.0,0.513427734375,1.0,1.0,1.0
136.27993774414062,139.36339411823923,135.48570549167823,137.3544738432876,133.10302734375,132.44895935058594,128.39373219807942,125.4714458465576,123.88813171386718,122.5164555867513,0.0020611764716442,0.0078847709863527,0.0226259009590072,-0.0058279469862506,13.0,0.5131638671875001,1.0,1.0,1.0
135.5324249267578,137.82166326162317,135.0185107885054,136.42008702506428,133.85053405761718,132.74329071044923,129.67383829752603,126.34976692199707,124.66927673339843,123.23281682332356,-0.0054851273764611,0.0065494445243354,0.0168907059406815,-0.0037918168920103,13.0,0.5130319335937501,0.0,0.0,0.0
134.92507934570312,137.2143321532109,133.47679517125158,136.51354396909352,134.90639038085936,133.12171630859376,130.8636210123698,127.27714309692382,125.37193389892576,123.87598470052085,-0.0044811828710576,0.0117729382194429,0.0169668442561541,-0.0107339879396385,13.0,0.5129659667968751,0.0,0.0,0.0
128.71142578125,138.28886399727767,127.49672344867852,135.95290345678313,134.289697265625,132.85541687011718,131.601784769694,127.87514915466308,125.80922576904295,124.32293167114258,-0.0460526211626868,0.0562613430127043,0.074410163339383,-0.0094374087241946,13.0,0.5129329833984375,0.0,0.0,0.0
131.4678497314453,131.74816783366944,126.00171089714416,126.28201474179734,133.3833435058594,132.7292739868164,132.14995676676432,128.66470336914062,126.32687438964844,124.81036860148112,0.0214155342733904,-0.0394456515432578,0.0021322178981153,-0.0415777609922659,13.0,0.5129164916992188,1.0,1.0,1.0
141.5592041015625,143.10093230459066,131.84161427550683,132.68255433941832,134.43919677734374,133.77111206054687,133.11237182617188,129.9050983428955,127.26499603271483,125.64664255777994,0.0767591041515564,-0.0627062706270626,0.0108910488216791,-0.0686468243992367,13.0,0.5129082458496095,1.0,1.0,1.0
143.89515686035156,147.35237531002772,141.46575240513565,142.4468585988794,136.1117431640625,134.98113861083985,133.866108194987,131.28331451416017,128.30216217041016,126.57635447184244,0.0165015957359658,-0.0100649548815441,0.0240259542093648,-0.0168831565163352,13.0,0.5129041229248048,1.0,1.0,1.0
141.88624572753906,145.2032982140537,140.85841740991086,144.7828281777772,137.50397644042968,136.20518341064454,134.58246968587238,132.52370986938476,129.322509765625,127.39394098917644,-0.013960936397339,0.0204148219962092,0.0233782525536991,-0.0072440306835795,13.0,0.5129020614624025,0.0,0.0,0.0
146.79176330566406,148.42693565324277,141.6993580171476,142.446868227555,141.1200439453125,137.70487060546876,135.61029256184895,133.98134956359863,130.52412811279297,128.36102879842122,0.0345735948750448,-0.029599038667188,0.0111394012222183,-0.0346913557943476,13.0,0.5129010307312012,1.0,1.0,1.0
151.46368408203125,153.51932646453182,147.6794252315351,149.26787551539593,145.11921081542968,139.25127716064452,136.8592529296875,135.39227027893065,131.95560485839843,129.45893046061198,0.0318268591585677,-0.0144972610427598,0.013571849879125,-0.0249845953069953,13.0,0.5129005153656006,1.0,1.0,1.0
155.29464721679688,158.23796592606382,151.97758054011717,152.95868677653948,147.86629943847657,141.15274810791016,138.4695078531901,136.80085372924805,133.49733856201172,130.6985466003418,0.0252929483260872,-0.0150421182064074,0.0189531240259555,-0.0213598262150591,13.0,0.5129002576828003,1.0,1.0,1.0
153.2857208251953,156.60278736952606,147.72613805072098,156.13559530011526,149.74441223144532,142.9280776977539,139.90222981770833,137.83568420410157,134.97553405761718,131.87587051391603,-0.0129362243168435,0.0185919109723853,0.0216397621805457,-0.0362694107744999,13.0,0.5129001288414001,0.0,0.0,0.0
151.51039123535156,153.6127556702042,150.2022590678051,153.23900769592558,151.66924133300782,144.58660888671875,141.35986938476563,138.85416259765626,136.35281616210938,133.04696502685547,-0.0115818328040372,0.011409227093136,0.0138760412253631,-0.0086339435657217,13.0,0.5129000644207,0.0,0.0,0.0
152.4447784423828,154.8274610338346,151.6038383548453,151.6505604169466,152.79984436035156,146.95994415283204,142.736528523763,139.9076805114746,137.74504852294922,134.23674748738603,0.0061671493249581,-0.0052098735919405,0.0156298078281003,-0.0055163587505582,13.0,0.5129000322103501,1.0,1.0,1.0
152.91195678710938,156.13559343356266,151.27678456371956,155.10776519011807,153.0894989013672,149.10435485839844,143.86401774088543,140.91681442260742,138.93171600341796,135.47792053222656,0.0030645742642023,0.0143599522832984,0.0210816519138616,-0.01069355371383,13.0,0.5129000161051751,1.0,1.0,1.0
150.15553283691406,154.50042776949763,149.78178487301415,154.50042776949763,152.06167602539062,149.9639877319336,144.78905741373697,141.86754989624023,139.85301818847657,136.5913948059082,-0.0180262159226235,0.0289359629345302,0.0289359629345302,-0.0024890722095856,13.0,0.5129000080525876,0.0,0.0,0.0
150.48257446289062,152.0710247112792,149.22115012170414,151.27679245829938,151.50104675292968,150.6227294921875,145.78573404947915,142.80193405151368,140.56875671386717,137.72978617350262,0.0021780191498622,0.0052778070699781,0.0105557088856178,-0.0083825276493894,13.0,0.5129000040262939,1.0,1.0,1.0
149.50146484375,150.80959695810452,147.35237843510694,150.3424048804678,151.09926147460936,151.3842514038086,146.7574930826823,143.79471740722656,141.30318237304687,138.81055704752603,-0.0065197556769775,0.0056249618530272,0.0087499618530273,-0.0143750190734863,13.0,0.5129000020131469,0.0,0.0,0.0
148.61380004882812,150.52929038386625,145.62377365776817,149.3145881525564,150.33306579589845,151.566455078125,148.08431803385415,144.6356628417969,141.99275756835937,139.8430514017741,-0.0059374989793552,0.0047154981805057,0.0128890475474603,-0.0201194397160799,13.0,0.5129,0.0,0.0,0.0
148.61380004882812,150.52929038386625,145.62377365776817,149.3145881525564,150.33306579589845,151.566455078125,148.08431803385415,144.6356628417969,141.99275756835937,139.8430514017741,-0.0059374989793552,0.0047154981805057,0.0128890475474603,-0.0201194397160799,13.0,0.5129,0.0,0.0,0.0
151.74398803710938,154.03324072803926,148.9408354433876,150.2489818750006,150.09947204589844,151.5944854736328,149.4360605875651,145.42288131713866,142.7533459472656,140.79300867716472,0.02106256610929,-0.009852160744208,0.0150862826299915,-0.0184729070982123,13.0,0.5064500000000001,1.0,1.0,1.0
154.36026000976562,155.8552803652034,150.90304147758283,152.95868377313172,150.94041748046874,151.50104675292968,150.28946431477866,146.32689743041993,143.68212341308595,141.70091807047527,0.0172413550381741,-0.0090799033154338,0.0096852671493505,-0.0223970763716261,13.0,0.503225,1.0,1.0,1.0
155.94871520996094,157.16341750537504,152.16447065617606,154.50043112521425,152.0336456298828,151.76734619140626,151.09303487141926,147.34771194458008,144.6482763671875,142.4795715332031,0.0102905709027363,-0.0092869254023465,0.0077891138364216,-0.0242659553090256,13.0,0.5016125,1.0,1.0,1.0
153.33245849609375,157.91093553947582,152.86526637911305,154.64059072061093,152.79984436035156,151.94955291748047,151.85611572265626,148.2680809020996,145.59574279785156,143.21929270426432,-0.0167763915870983,0.0085313457916706,0.029859803255543,-0.0030469224948388,13.0,0.50080625,0.0,0.0,0.0
152.81854248046875,154.313548682308,147.3991111370685,153.3324566544895,153.6407928466797,151.98692932128907,152.25790100097657,149.47343673706055,146.43668884277344,143.93409678141276,-0.0033516453115378,0.003362904564323,0.0097828848356562,-0.0354631791105642,13.0,0.5004031250000001,0.0,0.0,0.0
157.25685119628906,158.09779120633462,153.612744551761,154.2201027879675,154.7433654785156,152.42141876220705,152.64411214192708,150.76288681030277,147.28697814941407,144.7516825358073,0.0290429986033112,-0.0193107542547132,0.0053475572202312,-0.02317295950419,13.0,0.5002015625,1.0,1.0,1.0
146.88519287109375,157.2568631575889,145.5303386373804,156.97654504706202,153.24835205078125,152.094384765625,152.08348185221354,151.0291862487793,147.71118835449218,145.27649485270183,-0.0659536182131062,0.0687023108232864,0.0706107272201175,-0.0092238993409116,13.0,0.50010078125,0.0,0.0,0.0
153.75291442871094,154.2668285617046,145.95080108867515,148.28676145903668,152.80919189453124,152.42141876220705,152.11462809244793,151.52207412719727,148.4400079345703,146.00842895507813,0.0467557105204218,-0.035551540534919,0.0033424675877085,-0.0507444907241307,13.0,0.500050390625,1.0,1.0,1.0
154.54714965820312,156.18232210005414,153.7529315981331,155.10778591272378,153.05213012695313,152.92598724365234,152.31707865397135,152.15511932373047,149.2248907470703,146.83847401936848,0.0051656596718395,0.0036276065638256,0.0105804115149801,-0.0051390016692415,13.0,0.5000251953125,1.0,1.0,1.0
160.48048400878906,163.2369145070619,154.64058284398598,156.92982124907454,154.5845184326172,154.11265563964844,152.85279235839843,152.8395553588867,150.49565307617186,147.79466044108074,0.038391742349879,-0.0221251997191139,0.0171761103245542,-0.0363901018922852,13.0,0.50001259765625,1.0,1.0,1.0
160.71408081054688,165.38600176434184,160.2468887151674,163.51723338282386,155.27596435546874,155.0096649169922,153.37293395996093,153.3020751953125,151.66550231933593,148.61847585042318,0.0014556087813457,0.0174418604651163,0.0290697674418605,-0.0029069767441859,13.0,0.500006298828125,1.0,1.0,1.0
161.2747039794922,163.05002809526647,159.17233972038417,161.64845192252778,158.15386657714845,155.70110931396485,154.1142120361328,153.6010780334473,152.45412231445312,149.4516347249349,0.0034883263875689,0.0023174616589785,0.0110080754883916,-0.0130359207441196,13.0,0.5000031494140624,1.0,1.0,1.0
162.3025360107422,163.98443045668407,160.0600195878675,162.58285412799447,159.8637908935547,156.33649139404298,154.90220947265624,154.05191879272462,153.19041748046874,150.3439717610677,0.0063731757423079,0.0017271333162269,0.0103627120517115,-0.0138168908385157,13.0,0.5000015747070312,1.0,1.0,1.0
166.22694396972656,168.18915649857183,163.61067960802816,164.3581755641869,162.1997497558594,157.62593994140624,156.01724141438802,154.78774642944336,154.16404541015626,151.38736724853516,0.0241795849617817,-0.0112422713244371,0.0118044191993484,-0.0157391112368333,13.0,0.5000007873535156,1.0,1.0,1.0
169.68417358398438,174.26265038435173,166.27366275650397,168.1891531859695,164.04048767089844,159.3125030517578,157.42193298339845,155.64971618652345,155.07974182128908,152.7531255086263,0.0207982504622562,-0.0088106060007707,0.0269823443380903,-0.0200991686817061,13.0,0.5000003936767579,1.0,1.0,1.0
174.93560791015625,176.33277724832644,169.29873455959577,171.99672534877743,166.88479309082032,161.08037872314452,158.9680409749349,156.7508987426758,156.01861877441405,154.20205078125,0.0309482859553351,-0.0167997962020869,0.0079867635575241,-0.0322225613064177,13.0,0.5,1.0,1.0,1.0
174.93560791015625,176.33277724832644,169.29873455959577,171.99672534877743,166.88479309082032,161.08037872314452,158.9680409749349,156.7508987426758,156.01861877441405,154.20205078125,0.0309482859553351,-0.0167997962020869,0.0079867635575241,-0.0322225613064177,13.0,0.5,1.0,1.0,1.0
172.43032836914062,178.64533317904306,171.7558343445461,176.0918862634827,169.11591796875,163.63489227294923,160.17271219889324,157.8646385192871,156.7040460205078,155.23108825683593,-0.0143211526283562,0.0212349992543272,0.036043571155286,-0.0039116901937956,13.0,0.635575,0.0,0.0,0.0
173.1529998779297,175.5619175576529,171.51493879629126,174.35745871779127,171.2860107421875,165.57490081787108,161.31966451009114,158.99815979003907,157.4987371826172,156.20634969075522,0.0041910928061446,0.0069560379589768,0.0139120759179538,-0.009460194641694,13.0,0.7033625,1.0,1.0,1.0
166.79347229003906,173.53844204660894,162.0238033427423,173.34571686269885,171.39931640625,166.79953308105468,162.2170654296875,159.8627601623535,158.1100604248047,157.03659057617188,-0.036727793294797,0.039283579163494,0.0404390511448851,-0.0285962566868488,13.0,0.73725625,0.0,0.0,0.0
162.65013122558594,168.33517129752892,161.39749104111132,166.79347274214015,169.9925079345703,167.01649780273436,162.87250467936198,160.5645767211914,158.51827453613282,157.56520284016926,-0.0248411464043881,0.0254739512678761,0.0349525698448909,-0.0077014397408464,13.0,0.754203125,0.0,0.0,0.0
164.14366149902344,166.02261440497105,160.28939309590336,163.131913102631,167.83411865234376,167.35945587158204,163.33162536621094,161.1845603942871,158.9675427246094,157.987868754069,0.009182471985627,-0.0061637981457997,0.0114470025146771,-0.0234810675473021,13.0,0.7626765625,1.0,1.0,1.0
169.82870483398438,170.3104883937971,161.1566007573554,162.84284321669992,167.3137939453125,168.21485595703126,164.86119283040364,161.95798263549804,159.7544696044922,158.4723373413086,0.0346345590383626,-0.0411347517730495,0.0028368794326241,-0.051063829787234,13.0,0.76691328125,1.0,1.0,1.0
177.5372314453125,179.7052573381318,169.25054881827884,170.55137023511702,168.19064025878907,169.7383255004883,166.44681396484376,163.03740844726562,160.83665588378906,159.28072102864584,0.0453900100036891,-0.039348710990502,0.0122116689280868,-0.046675745473626,13.0,0.769031640625,1.0,1.0,1.0
175.94735717773438,178.88622505100807,175.12831926700323,178.6453332776009,170.02141723632812,170.71036682128906,167.87349446614584,164.16815338134765,161.89449157714844,160.09528656005858,-0.0089551597410589,0.0153339961630747,0.0167031089322073,-0.0046550168406552,13.0,0.7700908203125,0.0,0.0,0.0
177.1518096923828,181.00607792868928,175.51373392965937,176.3327718110211,172.9217529296875,171.4571304321289,168.98491617838542,165.38481674194335,163.03601196289063,160.91885426839193,0.0068455277417537,-0.0046233672847256,0.0217568662888585,-0.0092467345694514,13.0,0.7706204101562499,1.0,1.0,1.0
177.2963409423828,179.2234750830609,175.89917163096453,176.8145574072133,175.5522888183594,171.69320373535157,170.09040018717448,166.38679122924805,164.05810607910155,161.7316670735677,0.0008158609852813,-0.0027173913043477,0.0108695652173913,-0.0078804181969684,13.0,0.770885205078125,1.0,1.0,1.0
173.73114013671875,178.69350450826306,172.76757309736132,177.970829228745,176.33277587890626,171.8232849121094,170.92082926432292,167.7290885925293,164.8329412841797,162.51752065022785,-0.0201087105730099,0.0244037372269001,0.0285634709335307,-0.0055463116088407,13.0,0.7710176025390625,0.0,0.0,0.0
175.610107421875,176.52549324426877,171.22587409024786,174.40564852323388,175.94735107421874,172.0689956665039,171.80800069173176,168.8219482421875,165.61939697265626,163.355105082194,0.0108153741676799,-0.0068587105624142,0.0052126032825361,-0.0249657231920866,13.0,0.7710838012695312,1.0,1.0,1.0
173.34571838378906,176.42914491900012,172.5748764528537,176.3327823261995,175.4270233154297,172.7242202758789,172.28258565266927,169.7618766784668,166.41992736816405,164.14991353352863,-0.0128944117814705,0.0172318299538096,0.0177877282690324,-0.0044468472490836,13.0,0.7711169006347656,0.0,0.0,0.0
175.465576171875,176.81456424134325,171.22587207679274,173.44207936480538,175.08977661132812,174.00576477050782,172.668012491862,170.5111312866211,167.3258087158203,165.04497273763022,0.0122290749829341,-0.011532158336787,0.0076880496955531,-0.0241625975167306,13.0,0.7711334503173828,1.0,1.0,1.0
173.92385864257812,176.5736681232822,172.33397883530242,175.3692092684167,174.4152801513672,174.9837844848633,172.6005625406901,171.17162017822267,167.99248901367187,165.7843017578125,-0.008786438701724,0.0083102493074791,0.0152354570637118,-0.009141240423736,13.0,0.7711417251586914,0.0,0.0,0.0
172.81576538085938,175.176501836853,170.21412244683876,174.26111603181877,174.23220520019532,175.2824905395508,172.62625834147136,171.74867324829103,169.0297119140625,166.39948527018228,-0.0063711400515551,0.0083635347028325,0.0136604229989718,-0.0150544305277183,13.0,0.7711458625793457,0.0,0.0,0.0
175.610107421875,177.19998728693432,169.87688600491677,172.23762250567987,174.23220520019532,175.08977813720702,172.7900655110677,172.41405181884767,169.90399963378906,167.05486501057942,0.016169485665022,-0.01920438957476,0.0090534644525892,-0.032647445532193,13.0,0.7711479312896728,1.0,1.0,1.0
177.4408721923828,179.17529587980576,175.56191932386912,178.21172879822265,175.05123596191407,175.23912963867187,173.49989217122396,172.97474822998046,170.81974853515624,167.85847880045574,0.0104251674199463,0.004344301266757,0.0097746571350396,-0.0105891773710203,13.0,0.7711489656448365,1.0,1.0,1.0
183.89678955078125,185.8720903717871,178.2599160538766,179.22348316768134,176.73747863769532,175.91362762451172,174.9163360595703,173.6853790283203,171.75640075683594,168.89442036946613,0.0363834852626224,-0.0254126588860836,0.0107413556584161,-0.0306523757737928,13.0,0.7711494828224182,1.0,1.0,1.0
187.02838134765625,189.19640733838085,184.3303905075144,185.48666809532745,179.35838317871094,176.88683166503907,176.44198404947915,174.2900177001953,172.8089727783203,169.88680470784504,0.0170290726908543,-0.0082432048078469,0.0115919625412068,-0.0144255691072185,13.0,0.7711497414112092,1.0,1.0,1.0
183.5113525390625,187.02838130040308,178.88622748611178,186.9802000044924,181.49750061035155,177.86485290527344,177.35416056315103,174.8440689086914,173.69843872070314,171.10767669677733,-0.0188047866492313,0.0189026314581353,0.0191651835849879,-0.0252034819042936,13.0,0.7711498707056046,0.0,0.0,0.0
181.6805725097656,185.4384781710208,180.76518674129235,184.1858380496469,182.7115936279297,178.4718994140625,177.63038330078126,175.2704475402832,174.47356018066407,172.0385986328125,-0.0099763856784128,0.0137893969909554,0.0206841359499412,-0.0050384350722147,13.0,0.7711499353528023,0.0,0.0,0.0
176.57366943359375,181.15061311604708,175.3210292746647,181.15061311604708,182.53815307617188,178.79469451904296,177.67213745117186,175.75945739746095,174.88742919921876,172.77281595865887,-0.0281092414319498,0.0259208731241473,0.0259208731241473,-0.0070941503506565,13.0,0.77115,0.0,0.0,0.0
173.34571838378906,177.87449559380502,172.1894407845186,176.57367410533365,180.42793884277344,178.58270874023438,177.41839803059895,176.2942367553711,175.03389099121094,173.2016571044922,-0.0182810441679055,0.0186214909236919,0.0261256940883258,-0.0066703556917999,13.0,0.68615,0.0,0.0,0.0
162.5537567138672,173.58659638173108,160.24120169892203,173.34570462172152,175.53301391601562,177.4456985473633,176.43555908203126,176.2147415161133,174.5386169433594,173.26297963460286,-0.0622568689353397,0.0663900246049109,0.0678719452007761,-0.014226401540604,13.0,0.64365,0.0,0.0,0.0
169.68417358398438,170.16595713793905,160.0003212089219,161.8792741287717,172.767578125,177.13253936767578,176.16576131184897,176.20751495361327,174.42877075195312,173.54329528808594,0.0438649774343166,-0.0459966259101334,0.0028392957562197,-0.0570698620297048,13.0,0.6224000000000001,1.0,1.0,1.0
167.46795654296875,170.21411381887162,159.51852836563984,170.16594722857485,169.92505493164063,176.31832427978514,175.6229512532552,175.70405120849608,174.2013690185547,173.7154759724935,-0.013060835281251,0.0161104890828105,0.0163981058382249,-0.047468353596882,13.0,0.611775,0.0,0.0,0.0
169.49143981933594,171.51493652464976,166.84163040673602,168.1424518177044,168.50860900878905,175.52338104248048,175.36599934895833,175.38125534057616,174.30928771972657,173.8242925008138,0.0120828086646414,-0.0079590332294624,0.01193863659115,-0.0156338834304812,13.0,0.6064624999999999,1.0,1.0,1.0
166.64892578125,170.06959190171628,166.11896093956645,169.44327917246017,167.16925048828125,173.79859466552733,174.77822265625,174.85611114501953,174.46923950195313,173.72311757405598,-0.0167708412950873,0.0167679052121711,0.0205261816386166,-0.0031801275597731,13.0,0.60115,0.0,0.0,0.0
167.66067504882812,168.4797129632595,162.55376648895134,166.69710795084637,168.19063415527344,171.86182403564453,174.36067708333334,174.3743278503418,174.60992004394532,173.48061981201172,0.0060711418500602,-0.0057471264367815,0.0048850925489405,-0.0304597876537804,13.0,0.6510499999999999,1.0,1.0,1.0
168.67242431640625,170.84045029810076,167.46796543768707,168.72060561212845,167.9882843017578,170.3779312133789,174.08445434570314,174.12139205932618,174.56366882324218,173.35535634358723,0.0060345055111073,0.0002856501050332,0.0128534702129352,-0.0071408167849641,13.0,0.6759999999999999,1.0,1.0,1.0
167.7570343017578,169.5878058703478,166.50439415873302,168.624238791539,168.0460998535156,168.98557739257814,173.5609161376953,173.7287384033203,174.1724609375,173.1754908243815,-0.0054270282671178,0.0051694076101826,0.0109132327965266,-0.0074669902710104,13.0,0.688475,0.0,0.0,0.0
173.92385864257812,174.6465339554974,165.7817197242607,167.7570351868135,168.93258361816407,168.72059631347656,173.32644856770833,173.75764541625978,174.09152099609375,173.41317036946614,0.0367604516048344,-0.0354570298974203,0.0041551246537394,-0.0468143875248875,13.0,0.6947125,1.0,1.0,1.0
173.73114013671875,177.00726218938755,173.1048127394167,176.18823902765345,170.34902648925782,168.75913848876954,172.64873860677082,173.67092361450196,173.9546942138672,173.78253733317058,-0.0011080625013927,0.0141431115285439,0.0188574256180591,-0.0036051533237458,13.0,0.6978312499999999,0.0,0.0,0.0
174.45382690429688,175.75463367136987,173.10482413864278,174.74289997571327,171.70765686035156,169.9491455078125,171.81043497721353,173.6974220275879,173.84099365234374,174.12620951334637,0.0041597998321394,0.001657017656454,0.0074564530349146,-0.0077327209703123,13.0,0.70095,1.0,1.0,1.0
175.7064666748047,177.77813005993897,174.1165721371012,174.7910661669449,173.11446533203124,170.55137481689454,171.29010925292968,173.84195709228516,173.9200067138672,174.32213490804037,0.0071803513441696,-0.0052098282162489,0.0117904788841294,-0.0090485829451345,13.0,0.710575,1.0,1.0,1.0
176.62184143066406,177.58540847098098,171.0331496562527,176.33276837799573,174.8874267578125,171.46676330566407,170.9528605143229,173.8925437927246,173.96047607421875,174.29162190755207,0.0052096816536271,-0.0016366778328591,0.0054555372796019,-0.0316421328706693,13.0,0.7153875,1.0,1.0,1.0
182.2105407714844,184.76398765321125,175.75462957098225,177.2963427806564,176.54476318359374,172.7386734008789,171.32865193684896,174.1310272216797,174.31506896972655,174.50039469401042,0.0316421757102688,-0.026969888624561,0.0140137166100025,-0.0354310523044804,13.0,0.71779375,1.0,1.0,1.0
179.70526123046875,183.5113482730608,178.11538142244513,183.5113482730608,177.73958740234374,174.04430694580077,171.75262145996095,173.92145080566405,174.4846563720703,174.58550974527995,-0.0137493666963952,0.0211796083015667,0.0211796083015667,-0.0088471522599699,13.0,0.718996875,0.0,0.0,0.0
183.8004150390625,184.4749090344124,177.58541049862947,179.41618201498866,179.60890502929686,175.6582809448242,173.1690653483073,173.7600524902344,174.8797186279297,174.80231221516928,0.0227881686966403,-0.0238532270079046,0.0036697087719119,-0.0338138765307585,13.0,0.7195984375,1.0,1.0,1.0
193.43609619140625,194.49602588730056,184.089498220116,184.089498220116,183.1548309326172,178.13464813232423,174.75252685546874,174.25628967285155,175.70453186035155,175.45914408365886,0.0524246974648882,-0.0483187892814057,0.0054794824583592,-0.0483187892814057,13.0,0.7202,1.0,1.0,1.0
196.42315673828125,199.362024593914,193.14701981788923,195.6041188324665,187.11509399414064,181.00126037597656,176.68287353515626,174.99341888427733,176.5370538330078,176.15291239420574,0.0154421052000516,-0.004169762462916,0.0149619215190013,-0.0166789749986414,13.0,0.7827999999999999,1.0,1.0,1.0
194.8332672119141,202.2527310377805,194.25513576611965,197.04947451129425,189.63963928222657,183.09220123291016,178.37232869466146,175.90639877319336,177.23274963378907,176.8691640218099,-0.0080942061657505,0.0113748916244866,0.038081093296026,-0.0029673138169242,13.0,0.8140999999999999,0.0,0.0,0.0
193.7733459472656,197.5312516835125,192.08710355484536,196.5676846021296,192.453256225586,185.09642181396484,180.18062337239584,176.9277801513672,177.62781188964843,177.47942301432292,-0.0054401452062885,0.0144206554374324,0.0193933057091846,-0.0087021379755662,13.0,0.82975,0.0,0.0,0.0
196.2786102294922,201.0000977185334,189.43729281897137,189.8227137678101,194.9488952636719,187.2789001464844,182.08848571777344,178.61402282714843,177.99782104492186,178.22458140055338,0.012928838432239,-0.0328914926294503,0.0240550281231397,-0.034855134762376,13.0,0.837575,1.0,1.0,1.0
198.3502960205078,202.44545624927773,193.77335223541203,195.60412386830345,195.9317352294921,189.54328308105468,184.06701049804687,180.0473289489746,178.59137878417968,179.075732421875,0.0105548219879556,-0.0138450620306634,0.0206461009180773,-0.0230750539672628,13.0,0.8414874999999999,1.0,1.0,1.0
196.1340789794922,205.8660975121966,194.88143885468605,200.4219494772544,195.8739196777344,191.4945068359375,185.9588134765625,181.4806350708008,179.16951904296874,179.7598648071289,-0.011173247963222,0.0218619350603039,0.0496192124455943,-0.0063866520867957,13.0,0.8434437499999999,0.0,0.0,0.0
194.5923614501953,196.56767682949635,190.0635992873439,195.6041097862145,195.82573852539065,192.7326889038086,187.336713663737,182.7356811523437,179.8902667236328,180.33158111572263,-0.0078605285594354,0.0051993219491204,0.0101510427468993,-0.0232730726381082,13.0,0.8444218749999999,0.0,0.0,0.0
191.5089569091797,197.04946761221257,188.810966147999,197.04946761221257,195.37286071777345,193.91305847167968,188.5219014485677,183.97868270874025,180.61679626464843,180.58532002766927,-0.0158454551763317,0.0289308176100628,0.0289308176100628,-0.0140880656692217,13.0,0.8449109374999999,0.0,0.0,0.0
192.37615966796875,195.1705129930318,191.2680634184794,193.6769810937751,194.5923706054688,194.7706329345703,189.7167236328125,185.21445693969727,181.8096923828125,180.76357930501305,0.0045282621386754,0.0067618639859092,0.0145254657847726,-0.0057600497452588,13.0,0.8451554687499999,1.0,1.0,1.0
199.84381103515625,201.19281379941663,191.9425637408517,193.58062487336275,194.89107360839844,195.41140441894527,191.3258799235026,186.7730262756348,183.01607788085937,181.30799458821613,0.0388179667380629,-0.0313404059367727,0.0067502854217642,-0.0395371127751088,13.0,0.845277734375,1.0,1.0,1.0
200.4219512939453,201.3855183674739,198.5911797353877,199.74745728304865,195.74864807128907,195.81128387451173,192.912553914388,188.40627212524413,184.33423767089843,181.93270721435547,0.0028929605365029,-0.003365369943472,0.0048076923076922,-0.0091345860407902,13.0,0.8453388671875,1.0,1.0,1.0
200.4701385498047,203.9871525916268,199.7474632231672,201.28916176494016,196.92420349121093,196.3749710083008,194.1298604329427,189.73358612060548,185.5733856201172,182.72925618489583,0.0002404290325898,0.0040855122915575,0.0175438300550101,-0.0036049026147498,13.0,0.8453694335937499,1.0,1.0,1.0
201.9154815673828,203.4090134598605,199.98834743589333,201.2891541529288,199.0055084228516,197.1891845703125,195.61054178873687,191.14280319213867,186.9840478515625,183.6815816243489,0.0072097671405511,-0.0031019286366361,0.0073968171280578,-0.0095442613737687,13.0,0.8453847167968749,1.0,1.0,1.0
201.4818878173828,204.5171183212151,201.04827085723483,202.3009110360537,200.8266540527344,197.7095123291016,196.789306640625,192.49420623779287,188.33689636230469,184.9791859944661,-0.002147402203309,0.0040649967475647,0.0150645327811467,-0.0021521386604287,13.0,0.8453923583984374,0.0,0.0,0.0
197.5794372558593,202.49362065558728,194.3514815821925,201.3855243691527,200.373779296875,197.6324264526367,197.0655293782552,193.5878547668457,189.4931768798828,185.909028116862,-0.0193687412987737,0.0192635790756128,0.024871937424157,-0.0163375081865766,13.0,0.8453961791992186,0.0,0.0,0.0
196.37496948242188,200.9037317172494,193.33972442612483,199.4583811293556,199.56438293457032,197.6565155029297,197.06231689453125,194.5755111694336,190.63789428710936,186.87259521484376,-0.0060961190605971,0.0157016530928584,0.0230618099993284,-0.0154563744264196,13.0,0.8453980895996093,0.0,0.0,0.0
190.59356689453125,197.049463238546,188.95550583752248,197.049463238546,197.5890686035156,197.2566360473633,196.77967020670573,194.99466247558595,191.3046826171875,187.5759994506836,-0.029440628829267,0.0338725826333228,0.0338725826333228,-0.0085945243782294,13.0,0.8453990447998045,0.0,0.0,0.0
185.72755432128903,191.60531937940007,184.57127676803336,191.02717325133884,194.3514831542969,196.67849578857425,196.2432840983073,195.29577713012696,191.78453918457032,188.2119537353516,-0.0255308332412651,0.0285343709468224,0.0316472430791991,-0.0062256651011267,13.0,0.8453995223999022,0.0,0.0,0.0
193.821517944336,194.3996640904358,186.7393085203824,187.8955861097149,192.8194091796875,196.82303161621093,196.0794779459636,195.7968322753906,192.5592468261719,189.0839818318685,0.0435797674320589,-0.0305741689440431,0.0029828790540475,-0.0365398511943728,13.0,0.8453997611999511,1.0,1.0,1.0
186.2575225830078,195.89319354226464,185.39030337495447,194.4960241937458,190.5550262451172,195.4644027709961,195.2732930501302,195.4379035949707,192.9812890625,189.6701517740885,-0.0390255707495823,0.0442317791866173,0.0517330566069489,-0.0046560224576532,13.0,0.8453998805999755,0.0,0.0,0.0
185.53485107421875,189.3409382407754,182.3068953553792,187.89558756718168,188.38700256347656,193.97569274902344,194.56667785644527,194.8934883117676,193.33780944824213,190.26274566650392,-0.0038799587730315,0.0127239517497366,0.0205141359939653,-0.0173981098437849,13.0,0.8453999402999877,0.0,0.0,0.0
185.9202575683593,186.6429328489072,180.5242909619888,185.5348366332137,187.45234069824207,192.5207046508789,193.98853759765623,194.44783782958984,193.4861981201172,190.66262563069665,0.0020772727706367,-0.0020730443265654,0.003887017423489,-0.0290230159797759,13.0,0.8453999701499938,1.0,1.0,1.0
192.7615966796875,193.58061987335483,186.16115632159537,186.40204809082687,188.85914916992184,191.6053161621093,194.0720469156901,194.39725036621093,194.00845153808595,191.2969741821289,0.0367971688551081,-0.0329917820686462,0.0042488919358159,-0.0342414696276878,13.0,0.8453999850749969,1.0,1.0,1.0
193.43609619140625,195.4595929916164,191.2680702066956,193.7733505590637,188.782064819336,190.8007369995117,194.142709350586,194.25512466430663,194.3938787841797,191.9297164916992,0.0034991384349215,0.0017434924209993,0.0104608025081724,-0.0112079701120796,13.0,0.8453999925374984,1.0,1.0,1.0
188.3291778564453,195.3632202946816,184.0413074046076,194.20694276988564,189.19639587402344,189.8757110595703,193.37506713867188,193.75406875610352,194.18960205078125,192.35047353108723,-0.026401061826163,0.0312100598555189,0.0373497220042984,-0.0227679560896622,13.0,0.8453999962687492,0.0,0.0,0.0
196.4713287353516,197.8203315171656,188.04011648476617,188.76279182053065,191.38369140625,189.88534698486328,193.1116923014323,193.77093124389648,194.19152893066405,193.01212310791016,0.043233613461174,-0.0392349202524323,0.0068661559449785,-0.0429131940260978,13.0,0.8453999999999999,1.0,1.0,1.0
196.4713287353516,197.8203315171656,188.04011648476617,188.76279182053065,191.38369140625,189.88534698486328,193.1116923014323,193.77093124389648,194.19152893066405,193.01212310791016,0.043233613461174,-0.0392349202524323,0.0068661559449785,-0.0429131940260978,13.0,0.8453999999999999,1.0,1.0,1.0
196.7603912353516,203.6017232607149,196.32678899777028,201.0964430168974,193.55171813964844,190.5020294189453,192.86437581380207,193.87933273315429,194.2686138916016,193.4971181233724,0.0014712706523676,0.0220372187426654,0.0347698639060962,-0.0022037069293211,13.0,0.67,1.0,1.0,1.0
196.7603912353516,203.6017232607149,196.32678899777028,201.0964430168974,193.55171813964844,190.5020294189453,192.86437581380207,193.87933273315429,194.2686138916016,193.4971181233724,0.0014712706523676,0.0220372187426654,0.0347698639060962,-0.0022037069293211,13.0,0.67,1.0,1.0,1.0
193.43609619140625,199.07296963280083,191.02717843061663,199.07296963280083,193.6866180419921,191.27288360595705,192.29908345540363,193.97568969726564,194.2551239013672,193.9548126220703,-0.0168951434944496,0.029140752694972,0.029140752694972,-0.012453300124533,13.0,0.66455,0.0,0.0,0.0
193.1470184326172,195.84500919980533,192.27981394092345,194.640550348638,193.6288024902344,191.2054336547852,191.7434254964193,194.01423263549805,194.12986022949207,194.26636606852213,-0.0014944354465415,0.0077326169885552,0.0139685861530882,-0.0044898673493957,13.0,0.661825,0.0,0.0,0.0
197.00128173828125,199.3138514953362,191.89437339884307,193.6769783343104,195.36322326660155,192.2798095703125,191.7048817952474,193.8721061706543,194.0758996582032,194.3852055867513,0.0199550753459271,-0.0168745267778878,0.0117388564005751,-0.0259232239220796,13.0,0.6604625,1.0,1.0,1.0
195.0741577148437,199.6029201735317,193.19520479827685,199.21749921218824,195.0837890625,193.233740234375,191.6181610107422,193.6047164916992,194.0335028076172,194.34023895263672,-0.0097822918025361,0.021239827693636,0.0232155940681182,-0.0096319929742488,13.0,0.65978125,0.0,0.0,0.0
193.19520568847656,196.1340883165805,191.17170887493165,195.98954442826025,194.370751953125,193.96123504638672,191.7916035970052,193.2409698486328,193.97761657714844,194.28563690185547,-0.0096319884108576,0.014463809957528,0.0152119852955501,-0.0104738459028209,13.0,0.659440625,0.0,0.0,0.0
193.38790893554688,193.96605506146523,190.8344620689521,191.2680643119575,194.36111450195312,194.02386627197265,192.3022939046224,192.81459121704103,194.0527746582032,194.27278900146484,0.0009974535671503,-0.0109616192411279,0.0029895670784207,-0.013203756536019,13.0,0.6592703125,1.0,1.0,1.0
192.13526916503903,195.74864570176524,190.6899185503486,193.67698236852223,194.1587646484375,193.893783569336,192.18987731933595,192.34726028442384,194.043139038086,194.13467763264973,-0.0064773427532395,0.0080241030716692,0.0188064198334267,-0.0075225679333705,13.0,0.65918515625,0.0,0.0,0.0
196.85675048828125,197.6757736558691,192.7134092488576,193.5324471193117,194.1298583984375,194.7465408325196,192.89649251302083,192.3111259460449,193.92365661621093,194.08489278157552,0.0245737357006878,-0.0168869157939668,0.0041605033383735,-0.0210474938204893,13.0,0.659142578125,1.0,1.0,1.0
222.3912811279297,224.7038361984713,203.45717951426195,209.0940527151488,199.5932830810547,197.33853607177736,195.35358784993488,193.6119415283203,194.8024298095703,194.9601328531901,0.1297112269521511,-0.0597920401615553,0.0103985869356604,-0.0851386867220571,13.0,0.6591212890625,1.0,1.0,1.0
183.3668212890625,222.0540343080304,167.17889113748217,222.0540343080304,197.6276062011719,195.99917907714843,195.18335876464843,193.25060424804687,194.11829711914064,194.5859481811524,-0.1754765728266951,0.2109826235029768,0.2109826235029768,-0.0882816751568235,13.0,0.65911064453125,0.0,0.0,0.0
188.0401153564453,191.0753605701637,176.28459957245497,190.882650089023,196.55804748535155,195.4595809936524,194.8685933430989,193.3662322998047,193.56328247070311,194.4703201293945,0.0254860395928211,0.0151166400168891,0.0161414770883587,-0.0625159996403257,13.0,0.659105322265625,1.0,1.0,1.0
200.3255920410156,203.16812671754863,191.8462134150695,193.67698500411083,198.19611206054688,196.17743835449207,195.32789306640623,193.69143600463863,193.5170306396484,194.73530120849608,0.0653343392248095,-0.0331890048054545,0.0141895733219699,-0.0423279848548258,13.0,0.6591026611328126,1.0,1.0,1.0
204.95071411132807,206.5887751998485,200.32558920625488,203.5053634974219,199.81490478515624,196.97238159179688,196.43599548339844,194.6260955810547,193.8118817138672,194.9055313110352,0.0230880239673298,-0.0070521862788978,0.0079924634350412,-0.0225670104401827,13.0,0.6591013305664063,1.0,1.0,1.0
200.5953826904297,209.75891480418213,198.388820601124,206.58877095586715,195.45572509765623,197.52450408935547,196.71093241373697,195.37912216186524,193.9806982421875,194.91131235758465,-0.0212506281804543,0.0298779971156504,0.0456816701902562,-0.0110000642074151,13.0,0.6591006652832032,0.0,0.0,0.0
205.1048889160156,206.44424656700545,198.42736141657227,200.6146628015528,199.80333862304687,198.71547241210936,197.2672322591146,196.33835372924804,194.56115112304687,195.0658040364584,0.022480608302661,-0.0218923407345079,0.0065301108036397,-0.0325566471610416,13.0,0.6591003326416016,1.0,1.0,1.0
209.0169677734375,212.22564789183284,206.6273255484843,208.13048783035592,203.9987091064453,200.27837829589845,198.30595703125,197.1511222839356,195.4927276611328,195.3025202433268,0.0190735524545383,-0.0042411865052146,0.0153512901491967,-0.0114327666811407,13.0,0.6591001663208008,1.0,1.0,1.0
211.82095336914065,212.1774684845106,206.46352274647003,211.0693722215209,206.29778137207032,202.2469467163086,199.55088602701824,198.07036514282223,196.212705078125,195.64715576171875,0.0134151099098446,-0.0035481907510346,0.0016830965478125,-0.0252922599839978,13.0,0.6591000831604004,1.0,1.0,1.0
213.7480926513672,217.28438216212288,211.1271889497233,211.88840049335784,208.05725708007813,203.9360809326172,200.66734008789064,199.3413108825684,197.31232788085936,196.186110941569,0.0090979634052922,-0.0087003918254492,0.0165441921230311,-0.0122616471994382,13.0,0.6591000415802002,1.0,1.0,1.0
214.16241455078125,216.2244475200577,212.1292874177622,215.646316092042,210.77066345214843,203.1131942749024,201.93989054361973,200.22586517333983,198.45743041992188,196.7790257771809,0.0019383653639887,0.0069288607171027,0.0096283606701097,-0.0094933891051034,13.0,0.6591000207901001,1.0,1.0,1.0
208.40028381347656,214.7309264931124,207.84141315097264,214.16241075011592,211.42974243164065,205.6165405273437,202.95356241861973,200.8078598022461,199.35663146972647,197.3725830078125,-0.0269054247888972,0.0276493238454349,0.0303773227358075,-0.0026817173771419,13.0,0.6591000103950501,0.0,0.0,0.0
210.63577270507807,213.43011139753327,207.3210995480708,209.96126397674263,211.7535034179688,207.87610626220703,204.1034200032552,201.6678436279297,200.0715985107421,198.2028569539388,0.0107268994585553,-0.003202251543853,0.0132662114158912,-0.0157365157610163,13.0,0.6591000051975251,1.0,1.0,1.0
206.93565368652344,211.7920398362068,206.2033480239562,211.7920398362068,210.7764434814453,208.5371124267578,205.0901123046875,202.357275390625,200.61158081054688,198.6399948120117,-0.0175664321925763,0.0234680977548704,0.0234680977548704,-0.0035388085596721,13.0,0.6591000025987626,0.0,0.0,0.0
204.90252685546875,205.5577600935334,200.95191078078545,205.14341861744447,209.00733032226563,208.53229370117188,205.62649739583333,202.7523376464844,201.2745147705078,199.2614949544271,-0.0098249228435742,0.0011756407579381,0.0031977801744087,-0.0192804653769348,13.0,0.6591000012993813,0.0,0.0,0.0
205.3843231201172,207.64871170430405,203.90043624355684,206.4924341156656,207.2517120361328,209.0111877441406,204.4927001953125,203.2678459167481,201.63103454589844,199.9231440226237,0.0023513436951818,0.0053953046596468,0.0110251286455906,-0.0072249276576601,13.0,0.6591000006496907,1.0,1.0,1.0
205.65411376953125,207.3210953954236,201.8962080580015,203.98714684650568,206.7024780273437,209.06611022949207,205.97851969401043,203.8907913208008,201.9867834472656,200.58093922932943,0.0013135893008556,-0.0081056823638047,0.0081057538569855,-0.0182729420902375,13.0,0.6591000003248453,1.0,1.0,1.0
210.0094451904297,210.50087381818983,205.6733932675597,206.6851416568028,206.57721252441405,209.1653579711914,207.4431416829427,204.7218681335449,202.6497174072265,201.15586751302084,0.021177944564626,-0.0158293048706096,0.0023400310748622,-0.020646937660057,13.0,0.6591000001624227,1.0,1.0,1.0
211.5511474609375,215.0199799977844,209.9612530165413,210.34668865587963,207.50031127929688,209.13837738037108,208.19151204427084,205.69266204833983,203.38588256835936,201.7597025553385,0.0073411092015878,-0.0056934638242993,0.0163971341138076,-0.0075154139482496,13.0,0.6591000000812113,1.0,1.0,1.0
214.4418487548828,215.8390180292309,211.5511476205628,212.22564161133084,209.40817565917968,209.20775299072267,208.8242543538412,206.57191696167,204.08350524902343,202.6301249186198,0.0136643139431757,-0.0103347698055205,0.0065153759980176,-0.0134801166428306,13.0,0.6591000000406056,1.0,1.0,1.0
213.5939178466797,217.7661651648458,211.79205206992344,215.5017765928256,211.0500946044922,209.1509033203125,209.69082336425785,206.1320487976074,204.8242956542969,203.20087788899733,-0.0039541298171344,0.0089321773081354,0.0195335492706352,-0.0084359414112608,13.0,0.6591000000203029,0.0,0.0,0.0
212.11965942382807,214.730932717076,211.1657227080113,213.9118948062656,212.34320373535155,209.5228408813477,210.15847473144527,207.5696907043457,205.58127380371093,203.71285349528,-0.0069021554439101,0.0084491715068071,0.0123103784926903,-0.0044971631503085,13.0,0.6591000000101515,0.0,0.0,0.0
211.1753692626953,213.7095407389218,209.3638584089371,212.94832919883004,212.57638854980468,209.57680053710936,210.3023681640625,208.7264533996582,206.2927722167969,204.30416259765624,-0.0044516862024847,0.0083956757946008,0.0120003174852936,-0.0085782298384654,13.0,0.6591000000050757,0.0,0.0,0.0
214.83692932128903,215.79085135038247,209.6143826464096,211.16572628167071,213.233544921875,210.366928100586,210.50343322753903,209.45202026367187,207.20083862304688,205.02715962727865,0.0173389542131634,-0.0170883239265072,0.004440214408701,-0.0243093526395973,13.0,0.6591000000025379,1.0,1.0,1.0
222.0925750732422,223.00796083192355,213.2084856789837,215.3572360877999,214.7636901855469,212.08593292236327,211.05973205566409,210.3091133117676,208.2102716064453,205.86353607177733,0.0337728051451633,-0.0303267184111,0.0041216405293129,-0.0400017397759859,13.0,0.659100000001269,1.0,1.0,1.0
220.76284790039065,225.5710527835245,219.69328788441763,224.38585472334736,216.19747619628907,213.62378540039063,211.49976094563803,211.31748657226564,208.1451342773437,206.7198257446289,-0.0059872653212879,0.0164113067819793,0.0217799549555699,-0.0048448370101458,13.0,0.6591000000006345,0.0,0.0,0.0
220.87847900390625,223.30667217739523,211.8498601131292,221.5048064315177,217.9492401123047,215.1462219238281,212.331640625,212.1061660766601,209.6456005859375,207.6426015218099,0.0005237797238772,0.0028356199772652,0.0109933443241703,-0.0408759555548071,13.0,0.6591000000003173,1.0,1.0,1.0
221.0422821044922,222.3431035426599,217.7661599161046,221.5240656441296,219.9226226806641,216.2495056152344,213.02540791829423,212.7074317932129,210.96568725585936,208.5644139607748,0.0007415982821171,0.0021795990117838,0.0058849439382495,-0.0148212466736968,13.0,0.6591000000001587,1.0,1.0,1.0
220.3774261474609,225.28197889598889,216.51351287286508,221.3313481157097,221.03072204589844,217.13213348388672,213.9215260823568,213.1352554321289,211.7677606201172,209.5058191935221,-0.0030078225337763,0.004328582944836,0.0222552410846568,-0.0175331627296999,13.0,0.6591000000000793,0.0,0.0,0.0
228.5195770263672,229.32896986189752,219.78001636963208,221.23501210085976,222.31612243652344,218.5399063110352,215.49599609375,213.8738296508789,212.71051513671875,210.56124674479167,0.0369463924742369,-0.0318772029088209,0.0035418971366156,-0.0382442536016365,13.0,0.6591000000000397,1.0,1.0,1.0
224.9061889648437,230.3985182164905,224.5111229451365,229.52166867115,223.1447906494141,219.6711334228516,216.7974538167317,214.41101837158203,213.6829473876953,210.6450770060221,-0.0158121597656664,0.0205217994558062,0.024420534076567,-0.0017565813618807,13.0,0.6591,0.0,0.0,0.0
224.9061889648437,230.3985182164905,224.5111229451365,229.52166867115,223.1447906494141,219.6711334228516,216.7974538167317,214.41101837158203,213.6829473876953,210.6450770060221,-0.0158121597656664,0.0205217994558062,0.024420534076567,-0.0017565813618807,13.0,0.6591,0.0,0.0,0.0
220.5219573974609,225.34942306315847,219.46202775292065,225.0025383342968,223.073486328125,220.51136322021483,217.78864339192708,215.0171020507813,214.2996301269532,211.8835815429688,-0.0194936012546463,0.0203180716773714,0.0218910884098342,-0.0048064585361443,13.0,0.57955,0.0,0.0,0.0
211.7534942626953,220.52196049129884,211.04046403987965,220.52196049129884,221.2157287597656,220.56917572021484,217.90491333007813,215.0729881286621,214.40909118652343,212.6740275065104,-0.0397623131875328,0.0414088384190989,0.0414088384190989,-0.0033672654389876,13.0,0.539775,0.0,0.0,0.0
214.75018310546875,218.19975489880352,208.28465645233413,209.86490582163427,220.0902801513672,220.5605010986328,218.1181823730469,215.4637145996093,214.52626037597656,213.15484720865885,0.0141517798948612,-0.022748652472325,0.0160631844101413,-0.0301071997221965,13.0,0.5198875000000001,1.0,1.0,1.0
211.7823944091797,217.66978964385365,201.53004163569184,217.66978964385365,216.7428436279297,219.52948303222647,217.94088541666667,215.8077079772949,214.44763244628905,213.3825698852539,-0.0138197260340938,0.0277992665589523,0.0277992665589523,-0.0484098444636503,13.0,0.50994375,0.0,0.0,0.0
215.5210418701172,216.80258782024305,210.15398100823552,211.02118547836992,214.8658142089844,219.0053024291992,218.0693603515625,216.3145439147949,214.5019775390625,213.8800918579101,0.0176532495600845,-0.0208789654722395,0.0059462683504387,-0.0249027232576024,13.0,0.5049718750000001,1.0,1.0,1.0
220.07872009277344,221.41807777569093,210.99228938336304,213.9118965245635,214.77716674804688,218.92532653808595,218.59996439615887,217.03577423095703,214.9691149902344,214.37921956380208,0.0211472540365822,-0.028020989787701,0.0060858118511089,-0.0412871844473653,13.0,0.5024859375,1.0,1.0,1.0
222.2371063232422,224.14496498689604,220.8881183192176,221.6204239924214,216.87388916015624,219.04480895996093,219.33741353352863,217.64715728759765,215.43316833496087,214.8198908487956,0.0098073372544101,-0.0027748846312093,0.0085847889905428,-0.0060700394562488,13.0,0.50124296875,1.0,1.0,1.0
223.4222869873047,225.6384941409806,221.62042131026456,223.0657718840272,218.60830993652343,219.3492950439453,219.909770711263,218.240714263916,216.09263366699216,215.20660196940105,0.0053329557951436,-0.0015957007158278,0.0099193647310658,-0.008064843043803,13.0,0.500621484375,1.0,1.0,1.0
225.2338104248047,227.78725736772512,223.45120540232784,225.1856291290601,221.29859313964843,219.02071838378907,220.1191864013672,218.7803123474121,216.90588500976563,215.58945922851564,0.0081080695302476,-0.0002139167989638,0.0113368722844251,-0.0079144646139706,13.0,0.5003107421874999,1.0,1.0,1.0
232.1907653808593,237.32657979080528,229.7722172516663,232.21967121764465,224.63253784179688,219.74917602539065,220.88104756673167,219.71015472412108,217.9781427001953,216.1904042561849,0.0308877026185964,0.0001244917589116,0.022118943453766,-0.0104162115372071,13.0,0.50015537109375,1.0,1.0,1.0
230.2925262451172,235.06218022886748,228.4810154760124,234.09861317344857,226.67529907226563,220.72623291015623,221.50865071614584,220.6187980651856,218.9636791992188,216.9201456705729,-0.0081753429453946,0.0165271838838585,0.0207112843022687,-0.0078661292167886,13.0,0.5,0.0,0.0,0.0
230.2925262451172,235.06218022886748,228.4810154760124,234.09861317344857,226.67529907226563,220.72623291015623,221.50865071614584,220.6187980651856,218.9636791992188,216.9201456705729,-0.0081753429453946,0.0165271838838585,0.0207112843022687,-0.0078661292167886,13.0,0.5,0.0,0.0,0.0
228.37503051757807,230.77431786271103,223.64392728379912,227.7776236271933,227.9028839111328,222.3883865356445,221.99750061035155,221.4787811279297,219.6983026123047,217.5114542643229,-0.0083263480530763,-0.0026159028376738,0.0105059092480264,-0.0207163770183486,13.0,0.5,0.0,0.0,0.0
216.3882598876953,222.3720030459781,212.9483184552728,221.62042192177705,226.4960784912109,222.5521942138672,221.73155619303387,221.55634765625,219.891787109375,217.8265411376953,-0.0524872207032291,0.024179509723851,0.0276528087123966,-0.0158970797870822,13.0,0.5,0.0,0.0,0.0
215.2608795166016,222.1600233292997,214.2973124378292,217.7565294248008,224.50149230957032,222.90004272460936,220.8476430257161,221.214762878418,219.9245483398437,218.17181955973308,-0.0052099886180463,0.0115936063896215,0.0320501515565261,-0.0044762758608819,13.0,0.5,0.0,0.0,0.0
225.0121917724609,225.551786992318,217.3807421569112,218.83572317494463,223.06577758789064,223.84915771484376,220.8547098795573,221.42723007202147,220.381279296875,218.82608184814453,0.0452999740489647,-0.0274494841762269,0.0023980710360915,-0.0339157161015832,13.0,0.5,1.0,1.0,1.0
219.02842712402344,223.7691753179932,218.41174479073143,223.5475590099153,220.81295776367188,223.7441284179688,220.75514119466143,221.33472747802733,220.6576300048828,219.27189229329423,-0.0265930685857611,0.0206326272129642,0.0216444424873001,-0.0028155355968603,13.0,0.5,0.0,0.0,0.0
219.09588623046875,223.258488349207,218.72972603703124,223.258488349207,218.95712890625,223.4300064086914,221.24463399251303,221.23740768432617,220.9744506835937,219.5747736612956,0.0003079924707997,0.0189989971530528,0.0189989971530528,-0.0016712326266699,13.0,0.5,1.0,1.0,1.0
223.45120239257807,226.34190366390703,217.14948009034256,218.2286705267213,220.36971740722657,223.4328979492188,221.82470194498697,221.39109649658204,221.3190216064453,219.97144215901693,0.0198785848380922,-0.0233721358844222,0.0129366109485071,-0.028201782916183,13.0,0.5,1.0,1.0,1.0
218.88389587402344,225.57105359220063,217.86251714756827,224.7905519267738,221.0943206787109,222.79790649414065,222.29813537597656,220.90931243896483,221.1906744384765,220.1195103963216,-0.0204398386298698,0.0269853386388456,0.030551163627067,-0.004666303669243,13.0,0.5,0.0,0.0,0.0
218.4021148681641,221.4951569186835,216.87004676079025,219.9823642694465,219.7723052978516,221.4190414428711,222.49020690917968,220.5841087341309,221.0962451171875,220.2797836303711,-0.0022010801842482,0.0072355041169647,0.0141621433125156,-0.0070148959331215,13.0,0.5,0.0,0.0,0.0
224.07752990722656,224.5111321575153,218.38284487188216,219.96309431268736,220.7821258544922,220.797541809082,222.75679423014324,220.76188735961915,221.22420715332032,220.67837931315103,0.0259860809612049,-0.0183616607887576,0.0019350545789587,-0.0254139049002464,13.0,0.5,1.0,1.0,1.0
230.2250823974609,230.87068529929869,225.0218258877146,225.4747036053736,223.00796508789065,220.9825469970703,223.2893259684245,221.68546676635745,221.59151916503907,221.31336975097656,0.027434935099381,-0.020633628371935,0.0028042248703517,-0.0226007368769811,13.0,0.5,1.0,1.0,1.0
228.09559631347656,232.84597487635503,227.5174501945708,231.256095103664,223.9368438720703,222.15328063964844,223.60087992350265,222.3527374267578,221.90024597167968,221.7553253173828,-0.0092495833286662,0.0138560272152028,0.0208262616186152,-0.0025346658517301,13.0,0.5,0.0,0.0,0.0
227.54635620117188,230.0901726611085,226.7755143125405,229.32896115008177,225.6693359375,223.38182830810547,223.7550496419271,223.14093551635744,221.86131713867184,221.9371180216472,-0.0024079382556332,0.0078340298595416,0.0111793328726728,-0.0033876257194374,13.0,0.5,0.0,0.0,0.0
225.5421600341797,228.8471881573496,224.99291972522576,228.5099337883918,227.09734497070312,223.43482513427733,223.31180928548176,223.64199142456056,221.8867559814453,222.0964284261068,-0.0088078587609651,0.0131583990938206,0.0146537043126173,-0.002435200181069,13.0,0.5,0.0,0.0,0.0
225.5421600341797,228.8471881573496,224.99291972522576,228.5099337883918,227.09734497070312,223.43482513427733,223.31180928548176,223.64199142456056,221.8867559814453,222.0964284261068,-0.0088078587609651,0.0131583990938206,0.0146537043126173,-0.002435200181069,13.0,0.5,0.0,0.0,0.0
221.1097412109375,226.71769402651785,220.51233432034564,226.05284508514964,226.5037872314453,223.6429565429688,222.69962361653648,223.69354248046875,221.9102673339844,222.1041371663412,-0.0196522850653309,0.0223558846712974,0.0253627578091659,-0.0027018569481384,13.0,0.443425,0.0,0.0,0.0
226.6791534423828,227.3054661573575,221.47589714036744,222.776703864438,225.7946014404297,224.40128326416016,222.5865651448568,223.91564483642577,222.50729370117188,222.29203287760416,0.0251884525798984,-0.0172157409213934,0.0027629921210812,-0.0229542779871811,13.0,0.4151375,1.0,1.0,1.0
227.90289306640625,229.1362577698297,225.5710624645316,226.4382669675157,225.7560607910156,224.84645233154296,223.35420735677084,224.1396751403809,223.03340209960936,222.5428817749024,0.0053985538830525,-0.0064265357898013,0.0054117992397055,-0.0102316849536227,13.0,0.40099375,1.0,1.0,1.0
226.89114379882807,229.32896735965733,225.628873263719,228.8471838147841,225.6250183105469,225.64717712402344,224.1295583089193,224.22254180908203,223.63775207519527,222.4886006673177,-0.0044393875565384,0.0086210505320132,0.0107444632699753,-0.0055633310052345,13.0,0.393921875,0.0,0.0,0.0
223.4608459472656,226.6116997254322,220.3581587609987,225.52287891861693,225.2087554931641,226.1530502319336,224.02613525390623,223.7860458374024,223.95534423828124,222.44042256673177,-0.0151186943400662,0.0092277148715258,0.0141002499333156,-0.0138847016940011,13.0,0.3903859375,0.0,0.0,0.0
229.0302581787109,230.6105075782064,224.03897313332973,224.03897313332973,226.7928588867188,226.64832305908203,224.69292399088545,223.72293243408205,224.3134057617188,222.72403259277343,0.024923436621911,-0.0217931250004814,0.0068997407244872,-0.0217931250004814,13.0,0.38861796875,1.0,1.0,1.0
225.53250122070312,231.5355198214123,224.87728268451428,229.9552704485768,226.5635284423828,226.17906494140624,225.12203165690104,223.58080596923827,224.4452215576172,223.18333282470704,-0.0152720299309907,0.0196103408774135,0.0266170887487062,-0.002905206711416,13.0,0.387733984375,0.0,0.0,0.0
224.05825805664065,227.18022077415355,222.72853074499983,226.43826998548337,225.7946014404297,225.77533111572265,225.1625020345052,223.96430587768555,224.4706604003906,223.49360198974608,-0.0065367215637795,0.0106222906019428,0.0139337096726142,-0.0059347391306801,13.0,0.3872919921875,0.0,0.0,0.0
221.59152221679688,223.007966998408,219.6643880598149,220.74357848280744,224.73467712402345,225.1798477172852,225.3430104573568,224.2808380126953,224.32496887207031,223.82057291666663,-0.0110093502522017,-0.0038266072885217,0.0063921433791374,-0.008696786491211,13.0,0.38707099609375,0.0,0.0,0.0
219.8089141845703,223.3548486296108,218.64300626941056,223.25848604195463,224.0042907714844,224.6065231323242,225.43679707845047,224.0206741333008,223.8296948242188,223.9635019938151,-0.008044567835418,0.0156935030145675,0.0161318955520748,-0.0053041885015671,13.0,0.386960498046875,0.0,0.0,0.0
214.7020263671875,220.0979932574094,213.8637129997041,219.5969342530692,221.13864440917968,223.9657516479492,224.81176350911457,223.804354095459,223.2060748291016,223.7842788696289,-0.0232333062393212,0.0227986105613662,0.0251323519461974,-0.0039045433416158,13.0,0.3869052490234375,0.0,0.0,0.0
209.8167266845703,214.87545373437047,207.93777386378923,214.0082492641228,217.9954895019532,222.279508972168,223.45120646158853,223.34039611816405,222.46374267578125,223.37026621500647,-0.0227538592219071,0.0199770659174081,0.0241102181400689,-0.0089552098656358,13.0,0.3868776245117188,0.0,0.0,0.0
211.91729736328125,213.7577139845144,209.66255396183536,211.4066079955059,215.56729736328128,220.68094940185543,222.3726531982421,222.7637008666992,222.2849041748047,222.9867665608724,0.0100114548153677,-0.0024098522118272,0.0086845983982053,-0.0106397327141287,13.0,0.3868638122558594,1.0,1.0,1.0
209.27713012695312,213.19884037842928,207.1669159331292,212.0618383158001,213.1044189453125,218.919548034668,221.15470479329423,222.2833625793457,222.0455541992188,222.4548772176107,-0.0124584791764411,0.0133063186940571,0.0187393158970459,-0.0100833482977518,13.0,0.3868569061279297,0.0,0.0,0.0
212.6014404296875,212.9194193311593,209.68183334683445,210.2503343966476,211.662924194336,217.83360748291017,220.2919901529948,221.9933288574219,221.54912414550785,221.8018997192383,0.015884728067122,-0.0110587493118019,0.0014956573240008,-0.0137327718803421,13.0,0.3868534530639649,1.0,1.0,1.0
210.8959197998047,213.66136728726173,210.24070124991056,212.60143762964867,210.9017028808593,216.02017364501955,219.611068725586,221.3342483520508,221.22382385253903,221.1553461710612,-0.0080221499272808,0.0080870119794775,0.0131128543884688,-0.0031068336955788,13.0,0.3868517265319824,0.0,0.0,0.0
209.8938140869141,212.5147176618828,209.09405166413129,211.9847528392114,210.91712036132813,214.45630493164063,218.492046101888,220.31768493652345,220.85574096679687,220.5393056233724,-0.0047516600313646,0.0099618884024448,0.0124868071332651,-0.0038103191666793,13.0,0.3868508632659913,0.0,0.0,0.0
211.7245941162109,213.38193069935235,209.9323587275984,210.7128457237436,210.87857971191409,213.22293853759768,217.41349283854169,219.49913482666017,220.3866766357422,220.38385009765625,0.0087224106020522,-0.0047786058898385,0.0078277943573799,-0.008464937179801,13.0,0.3868504316329956,1.0,1.0,1.0
209.99981689453125,213.08322868523533,208.1497698201088,211.71496516257503,211.0231170654297,212.0637680053711,216.2874043782552,218.6218078613281,220.0313134765625,220.20848134358724,-0.0081463243742623,0.0081673798263604,0.0146829260915628,-0.0088097556549375,13.0,0.3868502158164978,0.0,0.0,0.0
203.23556518554688,211.4547911384782,201.0193579780252,211.0211888963877,209.1499420166016,210.40643310546875,214.939052327474,217.5064781188965,219.42465148925783,219.4825937906901,-0.0322107505092807,0.0383083723743571,0.040441868259758,-0.010904622945784,13.0,0.38685,0.0,0.0,0.0
204.43038940429688,206.4346106380096,202.2238126202809,204.1991280186455,207.8568359375,209.3792694091797,213.2990610758464,216.6725105285645,218.63876586914063,218.9959925333659,0.0058790114695681,-0.0011312475915409,0.0098039300299379,-0.0107937806626785,13.0,0.6136250000000001,1.0,1.0,1.0
212.302734375,212.9001412537009,203.9197038035109,205.23978598497584,208.3386199951172,209.62787017822265,212.4170766194661,215.9536895751953,217.9218719482422,218.7695541381836,0.0385086825576318,-0.0332682874331168,0.0028139386921208,-0.0394862110286423,13.0,0.8404,1.0,1.0,1.0
214.56710815429688,215.54995068279305,211.5896894357957,212.177465936786,208.9071228027344,209.89285125732425,211.78433329264325,215.28690032958983,217.380732421875,218.47341766357425,0.0106657777440454,-0.0111370388409787,0.0045805833752925,-0.0138763985967504,13.0,0.6702,1.0,1.0,1.0
217.37109375,217.7661597809455,213.9697031385004,214.5285738084769,210.38137817382807,210.7022476196289,211.5029713948568,214.81089782714844,216.97372192382807,218.4229909261068,0.0130681054511242,-0.01307680746545,0.0018174727105153,-0.015647851574099,13.0,0.5851,1.0,1.0,1.0
222.169662475586,222.68998221496344,216.67731851099504,218.6815397456512,214.168197631836,211.6590698242188,211.6603546142578,214.7463386535645,216.8388220214844,218.54857584635417,0.0220754684664042,-0.0157002656936477,0.0023419927526544,-0.024721394916799,13.0,0.54255,1.0,1.0,1.0
228.3461151123047,229.2325950328741,223.54755532598904,225.47468942362687,218.9513427734375,213.4040893554688,212.56996053059896,214.7121315002441,217.12827697753903,218.6908620198568,0.0278006122343435,-0.0125748830334406,0.0038821764939309,-0.0210144139476847,13.0,0.5212749999999999,1.0,1.0,1.0
231.5355224609375,236.0739297844217,222.2467365873304,225.4746921206313,222.797900390625,215.5682601928711,214.01788024902345,215.01228256225585,217.32253173828124,218.734543355306,0.0139674254894339,-0.0261766759410693,0.0196013435659743,-0.040118189100656,13.0,0.5106375,1.0,1.0,1.0
231.0248413085937,235.5921546300364,230.30216598764272,231.44881318267707,226.0894470214844,217.49828491210937,215.29171651204427,215.3606117248536,217.4474096679688,218.83218485514325,-0.0022056276588397,0.0018351787265897,0.0197697931338121,-0.0031281281997969,13.0,0.50531875,0.0,0.0,0.0
231.545166015625,235.100730797326,223.68245532633603,223.68245532633603,228.92426147460927,219.6528198242188,216.77625223795573,215.85829391479493,217.63357055664065,218.965478515625,0.002252245706929,-0.0339575678671623,0.0153558152082564,-0.0339575678671623,13.0,0.502659375,1.0,1.0,1.0
221.8035125732422,233.17360726673817,220.8881267709956,232.65327280037167,228.8510314941406,221.50961456298828,217.3897237141927,215.95802383422853,217.5672772216797,218.84085693359376,-0.0420723680395272,0.0489160883939869,0.0512620136696051,-0.0041270121993417,13.0,0.5013296875,0.0,0.0,0.0
215.78121948242188,225.715593965767,213.9600782451564,223.5475679831716,226.33805236816409,222.6446975708008,217.7154103597005,216.01198348999023,217.0373156738281,218.66323954264325,-0.0271514775440342,0.0359917722190015,0.046039106216815,-0.0084397578326496,13.0,0.50066484375,0.0,0.0,0.0
216.56170654296875,219.0766172715824,213.025417036956,214.12388294699028,223.34328918457032,223.07059478759768,218.1599365234375,216.34923248291017,216.6784838867188,218.32599131266275,0.00361702961184,-0.0112569467376947,0.0116129059414975,-0.0163292465804019,13.0,0.500332421875,1.0,1.0,1.0
214.4514923095703,218.3732174801496,214.05642626825,217.04349017173817,220.0286193847656,223.059033203125,218.3417297363281,216.4759422302246,216.294213256836,217.8776112874349,-0.0097441706896585,0.0120866394271865,0.0182872365603223,-0.0018422163309083,13.0,0.5001662109375,0.0,0.0,0.0
217.3999938964844,221.1097329334478,215.4343235766894,215.8390199747982,217.1995849609375,223.06192321777343,218.83507486979167,216.8820854187012,216.12655212402345,217.56123962402344,0.01374903739377,-0.0071801930336273,0.0170641174844274,-0.0090417220560315,13.0,0.50008310546875,1.0,1.0,1.0
221.0422821044922,222.1022117728412,217.2072892457812,217.7661599161046,217.0473388671875,222.94918518066407,220.02218933105468,217.30412750244145,216.1758868408203,217.48062082926432,0.0167538560729771,-0.0148212466736968,0.0047951444323577,-0.0173495895092962,13.0,0.500041552734375,1.0,1.0,1.0
222.2660217285156,223.162146779167,218.87426141153568,221.04228739176253,218.34429931640625,222.3411758422852,221.21123148600265,217.8726325988769,216.47844665527344,217.2551462809245,0.0055362241665825,-0.0055057193503369,0.0040317680754007,-0.015259913731316,13.0,0.5000207763671876,1.0,1.0,1.0
222.8056182861328,225.3783407003808,220.00164917577905,221.7457032889576,219.59308166503905,221.4681854248047,221.9114237467448,218.5182228088379,216.998002319336,217.16425018310548,0.0024277060138156,-0.0047571286816209,0.0115469368952088,-0.0125848222855532,13.0,0.5000103881835938,1.0,1.0,1.0
223.41265869140625,225.9564751368148,221.3409953975245,222.1311127397192,221.38531494140625,220.70696716308595,222.50112711588545,219.10262603759764,217.4578167724609,217.14273020426432,0.00272452916557,-0.0057362280149813,0.0113861786539242,-0.0092728107082924,13.0,0.5000051940917969,1.0,1.0,1.0
213.93116760253903,221.7456972234856,212.84233209526656,220.99411607596537,220.6915496826172,218.94556732177733,222.27179870605468,219.29919357299804,217.6439782714844,216.8873850504557,-0.0424393637513786,0.0330150513016809,0.0365282427451854,-0.0050896534594503,13.0,0.5000025970458984,0.0,0.0,0.0
213.36265563964844,214.08533096378144,209.431314814888,213.9118959433657,219.15562438964844,218.101481628418,221.6846649169921,219.8055480957032,217.6744268798828,216.672509765625,-0.0026574527183755,0.0025742101028443,0.0033870750341311,-0.0184256275446821,13.0,0.5000012985229492,0.0,0.0,0.0
211.6475067138672,215.4054272092526,210.63577302555868,214.8754623659828,217.03192138671875,217.6881103515625,220.5714243570964,220.16640396118163,217.7044903564453,216.5706924438477,-0.0080386556899535,0.0152515647466595,0.0177555623202585,-0.0047802769048269,13.0,0.5000006492614746,0.0,0.0,0.0
204.4014892578125,211.5415101419798,203.6499081121107,210.259978864902,213.3510955810547,216.4720886230469,218.76248881022136,219.77134170532227,217.48479736328125,216.3901845296224,-0.0342362523828395,0.0286616777028478,0.0349313545125964,-0.0036769846855363,13.0,0.5,0.0,0.0,0.0
204.4014892578125,211.5415101419798,203.6499081121107,210.259978864902,213.3510955810547,216.4720886230469,218.76248881022136,219.77134170532227,217.48479736328125,216.3901845296224,-0.0342362523828395,0.0286616777028478,0.0349313545125964,-0.0036769846855363,13.0,0.5,0.0,0.0,0.0
203.7655334472656,207.49453337605,200.5183170628872,203.04285813065675,209.42167053222656,215.4034927368164,216.94520161946613,219.23126296997071,217.16643493652344,216.1184590657552,-0.0031113071282212,-0.0035466023344713,0.0183004449560131,-0.0159360433996988,13.0,0.5740000000000001,0.0,0.0,0.0
202.77305603027344,205.9046489995421,202.3490841681292,203.55354300246327,207.19004821777344,213.9407989501953,215.02706095377604,218.5013610839844,216.8773645019532,215.9016565958659,-0.004870683477238,0.0038490664759389,0.0154438317919374,-0.0020908688286521,13.0,0.611,0.0,0.0,0.0
198.5718994140625,203.4090101215172,195.0645159404294,202.83086401041223,204.23189697265624,211.6937606811524,213.4782867431641,217.3214729309082,216.6908178710937,215.4340052286784,-0.0207185150653532,0.0214479722907263,0.0243594925653016,-0.0176630403596004,13.0,0.6295,0.0,0.0,0.0
199.31385803222656,201.65531899867025,196.1533591598432,197.5312530382952,201.76516723632807,209.39854431152344,212.3804626464844,215.8698600769043,216.48615661621093,215.04793650309244,0.0037364733900083,-0.0089437082375033,0.0117476074647306,-0.0158568947668071,13.0,0.6387499999999999,1.0,1.0,1.0
197.6468811035156,199.988356828738,192.8965023036592,198.1575704961165,200.41424560546875,206.8826705932617,211.1194742838541,214.1754280090332,215.8999224853516,214.63970540364585,-0.0083635776516924,0.0025838474644759,0.0118467628335405,-0.0240346762535981,13.0,0.643375,0.0,0.0,0.0
196.30751037597656,199.31384956068004,194.95852239127177,196.72185185169283,198.92264099121093,204.1721557617188,209.90987548828124,212.4395614624024,215.1695385742188,214.12580261230468,-0.0067765841791228,0.0021106756176709,0.0153144379394634,-0.0068718103658955,13.0,0.6456875,0.0,0.0,0.0
192.7037811279297,196.52914352254265,192.2412583542527,195.60411267805512,196.9087860107421,202.0494171142578,208.26346130371093,210.4974922180176,214.182846069336,213.5492680867513,-0.0183575719601601,0.0150507246570319,0.0198509981081971,-0.0024001748744615,13.0,0.6468437499999999,0.0,0.0,0.0
192.8675842285156,194.54418148543627,190.834457165198,192.70377959438352,195.7679229736328,199.99990997314453,206.3851481119792,209.05069580078128,213.01076293945312,213.2036687215169,0.000850025358232,-0.0008493113800711,0.0086929966154092,-0.0105415696030534,13.0,0.647421875,1.0,1.0,1.0
189.042221069336,193.01211259314363,187.66431254834143,192.8772137948453,193.71359558105468,197.7393814086914,204.17022806803385,207.71374588012696,211.4386071777344,212.69072977701825,-0.0198341425516445,0.0202864349763578,0.021000025821489,-0.0072888929954387,13.0,0.6477109375000001,0.0,0.0,0.0
189.25421142578125,189.81308208977552,184.7158040645322,188.6664349259654,192.03506164550785,196.2246536254883,201.93346761067707,206.3483711242676,209.74735473632813,211.9224456787109,0.0011213915877954,-0.0031057512294586,0.0029530157336203,-0.0239804827964362,13.0,0.64785546875,1.0,1.0,1.0
201.3084259033203,202.3394497020536,193.67697664752305,193.67697664752305,193.03524475097657,195.9789428710937,200.45985209147136,205.69121780395508,208.5586981201172,211.4804896036784,0.0636932430022372,-0.0379092391267433,0.0051216127397888,-0.0379092391267433,13.0,0.6479277343750001,1.0,1.0,1.0
202.763412475586,208.5833658404896,200.42195154139665,201.67459167910368,195.04717102050785,195.977978515625,199.7153350830078,204.95938873291016,207.4074279785156,210.99356689453128,0.0072276486477738,-0.005369907633673,0.028703173288743,-0.0115477487067409,13.0,0.6479638671875001,1.0,1.0,1.0
196.7314910888672,202.34908899042148,196.39425142893663,202.34908899042148,195.81995239257813,195.79393768310547,198.6065907796224,203.7438491821289,206.40454711914063,210.1456278483073,-0.0297485690987028,0.0285546450670508,0.0285546450670508,-0.0017142129003545,13.0,0.64798193359375,0.0,0.0,0.0
195.5366668701172,198.6875354413768,194.4478460321232,194.64055651384064,197.1188415527344,195.4162185668945,197.53253479003905,202.407381439209,205.59476501464843,209.0519795735677,-0.0060733755035195,-0.0045828251581671,0.016113952547593,-0.0055683716789404,13.0,0.6479909667968751,0.0,0.0,0.0
187.0765380859375,197.723956997854,186.45022538053448,195.60411241472093,196.6833068847656,194.35918426513672,196.3775380452474,200.6209274291992,204.4153582763672,207.5700134277344,-0.0432662012685284,0.0455833447423861,0.0569147741392634,-0.0033478955288092,13.0,0.6479954833984376,0.0,0.0,0.0
182.5670623779297,187.6065142704417,182.06600336153912,186.83565763819485,192.9350341796875,192.98513946533205,194.964306640625,198.5786476135254,203.1399810791016,205.9547541300456,-0.024104977321829,0.0233809713793213,0.0276032917815149,-0.0027445203415352,13.0,0.6479977416992189,0.0,0.0,0.0
182.0081787109375,185.0048728117847,181.0831478776174,182.605585574475,188.78398742675785,191.9155792236328,193.5799814860026,196.9824981689453,201.72430847167968,204.3035212198893,-0.0030612513545036,0.0032823077939057,0.0164646123161669,-0.0050823586053746,13.0,0.6479988708496094,0.0,0.0,0.0
178.70315551757812,183.8967814439163,177.8937480034847,183.07774355214164,185.1783203125,190.49913635253907,192.25539855957032,195.2495231628418,200.0307434082032,202.8668426513672,-0.018158652082379,0.0244796350791534,0.0290628663567571,-0.0045293409159404,13.0,0.6479994354248046,0.0,0.0,0.0
179.87869262695312,182.59595880748,178.8765893486694,178.8765893486694,182.0467254638672,189.5827835083008,190.95972086588543,193.66108245849608,198.33525024414064,201.6700917561849,0.0065781552987706,-0.0055709948946647,0.0151061036793398,-0.0055709948946647,13.0,0.6479997177124024,1.0,1.0,1.0
181.439682006836,183.31863485053884,173.84676879930498,180.2930348424344,180.9193542480469,188.80133056640625,189.8792409261068,192.51299209594723,196.6806127929688,200.49935760498047,0.0086780115926243,-0.0063197154653212,0.0103557988138014,-0.0418481399633674,13.0,0.6479998588562013,1.0,1.0,1.0
185.5926513671875,186.5658488013601,181.30478090572103,182.6826747393377,181.52447204589845,187.22975311279296,189.1649169921875,191.60434799194337,195.1678125,199.5373962402344,0.0228889805935346,-0.0156793741908052,0.005243728278051,-0.0231036650960013,13.0,0.6479999294281007,1.0,1.0,1.0
191.93292236328125,193.8696868339009,189.65890354520755,190.208129116275,183.5094207763672,186.1467041015625,189.1135264078776,191.0623413085937,194.28788269042968,198.68849385579423,0.0341622954863109,-0.0089864376875461,0.0100908403142734,-0.0118479872555139,13.0,0.6479999647140504,1.0,1.0,1.0
186.90310668945312,192.63632784437743,185.9877209088966,191.93292799652244,185.1494110107422,185.1638656616211,188.7158945719401,190.4789016723633,193.22950073242188,197.55052134195964,-0.0262061120723621,0.0269113841720489,0.0306748306995789,-0.0048976488233418,13.0,0.6479999823570253,0.0,0.0,0.0
187.7799530029297,188.37735987408368,185.4866586995453,187.51015540286875,186.7296630859375,184.3881942749024,188.63174336751305,189.90220642089844,192.2747985839844,196.40098571777344,0.0046914485746535,-0.0014367753093256,0.0031814198565949,-0.0122126684276494,13.0,0.6479999911785126,1.0,1.0,1.0
189.5336456298828,191.99074467546217,186.5947630343024,187.79922190930523,188.34845581054688,184.63390502929687,188.6503723144532,189.4965446472168,191.6800848388672,195.29191996256512,0.0093390833201761,-0.0091510070141558,0.0129639201388946,-0.0155058622220535,13.0,0.6479999955892564,1.0,1.0,1.0
192.193099975586,193.2530149624336,189.2927535986697,190.49721247204232,189.66854553222657,185.5965087890625,188.04268391927084,189.29082412719723,191.2171875,194.2512680053711,0.0140315685738269,-0.0088238729889836,0.0055148441176209,-0.0150907934638895,13.0,0.6479999977946282,1.0,1.0,1.0
191.3065948486328,191.94255262769752,189.8227080670148,191.1716960503039,189.54328002929688,186.52635040283204,187.278896077474,189.22096481323243,190.7585290527344,193.4971155802409,-0.0046125752020532,-0.0007051445269602,0.0033242857078079,-0.0077565897965625,13.0,0.6479999988973142,0.0,0.0,0.0
192.7037811279297,193.86005865638924,191.7498444479457,192.2316279767093,190.7034149169922,187.9264129638672,187.01038208007813,189.2127746582032,190.52380432128905,192.80848642985023,0.0073033879485564,-0.0024501499060202,0.0060002845906377,-0.0049502748435991,13.0,0.6479999994486572,1.0,1.0,1.0
199.19821166992188,200.4508517726039,194.03349170572807,194.2551227127803,192.98706665039063,189.85836486816407,187.2544850667317,189.72057418823243,190.5191784667969,192.3935099283854,0.0337016248668247,-0.0248149263776145,0.0062884103837121,-0.0259275418232766,13.0,0.6479999997243286,1.0,1.0,1.0
201.26025390625,202.0600163573717,198.06121880462985,200.85555749174264,195.33238830566407,191.84042205810547,188.20006612141927,190.32087631225585,190.66371337890624,192.2888020833333,0.010351710585359,-0.0020108114078791,0.0039737724443809,-0.0158950167235221,13.0,0.6479999998621644,1.0,1.0,1.0
202.74415588378903,205.6252120865284,200.9133695825066,201.2602543246436,197.44259948730468,193.5555725097656,189.54520568847656,190.3926628112793,190.9211791992188,192.2547561645508,0.0073730503104218,-0.0073190842551141,0.0142103045593617,-0.0090300324233851,13.0,0.6479999999310821,1.0,1.0,1.0
201.06753540039065,204.1798528681095,200.62430278914127,202.7345022870624,199.39478759765623,194.46903381347656,190.81582946777343,190.3078689575196,191.2557293701172,192.197905476888,-0.0082696365579063,0.0082905819845668,0.0154789656197915,-0.0022043966986844,13.0,0.647999999965541,0.0,0.0,0.0
199.97869873046875,202.29126846805707,199.34275565278327,201.1928026211341,200.84977111816409,195.7765930175781,192.23419901529948,190.4702293395996,191.5401739501953,192.2447987874349,-0.005415278342939,0.0060711660710512,0.0115640803359022,-0.003180054084373,13.0,0.648,0.0,0.0,0.0
198.3213806152344,200.2485147475622,197.531248563604,198.97659916284985,200.67440490722657,196.8307357788086,193.4637115478516,190.60946502685547,191.91134033203124,192.2117162068685,-0.0082874732446784,0.0033038220366501,0.009717228300597,-0.0039840991887977,13.0,0.648,0.0,0.0,0.0
197.7432403564453,200.03653474681693,196.96275336217383,197.82032748836764,199.9710021972656,197.65169525146484,194.5506154378255,191.14280014038087,192.2509014892578,192.2149281819661,-0.0029151685864406,0.000389834473145,0.0115973339277632,-0.0039469718047737,13.0,0.648,0.0,0.0,0.0
197.4348907470703,198.1093994719785,192.5592436269142,197.53125333716207,198.90914916992188,198.17587432861328,195.34009806315103,191.88619155883788,192.0959600830078,192.25250752766928,-0.0015593433627322,0.0004880727500955,0.0034163603117767,-0.0246949619781349,13.0,0.648,0.0,0.0,0.0
196.3942413330078,197.5312433838905,194.0334903205172,197.29035162366625,197.9744903564453,198.6846389770508,195.63751932779948,192.6054946899414,191.84119323730468,192.37552286783853,-0.0052708485826634,0.004562813474449,0.0057893858962736,-0.0120204696251137,13.0,0.648,0.0,0.0,0.0
192.2990875244141,197.5312496654948,190.8922731307057,195.60411552241683,196.4385681152344,198.64416961669923,195.99725138346355,193.2852912902832,191.66389709472656,192.35657297770183,-0.0208517000335563,0.0171869146159269,0.027208460572734,-0.0073157621901335,13.0,0.5932999999999999,0.0,0.0,0.0
186.48876953125,192.09673709458352,185.96844976800003,190.78628525421763,194.0720458984375,197.373225402832,195.9111724853516,193.61579513549805,191.30198120117188,192.2714579264323,-0.0302150055310397,0.0230443674102718,0.0300713419764067,-0.0027900863122096,13.0,0.5386,0.0,0.0,0.0
186.48876953125,192.09673709458352,185.96844976800003,190.78628525421763,194.0720458984375,197.373225402832,195.9111724853516,193.61579513549805,191.30198120117188,192.2714579264323,-0.0302150055310397,0.0230443674102718,0.0300713419764067,-0.0027900863122096,13.0,0.5386,0.0,0.0,0.0
186.5658569335937,189.8227184319116,181.854014409363,182.21054423380912,191.8365692138672,195.9037857055664,195.7133199055989,193.87210388183595,191.28155395507807,192.18184611002604,0.0004133621694084,-0.0233446396429056,0.0174568999486173,-0.025255652892093,13.0,0.5386,1.0,1.0,1.0
185.4095764160156,192.50143073766864,184.73508239823616,186.94164454987185,189.43150634765624,194.17032775878903,195.2610850016276,193.86295013427736,191.3952545166016,191.6518844604492,-0.0061977070005348,0.0082631553529826,0.0382496657332336,-0.0036378596554584,13.0,0.5386,0.0,0.0,0.0
186.90310668945312,190.96936092164887,184.648363262937,187.12472299987127,187.5332794189453,192.7538848876953,194.96751912434897,193.611459350586,191.5910516357422,191.12320760091143,0.0080553027643316,0.0011857283399063,0.0217559477968014,-0.0120637022383071,13.0,0.5386,1.0,1.0,1.0
190.8440856933593,194.1491282878408,186.7971070637396,186.90310002631168,187.2422790527344,191.8404235839844,194.84353942871093,193.80850830078128,192.07668884277345,190.9269607543945,0.0210856794930345,-0.0206502897521273,0.0173180247240769,-0.0212056800970101,13.0,0.5386,1.0,1.0,1.0
190.4297637939453,193.3975521190048,189.34092830538887,191.36442502338696,188.03047790527344,191.05126190185547,194.2589762369792,193.94099884033204,192.4987316894532,190.75673065185543,-0.0021709968003922,0.0049081677717828,0.0155846873195242,-0.0057177799670781,13.0,0.5386,0.0,0.0,0.0
185.4866638183593,190.5261155549074,185.1108732434135,189.8130853220119,187.81463928222647,189.8256042480469,193.2074035644532,193.7386497497559,192.66061096191407,190.7037348429362,-0.0259576017798069,0.0233247038605926,0.0271688089742287,-0.0020259708553165,13.0,0.5386,0.0,0.0,0.0
181.86366271972656,186.7585854320817,180.66883420316404,185.9684533397902,187.1054565429688,188.2684814453125,191.8153706868489,193.2221778869629,192.51145141601563,190.6802881876628,-0.0195324074736752,0.0225707024629191,0.0269153421808006,-0.0065699134103764,13.0,0.5386,0.0,0.0,0.0
184.02203369140625,185.1397750138817,180.5242952484517,181.4878623120616,186.52924194335927,187.0312606811524,190.67900390625,192.8579498291016,192.19501586914063,190.7474166870117,0.0118680716059589,-0.0137710214831897,0.0060739537546345,-0.0190071719825679,13.0,0.5386,1.0,1.0,1.0
184.12803649902344,184.61946513756823,182.14309059434115,184.0702248245752,185.1860321044922,186.2141555786133,189.6222930908203,192.42916259765624,192.08401306152345,190.9282460530599,0.0005760332362968,-0.0003139754029177,0.0026689506274477,-0.0107802480405683,13.0,0.5386,1.0,1.0,1.0
184.1376800537109,184.88926122104303,180.72664426086467,184.04131746185104,183.9276153564453,185.9790466308594,188.6767130533854,191.6761360168457,191.9383221435547,191.0702123006185,5.237417870119495e-05,-0.000523318159715,0.0040816261349272,-0.0185243769327999,13.0,0.5386,1.0,1.0,1.0
184.12803649902344,186.7007589320418,182.82722971533587,184.7061826492406,183.65588989257813,185.7352645874024,187.769032796224,190.8195251464844,191.72209777832032,191.15982411702475,-5.237143579025804e-05,0.0031399137318244,0.0139724643891046,-0.0070646861196201,13.0,0.5386,0.0,0.0,0.0
177.94192504882812,184.42672716721617,177.10362642170736,184.41709678976488,182.87154235839844,184.9884994506836,186.4695017496745,189.57941360473632,191.15205078125,190.9047999064128,-0.0335967925787777,0.0363892418223525,0.0364433627241504,-0.0047110799036861,13.0,0.5386,0.0,0.0,0.0
179.2812957763672,182.3839830752173,177.25781364855237,179.5221875560738,181.92339477539065,184.226318359375,185.3286387125651,188.4901016235352,190.67103881835936,190.4830790201823,0.0075270104399035,0.0013436526028185,0.0173062520851055,-0.0112866326576469,13.0,0.5386,1.0,1.0,1.0
183.63661193847656,184.6868965044985,180.1774097240376,180.1870401015993,181.82510986328128,183.5055709838867,184.7511403401693,187.6729972839356,190.30835205078125,190.3741958618164,0.0242931988150182,-0.0187847717318644,0.0057193636657475,-0.0188372143110433,13.0,0.5386,1.0,1.0,1.0
176.35205078125,183.9160435239268,175.687187144787,183.46316582091188,180.26798400878903,182.0977996826172,184.0753590901693,186.57453079223632,189.3945056152344,189.9932657877604,-0.039668348704163,0.0403234042822819,0.0428914362445338,-0.0037700930242523,13.0,0.5386,0.0,0.0,0.0
