Close,High,Low,Open,MA_5,MA_15,MA_10,MA_20,MA_25,MA_30,Return_Ratio,Percentage_Change_Open,Percentage_Change_High,Percentage_Change_Low,Sector_Encoded,VADER Sentiment Score,label_5d,label_10d,label_20d
1212.25,1229.5,1202.8499755859375,1216.8499755859375,0.0,0.0,0.0,0.0,0.0,0.0,0.0,0.0037945766846256,0.0142297380903277,-0.0077541962582491,15.0,0.5,,,
1223.949951171875,1227.199951171875,1207.4000244140625,1214.300048828125,0.0,0.0,0.0,0.0,0.0,0.0,0.0096514342519076,-0.0078842295263059,0.0026553373337596,-0.0135217348895407,15.0,0.5,,,
1237.550048828125,1243.9000244140625,1217.699951171875,1235.0,0.0,0.0,0.0,0.0,0.0,0.0,0.0111116452459747,-0.0020605621813354,0.0051310858837188,-0.0160398342475496,15.0,0.5,,,
1243.75,1249.9000244140625,1231.550048828125,1244.050048828125,0.0,0.0,0.0,0.0,0.0,0.0,0.005009858936813,0.0002412452889446,0.0049447432474873,-0.0098090059673366,15.0,0.5,,,
1238.3499755859375,1255.0,1227.8499755859375,1244.0,1231.1699951171877,0.0,0.0,0.0,0.0,0.0,-0.0043417281721105,0.0045625425166169,0.013445330271989,-0.0084790246755823,15.0,0.5,,,
1237.449951171875,1248.800048828125,1215.0,1245.800048828125,1236.2099853515624,0.0,0.0,0.0,0.0,0.0,-0.0007267932586154,0.0067478265673228,0.009172167040373,-0.0181421084146592,15.0,0.5,0.0,,
1247.800048828125,1251.0999755859375,1225.0999755859375,1240.0,1240.9800048828124,0.0,0.0,0.0,0.0,0.0,0.0083640535493563,-0.0062510406498624,0.0026445957915386,-0.0181920759367707,15.0,0.5,1.0,,
1255.25,1258.5,1234.050048828125,1241.0,1244.5199951171876,0.0,0.0,0.0,0.0,0.0,0.005970468729242,-0.0113523202549292,0.0025891256721768,-0.0168890270239991,15.0,0.5,1.0,,
1231.1500244140625,1259.9000244140625,1228.0,1256.0,1242.0,0.0,0.0,0.0,0.0,0.0,-0.0191993432271957,0.0201843602267435,0.0233521499653812,-0.0025586032178017,15.0,0.5,0.0,,
1232.550048828125,1242.25,1228.5,1233.9000244140625,1240.8400146484375,1236.0050048828125,0.0,0.0,0.0,0.0,0.0011371680025176,0.0010952704007605,0.00786982336425,-0.00328591024111,15.0,0.5,1.0,,
1215.6500244140625,1238.75,1210.0,1238.75,1236.480029296875,1236.3450073242188,0.0,0.0,0.0,0.0,-0.0137114305663535,0.0190021594389977,0.0190021594389977,-0.0046477393169023,15.0,0.5,0.0,0.0,
1196.3499755859375,1210.0,1187.050048828125,1208.050048828125,1226.1900146484377,1233.585009765625,0.0,0.0,0.0,0.0,-0.0158763200267507,0.0097798081505848,0.0114097251578719,-0.0077735837736425,15.0,0.5,0.0,0.0,
1186.449951171875,1201.949951171875,1158.0,1199.4000244140625,1212.4300048828125,1228.475,0.0,0.0,0.0,0.0,-0.0082751908856885,0.0109149764213791,0.0130641836047871,-0.0239790571391356,15.0,0.5,0.0,0.0,
1165.199951171875,1197.0,1140.800048828125,1190.949951171875,1199.239990234375,1220.6199951171875,0.0,0.0,0.0,0.0,-0.0179105742968854,0.0220992113620519,0.0272914951602449,-0.0209405281206974,15.0,0.5,0.0,0.0,
1181.5999755859375,1190.0,1151.75,1170.0,1189.0499755859375,1214.9449951171875,1220.3533284505208,0.0,0.0,0.0,0.0140748584803565,-0.0098171765619623,0.0071090255480896,-0.0252623359873847,15.0,0.5,1.0,1.0,
1156.449951171875,1206.800048828125,1140.0,1189.0,1177.2099609375,1206.8449951171874,1216.6333251953124,0.0,0.0,0.0,-0.0212847198152581,0.0281465261813889,0.0435385012600229,-0.0142245249396272,15.0,0.5,0.0,0.0,
1156.0,1170.4000244140625,1129.0,1150.0,1169.1399658203125,1197.664990234375,1212.1033284505208,0.0,0.0,0.0,-0.0003890796756219,-0.005190311418685,0.0124567685242755,-0.023356401384083,15.0,0.5,0.0,0.0,
1150.5999755859375,1209.699951171875,1132.0,1176.0,1161.969970703125,1187.1999877929688,1206.3066569010416,0.0,0.0,0.0,-0.0046713013962478,0.022075460588401,0.0513644853467349,-0.0161654580050425,15.0,0.5,0.0,0.0,
1156.5,1159.75,1137.199951171875,1150.5999755859375,1160.22998046875,1179.7349853515625,1200.489990234375,0.0,0.0,0.0,0.0051277807572157,-0.0051016207644293,0.0028102031993082,-0.0166883258349546,15.0,0.5,1.0,1.0,
1174.9000244140625,1189.9000244140625,1154.8499755859375,1159.0,1158.889990234375,1173.9699829101562,1196.2599934895834,1204.9874938964845,0.0,0.0,0.0159100946079226,-0.0135330871424502,0.0127670437384497,-0.0170653233564482,15.0,0.5,1.0,1.0,
1184.1500244140625,1186.949951171875,1167.1500244140625,1174.9000244140625,1164.4300048828125,1170.8199829101563,1192.7066650390625,1203.5824951171876,0.0,0.0,0.0078730103053773,-0.0078115102050325,0.0023645033991346,-0.0143562890254652,15.0,0.5,1.0,1.0,1.0
1173.9000244140625,1190.5,1165.050048828125,1189.0,1168.010009765625,1168.5749877929688,1187.7799967447916,1201.0799987792968,0.0,0.0,-0.0086559977947658,0.0128630848214477,0.0141408767703392,-0.0075389517010657,15.0,0.5,0.0,0.0,0.0
1208.75,1211.699951171875,1164.0999755859375,1165.0999755859375,1179.6400146484375,1170.8049926757812,1184.6799967447917,1199.6399963378906,0.0,0.0,0.0296873454818543,-0.0361117058234229,0.0024404973500518,-0.0369390067541365,15.0,0.5,1.0,1.0,1.0
1185.75,1217.75,1182.5,1211.300048828125,1185.4900146484374,1172.8599975585937,1181.6533284505208,1196.7399963378907,0.0,0.0,-0.0190279214064115,0.0215475849277884,0.0269871389415981,-0.002740881298756,15.0,0.5,0.0,0.0,0.0
1158.699951171875,1183.5999755859375,1155.5,1183.4000244140625,1182.25,1170.5699951171875,1176.7299886067708,1192.7574951171875,1200.4399951171874,0.0,-0.0228126070656757,0.0213170572909808,0.0214896223900582,-0.0027616736918291,15.0,0.5,0.0,0.0,0.0
1170.550048828125,1173.25,1143.0999755859375,1150.0,1179.5300048828126,1171.9800048828124,1173.7233235677083,1189.4125,1198.7719970703124,0.0,0.0102270632222476,-0.0175558907956975,0.0023065661947372,-0.023450576307838,15.0,0.5,1.0,1.0,1.0
1186.1500244140625,1192.5,1168.949951171875,1172.0,1181.9800048828124,1174.9950073242187,1173.0433268229167,1186.3299987792968,1197.26,0.0,0.013327047059248,-0.0119293715995599,0.0053534337606866,-0.0145007569769127,15.0,0.5,1.0,1.0,1.0
1164.050048828125,1186.6500244140625,1159.4000244140625,1179.0,1173.0400146484376,1176.3400146484375,1171.55,1181.770001220703,1194.32,0.0,-0.0186316866594126,0.0128430484470367,0.019414951795835,-0.003994694574124,15.0,0.5,0.0,0.0,0.0
1164.050048828125,1186.6500244140625,1159.4000244140625,1179.0,1173.0400146484376,1176.3400146484375,1171.55,1181.770001220703,1194.32,0.0,-0.0186316866594126,0.0128430484470367,0.019414951795835,-0.003994694574124,15.0,0.5,0.0,0.0,0.0
1153.4000244140625,1173.550048828125,1151.0,1164.0,1166.57001953125,1176.0300170898438,1170.763338216146,1177.882501220703,1190.7060009765626,0.0,-0.0091491121234727,0.0091901988569165,0.0174701092314428,-0.0020808257007639,15.0,0.5,0.0,0.0,0.0
1143.1500244140625,1160.0999755859375,1141.199951171875,1156.0,1163.4600341796877,1172.8550170898438,1168.2000081380208,1173.4125,1186.8980029296874,1194.2766682942708,-0.0088867693627864,0.0112408479302827,0.0148274074354877,-0.0017058769195119,15.0,0.5,0.0,0.0,0.0
1106.6500244140625,1146.699951171875,1103.0,1141.75,1150.680029296875,1165.1050170898438,1164.8800130208333,1167.9625,1181.666005859375,1190.7566691080729,-0.0319293174303246,0.0317173223797848,0.036190237088747,-0.0032982644318786,15.0,0.5,0.0,0.0,0.0
1089.1500244140625,1106.5999755859375,1084.300048828125,1106.5999755859375,1131.280029296875,1156.6300170898437,1160.4233479817708,1162.6025024414062,1175.3200048828126,1186.263338216146,-0.0158134908181705,0.0160216230828831,0.0160216230828831,-0.0044529913025954,15.0,0.5,0.0,0.0,0.0
1080.5,1104.75,1077.0,1091.300048828125,1114.57001953125,1143.8050170898437,1155.7500162760416,1157.3050048828125,1168.3300048828123,1181.0283365885416,-0.0079419953359648,0.009995417703031,0.0224433132808885,-0.0032392410920869,15.0,0.5,0.0,0.0,0.0
1093.75,1096.699951171875,1061.050048828125,1080.550048828125,1102.6400146484375,1134.6050170898438,1151.5666829427084,1153.732507324219,1162.83400390625,1176.0283365885416,0.0122628412771864,-0.0120685267857142,0.0026970982142857,-0.0298970982142857,15.0,0.5,1.0,1.0,1.0
1100.4000244140625,1109.0,1090.3499755859375,1093.75,1094.0900146484375,1128.7750244140625,1146.6000162760415,1149.672509765625,1157.5480029296875,1171.4300048828125,0.0060800223214285,-0.0060432790499105,0.0078153175164792,-0.0091330867004264,15.0,0.5,1.0,1.0,1.0
1119.25,1124.0,1097.800048828125,1106.0,1096.610009765625,1123.64501953125,1142.273347981771,1147.8125122070312,1153.692001953125,1167.4900065104166,0.0171301119299544,-0.0118382845655572,0.0042439133348224,-0.0191645755388653,15.0,0.5,1.0,1.0,1.0
1125.1500244140625,1128.8499755859375,1109.6500244140625,1119.25,1103.810009765625,1117.54501953125,1139.023347981771,1146.2700134277345,1150.84400390625,1163.4016723632812,0.0052714089024458,-0.0052437668631212,0.0032884069604868,-0.0137759406867291,15.0,0.5,1.0,1.0,1.0
1167.5,1176.9000244140625,1129.949951171875,1134.800048828125,1121.210009765625,1117.8900146484375,1136.273347981771,1147.1150146484374,1150.086005859375,1160.4766723632813,0.0376394033391163,-0.0280085234876873,0.0080514127743576,-0.0321627827221627,15.0,0.5,1.0,1.0,1.0
1165.9000244140625,1184.0,1162.0,1175.0,1135.6400146484375,1119.1400146484375,1134.9500162760417,1147.5850158691403,1150.1140087890626,1158.301672363281,-0.0013704287673982,0.0078051079812875,0.0155244662551867,-0.0033450761921224,15.0,0.5,0.0,0.0,0.0
1182.300048828125,1184.5999755859375,1157.5999755859375,1160.0,1152.02001953125,1123.0550170898437,1136.5233561197915,1147.9550170898438,1150.14201171875,1156.6266723632812,0.0140664071280936,-0.0188615815843266,0.0019452987083035,-0.0208915437893026,15.0,0.5,1.0,1.0,1.0
1167.5999755859375,1190.3499755859375,1162.300048828125,1182.300048828125,1161.6900146484377,1129.1500122070313,1136.3266845703124,1147.1275146484377,1150.5880126953125,1155.0250040690105,-0.0124334539753744,0.0125899910496405,0.0194844128774354,-0.0045391631283246,15.0,0.5,0.0,0.0,0.0
1162.0,1170.0,1147.5,1155.0,1169.060009765625,1136.435009765625,1134.7166829427083,1146.5325134277343,1150.8280126953125,1153.8800048828125,-0.0047961422602182,-0.0060240963855421,0.0068846815834766,-0.0124784853700515,15.0,0.5,0.0,0.0,0.0
1122.25,1171.050048828125,1120.0,1165.0,1160.010009765625,1140.610009765625,1131.9300130208333,1142.2075134277345,1149.694013671875,1151.7400065104166,-0.0342082616179001,0.038093116507017,0.0434841156855647,-0.0020049008687903,15.0,0.5,0.0,0.0,0.0
1122.25,1171.050048828125,1120.0,1165.0,1160.010009765625,1140.610009765625,1131.9300130208333,1142.2075134277345,1149.694013671875,1151.7400065104166,-0.0342082616179001,0.038093116507017,0.0434841156855647,-0.0020049008687903,15.0,0.5,0.0,0.0,0.0
1107.800048828125,1128.1500244140625,1105.0,1125.0,1148.3900146484375,1142.0150146484375,1128.8900146484375,1138.310015869141,1147.746015625,1149.8266764322916,-0.0128758754037647,0.0155262235184678,0.018369718982649,-0.0025275760107493,15.0,0.5382750000000001,0.0,0.0,0.0
1090.449951171875,1120.3499755859375,1086.3499755859375,1114.0,1130.0199951171876,1141.0200073242188,1125.3766764322916,1134.8975158691403,1144.3680126953125,1146.7883422851562,-0.0156617592449139,0.021596634309366,0.0274198961464757,-0.0037598934105425,15.0,0.5574125000000001,0.0,0.0,0.0
1101.800048828125,1111.8499755859375,1071.449951171875,1091.0,1116.860009765625,1139.2750122070313,1125.0533447265625,1131.4600158691403,1141.074013671875,1144.966678873698,0.0104086369521612,-0.009802185831823,0.0091213707682276,-0.0275459215023001,15.0,0.56698125,1.0,1.0,1.0
1123.3499755859375,1130.0,1102.550048828125,1106.0,1109.1300048828125,1139.0950073242188,1127.333341471354,1128.3200134277345,1139.05201171875,1143.8783447265623,0.0195588362704585,-0.0154448533075257,0.0059198153367954,-0.0185159809586173,15.0,0.571765625,1.0,1.0,1.0
1099.550048828125,1124.949951171875,1080.0,1124.949951171875,1104.5900146484375,1132.3000122070312,1128.6033447265625,1125.0950134277343,1134.684013671875,1142.176680501302,-0.0211865645391575,0.0231002693973054,0.0231002693973054,-0.0177800445272691,15.0,0.5741578125,0.0,0.0,0.0
1097.449951171875,1114.9000244140625,1095.0,1110.0,1102.5199951171876,1125.4550048828123,1128.850008138021,1122.297509765625,1131.15201171875,1140.2083455403647,-0.0019099609503798,0.0114356457118831,0.0159005640517402,-0.0022324035544937,15.0,0.5753539062499999,0.0,0.0,0.0
1084.449951171875,1105.0,1081.9000244140625,1100.699951171875,1101.3199951171875,1115.6699951171877,1127.786669921875,1119.3625061035157,1128.18201171875,1137.1933430989584,-0.0118456426975265,0.0149845550570959,0.0189497438825261,-0.0023513549473233,15.0,0.5759519531249999,0.0,0.0,0.0
1066.9000244140625,1085.699951171875,1063.5999755859375,1080.0,1094.339990234375,1105.6,1124.2966715494792,1117.3750061035155,1124.0360107421875,1133.285009765625,-0.0161832519231042,0.012278540899961,0.0176210763216895,-0.0030931190857712,15.0,0.5762509765624999,0.0,0.0,0.0
1044.8499755859375,1069.1500244140625,1035.25,1065.699951171875,1078.639990234375,1093.8849975585938,1118.9433349609376,1115.1600036621094,1118.3840087890626,1128.9833414713542,-0.0206673993097289,0.0199549945667989,0.0232569741072137,-0.0091878985598424,15.0,0.5764004882812499,0.0,0.0,0.0
1025.4000244140625,1043.3499755859375,1015.0,1043.3499755859375,1063.8099853515623,1084.2,1109.4700032552084,1112.4050048828126,1112.8380078125,1122.8716756184897,-0.0186150659198395,0.0175053157250819,0.0175053157250819,-0.0101424070279355,15.0,0.5764752441406249,0.0,0.0,0.0
1013.4500122070312,1039.800048828125,1008.7999877929688,1029.8499755859375,1047.0099975585938,1074.7649963378906,1099.3066691080728,1108.3900054931642,1107.2400073242188,1117.1283426920572,-0.0116540003145209,0.0161823110971122,0.0260003318404526,-0.0045883115674704,15.0,0.5765126220703125,0.0,0.0,0.0
1021.7000122070312,1027.5999755859375,1005.0,1012.9500122070312,1034.460009765625,1067.8900024414063,1088.6,1104.4550048828123,1102.3820068359375,1112.561678059896,0.0081405100405827,-0.0085641576739327,0.0057746533311293,-0.0163453185940133,15.0,0.5765313110351562,1.0,1.0,1.0
1031.050048828125,1057.0,1024.9000244140625,1030.0,1027.2900146484376,1060.8150024414062,1079.496671549479,1100.045007324219,1099.3580078125,1107.9116780598958,0.009151450043439,-0.0010184266314894,0.0251684689810831,-0.005964816568364,15.0,0.57655,1.0,1.0,1.0
1031.050048828125,1057.0,1024.9000244140625,1030.0,1027.2900146484376,1060.8150024414062,1079.496671549479,1100.045007324219,1099.3580078125,1107.9116780598958,0.009151450043439,-0.0010184266314894,0.0251684689810831,-0.005964816568364,15.0,0.57655,1.0,1.0,1.0
1045.5,1047.3499755859375,1029.0,1044.5999755859375,1027.42001953125,1053.0300048828126,1071.7300048828124,1096.0625061035155,1097.6120068359376,1103.2233439127604,0.0140147912201726,-0.0008608554892993,0.0017694649315518,-0.0157819225251075,15.0,0.5382750000000001,1.0,1.0,1.0
1056.5,1064.800048828125,1036.9000244140625,1044.949951171875,1033.6400146484375,1048.725,1067.3466715494792,1090.5125061035155,1096.6520068359375,1099.6383422851563,0.010521281683405,-0.0109323699272361,0.0078561749438001,-0.0185517989455158,15.0,0.5191375,1.0,1.0,1.0
1125.3499755859375,1129.0999755859375,1053.550048828125,1057.5999755859375,1056.0200073242188,1051.5150024414063,1068.5166666666669,1088.4850036621094,1097.916005859375,1098.7033406575522,0.0651679844637364,-0.0602034935529496,0.0033322966911226,-0.0638023088954423,15.0,0.50956875,1.0,1.0,1.0
1228.3499755859375,1236.800048828125,1160.0,1170.0,1097.35,1065.9050048828126,1077.7100016276042,1090.7875,1103.03400390625,1101.543339029948,0.0915270824495027,-0.0475027286568747,0.0068792065861822,-0.0556437309760468,15.0,0.5047843750000001,1.0,1.0,1.0
1233.800048828125,1239.449951171875,1217.1500244140625,1232.050048828125,1137.9,1082.5950073242188,1086.5100016276042,1094.0975036621094,1107.616005859375,1105.7816731770831,0.0044369058904305,-0.0014183821776163,0.0045792690226558,-0.0134949130775905,15.0,0.5023921875,1.0,1.0,1.0
1247.699951171875,1250.5,1225.800048828125,1233.9000244140625,1178.339990234375,1102.8800048828125,1094.8,1098.382501220703,1112.5180029296876,1111.066670735677,0.0112659278599901,-0.0110602927770023,0.0022441684200558,-0.0175522186429365,15.0,0.50119609375,1.0,1.0,1.0
1283.0999755859375,1288.75,1240.0,1247.0999755859375,1223.6599853515625,1128.65,1107.0366617838542,1106.425,1117.142001953125,1117.8200032552083,0.0283722255345235,-0.0280570498674979,0.0044034171316091,-0.0335905045639608,15.0,0.500598046875,1.0,1.0,1.0
1279.300048828125,1301.75,1267.300048828125,1297.0999755859375,1254.45,1155.2350036621094,1119.160001627604,1115.0,1121.6780029296874,1124.0050048828125,-0.0029615204037995,0.0139138013588897,0.0175486205854833,-0.0093801294004423,15.0,0.5002990234375,0.0,0.0,0.0
1307.25,1314.9000244140625,1280.0,1280.0,1270.2300048828124,1183.7900024414062,1134.013338216146,1125.8400024414063,1126.6760009765626,1130.9000040690105,0.021847846560686,-0.0208452859055269,0.0058519980218492,-0.0208452859055269,15.0,0.50014951171875,1.0,1.0,1.0
1292.9000244140625,1311.199951171875,1285.199951171875,1308.9000244140625,1282.05,1209.975,1149.0800048828123,1135.395001220703,1131.6880029296874,1136.688338216146,-0.0109772236266494,0.0123752801437613,0.0141541700148903,-0.0059556602187219,15.0,0.500074755859375,0.0,0.0,0.0
1279.449951171875,1296.8499755859375,1269.5999755859375,1290.0,1288.4,1233.3699951171875,1164.7200032552084,1143.2,1136.3860009765624,1141.831669108073,-0.0104030265203862,0.0082457690654191,0.0135996131760569,-0.0076986017131156,15.0,0.5000373779296875,0.0,0.0,0.0
1272.550048828125,1286.199951171875,1255.0,1285.949951171875,1286.2900146484376,1254.975,1181.196671549479,1151.85,1142.3980029296874,1145.3333374023437,-0.0053928661589538,0.010529960967814,0.0107264168952097,-0.013791244473478,15.0,0.5000186889648437,0.0,0.0,0.0
1283.4000244140625,1290.5999755859375,1268.4000244140625,1273.0,1287.110009765625,1270.7800048828126,1199.193339029948,1161.147503662109,1149.422001953125,1149.2500040690104,0.0085261680638251,-0.0081034940129525,0.0056100600240849,-0.0116877043124946,15.0,0.5000093444824218,1.0,1.0,1.0
1291.5,1295.800048828125,1281.0,1283.4000244140625,1283.960009765625,1277.0950073242188,1217.1800048828125,1171.5000061035155,1157.46400390625,1152.8900024414063,0.0063113413057908,-0.0062717580998354,0.0033294996733448,-0.008130081300813,15.0,0.5000046722412109,1.0,1.0,1.0
1295.6500244140625,1307.699951171875,1284.0,1284.0,1284.510009765625,1283.2800048828126,1234.8200032552083,1182.9375061035155,1165.2180029296876,1157.1583374023437,0.003213336751113,-0.008991644498545,0.0093002944705395,-0.008991644498545,15.0,0.5000023361206054,1.0,1.0,1.0
1319.9000244140625,1334.0999755859375,1293.25,1298.449951171875,1292.6000244140623,1290.5000122070312,1253.1133382161458,1196.690008544922,1173.0800048828123,1162.4216715494792,0.0187164740038242,-0.0162512863439863,0.0107583535943782,-0.020190941678248,15.0,0.5000011680603027,1.0,1.0,1.0
1315.25,1331.5,1304.1500244140625,1331.5,1301.1400146484375,1293.7150146484375,1270.3633382161458,1211.1825073242187,1181.7080029296876,1168.8550048828124,-0.003523012597963,0.0123550655768864,0.0123550655768864,-0.0084394416163752,15.0,0.5000005840301514,0.0,0.0,0.0
1328.75,1334.800048828125,1308.6500244140625,1320.0,1310.210009765625,1298.660009765625,1283.92333984375,1226.9475067138671,1190.9600048828124,1176.2200032552084,0.0102642083254134,-0.006585136406397,0.0045531882055502,-0.0151269806855597,15.0,0.5000002920150757,1.0,1.0,1.0
1328.550048828125,1352.0,1276.75,1328.75,1317.62001953125,1300.7900146484376,1290.6033447265625,1242.290008544922,1200.7240087890625,1184.1566731770831,-0.0001504806561618,0.0001505033039976,0.0176507849234279,-0.0389899115007494,15.0,0.5000001460075378,0.0,0.0,0.0
1326.050048828125,1340.0,1300.300048828125,1340.0,1323.7000244140625,1304.1050170898438,1296.7533447265623,1257.040008544922,1211.090009765625,1191.6316731770833,-0.0018817507117666,0.010519928100906,0.010519928100906,-0.0194185732452226,15.0,0.5000000730037689,0.0,0.0,0.0
1324.199951171875,1348.3499755859375,1316.0,1345.949951171875,1324.560009765625,1308.5800170898438,1301.8533447265625,1270.9750061035156,1222.2640087890625,1198.3266723632812,-0.0013951944407264,0.0164250119332445,0.0182374454799598,-0.006192381418394,15.0,0.5000000365018844,0.0,0.0,0.0
1341.3499755859375,1360.0,1321.050048828125,1325.0,1329.7800048828126,1315.460009765625,1305.736678059896,1285.2175048828126,1234.9020068359375,1206.386669921875,0.0129512347428235,-0.0121891943814256,0.0139039212386877,-0.0151339524563266,15.0,0.5000000182509422,1.0,1.0,1.0
1325.5,1358.0,1315.949951171875,1348.0,1329.1300048828125,1319.670007324219,1308.8166748046874,1295.2250061035156,1247.3840063476562,1213.9883382161458,-0.0118164355868525,0.0169747265182949,0.0245190494153149,-0.0072048652041681,15.0,0.500000009125471,0.0,0.0,0.0
1336.949951171875,1340.050048828125,1313.5999755859375,1334.0,1330.8099853515623,1324.2150024414063,1310.7966715494792,1300.6550048828126,1259.99400390625,1222.4050048828126,0.0086382128795737,-0.0022064783870849,0.002318783626517,-0.0174651082229896,15.0,0.5000000045627355,1.0,1.0,1.0
1339.449951171875,1346.5,1328.5,1341.0,1333.4899658203126,1328.5949951171874,1313.9,1305.9375,1272.33,1231.4900024414062,0.0018699278890796,0.0011572278805704,0.0052633910075974,-0.0081749610444906,15.0,0.5000000022813678,1.0,1.0,1.0
1338.300048828125,1358.9000244140625,1331.3499755859375,1336.0,1336.3099853515623,1330.4349975585938,1317.82333984375,1310.4675048828126,1284.042001953125,1241.2716715494792,-0.0008584884733796,-0.0017186346441061,0.0153926435286135,-0.0051932100340826,15.0,0.5000000011406839,0.0,0.0,0.0
1388.5,1415.0,1337.800048828125,1338.0,1345.739990234375,1337.7599975585938,1325.5533365885417,1315.7375061035157,1297.322001953125,1253.3750040690104,0.0375102363747444,-0.0363701836514224,0.019085343896291,-0.0365141888166186,15.0,0.500000000570342,1.0,1.0,1.0
1389.699951171875,1424.0,1385.300048828125,1395.9000244140625,1358.57998046875,1343.8549926757812,1332.639998372396,1321.257501220703,1307.8960009765624,1265.9166687011718,0.00086420682166,0.0044614474059376,0.0246816219567405,-0.0031660808076159,15.0,0.500000000285171,1.0,1.0,1.0
1383.800048828125,1401.449951171875,1370.0,1389.949951171875,1367.95,1349.3799926757813,1338.7933349609375,1325.085003662109,1314.11400390625,1277.986669921875,-0.0042454504936658,0.0044442131281596,0.012754662321841,-0.0099725743179526,15.0,0.5000000001425855,0.0,0.0,0.0
1309.1500244140625,1397.6500244140625,1301.4000244140625,1391.0,1361.8900146484375,1347.689990234375,1339.6933349609376,1325.897503662109,1317.1280029296877,1287.2566691080729,-0.0539456726260994,0.062521463590524,0.0676011139667587,-0.0059198715620607,15.0,0.5000000000712927,0.0,0.0,0.0
1322.199951171875,1324.800048828125,1286.300048828125,1314.0,1358.6699951171877,1347.489990234375,1339.8466634114584,1328.0350036621094,1320.1080029296877,1296.480000813802,0.0099682439097484,-0.0062017482035204,0.0019664935352217,-0.027151643979363,15.0,0.5000000000356464,1.0,1.0,1.0
1342.4000244140625,1345.6500244140625,1316.25,1322.1500244140625,1349.45,1347.5949951171874,1341.6566650390623,1331.5275024414063,1322.4800048828124,1306.0100016276042,0.0152776236485896,-0.01508492225247,0.0024210369047175,-0.0194800535894481,15.0,0.5000000000178232,1.0,1.0,1.0
1345.25,1357.449951171875,1327.1500244140625,1345.699951171875,1340.560009765625,1349.5699951171875,1342.7566650390625,1334.6200012207032,1325.1180029296877,1313.3400024414063,0.0021230449449533,0.0003344740173758,0.0090689099958185,-0.013454730039723,15.0,0.5000000000089115,1.0,1.0,1.0
1337.9000244140625,1349.949951171875,1331.199951171875,1346.0,1331.3800048828125,1349.6650024414062,1343.3799967447917,1336.9400024414062,1326.34400390625,1316.9916707356772,-0.0054636503147649,0.0060542457867769,0.0090065973076649,-0.0050079027729458,15.0,0.5000000000044558,0.0,0.0,0.0
1365.5999755859375,1369.9000244140625,1333.0999755859375,1338.949951171875,1342.6699951171877,1352.2800048828126,1346.0166585286458,1340.4375,1329.252001953125,1321.3850016276042,0.0207040516229949,-0.0195152496269105,0.003148834874781,-0.023799063108547,15.0,0.5000000000022279,1.0,1.0,1.0
1372.0999755859375,1379.5,1360.0,1369.699951171875,1352.65,1355.6599975585937,1349.2099934895834,1343.0474975585937,1332.9580029296876,1325.531669108073,0.0047598126217094,-0.0017491614727546,0.0053932108051399,-0.0088185815911631,15.0,0.500000000001114,1.0,1.0,1.0
1374.9000244140625,1388.5999755859375,1360.5,1382.0,1359.15,1354.3,1351.4466634114583,1346.0299987792969,1337.052001953125,1328.591670735677,0.0020407032125551,0.0051639940794701,0.0099643253535568,-0.0104735065520122,15.0,0.500000000000557,1.0,1.0,1.0
1385.949951171875,1392.5999755859375,1376.0,1381.0,1367.289990234375,1353.925,1355.47666015625,1348.8899963378906,1341.1539990234376,1332.1466674804688,0.0080368947280524,-0.0035715223105203,0.004798170675961,-0.0071791561906415,15.0,0.5000000000002784,1.0,1.0,1.0
1390.300048828125,1395.0,1364.0,1384.199951171875,1377.7699951171876,1354.575,1359.0333333333333,1351.977496337891,1345.1060009765624,1334.9150024414062,0.0031387119373046,-0.0043876123441063,0.0033805301063152,-0.0189168150071584,15.0,0.5000000000001392,1.0,1.0,1.0
1402.699951171875,1423.0,1393.3499755859375,1395.0,1385.189990234375,1363.9299926757812,1363.25,1355.809991455078,1349.387998046875,1338.575,0.0089188678042569,-0.0054893786553867,0.0144721248554728,-0.0066656989458979,15.0,0.5000000000000696,1.0,1.0,1.0
1427.449951171875,1442.699951171875,1405.5,1407.0,1396.2599853515626,1374.454992675781,1369.1933268229166,1360.9724914550782,1353.6899951171874,1343.5083333333334,0.0176445432819205,-0.0143262123867015,0.0106833868238114,-0.0153770373201911,15.0,0.5000000000000349,1.0,1.0,1.0
1414.0999755859375,1436.949951171875,1410.6500244140625,1427.0,1404.0999755859375,1381.6249877929688,1370.899991861979,1364.6099914550782,1357.643994140625,1348.2266642252605,-0.0093523248047875,0.0091224274356678,0.0161586705186593,-0.0024396798185682,15.0,0.5000000000000174,0.0,0.0,0.0
1421.4000244140625,1427.0,1410.449951171875,1414.0,1411.189990234375,1389.239990234375,1373.013330078125,1369.4049926757812,1361.3499951171875,1352.8266642252604,0.0051623286572084,-0.0052061518833257,0.0039397604402362,-0.0077037238315099,15.0,0.5000000000000087,1.0,1.0,1.0
1446.449951171875,1450.0,1421.699951171875,1425.0,1422.419970703125,1400.0949829101562,1377.189990234375,1374.8799926757813,1366.0659912109377,1357.9916625976562,0.0176234179875849,-0.0148293766780501,0.0024543184679488,-0.0171108581945391,15.0,0.5000000000000043,1.0,1.0,1.0
1424.699951171875,1451.25,1405.0999755859375,1450.0,1426.819970703125,1406.00498046875,1384.8933186848958,1379.142492675781,1370.0119873046874,1362.2933268229167,-0.0150368147770192,0.017758159398626,0.0186355371222455,-0.0137572655700701,15.0,0.5000000000000022,0.0,0.0,0.0
1429.9000244140625,1449.949951171875,1423.550048828125,1430.0,1427.3099853515623,1411.7849853515625,1392.0733235677085,1383.7224914550782,1374.239990234375,1365.9599934895834,0.0036499427391081,6.991788532806353e-05,0.0140219081162884,-0.0044408528411205,15.0,0.5000000000000011,1.0,1.0,1.0
1434.9000244140625,1443.8499755859375,1431.0,1435.9000244140625,1431.4699951171874,1417.7849853515625,1398.239990234375,1386.0424926757812,1377.9819921875,1369.948327636719,0.003496747964634,0.000696912664984,0.006237334322668,-0.0027179764079069,15.0,0.5000000000000006,1.0,1.0,1.0
1474.449951171875,1487.0,1445.050048828125,1446.449951171875,1442.07998046875,1426.6349853515626,1406.8533203125,1390.2799926757812,1383.939990234375,1374.8049926757812,0.0275628448567088,-0.0189901325424751,0.0085116818093082,-0.0199395729372728,15.0,0.5000000000000002,1.0,1.0,1.0
1506.550048828125,1512.0,1468.9000244140625,1479.949951171875,1454.1,1438.2599853515626,1418.0966552734376,1396.4174926757812,1390.723994140625,1380.7383260091146,0.0217708967542351,-0.0176562986917965,0.0036175042283621,-0.024990888582393,15.0,0.5000000000000001,1.0,1.0,1.0
1569.6500244140625,1589.0,1495.0,1511.5,1483.0900146484375,1454.954992675781,1431.6999918619792,1409.4424926757813,1399.9319970703125,1388.8583251953123,0.0418837566232997,-0.0370464903065059,0.0123275732073846,-0.0475583876997859,15.0,0.5,1.0,1.0,1.0
1569.6500244140625,1589.0,1495.0,1511.5,1483.0900146484375,1454.954992675781,1431.6999918619792,1409.4424926757813,1399.9319970703125,1388.8583251953123,0.0418837566232997,-0.0370464903065059,0.0123275732073846,-0.0475583876997859,15.0,0.5,1.0,1.0,1.0
1536.550048828125,1580.0,1525.0,1579.949951171875,1504.42001953125,1465.8650024414062,1442.663330078125,1420.1599975585937,1407.8619970703126,1395.936661783854,-0.0210874877017846,0.0282450300768593,0.0282776022850754,-0.0075168712121898,15.0,0.642975,0.0,0.0,0.0
1521.6500244140625,1557.699951171875,1513.9000244140625,1529.550048828125,1521.77001953125,1476.6200073242187,1452.4466634114583,1429.1224975585938,1413.187998046875,1401.9466634114583,-0.0096970641635957,0.0051917486197947,0.0236913391249042,-0.0050931553745311,15.0,0.7144625,0.0,0.0,0.0
1526.800048828125,1555.300048828125,1517.25,1523.25,1532.2400390625,1487.160009765625,1461.836669921875,1438.2,1418.672001953125,1408.6566650390623,0.0033844999385095,-0.0023251563496148,0.0186664914124641,-0.0062549440153968,15.0,0.75020625,1.0,1.0,1.0
1529.8499755859375,1559.0,1508.4000244140625,1530.5999755859375,1536.9000244140625,1495.5000122070312,1471.139998372396,1447.7974975585937,1424.5139990234377,1415.0866658528646,0.0019975940923983,0.0004902441494061,0.0190541718987169,-0.0140209507560763,15.0,0.768078125,1.0,1.0,1.0
1497.800048828125,1538.25,1492.0,1535.199951171875,1522.530029296875,1502.8100219726562,1477.4800048828124,1454.4075012207031,1432.06,1420.3650024414062,-0.0209497187758801,0.0249698899215631,0.0270062423909807,-0.0038723785812818,15.0,0.7770140624999999,0.0,0.0,0.0
1499.449951171875,1519.6500244140625,1478.699951171875,1498.9000244140625,1515.110009765625,1509.7650146484375,1482.2800048828126,1460.775,1439.15,1425.7366658528647,0.0011015504673276,-0.0003667523263332,0.0134716555403535,-0.0138384078666867,15.0,0.7814820312499999,1.0,1.0,1.0
1535.6500244140625,1538.699951171875,1490.0,1505.949951171875,1517.910009765625,1519.8400146484375,1490.3833414713542,1468.8125,1446.88,1430.6416666666669,0.0241422351002084,-0.0193403918666427,0.0019860819257799,-0.0297268411996936,15.0,0.7837160156249999,1.0,1.0,1.0
1563.300048828125,1566.0,1534.550048828125,1544.199951171875,1525.210009765625,1528.7250244140623,1499.8433430989585,1477.6800048828125,1455.602001953125,1436.4283365885417,0.0180054204893543,-0.0122178066012137,0.001727084428801,-0.0183905834465696,15.0,0.7848330078124999,1.0,1.0,1.0
1583.0999755859375,1595.300048828125,1563.1500244140625,1573.0,1535.860009765625,1536.3800170898437,1508.9533447265626,1487.320001220703,1465.41,1443.0716674804687,0.0126654680095832,-0.0063798722390854,0.0077064452216115,-0.0126018264667656,15.0,0.7853915039062499,1.0,1.0,1.0
1568.449951171875,1593.9000244140625,1564.4000244140625,1590.0,1549.989990234375,1536.260009765625,1518.5366780598958,1495.6075012207032,1473.5239990234377,1451.714998372396,-0.0092540108900198,0.0137397108604095,0.016226257792397,-0.002582120490862,15.0,0.785670751953125,0.0,0.0,0.0
1582.1500244140625,1585.0,1551.5,1574.9000244140625,1566.5300048828126,1540.8200073242188,1528.686678059896,1503.3425048828126,1481.9260009765626,1460.380000813802,0.0087347850863532,-0.0045823720179032,0.0018013308105804,-0.0193723881686969,15.0,0.7858103759765624,1.0,1.0,1.0
1560.800048828125,1585.800048828125,1548.0,1584.300048828125,1571.560009765625,1544.735009765625,1537.0800130208331,1510.677508544922,1489.362001953125,1467.660001627604,-0.0134942800976439,0.0150563808718766,0.0160174264594432,-0.008200953631271,15.0,0.7858801879882812,0.0,0.0,0.0
1559.5,1570.0,1497.5999755859375,1562.5999755859375,1570.8,1548.0050048828125,1542.7500162760416,1517.5825073242188,1496.30400390625,1474.801668294271,-0.0008329374599271,0.0019878009528293,0.0067329272202629,-0.039692224696417,15.0,0.7859150939941406,0.0,0.0,0.0
1598.699951171875,1621.0,1568.050048828125,1570.949951171875,1573.9199951171877,1554.8900024414063,1548.8933430989584,1525.1950073242188,1504.64,1483.494999186198,0.0251362303121994,-0.0173578537859206,0.0139488643955851,-0.0191717666102905,15.0,0.7859325469970703,1.0,1.0,1.0
1581.8499755859375,1611.9000244140625,1562.449951171875,1598.5,1576.6,1563.2949951171877,1549.7066731770833,1533.052508544922,1511.8060009765625,1490.7033325195312,-0.0105397986492625,0.0105256659424324,0.018996775479289,-0.0122641367471504,15.0,0.7859412734985352,0.0,0.0,0.0
1573.699951171875,1586.5999755859375,1552.6500244140625,1581.8499755859375,1574.9099853515625,1570.7199951171874,1552.1833333333334,1540.2425048828125,1517.6560009765626,1497.4233317057292,-0.0051522107278496,0.0051788934783874,0.008197257936277,-0.0133760738456765,15.0,0.7859456367492675,0.0,0.0,0.0
1599.3499755859375,1607.0999755859375,1575.0,1577.0,1582.619970703125,1577.089990234375,1557.363330078125,1548.4650024414063,1525.0660009765625,1504.9049967447916,0.0162991835864021,-0.0139744120593426,0.0048457186471402,-0.0152249200973143,15.0,0.7859478183746338,1.0,1.0,1.0
1598.75,1611.699951171875,1582.5999755859375,1604.0,1590.469970703125,1580.6349853515626,1562.1599934895833,1554.6800048828125,1532.16,1511.9983317057292,-0.0003751371464008,0.0032838154808443,0.0081000476446442,-0.0101016571784597,15.0,0.7859489091873169,0.0,0.0,0.0
1621.4000244140625,1638.5,1595.199951171875,1616.0,1595.0099853515626,1584.464990234375,1568.263330078125,1560.4225036621094,1539.1580029296874,1519.7016642252604,0.0141673334880766,-0.0033304701694536,0.0105464261307859,-0.0161589199751341,15.0,0.7859499999999999,1.0,1.0,1.0
1621.4000244140625,1638.5,1595.199951171875,1616.0,1595.0099853515626,1584.464990234375,1568.263330078125,1560.4225036621094,1539.1580029296874,1519.7016642252604,0.0141673334880766,-0.0033304701694536,0.0105464261307859,-0.0161589199751341,15.0,0.7859499999999999,1.0,1.0,1.0
1666.0999755859375,1678.0,1637.75,1637.800048828125,1611.8599853515625,1594.2299926757812,1579.4833251953123,1565.2450012207032,1548.81400390625,1528.4816650390626,0.0275687372016838,-0.0169857314521956,0.0071424431837456,-0.0170157709629443,15.0,0.642975,1.0,1.0,1.0
1625.25,1670.949951171875,1609.550048828125,1670.949951171875,1622.1699951171877,1598.539990234375,1587.8699951171875,1569.679998779297,1556.6280029296877,1535.075,-0.0245183219401772,0.0281187209179356,0.0281187209179356,-0.0096600222561913,15.0,0.5714874999999999,0.0,0.0,0.0
1607.6500244140625,1636.050048828125,1600.0,1625.25,1623.8300048828123,1603.2249877929687,1592.6699951171877,1573.979998779297,1563.5380029296875,1541.5266682942708,-0.0108290881931625,0.0109476411648437,0.0176655515707864,-0.004758513543301,15.0,0.53574375,0.0,0.0,0.0
1607.5,1633.949951171875,1605.4000244140625,1609.699951171875,1625.5800048828123,1608.024987792969,1595.6166585286458,1578.0149963378906,1568.8600048828123,1547.730000813802,-9.331907553522362e-05,0.001368554383748,0.0164540909311818,-0.0013063611732114,15.0,0.517871875,0.0,0.0,0.0
1622.199951171875,1627.0,1601.1500244140625,1610.0,1625.739990234375,1610.3749877929688,1598.2233235677083,1582.6324951171875,1573.4860009765623,1553.5883341471354,0.0091446041504665,-0.0075206210942503,0.0029589748320837,-0.0129761603941647,15.0,0.5089359375,1.0,1.0,1.0
1627.050048828125,1638.9000244140625,1592.699951171875,1615.949951171875,1617.9300048828125,1614.8949951171876,1602.1299967447917,1589.0949951171874,1575.782001953125,1560.3333374023437,0.0029898272729858,-0.0068222226256928,0.0072831045329382,-0.0211118875421136,15.0,0.50446796875,1.0,1.0,1.0
1648.4000244140625,1656.949951171875,1616.5,1627.6500244140625,1622.560009765625,1622.3650024414062,1606.5466634114584,1596.542498779297,1580.2560009765623,1567.6166707356772,0.0131218923482499,-0.0125879638999494,0.0051868033433519,-0.0193521135292397,15.0,0.502233984375,1.0,1.0,1.0
1651.949951171875,1659.949951171875,1634.199951171875,1648.949951171875,1631.4199951171877,1627.625,1612.6233235677084,1602.3574951171877,1585.467998046875,1574.851668294271,0.0021535590301112,-0.0018160356479758,0.0048427617279354,-0.0107448775838567,15.0,0.5011169921875,1.0,1.0,1.0
1671.300048828125,1680.0,1638.300048828125,1665.0,1644.1800048828125,1634.8800048828125,1620.07666015625,1607.7574951171875,1591.247998046875,1581.4133382161458,0.0117134890451876,-0.0037695498378896,0.0052054992626699,-0.0197451080212309,15.0,0.50055849609375,1.0,1.0,1.0
1707.050048828125,1715.1500244140625,1673.5,1678.0,1661.1500244140625,1643.4450073242188,1627.3,1613.9549987792968,1598.3360009765624,1588.0966715494792,0.0213905336896669,-0.0170176901655974,0.0047450135346049,-0.0196538167414346,15.0,0.500279248046875,1.0,1.0,1.0
1751.949951171875,1769.0,1706.0,1706.949951171875,1686.1300048828125,1652.0300048828126,1638.639998372396,1623.1299987792968,1608.5019970703124,1594.1733357747396,0.0263026279601897,-0.0256856652610992,0.0097320410418804,-0.0262278903236585,15.0,0.5001396240234375,1.0,1.0,1.0
1740.5,1762.949951171875,1734.25,1762.5,1704.55,1663.5550048828125,1649.7600016276042,1631.0474975585937,1618.1439990234376,1600.9716674804688,-0.0065355469568158,0.0126400459638034,0.0128985643044383,-0.0035909221488078,15.0,0.5000698120117187,0.0,0.0,0.0
1692.0,1753.3499755859375,1686.449951171875,1749.949951171875,1712.560009765625,1671.9900024414062,1655.936669921875,1637.6074951171877,1624.397998046875,1606.65,-0.0278655558747486,0.0342493801252217,0.0362588508191119,-0.0032801707022015,15.0,0.5000349060058593,0.0,0.0,0.0
1659.800048828125,1714.4000244140625,1635.0999755859375,1685.0999755859375,1710.260009765625,1677.2200073242188,1660.0066731770833,1642.6224975585938,1628.257998046875,1611.0833333333333,-0.0190307040022901,0.0152427557618612,0.0328955139051159,-0.0148813546906608,15.0,0.5000174530029297,0.0,0.0,0.0
1573.0,1664.550048828125,1554.1500244140625,1663.0,1683.45,1672.3000122070312,1656.7800048828126,1641.3375,1627.8539990234376,1612.5216674804688,-0.0522954851636549,0.0572155117609662,0.0582009210604737,-0.0119834555536793,15.0,0.5000087265014648,0.0,0.0,0.0
1535.9000244140625,1589.949951171875,1531.449951171875,1573.0,1640.2400146484374,1663.185009765625,1648.100008138021,1639.0400024414062,1626.552001953125,1613.7916666666667,-0.0235854898829863,0.024155202159132,0.0351910449239247,-0.0028973716852991,15.0,0.5000043632507324,0.0,0.0,0.0
1561.6500244140625,1566.449951171875,1516.3499755859375,1516.3499755859375,1604.47001953125,1654.510009765625,1643.860009765625,1638.4375061035155,1625.732001953125,1615.8650024414062,0.0167654141485045,-0.0290078110459619,0.0030736251290448,-0.0290078110459619,15.0,0.5000021816253661,1.0,1.0,1.0
1560.4000244140625,1571.0,1538.300048828125,1571.0,1578.1500244140625,1645.3550170898438,1640.710009765625,1636.490008544922,1625.7160009765626,1616.6900024414062,-0.000800435424364,0.0067931142143617,0.0067931142143617,-0.0141630192515769,15.0,0.5000010908126831,0.0,0.0,0.0
1526.8499755859375,1565.199951171875,1521.0,1560.050048828125,1551.560009765625,1630.910009765625,1635.333341471354,1632.8950073242188,1624.41,1615.475,-0.021500928161497,0.0217441620152933,0.0251170555058759,-0.0038314016959607,15.0,0.5000005454063415,0.0,0.0,0.0
1528.3499755859375,1542.949951171875,1518.0,1532.449951171875,1542.6300048828125,1613.0400024414062,1629.0766764322916,1628.2425048828125,1621.5960009765624,1613.65,0.0009824147912268,0.0026826156648875,0.009552769862374,-0.0067719931633914,15.0,0.5000002727031707,1.0,1.0,1.0
1519.949951171875,1540.449951171875,1515.0,1537.0,1539.439990234375,1589.8400024414063,1621.936669921875,1620.9350036621097,1619.12,1612.0333333333333,-0.0054961393321199,0.0112175067442052,0.0134872861992558,-0.003256654054996,15.0,0.5000001363515854,0.0,0.0,0.0
1549.9000244140625,1552.8499755859375,1495.300048828125,1515.0,1537.089990234375,1570.7800048828126,1615.3700032552083,1617.1675048828124,1618.1680029296874,1610.9583333333333,0.0197046443661491,-0.0225175971767962,0.0019033170691058,-0.0352280629239805,15.0,0.5000000681757927,1.0,1.0,1.0
1547.5,1562.8499755859375,1535.699951171875,1551.0,1534.5099853515626,1556.3300048828123,1608.4066731770831,1614.1600036621094,1616.09400390625,1610.514998372396,-0.0015485027267935,0.0022617124394184,0.0099192087792812,-0.0076252334915185,15.0,0.5000000340878963,0.0,0.0,0.0
1547.75,1565.0,1540.0999755859375,1547.5,1538.689990234375,1545.125,1600.1700032552085,1611.1725036621094,1614.05400390625,1610.1233317057292,0.0001615508885298,-0.0001615247940558,0.0111452107898561,-0.0049426744720157,15.0,0.5000000170439481,1.0,1.0,1.0
1526.0,1548.800048828125,1520.0,1540.0,1538.2199951171874,1540.425,1588.1,1606.3625061035157,1610.2380029296876,1607.7,-0.0140526570828622,0.0091743119266054,0.0149410542779324,-0.0039318479685451,15.0,0.500000008521974,0.0,0.0,0.0
1554.0999755859375,1561.800048828125,1526.0,1530.0,1545.05,1542.2449951171875,1574.910001627604,1602.7150024414063,1605.7580029296876,1606.775,0.0184141386539564,-0.01550735214242,0.0049546833299989,-0.018081189130283,15.0,0.500000004260987,1.0,1.0,1.0
1565.4000244140625,1578.9000244140625,1554.050048828125,1555.0,1548.15,1542.6199951171875,1563.236669921875,1598.5650024414062,1603.36400390625,1606.4983357747396,0.0072711209096213,-0.0066436848421254,0.0086239937328818,-0.0072505272830731,15.0,0.5000000021304936,1.0,1.0,1.0
1595.3499755859375,1598.5999755859375,1562.0,1569.699951171875,1557.7199951171874,1546.114990234375,1556.7933349609375,1595.7350036621094,1602.872001953125,1606.3650024414062,0.0191324586078791,-0.0160779921688605,0.0020371705580191,-0.0209044887305612,15.0,0.5,1.0,1.0,1.0
1595.3499755859375,1598.5999755859375,1562.0,1569.699951171875,1557.7199951171874,1546.114990234375,1556.7933349609375,1595.7350036621094,1602.872001953125,1606.3650024414062,0.0191324586078791,-0.0160779921688605,0.0020371705580191,-0.0209044887305612,15.0,0.5,1.0,1.0,1.0
1612.699951171875,1642.050048828125,1601.5,1604.75,1570.7099853515624,1554.6999877929688,1553.6533284505208,1592.804998779297,1603.08,1606.830000813802,0.0108753413680062,-0.0049295910042647,0.0181993542164633,-0.0069448449872752,15.0,0.5,1.0,1.0,1.0
1595.199951171875,1622.0,1586.0,1600.0,1584.5499755859375,1561.3849853515626,1555.1333251953124,1587.2124938964844,1602.0,1605.9566650390625,-0.0108513676008259,0.0030090577827555,0.0168004323272683,-0.0057672714728436,15.0,0.5,0.0,0.0,0.0
1631.5,1641.9000244140625,1595.199951171875,1595.199951171875,1600.02998046875,1572.539990234375,1561.5066569010417,1581.1899963378903,1602.177998046875,1604.8033325195313,0.0227557986078535,-0.02224949361209,0.0063745169562137,-0.02224949361209,15.0,0.5,1.0,1.0,1.0
1644.5,1647.6500244140625,1632.1500244140625,1635.5,1615.8499755859375,1581.9999877929688,1567.0299886067708,1576.3899963378906,1602.0219970703124,1605.444999186198,0.0079681274900398,-0.0054727880814837,0.0019154906744072,-0.0075098665770371,15.0,0.5,1.0,1.0,1.0
1658.8499755859375,1663.1500244140625,1637.0,1648.0,1628.5499755859375,1593.1349853515626,1573.5933186848958,1574.7324951171877,1602.297998046875,1607.1516642252604,0.0087260417062557,-0.0065406611481578,0.0025921866904246,-0.0131717611040863,15.0,0.5,1.0,1.0,1.0
1645.800048828125,1664.449951171875,1625.1500244140625,1659.0,1635.1699951171877,1602.939990234375,1581.5233235677083,1574.0324951171874,1601.277998046875,1608.4283325195313,-0.0078668517044183,0.0080203856970801,0.0113318154031101,-0.0125471040232172,15.0,0.5,0.0,0.0,0.0
1643.6500244140625,1657.449951171875,1636.1500244140625,1645.800048828125,1644.860009765625,1614.704992675781,1589.2099934895834,1577.5649963378903,1598.7419970703124,1609.1433349609374,-0.0013063703671617,0.0013080792030706,0.0083959033570617,-0.0045630151726938,15.0,0.5,0.0,0.0,0.0
1650.5,1674.75,1642.050048828125,1643.5,1648.660009765625,1624.3449951171874,1597.913330078125,1583.2949951171877,1594.6839990234375,1609.925,0.004167539004162,-0.0042411390487731,0.014692517418964,-0.0051196311250378,15.0,0.5,1.0,1.0,1.0
1659.699951171875,1674.4000244140625,1652.0,1652.0,1651.7,1633.774987792969,1605.2333251953123,1588.197491455078,1591.4519970703125,1610.3016642252603,0.0055740388802635,-0.0046393633779637,0.0088570667437859,-0.0046393633779637,15.0,0.5,1.0,1.0,1.0
1644.5,1666.6500244140625,1616.0,1658.949951171875,1648.8300048828123,1638.689990234375,1611.6999918619792,1592.402490234375,1589.5519970703126,1610.0533325195313,-0.0091582524667441,0.0087868356168288,0.0134691544019838,-0.0173304955913651,15.0,0.5,0.0,0.0,0.0
1656.3499755859375,1662.0,1641.050048828125,1644.0,1650.939990234375,1643.0549926757812,1618.939990234375,1598.877490234375,1589.413994140625,1609.5549967447917,0.0072058227947324,-0.0074561389609515,0.0034111295905707,-0.0092371340497651,15.0,0.5,1.0,1.0,1.0
1693.25,1702.050048828125,1653.050048828125,1657.5,1660.8599853515625,1652.8599975585937,1630.089990234375,1607.122491455078,1594.223994140625,1609.0949951171874,0.0222779152702972,-0.0211132437619961,0.0051971349937249,-0.0237412970157242,15.0,0.5,1.0,1.0,1.0
1685.949951171875,1702.300048828125,1673.0,1699.0,1667.9499755859374,1658.3049926757812,1638.879988606771,1615.4224914550782,1600.2259912109375,1606.8949951171876,-0.0043112646260888,0.007740472259603,0.0096978546989994,-0.0076811005942813,15.0,0.5,0.0,0.0,0.0
1624.199951171875,1701.0,1619.0999755859375,1690.0,1660.8499755859375,1656.274987792969,1642.7999837239583,1619.1374877929688,1602.72798828125,1603.0183268229166,-0.0366262355279755,0.0405122834664843,0.0472848486251418,-0.0031399924512113,15.0,0.5,0.0,0.0,0.0
1642.1500244140625,1647.3499755859375,1600.0,1624.949951171875,1660.37998046875,1654.6049926757812,1645.9199869791669,1623.8699890136718,1605.99798828125,1601.3566609700522,0.0110516400577628,-0.0104741180686732,0.0031665506163058,-0.0256675844395533,15.0,0.5,1.0,1.0,1.0
1674.199951171875,1707.9000244140625,1655.5999755859375,1659.0,1663.9499755859374,1657.4449829101563,1650.0199869791666,1630.1924865722656,1611.8919873046875,1601.8366577148438,0.0195170515977967,-0.009078934186586,0.0201290611785043,-0.0111097695188189,15.0,0.5,1.0,1.0,1.0
1660.8499755859375,1684.949951171875,1647.5999755859375,1680.8499755859375,1657.469970703125,1659.1649780273438,1654.3966552734375,1636.9349853515623,1617.1919873046877,1604.764990234375,-0.0079739433611815,0.0120420268501038,0.0145106276546351,-0.0079778427881936,15.0,0.5,0.0,0.0,0.0
1621.3499755859375,1660.0,1613.550048828125,1660.0,1644.5499755859375,1656.2499755859376,1653.7199869791666,1640.2974853515625,1621.24798828125,1607.6133219401042,-0.0237830030289548,0.0238381749752052,0.0238381749752052,-0.0048107607088306,15.0,0.5,0.0,0.0,0.0
1588.4000244140625,1634.9000244140625,1584.75,1617.5999755859375,1637.389990234375,1649.1199829101563,1649.9799886067708,1641.4474853515626,1622.78798828125,1608.504988606771,-0.0203225408875509,0.0183832477480894,0.0292747414286607,-0.0022979251812899,15.0,0.5,0.0,0.0,0.0
1588.4000244140625,1634.9000244140625,1584.75,1617.5999755859375,1637.389990234375,1649.1199829101563,1649.9799886067708,1641.4474853515626,1622.78798828125,1608.504988606771,-0.0203225408875509,0.0183832477480894,0.0292747414286607,-0.0022979251812899,15.0,0.5,0.0,0.0,0.0
1553.5999755859375,1601.9000244140625,1547.5,1580.0999755859375,1619.67998046875,1640.02998046875,1642.9633219401042,1639.3599853515625,1623.0319873046874,1608.2783203125,-0.0219088694870564,0.0170571578375609,0.0310891153367254,-0.0039263489197963,15.0,0.5,0.0,0.0,0.0
1538.800048828125,1577.449951171875,1536.199951171875,1541.0,1592.6,1628.274987792969,1635.829988606771,1635.664990234375,1622.6739892578123,1608.6766560872395,-0.009526214592164,0.0014296536925315,0.0251169100060686,-0.0016896916907626,15.0,0.5,0.0,0.0,0.0
1595.8499755859375,1615.4000244140625,1535.0,1551.199951171875,1579.6,1618.5349853515625,1632.6433186848958,1635.697491455078,1625.46798828125,1610.9266560872395,0.0370742948710321,-0.0279788357910452,0.0122505555830503,-0.0381301353616247,15.0,0.5,1.0,1.0,1.0
1572.0999755859375,1599.9000244140625,1566.0999755859375,1595.949951171875,1569.75,1607.149987792969,1627.416650390625,1632.727490234375,1626.18798828125,1612.664990234375,-0.014882351325838,0.0151707753681813,0.0176833848100299,-0.0038165511692497,15.0,0.5,0.0,0.0,0.0
1580.3499755859375,1587.5999755859375,1565.3499755859375,1572.0,1568.139990234375,1602.764990234375,1622.1266520182292,1629.519989013672,1626.785986328125,1613.6799886067708,0.0052477578577183,-0.0052836243331744,0.0045875914272166,-0.0094915684701033,15.0,0.5,1.0,1.0,1.0
1537.0999755859375,1585.0,1532.0,1583.0,1564.839990234375,1592.2599853515626,1614.966650390625,1623.4324890136718,1624.455986328125,1613.333321126302,-0.0273673557554645,0.0298614437207089,0.0311625952604697,-0.0033179205431926,15.0,0.5,0.0,0.0,0.0
1554.0999755859375,1578.8499755859375,1549.5,1551.949951171875,1567.8999755859377,1580.2499877929688,1608.1499837239585,1618.8474853515625,1622.1119873046875,1613.5449869791669,0.0110597880879671,-0.0013834530904306,0.0159256163624019,-0.0029598968265881,15.0,0.5,1.0,1.0,1.0
1555.699951171875,1563.449951171875,1538.25,1556.0,1559.869970703125,1569.7349853515625,1598.97998046875,1614.4499816894531,1620.5319873046874,1614.5349853515625,0.0010295190856909,0.0001928706290046,0.004981680428904,-0.0112167845468724,15.0,0.5,1.0,1.0,1.0
1555.699951171875,1563.449951171875,1538.25,1556.0,1559.869970703125,1569.7349853515625,1598.97998046875,1614.4499816894531,1620.5319873046874,1614.5349853515625,0.0010295190856909,0.0001928706290046,0.004981680428904,-0.0112167845468724,15.0,0.5,1.0,1.0,1.0
1565.75,1570.300048828125,1532.8499755859375,1553.5,1558.5999755859375,1564.1749877929688,1590.966650390625,1610.2124816894532,1617.9019873046875,1614.923319498698,0.0064601460073033,-0.007823726648571,0.0029059867974612,-0.021012310020158,15.0,0.5,1.0,1.0,1.0
1599.3499755859375,1606.5,1570.25,1576.3499755859375,1562.3999755859377,1565.2699829101562,1589.3099853515623,1607.1949829101563,1616.095986328125,1616.0549845377604,0.0214593489292272,-0.0143808424366741,0.0044705815007393,-0.0181948766874969,15.0,0.5,1.0,1.0,1.0
1675.0,1686.949951171875,1599.050048828125,1599.3499755859375,1589.97998046875,1577.4099853515625,1591.4999837239584,1608.7199829101562,1616.7419873046874,1618.7099853515624,0.0473004818012689,-0.0451641936800373,0.0071342992070895,-0.0453432544309702,15.0,0.5,1.0,1.0,1.0
1630.6500244140625,1670.0,1623.9000244140625,1670.0,1605.289990234375,1586.5949829101562,1588.5966552734376,1607.4349853515623,1616.135986328125,1619.3083211263022,-0.0264775973647388,0.0241314659778557,0.0241314659778557,-0.0041394535301499,15.0,0.5,0.0,0.0,0.0
1722.75,1746.4000244140625,1639.1500244140625,1641.5,1638.7,1599.2849853515625,1592.7233235677083,1608.9099853515625,1619.2999853515626,1623.559989420573,0.0564805287505095,-0.0471629661877811,0.0137280652526845,-0.0485270501151864,15.0,0.5,1.0,1.0,1.0
1727.449951171875,1757.9000244140625,1722.75,1727.0,1671.039990234375,1614.8199829101563,1599.7966552734374,1610.9849853515625,1622.3779833984374,1626.758321126302,0.0027281678548106,-0.0002604713216551,0.0176271811646586,-0.0027207452052007,15.0,0.5,1.0,1.0,1.0
1701.4000244140625,1737.6500244140625,1692.8499755859375,1732.0,1691.45,1626.9249877929688,1607.329988606771,1614.844989013672,1624.045986328125,1628.6549886067708,-0.0150799892871805,0.0179851740606831,0.021305983002136,-0.0050253019310196,15.0,0.5,0.0,0.0,0.0
1688.199951171875,1716.949951171875,1683.0999755859375,1700.0,1694.089990234375,1642.0349853515625,1616.3033203125,1617.1474853515624,1625.793984375,1629.633321126302,-0.0077583596172413,0.0069897222896695,0.0170299732446046,-0.0030209547052748,15.0,0.5,0.0,0.0,0.0
1701.1500244140625,1705.0,1672.199951171875,1689.0,1708.189990234375,1656.739990234375,1627.1266520182292,1618.4949890136718,1627.585986328125,1631.4783203125,0.0076709356810478,-0.0071422415658179,0.0022631605271048,-0.0170179424663965,15.0,0.5,1.0,1.0,1.0
1707.5,1715.0,1684.050048828125,1690.0,1705.139990234375,1671.9199951171877,1634.5699869791667,1620.827490234375,1628.155986328125,1633.6066528320312,0.0037327546041241,-0.0102489019033674,0.0043923865300146,-0.0137334999542459,15.0,0.5,1.0,1.0,1.0
1675.9000244140625,1708.0999755859375,1664.050048828125,1706.0,1694.8300048828123,1682.9349975585938,1641.489990234375,1623.5549926757812,1627.7539892578125,1634.4533203125,-0.0185065742816617,0.0179604840070704,0.0192135274794407,-0.0070708129442748,15.0,0.5,0.0,0.0,0.0
1677.800048828125,1686.300048828125,1649.75,1671.699951171875,1690.110009765625,1690.7800048828126,1647.986661783854,1628.0249938964844,1629.8979931640624,1635.0566569010416,0.0011337337468723,-0.0036357715333902,0.0050661579166939,-0.0167183502275595,15.0,0.5,1.0,1.0,1.0
1649.5,1679.3499755859375,1641.0,1656.0,1682.37001953125,1688.2300048828124,1655.4799967447916,1632.8199951171875,1630.1919921875,1635.2233235677083,-0.0168673548721681,0.0039405880569869,0.0180963780454304,-0.005153076689906,15.0,0.5,0.0,0.0,0.0
1630.199951171875,1659.4000244140625,1613.949951171875,1649.0,1668.1800048828125,1688.1849975585938,1660.553328450521,1637.389990234375,1628.4319921875,1634.3516560872397,-0.0117005449094422,0.0115323576194505,0.0179119581136024,-0.0099681023719321,15.0,0.5,0.0,0.0,0.0
1582.0,1655.449951171875,1575.8499755859375,1632.5,1643.0800048828123,1674.1099975585937,1662.3066650390624,1636.697491455078,1625.2779931640623,1630.6433227539062,-0.029566895237131,0.0319216182048041,0.0464285405637643,-0.0038874996296223,15.0,0.5,0.0,0.0,0.0
1576.8499755859375,1589.25,1548.800048828125,1583.75,1623.2699951171876,1659.05,1663.0466634114584,1636.934991455078,1623.4979931640626,1627.0066569010417,-0.003255388378042,0.0043758280882102,0.0078637946577351,-0.0177885830561588,15.0,0.5,0.0,0.0,0.0
1602.199951171875,1616.3499755859375,1577.0,1577.0,1608.1499755859377,1649.1299926757813,1663.236661783854,1638.027490234375,1624.049990234375,1626.2733235677083,0.0160763395240043,-0.0157283434901138,0.0088316220479927,-0.0157283434901138,15.0,0.5,1.0,1.0,1.0
1639.3499755859375,1645.0,1595.949951171875,1604.0999755859375,1606.119970703125,1644.2449951171875,1660.8599934895833,1643.139990234375,1627.479990234375,1626.1799886067708,0.0231868840008953,-0.0215024250617388,0.0034465028811454,-0.0264739226281138,15.0,0.5,1.0,1.0,1.0
1659.6500244140625,1668.0,1635.0,1635.0,1612.0099853515626,1640.0949951171874,1662.7933268229167,1648.4174926757812,1632.3139892578124,1625.6949910481771,0.0123829866291176,-0.0148525436395936,0.0050311664887814,-0.0148525436395936,15.0,0.5,1.0,1.0,1.0
1664.25,1698.0,1660.0,1660.0,1628.4599853515624,1635.7699951171876,1658.8933268229166,1653.8449951171874,1635.049990234375,1625.8083251953126,0.0027716539741934,-0.0025537028691602,0.0202794051374493,-0.0025537028691602,15.0,0.5,1.0,1.0,1.0
1716.0,1726.5999755859375,1675.0,1676.949951171875,1656.289990234375,1639.7799926757812,1658.1299967447917,1661.3574951171877,1640.8059912109377,1628.9633260091146,0.0310950878774222,-0.0227564387110285,0.006177141949847,-0.0238927738927738,15.0,0.5,1.0,1.0,1.0
1784.4000244140625,1804.699951171875,1707.0999755859375,1715.75,1692.7300048828124,1650.439990234375,1663.663330078125,1670.6099975585937,1648.9679931640626,1635.496659342448,0.039860154087449,-0.038472328779868,0.0113763318090507,-0.0433199102053968,15.0,0.5,1.0,1.0,1.0
1823.5,1837.449951171875,1792.550048828125,1819.0,1729.560009765625,1667.839990234375,1672.6833333333334,1678.0349975585937,1660.423994140625,1644.4933268229167,0.0219121133439664,-0.0024677817384151,0.0076500966119412,-0.0169728276237318,15.0,0.5,1.0,1.0,1.0
1764.5999755859375,1824.8499755859373,1760.0,1823.0,1750.55,1681.2799926757812,1676.913330078125,1684.7324951171877,1668.843994140625,1652.0199910481772,-0.0323005343647175,0.0330953333458314,0.0341437157619781,-0.0026068092766521,15.0,0.5,0.0,0.0,0.0
1773.0999755859375,1782.4000244140625,1754.5999755859375,1768.0,1772.3199951171875,1700.389990234375,1681.2866617838542,1687.2499938964845,1677.5399951171876,1657.9283243815105,0.0048169557506525,-0.0028763045830239,0.0052450786510511,-0.0104337038264785,15.0,0.5,1.0,1.0,1.0
1815.25,1837.699951171875,1780.0,1781.8499755859375,1792.1699951171877,1724.2299926757812,1690.57666015625,1691.6399963378906,1687.5199951171876,1666.0333251953125,0.0237719389737928,-0.0183996829164371,0.0123674156021897,-0.0194188128356975,15.0,0.5,1.0,1.0,1.0
1817.6500244140625,1861.0999755859373,1799.050048828125,1814.3499755859373,1798.8199951171875,1745.775,1699.899991861979,1697.4524963378906,1696.2519970703124,1673.9433268229166,0.0013221453871711,-0.0018155578817703,0.0239044648795256,-0.0102329795813874,15.0,0.5,1.0,1.0,1.0
1821.449951171875,1836.8499755859373,1801.050048828125,1830.0,1798.4099853515625,1763.9849975585937,1711.3633219401042,1704.1149963378907,1702.1099951171875,1683.4216593424478,0.0020905711807956,0.0046940893559135,0.0084548161228117,-0.0111998149225155,15.0,0.5,1.0,1.0,1.0
1863.75,1879.5999755859373,1835.3499755859373,1835.3499755859373,1818.239990234375,1784.3949951171876,1726.9333251953126,1712.2449951171875,1711.433994140625,1693.7433268229167,0.0232232836268217,-0.0152381083375251,0.0085043463908449,-0.0152381083375251,15.0,0.5,1.0,1.0,1.0
1853.300048828125,1873.050048828125,1840.0,1865.4000244140625,1834.2800048828128,1803.3,1745.0199951171876,1719.5349975585937,1716.65599609375,1703.663330078125,-0.0056069489855801,0.0065288810592696,0.0106566662060405,-0.0071764142220439,15.0,0.5,0.0,0.0,0.0
1862.9000244140625,1888.0,1843.9000244140625,1853.300048828125,1843.810009765625,1817.9900024414064,1764.089998372396,1728.8849975585938,1722.0739990234374,1713.5683308919272,0.0051799359698974,-0.0051532425036909,0.0134736031225466,-0.0101991517263392,15.0,0.5,1.0,1.0,1.0
1850.300048828125,1888.0,1846.0,1862.9000244140625,1850.340014648437,1824.5800048828123,1780.6300048828125,1737.5099975585938,1728.03,1721.9333333333334,-0.006763634881534,0.0068096931597216,0.0203750473852886,-0.0023239737959518,15.0,0.5,0.0,0.0,0.0
1890.8499755859373,1914.550048828125,1860.0,1861.949951171875,1864.22001953125,1831.3150024414065,1797.3966715494792,1749.5774963378906,1736.1360009765624,1729.128332519531,0.0219153249136509,-0.015284144584293,0.0125340844319725,-0.0163154010018048,15.0,0.5,1.0,1.0,1.0
1890.8499755859373,1914.550048828125,1860.0,1861.949951171875,1864.22001953125,1831.3150024414065,1797.3966715494792,1749.5774963378906,1736.1360009765624,1729.128332519531,0.0219153249136509,-0.015284144584293,0.0125340844319725,-0.0163154010018048,15.0,0.5,1.0,1.0,1.0
1861.9000244140625,1895.9000244140625,1832.4000244140625,1890.8499755859373,1863.8500244140623,1841.045007324219,1810.8800048828125,1761.1625,1742.5660009765625,1736.8366658528646,-0.0153105489836146,0.0155486066879373,0.0182609160288826,-0.0158440300838835,15.0,0.556575,0.0,0.0,0.0
1852.3499755859373,1877.1500244140625,1842.5999755859373,1870.0,1863.660009765625,1848.9700073242188,1823.4200032552085,1774.679998779297,1748.36,1741.1566650390623,-0.0051291952859447,0.009528450156121,0.0133884250573546,-0.0052635841652525,15.0,0.61315,0.0,0.0,0.0
1852.3499755859373,1877.1500244140625,1842.5999755859373,1870.0,1863.660009765625,1848.9700073242188,1823.4200032552085,1774.679998779297,1748.36,1741.1566650390623,-0.0051291952859447,0.009528450156121,0.0133884250573546,-0.0052635841652525,15.0,0.61315,0.0,0.0,0.0
1841.050048828125,1864.449951171875,1832.199951171875,1860.0999755859373,1859.2900146484376,1851.5500122070312,1831.756673177084,1787.8900024414063,1754.9660009765626,1744.9433349609376,-0.0061003195436856,0.0103473160710314,0.0127100848554577,-0.0048070923774632,15.0,0.6757500000000001,0.0,0.0,0.0
1839.5,1863.3499755859373,1823.1500244140625,1841.050048828125,1857.1300048828125,1853.735009765625,1835.4300048828125,1799.7550048828125,1761.4339990234375,1749.5466674804688,-0.0008419373656417,0.0008426468214868,0.0129654664778131,-0.0088882715878975,15.0,0.7070500000000001,0.0,0.0,0.0
1840.0,1860.550048828125,1837.0999755859373,1848.199951171875,1846.960009765625,1855.590014648437,1836.5300048828128,1809.787506103516,1769.0539990234374,1754.606669108073,0.000271812992661,0.004456495202106,0.0111685047978939,-0.0015761002250339,15.0,0.7227000000000001,1.0,1.0,1.0
1876.699951171875,1883.0,1825.800048828125,1840.0,1849.919995117188,1856.885009765625,1844.0033365885413,1820.6400024414063,1778.9139990234376,1760.4583333333333,0.0199456256368885,-0.0195555774107407,0.0033569824649863,-0.0271220246539498,15.0,0.7305250000000001,1.0,1.0,1.0
1872.6500244140625,1896.5,1854.550048828125,1885.0,1853.9800048828124,1858.8200073242188,1850.6400065104167,1831.0600036621088,1790.54,1765.9633341471354,-0.0021580044030392,0.006594919192016,0.0127359492030016,-0.0096654341975088,15.0,0.7344375000000001,0.0,0.0,0.0
1915.5999755859373,1943.0,1872.949951171875,1901.0,1868.889990234375,1864.0900024414063,1857.3300048828123,1841.0400024414064,1804.09,1773.9533325195312,0.0229353860101615,-0.0076216202610212,0.0143036253723491,-0.0222645776558944,15.0,0.7363937500000001,1.0,1.0,1.0
1907.5,1931.5,1865.0999755859373,1924.949951171875,1882.489990234375,1869.8099975585933,1863.3200032552083,1847.195001220703,1816.302001953125,1781.6099975585937,-0.0042284274844281,0.0091480740088467,0.0125819134993447,-0.0222280599811598,15.0,0.737371875,0.0,0.0,0.0
1936.699951171875,1943.800048828125,1907.0,1922.9000244140625,1901.82998046875,1874.394995117188,1871.0033365885413,1852.854998779297,1828.1960009765623,1791.183329264323,0.0153079691595674,-0.0071254851581228,0.0036660803610564,-0.0153353394540562,15.0,0.7378609375,1.0,1.0,1.0
1935.8499755859373,1952.0,1905.0,1937.0,1913.6599853515625,1881.789990234375,1875.810001627604,1861.417498779297,1839.2439990234373,1801.3716634114585,-0.0004388783019399,0.0005940669104351,0.0083426012437632,-0.0159361396673313,15.0,0.73810546875,0.0,0.0,0.0
1930.1500244140625,1955.0,1903.4000244140625,1940.0,1925.1599853515625,1889.5699951171875,1880.9333333333327,1869.270001220703,1849.88,1812.9766642252605,-0.0029444178235711,0.0051032176055474,0.012874634236518,-0.0138590263252311,15.0,0.7382277343750001,0.0,0.0,0.0
1923.949951171875,1965.5,1915.0,1931.199951171875,1926.82998046875,1897.8599853515625,1885.003328450521,1874.7049987792968,1858.197998046875,1824.5466634114584,-0.0032122234871715,0.0037682892923405,0.0215962212545171,-0.0046518627817857,15.0,0.7382888671875001,0.0,0.0,0.0
1899.0,1935.0,1887.0,1924.0,1925.12998046875,1903.8099853515623,1888.2499918619792,1878.7724975585936,1862.7819970703124,1834.439998372396,-0.012968087426951,0.0131648235913639,0.0189573459715639,-0.0063191153238546,15.0,0.7383194335937501,0.0,0.0,0.0
1934.0999755859373,1939.949951171875,1895.550048828125,1909.949951171875,1924.6099853515625,1913.219982910156,1891.1333251953124,1884.4049987792969,1867.20599609375,1844.264998372396,0.0184833994660018,-0.0124864405764475,0.0030246500490054,-0.0199317135848335,15.0,0.738334716796875,1.0,1.0,1.0
2061.449951171875,2072.0,1948.9000244140625,1953.0,1949.72998046875,1931.6949829101563,1904.4366536458333,1894.289996337891,1879.0799951171875,1857.658329264323,0.0658445670820903,-0.0526085783019977,0.0051177807261959,-0.0545974578203225,15.0,0.7383423583984375,1.0,1.0,1.0
2052.10009765625,2075.5,2029.550048828125,2069.0,1974.1199951171875,1949.639990234375,1917.753328450521,1904.229998779297,1890.24,1870.5866658528648,-0.0045355714361679,0.0082354181275328,0.0114029049413697,-0.0109887665099183,15.0,0.7383461791992187,0.0,0.0,0.0
1988.8499755859373,2052.050048828125,1985.0,2052.0,1987.1,1956.964990234375,1927.6066569010416,1910.5274963378904,1897.1839990234373,1879.6816650390624,-0.0308221427125079,0.0317520301627867,0.0317771948704015,-0.0019357797889221,15.0,0.7383480895996094,0.0,0.0,0.0
1976.5999755859373,2017.4000244140625,1961.3499755859373,1990.0,2002.6199951171875,1963.8749877929688,1936.7466552734368,1916.8424926757807,1903.5419970703124,1886.088330078125,-0.006159338386693,0.0067793304561234,0.020641530573747,-0.0077152687384199,15.0,0.7383490447998047,0.0,0.0,0.0
1890.699951171875,1997.300048828125,1881.5,1977.800048828125,1993.939990234375,1959.274987792969,1940.1266520182287,1916.834991455078,1906.3119970703128,1888.3283284505208,-0.0434584769174645,0.0460676468533594,0.0563812875703404,-0.0048658969743838,15.0,0.7383495223999024,0.0,0.0,0.0
1957.699951171875,1966.699951171875,1864.199951171875,1883.3499755859373,1973.189990234375,1961.4599853515624,1945.5266520182288,1921.6249877929688,1910.0699951171875,1894.7649943033853,0.0354366116942419,-0.0379782282476085,0.0045972315597253,-0.0477601278704793,15.0,0.7383497611999512,1.0,1.0,1.0
1971.699951171875,1985.0,1937.550048828125,1962.0,1957.1099609375,1965.614978027344,1952.12998046875,1927.5924865722657,1914.8059912109368,1901.384993489584,0.007151249092906,-0.0049195878744683,0.0067454730220082,-0.0173200300195032,15.0,0.7383498805999756,1.0,1.0,1.0
1983.699951171875,2005.0,1976.25,1987.300048828125,1956.0799560546875,1971.589978027344,1956.6699788411456,1934.7249816894528,1919.63798828125,1906.9999918619792,0.0060861187285965,0.0018148398169406,0.0107375355912782,-0.0037555836846565,15.0,0.7383500000000001,1.0,1.0,1.0
1983.699951171875,2005.0,1976.25,1987.300048828125,1956.0799560546875,1971.589978027344,1956.6699788411456,1934.7249816894528,1919.63798828125,1906.9999918619792,0.0060861187285965,0.0018148398169406,0.0107375355912782,-0.0037555836846565,15.0,0.7383500000000001,1.0,1.0,1.0
2005.3499755859373,2034.0,1985.800048828125,1985.800048828125,1961.8299560546875,1982.2249755859373,1963.193310546875,1943.01748046875,1925.8399853515623,1913.2566569010417,0.0109139612577359,-0.0097488852299211,0.0142867952042591,-0.0097488852299211,15.0,0.619175,1.0,1.0,1.0
1996.75,2012.800048828125,1993.050048828125,2001.199951171875,1983.0399658203123,1988.489978027344,1967.1966471354167,1950.85498046875,1930.075986328125,1919.099991861979,-0.0042885160648453,0.0022285970561537,0.008038086304307,-0.0018529866893076,15.0,0.5595875,0.0,0.0,0.0
2013.3499755859373,2018.449951171875,1981.050048828125,1991.0,1994.169970703125,1983.67998046875,1972.363313802084,1957.687481689453,1936.133984375,1924.086657714844,0.0083134972259609,-0.0111008894911244,0.0025330795181066,-0.0160428773683086,15.0,0.5297937500000001,1.0,1.0,1.0
2002.050048828125,2022.0,1995.0,2015.0,2000.239990234375,1978.674975585937,1977.156648763021,1964.157482910156,1942.1219873046875,1929.044991048177,-0.0056125000098524,0.0064683453740106,0.0099647614621585,-0.0035214148778406,15.0,0.514896875,0.0,0.0,0.0
2016.0,2028.0,1982.5,2007.949951171875,2006.7,1981.389978027344,1983.293318684896,1969.1774841308595,1949.1199853515625,1934.1483235677083,0.0069678333866031,-0.0039930797758556,0.0059523809523809,-0.0166170634920634,15.0,0.5074484375,1.0,1.0,1.0
2052.35009765625,2060.0,2007.1500244140625,2016.0,2016.1000244140623,1988.964990234375,1993.5166585286456,1976.419989013672,1957.6339892578128,1940.8833251953124,0.0180308024088541,-0.0177114507401837,0.0037273866444551,-0.0220235686366596,15.0,0.50372421875,1.0,1.0,1.0
2216.14990234375,2236.800048828125,2055.0,2063.949951171875,2059.9800048828124,2021.5099853515624,2012.3199869791667,1990.3924865722656,1972.6799853515624,1951.72665608724,0.0798108494620662,-0.0686776427040931,0.0093180278385212,-0.072716156146893,15.0,0.501862109375,1.0,1.0,1.0
2244.300048828125,2252.89990234375,2200.0,2210.0,2106.17001953125,2050.169995117188,2024.509993489584,2005.814990234375,1987.3839892578128,1964.4733235677083,0.0127022754438244,-0.0152831832116364,0.0038318644247747,-0.0197389154142988,15.0,0.5009310546875,1.0,1.0,1.0
2161.300048828125,2264.35009765625,2152.949951171875,2225.0,2138.02001953125,2069.1300048828125,2031.789990234375,2017.372491455078,1998.929990234375,1974.771659342448,-0.0369825772820969,0.0294729791018204,0.0476796587701924,-0.0038634606336948,15.0,0.5004655273437499,0.0,0.0,0.0
2241.0,2260.0,2180.0,2180.0,2183.02001953125,2094.860009765625,2048.599991861979,2033.2249938964844,2011.9459912109376,1988.1033243815104,0.0368759308616538,-0.0272199910754127,0.0084783578759481,-0.0272199910754127,15.0,0.500232763671875,1.0,1.0,1.0
2210.89990234375,2235.050048828125,2170.050048828125,2235.050048828125,2214.72998046875,2115.415002441406,2064.2199869791666,2048.819989013672,2024.081987304688,2000.483321126302,-0.0134315473700356,0.0109232202049371,0.0109232202049371,-0.0184765730335961,15.0,0.5001163818359375,0.0,0.0,0.0
2248.800048828125,2260.0,2211.0,2219.89990234375,2221.260009765625,2140.620007324219,2088.093326822917,2064.554992675781,2036.5659912109368,2014.109989420573,0.0171424072361654,-0.0128513633301614,0.0049804121881407,-0.0168089861292127,15.0,0.5000581909179688,1.0,1.0,1.0
2273.800048828125,2285.0,2232.050048828125,2250.0,2227.160009765625,2166.6650146484376,2109.1666666666665,2075.172497558594,2050.083994140625,2027.346659342448,0.0111170399578334,-0.0104670807973599,0.0049256535013477,-0.0183613330563157,15.0,0.5000290954589843,1.0,1.0,1.0
2311.35009765625,2331.699951171875,2279.25,2289.0,2257.17001953125,2197.59501953125,2131.810009765625,2088.1349975585936,2065.3319970703124,2041.969995117188,0.0165142264147094,-0.0096697154095839,0.0088043146454792,-0.0138880292037109,15.0,0.5000145477294922,1.0,1.0,1.0
2304.14990234375,2316.699951171875,2266.199951171875,2309.949951171875,2269.8,2226.410009765625,2153.17333984375,2103.8999938964844,2080.539995117188,2054.921659342448,-0.0031151469956027,0.0025172185291526,0.0054467154308663,-0.0164702613893622,15.0,0.5000072738647461,0.0,0.0,0.0
2318.89990234375,2327.35009765625,2274.050048828125,2290.0,2291.4,2253.064990234375,2174.076668294271,2121.014990234375,2097.3359912109377,2068.6349894205728,0.0064014932296707,-0.0124627640522734,0.0036440535031112,-0.0193410045299042,15.0,0.500003636932373,1.0,1.0,1.0
2315.60009765625,2323.0,2230.0,2314.949951171875,2304.760009765625,2263.010009765625,2195.3333414713543,2142.2599975585936,2112.59599609375,2081.2649943033853,-0.0014230043669262,-0.0002807680328883,0.0031956737051617,-0.0369667015228107,15.0,0.5000018184661865,0.0,0.0,0.0
2343.39990234375,2357.199951171875,2305.75,2331.89990234375,2318.67998046875,2272.919995117188,2217.336669921875,2161.544995117188,2123.873994140625,2094.849991861979,0.012005442872298,-0.0049073997094982,0.0058889004878437,-0.0160663582455963,15.0,0.5000009092330933,1.0,1.0,1.0
2268.949951171875,2334.75,2254.0,2324.949951171875,2310.199951171875,2283.6849853515623,2235.129996744792,2176.4074951171874,2132.54798828125,2106.1433227539064,-0.0317700581524365,0.024681020386138,0.0290002204738542,-0.006588929457943,15.0,0.5000004546165466,0.0,0.0,0.0
2266.39990234375,2282.449951171875,2223.35009765625,2251.0,2302.649951171875,2286.224975585937,2251.8233235677085,2190.542492675781,2143.6499853515625,2117.558321126302,-0.001123889412725,-0.0067948742531379,0.0070817373454381,-0.0189947963918375,15.0,0.5000002273082733,0.0,0.0,0.0
2326.89990234375,2334.89990234375,2266.39990234375,2267.050048828125,2304.249951171875,2297.8249755859374,2270.126643880208,2206.619989013672,2157.661982421875,2131.821651204427,0.0266943181286917,-0.0257208543673673,0.0034380507695848,-0.0260002589449859,15.0,0.5000001136541367,1.0,1.0,1.0
2430.39990234375,2444.0,2333.0,2335.10009765625,2327.209912109375,2315.9849609375,2284.409977213542,2228.30248413086,2179.24998046875,2148.364982096354,0.0444797818315048,-0.0392115736161764,0.0055958271077671,-0.040075669131579,15.0,0.5000000568270684,1.0,1.0,1.0
2373.14990234375,2453.699951171875,2336.550048828125,2453.699951171875,2333.159912109375,2325.9199462890624,2292.999967447917,2246.29248046875,2195.867978515625,2158.75498046875,-0.0235557942315546,0.0339422506553728,0.0339422506553728,-0.0154224785714035,15.0,0.5000000284135342,0.0,0.0,0.0
2377.14990234375,2409.35009765625,2361.25,2373.14990234375,2354.79990234375,2332.4999267578123,2307.389957682292,2265.047473144531,2212.0859765625,2169.5899739583333,0.0016855235297397,-0.0016826873206675,0.0135457150938407,-0.0066886410184202,15.0,0.5000000142067671,1.0,1.0,1.0
2355.10009765625,2377.0,2330.050048828125,2376.0,2372.53994140625,2337.5949462890626,2314.996630859375,2282.002478027344,2226.941982421875,2181.798311360677,-0.0092757316927131,0.0088743159428974,0.0092989263452303,-0.0106365113113682,15.0,0.5000000071033835,0.0,0.0,0.0
2375.550048828125,2413.75,2357.199951171875,2364.0,2382.269970703125,2343.2599609375,2325.9733072916665,2298.162475585937,2241.7499853515624,2195.096647135417,0.0086832619947773,-0.0048620524050093,0.0160804657391744,-0.0077245679017801,15.0,0.5000000035516918,1.0,1.0,1.0
2322.85009765625,2390.550048828125,2316.10009765625,2375.75,2360.760009765625,2343.9849609375,2330.909977213542,2303.4974853515623,2254.7939892578124,2209.5016520182294,-0.0221843152485346,0.0227737047677445,0.0291452088278034,-0.0029059128726433,15.0,0.5000000017758459,0.0,0.0,0.0
2300.39990234375,2352.0,2281.5,2344.0,2346.210009765625,2339.6849609375,2332.68330078125,2306.302478027344,2266.275986328125,2220.924983723958,-0.0096649350447332,0.0189532687824531,0.0224309249899017,-0.0082159203382393,15.0,0.500000000887923,0.0,0.0,0.0
2294.60009765625,2379.800048828125,2290.0,2347.949951171875,2329.700048828125,2342.2499755859376,2331.5666341145834,2312.96748046875,2277.97798828125,2231.6883219401043,-0.0025212158466842,0.0232501748649438,0.0371306317204902,-0.0020047491765334,15.0,0.5000000004439615,0.0,0.0,0.0
2216.75,2305.10009765625,2208.949951171875,2300.0,2302.030029296875,2337.2849853515627,2325.7399739583334,2311.75498046875,2286.00798828125,2239.4566569010417,-0.0339275230292928,0.0375549791361227,0.0398556885784369,-0.0035186867387504,15.0,0.5000000002219808,0.0,0.0,0.0
2256.800048828125,2265.449951171875,2175.35009765625,2232.0,2278.280029296875,2330.275,2321.5999837239583,2314.0499877929688,2294.185986328125,2247.8383260091146,0.0180670119896808,-0.0109890323872523,0.0038328173327724,-0.0360909027869655,15.0,0.5000000001109903,1.0,1.0,1.0
2259.14990234375,2297.35009765625,2233.39990234375,2275.0,2265.539990234375,2313.15,2317.836637369792,2314.56748046875,2295.905986328125,2256.584989420573,0.0010412324817367,0.0070159565949148,0.0169091016372437,-0.0113980926955248,15.0,0.5000000000554952,1.0,1.0,1.0
2279.14990234375,2285.949951171875,2217.449951171875,2271.800048828125,2261.289990234375,2303.75,2313.5533040364585,2314.8349731445314,2297.29998046875,2265.4449869791665,0.0088528875305047,-0.0032248223375157,0.0029835899872721,-0.0270714756885566,15.0,0.5000000000277476,1.0,1.0,1.0
2314.14990234375,2329.050048828125,2246.25,2253.050048828125,2265.199951171875,2297.45,2316.5666341145834,2314.974963378906,2303.413974609375,2275.848315429688,0.0153566029000584,-0.026402720693998,0.0064387127511853,-0.0293411858389042,15.0,0.5,1.0,1.0,1.0
2314.14990234375,2329.050048828125,2246.25,2253.050048828125,2265.199951171875,2297.45,2316.5666341145834,2314.974963378906,2303.413974609375,2275.848315429688,0.0153566029000584,-0.026402720693998,0.0064387127511853,-0.0293411858389042,15.0,0.5,1.0,1.0,1.0
2283.60009765625,2356.699951171875,2277.800048828125,2328.5,2278.569970703125,2290.3,2317.713313802083,2313.947473144531,2305.117978515625,2284.768318684896,-0.0132013075974721,0.0196618936870043,0.0320107945303778,-0.0025398706341263,15.0,0.5,0.0,0.0,0.0
2302.89990234375,2324.0,2281.89990234375,2290.0,2287.78994140625,2283.0349853515627,2316.113313802083,2313.1474731445314,2308.797978515625,2293.119978841146,0.0084514818103695,-0.0056015905557255,0.0091624032962855,-0.0091189373791833,15.0,0.5,1.0,1.0,1.0
2280.14990234375,2308.10009765625,2270.0,2302.89990234375,2291.98994140625,2278.7649658203127,2306.096647135417,2311.374963378906,2310.05197265625,2295.253312174479,-0.0098788488274485,0.0099774141939594,0.0122580516674672,-0.0044514188884322,15.0,0.5,0.0,0.0,0.0
2299.39990234375,2338.39990234375,2269.050048828125,2280.14990234375,2296.03994140625,2278.6649658203123,2301.17998046875,2309.1749633789063,2311.075966796875,2297.0899739583333,0.0084424273948888,-0.0083717495075035,0.0169609470541629,-0.0131990322712851,15.0,0.5,1.0,1.0,1.0
2343.35009765625,2369.0,2301.35009765625,2309.5,2301.87998046875,2283.5399658203123,2298.92666015625,2312.894970703125,2312.355966796875,2303.158308919271,0.0191137675824471,-0.0144451730409834,0.0109458259648886,-0.017923058121792,15.0,0.5,1.0,1.0,1.0
2387.39990234375,2392.949951171875,2330.0,2346.449951171875,2322.63994140625,2300.604956054688,2301.07998046875,2318.944970703125,2315.685966796875,2308.0383056640626,0.0187977907063726,-0.0171525311413783,0.0023247252471931,-0.024042851927488,15.0,0.5,1.0,1.0,1.0
2468.85009765625,2483.60009765625,2396.550048828125,2429.0,2355.82998046875,2321.8099609375,2307.299983723958,2326.04248046875,2321.683974609375,2316.6366455078123,0.0341166954193719,-0.0161411572513376,0.0059744413052873,-0.0292849083452906,15.0,0.5,1.0,1.0,1.0
2462.60009765625,2490.0,2396.050048828125,2477.89990234375,2392.32001953125,2342.15498046875,2316.616650390625,2327.652490234375,2327.563974609375,2323.763313802084,-0.0025315429259691,0.006212866109305,0.0111264116207205,-0.0270243020340424,15.0,0.5,0.0,0.0,0.0
2493.050048828125,2513.85009765625,2460.75,2472.85009765625,2431.050048828125,2363.544995117188,2329.459993489583,2333.647497558594,2333.54998046875,2331.0716471354167,0.0123649597841141,-0.0081025052751628,0.0083432135018317,-0.0129560370612326,15.0,0.5,1.0,1.0,1.0
2353.550048828125,2499.199951171875,2340.699951171875,2480.050048828125,2433.0900390625,2367.485009765625,2333.389990234375,2332.4675048828126,2336.933984375,2332.478312174479,-0.0559555553509938,0.0537485914365776,0.0618851944177993,-0.0054598786470031,15.0,0.5,0.0,0.0,0.0
2398.050048828125,2406.699951171875,2336.0,2365.0,2435.220068359375,2378.9300048828127,2345.47666015625,2334.6150024414064,2342.199990234375,2335.6083170572915,0.0189076072642505,-0.013782051314682,0.0036070566366941,-0.0258752100934872,15.0,0.5,1.0,1.0,1.0
2428.050048828125,2436.0,2392.10009765625,2400.0,2427.06005859375,2391.44501953125,2356.8933268229166,2337.2400024414064,2346.24599609375,2339.2466552734377,0.0125101642539363,-0.0115525002631898,0.0032742122328623,-0.0148060997297917,15.0,0.5,1.0,1.0,1.0
2492.050048828125,2541.300048828125,2467.050048828125,2484.0,2432.950048828125,2412.6350341796874,2372.4200032552085,2345.7,2348.712001953125,2345.1283203125,0.0263585999929816,-0.0032302917960698,0.019762845462578,-0.0100319012500396,15.0,0.5,1.0,1.0,1.0
2492.050048828125,2541.300048828125,2467.050048828125,2484.0,2432.950048828125,2412.6350341796874,2372.4200032552085,2345.7,2348.712001953125,2345.1283203125,0.0263585999929816,-0.0032302917960698,0.019762845462578,-0.0100319012500396,15.0,0.5,1.0,1.0,1.0
2485.85009765625,2524.35009765625,2477.60009765625,2502.64990234375,2431.51005859375,2431.2800537109374,2386.200016276042,2354.972509765625,2353.220009765625,2349.87666015625,-0.0024878919164526,0.0067581728694499,0.0154876595480553,-0.0033187841888689,15.0,0.62765,0.0,0.0,0.0
2460.39990234375,2507.85009765625,2403.10009765625,2484.0,2452.880029296875,2442.985034179688,2395.950016276042,2363.2625,2356.550009765625,2356.2583251953124,-0.010238024946273,0.009591976342451,0.0192855621833261,-0.0232888176563967,15.0,0.6914750000000001,0.0,0.0,0.0
2465.449951171875,2481.949951171875,2440.0,2457.199951171875,2466.360009765625,2450.7900390625,2408.07333984375,2375.6974975585936,2360.96400390625,2362.8933268229166,0.0020525317137731,-0.0033462451736562,0.0066924903473124,-0.0103226395489303,15.0,0.7233875000000001,1.0,1.0,1.0
2421.14990234375,2497.0,2407.10009765625,2470.14990234375,2464.97998046875,2446.02001953125,2415.956673177084,2383.914990234375,2362.787998046875,2366.0349934895835,-0.0179683423738001,0.0202383173187941,0.0313281294903817,-0.0058029470516878,15.0,0.7393437500000001,0.0,0.0,0.0
2319.199951171875,2439.949951171875,2314.0,2438.89990234375,2430.4099609375,2431.6800048828127,2418.560009765625,2386.917492675781,2362.6419921875,2362.328328450521,-0.0421080706622849,0.0516126050758976,0.0520653684642351,-0.0022421314597076,15.0,0.7473218750000001,0.0,0.0,0.0
2205.25,2342.35009765625,2181.14990234375,2319.199951171875,2374.28994140625,2402.9,2412.283349609375,2383.2224975585937,2358.83599609375,2356.7316650390626,-0.0491333018156959,0.051672123873427,0.0621698662991725,-0.0109285104438272,15.0,0.7513109375000001,0.0,0.0,0.0
2169.0,2211.89990234375,2126.14990234375,2173.0,2316.0099609375,2384.444995117188,2400.660009765625,2375.9650024414063,2353.8119921875,2349.793334960937,-0.0164380455730642,0.0018441678192715,0.0197786548380589,-0.0197556927875749,15.0,0.75330546875,0.0,0.0,0.0
2218.25,2234.199951171875,2157.949951171875,2169.0,2266.569970703125,2366.464990234375,2389.383349609375,2372.6974975585936,2353.8719921875,2345.2316650390626,0.022706316274781,-0.0222021864082047,0.0071903307435479,-0.0271836126803223,15.0,0.7543027343750001,1.0,1.0,1.0
2162.949951171875,2220.0,2132.0,2220.0,2214.92998046875,2339.95498046875,2368.9900065104166,2365.7,2350.11798828125,2338.144995117188,-0.0249295836033472,0.0263760374100268,0.0263760374100268,-0.0143091388476679,15.0,0.7548013671875,0.0,0.0,0.0
2135.550048828125,2176.14990234375,2097.050048828125,2176.14990234375,2178.2,2304.30498046875,2347.186669921875,2358.470007324219,2345.173994140625,2331.90166015625,-0.012667839276126,0.0190114268396117,0.0190114268396117,-0.0180281422208422,15.0,0.75505068359375,0.0,0.0,0.0
2139.89990234375,2158.5,2103.050048828125,2136.0,2165.12998046875,2269.7099609375,2323.6433268229166,2350.495007324219,2339.603994140625,2326.55166015625,0.0020368773459615,-0.0018224695180735,0.0086920409855983,-0.0172203631932805,15.0,0.7551753417968751,1.0,1.0,1.0
2223.550048828125,2230.0,2151.64990234375,2170.0,2176.039990234375,2246.0249755859377,2314.97666015625,2344.5050048828125,2335.98,2324.1833251953126,0.0390906819486071,-0.0240831317722519,0.0029007447686073,-0.032335744600068,15.0,0.7552376708984376,1.0,1.0,1.0
2246.449951171875,2256.550048828125,2210.0,2238.89990234375,2181.67998046875,2224.1249755859376,2304.8699869791667,2337.4575073242186,2334.493994140625,2325.1733235677084,0.0102988022940247,-0.0033608800517396,0.004496026119336,-0.0162255790087202,15.0,0.7552688354492189,1.0,1.0,1.0
2272.5,2279.85009765625,2201.60009765625,2201.60009765625,2203.589990234375,2209.2599853515626,2294.4999837239584,2327.640002441406,2333.277998046875,2325.696655273437,0.0115960957930693,-0.0311990769389438,0.0032343664053904,-0.0311990769389438,15.0,0.7552844177246094,1.0,1.0,1.0
2277.0,2291.0,2260.0,2276.949951171875,2231.87998046875,2205.039990234375,2280.1633138020834,2318.359997558594,2333.152001953125,2326.2916585286457,0.0019801980198019,-2.198016167109796e-05,0.0061484409310497,-0.0074659639877031,15.0,0.7552922088623047,1.0,1.0,1.0
2300.10009765625,2315.0,2248.39990234375,2277.10009765625,2263.92001953125,2214.525,2267.77998046875,2308.7125,2333.180009765625,2326.989998372396,0.0101449704243522,-0.0099995648117385,0.0064779364858653,-0.0224773675568212,15.0,0.7552961044311524,1.0,1.0,1.0
2389.699951171875,2414.89990234375,2288.0,2299.949951171875,2297.15,2236.5949951171874,2263.066650390625,2310.519995117188,2335.03400390625,2329.508333333333,0.0389547627109468,-0.037557016292354,0.0105452365095113,-0.0425576236556404,15.0,0.7552980522155762,1.0,1.0,1.0
2497.75,2508.75,2396.699951171875,2413.60009765625,2347.410009765625,2264.544995117188,2265.2199869791666,2315.504992675781,2339.4480078125,2336.646663411458,0.0452149018855437,-0.0336902821914723,0.0044039635672104,-0.0404564303185366,15.0,0.7552990261077881,1.0,1.0,1.0
2401.75,2473.75,2396.949951171875,2465.199951171875,2373.260009765625,2288.425,2263.92666015625,2314.189990234375,2336.76400390625,2339.9416666666666,-0.0384345911320188,0.0264182163721764,0.0299781409388986,-0.0019985630594878,15.0,0.7552995130538941,0.0,0.0,0.0
2409.60009765625,2426.0,2401.5,2425.0,2399.780029296875,2315.8300048828123,2269.953336588542,2310.067492675781,2334.64400390625,2344.2566731770835,0.003268490748933,0.006391061470627,0.0068060680939139,-0.003361594176614,15.0,0.755299756526947,1.0,1.0,1.0
2500.35009765625,2515.0,2400.0,2408.89990234375,2439.830029296875,2351.8750244140624,2289.626676432292,2310.792492675781,2334.936005859375,2350.955013020833,0.0376618510632822,-0.0365749562024224,0.0058591404289671,-0.0401344186761346,15.0,0.7552998782634736,1.0,1.0,1.0
2588.60009765625,2692.0,2526.050048828125,2552.0,2479.61005859375,2388.380029296875,2317.600016276041,2317.202502441406,2344.3380078125,2359.1300130208333,0.0352950573132629,-0.0141389539811066,0.0399443322425003,-0.0241636585290863,15.0,0.7552999391317368,1.0,1.0,1.0
2704.5,2791.800048828125,2644.449951171875,2663.949951171875,2520.96005859375,2434.185034179688,2350.0166829427085,2329.1550048828126,2356.596005859375,2369.700016276042,0.0447731970838937,-0.0149935473574135,0.0322795521642169,-0.0222037525709465,15.0,0.7553000000000001,1.0,1.0,1.0
2704.5,2791.800048828125,2644.449951171875,2663.949951171875,2520.96005859375,2434.185034179688,2350.0166829427085,2329.1550048828126,2356.596005859375,2369.700016276042,0.0447731970838937,-0.0149935473574135,0.0322795521642169,-0.0222037525709465,15.0,0.7553000000000001,1.0,1.0,1.0
2656.199951171875,2723.89990234375,2650.550048828125,2715.75,2571.850048828125,2472.555029296875,2382.9000162760417,2340.907507324219,2365.722001953125,2375.9450113932294,-0.017859141737151,0.022419264333565,0.0254875206747922,-0.0021270621367406,15.0,0.6341000000000001,0.0,0.0,0.0
2671.5,2697.35009765625,2657.199951171875,2670.0,2624.230029296875,2512.005029296875,2418.6300130208333,2358.522509765625,2372.9,2382.908341471354,0.005760126914156,-0.0005614823133071,0.009676248420831,-0.005352816330947,15.0,0.5735000000000001,1.0,1.0,1.0
2652.300048828125,2668.0,2605.949951171875,2636.0,2654.62001953125,2547.2250244140623,2452.7900227864584,2380.8750122070314,2379.557998046875,2388.2166748046875,-0.0071869553329122,-0.006145627767615,0.0059193721987871,-0.0174754352082936,15.0,0.5432000000000001,0.0,0.0,0.0
2606.89990234375,2634.050048828125,2591.699951171875,2617.85009765625,2658.27998046875,2568.94501953125,2478.3466796875,2402.7700073242186,2385.417998046875,2396.661669921875,-0.01711727393152,0.0042004663480386,0.0104147253448303,-0.0058306616062279,15.0,0.5280500000000001,0.0,0.0,0.0
2537.60009765625,2636.85009765625,2527.75,2612.0,2624.9,2572.930029296875,2497.756689453125,2418.737512207031,2388.30400390625,2401.313338216146,-0.0265832242447036,0.0293190020021145,0.0391117576373314,-0.003881658763076,15.0,0.520475,0.0,0.0,0.0
2500.89990234375,2527.0,2477.0,2518.0,2593.839990234375,2582.84501953125,2512.983349609375,2435.635009765625,2391.49400390625,2403.741666666667,-0.0144625606479116,0.0068375778015843,0.0104362824085002,-0.0095565209632548,15.0,0.5166875,0.0,0.0,0.0
2503.25,2526.800048828125,2492.60009765625,2525.0,2560.189990234375,2592.210009765625,2528.066682942708,2454.0200073242186,2398.856005859375,2404.114998372396,0.0009397008069165,0.0086887046839108,0.0094077894050235,-0.0042544301782682,15.0,0.5147937499999999,1.0,1.0,1.0
2535.800048828125,2567.949951171875,2508.949951171875,2523.800048828125,2536.889990234375,2595.7550048828125,2543.7800130208334,2473.8150146484377,2412.0780078125,2405.779996744792,0.0130031154811245,-0.0047322343122224,0.0126784059171414,-0.0105884127846193,15.0,0.513846875,1.0,1.0,1.0
2551.35009765625,2566.0,2530.0,2548.0,2525.780029296875,2592.0300048828126,2554.556689453125,2490.205017089844,2427.37201171875,2408.811669921875,0.0061322062184323,-0.0013130685825232,0.0057420196300022,-0.0083681567950485,15.0,0.5133734375000001,1.0,1.0,1.0
2571.35009765625,2581.85009765625,2523.14990234375,2551.35009765625,2532.530029296875,2578.7150146484373,2559.4633626302084,2506.4500244140627,2441.496015625,2412.3416748046875,0.0078389869028059,-0.0077780151439625,0.0040834579505804,-0.018745092454129,15.0,0.51313671875,1.0,1.0,1.0
2634.800048828125,2644.35009765625,2555.0,2571.35009765625,2559.31005859375,2576.5750244140627,2575.000032552083,2524.5650268554687,2460.37001953125,2419.463346354167,0.0246757340549265,-0.0240815052360787,0.0036245819990676,-0.0302869467698763,15.0,0.513018359375,1.0,1.0,1.0
2628.0,2664.5,2582.14990234375,2650.0,2584.26005859375,2572.2250244140623,2589.560026041667,2542.115026855469,2480.068017578125,2429.7566813151043,-0.0025808595347299,0.0083713850837139,0.0138888888888888,-0.0174467647093797,15.0,0.5129591796874999,0.0,0.0,0.0
2647.60009765625,2680.10009765625,2636.0,2642.949951171875,2606.620068359375,2571.755029296875,2599.3766927083334,2559.490026855469,2500.376025390625,2444.5016845703126,0.0074581802344939,-0.0017563628617824,0.0122752677146258,-0.0043813632075776,15.0,0.51292958984375,1.0,1.0,1.0
2532.699951171875,2656.800048828125,2479.35009765625,2650.0,2602.8900390625,2564.335034179688,2595.6500162760417,2566.640026855469,2512.742021484375,2456.6250162760416,-0.0433978479552439,0.0463142303034556,0.04899913138105,-0.0210644192143408,15.0,0.5129,0.0,0.0,0.0
2569.699951171875,2585.0,2487.0,2550.0,2602.560009765625,2567.54501953125,2586.6633463541666,2570.2375244140626,2525.672021484375,2468.3400146484373,0.0146089156683878,-0.0076662456886809,0.0059540215273568,-0.0321827266775488,15.0,0.58045,1.0,1.0,1.0
2842.75,2850.0,2645.050048828125,2680.0,2644.15,2601.730029296875,2599.100016276041,2592.2875244140623,2548.482021484375,2491.0000162760416,0.1062575608111773,-0.0572509014158825,0.0025503473749011,-0.0695453174467944,15.0,0.648,1.0,1.0,1.0
2781.0,2912.449951171875,2764.10009765625,2834.0,2674.75,2629.505029296875,2606.4000162760417,2610.85751953125,2568.642021484375,2512.515014648437,-0.0217219241931228,0.0190578928443005,0.0472671525249459,-0.0060769156216289,15.0,0.624575,0.0,0.0,0.0
2813.35009765625,2837.14990234375,2738.050048828125,2755.0,2707.9,2657.2600341796874,2617.136686197917,2626.50751953125,2589.172021484375,2534.963354492188,0.0116325414082164,-0.0207404324491503,0.0084595958061981,-0.0267652607085254,15.0,0.6128625,1.0,1.0,1.0
2757.39990234375,2852.60009765625,2734.25,2813.35009765625,2752.839990234375,2677.8650146484374,2627.17001953125,2634.947509765625,2603.88001953125,2552.758349609375,-0.0198873916755369,0.0202909252535126,0.0345253494901414,-0.0083955549298717,15.0,0.60700625,0.0,0.0,0.0
2690.949951171875,2773.449951171875,2670.199951171875,2773.449951171875,2777.089990234375,2689.825,2637.393343098958,2634.2700073242186,2611.608017578125,2567.575016276042,-0.0240987718594584,0.0306583182507993,0.0306583182507993,-0.0077110315600494,15.0,0.604078125,0.0,0.0,0.0
2766.60009765625,2779.0,2626.14990234375,2690.0,2761.860009765625,2703.0050048828125,2655.106689453125,2639.7900146484376,2626.202021484375,2584.04501953125,0.0281128032319702,-0.0276874484755286,0.0044820002552066,-0.0507663523295194,15.0,0.6026140625,1.0,1.0,1.0
2822.300048828125,2844.0,2762.5,2777.60009765625,2770.12001953125,2722.435009765625,2676.3766927083334,2647.330017089844,2642.71001953125,2602.221687825521,0.020132996893574,-0.0158381286179813,0.0076887470490194,-0.0211884093801277,15.0,0.60188203125,1.0,1.0,1.0
2821.25,2871.89990234375,2776.64990234375,2809.5,2771.7,2739.8,2695.406689453125,2655.7775146484373,2655.546015625,2619.59335123698,-0.000372054285497,-0.0041648205582631,0.0179530003876826,-0.0158086300952592,15.0,0.6015160156249999,0.0,0.0,0.0
2860.0,2877.0,2816.199951171875,2834.449951171875,2792.22001953125,2772.5300048828126,2715.983349609375,2668.43251953125,2666.40201171875,2635.27001953125,0.0137350465219317,-0.0089335835063374,0.005944055944056,-0.0153147023874562,15.0,0.6013330078124999,1.0,1.0,1.0
2852.800048828125,2926.0,2830.25,2900.0,2824.5900390625,2800.8400146484373,2734.7466796875,2684.192517089844,2672.334013671875,2647.105021158854,-0.0025174654447115,0.0165451312268674,0.0256589841275221,-0.007904531843158,15.0,0.60124150390625,0.0,0.0,0.0
2788.85009765625,2868.949951171875,2780.39990234375,2863.89990234375,2829.0400390625,2795.4500244140627,2745.0166829427085,2698.5900268554688,2677.64001953125,2660.008357747396,-0.0224165556917122,0.0269106628393442,0.0287214625063358,-0.0030299926552529,15.0,0.601195751953125,0.0,0.0,0.0
2813.35009765625,2837.949951171875,2780.0,2790.0,2827.250048828125,2798.685034179688,2757.373356119792,2714.095031738281,2683.3140234375,2673.466691080729,0.0087849827499118,-0.0082997482878872,0.0087439716571779,-0.0118542294768195,15.0,0.6011728759765624,1.0,1.0,1.0
2814.75,2861.550048828125,2724.0,2824.0,2825.950048828125,2798.8250244140627,2768.5166829427085,2728.042529296875,2689.812021484375,2683.9466878255207,0.0004975926547201,0.0032862598809841,0.0166267159883204,-0.0322408739674926,15.0,0.6011614379882813,1.0,1.0,1.0
2737.0,2783.949951171875,2658.050048828125,2743.25,2801.350048828125,2796.7850341796875,2782.136686197917,2737.3250244140627,2695.016025390625,2688.893351236979,-0.0276223465671906,0.0022835221044938,0.0171538002089421,-0.0288454333839514,15.0,0.6011557189941406,0.0,0.0,0.0
2843.300048828125,2889.0,2740.300048828125,2750.0,2799.450048828125,2812.0200439453124,2800.3766927083334,2750.9225219726563,2707.2440234375,2693.52001953125,0.0388381617932499,-0.0328140003608057,0.0160728556209572,-0.0362255119864861,15.0,0.6011528594970703,1.0,1.0,1.0
2775.25,2851.949951171875,2757.0,2843.75,2796.730029296875,2812.8850341796874,2795.8766927083334,2757.94501953125,2718.21802734375,2697.488354492188,-0.0239334743641185,0.0246824610395459,0.0276371322121879,-0.0065759841455724,15.0,0.6011514297485352,0.0,0.0,0.0
2758.35009765625,2772.0,2712.14990234375,2772.0,2785.730029296875,2806.4900390625,2794.36669921875,2764.4625244140625,2728.42203125,2700.383357747396,-0.0060895062944779,0.0049485750033499,0.0049485750033499,-0.0167492137244492,15.0,0.6011507148742676,0.0,0.0,0.0
2721.75,2775.0,2707.949951171875,2760.0,2767.130029296875,2796.5400390625,2788.2600260416666,2768.17001953125,2735.860029296875,2702.698356119792,-0.0132688369352928,0.0140534582529623,0.0195646183521631,-0.005070285231239,15.0,0.6011503574371337,0.0,0.0,0.0
2778.699951171875,2787.0,2735.0,2735.0,2775.47001953125,2788.4100341796875,2789.680029296875,2780.47001953125,2744.9540234375,2708.4250244140626,0.020924019903325,-0.0157267614135326,0.0029870259380198,-0.0157267614135326,15.0,0.6011501787185669,1.0,1.0,1.0
2964.75,3007.199951171875,2835.14990234375,2855.0,2799.760009765625,2799.605029296875,2807.9333658854166,2800.222521972656,2760.69001953125,2722.6633544921874,0.0669557894329904,-0.0370182983388144,0.0143182228423559,-0.0437136681528796,15.0,0.6011500893592834,1.0,1.0,1.0
2583.949951171875,2949.949951171875,2533.14990234375,2949.949951171875,2761.5,2779.1150146484374,2795.756689453125,2787.28251953125,2758.656015625,2725.431689453125,-0.1284425495667847,0.1416436103315435,0.1416436103315435,-0.0196598424071976,15.0,0.6011500446796416,0.0,0.0,0.0
2668.199951171875,2682.699951171875,2492.10009765625,2615.0,2743.469970703125,2764.6,2785.483349609375,2781.642517089844,2760.264013671875,2730.9300211588543,0.0326051206842419,-0.0199385174070292,0.0054343753336896,-0.0659994965663206,15.0,0.6011500223398207,1.0,1.0,1.0
2796.39990234375,2825.89990234375,2690.0,2690.0,2758.399951171875,2762.764990234375,2783.826676432292,2780.7950073242187,2766.216005859375,2739.6166829427084,0.048047355339906,-0.0380488864466677,0.0105492780110867,-0.0380488864466677,15.0,0.6011500111699104,1.0,1.0,1.0
2873.550048828125,2880.0,2780.60009765625,2796.39990234375,2777.369970703125,2776.419995117188,2784.730013020833,2786.6025146484376,2779.850009765625,2750.356681315104,0.0275890964020249,-0.0268483740228704,0.0022445932948012,-0.0323467312531345,15.0,0.6011500055849552,1.0,1.0,1.0
2845.39990234375,2935.0,2812.0,2900.0,2753.499951171875,2776.62998046875,2784.236669921875,2794.3250122070312,2790.8780078125,2759.491674804688,-0.009796295873063,0.0191889012195705,0.0314894569239447,-0.0117382102657129,15.0,0.6011500027924777,0.0,0.0,0.0
2855.949951171875,2906.35009765625,2837.449951171875,2845.39990234375,2807.899951171875,2784.6999755859374,2788.709993489583,2798.7925048828124,2791.406005859375,2766.8633382161456,0.0037077560941205,-0.0036940594227836,0.0176474193687092,-0.0064777045523535,15.0,0.6011500013962388,1.0,1.0,1.0
2928.199951171875,2943.800048828125,2830.0,2830.0,2859.899951171875,2801.6849609375,2796.366650390625,2804.0875,2797.29400390625,2776.8700032552083,0.0252980623733808,-0.033535944542508,0.0053275383909512,-0.033535944542508,15.0,0.6011500006981194,1.0,1.0,1.0
3030.75,3047.949951171875,2935.0,2955.0,2906.769970703125,2832.5849609375,2810.766650390625,2814.5625,2805.99,2789.641666666667,0.0350215321829659,-0.0249938134125216,0.0056751468025653,-0.0315928400560917,15.0,0.6011500003490597,1.0,1.0,1.0
2998.5,3057.85009765625,2975.64990234375,3044.949951171875,2931.7599609375,2854.5649658203124,2828.199983723958,2821.4875,2815.63400390625,2805.168334960937,-0.0106409304627567,0.015491062588586,0.019793262516675,-0.0076205094734866,15.0,0.6011500001745298,0.0,0.0,0.0
3088.89990234375,3095.0,2985.0,3006.300048828125,2980.4599609375,2866.979956054688,2844.573307291667,2833.292492675781,2831.552001953125,2822.475,0.0301483749687343,-0.026740864426507,0.0019748447178951,-0.0336365391008346,15.0,0.6011500000872649,1.0,1.0,1.0
3000.800048828125,3098.0,2985.0,3097.0,3009.42998046875,2908.6649658203123,2859.6099772135417,2843.889990234375,2840.92,2827.7433349609373,-0.0285214336174435,0.0320581010419014,0.0323913455046209,-0.0052652787826683,15.0,0.6011500000436325,0.0,0.0,0.0
3010.60009765625,3051.0,2982.050048828125,3000.75,3025.910009765625,2942.90498046875,2876.4266438802083,2853.752490234375,2848.452001953125,2835.3966715494794,0.0032658120063521,-0.0032718053998331,0.0134192191035937,-0.0094831754142142,15.0,0.6011500000218162,1.0,1.0,1.0
3007.300048828125,3039.0,2995.0,3019.949951171875,3021.22001953125,2963.9949951171875,2895.463313802083,2863.379992675781,2855.89400390625,2841.861669921875,-0.0010961432010495,0.0042063984764937,0.0105410004512944,-0.0040900637210836,15.0,0.601150000010908,0.0,0.0,0.0
3111.25,3122.550048828125,2956.5,2972.14990234375,3043.77001953125,2987.764990234375,2917.633317057292,2882.092492675781,2865.94400390625,2853.656673177083,0.0345658728707106,-0.0447087497488951,0.0036319964092004,-0.0497388509441543,15.0,0.6011500000054539,1.0,1.0,1.0
3077.199951171875,3111.949951171875,3035.0,3105.5,3041.430029296875,3010.944995117188,2925.12998046875,2893.787487792969,2874.92,2866.531673177083,-0.0109441699728806,0.009196688313136,0.0112927338331609,-0.0137137501109748,15.0,0.601150000002727,0.0,0.0,0.0
3066.550048828125,3100.25,3049.75,3085.0,3054.580029296875,3032.0050048828125,2957.3033203125,2908.352490234375,2886.027998046875,2876.5300048828126,-0.0034609068350252,0.0060165172190571,0.0109895324176279,-0.00547848512518,15.0,0.60115,0.0,0.0,0.0
3110.64990234375,3126.0,3026.050048828125,3030.0,3074.589990234375,3050.25,2986.799983723958,2925.96748046875,2897.919990234375,2886.141666666667,0.014380933887734,-0.0259270264657502,0.004934691507612,-0.0271968418727811,15.0,0.550575,1.0,1.0,1.0
3207.89990234375,3220.0,3087.699951171875,3131.0,3114.7099609375,3067.964990234375,3014.2333170572915,2950.2749755859377,2913.645986328125,2899.029996744792,0.0312635632594738,-0.0239720392421114,0.0037719685852446,-0.0374699818669699,15.0,0.5252875,1.0,1.0,1.0
3161.64990234375,3290.0,3154.050048828125,3290.0,3124.78994140625,3084.27998046875,3033.439973958333,2969.422473144531,2930.631982421875,2909.084993489583,-0.0144175321574743,0.0405959235274921,0.0405959235274921,-0.0024037618807797,15.0,0.5126437500000001,0.0,0.0,0.0
3301.10009765625,3339.949951171875,3171.10009765625,3194.89990234375,3169.569970703125,3105.5,3063.8199869791665,2986.239978027344,2948.943984375,2924.028328450521,0.0441067795675684,-0.0321711526978236,0.0117687596153803,-0.0393808112914536,15.0,0.506321875,1.0,1.0,1.0
3330.64990234375,3345.0,3271.449951171875,3310.0,3222.38994140625,3138.4849853515625,3095.466650390625,3023.5749755859374,2971.15998046875,2942.0883219401044,0.0089515021699826,-0.006199961854057,0.0043084977638003,-0.0177742941791079,15.0,0.5031609375,1.0,1.0,1.0
3306.25,3358.050048828125,3296.60009765625,3330.0,3261.5099609375,3168.0499755859373,3120.669986979167,3055.477478027344,2993.0759765625,2958.518318684896,-0.0073258682416846,0.0071833648393193,0.0156673115548204,-0.0029186850189035,15.0,0.5015804687500001,0.0,0.0,0.0
3281.699951171875,3308.0,3228.050048828125,3308.0,3276.269970703125,3195.4899658203126,3137.3999837239585,3079.74248046875,3015.473974609375,2974.083317057292,-0.0074253455812854,0.0080141540114699,0.0080141540114699,-0.0163482046323558,15.0,0.500790234375,0.0,0.0,0.0
3312.0,3325.0,3254.800048828125,3298.0,3306.339990234375,3215.5649658203124,3158.299983723958,3101.664978027344,3036.8059765625,2993.2499837239584,0.0092330344879046,-0.0042270531400966,0.0039251207729469,-0.0172705166581748,15.0,0.5003951171875001,1.0,1.0,1.0
3268.89990234375,3316.35009765625,3246.10009765625,3312.0,3299.899951171875,3234.7349609375,3170.299983723958,3122.839978027344,3048.97197265625,3007.4366455078125,-0.0130133145097373,0.0131848936779459,0.0145156464651852,-0.0069747637947411,15.0,0.50019755859375,0.0,0.0,0.0
3313.89990234375,3324.0,3220.0,3271.25,3296.549951171875,3259.4699462890626,3191.173307291667,3145.7374755859373,3078.169970703125,3025.391642252604,0.0137660990988851,-0.012870003198825,0.0030477980487904,-0.0283351655484039,15.0,0.500098779296875,1.0,1.0,1.0
3294.10009765625,3332.0,3263.050048828125,3326.64990234375,3294.119970703125,3277.8149658203124,3210.073307291667,3164.0324829101564,3103.2059765625,3043.2499755859376,-0.0059747745167247,0.0098812433510018,0.0115053887921365,-0.0094259578967309,15.0,0.5000493896484375,0.0,0.0,0.0
3262.0,3319.60009765625,3245.0,3294.10009765625,3290.17998046875,3283.224975585937,3227.0533040364585,3175.5949829101564,3121.82998046875,3061.258308919271,-0.0097447244177823,0.0098406185334918,0.0176579085396229,-0.005211526670754,15.0,0.5,0.0,0.0,0.0
3301.39990234375,3319.60009765625,3202.050048828125,3279.0,3288.0599609375,3297.1999755859374,3239.7299641927084,3190.739978027344,3138.943974609375,3078.681640625,0.0120784495229153,-0.0067849709233491,0.0055128720696875,-0.0300932502739501,15.0,0.5,1.0,1.0,1.0
3381.39990234375,3402.699951171875,3297.39990234375,3314.800048828125,3310.5599609375,3305.229956054688,3260.0099609375,3205.364978027344,3160.383974609375,3092.569970703125,0.0242321446557279,-0.0196959411601871,0.006299180648039,-0.0248417822280579,15.0,0.5,1.0,1.0,1.0
3362.64990234375,3385.0,3308.14990234375,3381.39990234375,3320.3099609375,3308.4299560546874,3279.749951171875,3223.457470703125,3180.65197265625,3118.5266357421874,-0.0055450406759058,0.0055759595986877,0.006646572883092,-0.0162074559001856,15.0,0.5,0.0,0.0,0.0
3245.75,3372.64990234375,3240.0,3364.449951171875,3310.63994140625,3302.379956054688,3288.756624348958,3235.2149658203125,3193.353974609375,3137.7783040364584,-0.0347642204031622,0.036570885364515,0.0390972509724254,-0.0017715474081491,15.0,0.5,0.0,0.0,0.0
3242.10009765625,3319.89990234375,3172.0,3240.0,3306.6599609375,3298.419970703125,3291.036637369792,3246.954968261719,3201.807978515625,3152.634977213542,-0.0011245173977509,-0.0006477584260178,0.0239967312371824,-0.0216218178170767,15.0,0.5,0.0,0.0,0.0
3151.75,3315.89990234375,3068.050048828125,3267.89990234375,3276.72998046875,3282.394970703125,3290.376643880208,3248.9799682617186,3207.937978515625,3161.908308919271,-0.027867769326914,0.0368525112536686,0.0520821455838027,-0.0265566593707861,15.0,0.5,0.0,0.0,0.0
3124.64990234375,3199.949951171875,3077.300048828125,3130.050048828125,3225.37998046875,3267.969970703125,3278.6132975260416,3251.3524658203123,3209.367978515625,3171.2166422526043,-0.0085984287003252,0.0017282404919425,0.0240987154342133,-0.015153650807442,15.0,0.5,0.0,0.0,0.0
3099.14990234375,3125.0,3063.25,3100.0,3172.67998046875,3246.494970703125,3263.179964192708,3252.982458496094,3213.30197265625,3179.323307291667,-0.0081609142774276,0.0002743002704086,0.0083410284983957,-0.0115837902247324,15.0,0.5,0.0,0.0,0.0
3128.699951171875,3148.85009765625,3080.800048828125,3124.0,3149.269970703125,3229.9549560546875,3251.343294270833,3253.8849609375,3218.025966796875,3186.006640625,0.0095348885208094,-0.0015022057868203,0.0064404215165558,-0.015309842136127,15.0,0.5,1.0,1.0,1.0
3129.85009765625,3187.64990234375,3121.39990234375,3150.0,3126.819970703125,3216.7399658203126,3241.219970703125,3249.982470703125,3222.92796875,3189.309977213541,0.0003676116285756,0.0064379768088058,0.0184672757109942,-0.0026998722139529,15.0,0.5,1.0,1.0,1.0
3181.050048828125,3207.0,3100.39990234375,3130.0,3132.67998046875,3204.70498046875,3232.4899739583334,3250.952478027344,3225.719970703125,3195.394978841146,0.0163585953238512,-0.01604817530203,0.0081576683087507,-0.0253533095193161,15.0,0.5,1.0,1.0,1.0
3219.550048828125,3298.5,3122.60009765625,3205.0,3151.660009765625,3188.519995117188,3229.199983723958,3246.8749755859376,3231.413974609375,3199.7499837239584,0.0121029218053903,-0.0045192802122834,0.0245220449983722,-0.0301128883544343,15.0,0.5,1.0,1.0,1.0
3219.550048828125,3298.5,3122.60009765625,3205.0,3151.660009765625,3188.519995117188,3229.199983723958,3246.8749755859376,3231.413974609375,3199.7499837239584,0.0121029218053903,-0.0045192802122834,0.0245220449983722,-0.0301128883544343,15.0,0.5,1.0,1.0,1.0
3127.199951171875,3286.0,3107.050048828125,3257.5,3157.27001953125,3164.975,3216.7533203125,3236.702478027344,3233.839970703125,3203.963313802083,-0.0286841627729515,0.0416666829312584,0.0507802671103958,-0.006443432674076,15.0,0.57955,0.0,0.0,0.0
3001.550048828125,3133.0,2988.0,3112.949951171875,3131.8400390625,3140.5550048828127,3197.2499837239584,3221.46748046875,3229.4759765625,3203.6616455078124,-0.0401796828810592,0.0371141245461634,0.0437940227660691,-0.0045143504548309,15.0,0.619325,0.0,0.0,0.0
2835.25,2958.699951171875,2792.550048828125,2925.0,3072.92001953125,3099.8699951171875,3168.799983723958,3199.144982910156,3214.56998046875,3197.9266438802083,-0.0554047229340894,0.0316550568732916,0.0435411167170003,-0.0150603830956265,15.0,0.6392125,0.0,0.0,0.0
2926.60009765625,3000.60009765625,2880.0,2880.0,3022.030029296875,3077.3550048828124,3143.813330078125,3179.874987792969,3205.16798828125,3191.7716471354165,0.0322194154505775,-0.0159229467987681,0.0252853131725316,-0.0159229467987681,15.0,0.64915625,1.0,1.0,1.0
2977.800048828125,3055.10009765625,2940.0,3055.050048828125,2973.680029296875,3062.67001953125,3116.906673177083,3165.319995117188,3192.235986328125,3188.458317057292,0.0174946864837728,0.0259419701569287,0.0259587774735061,-0.0126939513091218,15.0,0.654128125,1.0,1.0,1.0
2876.550048828125,2969.64990234375,2870.449951171875,2958.050048828125,2923.550048828125,3040.4100341796875,3084.5000162760416,3143.452502441406,3174.0719921875,3182.1249837239584,-0.0340016113707317,0.0283325506654064,0.0323651081800411,-0.0021206297657623,15.0,0.6566140625,0.0,0.0,0.0
2925.699951171875,2973.89990234375,2911.050048828125,2925.0,2908.380029296875,3020.110034179688,3063.1633463541666,3125.0324951171874,3158.849990234375,3175.9599853515624,0.0170864061147738,-0.0002392422953675,0.0164746734033913,-0.0050073153734996,15.0,0.6578570312500001,1.0,1.0,1.0
2939.550048828125,2965.5,2871.050048828125,2927.0,2929.2400390625,3001.080029296875,3042.993343098958,3108.9099975585937,3145.163994140625,3167.014990234375,0.0047339432913147,-0.0042693774964397,0.00882786506126,-0.023302886109154,15.0,0.658478515625,1.0,1.0,1.0
2900.0,2960.0,2891.699951171875,2945.0,2923.92001953125,2972.9750244140623,3026.210009765625,3088.8400024414063,3128.683994140625,3158.2933268229167,-0.0134544566927485,0.0155172413793103,0.0206896551724138,-0.0028620858028016,15.0,0.6587892578125001,0.0,0.0,0.0
2873.699951171875,2924.0,2858.0,2924.0,2903.1,2938.390014648437,3009.480013020833,3063.4550048828123,3112.87599609375,3144.0466552734374,-0.0090689823545258,0.0175035841190076,0.0175035841190076,-0.0054633230464693,15.0,0.65894462890625,0.0,0.0,0.0
2940.25,2951.449951171875,2897.10009765625,2910.0,2915.839990234375,2919.69501953125,2998.886686197917,3042.335009765625,3097.93,3131.0333251953125,0.0231583150499015,-0.0102882407958506,0.0038091832911741,-0.0146755896076014,15.0,0.6590223144531251,1.0,1.0,1.0
2926.0,2959.89990234375,2888.0,2959.39990234375,2915.9,2912.140014648437,2985.373356119792,3026.347509765625,3083.20599609375,3118.3583251953123,-0.0048465266558966,0.0114148675132432,0.0115857492630724,-0.0129870129870129,15.0,0.6590611572265626,0.0,0.0,0.0
2978.64990234375,2997.949951171875,2930.10009765625,2939.89990234375,2923.719970703125,2926.4800048828124,2975.2933430989583,3013.175,3071.8719921875,3108.256656901042,0.0179938148816643,-0.0130092495830106,0.0064794619914676,-0.0162992651970608,15.0,0.6590805786132813,1.0,1.0,1.0
2923.949951171875,2978.39990234375,2913.10009765625,2978.39990234375,2928.5099609375,2926.214990234375,2958.1533365885416,3001.7849975585937,3056.773994140625,3095.321655273437,-0.0183640081799591,0.0186220530724379,0.0186220530724379,-0.0037106837315312,15.0,0.6590902893066406,0.0,0.0,0.0
2933.14990234375,2947.199951171875,2910.0,2939.800048828125,2940.399951171875,2921.7499755859376,2939.059993489583,2992.209997558594,3038.843994140625,3084.129988606771,0.0031464119856729,0.0022672371702043,0.0047900889132526,-0.0078925057070052,15.0,0.6590951446533203,1.0,1.0,1.0
2883.64990234375,2956.35009765625,2870.5,2933.14990234375,2929.079931640625,2922.4599609375,2922.8233235677085,2981.4349975585938,3019.683994140625,3069.788321940104,-0.0168760553152932,0.0171657453839204,0.0252111725675892,-0.0045601591001258,15.0,0.6590975723266601,0.0,0.0,0.0
2887.699951171875,2904.75,2865.199951171875,2890.0,2921.419921875,2918.6599609375,2915.2333170572915,2969.3849975585936,3005.3619921875,3056.241650390625,0.0014044870096169,0.0007964985514481,0.0059043699540894,-0.0077916682413174,15.0,0.6590987861633301,1.0,1.0,1.0
2894.300048828125,2927.550048828125,2868.0,2888.949951171875,2904.549951171875,2914.1349609375,2919.169986979167,2957.607495117188,2991.449990234375,3043.9849853515625,0.0022855898354576,-0.0018484944774181,0.0114880971008732,-0.0090868425472243,15.0,0.6590993930816651,1.0,1.0,1.0
2887.699951171875,2904.949951171875,2875.35009765625,2894.300048828125,2897.299951171875,2912.904956054688,2916.5766438802084,2942.939990234375,2980.88798828125,3030.1949869791665,-0.002280377827075,0.0022855898354576,0.0059736123183433,-0.0042767093965607,15.0,0.6590996965408326,0.0,0.0,0.0
2869.10009765625,2900.0,2836.25,2900.0,2884.489990234375,2912.444970703125,2909.32998046875,2925.417492675781,2970.66599609375,3013.1183268229165,-0.0064410616858156,0.0107698934481206,0.0107698934481206,-0.0114496171406096,15.0,0.6590998482704162,0.0,0.0,0.0
2909.25,2921.949951171875,2876.35009765625,2894.550048828125,2889.610009765625,2909.344970703125,2911.509977213542,2914.519995117188,2963.07,2998.004996744792,0.0139939008668774,-0.005052831888588,0.0043653694841883,-0.0113087229848758,15.0,0.6590999241352081,1.0,1.0,1.0
2886.10009765625,2943.0,2881.0,2940.5,2889.2900390625,2905.35498046875,2908.8699869791667,2908.7474975585938,2953.366005859375,2986.016666666667,-0.007957343763427,0.0188489312577644,0.0197151520801226,-0.0017671243143616,15.0,0.6591,0.0,0.0,0.0
2892.75,2947.699951171875,2881.050048828125,2881.050048828125,2888.980029296875,2896.764990234375,2905.7499837239584,2911.6224975585938,2943.882001953125,2974.3716634114585,0.002304113550722,-0.004044577364748,0.0189957483957738,-0.004044577364748,15.0,0.630125,1.0,1.0,1.0
2901.949951171875,2913.60009765625,2856.85009765625,2879.800048828125,2891.830029296875,2894.564990234375,2905.87998046875,2910.389990234375,2932.717998046875,2966.044995117188,0.0031803478253824,-0.007632765111888,0.0040145924913936,-0.0155412237545353,15.0,0.60115,1.0,1.0,1.0
2869.5,2929.5,2860.0,2915.0,2891.910009765625,2888.2,2905.5999837239583,2904.974987792969,2918.71599609375,2957.539998372396,-0.0111821195120098,0.0158564209792646,0.0209095661265028,-0.0033106813033629,15.0,0.624575,0.0,0.0,0.0
2856.449951171875,2893.699951171875,2840.60009765625,2864.14990234375,2881.35,2885.4800048828124,2900.013313802084,2903.9699829101564,2907.88599609375,2949.45,-0.0045478476487628,0.0026956366481114,0.0130406625835393,-0.0055487944079407,15.0,0.6362875,0.0,0.0,0.0
2873.0,2911.35009765625,2845.0,2850.0,2878.72998046875,2884.010009765625,2896.47998046875,2901.3349853515624,2902.743994140625,2940.9266682942707,0.0057939222149981,-0.0080055690915419,0.01334845028063,-0.0097459101983988,15.0,0.64214375,1.0,1.0,1.0
2888.60009765625,2905.0,2864.050048828125,2894.75,2877.9,2883.4400146484377,2890.47666015625,2898.787487792969,2904.877998046875,2932.885001627604,0.0054298982444309,0.0021290251803078,0.005677456826598,-0.0084989434321643,15.0,0.645071875,1.0,1.0,1.0
2832.89990234375,2898.89990234375,2823.050048828125,2887.10009765625,2864.089990234375,2877.960009765625,2884.406656901041,2895.432482910156,2901.129990234375,2921.279996744792,-0.0192827644635524,0.0191324074908747,0.0232976816248946,-0.0034769507766496,15.0,0.6465359374999999,0.0,0.0,0.0
2879.89990234375,2887.0,2822.39990234375,2833.949951171875,2866.169970703125,2879.039990234375,2880.856656901042,2895.74248046875,2897.213984375,2909.9583251953127,0.0165907732783341,-0.0159553987048228,0.002465397373871,-0.0199659717176992,15.0,0.64726796875,1.0,1.0,1.0
2950.85009765625,2973.949951171875,2879.89990234375,2884.800048828125,2885.05,2883.2,2885.336669921875,2896.2724853515624,2900.185986328125,2904.0799967447915,0.0246363407473845,-0.0223833968660712,0.0078282029758043,-0.0240439849414421,15.0,0.6476339843750001,1.0,1.0,1.0
2838.5,2983.949951171875,2828.949951171875,2969.0,2878.15,2878.439990234375,2882.056673177083,2891.8974853515624,2896.69798828125,2898.644995117188,-0.0380738071871171,0.0459749867887968,0.051241835889334,-0.003364470258279,15.0,0.6478169921875001,0.0,0.0,0.0
2856.199951171875,2865.0,2830.0,2854.949951171875,2871.669970703125,2874.7849853515627,2879.516666666667,2885.7749877929687,2893.363984375,2899.343326822917,0.0062356706612207,-0.0004376444301412,0.0030810338836797,-0.0091730101602744,15.0,0.64790849609375,1.0,1.0,1.0
2884.699951171875,2894.0,2850.64990234375,2865.0,2882.02998046875,2873.0599853515623,2879.3166666666666,2883.812487792969,2892.751982421875,2897.946655273437,0.0099782930072198,-0.0068291162011051,0.0032239224132641,-0.0118036708858724,15.0,0.647954248046875,1.0,1.0,1.0
2911.10009765625,2940.0,2797.5,2908.0,2888.27001953125,2877.2199951171874,2882.116666666667,2882.709997558594,2894.24798828125,2895.723323567708,0.0091517824838767,-0.0010649230710911,0.0099274849281265,-0.0390230819433898,15.0,0.6479771240234375,1.0,1.0,1.0
2988.0,3004.699951171875,2897.0,2934.800048828125,2895.7,2890.375,2887.366666666667,2887.9275024414064,2896.15798828125,2899.4383219401043,0.026416096926953,-0.017804535198084,0.0055890064162902,-0.0304551539491299,15.0,0.6479885620117187,1.0,1.0,1.0
3192.35009765625,3204.5,3001.0,3001.0,2966.47001953125,2922.310009765625,2907.7833333333333,2903.160009765625,2906.8119921875,2908.32666015625,0.0683902602597891,-0.0599401982247294,0.0038059429486352,-0.0599401982247294,15.0,0.6479942810058594,1.0,1.0,1.0
3202.60009765625,3242.35009765625,3158.699951171875,3192.35009765625,3035.750048828125,2953.710009765625,2928.440006510417,2918.5750122070312,2915.77,2917.0949951171874,0.0032108007224913,-0.0032005244761907,0.0124117900418132,-0.0137076578860102,15.0,0.6479971405029297,1.0,1.0,1.0
3327.449951171875,3360.949951171875,3167.050048828125,3198.050048828125,3124.300048828125,3003.1650146484376,2956.806673177083,2940.5625122070314,2931.91,2931.343326822917,0.0389839036122535,-0.0388886096688478,0.0100677697611053,-0.0482050533283783,15.0,0.6479985702514648,1.0,1.0,1.0
3305.64990234375,3399.0,3237.550048828125,3332.550048828125,3203.210009765625,3045.7400146484374,2985.883333333333,2962.390002441406,2946.81,2945.741658528646,-0.0065515782800722,0.008137627177428,0.0282395596672422,-0.0206010483649043,15.0,0.6479992851257323,0.0,0.0,0.0
3191.39990234375,3287.0,3179.35009765625,3266.0,3243.889990234375,3069.794995117188,3008.213330078125,2976.4974975585938,2959.12,2954.113321940104,-0.0345620387443314,0.0233753524907562,0.0299555369372674,-0.0037757113041994,15.0,0.6479996425628662,0.0,0.0,0.0
3160.949951171875,3177.85009765625,3111.0,3150.0,3237.6099609375,3102.039990234375,3027.4099934895835,2990.239990234375,2970.05,2961.9449869791665,-0.0095412521475333,-0.0034641330426049,0.0053465403582582,-0.0158021961573155,15.0,0.6479998212814331,0.0,0.0,0.0
3252.449951171875,3279.949951171875,3165.39990234375,3170.0,3247.579931640625,3141.664990234375,3051.666650390625,3008.224987792969,2984.37599609375,2971.071655273437,0.0289469942306671,-0.0253501060461108,0.0084551646951835,-0.026764454529657,15.0,0.648,1.0,1.0,1.0
3252.449951171875,3279.949951171875,3165.39990234375,3170.0,3247.579931640625,3141.664990234375,3051.666650390625,3008.224987792969,2984.37599609375,2971.071655273437,0.0289469942306671,-0.0253501060461108,0.0084551646951835,-0.026764454529657,15.0,0.648,1.0,1.0,1.0
3071.14990234375,3261.800048828125,3058.0,3180.0,3196.319921875,3160.3099853515623,3067.549983723958,3016.6849853515623,2991.713994140625,2975.9783203125,-0.0557426098940589,0.0354427823836214,0.0620777729992534,-0.0042817520348695,15.0,0.5740000000000001,0.0,0.0,0.0
2897.449951171875,3060.550048828125,2889.050048828125,3060.550048828125,3114.679931640625,3158.944970703125,3068.7199869791666,3018.082482910156,2992.84798828125,2974.788321940104,-0.0565586040066998,0.0562909111131615,0.0562909111131615,-0.0028990672782295,15.0,0.537,0.0,0.0,0.0
2855.75,2976.949951171875,2833.39990234375,2926.0,3047.549951171875,3145.719970703125,3062.37998046875,3018.0474853515625,2990.70798828125,2973.8583251953123,-0.0143919487392731,0.024599492252473,0.0424406727381161,-0.0078263495250809,15.0,0.5185,0.0,0.0,0.0
2951.89990234375,2969.949951171875,2849.14990234375,2865.0,3005.73994140625,3121.674951171875,3069.939973958333,3021.99248046875,2993.33998046875,2975.998323567708,0.0336688793990195,-0.0294386345128956,0.0061147225262596,-0.0348080908564747,15.0,0.50925,1.0,1.0,1.0
2984.35009765625,3011.550048828125,2915.5,2954.949951171875,2952.119970703125,3099.849951171875,3078.4833170572915,3026.77998046875,2997.003984375,2978.999991861979,0.0109929863430447,-0.0098514401870827,0.0091141958154428,-0.023070382295402,15.0,0.504625,1.0,1.0,1.0
3014.39990234375,3058.64990234375,3000.25,3008.0,2940.769970703125,3068.5449462890624,3087.12998046875,3035.85498046875,3001.501982421875,2983.223323567708,0.0100691285218512,-0.0021231099227325,0.0146795386921274,-0.004694102575026,15.0,0.5023124999999999,1.0,1.0,1.0
3014.25,3029.0,2977.0,3029.0,2964.12998046875,3039.404956054688,3094.006640625,3042.5724853515626,3007.291982421875,2988.0616536458333,-4.972875152810622e-05,0.0048934229078543,0.0048934229078543,-0.0123579663266152,15.0,0.50115625,0.0,0.0,0.0
3091.550048828125,3100.0,3003.60009765625,3025.0,3011.289990234375,3029.419970703125,3100.909977213542,3049.607482910156,3016.695986328125,2994.138321940104,0.0256448698111055,-0.0215264342407626,0.0027332409433507,-0.0284484966385109,15.0,0.500578125,1.0,1.0,1.0
3146.64990234375,3165.0,3037.0,3121.699951171875,3050.239990234375,3027.9899658203126,3097.8632975260416,3065.014978027344,3027.641982421875,3002.823315429688,0.0178227273197504,-0.0079290521494912,0.0058316299002891,-0.0348465529203227,15.0,0.5002890625,1.0,1.0,1.0
3227.85009765625,3235.89990234375,3142.14990234375,3179.0,3098.939990234375,3025.52998046875,3099.546630859375,3083.5974853515627,3041.211982421875,3013.993318684896,0.0258052842968068,-0.0151339424627309,0.0024938595176229,-0.0265502401659628,15.0,0.50014453125,1.0,1.0,1.0
3084.199951171875,3239.64990234375,3066.050048828125,3239.64990234375,3112.9,3026.8349853515624,3083.3299641927083,3093.5724853515626,3051.263984375,3020.068318684896,-0.044503351189908,0.0504020341200024,0.0504020341200024,-0.0058848008012105,15.0,0.5000722656250001,0.0,0.0,0.0
3133.64990234375,3150.0,3001.0,3089.89990234375,3136.77998046875,3050.45498046875,3071.8632975260416,3104.6999755859374,3061.413984375,3028.8733154296874,0.0160333155939147,-0.0139613554045325,0.0052175891263479,-0.0423307984228031,15.0,0.5000361328125,1.0,1.0,1.0
3034.60009765625,3175.800048828125,3016.050048828125,3151.050048828125,3125.389990234375,3068.339990234375,3061.409977213542,3107.02998046875,3064.763984375,3034.8116536458333,-0.0316084463083823,0.0383740682213167,0.0465300028431849,-0.0061128478979658,15.0,0.50001806640625,0.0,0.0,0.0
2907.699951171875,3068.699951171875,2899.550048828125,3049.89990234375,3077.6,3063.919995117188,3044.526643880208,3092.797473144531,3067.531982421875,3035.968318684896,-0.0418177494235188,0.0489046165559705,0.055370224818112,-0.0028028690994974,15.0,0.5000090332031251,0.0,0.0,0.0
2964.300048828125,3012.949951171875,2870.10009765625,2912.85009765625,3024.889990234375,3061.914990234375,3025.316650390625,3080.882470703125,3071.855986328125,3038.491650390625,0.0194655908816997,-0.0173565261020774,0.0164119358844874,-0.0317781431097419,15.0,0.5000045166015625,1.0,1.0,1.0
2924.39990234375,3091.199951171875,2900.64990234375,2984.89990234375,2992.92998046875,3052.914990234375,3015.533317057292,3060.7299682617186,3073.443984375,3041.541650390625,-0.0134602252899967,0.0206880050678133,0.0570373595945081,-0.0081213243034804,15.0,0.5000022583007813,0.0,0.0,0.0
2929.25,2975.85009765625,2873.0,2944.949951171875,2952.05,3044.414990234375,3017.6533203125,3041.9099731445312,3074.16998046875,3043.1866536458333,0.0016584933039981,0.0053597170510797,0.015908542342323,-0.0192028676282325,15.0,0.5,1.0,1.0,1.0
2929.25,2975.85009765625,2873.0,2944.949951171875,2952.05,3044.414990234375,3017.6533203125,3041.9099731445312,3074.16998046875,3043.1866536458333,0.0016584933039981,0.0053597170510797,0.015908542342323,-0.0192028676282325,15.0,0.5,1.0,1.0,1.0
2975.35009765625,3022.800048828125,2935.050048828125,2935.85009765625,2940.2,3032.794995117188,3025.62666015625,3031.107482910156,3073.663984375,3044.0033203125,0.0157378501856277,-0.0132757486358042,0.0159476866971897,-0.013544640968426,15.0,0.5,1.0,1.0,1.0
2945.800048828125,2982.89990234375,2892.550048828125,2979.89990234375,2947.82001953125,3012.710009765625,3025.220003255208,3020.349987792969,3063.801982421875,3047.5799886067707,-0.0099316207700741,0.0115757529195474,0.0125941519793184,-0.0180765833109356,15.0,0.5,0.0,0.0,0.0
2873.64990234375,2955.39990234375,2867.0,2954.89990234375,2929.689990234375,2977.289990234375,3017.839990234375,3001.4099853515627,3050.643974609375,3048.161653645833,-0.0244925471140097,0.0282741470816374,0.028448141832909,-0.0023140962085625,15.0,0.5,0.0,0.0,0.0
2875.699951171875,2895.0,2834.050048828125,2862.5,2919.95,2956.439990234375,3008.593326822917,2991.637487792969,3032.573974609375,3047.861653645833,0.0007133954718885,-0.0045901698355198,0.0067114264894916,-0.0144833964081604,15.0,0.5,1.0,1.0,1.0
2882.699951171875,2900.0,2870.0,2899.85009765625,2910.639990234375,2931.3449951171874,2999.8233235677085,2990.8999877929687,3015.6559765625,3046.9149820963544,0.0024341899776947,0.0059493345734449,0.0060013352486067,-0.0044055751160339,15.0,0.5,1.0,1.0,1.0
2802.800048828125,2893.949951171875,2781.800048828125,2882.0,2876.12998046875,2908.164990234375,2980.5733235677085,2988.252490234375,3000.111982421875,3040.741650390625,-0.0277170373944985,0.0282574389154122,0.0325210149692485,-0.007492507361979,15.0,0.5,0.0,0.0,0.0
2833.25,2840.949951171875,2733.39990234375,2782.300048828125,2853.619970703125,2900.7199951171874,2959.679996744792,2982.319995117188,2987.003984375,3028.7716471354165,0.010864118253675,-0.0179828646155033,0.0027177097580075,-0.0352422474741904,15.0,0.5,1.0,1.0,1.0
2879.5,2914.0,2837.0,2838.0,2854.789990234375,2892.239990234375,2936.4566569010417,2977.077490234375,2972.085986328125,3018.001643880208,0.016324009529692,-0.0144122243445042,0.0119812467442264,-0.0147595068588296,15.0,0.5,1.0,1.0,1.0
2811.85009765625,2892.949951171875,2804.39990234375,2889.0,2842.02001953125,2880.985009765625,2918.3,2966.95,2961.713994140625,3000.814982096354,-0.0234936281798055,0.0274374165280206,0.0288421682163013,-0.0026495705865365,15.0,0.5,0.0,0.0,0.0
2685.199951171875,2837.949951171875,2675.10009765625,2821.550048828125,2802.52001953125,2856.5800048828123,2888.4033365885416,2950.4974975585938,2953.223994140625,2980.133317057292,-0.045041571238076,0.0507783778249899,0.0568858940777712,-0.0037613040739171,15.0,0.5,0.0,0.0,0.0
2678.64990234375,2722.75,2635.050048828125,2670.050048828125,2777.689990234375,2826.9099853515627,2864.6733235677084,2929.852490234375,2946.139990234375,2963.041650390625,-0.0024393151151616,-0.0032105179210244,0.0164635541276461,-0.016276801786406,15.0,0.5,0.0,0.0,0.0
2645.10009765625,2718.0,2628.449951171875,2680.949951171875,2740.060009765625,2796.839990234375,2847.1666666666665,2904.775,2933.867998046875,2945.8466552734376,-0.012524893476428,0.0135533069419151,0.0275603567548707,-0.0062947131940784,15.0,0.5,0.0,0.0,0.0
2569.14990234375,2660.0,2555.0,2625.0,2677.989990234375,2766.389990234375,2820.8233235677085,2871.839990234375,2917.259990234375,2923.0699869791665,-0.0287135429694314,0.0217387461919991,0.035361929474559,-0.0055076203731209,15.0,0.5,0.0,0.0,0.0
2595.300048828125,2621.75,2552.949951171875,2573.60009765625,2634.67998046875,2738.35,2798.883333333333,2847.394995117188,2900.49599609375,2907.2083251953127,0.0101785210977837,-0.0083612494754405,0.0101914810134644,-0.0163179967092331,15.0,0.5,1.0,1.0,1.0
2629.5,2647.300048828125,2594.300048828125,2598.39990234375,2623.539990234375,2713.0300048828126,2778.9,2822.1875,2885.10599609375,2898.27666015625,0.0131776482597137,-0.0118273807401597,0.0067693663541072,-0.0133865568252043,15.0,0.5,1.0,1.0,1.0
2692.75,2743.800048828125,2620.0,2620.0,2626.360009765625,2702.025,2760.059993489583,2805.0949951171874,2869.153994140625,2892.843326822917,0.024054002662103,-0.0270169900659177,0.0189583321244546,-0.0270169900659177,15.0,0.5,1.0,1.0,1.0
2704.800048828125,2737.35009765625,2641.5,2693.89990234375,2638.3,2689.1800048828127,2743.9933268229165,2794.95,2851.48,2884.6066650390626,0.0044749972437563,-0.0040299269031356,0.0120341793258349,-0.023402857026548,15.0,0.5,1.0,1.0,1.0
2857.14990234375,2870.0,2700.0,2734.800048828125,2695.9,2686.944995117188,2742.8933268229166,2789.592492675781,2836.6519921875,2880.366658528646,0.0563257360120322,-0.0428223431382651,0.0044975230896036,-0.0550023301944494,15.0,0.5,1.0,1.0,1.0
2943.050048828125,3015.89990234375,2913.39990234375,2913.39990234375,2765.45,2700.064990234375,2747.383333333333,2790.525,2831.00599609375,2877.988330078125,0.0300649771346999,-0.0100746320967871,0.0247531820074322,-0.0100746320967871,15.0,0.5,1.0,1.0,1.0
2901.949951171875,2974.800048828125,2890.300048828125,2969.0,2819.939990234375,2721.739990234375,2748.6666666666665,2789.1599975585937,2821.737998046875,2874.2449951171875,-0.0139651371788989,0.0231051706460507,0.0251038435817376,-0.0040145083615399,15.0,0.5,0.0,0.0,0.0
2834.10009765625,2914.75,2806.300048828125,2901.949951171875,2848.210009765625,2737.285009765625,2750.753336588541,2782.0974975585937,2813.717998046875,2865.663330078125,-0.0233807800469562,0.0239405282727083,0.0284569703132384,-0.0098091273667839,15.0,0.5,0.0,0.0,0.0
2815.75,2903.14990234375,2779.14990234375,2815.0,2870.4,2754.35,2749.586669921875,2775.5949951171874,2810.04,2854.633333333333,-0.0064747528400373,-0.0002663588741897,0.0310396527901091,-0.0129983477426085,15.0,0.5,0.0,0.0,0.0
2776.14990234375,2824.0,2759.0,2824.0,2854.2,2775.05,2742.6966634114583,2770.7199951171874,2802.513994140625,2839.57666015625,-0.0140637832393678,0.0172361361379846,0.0172361361379846,-0.0061775851258144,15.0,0.5,0.0,0.0,0.0
2901.39990234375,2910.5,2763.800048828125,2790.64990234375,2845.869970703125,2805.6599853515627,2748.666650390625,2772.004992675781,2801.593994140625,2833.4833251953123,0.0451164398198592,-0.0381712289679668,0.0031364506660729,-0.0474253319594006,15.0,0.5,1.0,1.0,1.0
2862.550048828125,2960.0,2840.0,2960.0,2837.989990234375,2828.964990234375,2760.489990234375,2770.9974975585938,2798.92599609375,2824.4466634114583,-0.0133900375071502,0.0340430558451787,0.0340430558451787,-0.0078776085809771,15.0,0.5,0.0,0.0,0.0
2900.25,2907.699951171875,2807.75,2853.050048828125,2851.219970703125,2849.714990234375,2775.263330078125,2775.8699951171875,2795.9219921875,2819.968326822917,0.0131700583496552,-0.0162744422625205,0.0025687272379535,-0.0318938022584259,15.0,0.5,1.0,1.0,1.0
2860.64990234375,2910.5,2840.60009765625,2900.0,2860.199951171875,2865.2999755859373,2789.633317057292,2777.239990234375,2792.515986328125,2818.39999186198,-0.013654029016895,0.0137556495899795,0.0174261441833225,-0.0070088285431478,15.0,0.5,0.0,0.0,0.0
2840.699951171875,2870.0,2792.5,2864.0,2873.1099609375,2863.65498046875,2807.736653645833,2775.2999877929688,2791.19798828125,2814.279988606771,-0.0069739226584594,0.0082022210119421,0.010314376502889,-0.0169676319218405,15.0,0.5,0.0,0.0,0.0
2842.949951171875,2871.64990234375,2818.5,2830.0,2861.419970703125,2853.644970703125,2824.246647135417,2776.85498046875,2789.88798828125,2811.564990234375,0.000792058309105,-0.0045551104994081,0.0100951306441552,-0.0086002045733505,15.0,0.5,1.0,1.0,1.0
2899.199951171875,2910.10009765625,2843.5,2881.0,2868.749951171875,2853.369970703125,2842.2266438802085,2787.55498046875,2790.54798828125,2810.5633219401043,0.0197857862312396,-0.0062775770827805,0.003759708425757,-0.0192121799496308,15.0,0.5,1.0,1.0,1.0
2912.89990234375,2934.10009765625,2877.5,2877.5,2871.279931640625,2861.249951171875,2856.9033040364584,2799.26748046875,2794.951982421875,2808.481648763021,0.0047254247387584,-0.0121528042605469,0.0072780377023742,-0.0121528042605469,15.0,0.5,1.0,1.0,1.0
2880.35009765625,2920.0,2832.0,2910.0,2875.219970703125,2867.7099609375,2868.606640625,2811.02998046875,2796.835986328125,2806.299983723958,-0.0111743643031846,0.0102938536422625,0.0137656538266002,-0.0167861877955712,15.0,0.5,0.0,0.0,0.0
2880.35009765625,2920.0,2832.0,2910.0,2875.219970703125,2867.7099609375,2868.606640625,2811.02998046875,2796.835986328125,2806.299983723958,-0.0111743643031846,0.0102938536422625,0.0137656538266002,-0.0167861877955712,15.0,0.5,0.0,0.0,0.0
2926.949951171875,2941.449951171875,2788.0,2880.0,2892.469970703125,2882.7899658203123,2873.259977213542,2828.919982910156,2798.733984375,2808.076652018229,0.0161785380025655,-0.0160405719110698,0.0049539623983643,-0.047472609197244,15.0,0.619175,1.0,1.0,1.0
2972.85009765625,3002.949951171875,2920.5,2926.449951171875,2918.45,2889.9349853515623,2875.246647135417,2847.7974853515625,2805.173984375,2811.314990234375,0.0156819034319318,-0.0156079670888741,0.0101249146532329,-0.017609397021909,15.0,0.6787625,1.0,1.0,1.0
2992.949951171875,3015.0,2968.10009765625,2972.85009765625,2937.2,2902.974975585937,2881.3133138020835,2865.9699829101564,2817.483984375,2814.989990234375,0.0067611392621079,-0.0067157332543281,0.0073673296205609,-0.0083027962114419,15.0,0.70855625,1.0,1.0,1.0
3001.050048828125,3014.800048828125,2965.39990234375,3014.800048828125,2954.830029296875,2913.05498046875,2892.443310546875,2881.3849853515626,2830.379990234375,2821.598323567708,0.0027063926187868,0.0045817296533823,0.0045817296533823,-0.0118792242396277,15.0,0.723453125,1.0,1.0,1.0
2984.050048828125,3000.050048828125,2892.0,2892.0,2975.57001953125,2925.394995117188,2903.6633138020834,2895.3474853515627,2843.93798828125,2826.624991861979,-0.0056646839350907,-0.0308473542071703,0.005361840363999,-0.0308473542071703,15.0,0.7309015625,0.0,0.0,0.0
2855.949951171875,3001.35009765625,2835.60009765625,2996.0,2961.37001953125,2926.919995117188,2908.9833170572915,2895.287487792969,2855.409990234375,2825.839990234375,-0.0429282671403438,0.0490379912892586,0.0509113076105249,-0.0071254237166428,15.0,0.7346257812500001,0.0,0.0,0.0
2887.39990234375,2917.050048828125,2856.5,2861.10009765625,2944.27998046875,2931.364990234375,2908.049983723958,2892.50498046875,2867.093984375,2828.3583170572915,0.011012080642019,-0.0091084732205442,0.0102688049758219,-0.0107016358623092,15.0,0.7364878906250001,1.0,1.0,1.0
2864.39990234375,2899.949951171875,2837.949951171875,2890.0,2918.569970703125,2927.8849853515626,2908.173307291667,2890.627478027344,2876.48998046875,2834.331648763021,-0.0079656441012311,0.0089373336576723,0.0124109935903282,-0.0092340287926391,15.0,0.7374189453125001,0.0,0.0,0.0
2855.75,2879.699951171875,2818.0,2868.0,2889.5099609375,2922.169995117188,2905.206640625,2891.7099731445314,2883.00998046875,2840.2349853515625,-0.0030197956425959,0.0042895911756981,0.0083865713636961,-0.0132189442353146,15.0,0.7378844726562501,0.0,0.0,0.0
2830.699951171875,2895.949951171875,2824.050048828125,2855.75,2858.83994140625,2917.20498046875,2903.2099772135416,2892.457470703125,2888.0459765625,2846.4216471354166,-0.0087717933390965,0.0088494186103174,0.0230508358800045,-0.0023492077784496,15.0,0.7381172363281251,0.0,0.0,0.0
2825.35009765625,2848.0,2760.300048828125,2830.0,2852.719970703125,2907.044995117188,2902.1866536458333,2894.91748046875,2886.773984375,2854.9616536458334,-0.0018899401589385,0.0016457791717943,0.0080166710534523,-0.0230237126655867,15.0,0.7382336181640625,0.0,0.0,0.0
2786.5,2808.0,2753.64990234375,2805.10009765625,2832.539990234375,2888.4099853515627,2898.4233235677084,2889.1724853515625,2880.511982421875,2861.3349853515624,-0.0137505428755458,0.0066750754194329,0.0077157724744303,-0.0117890176408577,15.0,0.7382918090820313,0.0,0.0,0.0
2776.699951171875,2805.949951171875,2767.0,2800.0,2815.0,2866.7849853515627,2890.256656901042,2884.87998046875,2875.501982421875,2866.241650390625,-0.0035169742788892,0.0083912735397613,0.010534087411085,-0.0034933378983859,15.0,0.7383209045410157,0.0,0.0,0.0
2811.949951171875,2823.0,2733.050048828125,2798.199951171875,2806.239990234375,2847.8749755859376,2883.52666015625,2880.464978027344,2874.6159765625,2870.214982096354,0.0126949258543844,-0.0048898452101786,0.0039296747879598,-0.0280587861497565,15.0,0.7383354522705079,1.0,1.0,1.0
2734.10009765625,2830.60009765625,2724.0,2817.0,2786.92001953125,2822.87998046875,2873.77666015625,2874.137487792969,2871.34998046875,2871.191650390625,-0.0276853624237448,0.0303207268873637,0.0352949769771495,-0.0036941213911326,15.0,0.738342726135254,0.0,0.0,0.0
2616.10009765625,2764.699951171875,2603.60009765625,2747.0,2745.07001953125,2798.894995117188,2853.0533365885417,2862.9074951171874,2864.94798828125,2863.156656901041,-0.0431586246974472,0.0500362743998299,0.0568020518973089,-0.0047781046341455,15.0,0.7383500000000001,0.0,0.0,0.0
2616.10009765625,2764.699951171875,2603.60009765625,2747.0,2745.07001953125,2798.894995117188,2853.0533365885417,2862.9074951171874,2864.94798828125,2863.156656901041,-0.0431586246974472,0.0500362743998299,0.0568020518973089,-0.0047781046341455,15.0,0.7383500000000001,0.0,0.0,0.0
2652.14990234375,2676.5,2621.64990234375,2635.0,2718.2,2775.3699951171875,2831.6733235677084,2853.367492675781,2854.97798828125,2853.4599853515624,0.0137799791069909,-0.0064664151632584,0.0091812674821778,-0.011500104112911,15.0,0.7383500000000001,1.0,1.0,1.0
2564.25,2657.5,2504.949951171875,2652.0,2675.710009765625,2745.3550048828124,2803.093326822917,2836.6199951171875,2843.045986328125,2842.2033203125,-0.0331428861792734,0.0342205323193915,0.0363654089889831,-0.0231256893158331,15.0,0.7383500000000001,0.0,0.0,0.0
2495.89990234375,2572.5,2489.300048828125,2570.0,2612.5,2709.3699951171875,2769.416650390625,2815.769995117188,2826.871982421875,2830.92998046875,-0.0266550054231256,0.0296887297389878,0.0306903724721969,-0.0026442781256682,15.0,0.7383500000000001,0.0,0.0,0.0
