Close,High,Low,Open,MA_5,MA_15,MA_10,MA_20,MA_25,MA_30,Return_Ratio,Percentage_Change_Open,Percentage_Change_High,Percentage_Change_Low,Sector_Encoded,VADER Sentiment Score,label_5d,label_10d,label_20d
58.79999923706055,59.79999923706055,58.34999847412109,59.70000076293945,0.0,0.0,0.0,0.0,0.0,0.0,0.0,0.0153061485979009,0.0170068029417544,-0.0076530742989504,8.0,0.648,,,
59.79999923706055,60.04999923706055,58.20000076293945,58.79999923706055,0.0,0.0,0.0,0.0,0.0,0.0,0.0170068029417544,-0.0167224082401034,0.0041806020600259,-0.0267558276677954,8.0,0.648,,,
59.59999847412109,60.34999847412109,59.09999847412109,60.0,0.0,0.0,0.0,0.0,0.0,0.0,-0.0033444944062056,0.0067114351697943,0.0125838929396224,-0.0083892619597483,8.0,0.648,,,
60.20000076293945,60.45000076293945,59.45000076293945,59.900001525878906,0.0,0.0,0.0,0.0,0.0,0.0,0.0100671527546915,-0.0049833759677496,0.0041528238676353,-0.012458471602906,8.0,0.648,,,
60.54999923706055,61.20000076293945,60.25,60.45000076293945,59.78999938964844,0.0,0.0,0.0,0.0,0.0,0.005813928067864,-0.0016515024835852,0.0107349551456485,-0.0049545704515373,8.0,0.648,,,
59.20000076293945,60.75,58.400001525878906,60.75,59.869999694824216,0.0,0.0,0.0,0.0,0.0,-0.0222955985323085,0.0261824192075159,0.0261824192075159,-0.0135135004518676,8.0,0.648,0.0,,
59.29999923706055,59.84999847412109,59.0,59.45000076293945,59.76999969482422,0.0,0.0,0.0,0.0,0.0,0.0016891633924385,0.0025295367252746,0.0092748607780219,-0.0050590091217582,8.0,0.648,1.0,,
59.400001525878906,59.59999847412109,58.75,58.95000076293945,59.73000030517578,0.0,0.0,0.0,0.0,0.0,0.0016863792597801,-0.0075757702252482,0.0033669519041183,-0.0109427863498575,8.0,0.648,1.0,,
59.34999847412109,60.25,59.20000076293945,59.34999847412109,59.55999984741211,0.0,0.0,0.0,0.0,0.0,-0.0008418021965206,0.0,0.0151643057964245,-0.0025273414496723,8.0,0.648,0.0,,
59.29999923706055,61.84999847412109,59.0,61.5,59.30999984741211,59.54999961853027,0.0,0.0,0.0,0.0,-0.0008424471498908,0.037099507440879,0.0430016740281318,-0.0050590091217582,8.0,0.648,0.0,,
58.79999923706055,59.650001525878906,58.59999847412109,59.29999923706055,59.22999954223633,59.54999961853027,0.0,0.0,0.0,0.0,-0.0084317033125274,0.0085034014708771,0.014455821425974,-0.0034013735635117,8.0,0.648,0.0,0.0,
56.900001525878906,58.79999923706055,56.70000076293945,58.79999923706055,58.75,59.25999984741211,0.0,0.0,0.0,0.0,-0.0323128866638506,0.0333918745207326,0.0333918745207326,-0.0035149518027427,8.0,0.648,0.0,0.0,
55.70000076293945,57.650001525878906,54.20000076293945,57.5,58.00999984741211,58.87000007629395,0.0,0.0,0.0,0.0,-0.021089643774327,0.0323159643160757,0.0350089898784509,-0.0269299816778106,8.0,0.648,0.0,0.0,
56.400001525878906,57.5,54.70000076293945,55.45000076293945,57.42000045776367,58.49000015258789,0.0,0.0,0.0,0.0,0.0125673384802753,-0.0168439847027938,0.0195035185170404,-0.0301418566834509,8.0,0.648,1.0,1.0,
58.20000076293945,58.5,56.25,56.75,57.20000076293945,58.25500030517578,58.766666666666666,0.0,0.0,0.0,0.031914879226282,-0.0249141021294072,0.0051546259987607,-0.0335051673088838,8.0,0.648,1.0,1.0,
56.5,59.75,55.04999923706055,58.95000076293945,56.74000091552735,57.98500022888184,58.61333338419596,0.0,0.0,0.0,-0.0292096347191455,0.0433628453617602,0.0575221238938052,-0.0256637303175124,8.0,0.648,0.0,0.0,
59.59999847412109,59.79999923706055,56.79999923706055,57.0,57.28000030517578,58.01500015258789,58.6,0.0,0.0,0.0,0.0548672296304618,-0.0436241365886953,0.0033557175848972,-0.0469798541735925,8.0,0.648,1.0,1.0,
58.79999923706055,60.150001525878906,57.54999923706055,60.0,57.9,57.954999923706055,58.5466667175293,0.0,0.0,0.0,-0.0134228063345993,0.0204081765052661,0.0229592228968513,-0.021258503677193,8.0,0.648,0.0,0.0,
59.75,60.34999847412109,58.79999923706055,59.0,58.56999969482422,57.99500007629395,58.516666666666666,0.0,0.0,0.0,0.0161564757698276,-0.0125523012552301,0.0100418154664618,-0.0158995943588192,8.0,0.648,1.0,1.0,
59.900001525878906,60.150001525878906,59.09999847412109,59.900001525878906,58.90999984741211,58.05500030517578,58.47333348592122,58.80249996185303,0.0,0.0,0.0025104857887683,0.0,0.0041736225981896,-0.0133556432617482,8.0,0.648,1.0,1.0,
59.5,60.25,59.400001525878906,59.45000076293945,59.50999984741211,58.125000381469725,58.4933334350586,58.8375,0.0,0.0,-0.0066778216308741,-0.0008403233119419,0.0126050420168066,-0.0016806466238838,8.0,0.648,0.0,0.0,0.0
58.75,59.70000076293945,58.20000076293945,59.70000076293945,59.34000015258789,58.31000022888183,58.45666681925456,58.785000038146975,0.0,0.0,-0.0126050420168067,0.0161702257521609,0.0161702257521609,-0.009361689141456,8.0,0.648,0.0,0.0,0.0
58.09999847412109,59.04999923706055,57.84999847412109,58.70000076293945,59.2,58.55,58.36999994913737,58.71000003814697,0.0,0.0,-0.0110638557596409,0.0103270620408986,0.0163511323216747,-0.0043029261026805,8.0,0.648,0.0,0.0,0.0
57.45000076293945,58.25,57.150001525878906,58.09999847412109,58.74000015258789,58.65499992370606,58.2433334350586,58.57250003814697,0.0,0.0,-0.0111875684725045,0.0113141462584791,0.0139251388413665,-0.0052219187654749,8.0,0.648,0.0,0.0,0.0
57.25,57.59999847412109,56.5,57.45000076293945,58.20999984741211,58.55999984741211,58.10666681925456,58.40750007629394,58.683999938964845,0.0,-0.0034813013104165,0.0034934631081127,0.0061135104649971,-0.0131004366812227,8.0,0.648,0.0,0.0,0.0
57.5,57.59999847412109,56.79999923706055,57.0,57.80999984741211,58.65999984741211,58.02000020345052,58.32250003814697,58.63199996948242,0.0,0.0043668122270742,-0.0086956521739129,0.0017391038977581,-0.0121739263119904,8.0,0.648,1.0,1.0,1.0
57.0,57.79999923706055,56.900001525878906,57.79999923706055,57.45999984741211,58.4,58.02666676839193,58.20750007629395,58.52,0.0,-0.008695652173913,0.0140350743343955,0.0140350743343955,-0.0017543591951069,8.0,0.648,0.0,0.0,0.0
55.900001525878906,57.0,55.70000076293945,56.900001525878906,57.02000045776367,58.11000022888184,58.04000015258789,58.03250007629394,58.37200012207031,0.0,-0.0192982188442297,0.0178890871682186,0.0196779685884596,-0.0035778310819341,8.0,0.648,0.0,0.0,0.0
55.0,56.09999847412109,54.79999923706055,56.0,56.53000030517578,57.63500022888184,57.9466667175293,57.81500015258789,58.16400009155274,0.0,-0.0161002057479774,0.018181818181818,0.0199999722567472,-0.00363637750799,8.0,0.648,0.0,0.0,0.0
54.59999847412109,55.25,54.04999923706055,55.150001525878906,56.0,57.10499992370605,57.70666656494141,57.58000011444092,57.926000061035154,58.23666661580403,-0.0072727550159801,0.0100733162477741,0.0119047901839592,-0.0100732463815219,8.0,0.648,0.0,0.0,0.0
53.400001525878906,54.45000076293945,53.20000076293945,54.400001525878906,55.18000030517578,56.49500007629395,57.5,57.31000022888183,57.69400009155274,58.056666692097984,-0.021977966699229,0.0187265912251963,0.0196629064992008,-0.0037453325322945,8.0,0.648,0.0,0.0,0.0
53.75,54.45000076293945,53.0,53.5,54.53000030517578,55.99500007629395,57.11000010172526,57.15250015258789,57.47200012207031,57.85500005086263,0.0065542783543082,-0.0046511627906976,0.0130232700081758,-0.0139534883720929,8.0,0.648,1.0,1.0,1.0
54.29999923706055,55.04999923706055,54.04999923706055,54.150001525878906,54.20999984741211,55.61500015258789,56.81000010172526,57.08250007629395,57.26800003051758,57.67833340962728,0.0102325439453125,-0.0027623888266883,0.0138121548901994,-0.0046040516300664,8.0,0.648,1.0,1.0,1.0
54.400001525878906,54.650001525878906,53.84999847412109,54.25,54.09000015258789,55.31000022888183,56.45333353678385,56.982500076293945,57.07000015258789,57.48500010172526,0.0018416628033782,-0.0027573809130786,0.0045955881063912,-0.0101103499325485,8.0,0.648,1.0,1.0,1.0
55.150001525878906,55.5,54.09999847412109,54.54999923706055,54.20000076293945,55.10000038146973,56.13666687011719,56.83000011444092,56.90400024414063,57.305000178019206,0.013786764319174,-0.0108794609649613,0.0063463003524462,-0.0190390393963109,8.0,0.648,1.0,1.0,1.0
55.70000076293945,56.25,55.150001525878906,55.25,54.66000061035156,54.92000045776367,55.88333358764648,56.79000015258789,56.78000030517578,57.18833351135254,0.0099727873407666,-0.0080790082006402,0.0098743129179001,-0.0098743129179001,8.0,0.648,1.0,1.0,1.0
55.150001525878906,56.45000076293945,55.04999923706055,55.70000076293945,54.94000091552734,54.73500061035156,55.643333689371744,56.56750030517578,56.71000030517578,57.050000254313154,-0.0098743129179002,0.0099727873407666,0.0235720616698538,-0.0018132780789033,8.0,0.648,0.0,0.0,0.0
56.400001525878906,56.75,55.54999923706055,55.59999847412109,55.36000137329101,54.78500061035156,55.53000055948893,56.4475004196167,56.73800033569336,56.95000025431315,0.0226654572151451,-0.0141844508885471,0.0062056465363835,-0.0150709621599627,8.0,0.648,1.0,1.0,1.0
57.150001525878906,57.84999847412109,56.54999923706055,56.70000076293945,55.91000137329102,55.00000076293945,55.51000061035156,56.31750049591064,56.76800033569336,56.87666702270508,0.013297871980657,-0.0078740288875702,0.0122484152152684,-0.0104987274330459,8.0,0.648,1.0,1.0,1.0
57.650001525878906,58.09999847412109,56.5,57.09999847412109,56.41000137329102,55.30500106811523,55.53666737874349,56.205000495910646,56.746000366210936,56.82166709899902,0.0087489061531098,-0.0095403822584622,0.0078056710551894,-0.0199479877786763,8.0,0.648,1.0,1.0,1.0
57.20000076293945,57.84999847412109,57.0,57.79999923706055,56.71000137329101,55.68500099182129,55.51666742960612,56.090000534057616,56.77400039672852,56.76833381652832,-0.0078057372251317,0.0104894836733959,0.0113635961977605,-0.0034965167879689,8.0,0.648,0.0,0.0,0.0
56.09999847412109,56.84999847412109,55.79999923706055,56.79999923706055,56.900000762939456,55.9200008392334,55.45666732788086,55.95750045776367,56.63400039672852,56.74166704813639,-0.0192308089885737,0.0124777322990903,0.0133689843208457,-0.0053475801287041,8.0,0.648,0.0,0.0,0.0
54.75,56.29999923706055,54.54999923706055,55.95000076293945,56.57000045776367,55.96500091552734,55.38000055948893,55.79000053405762,56.472000427246094,56.710000356038414,-0.0240641445782542,0.0219178221541451,0.0283104883481377,-0.0036529819714968,8.0,0.648,0.0,0.0,0.0
54.79999923706055,55.20000076293945,54.20000076293945,54.79999923706055,56.1,56.00500068664551,55.36666717529297,55.65750045776368,56.27400039672852,56.656666946411136,0.0009132280741652,0.0,0.0072992980191208,-0.0109488774174164,8.0,0.648,1.0,1.0,1.0
54.75,56.45000076293945,54.59999847412109,55.650001525878906,55.51999969482422,55.965000534057616,55.37666727701823,55.53250045776368,56.06800033569336,56.54166692097981,-0.0009123948495738,0.0164383840343178,0.0310502422454694,-0.0027397538973316,8.0,0.648,0.0,0.0,0.0
55.34999847412109,55.70000076293945,53.900001525878906,54.59999847412109,55.14999923706055,55.93000030517578,55.506667073567705,55.42500038146973,55.90200027465821,56.503333536783856,0.0109588762396546,-0.0135501358749027,0.0063234380933543,-0.0261968742225012,8.0,0.648,1.0,1.0,1.0
55.20000076293945,56.150001525878906,54.84999847412109,55.84999847412109,54.96999969482422,55.93500022888183,55.60333379109701,55.3350004196167,55.76000030517578,56.35666694641113,-0.0027099858232475,0.0117753206919888,0.0172101585110351,-0.0063406210866095,8.0,0.648,0.0,0.0,0.0
54.29999923706055,55.34999847412109,53.59999847412109,55.150001525878906,54.87999954223633,55.725,55.60333379109701,55.25500030517578,55.60800033569336,56.20666694641113,-0.016304375243472,0.0156538176935778,0.0193370027958288,-0.0128913586146368,8.0,0.648,0.0,0.0,0.0
55.70000076293945,55.900001525878906,54.54999923706055,54.59999847412109,55.05999984741211,55.579999923706055,55.69000040690104,55.29000034332275,55.53800033569336,56.07166697184245,0.0257827172292736,-0.0197486943222854,0.003590677921005,-0.0206463466809154,8.0,0.648,1.0,1.0,1.0
56.09999847412109,56.59999847412109,55.75,56.0,55.32999954223633,55.42499961853027,55.753333536783856,55.36500034332276,55.4920002746582,55.94500020345052,0.0071812873555251,-0.0017825040435112,0.0089126562138972,-0.0062388321504598,8.0,0.648,1.0,1.0,1.0
55.09999847412109,56.09999847412109,54.95000076293945,55.650001525878906,55.279999542236325,55.21499938964844,55.71333338419596,55.45000019073486,55.39600021362305,55.798333485921226,-0.0178253124277944,0.0099819068419055,0.0181488208292723,-0.0027222815850365,8.0,0.648,0.0,0.0,0.0
55.09999847412109,56.09999847412109,54.95000076293945,55.650001525878906,55.279999542236325,55.21499938964844,55.71333338419596,55.45000019073486,55.39600021362305,55.798333485921226,-0.0178253124277944,0.0099819068419055,0.0181488208292723,-0.0027222815850365,8.0,0.648,0.0,0.0,0.0
54.09999847412109,56.04999923706055,53.900001525878906,55.09999847412109,55.05999908447266,55.01499938964844,55.64333318074544,55.46750011444092,55.28000015258789,55.643333435058594,-0.0181488208292722,0.0184842888762437,0.0360443774110685,-0.0036968013656757,8.0,0.542,0.0,0.0,0.0
53.04999923706055,54.0,52.79999923706055,53.84999847412109,54.80999908447266,54.84499931335449,55.41999969482422,55.40500011444092,55.16600006103516,55.47500012715658,-0.0194084892176626,0.0150800989362063,0.017907648946313,-0.0047125354117885,8.0,0.436,0.0,0.0,0.0
53.04999923706055,54.0,52.79999923706055,53.84999847412109,54.80999908447266,54.84499931335449,55.41999969482422,55.40500011444092,55.16600006103516,55.47500012715658,-0.0194084892176626,0.0150800989362063,0.017907648946313,-0.0047125354117885,8.0,0.436,0.0,0.0,0.0
52.75,53.34999847412109,52.09999847412109,53.150001525878906,54.21999893188477,54.63999938964844,55.12666625976563,55.32250003814697,55.07600006103516,55.31833343505859,-0.0056550281126294,0.0075829673152398,0.011374378656324,-0.0123223038081309,8.0,0.542,0.0,0.0,0.0
54.5,54.95000076293945,52.45000076293945,52.84999847412109,53.89999923706055,54.61499938964844,54.91666615804037,55.28999996185303,55.07200012207032,55.22666676839193,0.0331753554502369,-0.0302752573555762,0.008256894732834,-0.0376146649001934,8.0,0.595,1.0,1.0,1.0
55.04999923706055,55.59999847412109,54.79999923706055,54.95000076293945,53.88999938964844,54.58499946594238,54.77333272298177,55.257499885559085,55.13800003051758,55.14500007629395,0.010091729120377,-0.001816502734005,0.0099909036273024,-0.00454132613015,8.0,0.6214999999999999,1.0,1.0,1.0
55.54999923706055,55.59999847412109,54.59999847412109,55.20000076293945,54.17999954223633,54.61999931335449,54.73666610717773,55.277499771118165,55.21,55.096666717529295,0.0090826522602999,-0.0063006026809734,0.0009000762870792,-0.0171017241401806,8.0,0.6347499999999999,1.0,1.0,1.0
54.900001525878906,55.84999847412109,54.5,55.84999847412109,54.55,54.67999954223633,54.746666208902994,55.20249977111816,55.23400009155274,55.06333338419597,-0.0117011290748675,0.0173041333668155,0.0173041333668155,-0.0072860020903706,8.0,0.641375,0.0,0.0,0.0
55.04999923706055,55.70000076293945,54.54999923706055,54.79999923706055,55.00999984741211,54.61499938964844,54.76333287556966,55.09749965667724,55.26,55.06500002543132,0.0027321986705398,-0.00454132613015,0.011807475656445,-0.0090826522603,8.0,0.6446875000000001,1.0,1.0,1.0
54.09999847412109,55.09999847412109,53.95000076293945,55.0,54.92999954223633,54.41499938964844,54.71999944051107,54.91999950408936,55.217999877929685,55.04833335876465,-0.0172570531535974,0.0166358881934058,0.0184842888762437,-0.0027726010242568,8.0,0.64634375,0.0,0.0,0.0
53.70000076293945,54.59999847412109,53.54999923706055,54.400001525878906,54.65999984741211,54.27499961853027,54.60999959309896,54.74499950408936,55.13799987792969,55.05833333333333,-0.0073936732433177,0.0130353957727045,0.0167597336758842,-0.0027933244645766,8.0,0.647171875,0.0,0.0,0.0
53.84999847412109,54.20000076293945,53.34999847412109,54.0,54.31999969482422,54.24999961853028,54.51999944051106,54.63249950408935,55.085999755859376,55.06166661580404,0.0027932534273846,0.0027855437349917,0.0064995784352075,-0.0092850513308795,8.0,0.6475859374999999,1.0,1.0,1.0
54.0,54.20000076293945,53.400001525878906,54.0,54.13999938964844,54.34499969482422,54.4999994913737,54.59499950408936,54.98999969482422,55.05166664123535,0.0027855437349918,0.0,0.0037037178322121,-0.0111110828540943,8.0,0.6477929687499999,1.0,1.0,1.0
55.150001525878906,55.25,53.900001525878906,54.34999847412109,54.15999984741211,54.58499984741211,54.46333287556966,54.61249961853027,54.90999969482422,55.07666664123535,0.021296324553313,-0.0145059479532818,0.0018132089094171,-0.0226654572151452,8.0,0.6478964843749999,1.0,1.0,1.0
56.5,57.25,55.09999847412109,55.150001525878906,54.64000015258789,54.78499984741211,54.48999964396159,54.69999961853027,54.86399963378906,55.12166659037272,0.0244786661245623,-0.0238937783030281,0.0132743362831857,-0.0247787880686531,8.0,0.6479482421875,1.0,1.0,1.0
56.34999847412109,57.25,56.20000076293945,56.84999847412109,55.16999969482422,54.91499977111816,54.573332977294925,54.74999961853028,54.82999954223633,55.14333318074544,-0.0026548942633434,0.0088731147034479,0.0159716335448036,-0.0026618937931387,8.0,0.64797412109375,0.0,0.0,0.0
56.400001525878906,57.45000076293945,56.04999923706055,56.54999923706055,55.68000030517578,55.0,54.72666651407878,54.80999965667725,54.84199966430664,55.18499984741211,0.000887365627539,0.0026595338142467,0.0186170072456248,-0.0062057141728579,8.0,0.6479870605468749,1.0,1.0,1.0
56.45000076293945,56.84999847412109,56.0,56.400001525878906,56.17000045776367,55.15499992370606,54.9533332824707,54.9174997329712,54.90999969482422,55.18666648864746,0.0008865112714155,-0.0008857260652752,0.0070858760987695,-0.007971669740612,8.0,0.6479935302734374,1.0,1.0,1.0
58.25,58.34999847412109,56.45000076293945,56.70000076293945,56.79000015258789,55.475,55.31999994913737,55.04499969482422,55.0479997253418,55.2233331044515,0.0318866113858811,-0.0266094289624128,0.0017167120020789,-0.030901274455975,8.0,0.6479967651367187,1.0,1.0,1.0
58.650001525878906,59.09999847412109,58.20000076293945,58.45000076293945,57.22000045776368,55.93000030517578,55.596666717529295,55.17249984741211,55.20399978637696,55.25666643778483,0.0068669789850456,-0.0034100725956708,0.0076725820381031,-0.0076726470798281,8.0,0.6479983825683593,1.0,1.0,1.0
58.900001525878906,59.150001525878906,58.150001525878906,58.650001525878906,57.73000106811524,56.45000038146973,55.85333353678386,55.3625,55.34599990844727,55.313333129882814,0.0042625744841573,-0.0042444820632161,0.0042444820632161,-0.0127334461896485,8.0,0.6479991912841796,1.0,1.0,1.0
59.45000076293945,59.84999847412109,58.70000076293945,58.70000076293945,58.34000091552734,57.01000061035156,56.11333363850911,55.63000011444092,55.51599990844726,55.42499987284342,0.0093378475859443,-0.012615643235913,0.0067283045592658,-0.012615643235913,8.0,0.6479995956420899,1.0,1.0,1.0
61.45000076293945,62.0,58.75,60.0,59.34000091552734,57.75500068664551,56.550000254313154,56.05000019073486,55.80199996948242,55.64833323160807,0.033641715295768,-0.0235964319761888,0.0089503536246049,-0.0439381729766849,8.0,0.647999797821045,1.0,1.0,1.0
63.84999847412109,65.25,63.0,63.5,60.46000061035157,58.625000381469725,57.13666687011719,56.60500011444092,56.12799987792969,55.94999987284343,0.0390561054741122,-0.0054815737272562,0.0219264143983706,-0.0133124274774353,8.0,0.6479998989105225,1.0,1.0,1.0
64.1500015258789,64.94999694824219,63.34999847412109,63.79999923706055,61.560000610351565,59.39000053405762,57.80666707356771,57.08750019073487,56.45,56.263333257039385,0.0046985600458456,-0.0054559981370719,0.0124706999740373,-0.0124708189045806,8.0,0.6479999494552613,1.0,1.0,1.0
63.79999923706055,64.55000305175781,63.0,64.19999694824219,62.54000015258789,60.13500061035156,58.48000030517578,57.52500019073487,56.79800003051758,56.54499994913737,-0.0054559981370719,0.0062695566765662,0.0117555458254865,-0.0125391731446266,8.0,0.6479999747276306,0.0,0.0,0.0
63.25,64.55000305175781,63.0,63.59999847412109,63.3,60.82000045776367,59.106667073567706,57.91000022888184,57.16400009155274,56.81333325703939,-0.0086206777999624,0.0055335727133769,0.0205534079329299,-0.0039525691699604,8.0,0.6479999873638154,0.0,0.0,0.0
64.19999694824219,64.3499984741211,63.09999847412109,63.25,63.849999237060544,61.59500007629394,59.78666687011719,58.375,57.61,57.14333318074544,0.0150197145967144,-0.0147974609563933,0.0023364724767795,-0.017133933433173,8.0,0.6479999936819076,1.0,1.0,1.0
64.44999694824219,65.8499984741211,64.0999984741211,64.25,63.96999893188477,62.214999771118165,60.4066665649414,58.84499988555908,58.077999877929685,57.43499972025553,0.0038940811819905,-0.0031031335564344,0.0217222900259126,-0.0054305429122388,8.0,0.6479999968409538,1.0,1.0,1.0
64.05000305175781,64.69999694824219,63.0,64.5999984741211,63.94999923706055,62.75499992370605,60.91000010172526,59.34250011444092,58.46,57.69999987284343,-0.0062062671128688,0.0085869694950495,0.01014822584722,-0.0163934894883505,8.0,0.647999998420477,0.0,0.0,0.0
64.80000305175781,65.0999984741211,64.05000305175781,64.30000305175781,64.15,63.34500007629394,61.47333374023437,59.89750022888184,58.85000015258789,58.023333358764646,0.0117096013156148,-0.0077160490193285,0.0046295587690585,-0.0115740735289927,8.0,0.6479999992102385,1.0,1.0,1.0
65.55000305175781,65.8499984741211,64.3499984741211,64.80000305175781,64.61000061035156,63.95500030517578,62.08333384195964,60.48250045776367,59.25000030517578,58.40500017801921,0.0115740735289927,-0.0114416470645746,0.0045765889915581,-0.018306705137591,8.0,0.6479999996051193,1.0,1.0,1.0
66.75,67.25,65.25,65.75,65.12000122070313,64.48500022888183,62.77000045776367,61.12000045776367,59.72400024414063,58.86166687011719,0.0183065887471382,-0.0149812734082397,0.0074906367041198,-0.0224719101123596,8.0,0.6479999998025596,1.0,1.0,1.0
67.4000015258789,68.19999694824219,66.9000015258789,67.05000305175781,65.71000213623047,64.84000053405762,63.38000055948893,61.73250045776367,60.21800033569336,59.35000025431315,0.0097378505749648,-0.0051928555815641,0.0118693680156092,-0.0074183974581665,8.0,0.6479999999012798,1.0,1.0,1.0
66.94999694824219,67.5999984741211,66.19999694824219,67.4000015258789,66.29000091552734,65.12000007629395,63.93333358764649,62.25500030517578,60.732000274658205,59.76500015258789,-0.006676625629807,0.0067215025862452,0.0097087610979491,-0.0112023903538011,8.0,0.6479999999506398,0.0,0.0,0.0
66.69999694824219,67.80000305175781,66.5,67.19999694824219,66.66999969482421,65.40999984741211,64.45333328247071,62.77250022888184,61.25200012207032,60.15333340962728,-0.0037341301179336,0.0074962522170427,0.0164918463844789,-0.0029984551333245,8.0,0.6479999999753199,0.0,0.0,0.0
66.80000305175781,67.1500015258789,65.6500015258789,66.94999694824219,66.91999969482421,65.76500015258789,64.94333343505859,63.29250030517578,61.770000305175785,60.528333536783855,0.0014993419503936,0.0022454175094597,0.0052394978762186,-0.0172155909182798,8.0,0.64799999998766,1.0,1.0,1.0
66.4000015258789,67.0999984741211,66.0999984741211,66.9000015258789,66.85,65.98500061035156,65.27333348592123,63.79000034332275,62.26600036621094,60.91166687011719,-0.0059880465210305,0.0075301203088846,0.0105421224722317,-0.0045181181455378,8.0,0.64799999999383,0.0,0.0,0.0
66.05000305175781,66.6500015258789,66.0,66.5,66.58000030517579,66.14500122070312,65.42000045776368,64.18000049591065,62.70200042724609,61.27833366394043,-0.0052710612361158,0.0068129739205244,0.0090840037304906,-0.0007570484397801,8.0,0.647999999996915,0.0,0.0,0.0
66.0,66.19999694824219,65.5999984741211,66.0,66.39000091552734,66.34000091552734,65.54333368937175,64.5475004196167,63.08200042724609,61.67500038146973,-0.0007570484397802,0.0,0.0030302567915483,-0.0060606291799834,8.0,0.6479999999984576,0.0,0.0,0.0
68.0,68.0999984741211,65.8499984741211,66.0,66.6500015258789,66.66000061035156,65.82333374023438,65.00250034332275,63.54800048828125,62.15166702270508,0.0303030303030303,-0.0294117647058823,0.0014705657958984,-0.0316176694982192,8.0,0.6479999999992287,1.0,1.0,1.0
69.8499984741211,70.0,68.0999984741211,68.3499984741211,67.26000061035157,67.09000015258789,66.26333363850911,65.52250022888184,64.08600036621094,62.68500035603841,0.0272058599135454,-0.0214745888728363,0.0021474807323651,-0.0250536870183091,8.0,0.6479999999996144,1.0,1.0,1.0
70.1500015258789,70.80000305175781,69.5999984741211,70.5,68.01000061035157,67.43000030517578,66.66000061035156,65.9575002670288,64.63400039672851,63.22333374023437,0.0042949614647301,0.0049892867641916,0.0092658804239529,-0.0078403854567973,8.0,0.6479999999998072,1.0,1.0,1.0
71.6500015258789,71.8499984741211,70.0,70.19999694824219,69.13000030517578,67.85500030517578,67.14000091552734,66.3475004196167,65.17000045776368,63.77333374023438,0.0213827507822168,-0.0202373279379903,0.0027913041728262,-0.0230286321108165,8.0,0.6479999999999035,1.0,1.0,1.0
71.6500015258789,72.0,70.5,71.69999694824219,70.26000061035157,68.32500076293945,67.64666748046875,66.7225004196167,65.69000045776367,64.27833379109701,0.0,0.0006977728024921,0.0048848355431601,-0.0160502651973223,8.0,0.6479999999999517,0.0,0.0,0.0
72.5999984741211,73.4000015258789,71.25,71.5,71.18000030517578,68.91500091552734,68.16666717529297,67.16250038146973,66.23800033569336,64.82000045776367,0.0132588545430674,-0.0151514944523476,0.0110193260133879,-0.0185950206955212,8.0,0.6479999999999759,1.0,1.0,1.0
72.9000015258789,73.25,72.5,73.1500015258789,71.79000091552734,69.52500076293946,68.6566670735677,67.64500045776367,66.77600036621094,65.37000045776367,0.0041322735270407,0.0034293552094268,0.0048010763620744,-0.005486989266206,8.0,0.6479999999999879,1.0,1.0,1.0
73.69999694824219,74.0999984741211,73.05000305175781,73.5999984741211,72.5,70.25500030517578,69.12000020345052,68.12000045776367,67.26600021362304,65.9450003306071,0.0109738738767966,-0.0013568314553842,0.0054274293411411,-0.0088194562197994,8.0,0.6479999999999939,1.0,1.0,1.0
73.80000305175781,74.1500015258789,73.05000305175781,73.94999694824219,72.93000030517578,71.03000030517578,69.54666697184244,68.58750076293946,67.66400039672851,66.4633337656657,0.0013569349749886,0.0020324375376947,0.0047425265534966,-0.010162601205775,8.0,0.647999999999997,1.0,1.0,1.0
73.5999984741211,74.25,73.30000305175781,74.0,73.31999969482422,71.7900001525879,69.99000040690105,69.06500053405762,68.0420002746582,66.96166699727377,-0.0027100890158019,0.0054348034534206,0.0088315426542768,-0.004076024844875,8.0,0.6479999999999986,0.0,0.0,0.0
72.19999694824219,73.9000015258789,72.05000305175781,73.5999984741211,73.23999938964843,72.2099998474121,70.3566670735677,69.43500022888183,68.37800018310547,67.40500017801921,-0.0190217602568452,0.0193906036711126,0.023545770768597,-0.0020774778784533,8.0,0.6479999999999992,0.0,0.0,0.0
71.69999694824219,72.9000015258789,71.44999694824219,72.3499984741211,72.9999984741211,72.39499969482422,70.68333333333334,69.74249992370605,68.71600006103516,67.81333338419596,-0.0069252080489481,0.0090655725738471,0.016736466230298,-0.0034867504970811,8.0,0.6479999999999997,0.0,0.0,0.0
72.80000305175781,73.05000305175781,70.8499984741211,71.80000305175781,72.81999969482422,72.65999984741211,71.11000010172526,70.04500007629395,69.06000030517578,68.19166679382325,0.0153417873129015,-0.0137362631604429,0.0034340657901108,-0.0267857760424865,8.0,0.6479999999999999,1.0,1.0,1.0
74.80000305175781,75.0,73.0,73.19999694824219,73.01999969482422,72.975,71.69333343505859,70.4150001525879,69.4740005493164,68.55666694641113,0.027472526320886,-0.0213904550566461,0.0026737558834564,-0.0240642109401024,8.0,0.6479999999999999,1.0,1.0,1.0
76.75,76.9000015258789,74.94999694824219,75.25,73.65,73.48499984741211,72.41000010172526,70.90500030517578,69.98200042724609,68.9766668955485,0.0260694768540702,-0.019543973941368,0.0019544172752952,-0.0234528084919585,8.0,0.6479999999999999,1.0,1.0,1.0
79.0,79.9000015258789,76.30000305175781,76.9000015258789,75.01000061035157,74.125,73.1433334350586,71.52000045776367,70.55000030517579,69.48333358764648,0.0293159609120521,-0.0265822591660898,0.0113924243782139,-0.0341771765600277,8.0,0.648,1.0,1.0,1.0
79.0,79.9000015258789,76.30000305175781,76.9000015258789,75.01000061035157,74.125,73.1433334350586,71.52000045776367,70.55000030517579,69.48333358764648,0.0293159609120521,-0.0265822591660898,0.0113924243782139,-0.0341771765600277,8.0,0.648,1.0,1.0,1.0
81.69999694824219,82.3499984741211,79.25,79.5,77.01000061035157,75.00499954223633,73.93333333333334,72.26500015258789,71.19600006103515,70.09833348592123,0.0341771765600276,-0.0269277482303446,0.007955955326298,-0.0299877238648403,8.0,0.56755,1.0,1.0,1.0
81.30000305175781,84.5,80.19999694824219,82.0,78.71000061035156,75.76500015258789,74.67666676839193,73.01000022888184,71.77800018310546,70.66833368937175,-0.0048958863087568,0.0086100482406692,0.03936035458947,-0.0135302098674624,8.0,0.527325,0.0,0.0,0.0
82.80000305175781,83.1500015258789,81.4000015258789,81.75,80.31000061035157,76.6650001525879,75.42000020345053,73.84750022888184,72.39400024414063,71.28000055948893,0.0184501838092805,-0.0126811958098776,0.0042270345558117,-0.0169082303656894,8.0,0.5072125000000001,1.0,1.0,1.0
82.19999694824219,84.3499984741211,81.5,83.0999984741211,81.4,77.525,76.12333323160807,74.65750007629394,73.00400024414063,71.88500035603842,-0.0072464502584687,0.0109489240789826,0.0261557372956189,-0.0085157782753075,8.0,0.49715625,0.0,0.0,0.0
77.5999984741211,82.0,77.30000305175781,81.9000015258789,81.11999969482422,78.06500015258788,76.4566665649414,75.1375,73.44000030517579,72.3116668701172,-0.0559610540742174,0.0554124115503922,0.0567010517061576,-0.0038659204672965,8.0,0.492128125,0.0,0.0,0.0
77.75,79.1500015258789,75.55000305175781,77.5999984741211,80.33000030517579,78.67000045776368,76.77999979654948,75.53250007629394,73.87800018310547,72.7183334350586,0.0019330093921191,-0.0019292800756129,0.0180064504936192,-0.0282957806847869,8.0,0.4896140625,1.0,1.0,1.0
77.75,78.25,76.44999694824219,77.9000015258789,79.61999969482422,79.1650001525879,77.05,75.9125,74.33200012207031,73.08500010172526,0.0,0.0019292800756129,0.0064308681672025,-0.016720296485631,8.0,0.4883570312499999,0.0,0.0,0.0
78.25,79.5999984741211,77.94999694824219,78.0999984741211,78.70999908447266,79.5099998474121,77.34666646321615,76.24249992370605,74.82,73.4466667175293,0.0064308681672025,-0.0019169524073981,0.0172523766660843,-0.0038339048147962,8.0,0.4877285156249999,1.0,1.0,1.0
79.69999694824219,80.0999984741211,77.5,78.94999694824219,78.20999908447266,79.80499954223633,77.75333302815756,76.64499969482422,75.36799987792969,73.8716667175293,0.0185303124375998,-0.0094102889425083,0.0050188399146195,-0.0276034759407943,8.0,0.4874142578125,1.0,1.0,1.0
79.4000015258789,81.44999694824219,79.25,80.05000305175781,78.56999969482422,79.84499969482422,78.23333333333333,76.98499984741211,75.82399993896485,74.29500020345053,-0.0037640581411577,0.0081864170451817,0.0258185816494616,-0.0018891879470558,8.0,0.4872571289062499,0.0,0.0,0.0
81.94999694824219,82.0999984741211,79.9000015258789,79.94999694824219,79.40999908447266,79.86999969482422,78.91666666666667,77.43749961853027,76.30799987792969,74.8,0.0321158107475874,-0.024405125985095,0.0018304030685156,-0.0250151982758219,8.0,0.4871785644531249,1.0,1.0,1.0
78.6500015258789,81.5,77.05000305175781,81.5,79.58999938964844,79.60499954223633,79.30666656494141,77.68499984741212,76.64799987792969,75.20833333333333,-0.0402684020165063,0.03623647067805,0.03623647067805,-0.0203432732750123,8.0,0.4871392822265624,0.0,0.0,0.0
80.3499984741211,81.44999694824219,78.0,78.5,80.00999908447265,79.35999908447266,79.67666625976562,78.01249961853027,76.99599975585937,75.68499984741212,0.0216147096663796,-0.0230242502707319,0.013690087056758,-0.0292470257467145,8.0,0.4871,1.0,1.0,1.0
80.3499984741211,81.44999694824219,78.0,78.5,80.00999908447265,79.35999908447266,79.67666625976562,78.01249961853027,76.99599975585937,75.68499984741212,0.0216147096663796,-0.0230242502707319,0.013690087056758,-0.0292470257467145,8.0,0.4871,1.0,1.0,1.0
80.5,81.0999984741211,79.69999694824219,80.3499984741211,80.16999969482421,79.18999938964843,79.92666625976562,78.35749969482421,77.34999969482422,76.16833318074545,0.0018668516331984,-0.0018633729922845,0.0074533971940509,-0.0099379261087927,8.0,0.56755,1.0,1.0,1.0
79.69999694824219,80.80000305175781,79.05000305175781,80.5,80.22999877929688,79.39999923706054,79.97333272298177,78.73249969482421,77.63399963378906,76.55833307902019,-0.0099379261087927,0.0100376798292394,0.0138018336968064,-0.0081555071690465,8.0,0.607775,0.0,0.0,0.0
79.25,80.19999694824219,78.8499984741211,80.19999694824219,79.68999938964843,79.54999923706055,79.80999959309896,79.10999984741211,77.88799957275391,76.87166646321614,-0.0056461350749413,0.0119873431954851,0.0119873431954851,-0.0050473378659798,8.0,0.6278874999999999,0.0,0.0,0.0
82.80000305175781,83.0,79.5,79.55000305175781,80.51999969482422,80.05499954223633,79.90999959309896,79.60999984741211,78.25199981689452,77.29333318074545,0.044794991189373,-0.0392512062827877,0.0024154219911944,-0.0398551078518076,8.0,0.63794375,1.0,1.0,1.0
83.0999984741211,84.4000015258789,82.8499984741211,83.30000305175781,81.06999969482422,80.53999938964844,79.92999928792318,80.02499961853027,78.62399963378907,77.67499974568685,0.0036231329867917,0.0024067939989071,0.0156438396585849,-0.0030084236412815,8.0,0.642971875,1.0,1.0,1.0
81.3499984741211,83.6500015258789,81.0999984741211,83.5,81.23999938964843,80.70499954223632,79.87333272298177,80.25499954223633,78.93399963378906,77.99833297729492,-0.0210589654889702,0.0264290297013694,0.0282729329428259,-0.0030731408074891,8.0,0.6454859374999999,0.0,0.0,0.0
82.5,82.75,81.19999694824219,81.80000305175781,81.8,81.01499938964844,80.1999994913737,80.42999954223633,79.34599975585938,78.32833302815756,0.0141364664714129,-0.0084848114938447,0.0030303030303029,-0.0157576127485795,8.0,0.6467429687499999,1.0,1.0,1.0
81.69999694824219,82.69999694824219,81.25,82.55000305175781,82.28999938964844,80.98999938964843,80.46333262125651,80.42999954223633,79.74599975585937,78.621666208903,-0.0096970066879734,0.0104039918637219,0.0122399025379831,-0.0055079187888742,8.0,0.647371484375,0.0,0.0,0.0
81.0999984741211,82.4000015258789,80.55000305175781,82.1500015258789,81.94999847412109,81.23499908447266,80.68666585286458,80.4199993133545,80.07799957275391,78.86833292643229,-0.0073439228461807,0.0129470169113858,0.0160296310261047,-0.0067816946080311,8.0,0.6476857421875,0.0,0.0,0.0
81.80000305175781,82.19999694824219,80.5999984741211,81.44999694824219,81.68999938964843,81.37999954223633,80.92333272298177,80.3699993133545,80.35799957275391,79.13499959309895,0.0086313759655629,-0.0042788030618307,0.0048899007525866,-0.0146699820643947,8.0,0.64784287109375,1.0,1.0,1.0
81.4000015258789,81.80000305175781,80.9000015258789,81.75,81.7,81.46999969482422,81.03666636149089,80.32999954223632,80.54399963378906,79.39499969482422,-0.0048899940214648,0.0042997354737126,0.0049140235673303,-0.0061425060273621,8.0,0.647921435546875,0.0,0.0,0.0
82.8499984741211,83.1500015258789,81.0,81.44999694824219,81.76999969482422,81.78499984741211,81.26666615804037,80.59249954223633,80.6979995727539,79.74999974568685,0.0178132299884687,-0.016898027177589,0.0036210387119262,-0.0223294931586384,8.0,0.6479607177734374,1.0,1.0,1.0
83.69999694824219,85.5,83.0999984741211,83.4000015258789,82.16999969482421,82.22999954223633,81.38333282470703,80.88999938964844,80.77799957275391,80.14999974568686,0.0102594869013376,-0.0035841748303622,0.0215054135888546,-0.0071684408123947,8.0,0.6479803588867188,1.0,1.0,1.0
83.05000305175781,84.30000305175781,82.5999984741211,84.05000305175781,82.56000061035157,82.25499954223633,81.67666625976562,81.15499954223633,80.8479995727539,80.49166641235351,-0.0077657577082865,0.0120409387508004,0.0150511734385003,-0.0054184775569035,8.0,0.6479901794433593,0.0,0.0,0.0
84.6500015258789,84.80000305175781,83.0999984741211,83.1500015258789,83.13000030517578,82.40999984741211,81.96333312988281,81.47499961853028,80.92199951171875,80.81999969482422,0.0192654836282661,-0.0177200233072816,0.0017720203564679,-0.0183107268023373,8.0,0.6479950897216797,1.0,1.0,1.0
82.55000305175781,86.0999984741211,82.05000305175781,85.44999694824219,83.36000061035156,82.53000030517578,82.1,81.61749992370605,80.93599975585937,81.01333312988281,-0.0248080146044544,0.0351301488706925,0.0430041828119314,-0.006056934966877,8.0,0.6479975448608399,0.0,0.0,0.0
83.94999694824219,84.1500015258789,82.55000305175781,83.0,83.58000030517579,82.675,82.38333333333334,81.84499969482422,81.18999969482422,81.17833302815755,0.0169593439700613,-0.01131622373766,0.0023824250733448,-0.016676521112294,8.0,0.6479987724304199,1.0,1.0,1.0
87.19999694824219,88.30000305175781,84.05000305175781,85.5,84.28000030517578,83.225,82.91333312988282,82.10749969482421,81.5679995727539,81.36166636149089,0.0387135213596699,-0.0194953785290982,0.012614749335009,-0.036123784480796,8.0,0.648,1.0,1.0,1.0
87.19999694824219,88.30000305175781,84.05000305175781,85.5,84.28000030517578,83.225,82.91333312988282,82.10749969482421,81.5679995727539,81.36166636149089,0.0387135213596699,-0.0194953785290982,0.012614749335009,-0.036123784480796,8.0,0.648,1.0,1.0,1.0
88.5,89.44999694824219,87.5,87.6500015258789,85.36999969482422,83.96500015258789,83.29333292643229,82.59999961853028,81.99799957275391,81.60166625976562,0.0149082923997053,-0.0096045025324417,0.010734428793697,-0.0112994350282485,8.0,0.648,1.0,1.0,1.0
87.0999984741211,88.30000305175781,85.55000305175781,88.30000305175781,85.85999908447266,84.49499969482422,83.55999959309896,82.93749961853027,82.35199951171874,81.74499944051107,-0.0158192262811175,0.0137773203060762,0.0137773203060762,-0.0177955849542731,8.0,0.648,0.0,0.0,0.0
86.94999694824219,87.9000015258789,85.8499984741211,87.30000305175781,86.73999786376953,85.04999923706055,83.93333282470704,83.25999946594239,82.64199951171875,81.9033327738444,-0.0017221759874482,0.0040253722346186,0.0109258724667031,-0.0126509317162584,8.0,0.648,0.0,0.0,0.0
87.44999694824219,88.19999694824219,86.5,87.69999694824219,87.43999786376953,85.50999908447265,84.26333262125651,83.64749946594239,82.96399932861328,82.2316660563151,0.0057504314841739,0.0028587765434453,0.008576329630336,-0.0108633159679176,8.0,0.648,1.0,1.0,1.0
87.6500015258789,88.44999694824219,87.0999984741211,87.75,87.52999877929688,85.90499954223633,84.65999959309896,84.06749954223633,83.19199951171875,82.56166610717773,0.0022870735805181,0.0011408838834026,0.0091271581110821,-0.0062749919245058,8.0,0.648,1.0,1.0,1.0
87.44999694824219,88.75,86.8499984741211,87.69999694824219,87.31999816894532,86.34499893188476,85.08333282470703,84.29999923706055,83.54399932861328,82.8849993387858,-0.0022818548106661,0.0028587765434453,0.0148656729230902,-0.0068610462556815,8.0,0.648,0.0,0.0,0.0
88.1500015258789,88.30000305175781,87.0999984741211,87.6500015258789,87.52999877929688,86.69499893188477,85.5066660563151,84.55249938964843,83.8559994506836,83.21499938964844,0.0080046266674088,-0.0056721496465681,0.0017016622039973,-0.0119115488778471,8.0,0.648,1.0,1.0,1.0
87.55000305175781,89.0,87.19999694824219,88.0,87.65,87.19499893188477,85.91666615804037,84.86249961853028,84.13799957275391,83.47666625976562,-0.0068065622658548,0.0051398850092119,0.0165619291570437,-0.003997785166366,8.0,0.648,0.0,0.0,0.0
88.1500015258789,89.0,87.6500015258789,88.05000305175781,87.79000091552734,87.61499938964843,86.26999969482422,85.14499969482422,84.47599975585938,83.7683329264323,0.0068532090600429,-0.0011344126192865,0.0096426370891389,-0.0056721496465681,8.0,0.648,1.0,1.0,1.0
88.1500015258789,88.5,86.30000305175781,88.19999694824219,87.89000091552734,87.7099998474121,86.56666666666666,85.46749992370606,84.83199981689454,83.97499974568684,0.0,0.0005671630345758,0.0039704874425707,-0.0209869363822753,8.0,0.648,0.0,0.0,0.0
88.3499984741211,88.6500015258789,87.3499984741211,87.80000305175781,88.07000122070312,87.69499969482422,86.91999969482421,85.82999992370605,85.05399963378906,84.29833297729492,0.0022688252385732,-0.0062251888156441,0.0033956203388694,-0.0113186193239483,8.0,0.648,1.0,1.0,1.0
88.55000305175781,90.0,88.05000305175781,88.44999694824219,88.1500015258789,87.84000015258789,87.17999979654948,86.16749992370606,85.27199981689454,84.57166646321615,0.0022637756773171,-0.0011293743655453,0.0163748943904005,-0.0056465271910577,8.0,0.648,1.0,1.0,1.0
88.94999694824219,89.6500015258789,88.1500015258789,88.1500015258789,88.43000030517578,88.0400001525879,87.6066660563151,86.54499969482421,85.57599975585937,84.85333302815755,0.0045171528255123,-0.0089937655965157,0.00786964139014,-0.0089937655965157,8.0,0.648,1.0,1.0,1.0
89.69999694824219,89.94999694824219,88.75,89.4000015258789,88.73999938964843,88.26500015258789,87.98999938964843,86.88749961853027,85.86399963378906,85.18666636149088,0.0084317034933279,-0.0033444306863954,0.0027870680992805,-0.0105908247554383,8.0,0.648,1.0,1.0,1.0
91.9499969482422,92.5,89.9000015258789,90.0,89.4999984741211,88.69499969482422,88.30666605631511,87.29999961853028,86.27399963378906,85.60999959309896,0.025083612893524,-0.0212071453285618,0.0059815450789781,-0.0222946763502037,8.0,0.648,1.0,1.0,1.0
92.25,93.5999984741211,92.1500015258789,92.6999969482422,90.27999877929688,89.175,88.55666605631511,87.75999946594239,86.71999969482422,85.9249994913737,0.0032626760382241,0.0048780156991024,0.0146341298007706,-0.0010839942994156,8.0,0.648,1.0,1.0,1.0
91.4499969482422,93.5500030517578,90.9499969482422,93.0,90.85999755859376,89.50499954223633,88.84666595458984,88.09999923706054,87.1059994506836,86.2033327738444,-0.0086721198022527,0.0169491864787603,0.0229634354685015,-0.0054674687445094,8.0,0.648,0.0,0.0,0.0
91.0999984741211,92.0999984741211,90.1999969482422,91.3000030517578,91.28999786376951,89.85999908447266,89.12333272298177,88.52749900817871,87.49399932861328,86.5283327738444,-0.0038272114357661,0.002195439966923,0.0109769485922008,-0.009879270482475,8.0,0.648,0.0,0.0,0.0
91.0500030517578,91.8499984741211,90.5,91.8499984741211,91.55999908447264,90.14999923706054,89.36333312988282,88.88249931335449,87.82199951171874,86.81333287556966,-0.0005487971811271,0.0087863305387099,0.0087863305387099,-0.0060406703275469,8.0,0.648,0.0,0.0,0.0
90.3000030517578,91.9499969482422,90.0999984741211,91.1999969482422,91.23000030517578,90.36499938964845,89.53999989827474,89.03749961853028,88.08599975585938,87.09999974568684,-0.0082372320138601,0.00996670948027,0.0182723570401059,-0.0022148900429391,8.0,0.648,0.0,0.0,0.0
92.25,92.4499969482422,90.8000030517578,91.25,91.23000030517578,90.75499954223632,89.86000010172526,89.22499961853028,88.45399963378907,87.47166646321615,0.0215946498598067,-0.0108401084010839,0.0021679885988312,-0.0157181241001863,8.0,0.648,1.0,1.0,1.0
93.3499984741211,95.8000030517578,90.1999969482422,93.0,91.61000061035156,91.23499908447266,90.2066665649414,89.53749961853028,88.80199951171875,87.85666631062826,0.0119241027004996,-0.0037493141922023,0.0262453628032561,-0.0337439911876609,8.0,0.648,1.0,1.0,1.0
93.4000015258789,94.0,89.0999984741211,91.8000030517578,92.07000122070312,91.67999954223632,90.59666646321617,89.85999984741211,89.2359994506836,88.25666631062826,0.0005356513398516,-0.0171306043681142,0.0064239664273972,-0.046038575819149,8.0,0.648,1.0,1.0,1.0
98.4499969482422,99.0,94.5999984741211,95.0,93.55,92.55499954223632,91.28333282470705,90.40999984741212,89.81599945068359,88.77666625976562,0.0540684725895218,-0.0350431392096024,0.0055866233499932,-0.0391061309645864,8.0,0.648,1.0,1.0,1.0
98.4499969482422,99.0,94.5999984741211,95.0,93.55,92.55499954223632,91.28333282470705,90.40999984741212,89.81599945068359,88.77666625976562,0.0540684725895218,-0.0350431392096024,0.0055866233499932,-0.0391061309645864,8.0,0.648,1.0,1.0,1.0
99.1999969482422,100.6999969482422,97.6999969482422,98.9000015258789,95.32999877929689,93.27999954223633,92.01999918619792,90.98749961853028,90.2959994506836,89.29333292643229,0.0076180804799241,-0.0030241474958896,0.0151209682071122,-0.0151209682071121,8.0,0.5740000000000001,1.0,1.0,1.0
97.6500015258789,99.75,96.25,99.75,96.40999908447266,93.81999969482422,92.63999938964844,91.49749984741212,90.66199951171876,89.77999954223633,-0.0156249543351497,0.0215053603820432,0.0215053603820432,-0.0143369329646951,8.0,0.537,0.0,0.0,0.0
95.8000030517578,98.25,95.5,97.9000015258789,96.9,94.25500030517578,93.12333272298176,91.87999992370604,91.00999969482422,90.15166625976562,-0.0189451965715618,0.0219206514324068,0.0255740800646793,-0.0031315557641029,8.0,0.5185,0.0,0.0,0.0
95.3499984741211,97.0500030517578,94.6500015258789,96.8000030517578,97.28999938964844,94.68000030517578,93.5499994913737,92.26999969482422,91.34599975585938,90.5783327738444,-0.0046973336461544,0.0152071798724806,0.0178290991593264,-0.007341341997317,8.0,0.50925,0.0,0.0,0.0
96.5500030517578,97.4000015258789,96.1999969482422,97.3000030517578,96.91000061035156,95.23000030517578,94.0066665649414,92.68999977111817,91.71,90.99833297729492,0.012585260585635,0.0077679956115377,0.0088037125557152,-0.0036251278348277,8.0,0.504625,1.0,1.0,1.0
93.4499969482422,98.0,93.0,98.0,95.76000061035155,95.5449996948242,94.1066665649414,92.95499954223632,91.94199981689454,91.20666631062824,-0.0321077784104656,0.0486891728233855,0.0486891728233855,-0.0048153768104607,8.0,0.5023124999999999,0.0,0.0,0.0
93.0999984741211,93.6999969482422,89.30000305175781,93.3499984741211,94.85,95.62999954223632,94.16333312988282,93.19249954223632,92.16799987792967,91.35999959309896,-0.0037453021460764,0.0026852846841827,0.0064446668523616,-0.0408162780305475,8.0,0.50115625,0.0,0.0,0.0
93.6500015258789,94.75,92.5999984741211,93.8000030517578,94.4199996948242,95.65999984741212,94.31000010172528,93.4474994659424,92.38799987792969,91.57833302815756,0.0059076590845562,0.0016017247563786,0.0117458457682686,-0.0112119918275458,8.0,0.500578125,1.0,1.0,1.0
94.5500030517578,94.75,93.0500030517578,94.0,94.26000061035155,95.775,94.54000040690104,93.72749977111816,92.66799987792967,91.8316665649414,0.0096102670711671,-0.0058170601163992,0.0021152505741612,-0.0158646213811213,8.0,0.5002890625,1.0,1.0,1.0
93.1500015258789,94.5500030517578,92.8499984741211,94.5,93.5800003051758,95.24500045776368,94.68000030517578,93.9,92.86799987792968,92.0216667175293,-0.0148069960940406,0.0144927370049052,0.0150295384105814,-0.0032206446252657,8.0,0.50014453125,0.0,0.0,0.0
93.5999984741211,95.3499984741211,92.4000015258789,93.0,93.61000061035156,94.68500061035157,94.9,93.98250007629396,93.08599975585938,92.21999994913736,0.0048308850335034,-0.0064102402126319,0.018696581501375,-0.0128204804252637,8.0,0.5000722656250001,1.0,1.0,1.0
93.4000015258789,94.8499984741211,93.1500015258789,93.75,93.67000122070311,94.26000061035155,94.97666676839192,94.0400001525879,93.28799987792968,92.4183334350586,-0.002136719567335,0.003747306942218,0.0155245923399736,-0.0026766594851792,8.0,0.5000361328125,0.0,0.0,0.0
93.5999984741211,94.5,93.0999984741211,93.4000015258789,93.66000061035156,94.0400001525879,94.9933334350586,94.14750022888184,93.48999969482422,92.6,0.0021412949140774,-0.002136719567335,0.009615401074261,-0.0053418804289643,8.0,0.50001806640625,1.0,1.0,1.0
94.3000030517578,94.4499969482422,92.4000015258789,93.9499969482422,93.61000061035156,93.93500061035157,95.05333353678384,94.30750045776368,93.70399993896484,92.825,0.007478681506926,-0.0037116234590525,0.0015906033046684,-0.0201484778832516,8.0,0.5000090332031251,1.0,1.0,1.0
95.5500030517578,95.8000030517578,93.8499984741211,94.1999969482422,94.09000091552734,93.83500061035156,94.86000061035156,94.53250045776367,93.93800018310549,93.0716667175293,0.0132555669093024,-0.0141287918408997,0.0026164311042939,-0.0177917794174832,8.0,0.5000045166015625,1.0,1.0,1.0
97.5500030517578,97.75,95.0999984741211,95.6500015258789,94.88000183105468,94.24500122070312,94.7500010172526,94.89500045776369,94.1620004272461,93.38500010172524,0.0209314488343515,-0.0194772062167011,0.0020501993027726,-0.0251153716144612,8.0,0.5000022583007813,1.0,1.0,1.0
94.5500030517578,98.4000015258789,93.6500015258789,97.6500015258789,95.11000213623046,94.3900016784668,94.5433344523112,95.01000061035155,94.2540005493164,93.59166692097982,-0.0307534588021311,0.0327868680493232,0.0407191787398839,-0.0095187889670002,8.0,0.5000011291503906,0.0,0.0,0.0
95.5,95.9000015258789,94.1999969482422,95.1500015258789,95.49000244140623,94.5750015258789,94.52333424886068,95.11750068664551,94.41600067138673,93.82333348592122,0.0100475612647219,-0.0036649054881789,0.0041884976531822,-0.0136125974006053,8.0,0.5000005645751953,1.0,1.0,1.0
94.1500015258789,95.6500015258789,93.5500030517578,95.6500015258789,95.46000213623049,94.535001373291,94.4433344523112,95.15500068664552,94.53800079345704,93.99666697184244,-0.0141361096766606,0.0159320231087589,0.0159320231087589,-0.0063727930366116,8.0,0.5,0.0,0.0,0.0
94.1500015258789,95.6500015258789,93.5500030517578,95.6500015258789,95.46000213623049,94.535001373291,94.4433344523112,95.15500068664552,94.53800079345704,93.99666697184244,-0.0141361096766606,0.0159320231087589,0.0159320231087589,-0.0063727930366116,8.0,0.5,0.0,0.0,0.0
91.75,93.5,91.3000030517578,93.5,94.7000015258789,94.39500122070312,94.12333424886069,94.8200008392334,94.56600067138672,94.06500040690104,-0.0254912531809064,0.0190735694822887,0.0190735694822887,-0.0049045988909229,8.0,0.5382750000000001,0.0,0.0,0.0
91.9499969482422,93.0,91.6999969482422,92.5999984741211,93.5800003051758,94.23000106811524,94.02333424886068,94.4575008392334,94.6320004272461,94.06500040690104,0.002179803250596,0.00706907610062,0.011419283160486,-0.002718869040754,8.0,0.5574125000000001,1.0,1.0,1.0
91.4000015258789,92.4499969482422,90.6999969482422,92.25,92.95,94.03000106811524,93.91000111897786,94.1450008392334,94.59800048828124,94.03666712443034,-0.0059814621056797,0.0092997643318466,0.0114879147137212,-0.0076586932817339,8.0,0.56698125,0.0,0.0,0.0
90.05000305175781,90.4000015258789,88.9000015258789,90.05000305175781,91.86000061035156,93.67500152587893,93.67000122070311,93.8575008392334,94.46600067138672,93.9900006612142,-0.0147702237591194,0.0,0.0038867125181543,-0.012770699465917,8.0,0.571765625,0.0,0.0,0.0
90.25,91.0500030517578,89.0999984741211,90.3000030517578,91.0800003051758,93.27000122070312,93.38333435058594,93.60250091552734,94.34000061035157,93.96166737874348,0.0022209543749513,0.0005540504349896,0.0088642997424688,-0.0127423991787136,8.0,0.5741578125,1.0,1.0,1.0
91.5500030517578,93.3499984741211,91.1500015258789,92.5999984741211,91.04000091552734,92.87000122070312,93.27666778564452,93.35250091552734,94.0640008544922,93.97833404541016,0.0144044659474549,0.0114690921612494,0.0196613365632074,-0.0043692136815415,8.0,0.5753539062499999,1.0,1.0,1.0
90.8000030517578,91.9499969482422,90.6500015258789,91.5,90.81000213623048,92.19500122070312,93.09000142415364,93.22000122070312,93.72800109863282,93.99500071207682,-0.0081922444019579,0.0077092172325499,0.0126651305928795,-0.0016519991281652,8.0,0.5759519531249999,0.0,0.0,0.0
90.25,90.75,90.0,90.6999969482422,90.58000183105467,91.76500091552734,92.88000132242838,93.07750129699708,93.43200103759766,93.92833404541015,-0.0060573021285505,0.0049861157699966,0.005540166204986,-0.002770083102493,8.0,0.5762509765624999,0.0,0.0,0.0
90.9499969482422,91.3000030517578,90.1500015258789,90.4499969482422,90.76000061035155,91.31000061035157,92.70333455403646,92.94250106811523,93.23800079345703,93.84833399454752,0.0077561988724896,-0.0054975262977143,0.0038483355168752,-0.0087959917449864,8.0,0.5764004882812499,1.0,1.0,1.0
91.5999984741211,92.0,91.1999969482422,91.25,91.03000030517578,91.05500030517578,92.52333424886068,92.7950008392334,93.08800079345704,93.78833389282228,0.0071468009641474,-0.0038209441042728,0.0043668289578837,-0.0043668289578838,8.0,0.5764752441406249,1.0,1.0,1.0
90.9499969482422,93.0999984741211,90.8000030517578,92.3499984741211,90.90999908447266,90.975,92.21666717529295,92.68500061035157,92.8640005493164,93.53833389282228,-0.0070960866452693,0.0153930904107189,0.0236393798572904,-0.001649190780839,8.0,0.5765126220703125,0.0,0.0,0.0
90.8000030517578,91.4000015258789,90.0,90.6500015258789,90.90999908447266,90.86000061035156,91.76666717529297,92.5450008392334,92.75800079345704,93.2583340962728,-0.0016491907808389,-0.0016519991281652,0.006607912488495,-0.0088106060007706,8.0,0.5765313110351562,0.0,0.0,0.0
88.9000015258789,91.25,88.4000015258789,90.75,90.63999938964844,90.61000061035156,91.39000040690104,92.3200008392334,92.59000091552734,92.96666742960612,-0.0209251262337058,0.0208098812414818,0.0264341781078261,-0.0056242968663442,8.0,0.576540655517578,0.0,0.0,0.0
86.44999694824219,89.8499984741211,86.0,88.94999694824219,89.73999938964843,90.25,90.7866668701172,91.96250076293946,92.30200073242187,92.65500055948893,-0.0275591061370625,0.0289184509919271,0.0393291109994426,-0.0052052858777034,8.0,0.5765453277587891,0.0,0.0,0.0
87.1500015258789,87.69999694824219,85.75,86.44999694824219,88.85,89.94000015258788,90.32000020345052,91.60500068664552,92.00600067138672,92.38166732788086,0.0080972192290048,-0.0080321808993756,0.0063109054817396,-0.0160642742554993,8.0,0.5765476638793945,1.0,1.0,1.0
84.94999694824219,87.25,84.5,87.0,87.65,89.27999954223633,89.86666666666666,91.07500038146972,91.67800048828126,91.99500045776368,-0.0252438845567138,0.0241318790512354,0.0270747867496585,-0.0052971979329953,8.0,0.5765488319396972,0.0,0.0,0.0
86.05000305175781,86.8499984741211,85.19999694824219,85.5,86.7,88.80499954223633,89.47333374023438,90.50000038146972,91.37600067138672,91.74833399454752,0.012948865721394,-0.006391668009901,0.0092968668680011,-0.0098780484993633,8.0,0.5765494159698485,1.0,1.0,1.0
83.19999694824219,86.9000015258789,81.44999694824219,86.9000015258789,85.55999908447265,88.09999923706054,88.92666676839193,89.93250007629395,90.96800048828123,91.4183339436849,-0.0331203486628744,0.0444712104970201,0.0444712104970201,-0.0210336546176637,8.0,0.5765497079849242,0.0,0.0,0.0
82.69999694824219,84.30000305175781,82.19999694824219,84.30000305175781,84.80999908447265,87.27499923706054,88.43666636149088,89.29249992370606,90.53200042724607,91.053333791097,-0.0060096156050467,0.0193471120019144,0.0193471120019144,-0.0060459494371314,8.0,0.5765498539924621,0.0,0.0,0.0
81.0999984741211,82.94999694824219,80.80000305175781,82.75,83.5999984741211,86.22499923706054,87.82666625976563,88.63999977111817,90.00400024414063,90.60500030517578,-0.0193470197480473,0.0203452719719274,0.0228113256341357,-0.0036990804933123,8.0,0.57655,0.0,0.0,0.0
81.0999984741211,82.94999694824219,80.80000305175781,82.75,83.5999984741211,86.22499923706054,87.82666625976563,88.63999977111817,90.00400024414063,90.60500030517578,-0.0193470197480473,0.0203452719719274,0.0228113256341357,-0.0036990804933123,8.0,0.57655,0.0,0.0,0.0
82.30000305175781,83.1500015258789,81.6500015258789,82.0,83.06999969482422,85.35999984741211,87.20999959309896,88.16749992370606,89.47400024414063,90.24333368937174,0.0147966041950005,-0.0036452374317549,0.0103280491203205,-0.0078979526339765,8.0,0.6881250000000001,1.0,1.0,1.0
82.80000305175781,83.19999694824219,82.30000305175781,83.19999694824219,82.41999969482421,84.55999984741212,86.67666625976562,87.71000022888184,88.88400024414062,89.88333384195964,0.006075333918099,0.0048308439823889,0.0048308439823889,-0.0060386471204288,8.0,0.7439125000000001,1.0,1.0,1.0
82.75,83.4000015258789,82.55000305175781,83.3499984741211,82.33000030517579,83.94499969482422,86.17666625976562,87.27750015258789,88.41200012207031,89.52833379109701,-0.0006039015690199,0.0072507368473848,0.007855003333884,-0.0024168815497545,8.0,0.77180625,0.0,0.0,0.0
83.1500015258789,83.25,82.25,82.8499984741211,82.42000122070313,83.6150001525879,85.6566665649414,86.93250007629395,87.91800018310546,89.18000055948893,0.0048338552976302,-0.0036079740980454,0.0012026274478176,-0.0108238305395436,8.0,0.785753125,1.0,1.0,1.0
83.69999694824219,84.30000305175781,83.3499984741211,83.6500015258789,82.94000091552735,83.26999969482422,85.12999979654948,86.60499992370606,87.5,88.82666702270508,0.0066144968402929,-0.0005973168958918,0.007168531964065,-0.0041815828779243,8.0,0.7927265625000001,1.0,1.0,1.0
84.6500015258789,84.94999694824219,83.30000305175781,83.8499984741211,83.41000061035156,83.2400001525879,84.71000010172526,86.2599998474121,87.21600006103516,88.46333363850911,0.0113501148419894,-0.0094507151486965,0.0035439505842367,-0.0159480029508136,8.0,0.79621328125,1.0,1.0,1.0
85.3499984741211,85.55000305175781,83.80000305175781,84.5999984741211,83.91999969482421,83.16999969482421,84.34666646321615,85.98749961853028,86.95200012207032,88.05666681925456,0.008269308158585,-0.0087873463785403,0.0023433460013166,-0.0181604622152776,8.0,0.797956640625,1.0,1.0,1.0
86.3499984741211,86.55000305175781,85.1500015258789,86.25,84.63999938964844,83.48499984741211,84.17666625976562,85.79249954223633,86.75,87.78333333333333,0.0117164618380539,-0.0011580599408008,0.0023162082359116,-0.01389689599823,8.0,0.7988283203125001,1.0,1.0,1.0
86.8499984741211,87.69999694824219,86.5999984741211,87.69999694824219,85.37999877929687,83.9,84.20333302815756,85.58749961853027,86.62199981689453,87.49499994913737,0.0057903880583141,0.0097869716644194,0.0097869716644194,-0.0028785262451616,8.0,0.79926416015625,1.0,1.0,1.0
88.4000015258789,88.9000015258789,86.80000305175781,86.8499984741211,86.31999969482422,84.63000030517578,84.28666636149089,85.42749977111816,86.54799987792968,87.3033332824707,0.0178468978582615,-0.0175339708710757,0.0056561084996544,-0.0180995299378212,8.0,0.799482080078125,1.0,1.0,1.0
85.0999984741211,87.0,84.69999694824219,87.0,86.40999908447266,84.90999984741211,84.29666646321614,85.1349998474121,86.28999969482422,87.0816665649414,-0.0373303506198667,0.0223266928313365,0.0223266928313365,-0.004700370541141,8.0,0.7995910400390626,0.0,0.0,0.0
84.4000015258789,85.5,84.0,85.0,86.21999969482422,85.06999969482422,84.18666636149088,84.81499977111817,86.03399963378907,86.83000005086264,-0.0082255812079133,0.0071089865316782,0.013033157040688,-0.0047393544863415,8.0,0.7996455200195314,0.0,0.0,0.0
84.5999984741211,85.0999984741211,84.4000015258789,84.80000305175781,85.86999969482422,85.25499954223633,84.27999979654948,84.59999961853028,85.8079995727539,86.6033332824707,0.0023696320453366,0.0023641203456747,0.0059101655912316,-0.0023640301637046,8.0,0.7996727600097657,1.0,1.0,1.0
83.19999694824219,84.6500015258789,82.69999694824219,84.55000305175781,85.13999938964844,85.25999908447265,84.3133331298828,84.43749961853027,85.49799957275391,86.37499974568685,-0.0165484816918426,0.0162260354931917,0.0174279402743098,-0.0060096156050467,8.0,0.7996863800048829,0.0,0.0,0.0
84.1500015258789,84.55000305175781,83.25,83.25,84.28999938964844,85.30499954223633,84.51666666666667,84.28749961853028,85.19999969482421,86.17166646321614,0.0114183246692629,-0.0106952051046859,0.0047534345647741,-0.0106952051046859,8.0,0.7996931900024415,1.0,1.0,1.0
84.30000305175781,85.3499984741211,84.0,84.25,84.13000030517578,85.26999969482422,84.65,84.25499992370605,84.93399993896485,85.92999979654948,0.0017825492948182,-0.000593155989889,0.0124554612615923,-0.0035587549335391,8.0,0.7996965950012208,1.0,1.0,1.0
85.25,85.55000305175781,84.1500015258789,84.30000305175781,84.3,85.2599998474121,84.8133331298828,84.21499977111816,84.71199981689453,85.74499969482422,0.0112692397847117,-0.0111436592169171,0.0035190973813232,-0.0129032079075788,8.0,0.7996982975006104,1.0,1.0,1.0
84.9000015258789,86.0,84.44999694824219,85.75,84.36000061035156,85.1150001525879,84.9566665649414,84.3,84.55199981689454,85.56666641235351,-0.0041055539486345,0.0100117604104164,0.0129564011113214,-0.0053004071796105,8.0,0.7996991487503052,0.0,0.0,0.0
85.19999694824219,86.0,84.0999984741211,84.69999694824219,84.76000061035157,84.95,85.0933329264323,84.425,84.50199981689452,85.37499974568685,0.0035335149231044,-0.0058685448111429,0.0093897075165836,-0.0129107806751369,8.0,0.7996995743751527,1.0,1.0,1.0
86.0999984741211,86.4000015258789,85.4000015258789,85.80000305175781,85.15,84.71999969482422,85.25333302815756,84.675,84.45999969482422,85.19166641235351,0.0105633985694347,-0.0034842674527276,0.0034843560635833,-0.0081300460005534,8.0,0.7996997871875764,1.0,1.0,1.0
86.94999694824219,87.8499984741211,86.30000305175781,87.19999694824219,85.67999877929688,84.90499954223633,85.4066660563151,84.90749969482422,84.53999969482422,85.05833307902019,0.009872224032345,0.002875215742087,0.0103507942204372,-0.0074754907337293,8.0,0.7996998935937882,1.0,1.0,1.0
89.25,90.6500015258789,86.80000305175781,87.25,86.47999877929688,85.38999938964844,85.66666615804037,85.22999954223633,84.6679995727539,85.00666631062826,0.0264520199250485,-0.0224089635854342,0.0156862916064863,-0.027450946198792,8.0,0.7996999467968942,1.0,1.0,1.0
90.4000015258789,91.0500030517578,89.8499984741211,90.0999984741211,87.57999877929687,85.96999969482422,85.93666636149088,85.61249961853028,84.95599975585938,85.05666631062826,0.012885171158307,-0.0033186177731637,0.0071902822445508,-0.0060841044521482,8.0,0.7996999733984471,1.0,1.0,1.0
87.69999694824219,88.5999984741211,86.5999984741211,87.4000015258789,88.07999877929687,86.41999969482421,85.99333292643229,85.83999938964844,85.15599975585937,85.09833297729492,-0.0298673067706064,-0.003420700488055,0.010262275452644,-0.0125427424446807,8.0,0.7996999866992236,0.0,0.0,0.0
88.05000305175781,89.5,86.0,88.19999694824219,88.46999969482422,86.80999984741212,85.96999969482422,86.05749969482422,85.43399993896485,85.12833302815756,0.0039909477274233,0.0017035081349878,0.0164678807267031,-0.0232822598603746,8.0,0.7996999933496118,1.0,1.0,1.0
87.3499984741211,88.5999984741211,87.1500015258789,88.5,88.55,87.11499938964843,86.11999969482422,86.19249954223633,85.63599975585937,85.20833307902018,-0.0079500801064735,0.0131654441438784,0.014310246386213,-0.002289604484669,8.0,0.799699996674806,0.0,0.0,0.0
86.8499984741211,87.94999694824219,86.5,87.6500015258789,88.06999969482422,87.27499923706054,86.28333282470703,86.26749954223632,85.79799957275391,85.23499959309896,-0.0057240985544851,0.0092113191227769,0.012665497909581,-0.0040299191740962,8.0,0.799699998337403,0.0,0.0,0.0
87.5,87.75,86.5999984741211,87.25,87.48999938964843,87.53499908447266,86.47666625976562,86.32499961853027,85.9879995727539,85.37833302815756,0.00748418580655,-0.0028571428571428,0.0028571428571428,-0.0102857317243303,8.0,0.7996999991687015,1.0,1.0,1.0
88.1500015258789,88.9000015258789,87.9000015258789,88.1500015258789,87.58000030517579,87.82999954223632,86.80666656494141,86.38999977111817,86.18799957275391,85.55999984741212,0.0074285888671875,0.0,0.0085082244698522,-0.002836074823284,8.0,0.7996999995843508,1.0,1.0,1.0
90.0,90.25,88.4000015258789,88.80000305175781,87.96999969482422,88.21999969482422,87.19666646321615,86.46999969482422,86.43999969482422,85.8566665649414,0.0209869363822753,-0.0133332994249132,0.0027777777777777,-0.0177777608235677,8.0,0.7996999997921754,1.0,1.0,1.0
89.75,90.6999969482422,89.55000305175781,90.4499969482422,88.45,88.5,87.55999959309896,86.70249977111817,86.64399963378906,86.10499979654948,-0.0027777777777777,0.0077994088940633,0.0105849242143976,-0.0022283782533948,8.0,0.7996999998960878,0.0,0.0,0.0
90.1500015258789,92.4499969482422,90.0,90.6999969482422,89.11000061035156,88.59000015258789,87.88666636149088,86.98999977111816,86.83599975585938,86.34999974568684,0.0044568415139711,0.0061008919917255,0.0255129826226683,-0.0016639104086519,8.0,0.7997000000000001,1.0,1.0,1.0
87.3499984741211,91.1999969482422,86.80000305175781,90.8000030517578,89.08000030517579,88.28499984741211,88.0499994913737,87.12749977111817,86.87599975585937,86.50333302815756,-0.0310593788615081,0.0394963324316353,0.0440755414009734,-0.0062964560042462,8.0,0.7238500000000001,0.0,0.0,0.0
88.3499984741211,88.55000305175781,85.94999694824219,86.0999984741211,89.11999969482422,88.35,88.25999959309895,87.3849998474121,86.93599975585937,86.67666625976562,0.0114481971089703,-0.0254668934788839,0.0022637756773171,-0.0271647036483186,8.0,0.6859250000000001,1.0,1.0,1.0
88.44999694824219,89.44999694824219,88.0,88.5999984741211,88.80999908447265,88.38999938964844,88.41666615804037,87.59999961853028,86.93799957275391,86.83499959309896,0.0011318446615523,0.0016958906846167,0.0113058228886673,-0.0050875857972669,8.0,0.6669625000000001,1.0,1.0,1.0
88.5,89.0,88.0,88.69999694824219,88.55999908447265,88.50499954223633,88.51999969482422,87.80999946594238,87.07399963378906,86.96333287556966,0.0005653256470666,0.0022598525225105,0.0056497175141243,-0.0056497175141242,8.0,0.65748125,1.0,1.0,1.0
88.8499984741211,89.5999984741211,88.55000305175781,88.5999984741211,88.2999984741211,88.70499954223632,88.49333292643229,87.98999938964843,87.25199951171875,87.07999954223632,0.0039547850183174,-0.0028137310556377,0.0084411931669132,-0.0033764257458108,8.0,0.6527406250000001,1.0,1.0,1.0
88.69999694824219,89.5999984741211,87.55000305175781,89.30000305175781,88.56999816894532,88.82499923706055,88.37999928792318,88.1799991607666,87.4159994506836,87.15833282470703,-0.0016882558070341,0.0067644433388847,0.0101465789948569,-0.0129649823680987,8.0,0.6503703125,0.0,0.0,0.0
88.9000015258789,89.9000015258789,87.8499984741211,89.4000015258789,88.67999877929688,88.89999923706054,88.45999959309896,88.36499938964843,87.64399963378906,87.22666625976562,0.0022548431174515,0.0056242968663442,0.0112485937326884,-0.0118110577473067,8.0,0.64918515625,1.0,1.0,1.0
87.80000305175781,88.9000015258789,87.5999984741211,88.80000305175781,88.55,88.67999954223633,88.44333292643229,88.44999961853027,87.78999969482422,87.20666631062825,-0.0123734359419654,0.0113895212442134,0.0125284559896046,-0.0022779563859333,8.0,0.6485925781249999,0.0,0.0,0.0
86.0999984741211,87.94999694824219,85.5999984741211,87.9000015258789,88.06999969482422,88.31499938964843,88.35999959309896,88.40749969482422,87.86199951171875,87.23999964396158,-0.0193622382522534,0.0209059591597882,0.0214866260964818,-0.0058072010320683,8.0,0.6482962890624999,0.0,0.0,0.0
86.0999984741211,86.75,84.55000305175781,86.0,87.51999969482422,87.90999908447266,88.30999959309896,88.24999961853027,87.89599945068359,87.29666620890299,0.0,-0.0011614224842425,0.0075493790638598,-0.0180022700328985,8.0,0.64814814453125,0.0,0.0,0.0
87.05000305175781,87.19999694824219,86.19999694824219,86.19999694824219,87.19000091552735,87.87999954223633,88.27999979654948,88.08249969482422,87.98199951171875,87.37833302815756,0.0110337351274432,-0.0097645729318381,0.0017230774408496,-0.0097645729318381,8.0,0.6480740722656251,1.0,1.0,1.0
86.69999694824219,87.55000305175781,85.9000015258789,87.30000305175781,86.75,87.71499938964844,88.18333282470704,88.03249969482422,88.04199951171876,87.49499969482422,-0.0040207477454942,0.006920485866612,0.0098039923118227,-0.0092271678260941,8.0,0.6480370361328125,0.0,0.0,0.0
85.44999694824219,86.80000305175781,85.1500015258789,86.75,86.27999877929688,87.41499938964844,87.87999928792318,87.90249938964844,88.0159994506836,87.53833287556967,-0.0144175322260532,0.0152136114474672,0.0157987846896394,-0.0035107715983301,8.0,0.6480185180664062,0.0,0.0,0.0
84.25,86.75,84.0,86.0,85.90999908447266,86.98999938964843,87.51333262125651,87.74749946594238,87.90799957275391,87.53666610717774,-0.0140432649631226,0.0207715133531156,0.0296735905044509,-0.002967359050445,8.0,0.6480092590332032,0.0,0.0,0.0
83.9000015258789,84.19999694824219,82.5999984741211,84.0,85.46999969482422,86.49499969482422,87.09666595458984,87.59999961853028,87.69399963378906,87.49166615804036,-0.0041542845593008,0.0011918769046774,0.0035756307140322,-0.0154946725639429,8.0,0.6480046295166015,0.0,0.0,0.0
86.6500015258789,86.9000015258789,83.9000015258789,84.25,85.38999938964844,86.2900001525879,87.0499994913737,87.55749969482422,87.54399963378906,87.5499994913737,0.0327771150177126,-0.0276976512823502,0.0028851701742362,-0.0317368719165997,8.0,0.6480023147583007,1.0,1.0,1.0
87.1500015258789,87.94999694824219,86.0,87.30000305175781,85.48000030517578,86.1150001525879,86.96999969482422,87.50749969482422,87.52199981689454,87.61499964396158,0.0057703403484726,0.0017211878743841,0.0091795227579625,-0.0131956569792762,8.0,0.6480011573791504,1.0,1.0,1.0
86.75,87.94999694824219,86.25,87.75,85.74000091552735,86.0099998474121,86.8566665649414,87.34499969482422,87.46999969482422,87.63666636149088,-0.0045898051506072,0.0115273775216138,0.0138328178471722,-0.0057636887608069,8.0,0.6480005786895753,0.0,0.0,0.0
88.30000305175781,89.5999984741211,86.5,86.69999694824219,86.55000152587891,86.23000030517578,86.8433334350586,87.2724998474121,87.50799987792969,87.68166656494141,0.0178674703372658,-0.0181201137963468,0.0147224844556492,-0.0203850848193372,8.0,0.6480002893447876,1.0,1.0,1.0
85.19999694824219,89.6500015258789,84.80000305175781,87.44999694824219,86.81000061035157,86.14000015258789,86.6,87.02499961853027,87.44199981689454,87.54666646321614,-0.0351076556780924,0.0264084516501432,0.0522301025473044,-0.0046947642114044,8.0,0.6480001446723938,0.0,0.0,0.0
86.4000015258789,87.1500015258789,84.44999694824219,85.19999694824219,86.76000061035157,86.075,86.44666697184245,86.97749977111816,87.39799987792969,87.41333312988282,0.0140845612748754,-0.0138889416255078,0.0086805554022513,-0.0225694970277592,8.0,0.6480000723361969,1.0,1.0,1.0
85.69999694824219,87.19999694824219,84.5999984741211,87.0,86.46999969482422,85.975,86.23333333333333,86.84499969482422,87.29999969482422,87.34666646321615,-0.0081019046906735,0.01516923101576,0.0175029177761338,-0.0128354552309427,8.0,0.6480000361680984,0.0,0.0,0.0
81.80000305175781,85.19999694824219,81.1500015258789,85.19999694824219,85.48000030517578,85.61000061035156,85.83333333333333,86.5125,86.97199981689454,87.13833312988281,-0.0455075149983931,0.0415647160102559,0.0415647160102559,-0.0079462286262707,8.0,0.648,0.0,0.0,0.0
81.80000305175781,85.19999694824219,81.1500015258789,85.19999694824219,85.48000030517578,85.61000061035156,85.83333333333333,86.5125,86.97199981689454,87.13833312988281,-0.0455075149983931,0.0415647160102559,0.0415647160102559,-0.0079462286262707,8.0,0.648,0.0,0.0,0.0
79.5999984741211,82.30000305175781,79.3499984741211,82.30000305175781,83.73999938964843,85.14500045776367,85.4,86.06749992370605,86.56599975585938,86.87999979654948,-0.0268949204836177,0.0339196561481658,0.0339196561481658,-0.0031407035777931,8.0,0.6423000000000001,0.0,0.0,0.0
80.05000305175781,80.8499984741211,78.9000015258789,80.05000305175781,82.71000061035156,84.76000061035157,84.99666697184244,85.62750015258788,86.16199981689454,86.6533332824707,0.0056533239480277,0.0,0.0099936963381004,-0.0143660397506212,8.0,0.6394500000000001,1.0,1.0,1.0
83.5,83.75,80.5999984741211,81.05000305175781,82.13000030517578,84.44500045776367,84.76000010172525,85.36750030517578,86.00799987792969,86.51999994913737,0.0430980239440032,-0.0293412808172717,0.0029940119760478,-0.0347305571961545,8.0,0.6380250000000001,1.0,1.0,1.0
82.69999694824219,84.05000305175781,82.3499984741211,84.05000305175781,81.53000030517578,84.0,84.49333343505859,85.05750007629395,85.78199981689453,86.33833312988281,-0.009580874871351,0.0163241372833486,0.0163241372833486,-0.0042321461552186,8.0,0.6373125000000001,0.0,0.0,0.0
84.3499984741211,84.6500015258789,82.05000305175781,82.6500015258789,82.03999938964844,83.7599998474121,84.42000020345053,84.8849998474121,85.61799987792969,86.14999974568686,0.0199516515933073,-0.0201540839240649,0.0035566456097786,-0.027267284694367,8.0,0.6369562500000001,1.0,1.0,1.0
83.4000015258789,84.19999694824219,82.5999984741211,84.19999694824219,82.8,83.26999969482422,84.36333363850912,84.75,85.41399993896485,85.9383331298828,-0.0112625603488736,0.0095922710758589,0.0095922710758589,-0.009592362555408,8.0,0.6367781250000001,0.0,0.0,0.0
82.55000305175781,84.5,82.4000015258789,84.0,83.3,83.00500030517578,84.27333374023438,84.57250022888184,85.16200012207031,85.68499984741212,-0.0101918280404028,0.0175650744353461,0.0236220094022232,-0.0018170989743617,8.0,0.6366890625000001,0.0,0.0,0.0
83.25,83.80000305175781,81.94999694824219,83.19999694824219,83.25,82.69000015258788,84.04666697184244,84.38250007629395,84.94400024414062,85.54833323160807,0.0084796719850306,-0.0006006372583521,0.0066066432643581,-0.0156156522733671,8.0,0.6366445312500001,1.0,1.0,1.0
83.0,83.6500015258789,82.5,83.30000305175781,83.31000061035157,82.42000045776368,83.77000020345052,84.19750022888184,84.70800018310547,85.36999994913737,-0.003003003003003,0.0036144945994918,0.0078313436852879,-0.0060240963855421,8.0,0.636622265625,0.0,0.0,0.0
83.1500015258789,83.69999694824219,82.69999694824219,83.0,83.07000122070312,82.55500030517578,83.53000030517578,84.08250045776367,84.52200012207031,85.19333343505859,0.0018072472997458,-0.0018039870490227,0.006614496840293,-0.0054119611470682,8.0,0.6366111328125,1.0,1.0,1.0
81.0,83.94999694824219,80.80000305175781,83.19999694824219,82.59000091552734,82.69500045776367,83.0433334350586,83.92000045776368,84.31800018310547,84.94333343505859,-0.025856903023745,0.027160456151138,0.0364197154103973,-0.0024690981264468,8.0,0.63660556640625,0.0,0.0,0.0
81.25,81.5999984741211,79.5,81.0,82.33000030517579,82.81500015258788,82.78000030517578,83.78750038146973,84.12400024414063,84.69000015258788,0.0030864197530864,-0.003076923076923,0.0043076735276441,-0.0215384615384615,8.0,0.636602783203125,1.0,1.0,1.0
79.19999694824219,81.6500015258789,78.75,81.6500015258789,81.51999969482422,82.3849998474121,82.3,83.4150001525879,83.81,84.37333348592122,-0.0252308067908653,0.0309344024247604,0.0309344024247604,-0.0056817798684546,8.0,0.6366013916015625,0.0,0.0,0.0
80.5,80.5999984741211,77.80000305175781,79.44999694824219,81.01999969482422,82.1650001525879,81.95333353678386,83.08250007629394,83.56200012207032,84.0933334350586,0.016414180578913,-0.0130435161709044,0.0012422170698271,-0.0335403347607725,8.0,0.6366006958007813,1.0,1.0,1.0
80.8499984741211,81.0999984741211,79.05000305175781,79.75,80.55999908447265,81.81500015258788,81.88999989827474,82.7875,83.37800018310547,83.86166661580404,0.004347807131939,-0.0136054235606842,0.0030921460076467,-0.0222633946361722,8.0,0.6366003479003907,1.0,1.0,1.0
81.25,81.6500015258789,80.69999694824219,81.0999984741211,80.60999908447266,81.6,82.0,82.43499984741212,83.25800018310547,83.7,0.0049474524851962,-0.0018461726262019,0.0049230957031249,-0.0067692683293268,8.0,0.6366001739501954,1.0,1.0,1.0
82.8499984741211,83.5999984741211,81.25,81.44999694824219,80.92999877929688,81.62999954223633,82.18666636149088,82.31749992370605,83.21600006103516,83.59166666666667,0.0196922889122596,-0.016898027177589,0.0090525046929754,-0.0193119915943132,8.0,0.6366000869750977,1.0,1.0,1.0
82.1500015258789,83.19999694824219,82.0,83.0,81.51999969482422,81.51999969482422,82.09666646321615,82.10499992370606,83.03600006103515,83.4283332824707,-0.0084489675453746,0.0103469075877415,0.0127814413007953,-0.0018259467205444,8.0,0.636600043487549,0.0,0.0,0.0
81.75,82.44999694824219,81.4000015258789,82.19999694824219,81.76999969482422,81.39499969482422,82.03333333333333,81.90750007629394,82.82,83.26333338419596,-0.004869160297616,0.0055045498255925,0.0085626538011276,-0.0042813269005638,8.0,0.6366000217437745,0.0,0.0,0.0
80.94999694824219,82.19999694824219,80.69999694824219,82.0,81.78999938964844,81.17499923706055,81.80666656494141,81.86499977111816,82.58799987792969,83.11333338419597,-0.0097859700520833,0.0129710079226952,0.0154416312183338,-0.0030883262436667,8.0,0.6366000108718872,0.0,0.0,0.0
81.1500015258789,81.44999694824219,80.1500015258789,80.94999694824219,81.76999969482422,81.18999938964843,81.6566665649414,81.94249992370605,82.30199981689454,83.01000010172525,0.0024707175438758,-0.0024646281438815,0.0036968011918965,-0.0123228586715564,8.0,0.6366000054359436,1.0,1.0,1.0
82.8499984741211,83.75,81.4000015258789,81.44999694824219,81.76999969482422,81.34999923706054,81.67666625976562,82.08249969482422,82.2079998779297,82.975,0.0209488221352658,-0.016898027177589,0.0108630240489386,-0.0175014722383501,8.0,0.6366000027179719,1.0,1.0,1.0
83.94999694824219,84.6500015258789,82.44999694824219,82.69999694824219,82.12999877929687,81.82499923706055,81.72333272298177,82.10499954223633,82.10999969482423,82.8849998474121,0.0132769884656628,-0.0148898159075653,0.008338351436371,-0.0178677790890784,8.0,0.636600001358986,1.0,1.0,1.0
83.30000305175781,84.5,83.0,84.0,82.43999938964843,82.10499954223633,81.74333292643229,82.1349998474121,82.01399993896484,82.75666656494141,-0.0077426315677547,0.0084033244009276,0.0144057251414093,-0.0036014770800357,8.0,0.636600000679493,0.0,0.0,0.0
80.55000305175781,83.8499984741211,80.1500015258789,83.69999694824219,82.36000061035156,82.075,81.56999969482422,81.94500007629395,81.96399993896485,82.55,-0.0330132040726494,0.0391060679967985,0.0409682842624208,-0.0049658784695747,8.0,0.6366000003397465,0.0,0.0,0.0
81.05000305175781,81.4000015258789,79.30000305175781,80.44999694824219,82.34000091552734,82.05500030517578,81.57333323160807,81.82750015258789,82.02200012207031,82.30833333333334,0.006207324407905,-0.0074029127812921,0.0043183030344562,-0.0215916093042274,8.0,0.6366000001698733,1.0,1.0,1.0
82.19999694824219,82.8499984741211,80.8499984741211,81.3499984741211,82.21000061035156,81.9900001525879,81.63666636149088,81.80999984741212,82.10799987792969,82.20833333333333,0.0141886965229353,-0.0103406144243083,0.0079075614356554,-0.0164233397109628,8.0,0.6366000000849367,1.0,1.0,1.0
82.0999984741211,82.8499984741211,81.44999694824219,82.55000305175781,81.84000091552734,81.98499984741211,81.82999979654947,81.75249977111817,82.05199981689454,82.06499989827473,-0.0012165264943264,0.0054811764433657,0.0091352011442047,-0.0079171929105917,8.0,0.6366000000424683,0.0,0.0,0.0
81.55000305175781,82.5,81.1500015258789,82.0,81.49000091552735,81.96500015258789,81.9,81.67999992370605,82.00600006103515,81.92666676839193,-0.0066990917489072,0.0055180494347324,0.0116492570532369,-0.0049049848057642,8.0,0.6366000000212342,0.0,0.0,0.0
81.80000305175781,82.0999984741211,80.0999984741211,81.4000015258789,81.74000091552735,82.05000076293945,81.96333363850911,81.6125,81.90400024414062,81.92666676839193,0.0030656038092522,-0.0048899940214649,0.0036674255644399,-0.0207824512740062,8.0,0.6366000000106171,1.0,1.0,1.0
80.80000305175781,82.19999694824219,80.6500015258789,81.94999694824219,81.69000091552735,82.01500091552734,81.93333384195964,81.6025001525879,81.80000030517579,81.96666692097982,-0.012224938419223,0.014232597191212,0.0173266564802923,-0.0018564544580873,8.0,0.6366000000053086,0.0,0.0,0.0
80.5,81.3499984741211,80.0,81.0999984741211,81.35000152587891,81.78000106811524,81.77666727701823,81.56500015258788,81.71800018310547,81.98166681925456,-0.0037129089161746,0.0074533971940509,0.0105589872561626,-0.0062111801242236,8.0,0.6366000000026544,0.0,0.0,0.0
79.5,81.19999694824219,79.19999694824219,80.44999694824219,80.83000183105469,81.33500137329102,81.60000050862631,81.58000030517579,81.56800018310547,81.84833348592123,-0.0124223602484472,0.0119496471477005,0.0213836094118513,-0.0037736232925511,8.0,0.6366000000013272,0.0,0.0,0.0
77.5,80.0,77.0,79.5999984741211,80.02000122070312,80.75500106811523,81.31666717529296,81.43000030517578,81.34800018310547,81.67500025431315,-0.0251572327044025,0.0270967545047882,0.032258064516129,-0.0064516129032258,8.0,0.6366000000006636,0.0,0.0,0.0
78.44999694824219,78.80000305175781,76.0999984741211,76.80000305175781,79.35,80.54500045776368,81.1500005086263,81.31000022888183,81.16,81.47833353678385,0.0122580251386088,-0.0210324277969439,0.0044615183828056,-0.0299553673108683,8.0,0.6366,1.0,1.0,1.0
78.44999694824219,78.80000305175781,76.0999984741211,76.80000305175781,79.35,80.54500045776368,81.1500005086263,81.31000022888183,81.16,81.47833353678385,0.0122580251386088,-0.0210324277969439,0.0044615183828056,-0.0299553673108683,8.0,0.6366,1.0,1.0,1.0
78.69999694824219,79.30000305175781,77.19999694824219,78.0999984741211,78.92999877929688,80.30999984741212,80.98666687011719,81.18250007629395,81.0679998779297,81.3216667175293,0.0031867432724686,-0.0076238690900546,0.0076239660328096,-0.019059721196514,8.0,0.6423000000000001,1.0,1.0,1.0
77.94999694824219,79.4000015258789,77.6500015258789,78.75,78.41999816894531,79.8849998474121,80.66000010172526,80.9375,80.93599975585937,81.16833318074545,-0.009529860598257,0.01026302864757,0.0186017271892839,-0.0038485623362175,8.0,0.6451500000000001,0.0,0.0,0.0
76.6500015258789,78.4000015258789,76.3499984741211,77.69999694824219,77.8499984741211,79.34000015258789,80.17333374023437,80.6625,80.83399993896484,80.94833323160807,-0.0166772992079327,0.0136985701429996,0.0228310497738106,-0.0039139340611301,8.0,0.6465750000000001,0.0,0.0,0.0
76.3499984741211,77.4000015258789,75.9000015258789,77.19999694824219,77.61999816894532,78.81999969482422,79.71000010172526,80.39249992370605,80.66799987792969,80.72666651407877,-0.0039139340611301,0.0111329206432033,0.0137524960411585,-0.0058938697738771,8.0,0.6472875,0.0,0.0,0.0
77.9000015258789,78.05000305175781,77.0,77.0,77.50999908447265,78.42999954223633,79.53333333333333,80.2400001525879,80.55,80.55166651407878,0.0203012846461704,-0.0115532927888315,0.0019255651211902,-0.0115532927888315,8.0,0.6476437500000001,1.0,1.0,1.0
78.05000305175781,78.94999694824219,77.75,78.0,77.38000030517578,78.15499954223633,79.33333333333333,80.08500022888184,80.42200012207032,80.45333328247071,0.0019255651211903,-0.0006406540653771,0.0115309911760996,-0.0038437288920907,8.0,0.647821875,1.0,1.0,1.0
77.69999694824219,78.8499984741211,77.5999984741211,78.05000305175781,77.33000030517579,77.87499923706055,79.03333333333333,79.82750015258789,80.21600006103516,80.3349998474121,-0.0044843829574679,0.0045045832337518,0.014800535019904,-0.0012869816994678,8.0,0.6479109375000001,0.0,0.0,0.0
77.80000305175781,78.80000305175781,77.25,77.8499984741211,77.56000061035157,77.70499954223632,78.74666697184244,79.52000045776367,80.0420001220703,80.28833338419597,0.0012870798898774,0.0006426146581257,0.0128534699328319,-0.0070694476887348,8.0,0.64795546875,1.0,1.0,1.0
75.4000015258789,76.30000305175781,75.05000305175781,76.30000305175781,77.37000122070313,77.49499969482422,78.33666687011718,79.12500038146973,79.78800018310547,80.11833343505859,-0.0308483474516352,0.0119363595181096,0.0119363595181096,-0.0046418894832643,8.0,0.648,0.0,0.0,0.0
75.4000015258789,76.30000305175781,75.05000305175781,76.30000305175781,77.37000122070313,77.49499969482422,78.33666687011718,79.12500038146973,79.78800018310547,80.11833343505859,-0.0308483474516352,0.0119363595181096,0.0119363595181096,-0.0046418894832643,8.0,0.648,0.0,0.0,0.0
77.5,77.75,75.94999694824219,76.19999694824219,77.29000091552734,77.4,78.05,78.97250022888184,79.65000030517578,80.00666681925456,0.0278514380851879,-0.0167742329259072,0.0032258064516128,-0.0200000393775201,8.0,0.730225,1.0,1.0,1.0
79.1500015258789,79.44999694824219,77.05000305175781,77.5,77.51000061035157,77.44500045776367,77.93999989827473,78.87750015258788,79.57000030517578,79.9366668701172,0.0212903422694052,-0.0208465128751693,0.0037902137281096,-0.0265318816631289,8.0,0.7713375,1.0,1.0,1.0
78.4000015258789,78.94999694824219,78.1500015258789,78.80000305175781,77.6500015258789,77.49000091552735,77.8,78.68750038146973,79.39200042724609,79.78833363850912,-0.0094756789076596,0.0051020601797675,0.0070152475976896,-0.0031887754481417,8.0,0.7918937500000001,0.0,0.0,0.0
79.44999694824219,80.0999984741211,78.55000305175781,79.0,77.98000030517578,77.77000045776367,77.79666646321614,78.55500030517578,79.2120004272461,79.69833348592122,0.0133927984939731,-0.0056639013911522,0.0081812655864839,-0.0113278027823043,8.0,0.802171875,1.0,1.0,1.0
80.6500015258789,80.94999694824219,79.05000305175781,79.5999984741211,79.03000030517578,78.20000076293945,78.00666656494141,78.51000022888184,79.10600036621094,79.66166687011719,0.0151038970891145,-0.0130192564400744,0.0037197199837251,-0.0198387903763112,8.0,0.8073109375,1.0,1.0,1.0
82.5,83.5999984741211,81.44999694824219,82.30000305175781,80.03000030517578,78.66000061035156,78.27666676839193,78.54500007629395,79.18400024414062,79.71333363850911,0.0229386043288228,-0.0024242054332386,0.0133333148378314,-0.0127273097182765,8.0,0.8098804687500001,1.0,1.0,1.0
82.1500015258789,83.0999984741211,81.5,83.0,80.63000030517578,79.07000045776367,78.50666707356771,78.6125,79.22800018310546,79.74666697184244,-0.0042424057469223,0.0103469075877415,0.0115641744442684,-0.0079123738746875,8.0,0.811165234375,0.0,0.0,0.0
84.69999694824219,85.0999984741211,82.05000305175781,82.44999694824219,81.88999938964844,79.77000045776367,78.95666707356771,78.8224998474121,79.32800018310547,79.80833358764649,0.0310407227632245,-0.0265643457032815,0.0047225683623499,-0.031286823990132,8.0,0.8118076171874999,1.0,1.0,1.0
84.3499984741211,85.3499984741211,84.0,84.69999694824219,82.86999969482422,80.425,79.47000020345052,79.06499977111817,79.41800018310546,79.82166697184245,-0.0041322135387439,0.0041493595785715,0.0118553647669217,-0.0041493595785715,8.0,0.8121288085937499,0.0,0.0,0.0
82.75,83.6500015258789,81.80000305175781,83.0,83.28999938964844,81.15999984741211,79.89666697184245,79.32749977111817,79.46600006103516,79.80333353678385,-0.0189685655372238,0.0030211480362538,0.0108761513701378,-0.0114803256585158,8.0,0.8122894042968749,0.0,0.0,0.0
82.69999694824219,83.5999984741211,82.0,82.3499984741211,83.32999877929687,81.67999954223633,80.21666666666667,79.53999977111816,79.50199981689452,79.875,-0.0006042664864992,-0.0042321461552186,0.0108827274376099,-0.0084642923104372,8.0,0.8123697021484375,0.0,0.0,0.0
82.5999984741211,84.5999984741211,82.30000305175781,83.44999694824219,83.41999816894531,82.02499923706054,80.51999969482422,79.73499984741211,79.57399963378906,79.92666651407878,-0.0012091714366528,0.0102905386177143,0.0242130755078235,-0.0036319059068418,8.0,0.8124098510742188,0.0,0.0,0.0
81.8499984741211,82.25,80.44999694824219,82.0,82.8499984741211,82.36999893188477,80.79666646321614,79.92999992370605,79.62799957275391,79.91499989827474,-0.0090799033154338,0.0018326393240719,0.0048870071268893,-0.0171044783381584,8.0,0.8124299255371095,0.0,0.0,0.0
83.19999694824219,83.6500015258789,82.44999694824219,82.69999694824219,82.61999816894532,82.74499893188477,81.1566660563151,80.25749969482422,79.7759994506836,79.95166651407878,0.0164935674928317,-0.0060096156050467,0.0054087090642163,-0.0090144234075701,8.0,0.8124399627685548,1.0,1.0,1.0
83.44999694824219,84.05000305175781,83.05000305175781,83.55000305175781,82.75999755859375,83.02499847412109,81.69333241780599,80.61249961853028,80.01399932861328,80.01499964396159,0.0030048078025233,0.0011983955323286,0.0071900074950004,-0.0047932164303428,8.0,0.8124449813842773,1.0,1.0,1.0
83.3499984741211,83.8499984741211,83.05000305175781,83.6500015258789,82.88999786376954,83.1099983215332,82.08333231608073,80.88499946594239,80.20999938964843,80.06666615804036,-0.0011983041075857,0.0035993168236345,0.0059988003497712,-0.0035992252892053,8.0,0.8124474906921386,0.0,0.0,0.0
83.4000015258789,83.75,82.9000015258789,83.3499984741211,83.0499984741211,83.2349983215332,82.36666564941406,81.15249938964844,80.3979995727539,80.1533327738444,0.0005999166487488,-0.0005995569645439,0.0041966243131601,-0.0059952037272427,8.0,0.8124487453460694,1.0,1.0,1.0
84.80000305175781,86.0999984741211,83.80000305175781,84.0999984741211,83.63999938964844,83.24499893188477,82.79333241780598,81.50749969482422,80.67199981689453,80.29666620890299,0.0167865887321895,-0.0082547706656268,0.0153301341459837,-0.0117924524058052,8.0,0.8124493726730346,1.0,1.0,1.0
81.6500015258789,83.5,80.0,83.4000015258789,83.33000030517579,82.97499923706054,82.93999938964843,81.69999961853027,80.87199981689453,80.36833292643229,-0.0371462430721411,0.0214329450985415,0.0226576661304132,-0.02020822406667,8.0,0.81245,0.0,0.0,0.0
81.6500015258789,83.5,80.0,83.4000015258789,83.33000030517579,82.97499923706054,82.93999938964843,81.69999961853027,80.87199981689453,80.36833292643229,-0.0371462430721411,0.0214329450985415,0.0226576661304132,-0.02020822406667,8.0,0.81245,0.0,0.0,0.0
82.1500015258789,82.5999984741211,80.8499984741211,82.05000305175781,83.07000122070312,82.91499938964844,83.03999938964844,82.03749961853028,81.10399993896485,80.52333297729493,0.0061236985995833,-0.001217266856527,0.0054777472901255,-0.0158247477493751,8.0,0.7566999999999999,1.0,1.0,1.0
81.55000305175781,82.6500015258789,81.30000305175781,82.3499984741211,82.71000213623047,82.8,82.97666625976562,82.23999977111816,81.25,80.62666651407878,-0.00730369401067,0.0098098760567248,0.0134886380497489,-0.0030656038092522,8.0,0.728825,0.0,0.0,0.0
80.9000015258789,82.1500015258789,80.5,81.8499984741211,82.21000213623047,82.63000030517578,82.8933329264323,82.32749977111817,81.36399993896484,80.7,-0.0079705886150165,0.011742854515748,0.0154511739978167,-0.0049443945405978,8.0,0.7148874999999999,0.0,0.0,0.0
80.05000305175781,81.44999694824219,79.9000015258789,81.30000305175781,81.26000213623047,82.45000076293945,82.58333333333333,82.40999984741211,81.45800018310547,80.77000020345052,-0.010506779457219,0.0156152398794011,0.0174889924186409,-0.0018738478471003,8.0,0.7079187499999999,0.0,0.0,0.0
77.8499984741211,80.19999694824219,77.4000015258789,80.05000305175781,80.5000015258789,81.91500091552734,82.15,82.32999992370605,81.46,80.81000010172527,-0.0274828793724625,0.0282595327008008,0.0301862366111962,-0.0057803077336189,8.0,0.704434375,0.0,0.0,0.0
76.94999694824219,78.25,76.69999694824219,77.80000305175781,79.46000061035156,81.26500091552734,81.76333312988281,82.14499969482422,81.52199981689454,80.83000005086264,-0.0115607134684541,0.0110462136091746,0.0168941273985003,-0.0032488630268322,8.0,0.7026921875,0.0,0.0,0.0
75.8499984741211,77.44999694824219,75.55000305175781,77.05000305175781,78.31999969482422,80.51500091552734,81.30666656494141,81.81249961853027,81.45599975585938,80.76166661580403,-0.0142949774885757,0.0158207594169714,0.0210942453039995,-0.0039551144152709,8.0,0.70182109375,0.0,0.0,0.0
76.55000305175781,76.8499984741211,75.5,75.8499984741211,77.45,79.83000106811524,80.90333353678385,81.53249969482422,81.35199981689453,80.71166661580403,0.0092288014728906,-0.0091444095327262,0.003918947229309,-0.013716564466338,8.0,0.701385546875,1.0,1.0,1.0
77.1500015258789,77.75,75.1500015258789,76.9000015258789,76.86999969482422,79.06500091552735,80.59000040690104,81.15499992370606,81.30199981689454,80.69333343505859,0.0078379941241206,-0.0032404406358454,0.0077770377479491,-0.0259235250867639,8.0,0.7011677734374999,1.0,1.0,1.0
77.5,77.9000015258789,76.9000015258789,77.5999984741211,76.8,78.65000076293946,80.21000061035156,80.8125,81.22399993896484,80.68333333333334,0.0045365971121036,0.0012903028918851,0.0051613100113407,-0.0077419157951108,8.0,0.7010588867187499,1.0,1.0,1.0
76.9000015258789,77.8499984741211,76.6500015258789,77.80000305175781,76.79000091552734,78.12500076293945,79.77333424886068,80.52000007629394,81.07399993896485,80.73333333333333,-0.0077419157951108,0.0117035306634685,0.0123536661819505,-0.0032509752280807,8.0,0.701004443359375,0.0,0.0,0.0
77.05000305175781,77.44999694824219,76.5999984741211,77.0,77.03000183105469,77.67500076293945,79.35333455403646,80.23750038146973,80.85600006103516,80.7183334350586,0.0019506049792265,-0.000648968848505,0.0051913547130644,-0.0058404225803135,8.0,0.7009772216796875,1.0,1.0,1.0
77.19999694824219,77.55000305175781,76.94999694824219,77.19999694824219,77.16000061035156,77.30500030517578,78.94000091552735,79.96750030517578,80.65799987792968,80.6533332824707,0.0019467085080271,0.0,0.0045337579967819,-0.0032383420969253,8.0,0.7009636108398437,1.0,1.0,1.0
77.44999694824219,77.75,77.0,77.75,77.21999969482422,77.04499969482421,78.4500005086263,79.74750022888183,80.36799987792969,80.62166646321614,0.0032383420969253,0.0038735063083126,0.0038735063083126,-0.0058101609551115,8.0,0.7009568054199218,1.0,1.0,1.0
77.1500015258789,77.69999694824219,76.75,77.5,77.15,76.975,78.1500005086263,79.44500045776367,80.08,80.54499994913736,-0.0038734078009552,0.0045365971121036,0.0071289100646199,-0.0051847247954328,8.0,0.7009534027099609,0.0,0.0,0.0
78.05000305175781,78.3499984741211,77.0,77.1500015258789,77.38000030517578,77.08500061035156,77.87666727701823,79.17500076293945,79.89200012207031,80.45833333333333,0.0116656060671238,-0.0115310889261859,0.0038436311420044,-0.0134529533722314,8.0,0.7009517013549804,1.0,1.0,1.0
77.69999694824219,78.9000015258789,77.5,78.4000015258789,77.50999908447265,77.27000045776367,77.62000020345052,78.8925006866455,79.69200012207031,80.29833323160807,-0.0044843829574679,0.009009068277094,0.015444074964843,-0.0025739633989356,8.0,0.7009508506774902,0.0,0.0,0.0
78.6500015258789,79.3499984741211,77.4000015258789,78.05000305175781,77.8,77.48000030517578,77.47000020345052,78.65500068664551,79.53400024414063,80.18166656494141,0.0122265716209685,-0.0076287153525822,0.0089001517439495,-0.0158931974030376,8.0,0.7009504253387451,1.0,1.0,1.0
77.94999694824219,79.5999984741211,77.5999984741211,79.0,77.9,77.55999984741212,77.32999979654947,78.31250038146973,79.37800018310547,79.9566665649414,-0.0089002487483282,0.0134702128654988,0.021167435413429,-0.0044900383300012,8.0,0.7009502126693725,0.0,0.0,0.0
77.1500015258789,78.55000305175781,77.0,77.75,77.9,77.525,77.28333333333333,78.08750038146972,79.13600036621094,79.71666666666667,-0.0102629307720751,0.0077770377479491,0.0181464873388148,-0.0019442841595873,8.0,0.7009501063346862,0.0,0.0,0.0
77.55000305175781,78.1500015258789,76.94999694824219,77.0999984741211,77.8,77.59000015258789,77.32333374023438,77.85750045776368,78.90000061035157,79.5433334350586,0.0051847247954328,-0.0058027667302138,0.0077369239266262,-0.0077370223069517,8.0,0.70095,1.0,1.0,1.0
77.55000305175781,78.1500015258789,76.94999694824219,77.0999984741211,77.8,77.59000015258789,77.32333374023438,77.85750045776368,78.90000061035157,79.5433334350586,0.0051847247954328,-0.0058027667302138,0.0077369239266262,-0.0077370223069517,8.0,0.70095,1.0,1.0,1.0
76.4000015258789,78.69999694824219,76.0999984741211,77.9000015258789,77.54000091552734,77.525,77.36000061035156,77.60000038146973,78.62200073242188,79.33333358764648,-0.0148291615812236,0.0196335074612781,0.0301046515239165,-0.0039267414367287,8.0,0.6744749999999999,0.0,0.0,0.0
78.0999984741211,80.6500015258789,77.69999694824219,80.6500015258789,77.43000030517578,77.6150001525879,77.46333363850911,77.46000022888184,78.41000061035156,79.18333358764649,0.0222512685116419,0.0326504878563189,0.0326504878563189,-0.0051216585620222,8.0,0.6612374999999999,1.0,1.0,1.0
72.55000305175781,78.19999694824219,70.80000305175781,78.0999984741211,76.35000152587891,77.12500076293945,77.1566670735677,77.08500022888184,77.92000061035156,78.87333374023437,-0.0710626828527059,0.0764988999160187,0.0778772385778345,-0.0241212946435237,8.0,0.65461875,0.0,0.0,0.0
77.25,78.1500015258789,71.1500015258789,73.9000015258789,76.37000122070313,77.13500061035157,77.14000040690104,77.05500030517578,77.74400054931641,78.6750005086263,0.0647828635498356,-0.0433656760404025,0.0116505051893709,-0.0789643815420206,8.0,0.6513093750000001,1.0,1.0,1.0
77.25,78.4000015258789,77.05000305175781,78.4000015258789,76.31000061035157,77.05500030517578,77.16333363850912,77.07000045776367,77.54800048828125,78.4683339436849,0.0,0.0148867511440635,0.0148867511440635,-0.0025889572587985,8.0,0.6496546875,0.0,0.0,0.0
77.69999694824219,78.25,77.05000305175781,77.25,76.56999969482422,77.05500030517578,77.2066665649414,77.16250038146973,77.39400024414063,78.28000055948893,0.0058252032134911,-0.00579146674281,0.0070785466326874,-0.0083654301417457,8.0,0.6488273437500001,1.0,1.0,1.0
77.52999877929688,78.58000183105469,77.0199966430664,78.25,76.45599975585938,76.94300003051758,77.22866668701172,77.21150016784668,77.25920013427735,78.08433380126954,-0.0021878787081362,0.0092867436094348,0.0135431841647106,-0.0065781264576345,8.0,0.648413671875,0.0,0.0,0.0
77.51000213623047,77.9000015258789,77.13999938964844,77.44999694824219,77.4479995727539,76.89900054931641,77.2326670328776,77.22950019836426,77.15760009765626,77.84133377075196,-0.0002579213643912,-0.0007741605771448,0.0050316008115054,-0.0047736129065216,8.0,0.6482068359375,0.0,0.0,0.0
77.81999969482422,78.44000244140625,77.30000305175781,77.51000213623047,77.56199951171875,76.96600036621093,77.27733357747395,77.24550018310546,77.15640014648437,77.71366704305014,0.0039994523293768,-0.0039835204293167,0.0079671388976279,-0.0066820437561758,8.0,0.6481034179687499,1.0,1.0,1.0
77.45999908447266,78.33999633789062,77.4000015258789,78.0,77.60399932861328,76.95699996948242,77.23799997965494,77.27350006103515,77.1768002319336,77.5573336283366,-0.0046260680000427,0.0069713519482288,0.0113606669741668,-0.0007745618293685,8.0,0.6480517089843749,0.0,0.0,0.0
78.0,78.30000305175781,77.37999725341797,77.51000213623047,77.66399993896485,77.11699981689453,77.25800018310547,77.32099990844726,77.26280029296875,77.43900019327799,0.0069713519482288,-0.0062820238944811,0.0038461929712541,-0.007948753161308,8.0,0.6480258544921875,1.0,1.0,1.0
81.45999908447266,81.62999725341797,78.0,78.27999877929688,78.45,77.45299987792968,77.44533335367838,77.53400001525878,77.45920013427734,77.45766677856446,0.0443589626214443,-0.0390375686338785,0.0020868913682288,-0.0424748235128839,8.0,0.6480129272460937,1.0,1.0,1.0
82.16999816894531,83.5,80.30999755859375,82.0,79.38199920654297,78.41499938964844,77.72666676839192,77.77000007629394,77.66,77.5283332824707,0.0087159230598124,-0.0020688593493185,0.0161859785894133,-0.0226360064719401,8.0,0.6480064636230469,1.0,1.0,1.0
83.83999633789062,84.0,82.55000305175781,82.91999816894531,80.58599853515625,79.0739990234375,78.17266642252604,78.10449981689453,77.91359985351562,77.72799987792969,0.0203236972880505,-0.0109732610821874,0.0019084407096647,-0.0153863709742293,8.0,0.6480032318115234,1.0,1.0,1.0
83.47000122070312,84.5,82.91999816894531,84.30000305175781,81.78799896240234,79.69599914550781,78.5673329671224,78.3754997253418,78.1763998413086,77.94533335367838,-0.0044131098920418,0.0099437141358136,0.0123397479841105,-0.006589230187065,8.0,0.6480016159057618,0.0,0.0,0.0
82.94000244140625,83.69999694824219,81.69999694824219,83.3499984741211,82.7759994506836,80.21999969482422,79.00333302815756,78.6375,78.41199981689454,78.18166681925456,-0.0063495719605359,0.0049432845508352,0.0091631840422581,-0.0149506324651976,8.0,0.648000807952881,0.0,0.0,0.0
82.91000366210938,83.48999786376953,82.44999694824219,83.0,83.06600036621094,80.75800018310547,79.32400004069011,78.85050010681152,78.64040008544922,78.3936668395996,-0.0003616925297062,0.0010854701955798,0.0069954670852971,-0.0055482655113837,8.0,0.6480004039764404,0.0,0.0,0.0
82.73999786376953,83.30000305175781,82.1500015258789,82.8499984741211,83.18000030517578,81.28099975585937,80.00333302815756,79.09000015258789,78.85200012207031,78.58000005086264,-0.0020504859586387,0.001329473207537,0.0067682523863528,-0.0071307270138204,8.0,0.6480002019882203,0.0,0.0,0.0
82.19999694824219,83.69999694824219,82.0199966430664,82.69999694824219,82.8520004272461,81.71899948120117,80.33333282470703,79.34249992370606,79.05399993896485,78.73666661580404,-0.0065264796890187,0.0060827252866546,0.0182481758599637,-0.0021897848157965,8.0,0.6480001009941101,0.0,0.0,0.0
82.16000366210938,83.0999984741211,81.97000122070312,82.30999755859375,82.59000091552734,82.18899993896484,80.660666402181,79.57299995422363,79.2183999633789,78.91200002034505,-0.0004865363457129,0.0018256315700915,0.0114410269001148,-0.0023125904690517,8.0,0.6480000504970551,0.0,0.0,0.0
81.13999938964844,82.19999694824219,81.0,82.16000366210938,82.23000030517578,82.50299987792968,80.88999989827474,79.80999984741212,79.35600006103516,79.04833323160807,-0.0124148518378334,0.0125709179212918,0.013063810285522,-0.0017254053574259,8.0,0.6480000252485276,0.0,0.0,0.0
78.88999938964844,81.41000366210938,78.44999694824219,81.33999633789062,81.42599945068359,82.24599990844726,80.98066660563151,79.84949989318848,79.36559997558594,79.10466664632162,-0.0277298498511826,0.0310558621776799,0.0319432664717651,-0.005577417224115,8.0,0.6480000126242638,0.0,0.0,0.0
80.87999725341797,81.04000091552734,77.8499984741211,79.48999786376953,81.05399932861329,82.11699981689453,81.20533294677735,80.26599960327148,79.48279998779297,79.21899998982748,0.0252249699475932,-0.0171859475377231,0.0019782847124492,-0.0374628941912931,8.0,0.6480000063121318,1.0,1.0,1.0
81.16999816894531,82.0999984741211,80.13999938964844,81.47000122070312,80.8479995727539,81.85,81.42866617838541,80.46199951171874,79.64359985351562,79.35299987792969,0.003585570293959,0.0036959844588562,0.0114574390311072,-0.0126894025197963,8.0,0.648,1.0,1.0,1.0
81.16999816894531,82.0999984741211,80.13999938964844,81.47000122070312,80.8479995727539,81.85,81.42866617838541,80.46199951171874,79.64359985351562,79.35299987792969,0.003585570293959,0.0036959844588562,0.0114574390311072,-0.0126894025197963,8.0,0.648,1.0,1.0,1.0
81.19000244140625,82.06999969482422,80.61000061035156,81.0,80.65399932861328,81.62200012207032,81.67733306884766,80.65899963378907,79.78919982910156,79.45766652425131,0.0002464490934113,-0.0023402196784434,0.0108387390929449,-0.0071437592513101,8.0,0.5740000000000001,1.0,1.0,1.0
79.76000213623047,81.3499984741211,79.45999908447266,81.18000030517578,80.37799987792968,81.30400009155274,81.79466654459635,80.76199989318847,79.92359985351563,79.52633336385091,-0.0176130097570546,0.017803386796805,0.0199347579652129,-0.0037613220125722,8.0,0.537,0.0,0.0,0.0
79.19000244140625,80.4000015258789,79.05000305175781,79.9000015258789,80.43800048828125,80.93199996948242,81.6433334350586,80.84500007629394,79.96720001220703,79.5443333943685,-0.0071464353003734,0.0089657666698266,0.015279695001499,-0.0017678922254362,8.0,0.5185,0.0,0.0,0.0
78.20999908447266,79.33999633789062,77.61000061035156,79.19999694824219,79.90400085449218,80.47900009155273,81.37933349609375,80.87999992370605,80.19359985351562,79.55300013224284,-0.0123753419209541,0.0126582006822459,0.0144482453221548,-0.0076716338210546,8.0,0.50925,0.0,0.0,0.0
78.22000122070312,79.08999633789062,78.0999984741211,78.93000030517578,79.31400146484376,80.08100051879883,81.00466715494791,80.9,80.23239990234374,79.58866678873697,0.0001278882028839,0.0090769505675325,0.0111224124726456,-0.0015341695820667,8.0,0.504625,1.0,1.0,1.0
78.2699966430664,79.3499984741211,78.11000061035156,78.22000122070312,78.73000030517578,79.69199981689454,80.65800018310547,80.94049987792968,80.2731997680664,79.61266657511393,0.0006391641726291,-0.000638755902741,0.0137984141736942,-0.0020441553542472,8.0,0.5023124999999999,1.0,1.0,1.0
78.16000366210938,78.80000305175781,77.61000061035156,78.30000305175781,78.41000061035156,79.39400024414063,80.339333597819,80.94850006103516,80.29160003662109,79.67133331298828,-0.0014053019761663,0.0017911896505744,0.0081883234347734,-0.0070368862076249,8.0,0.50115625,0.0,0.0,0.0
77.94999694824219,78.66000366210938,77.8499984741211,78.19999694824219,78.16199951171875,79.3,80.0086664835612,80.77299995422364,80.3083999633789,79.66633326212565,-0.0026868820883768,0.0032071842179288,0.0091084893093533,-0.0012828541120725,8.0,0.500578125,0.0,0.0,0.0
77.73999786376953,78.41000366210938,77.6500015258789,77.95999908447266,78.06799926757813,78.98600006103516,79.67533315022787,80.55149993896484,80.31759979248046,79.8393330891927,-0.0026940229980007,0.0028299617539049,0.008618546652316,-0.0011576580957505,8.0,0.5002890625,0.0,0.0,0.0
76.0199966430664,77.87999725341797,75.8499984741211,77.73999786376953,77.62799835205078,78.47099990844727,79.26333312988281,80.16049995422364,80.24559967041016,79.79833297729492,-0.0221250484688362,0.0226256418923427,0.024467254570988,-0.0022362296297314,8.0,0.50014453125,0.0,0.0,0.0
77.58999633789062,78.04000091552734,75.0199966430664,75.94000244140625,77.49199829101562,78.1109992980957,78.9586659749349,79.866499710083,80.25079956054688,79.80966618855794,0.0206524567765475,-0.0212655493537974,0.0057997757298122,-0.0331228227364817,8.0,0.5000722656250001,1.0,1.0,1.0
76.58999633789062,77.98999786376953,74.5999984741211,77.98999786376953,77.17799682617188,77.79399871826172,78.65533243815104,79.54899940490722,80.1943994140625,79.7726661682129,-0.0128882594045394,0.018279169510631,0.018279169510631,-0.0259824775939444,8.0,0.5000361328125,0.0,0.0,0.0
75.66000366210938,77.04000091552734,75.05000305175781,76.55000305175781,76.71999816894531,77.44099884033203,78.43999938964843,79.18649940490722,79.96239959716797,79.71033299763998,-0.0121424823116379,0.0117631423020159,0.0182394552818276,-0.0080623920278377,8.0,0.50001806640625,0.0,0.0,0.0
74.66000366210938,75.33999633789062,74.5999984741211,75.0,76.10399932861328,77.0859992980957,78.02533315022787,78.78249969482422,79.66199981689454,79.6153330485026,-0.013217022886569,0.0045539287598934,0.0091078575197867,-0.0008037126311947,8.0,0.5000090332031251,0.0,0.0,0.0
74.4800033569336,74.94000244140625,72.4000015258789,73.51000213623047,75.79600067138672,76.71199951171874,77.57933349609375,78.3965000152588,79.28760009765625,79.50399983723959,-0.0024109335165641,-0.0130236463075135,0.0061761421017689,-0.0279269835835883,8.0,0.5000045166015625,0.0,0.0,0.0
74.83000183105469,75.1500015258789,73.05000305175781,73.69000244140625,75.24400177001954,76.36800003051758,77.15533345540365,78.02999992370606,78.94200012207031,79.41633326212565,0.004699227421403,-0.0152345230756807,0.0042763555658689,-0.0237872342074187,8.0,0.5,1.0,1.0,1.0
76.04000091552734,76.2300033569336,74.61000061035156,74.91999816894531,75.13400268554688,76.15599975585937,76.90733337402344,77.775,78.66600006103516,79.3509999593099,0.0161699726695784,-0.0147291258955433,0.0024987169794661,-0.0188058954229152,8.0,0.648,1.0,1.0,1.0
75.98999786376953,76.29000091552734,75.47000122070312,76.29000091552734,75.2000015258789,75.9599998474121,76.69399973551432,77.62999992370605,78.38919982910156,79.16866658528646,-0.0006575887842684,0.0039479281509606,0.0039479281509606,-0.006842961675017,8.0,0.4208999999999999,0.0,0.0,0.0
75.38999938964844,76.45999908447266,75.06999969482422,76.05000305175781,75.34600067138672,75.725,76.50599975585938,77.35550003051758,78.09519989013671,78.94266662597656,-0.0078957559019377,0.0087545253674587,0.0141928598419798,-0.0042445907602455,8.0,0.3073499999999999,0.0,0.0,0.0
74.30999755859375,75.0,74.11000061035156,75.0,75.31199951171875,75.55400009155274,76.24533284505209,77.0125,77.77959991455079,78.625,-0.0143255317654635,0.0092854590778606,0.0092854590778606,-0.0026913868229437,8.0,0.2505749999999999,0.0,0.0,0.0
72.01000213623047,73.4000015258789,71.5999984741211,72.98999786376953,74.74799957275391,74.99600067138672,75.82799987792968,76.55349998474121,77.37359985351563,78.24300003051758,-0.0309513591431586,0.0136091612063151,0.019302865552188,-0.0056937043458729,8.0,0.2221874999999998,0.0,0.0,0.0
71.76000213623047,73.43000030517578,71.55999755859375,72.58999633789062,73.89199981689453,74.5130012512207,75.40133310953776,76.15349998474122,76.9983999633789,77.87033335367839,-0.0034717399331143,0.0115662510723519,0.0232719916280794,-0.002787131712413,8.0,0.2079937499999998,0.0,0.0,0.0
72.52999877929688,73.0,71.97000122070312,73.0,73.2,74.20000076293945,75.03999989827474,75.82049980163575,76.74399993896485,77.52433319091797,0.0107301647177299,0.0064800941488127,0.0064800941488127,-0.0077209095273499,8.0,0.2008968749999998,1.0,1.0,1.0
72.02999877929688,72.94999694824219,71.91000366210938,72.55000305175781,72.52799987792969,73.9370002746582,74.65933329264323,75.51149978637696,76.39,77.16733322143554,-0.0068936992749918,0.0072192736536655,0.012772430716877,-0.0016659047510908,8.0,0.1973484374999998,0.0,0.0,0.0
72.86000061035156,73.69999694824219,72.48999786376953,72.55000305175781,72.23800048828124,73.775,74.44866689046223,75.24349975585938,76.05760009765625,76.85600001017252,0.0115230021535589,-0.0042547015646018,0.0115289092897876,-0.0050782698803527,8.0,0.1955742187499998,1.0,1.0,1.0
71.79000091552734,72.77999877929688,71.66000366210938,72.51000213623047,72.19400024414062,73.47099990844727,74.06200052897135,74.91949996948242,75.68160003662109,76.51033325195313,-0.0146856942885092,0.0100292688608587,0.0137901915467923,-0.0018107988822974,8.0,0.1946871093749999,0.0,0.0,0.0
71.37000274658203,72.44000244140625,71.0999984741211,72.0,72.11600036621094,73.00400009155274,73.71400095621745,74.57999992370605,75.34600006103516,76.18466669718424,-0.0058503714109087,0.0088271995120265,0.0149922888278921,-0.003783161861709,8.0,0.1942435546874998,0.0,0.0,0.0
70.5999984741211,71.48999786376953,70.43000030517578,71.37999725341797,71.73000030517578,72.46500015258789,73.37666727701823,74.2125,75.00239990234375,75.90833333333333,-0.0107889063027647,0.0110481415885976,0.0126062239218698,-0.0024079061277547,8.0,0.1940217773437498,0.0,0.0,0.0
71.95999908447266,72.0999984741211,70.9000015258789,71.5,71.71600036621093,72.12200012207032,73.19666697184245,73.92350006103516,74.75239990234375,75.61100006103516,0.0192634651521994,-0.0063924276031837,0.0019455168347639,-0.0147303720411312,8.0,0.1939108886718749,1.0,1.0,1.0
72.01000213623047,72.37999725341797,71.5999984741211,72.0,71.54600067138672,71.89200057983399,73.03200022379558,73.72300033569336,74.50399993896484,75.30566685994467,0.0006948728792938,-0.000138899263071,0.0051381072935885,-0.0056937043458729,8.0,0.1938554443359373,1.0,1.0,1.0
73.3499984741211,73.69999694824219,72.05999755859375,72.05999755859375,71.85800018310547,72.02600021362305,72.93333333333334,73.51100044250488,74.30720001220703,75.0443333943685,0.0186084751859274,-0.0175869249129224,0.0047716221050035,-0.0175869249129224,8.0,0.1938277221679686,1.0,1.0,1.0
73.62999725341797,73.95999908447266,73.0,73.33999633789062,72.30999908447265,72.2129997253418,72.77266642252604,73.36300048828124,74.12599975585937,74.83999989827474,0.0038172976840028,-0.0039386245598954,0.0044818938389865,-0.0085562580051397,8.0,0.1938138610839842,1.0,1.0,1.0
75.36000061035156,75.73999786376953,73.88999938964844,74.27999877929688,73.26199951171876,72.49599990844726,72.73066660563151,73.34800033569336,74.02239990234375,74.71233317057292,0.0234959041350946,-0.0143312343724468,0.0050424263580191,-0.0195063854670564,8.0,0.193806930541992,1.0,1.0,1.0
74.41999816894531,75.79000091552734,74.13999938964844,75.77999877929688,73.75399932861328,72.73499984741211,72.66599985758464,73.33600006103515,73.88959991455079,74.585999806722,-0.0124734930174234,0.018274666001256,0.0184090671901375,-0.0037624131441287,8.0,0.1938034652709959,0.0,0.0,0.0
74.11000061035156,75.05000305175781,73.91000366210938,74.87000274658203,74.1739990234375,72.85999984741211,72.65266672770183,73.31749992370605,73.81320007324219,74.44899978637696,-0.004165514192704,0.0102550550529116,0.0126838811721039,-0.0026986499338154,8.0,0.1938017326354979,0.0,0.0,0.0
74.58000183105469,74.83000183105469,73.80000305175781,74.68000030517578,74.41999969482421,73.13899993896484,72.82400004069011,73.30499992370605,73.69280029296876,74.3259999593099,0.0063419405860519,0.0013408215562613,0.0033521050397171,-0.0104585513562174,8.0,0.1938008663177489,1.0,1.0,1.0
74.08999633789062,75.0,73.55000305175781,74.5999984741211,74.51199951171876,73.4109992980957,72.97933298746744,73.20749969482422,73.59280029296875,74.19033304850261,-0.0065701995324975,0.0068835492163419,0.0122824093276947,-0.0072883427294306,8.0,0.1938004331588744,0.0,0.0,0.0
73.2300033569336,74.20999908447266,72.94000244140625,73.98999786376953,74.08600006103515,73.67399978637695,73.0259999593099,73.06949996948242,73.49560028076172,74.03299992879232,-0.0116074102235745,0.0103781847876152,0.0133824345570821,-0.0039601379521155,8.0,0.1938002165794371,0.0,0.0,0.0
73.83999633789062,74.88999938964844,73.3499984741211,73.3499984741211,73.96999969482422,73.86199951171875,73.14666646321615,72.99199981689453,73.46279998779296,73.90299987792969,0.008329823200797,-0.0066359410627176,0.0142199770291566,-0.0066359410627176,8.0,0.1938001082897185,1.0,1.0,1.0
75.01000213623047,75.54000091552734,73.31999969482422,73.6500015258789,74.15,74.16199951171875,73.28999989827474,73.02700004577636,73.48399993896484,73.8693333943685,0.0158451497341077,-0.0181309234984632,0.0070657080949592,-0.0225303611955233,8.0,0.1938000541448591,1.0,1.0,1.0
75.06999969482422,75.69999694824219,75.0,75.69999694824219,74.24799957275391,74.33399963378906,73.5086664835612,73.17999992370605,73.49359985351562,73.78533350626627,0.0007998607770305,0.0083921307576799,0.0083921307576799,-0.0009324589730755,8.0,0.1938000270724295,1.0,1.0,1.0
74.6500015258789,74.83999633789062,73.0,73.0,74.36000061035156,74.43600006103516,73.72733306884766,73.32449989318847,73.43799987792968,73.72066701253256,-0.0055947538384533,-0.0221031680127548,0.0025451414350721,-0.0221031680127548,8.0,0.1938000135362147,0.0,0.0,0.0
75.04000091552734,75.52999877929688,74.66999816894531,75.23999786376953,74.72200012207031,74.40400009155273,74.02333323160808,73.45,73.4,73.70000025431315,0.0052243721590981,0.0026652045016273,0.0065298221987113,-0.0049307401661488,8.0,0.1938000067681073,1.0,1.0,1.0
73.66000366210938,75.23999786376953,73.41000366210938,75.01000213623047,74.68600158691406,74.32800064086913,74.13666687011718,73.53150024414063,73.33080017089844,73.66666692097982,-0.0183901550717121,0.0183274288216677,0.0214498251847481,-0.0033939721364499,8.0,0.1938000033840536,0.0,0.0,0.0
72.62000274658203,74.18000030517578,72.0999984741211,73.58999633789062,74.20800170898437,74.17900085449219,74.17733357747396,73.51950035095214,73.26320037841796,73.60466690063477,-0.0141189365167289,0.0133571131179039,0.0214816510547044,-0.0071606203909901,8.0,0.1938000016920267,0.0,0.0,0.0
72.58999633789062,73.4000015258789,72.0,72.86000061035156,73.71200103759766,73.98000030517578,74.12666676839193,73.55950012207032,73.28640014648437,73.53000005086263,-0.0004131975703184,0.0037195796402045,0.0111586338180522,-0.0081277912612686,8.0,0.1938000008460133,0.0,0.0,0.0
71.5199966430664,72.73999786376953,71.36000061035156,72.58999633789062,73.08600006103515,73.72300033569336,73.98600006103516,73.56699981689454,73.27679992675782,73.3793332417806,-0.014740318897987,0.0149608465470747,0.0170581834167549,-0.0022370810993369,8.0,0.1938000004230066,0.0,0.0,0.0
72.7699966430664,72.87000274658203,71.83000183105469,71.83000183105469,72.63199920654297,73.67699966430663,73.8133331298828,73.6754997253418,73.2863998413086,73.27199986775716,0.017477629455694,-0.0129173403239573,0.0013742765992714,-0.0129173403239573,8.0,0.1938000002115032,1.0,1.0,1.0
73.41999816894531,74.05000305175781,72.7699966430664,73.0,72.58399810791016,73.6349998474121,73.74666646321614,73.74849967956543,73.34199981689453,73.20633316040039,0.008932273682341,-0.0057204873252497,0.0085808349022675,-0.0088531945258729,8.0,0.1938000001057515,1.0,1.0,1.0
73.73999786376953,74.52999877929688,73.36000061035156,73.63999938964844,72.80799713134766,73.50799942016602,73.72199961344401,73.83499946594239,73.37719970703125,73.18733317057291,0.0043584813784368,-0.0013560954301332,0.0107133297859165,-0.005153204019886,8.0,0.1937999999999999,1.0,1.0,1.0
73.73999786376953,74.52999877929688,73.36000061035156,73.63999938964844,72.80799713134766,73.50799942016602,73.72199961344401,73.83499946594239,73.37719970703125,73.18733317057291,0.0043584813784368,-0.0013560954301332,0.0107133297859165,-0.005153204019886,8.0,0.1937999999999999,1.0,1.0,1.0
73.27999877929688,73.8499984741211,73.01000213623047,73.80000305175781,72.94599761962891,73.32899932861328,73.63533274332683,73.83149948120118,73.43679962158203,73.22966639200847,-0.0062381217493724,0.0070961282904367,0.0077783802445321,-0.0036844520682863,8.0,0.3533499999999999,0.0,0.0,0.0
72.79000091552734,73.75,72.08000183105469,73.27999877929688,73.19999847412109,73.14299926757812,73.54866638183594,73.78949966430665,73.49359954833984,73.2639996846517,-0.0066866521824774,0.0067316644814741,0.0131886120675659,-0.0097540743995402,8.0,0.433125,0.0,0.0,0.0
73.81999969482422,74.25,71.16000366210938,73.01000213623047,73.40999908447266,73.02099914550782,73.58799947102865,73.71249961853027,73.62239959716797,73.30699971516927,0.0141502784220622,-0.0109726031149054,0.0058249838384369,-0.036033541637922,8.0,0.4730125,1.0,1.0,1.0
72.83000183105469,74.62999725341797,72.55999755859375,74.55000305175781,73.29199981689453,72.93799896240235,73.52066650390626,73.63299980163575,73.65719970703125,73.3336664835612,-0.0134109708461424,0.0236166576611249,0.0247150264603694,-0.0037073220605881,8.0,0.49295625,0.0,0.0,0.0
74.0199966430664,74.1500015258789,72.83000183105469,73.19999694824219,73.3479995727539,73.07799835205078,73.45466613769531,73.62849960327148,73.73759948730469,73.37233301798503,0.0163393489234309,-0.0110780833830398,0.0017563481317002,-0.0160766666573901,8.0,0.502928125,1.0,1.0,1.0
73.68000030517578,74.44000244140625,73.5,74.25,73.4279998779297,73.1869987487793,73.36199951171875,73.58349952697753,73.75079956054688,73.43533299763997,-0.004593303881519,0.0077361521778411,0.0103149040863546,-0.0024430008744603,8.0,0.5079140625,0.0,0.0,0.0
73.0199966430664,73.94999694824219,72.55999755859375,73.62999725341797,73.4739990234375,73.3369987487793,73.25333251953126,73.52999954223633,73.72639953613282,73.49033279418946,-0.008957704388921,0.0083538843932484,0.0127362414123595,-0.0062996316847453,8.0,0.51040703125,0.0,0.0,0.0
74.02999877929688,74.9000015258789,72.36000061035156,73.80000305175781,73.51599884033203,73.46299896240234,73.18599904378256,73.56999931335449,73.67319946289062,73.60466613769532,0.0138318567880456,-0.0031067909135692,0.0117520297302142,-0.0225583978992627,8.0,0.5116535156249999,1.0,1.0,1.0
74.19000244140625,74.88999938964844,73.80000305175781,74.0199966430664,73.78799896240234,73.53999938964844,73.22133229573568,73.58749961853027,73.66399963378906,73.67899958292644,0.0021613354686981,-0.0022914920170559,0.0094351924141669,-0.0052567647501622,8.0,0.5122767578125,1.0,1.0,1.0
74.3499984741211,76.06999969482422,74.08999633789062,75.0,73.85399932861328,73.60099945068359,73.33666534423828,73.5544994354248,73.67359954833984,73.75699946085612,0.0021565713364304,0.0087424551340797,0.023133843389409,-0.0034970025765497,8.0,0.51258837890625,1.0,1.0,1.0
73.44000244140625,75.0999984741211,73.25,74.55000305175781,73.80599975585938,73.61699981689453,73.393332417806,73.4729995727539,73.62799957275391,73.75999959309895,-0.0122393550960405,0.0151143868933987,0.0226034310665943,-0.002587179127041,8.0,0.512744189453125,0.0,0.0,0.0
71.9800033569336,73.12999725341797,71.41999816894531,72.69999694824219,73.5980010986328,73.53600006103515,73.4239995320638,73.33949966430664,73.54359985351563,73.70499979654947,-0.0198801611647209,0.0100026890487667,0.0159765746436797,-0.0077800105844859,8.0,0.5128220947265625,0.0,0.0,0.0
71.83000183105469,72.83999633789062,71.25,72.0,73.15800170898437,73.33700027465821,73.36133321126302,73.178999710083,73.48759979248047,73.58733317057292,-0.0020839332992953,0.0023666735989391,0.0140609004745879,-0.0080746459177164,8.0,0.5128610473632813,0.0,0.0,0.0
72.22000122070312,72.80999755859375,70.41000366210938,72.44999694824219,72.76400146484374,73.27600021362305,73.28133341471354,73.1069995880127,73.42279998779297,73.51399993896484,0.0054294776514933,0.0031846541629956,0.0081694312921376,-0.025062275380783,8.0,0.5128805236816407,1.0,1.0,1.0
73.12999725341797,73.25,71.75,72.1500015258789,72.52000122070312,73.1870002746582,73.24066670735677,73.13249931335449,73.34759979248047,73.4813331604004,0.0126003325579282,-0.0134007351886404,0.001640951060974,-0.0188704677320833,8.0,0.5128902618408204,1.0,1.0,1.0
72.38999938964844,73.73999786376953,71.80000305175781,73.37999725341797,72.31000061035157,73.05800018310546,73.18133341471354,73.12249946594238,73.24039978027344,73.40833307902018,-0.0101189373931631,0.0136758926939719,0.0186489637450411,-0.0081502464824581,8.0,0.5128951309204102,0.0,0.0,0.0
73.13999938964844,73.66000366210938,72.23999786376953,72.23999786376953,72.54199981689453,73.07000045776367,73.20466664632161,73.20349960327148,73.17999969482422,73.37666651407878,0.0103605471242378,-0.0123051891357587,0.0071097111949733,-0.0123051891357587,8.0,0.512897565460205,1.0,1.0,1.0
72.37000274658203,73.12999725341797,71.87999725341797,73.01000213623047,72.65,72.90400085449218,73.10800018310547,73.18349990844726,73.0731997680664,73.34799982706706,-0.0105277091809134,0.0088434346463897,0.0105015127538021,-0.0067708370121238,8.0,0.5128987827301026,0.0,0.0,0.0
72.94000244140625,73.19999694824219,72.37999725341797,72.68000030517578,72.79400024414062,72.77900085449218,73.1153335571289,73.15950012207031,73.04439971923829,73.31800003051758,0.00787618727638,-0.0035646027903458,0.0035644981921243,-0.0076776140559926,8.0,0.5128993913650512,1.0,1.0,1.0
72.73999786376953,73.08000183105469,72.51000213623047,72.9000015258789,72.71600036621093,72.61800079345703,73.03000030517578,73.10950012207032,73.04919952392578,73.24233322143554,-0.002742042376505,0.0021996654771565,0.0046742366960461,-0.0031618880161339,8.0,0.5128996956825256,0.0,0.0,0.0
72.22000122070312,73.08000183105469,72.0,72.5,72.68200073242187,72.49600067138672,72.9326670328776,73.05650024414062,73.03439971923828,73.14733327229818,-0.007148703029113,0.0038770254024393,0.0119080669595035,-0.0030462644279222,8.0,0.5128998478412627,0.0,0.0,0.0
71.73999786376953,72.56999969482422,71.5999984741211,72.22000122070312,72.4020004272461,72.47200012207031,72.84733378092447,73.00400009155274,73.0431997680664,73.05033315022787,-0.0066464047191956,0.0066908749822531,0.011569582600641,-0.0019514830473551,8.0,0.5128999239206313,0.0,0.0,0.0
71.56999969482422,72.06999969482422,71.0,71.5999984741211,72.24199981689453,72.44599990844726,72.68333384195964,72.89150009155273,72.99519989013672,72.93466644287109,-0.002369642793524,0.0004191529890287,0.0069861674183597,-0.0079642265929119,8.0,0.5128999619603156,0.0,0.0,0.0
70.4000015258789,72.02999877929688,70.05999755859375,71.55999755859375,71.73399963378907,72.26399993896484,72.43066711425782,72.77000007629394,72.87440002441406,72.82599970499675,-0.0163476061748526,0.0164772160166564,0.023153369575124,-0.004829601703349,8.0,0.5128999809801578,0.0,0.0,0.0
68.31999969482422,71.0,68.05000305175781,70.29000091552734,70.85,71.78300018310547,72.02866719563802,72.48500022888183,72.65760009765626,72.68266626993815,-0.029545479914373,0.028834912609819,0.0392271709184275,-0.0039519415145263,8.0,0.5128999904900788,0.0,0.0,0.0
66.58000183105469,68.69000244140625,65.80000305175781,68.30000305175781,69.72200012207031,71.20200042724609,71.57133382161459,72.13000030517578,72.38960021972656,72.48233311971029,-0.0254683529206946,0.0258336012826732,0.0316912068537582,-0.0117152111421701,8.0,0.5128999952450395,0.0,0.0,0.0
68.05000305175781,69.06999969482422,66.55000305175781,66.58000183105469,68.98400115966797,70.69300079345703,71.30933380126953,71.88150062561036,72.20000030517578,72.36666666666666,0.0220787200401889,-0.0216017803788349,0.0149889286895492,-0.0220426147352135,8.0,0.5128999976225197,1.0,1.0,1.0
65.5,67.9000015258789,65.11000061035156,67.9000015258789,67.77000122070312,70.00600051879883,70.88733367919922,71.4550006866455,71.86720031738281,72.12433344523112,-0.0374724898956774,0.0366412446699069,0.0366412446699069,-0.0059541891549379,8.0,0.5128999988112599,0.0,0.0,0.0
67.12999725341797,67.69999694824219,59.29999923706055,61.0099983215332,67.11600036621094,69.425,70.54800008138021,71.1020004272461,71.63920013427735,71.91466674804687,0.024885454250656,-0.0911663813835946,0.0084909834372919,-0.1166393316954702,8.0,0.5129,1.0,1.0,1.0
67.12999725341797,67.69999694824219,59.29999923706055,61.0099983215332,67.11600036621094,69.425,70.54800008138021,71.1020004272461,71.63920013427735,71.91466674804687,0.024885454250656,-0.0911663813835946,0.0084909834372919,-0.1166393316954702,8.0,0.5129,1.0,1.0,1.0
67.5999984741211,67.98999786376953,65.70999908447266,66.19000244140625,66.97200012207031,68.91100006103515,70.17933349609375,70.76450042724609,71.38240020751954,71.71000010172526,0.0070013591528814,-0.020857929948839,0.0057692218705853,-0.0279585714838732,8.0,0.6815249999999999,1.0,1.0,1.0
68.79000091552734,69.55000305175781,67.30000305175781,67.37999725341797,67.41399993896485,68.56800003051758,69.93933359781902,70.53200035095215,71.18680023193359,71.56033350626628,0.0176035868086862,-0.0204972182489259,0.0110481483662681,-0.0216600936755214,8.0,0.7658375,1.0,1.0,1.0
65.93000030517578,70.58999633789062,65.51000213623047,69.0,66.98999938964843,67.9870002746582,69.4586669921875,70.22950019836426,70.90320037841796,71.33166681925455,-0.0415758187569089,0.0465645333021971,0.070680964828526,-0.006370365038696,8.0,0.80799375,0.0,0.0,0.0
67.1500015258789,67.62000274658203,66.5,66.69999694824219,67.31999969482422,67.54500045776368,69.1106669108073,69.99550018310546,70.62800048828124,71.10933354695638,0.0185044928720764,-0.0067014827611476,0.0069992734180652,-0.0096798437990861,8.0,0.8290718749999999,1.0,1.0,1.0
65.83000183105469,67.48999786376953,65.4000015258789,67.48999786376953,67.06000061035157,67.08800048828125,68.63666687011718,69.67600021362304,70.2936004638672,70.87600021362304,-0.0196574782550899,0.0252164056895369,0.0252164056895369,-0.0065319807567274,8.0,0.8396109374999999,0.0,0.0,0.0
66.30999755859375,66.5,65.31999969482422,65.51000213623047,66.8020004272461,66.8870002746582,68.20800018310547,69.33500022888184,69.97200042724609,70.61900024414062,0.0072914433265689,-0.012064476727757,0.0028653664364617,-0.0149298431642187,8.0,0.84488046875,1.0,1.0,1.0
66.88999938964844,67.13999938964844,66.1500015258789,66.5999984741211,66.42200012207032,66.91800003051758,67.85266672770182,69.06000022888183,69.71000030517578,70.39266688028971,0.008746823290744,-0.0043354898814996,0.0037374794779665,-0.0110629073183106,8.0,0.847515234375,1.0,1.0,1.0
66.5199966430664,68.12000274658203,66.31999969482422,67.33999633789062,66.53999938964844,66.76499938964844,67.50466664632161,68.72900009155273,69.4916000366211,70.17600021362304,-0.0055315106885662,0.0123271156976176,0.0240530093845456,-0.0030065688264437,8.0,0.8488326171875,0.0,0.0,0.0
65.62999725341797,66.68000030517578,65.30999755859375,66.5199966430664,66.23599853515626,66.77799911499024,67.1086664835612,68.39199981689453,69.24359985351562,69.89600016276042,-0.0133794262561978,0.0135608628202721,0.0159988282142298,-0.0048758145393271,8.0,0.84949130859375,0.0,0.0,0.0
66.55999755859375,67.0,65.5199966430664,65.83000183105469,66.38199768066406,66.72099914550782,66.85266621907552,68.0729995727539,69.01719970703125,69.64166666666667,0.0141703541687615,-0.0109674842895906,0.0066106138453341,-0.01562501432804,8.0,0.8498206542968749,1.0,1.0,1.0
66.23999786376953,67.19000244140625,66.0,66.98999786376953,66.36799774169921,66.58499908447266,66.71399943033855,67.74799957275391,68.74159973144532,69.37133331298828,-0.0048076878990645,0.0113224641332638,0.0143418570089708,-0.0036231562727873,8.0,0.8499853271484374,0.0,0.0,0.0
63.619998931884766,66.13999938964844,63.09999847412109,66.0,65.71399765014648,66.0679988861084,66.51666590372722,67.31799945831298,68.39079971313477,69.0439998626709,-0.0395531252472729,0.0374096370335277,0.0396101933365595,-0.0081735376688769,8.0,0.8500676635742187,0.0,0.0,0.0
63.40999984741211,64.8499984741211,63.0099983215332,64.01000213623047,65.09199829101563,65.81599884033203,66.20733235677083,66.90149955749511,68.00159973144531,68.75833307902018,-0.0033008344545477,0.0094622660504997,0.0227093302345711,-0.0063081773669998,8.0,0.8501088317871093,0.0,0.0,0.0
65.52999877929688,65.80000305175781,63.119998931884766,63.97999954223633,65.0719985961914,65.65399856567383,66.20933227539062,66.59949951171875,67.7279995727539,68.54833297729492,0.033433195662928,-0.0236532773681393,0.0041203155423563,-0.0367770470365629,8.0,0.8501294158935546,1.0,1.0,1.0
64.62000274658203,66.5,64.18000030517578,65.54000091552734,64.68399963378906,65.53299865722656,66.04199930826823,66.31049957275391,67.39519958496093,68.29499969482421,-0.0138867091357606,0.0142370493630779,0.0290931162722274,-0.0068090749412653,8.0,0.8501397079467773,0.0,0.0,0.0
62.93999862670898,64.5999984741211,62.400001525878906,64.5999984741211,64.02399978637695,65.19599876403808,65.73133265177408,66.04149951934815,67.00319961547852,67.95533307393391,-0.0259982056401554,0.0263743229048574,0.0263743229048574,-0.0085795537434429,8.0,0.8501448539733887,0.0,0.0,0.0
64.1500015258789,64.80999755859375,63.0,63.0,64.13000030517578,64.92199897766113,65.42199935913087,65.91999950408936,66.68039962768555,67.68066647847493,0.0192247048867339,-0.017926757576381,0.0102883245053173,-0.017926757576381,8.0,0.8501474269866943,1.0,1.0,1.0
64.6500015258789,66.13999938964844,64.44000244140625,65.91999816894531,64.37800064086915,64.73499946594238,65.33666610717773,65.74999942779542,66.39679977416992,67.39766654968261,0.0077942320827271,0.0196441858173512,0.0230471435205317,-0.0032482456228341,8.0,0.8501487134933472,1.0,1.0,1.0
65.13999938964844,65.36000061035156,64.4000015258789,64.9000015258789,64.30000076293945,64.68599967956543,65.20266596476237,65.73199939727783,66.13959976196288,67.15666643778484,0.0075792397866129,-0.003684339361656,0.0033773598827833,-0.0113601146868773,8.0,0.8501493567466736,1.0,1.0,1.0
64.1500015258789,65.0199966430664,63.86000061035156,65.0,64.20600051879883,64.44500007629395,65.09066594441732,65.58299961090088,65.88959976196288,66.86366640726725,-0.0151980023494881,0.0132501707545273,0.0135618877083976,-0.0045206688796469,8.0,0.8501496783733368,0.0,0.0,0.0
64.26000213623047,64.94999694824219,64.1500015258789,64.20999908447266,64.47000122070312,64.24700050354004,64.95399958292643,65.41599979400635,65.72719985961913,66.58099988301595,0.0017147405726434,-0.0007781364782996,0.0107375472933992,-0.0017118052706932,8.0,0.8501498391866684,1.0,1.0,1.0
64.08000183105469,64.75,63.79999923706055,64.26000213623047,64.45600128173828,64.29300079345703,64.76666641235352,65.18049983978271,65.62719985961914,66.30966657002767,-0.0028011251041383,0.0028089934461978,0.0104556515262241,-0.0043695784331023,8.0,0.8501499195933342,0.0,0.0,0.0
64.38999938964844,65.16000366210938,63.81999969482422,64.08000183105469,64.40400085449218,64.39100074768066,64.62466659545899,65.10349979400635,65.48079971313477,66.06466662089029,0.0048376646338283,-0.0048143743055165,0.0119584450964402,-0.0088523016031563,8.0,0.8501499597966671,1.0,1.0,1.0
65.19999694824219,65.4000015258789,64.4000015258789,64.5,64.41600036621094,64.35800056457519,64.59599990844727,65.00599956512451,65.46879959106445,65.85233319600424,0.0125795553078381,-0.0107361500154342,0.0030675550153091,-0.0122698690154593,8.0,0.8501499798983335,1.0,1.0,1.0
66.20999908447266,66.37000274658203,65.0,65.48999786376953,64.82799987792968,64.51700019836426,64.57266667683919,65.02499942779541,65.43199966430664,65.71266644795736,0.0154908310353486,-0.010874508845477,0.0024166087346602,-0.0182751714424418,8.0,0.8501499899491667,1.0,1.0,1.0
65.95999908447266,66.58999633789062,65.66999816894531,66.55999755859375,65.16799926757812,64.81900024414062,64.55400009155274,65.00749950408935,65.3663996887207,65.63399976094564,-0.0037758647252213,0.0090963990668448,0.0095512016701388,-0.0043966179434895,8.0,0.8501499949745833,0.0,0.0,0.0
65.9000015258789,66.4000015258789,65.55000305175781,66.08000183105469,65.53199920654296,64.99400024414062,64.70600026448568,64.95799961090088,65.25079971313477,65.61133308410645,-0.0009096052065876,0.0027314157967825,0.0075872532385852,-0.0053110541125503,8.0,0.8501499974872917,0.0,0.0,0.0
65.22000122070312,66.36000061035156,65.12999725341797,66.13999938964844,65.6979995727539,65.05100021362304,64.82666702270508,64.89299983978272,65.22239974975587,65.51699968973796,-0.0103186690353678,0.0141060740835017,0.0174792911424626,-0.0013800056056513,8.0,0.8501499987436458,0.0,0.0,0.0
65.87000274658203,66.08999633789062,65.0,65.22000122070312,65.83200073242188,65.1240005493164,64.84933395385742,64.90500011444092,65.17119979858398,65.52933311462402,0.009966291225284,-0.009867944417425,0.003339814515493,-0.0132078747579401,8.0,0.85015,1.0,1.0,1.0
65.87000274658203,66.08999633789062,65.0,65.22000122070312,65.83200073242188,65.1240005493164,64.84933395385742,64.90500011444092,65.17119979858398,65.52933311462402,0.009966291225284,-0.009867944417425,0.003339814515493,-0.0132078747579401,8.0,0.85015,1.0,1.0,1.0
65.19999694824219,65.9800033569336,65.12000274658203,65.8499984741211,65.63000030517578,65.22900009155273,64.8880002339681,64.83700008392334,65.14599960327149,65.46499977111816,-0.0101716376256658,0.0099693490230512,0.0119632890368168,-0.0012269049908646,8.0,0.85015,0.0,0.0,0.0
64.33000183105469,65.4800033569336,64.16999816894531,65.19999694824219,65.30400085449219,65.23600006103516,64.98066711425781,64.7415002822876,65.06679977416992,65.35599988301595,-0.0133434840170027,0.0135239405009237,0.0178765971264709,-0.0024872323574555,8.0,0.85015,0.0,0.0,0.0
64.2300033569336,64.58999633789062,63.06999969482422,64.33000183105469,64.97000122070312,65.25100021362304,64.98600056966146,64.77200050354004,64.96039993286132,65.20399996439616,-0.0015544609245265,0.0015568810352599,0.0056047479704539,-0.0180601525997609,8.0,0.85015,0.0,0.0,0.0
64.33999633789062,64.63999938964844,63.900001525878906,64.37000274658203,64.79400024414062,65.24599990844726,64.9653335571289,64.81850032806396,64.8731999206543,65.15099983215332,0.0017124859910996,0.0004663725582734,0.0046627769479858,-0.0068385893232107,8.0,0.85015,1.0,1.0,1.0
63.61000061035156,64.55999755859375,63.25,64.30000305175781,64.34199981689453,65.08700027465821,64.86333363850912,64.7225004196167,64.79240005493165,65.03299980163574,-0.0113459087517721,0.010847389322206,0.0149347105663695,-0.005659497042875,8.0,0.85015,0.0,0.0,0.0
64.66000366210938,65.69000244140625,63.41999816894531,63.59999847412109,64.23400115966797,64.93200073242187,64.89733378092448,64.72450046539306,64.71640029907226,64.9939998626709,0.0165068863650811,-0.0163935219293753,0.0159294574847117,-0.0191773186349307,8.0,0.85015,1.0,1.0,1.0
65.06999969482422,65.3499984741211,63.25,63.70000076293945,64.38200073242187,64.84300079345704,64.95133361816406,64.83100051879883,64.66960037231445,64.95266660054524,0.0063407981672463,-0.0210542329538959,0.0043030395053029,-0.0279698740335015,8.0,0.85015,1.0,1.0,1.0
61.68000030517578,65.33000183105469,61.20000076293945,65.0199966430664,63.87200012207031,64.42100067138672,64.7913335164388,64.70750045776367,64.59200042724609,64.77899996439616,-0.0520977317588351,0.0541503943152599,0.0591764187389705,-0.0077820937072214,8.0,0.85015,0.0,0.0,0.0
61.95000076293945,62.70000076293945,61.7400016784668,62.70000076293945,63.39400100708008,64.09400062561035,64.62866694132487,64.5725004196167,64.53360046386719,64.62666676839193,0.0043774393065464,0.0121065373811695,0.0121065373811695,-0.0033898156882393,8.0,0.85015,1.0,1.0,1.0
62.290000915527344,62.630001068115234,61.68999862670898,61.9900016784668,63.130001068115234,63.73600044250488,64.43466720581054,64.43000049591065,64.40400054931641,64.51533355712891,0.0054882994092114,-0.0048161700538001,0.0054583423918868,-0.0096324013485251,8.0,0.85015,1.0,1.0,1.0
61.75,63.15999984741211,61.56999969482422,62.40999984741211,62.54800033569336,63.39100074768066,64.13733393351237,64.3100004196167,64.28920043945313,64.35500030517578,-0.0086691428413951,0.0106882566382526,0.0228340056261069,-0.0029149846992029,8.0,0.85015,0.0,0.0,0.0
62.52000045776367,63.040000915527344,61.84999847412109,61.900001525878906,62.03800048828125,63.21000061035157,63.90800069173177,64.22300033569336,64.27240051269531,64.23100039164225,0.0124696430407072,-0.0099168094584966,0.0083173457126726,-0.0107166023470394,8.0,0.85015,1.0,1.0,1.0
63.81999969482422,64.0999984741211,62.09000015258789,62.7400016784668,62.466000366210935,63.16900024414063,63.7693339029948,64.21000022888184,64.25920043945312,64.23766708374023,0.0207933337738661,-0.0169225637969567,0.0043873202857376,-0.0271074827719973,8.0,0.85015,1.0,1.0,1.0
63.13999938964844,63.59999847412109,62.45000076293945,63.5,62.704000091552736,63.0490005493164,63.63066711425781,64.14750022888184,64.19880035400391,64.22866706848144,-0.0106549719277251,0.0057016251794672,0.0072853830997672,-0.0109280746496508,8.0,0.85015,0.0,0.0,0.0
64.19000244140625,64.55999755859375,62.7599983215332,63.290000915527344,63.08400039672851,63.107000732421874,63.51866709391276,64.09700050354004,64.16080047607421,64.18400052388509,0.0166297602456099,-0.014020898763798,0.0057640614288063,-0.0222776766705746,8.0,0.85015,1.0,1.0,1.0
64.68000030517578,64.80999755859375,63.900001525878906,64.30000305175781,63.67000045776367,63.10900039672852,63.48400065104167,64.0205005645752,64.1820004272461,64.18600044250488,0.0076335542161228,-0.0058750348117664,0.0020098523933922,-0.0120593502723662,8.0,0.85015,1.0,1.0,1.0
65.08000183105469,65.83999633789062,64.19999694824219,64.36000061035156,64.18200073242187,63.11000061035156,63.53400065104167,63.9765007019043,64.21480041503906,64.25733388264975,0.0061843154605999,-0.0110633251451378,0.0116778501145229,-0.0135218939467297,8.0,0.85015,1.0,1.0,1.0
62.61000061035156,66.19999694824219,62.29999923706055,66.01000213623047,63.94000091552734,63.20300064086914,63.4260004679362,63.81200065612793,64.15600036621093,64.20600051879883,-0.0379533059497318,0.0543044480551684,0.0573390241637703,-0.0049513076228873,8.0,0.85015,0.0,0.0,0.0
62.43999862670898,63.34000015258789,62.310001373291016,62.91999816894531,63.800000762939455,63.252000427246095,63.29933395385742,63.67300052642823,64.07800033569336,64.13233375549316,-0.0027152528667196,0.0076873727225068,0.01441386203833,-0.0020819547770195,8.0,0.85015,0.0,0.0,0.0
62.650001525878906,62.880001068115234,61.540000915527344,62.59999847412109,63.492000579833984,63.28800048828125,63.23533401489258,63.512000465393065,63.97600051879883,64.04933382670085,0.0033632752048154,-0.0007981332887463,0.0036711817499528,-0.0177174873633969,8.0,0.85015,1.0,1.0,1.0
62.369998931884766,62.91999816894531,61.90999984741211,62.33000183105469,63.03000030517578,63.35000038146973,63.0826670328776,63.3705005645752,63.82240051269531,63.99000040690104,-0.0044693150386992,-0.0006412875022454,0.0088183300702187,-0.0073753261560102,8.0,0.85015,0.0,0.0,0.0
