Close,High,Low,Open,MA_5,MA_15,MA_10,MA_20,MA_25,MA_30,Return_Ratio,Percentage_Change_Open,Percentage_Change_High,Percentage_Change_Low,Sector_Encoded,VADER Sentiment Score,label_5d,label_10d,label_20d
347.0770263671875,355.34976427346066,346.0370196024772,354.54613077817004,0.0,0.0,0.0,0.0,0.0,0.0,0.0,0.0215200196024516,0.0238354522996318,-0.0029964724994794,11.0,0.86485,,,
341.82977294921875,352.1825255130493,339.98613248831674,348.684331353807,0.0,0.0,0.0,0.0,0.0,0.0,-0.0151184118202553,0.020052549388688,0.0302862810179163,-0.0053934461149932,11.0,0.86485,,,
340.2697448730469,348.7315700017264,339.4188248019796,342.9643053087942,0.0,0.0,0.0,0.0,0.0,0.0,-0.0045637571669441,0.0079188951599344,0.0248679915160738,-0.0025007221002993,11.0,0.86485,,,
339.60797119140625,343.8625125540881,337.52795736043225,343.0115924079712,0.0,0.0,0.0,0.0,0.0,0.0,-0.0019448502007944,0.0100222065007027,0.0125278018291388,-0.006124749733279,11.0,0.86485,,,
339.6551818847656,342.0188255485905,337.5279114925074,338.9460917540129,341.687939453125,0.0,0.0,0.0,0.0,0.0,0.000139015268675,-0.0020876764688763,0.0069589506943743,-0.0062630294066289,11.0,0.86485,,,
334.9751892089844,343.153384016902,334.691559086594,342.0661203724316,339.2675720214844,0.0,0.0,0.0,0.0,0.0,-0.0137786582551507,0.0211685264815935,0.0244143299903187,-0.0008467197915766,11.0,0.86485,0.0,,
333.6988220214844,337.386102806825,331.9024681596796,336.1570092117115,337.6413818359375,0.0,0.0,0.0,0.0,0.0,-0.0038103335071293,0.0073664844704453,0.0110497267056677,-0.0053831591341044,11.0,0.86485,0.0,,
330.86248779296875,336.29886602817123,330.29522748089,331.8552081810822,335.7599304199219,0.0,0.0,0.0,0.0,0.0,-0.0084996830715003,0.0030004017522067,0.0164309295727842,-0.0017144896535798,11.0,0.86485,0.0,,
339.749755859375,344.1461269396215,326.1824690972227,339.418839186164,335.7882873535156,0.0,0.0,0.0,0.0,0.0,0.0268609116908027,-0.0009740012097255,0.0129400271947985,-0.0399331758983453,11.0,0.86485,1.0,,
313.6551208496094,345.8479245156042,310.2987570509908,342.160644084572,330.5882751464844,336.1381072998047,0.0,0.0,0.0,0.0,-0.0768054562504715,0.0908817402940804,0.1026375835305763,-0.0107008098242652,11.0,0.86485,0.0,,
313.2770080566406,332.2334172534697,308.3133466608138,314.83701846823925,326.24863891601564,332.75810546875,0.0,0.0,0.0,0.0,-0.0012055049251054,0.0049796517825417,0.0605100556674167,-0.0158443207390738,11.0,0.8662000000000001,0.0,0.0,
337.0079345703125,343.34248940058814,314.50607599495737,318.0042700794856,326.91046142578125,332.2759216308594,0.0,0.0,0.0,0.0,0.0757506165577951,-0.0563893681466483,0.0187964560488826,-0.0667695216257895,11.0,0.8668750000000001,1.0,1.0,
334.92791748046875,341.971592110086,328.1206458225453,335.5897508125741,327.7235473632812,331.7417388916016,0.0,0.0,0.0,0.0,-0.0061720122183348,0.0019760470762903,0.0210304195679,-0.0203245871802263,11.0,0.8672125,0.0,0.0,
320.6988220214844,334.92794290228056,315.0733570073999,334.92794290228056,323.9133605957031,329.8508239746094,0.0,0.0,0.0,0.0,-0.0424840531838142,0.0443691086581008,0.0443691086581008,-0.0175412712108671,11.0,0.86738125,0.0,0.0,
320.5097045898437,324.7642752654316,312.94605637096384,319.61152767169085,325.28427734375,327.9362762451172,332.52016398111977,0.0,0.0,0.0,-0.0005897041668209,-0.0028023392280813,0.0132743895571973,-0.0235988118629952,11.0,0.86755,0.0,0.0,
321.97515869140625,330.6260702385019,318.61879475092536,323.15696569204624,327.02390747070314,326.6362731933594,330.8467061360677,0.0,0.0,0.0,0.0045722612469342,0.00367049124362,0.0268682577322276,-0.0104242947006286,11.0,0.683775,1.0,1.0,
326.1602478027344,335.7967012492282,322.53465175311726,324.49056186410934,324.8543701171875,325.8824157714844,329.8020711263021,0.0,0.0,0.0,0.0129981739222909,-0.005119219616349,0.0295451500034487,-0.0111159961216669,11.0,0.5918875,1.0,1.0,
330.5968322753906,333.9362042027111,323.5841751923652,328.06844382632005,323.9881530761719,325.85585021972656,329.15721028645834,0.0,0.0,0.0,0.0136024684263164,-0.0076479512270837,0.0101010403043992,-0.0212121121511044,11.0,0.54594375,1.0,1.0,
333.12518310546875,334.7471799800891,326.58959642266024,328.2115633418467,326.4734252929687,325.1933929443359,328.7250244140625,0.0,0.0,0.0,0.0076478374359376,-0.0147500699821494,0.0048690310936558,-0.0196190111533517,11.0,0.522971875,1.0,1.0,
332.8389587402344,336.7507789285868,330.16747324357584,332.98208580290435,328.93927612304685,327.1117767333984,328.27060953776044,331.62494201660155,0.0,0.0,-0.0008592096297437,0.000430018959354,0.0117528915580022,-0.0080263605762074,11.0,0.5114859375,0.0,0.0,
331.12158203125,336.5599610527212,329.9766554021876,332.8389569971268,330.7685607910156,328.8962341308594,328.0137023925781,330.82716979980466,0.0,0.0,-0.0051597827234062,0.0051865389001273,0.0164241152392112,-0.003457722755608,11.0,0.50574296875,0.0,0.0,0.0
328.9271545410156,332.8866939278757,325.63550153850304,331.1215998611691,331.3219421386719,328.08815612792966,327.6955912272135,330.1820388793945,0.0,0.0,-0.0066272559969445,0.0066715237397034,0.0120377394574953,-0.0100072400744953,11.0,0.502871484375,0.0,0.0,0.0
338.9929504394531,341.2827738033878,327.2574596665451,327.2574596665451,333.00116577148435,328.4946594238281,328.2376220703125,330.11819915771486,0.0,0.0,0.0306019000239834,-0.0346186867829986,0.006754781658339,-0.0346186867829986,11.0,0.5014357421875,1.0,1.0,1.0
328.1638488769531,338.6590048571373,325.3492662324595,336.41687056071333,332.00889892578124,329.241162109375,327.4652282714844,329.5459930419922,0.0,0.0,-0.0319449166965322,0.0251490885178358,0.0319814507786304,-0.0085767602194016,11.0,0.50071787109375,0.0,0.0,0.0
325.1107482910156,331.9325895542509,322.2961355423425,330.0720873915504,330.4632568359375,329.7012664794922,328.22893676757815,328.8187713623047,331.3926049804688,0.0,-0.0093035859872617,0.0152604585563984,0.0209831305150478,-0.0086573967900738,11.0,0.5003589355468749,0.0,0.0,0.0
321.5805358886719,326.01711533078407,317.2393645024327,325.158442827927,328.5550476074219,329.66180419921875,328.7825052897135,328.14903869628904,330.3727453613281,0.0,-0.0108584918244036,0.0111260058988575,0.0137961690680437,-0.0134994842714674,11.0,0.5001794677734375,0.0,0.0,0.0
317.525634765625,328.21157721004704,316.0467648912707,328.21157721004704,326.2747436523438,328.7983428955078,327.4836853027344,327.3403793334961,329.40057983398435,0.0,-0.0126092865410568,0.0336537944481543,0.0336537944481543,-0.0046574818296037,11.0,0.5000897338867187,0.0,0.0,0.0
316.09442138671875,321.05575985502946,314.9494948205369,315.85591623719523,321.6950378417969,327.3481018066406,326.2281188964844,326.6019760131836,328.4335668945312,0.0,-0.0045073947492858,-0.0007545376741455,0.0156957482721304,-0.0036221030449034,11.0,0.5000448669433594,0.0,0.0,0.0
313.3275451660156,317.6210275132807,311.2762270262228,315.8082145360783,318.7277770996094,325.3683380126953,325.7367004394531,325.28086547851564,327.3823498535156,0.0,-0.0087533218984527,0.0079171761574563,0.0137028563670971,-0.0065468809603252,11.0,0.5000224334716796,0.0,0.0,0.0
313.1844482421875,316.52379011930367,311.18081915157086,312.6119699496826,316.34251708984374,323.40288696289065,325.24835001627605,325.25733184814453,326.3235205078125,328.88425699869794,-0.0004567007466653,-0.0018279269475801,0.0106625405439475,-0.0063976008446856,11.0,0.5000112167358398,0.0,0.0,0.0
313.75689697265625,316.5715095220364,302.8801089557622,316.5715095220364,314.7777893066406,321.6664184570312,324.7004659016927,325.2813262939453,325.4747888183594,327.7735860188802,0.0018278325558045,0.0089706794544994,0.0089706794544994,-0.0346662913926063,11.0,0.5000056083679199,1.0,1.0,1.0
309.7019348144531,315.18803258672773,307.2212655593527,313.75688185577474,313.2130493164062,319.743896484375,323.6032450358073,323.91602630615233,324.5149133300781,326.70265808105466,-0.0129238980794628,0.0130930633150581,0.0177141217266252,-0.0080098603729635,11.0,0.5000028041839599,0.0,0.0,0.0
309.6542663574219,312.99360829989126,304.7883355753522,308.1753965245616,311.9250183105469,316.8100280761719,322.2070739746094,322.65234375,323.66658447265627,325.68214213053386,-0.0001539172077171,-0.0047758742363114,0.0107840979610949,-0.0157140763449165,11.0,0.50000140209198,0.0,0.0,0.0
314.56787109375,316.2852759670184,302.83241091843547,309.6542514961937,312.17308349609374,315.45043029785154,320.9699198404948,322.3457962036133,322.65930908203126,324.84747212727865,0.0158680349995776,-0.0156202207824709,0.0054595686053282,-0.0373066077425848,11.0,0.5000007010459899,1.0,1.0,1.0
315.1403503417969,320.2447860620275,309.1771822268512,317.1439494262116,312.56426391601565,314.45339050292966,319.7900126139323,322.0773284912109,322.7187182617188,324.0303110758463,0.0018198910335514,0.0063577992543373,0.0161973410091549,-0.0189222614891371,11.0,0.500000350522995,1.0,1.0,1.0
316.8100280761719,320.5787513032659,312.2780403664305,315.1403720426632,313.1748901367188,313.97633972167966,318.8359090169271,321.8190719604492,322.8600390625,323.4248057047526,0.0052982035863198,-0.0052702120688783,0.0118958457533038,-0.0143050639440356,11.0,0.5000001752614975,1.0,1.0,1.0
316.7623291015625,319.76775779643305,313.32754917093416,318.6228311528903,314.58696899414065,313.90000915527344,318.02492065429686,321.34917602539065,322.05021484375,322.8602559407552,-0.0001505601792311,0.0058734953004189,0.0094879612212566,-0.0108433977625131,11.0,0.5000000876307488,0.0,0.0,0.0
315.9990539550781,319.52924215829813,312.99362507695497,318.47972350810454,315.8559265136719,313.8904724121094,316.4919942220052,320.619287109375,321.2930603027344,322.36480814615885,-0.0024096146427804,0.0078502436066756,0.011171515101187,-0.0095108793539312,11.0,0.5000000438153744,0.0,0.0,0.0
316.4761047363281,321.58054064504915,313.18445187143993,317.7164394364561,316.2375732421875,314.2053283691406,315.7128112792969,319.78683319091795,321.1241516113281,321.5890197753906,0.0015096588906807,0.0039192048990912,0.0161289772982189,-0.0104009522855781,11.0,0.5000000219076872,1.0,1.0,1.0
313.2798767089844,318.28890482872066,311.03771235412444,316.6669378125784,315.865478515625,314.2148712158203,314.92408650716146,318.80887908935546,320.83495849609375,321.5765116373698,-0.0100994292444501,0.0108116140084553,0.015988987777818,-0.0071570647256822,11.0,0.5000000109538436,0.0,0.0,0.0
312.6596984863281,317.66872643241,311.133109630069,312.9459226635888,315.03541259765626,314.1051513671875,314.32936401367186,317.8857849121094,320.46234008789065,321.5559346516927,-0.0019796299372026,0.0009154495403351,0.0160207022853662,-0.0048825891653122,11.0,0.5000000054769218,0.0,0.0,0.0
318.8136291503906,321.10348230735093,308.461600895825,309.51111942238447,315.4456726074219,315.0163208007813,314.4152303059896,317.38010864257814,320.16847534179686,320.949457804362,0.0196825196654873,-0.0291785196034325,0.0071824192807019,-0.0324704696036768,11.0,0.5000000027384609,1.0,1.0,1.0
307.6029357910156,321.29430610137183,305.3130825792477,321.29430610137183,313.7664489746094,314.8111877441406,313.84913126627606,315.81060791015625,319.24871948242185,320.0386250813802,-0.0351637832712813,0.0445098817901337,0.0445098817901337,-0.0074441851664369,11.0,0.5000000013692305,0.0,0.0,0.0
306.3148803710937,312.37342657779993,301.592076871027,305.3130808299724,311.7342041015625,313.985888671875,313.3816202799479,314.7181594848633,318.1763073730469,319.5591603597005,-0.004187396380368,-0.0032704893079554,0.0197788177948339,-0.0154181327865794,11.0,0.5000000006846153,0.0,0.0,0.0
299.9700927734375,312.421158836005,292.6712116041134,306.4103014234162,309.07224731445314,312.46886291503904,312.5006632486979,313.46112670898435,316.861552734375,318.874506632487,-0.0207132855902059,0.0214695024775115,0.0415076914750018,-0.0243320295761512,11.0,0.5000000003423076,0.0,0.0,0.0
303.4048767089844,310.0836205688142,295.77205225955134,298.5866648874672,307.2212829589844,311.1283477783203,311.81052856445314,312.55234375,315.7528845214844,318.2554972330729,0.0114504212863017,-0.0158804692718853,0.0220126450578967,-0.0251572240111163,11.0,0.5000000001711538,1.0,1.0,1.0
305.2176818847656,308.12770249674713,303.40486890030644,306.1240733992783,304.50209350585936,309.9738830566406,311.51157836914064,311.936946105957,314.80450561523435,317.557411702474,0.0059748715823049,0.0029696559809888,0.009534246489298,-0.0059394101064682,11.0,0.5000000000855769,1.0,1.0,1.0
305.6947326660156,309.08179367684585,299.8746912421702,305.2653814192815,304.1204528808594,308.9434509277344,311.2476094563802,311.4169616699219,313.4725769042969,316.7273417154948,0.0015629854021042,-0.0014045097963897,0.0110798801840354,-0.0190387363664655,11.0,0.5000000000427884,1.0,1.0,1.0
328.6408996582031,352.5411709501136,305.7901169422627,308.0799701097897,308.5856567382813,310.15993041992186,312.18581136067706,312.18262939453126,313.49165893554687,316.57786560058594,0.0750623564628349,-0.0625635140659529,0.0727245796757722,-0.0695311592066171,11.0,0.5000000000213942,1.0,1.0,1.0
315.2357788085937,324.29975419085866,311.9918149043575,317.71644827788185,311.6387939453125,310.3555206298828,312.1921732584635,312.2851959228516,313.09666015625,315.9910929361979,-0.040789569598766,0.0078692510052746,0.0287530032806599,-0.0102905955551635,11.0,0.5000000000106971,0.0,0.0,0.0
304.8837280273437,314.56787008904183,302.4507477831285,313.5183515488261,311.9345642089844,309.5779235839844,311.39708658854164,311.84153747558594,312.42878784179686,315.1164978027344,-0.0328390730911785,0.0283210375881652,0.0317633942760944,-0.0079800265496524,11.0,0.5000000000053486,0.0,0.0,0.0
305.02685546875,318.57509858914835,301.54435667993545,304.93141746003505,311.8963989257812,308.1992462158203,310.6147216796875,311.6077835083008,311.92883666992185,314.3198211669922,0.0004694492629446,-0.0003128839543268,0.0444165583373898,-0.0114170235386743,11.0,0.5000000000026743,1.0,1.0,1.0
296.1059875488281,309.2725988886488,293.8638532898887,305.3130896587778,309.97864990234376,307.04955139160154,309.2885172526041,310.9303695678711,311.1292993164063,312.8902557373047,-0.0292461721320004,0.0310939410113462,0.0444658733476286,-0.0075720666018943,11.0,0.5000000000013372,0.0,0.0,0.0
300.0655517578125,303.643429060391,292.00337560795765,297.5848821732418,304.2635803222656,306.42461853027345,308.19448038736977,310.2052536010742,310.5988195800781,311.9536458333333,0.0133721180100467,-0.0082670922071483,0.0119236522873715,-0.0268680496732325,11.0,0.5000000000006686,1.0,1.0,1.0
314.56787109375,317.52561061752,299.58844723426506,301.639765316951,304.1299987792969,307.8843963623047,308.2803466796875,310.1766296386719,310.65415649414064,311.6022165934245,0.0483305039548243,-0.0410979854104237,0.0094025480526218,-0.0476190521536786,11.0,0.5000000000003343,1.0,1.0,1.0
315.9513244628906,319.5292012620434,306.7442228806101,310.17900258105595,306.34351806640626,309.1390411376953,308.4997884114583,310.1336944580078,310.74193359375,311.4145762125651,0.0043979487298889,-0.0182696555921944,0.011324139264917,-0.0291408861726798,11.0,0.5000000000001672,1.0,1.0,1.0
311.70556640625,316.7623130102538,309.84506444943446,316.7623130102538,307.67926025390625,309.78782958984374,308.025917561849,309.8808563232422,310.8220788574219,311.2205739339193,-0.0134380131618638,0.0162228306100036,0.0162228306100036,-0.0059687800197661,11.0,0.5000000000000836,0.0,0.0,0.0
313.375244140625,315.7605053020972,311.0853910291771,313.80459534345044,311.13311157226565,310.5558807373047,308.4107381184896,309.74966583251955,310.97091796875,311.1299346923828,0.0053565861964713,0.0013700865363595,0.0076115175211535,-0.0073070644674801,11.0,0.5000000000000417,1.0,1.0,1.0
313.1367492675781,314.6633082195216,306.3626270683964,314.4724920949581,313.7473510742187,309.0054656982422,308.8655293782552,309.582698059082,310.91367309570313,311.1235748291016,-0.0007610520534284,0.004265685297252,0.0048750552450775,-0.0216331114601727,11.0,0.5000000000000209,0.0,0.0,0.0
313.99542236328125,315.6173892255339,311.1330908967126,314.75868679002,313.632861328125,308.8814300537109,309.80055135091146,309.61847534179685,310.8678759765625,311.1506072998047,0.0027421664742689,0.0024308138666293,0.0051655748674452,-0.0091158382024342,11.0,0.5000000000000104,1.0,1.0,1.0
302.6416015625,314.75869422197667,301.06732371203094,314.0908378328111,310.9709167480469,308.65721740722654,309.7496663411458,309.1175704956055,310.30113891601565,310.78009745279945,-0.0361591921160089,0.0378310060850859,0.0400377628089385,-0.0052017893189213,11.0,0.5000000000000052,0.0,0.0,0.0
304.9314270019531,312.94591341647566,303.02323592116545,306.0763536325992,309.6160888671875,308.6476745605469,309.73058268229164,308.4234603881836,309.82790283203127,310.62108052571614,0.0075661291363482,0.0037547019731709,0.0262829138121969,-0.0062577711308695,11.0,0.5000000000000027,1.0,1.0,1.0
303.6434020996094,311.51476142181286,302.9278267026303,306.64883074909494,307.6697204589844,309.401416015625,309.5938273111979,308.2254837036133,309.3336767578125,310.42071838378905,-0.0042239821425015,0.0098978888680072,0.0259230375755745,-0.0023566308111129,11.0,0.5000000000000013,0.0,0.0,0.0
306.6965026855469,310.989984783277,301.5443481326162,304.406679516247,306.3816711425781,310.06451110839845,308.13086751302086,308.24456481933595,308.94249267578124,310.15833943684896,0.0100548886121883,-0.0074660882965712,0.0139991231074851,-0.0167988695919794,11.0,0.5000000000000007,1.0,1.0,1.0
306.1717529296875,308.5093251299554,303.9296187383906,306.1717529296875,304.8169372558594,309.2248992919922,307.52659912109374,308.5546478271484,308.65816772460937,309.85938618977866,-0.0017109740452351,0.0,0.0076348395235688,-0.0073231255654462,11.0,0.5,0.0,0.0,0.0
311.13311767578125,312.9459307561792,305.694738345458,305.694738345458,306.51524047851564,308.7430786132812,307.94322509765624,308.9410598754883,308.5971044921875,309.67015584309894,0.0162045149450254,-0.0174792685875064,0.0058264870481805,-0.0174792685875064,11.0,0.550575,1.0,1.0,1.0
307.55523681640625,315.7605397003909,305.8855508259404,310.5606656081577,307.0400024414063,308.3280456542969,308.1117838541667,309.0579376220703,308.14676879882813,309.3632527669271,-0.011499517910862,0.009771996805717,0.026679119396308,-0.0054288979363487,11.0,0.5758624999999999,0.0,0.0,0.0
307.55523681640625,315.8082287528824,305.7901427655225,308.89097961769187,307.82236938476564,307.746044921875,308.87506713867185,309.15096282958984,308.1448608398438,309.081792195638,0.0,0.0043430988693682,0.0268341778924179,-0.0057391123271213,11.0,0.58850625,0.0,0.0,0.0
303.69110107421875,310.08362076113235,298.15731382934973,308.0322726036268,307.2212890625,306.8014801025391,309.1167704264323,307.9034729003906,308.03990966796874,308.65562540690104,-0.0125640381941998,0.014294694556582,0.0210494139087444,-0.0182217629205955,11.0,0.594828125,0.0,0.0,0.0
303.26177978515625,307.6506403663395,300.68570228077084,305.5039141052574,306.63929443359376,305.7281158447266,308.3630310058594,307.3047729492188,308.1715771484375,308.3216888427734,-0.0014136775412381,0.0073933956388754,0.0144721850023188,-0.0084945669916282,11.0,0.5979890625,0.0,0.0,0.0
308.27081298828125,310.0836260514491,303.45260108157254,305.122287076052,306.0668334960937,306.29103698730466,307.8509969075521,307.4741271972656,308.3662145996093,308.17539265950523,0.0165171925280977,-0.0102135063702867,0.0058805861171058,-0.0156298024454617,11.0,0.59956953125,1.0,1.0,1.0
312.5165710449219,313.9000328331731,308.12771046588915,308.12771046588915,307.05910034179686,307.04955139160154,307.9050638834635,307.8486129760742,308.6581701660156,307.9654907226562,0.0137728188260301,-0.0140436091576143,0.0044268429786795,-0.0140436091576143,11.0,0.6003597656249999,1.0,1.0,1.0
314.94952392578125,316.9531530906177,311.13311167096856,312.89820570880585,308.5379577636719,308.18016357421874,308.0100158691406,308.79078979492186,309.02836181640623,308.2103769938151,0.0077850363989487,-0.0065131650030968,0.0063617469233216,-0.0121175361919646,11.0,0.6007548828125,1.0,1.0,1.0
314.0908508300781,319.3384139266888,312.42116485492136,314.99724237345515,310.61790771484374,308.9195983886719,308.073622639974,309.4920547485352,308.44635986328126,308.4695760091146,-0.0027263832153163,0.0028857623231672,0.0167071504398885,-0.0053159331790281,11.0,0.6009524414062499,0.0,0.0,0.0
315.18804931640625,316.142159839495,310.0836134354341,312.9936040999323,313.00316162109374,309.8212280273437,308.15313110351565,309.523063659668,308.44445068359374,308.9768412272135,0.0034932519792552,-0.0069623363615255,0.0030271151623866,-0.0161948902949934,11.0,0.6010512207031249,1.0,1.0,1.0
318.05035400390625,320.38792630583583,314.7110120739747,315.1880523624123,314.9590698242188,310.51295166015626,309.180381266276,309.6280151367188,308.97111572265624,309.4650238037109,0.0090812601991347,-0.0089995235202876,0.0073496925015239,-0.0104994127121472,11.0,0.6011006103515624,1.0,1.0,1.0
317.9072570800781,318.95677567068566,313.6137746599048,318.95677567068566,316.03720703125,311.54815368652345,310.0454366048177,309.93809967041017,309.4863317871093,309.8880096435547,-0.0004499190836504,0.003301335742528,0.003301335742528,-0.0135054558351647,11.0,0.6011253051757812,0.0,0.0,0.0
319.6246337890625,321.1035036251621,315.28346229445265,320.1971120940251,316.97222900390625,312.7550933837891,311.11085205078126,310.25056915283204,310.4270776367188,310.3523396809896,0.0054021311899519,0.0017910956930198,0.0046268956762436,-0.0135820929793378,11.0,0.6011376525878906,1.0,1.0,1.0
317.6687316894531,321.4374549297736,315.42659733065506,321.4374549297736,317.68780517578125,314.1528564453125,311.842333984375,310.47716827392577,311.1312048339844,309.9866007486979,-0.0061193722036461,0.0118636896375583,0.0118636896375583,-0.007058089560385,11.0,0.6011438262939452,0.0,0.0,0.0
317.3347473144531,319.24296819098214,313.99540571367413,319.24296819098214,318.1171447753906,315.5601531982422,312.58653361002604,310.6441345214844,311.2418798828125,310.0565663655599,-0.0010513605579742,0.0060132742874139,0.0060132742874139,-0.0105230884075545,11.0,0.6011469131469727,0.0,0.0,0.0
315.7127990722656,319.14757887839943,313.9000160930309,318.62281960431926,317.6496337890625,316.3043518066406,312.891845703125,311.29769439697264,311.2323388671875,310.41753540039065,-0.0051111586610472,0.0092173030064186,0.0108794442804569,-0.0057418735780166,11.0,0.6011484565734864,0.0,0.0,0.0
311.7532653808594,315.7128045295159,310.08360943130674,315.7128045295159,316.4188354492188,316.2280212402344,313.1717142740885,311.638786315918,311.2342468261719,310.6417490641276,-0.012541568485793,0.0127008746606687,0.0127008746606687,-0.0053556967479165,11.0,0.6011492282867432,0.0,0.0,0.0
310.9900207519531,316.28530297091146,309.7973750486426,313.51837931784,314.69191284179686,315.8320709228516,313.40069986979165,312.00611724853513,311.138837890625,311.1378835042317,-0.0024482329895528,0.0081300311816228,0.0170271772906238,-0.0038349966999802,11.0,0.6011496141433716,0.0,0.0,0.0
309.2725830078125,314.8063997729849,306.74422470945206,312.51654662570195,313.01268310546874,315.350244140625,313.7727986653646,312.1349212646484,310.9842712402344,311.4447845458984,-0.0055224850623437,0.010489011299807,0.0178930078811176,-0.008175177617657,11.0,0.6011498070716859,0.0,0.0,0.0
314.23394775390625,316.7146172114146,307.4598257532187,307.4598257532187,312.3925231933593,315.254833984375,314.5042765299479,312.5380310058593,310.9938122558594,311.43365376790365,0.0160420451688354,-0.0215575753323531,0.0078943394729937,-0.0215575753323531,11.0,0.601149903535843,1.0,1.0,1.0
309.94049072265625,316.7146126252516,308.1753967145704,316.66692357391645,311.2380615234375,314.44384765625,314.61558837890624,312.4783996582031,311.2857678222656,311.2332926432292,-0.013663250141937,0.0217023365858939,0.0218562017721557,-0.0056949448714181,11.0,0.6011499517679215,0.0,0.0,0.0
303.0709228515625,315.2357644726533,300.63797250060446,309.94048258738553,309.5015930175781,312.96021423339846,313.985878499349,312.2541839599609,311.21134765625,310.9454711914062,-0.0221641511087392,0.0226665087867488,0.0401385969549077,-0.0080276600871725,11.0,0.6011499758839607,0.0,0.0,0.0
297.44171142578125,304.02501667807746,294.77022610471704,304.02501667807746,306.7919311523437,310.74192199707034,312.818690999349,311.7485076904297,310.96328002929687,310.4143534342448,-0.0185739079579676,0.0221330936429167,0.0221330936429167,-0.008981542327263,11.0,0.60115,0.0,0.0,0.0
299.0160217285156,303.35719333650417,297.15551961080627,299.5884700929946,304.7406188964844,308.8766510009765,311.81370239257814,311.5147537231445,310.65606079101565,309.94366251627605,0.0052928363516601,0.0019144404409163,0.0145181906403999,-0.0062220817030285,11.0,0.550575,1.0,1.0,1.0
292.4804077148437,301.496694210622,291.0015378254452,299.3499379339352,300.38991088867186,306.39121704101564,310.29985961914065,310.9756851196289,310.10840698242185,309.22649536132815,-0.0218570696509557,0.0234871466186856,0.0308269759544672,-0.0050563041160704,11.0,0.5252875,0.0,0.0,0.0
293.5776062011719,298.5866640825409,292.57580660707185,294.6271248023407,297.117333984375,304.1776977539063,308.6683430989584,310.24102478027345,309.4061865234375,308.9243621826172,0.0037513572102164,0.0035749273071246,0.0170621252287772,-0.0034123842314237,11.0,0.5126437500000001,1.0,1.0,1.0
291.28778076171875,297.68027042646,289.3318406836528,295.72436030382823,294.7607055664063,302.1311492919922,306.893711344401,309.1795852661133,308.75548828125,308.4695739746094,-0.0077997278780318,0.0152309153872085,0.0219456155971418,-0.0067148030478696,11.0,0.506321875,0.0,0.0,0.0
296.3445129394531,297.5371285832267,290.28593680100244,293.38677342133303,294.5412658691406,300.6665985107422,305.3417032877604,308.24933471679685,308.3070593261719,308.2262776692708,0.0173599186499035,-0.0099807466950616,0.0040244228986863,-0.0204443675314094,11.0,0.5031609375,1.0,1.0,1.0
299.7792663574219,301.019601020403,294.86564671042737,297.6325401996699,294.69391479492185,299.71726684570314,304.149072265625,307.53375549316405,308.1505859375,307.995703125,0.0115904066651995,-0.0071610227879884,0.0041374931563888,-0.0163907921541714,11.0,0.5015804687500001,1.0,1.0,1.0
309.79736328125,316.76233124702344,296.2968085438032,301.4489634969247,298.1573059082031,299.2736083984375,303.6465799967448,307.26422119140625,308.41200927734377,308.11655680338544,0.0334182448491408,-0.026947936857507,0.0224823345557343,-0.043578662498784,11.0,0.500790234375,1.0,1.0,1.0
300.7333679199219,317.2393502658582,298.92058498425246,314.42476781076266,299.5884582519531,298.35289611816404,302.6479512532552,306.398371887207,308.1105114746094,307.7698984781901,-0.0292578195802762,0.0455267068817135,0.0548857696108118,-0.0060278742868071,11.0,0.5003951171875001,0.0,0.0,0.0
299.9223937988281,304.1681570702436,296.7261490828771,303.3094546238757,301.315380859375,298.0380432128906,301.8592264811198,305.4991287231445,307.60674438476565,307.5154703776042,-0.0026966549362413,0.0112931241383711,0.0141562062693567,-0.0106569058597701,11.0,0.50019755859375,0.0,0.0,0.0
299.2068176269531,305.0745477657274,298.6343393457322,301.0196006140477,301.887841796875,298.2145538330078,301.0736796061198,304.4782379150391,306.9770361328125,307.2371897379557,-0.002385871100892,0.0060586286150563,0.019610950663865,-0.0019133196421168,11.0,0.500098779296875,0.0,0.0,0.0
296.1059875488281,302.069125874314,294.9133419104707,300.6856940785573,301.15318603515624,297.9235504150391,300.19590657552084,303.4001007080078,306.2576416015625,306.98435262044273,-0.0103635007474698,0.0154664435111226,0.0201385266635398,-0.0040277660314476,11.0,0.5000493896484375,0.0,0.0,0.0
296.7738342285156,299.58844668924854,295.53349958027053,299.49303863595526,298.54848022460936,298.35289306640624,299.0318990071615,302.37205505371094,305.52107299804686,306.76808776855466,0.002255431189406,0.0091625476838563,0.0094840317309297,-0.0041793935488599,11.0,0.5000246948242187,1.0,1.0,1.0
298.6820678710937,300.4471618650183,296.7738468134435,297.584860233977,298.1382202148437,298.86333923339845,298.281337483724,301.52051849365233,304.74634155273435,306.4484629313151,0.0064299254937306,-0.0036734968554934,0.0059096081880829,-0.0063888035570779,11.0,0.5000123474121094,1.0,1.0,1.0
298.2050170898437,302.4507503806016,295.15186949613786,299.44535174703583,297.79474487304685,299.55506286621096,297.956943766276,300.8431060791016,303.958251953125,305.9714111328125,-0.0015971858794545,0.0041593353099702,0.0142376319895336,-0.0102384179297225,11.0,0.5000061737060547,0.0,0.0,0.0
298.3958435058594,300.3517536131957,296.8215656276324,300.3517536131957,297.63255004882814,299.76019592285155,298.0205525716146,300.21339721679686,303.1091003417969,305.4196217854817,0.0006399168527675,0.0065547498395295,0.0065547498395295,-0.0052758036430089,11.0,0.5000030868530274,1.0,1.0,1.0
297.96649169921875,302.92783048986547,296.24911671608487,298.3958429338607,298.00465087890626,299.57891845703125,297.9505839029948,299.6480926513672,302.3210107421875,304.88214314778645,-0.0014388665793603,0.0014409379799502,0.0166506601542797,-0.0057636513869065,11.0,0.5000015434265137,0.0,0.0,0.0
302.2122497558594,310.99000054183153,296.29680054312524,300.4948448475699,299.092333984375,298.8204071044922,298.59937337239586,299.04700775146483,301.71611083984374,304.4496164957682,0.014249112483851,-0.0056827772854239,0.0290449867371795,-0.0195738234221574,11.0,0.5000007717132569,1.0,1.0,1.0
309.081787109375,310.9900081753281,301.59208982077945,304.26357534876644,301.1722778320312,299.6552490234375,299.6329854329427,299.0040725708008,301.4508703613281,304.1506642659505,0.0227308368838958,-0.0155887922276816,0.0061738385939831,-0.0242320887252576,11.0,0.5000003858566284,1.0,1.0,1.0
324.3474426269531,337.56177343549075,311.22851987817336,311.22851987817336,306.4007629394531,302.09775390625,301.836962890625,300.0678985595703,301.9546374511719,304.36533711751304,0.0493903431203342,-0.0404471286794403,0.04074128256265,-0.0404471286794403,11.0,0.5000001929283142,1.0,1.0,1.0
324.7767944335937,338.0865333248393,322.6300681521867,329.1179660040865,311.676953125,304.6547515869141,303.7324483235677,301.4346527099609,302.5061083984375,304.5370758056641,0.0013237403790306,0.0133666310059612,0.0409811880631976,-0.0066098511907258,11.0,0.5000000964641571,1.0,1.0,1.0
357.454833984375,362.5115807727525,324.7767809941533,324.7767809941533,323.5746215820312,310.7896362304688,307.5774861653646,304.3565933227539,304.4333984375,305.8632792154948,0.1006169163279393,-0.0914186909321532,0.0141465335130941,-0.0914186909321532,11.0,0.5000000482320786,1.0,1.0,1.0
384.3128356933594,391.18236532033353,362.6546983134059,364.3720732312912,339.99473876953124,319.5435363769531,312.54518432617186,308.9482147216797,307.23655395507814,308.09588216145835,0.0751367701748814,-0.0518867979678377,0.0178748378637432,-0.0563554879474136,11.0,0.5000000241160393,1.0,1.0,1.0
388.3677978515625,399.7693153039448,378.8744415424763,391.1823804710751,355.8519409179688,328.512109375,318.3874796549479,313.6877243041992,310.3736462402344,310.5177154541016,0.0105512014733709,0.0072472090505,0.0293575253032178,-0.0244442416740088,11.0,0.5000000120580197,1.0,1.0,1.0
376.0121154785156,386.1256085241501,369.0471779809875,386.1256085241501,366.1848754882813,336.2928192138672,323.4601277669271,317.92394104003904,313.2912939453125,312.65967712402346,-0.031814384306315,0.0268967212207082,0.0268967212207082,-0.0185231730862301,11.0,0.5000000060290098,0.0,0.0,0.0
404.1104736328125,416.94317143702585,377.7772216459088,377.8249406506593,382.051611328125,346.8642822265625,330.4537048339844,323.312239074707,317.5580444335937,315.76369222005206,0.0747272680789519,-0.0650454138093858,0.0317554199693264,-0.0651634978677414,11.0,0.5000000030145049,1.0,1.0,1.0
396.9546813964844,423.52646793073217,391.1823594487682,409.31033866738426,389.9515808105469,356.7631011962891,337.1769510904948,328.17100982666017,321.4755908203125,318.6864288330078,-0.0177075149079904,0.0311261155238999,0.0669390935024834,-0.0145415137249651,11.0,0.5000000015072524,0.0,0.0,0.0
396.9546813964844,409.1195225633092,391.7071187126908,402.15455503197535,392.4799499511719,366.2373443603516,343.855674235026,332.52887573242185,325.6545617675781,321.4437866210937,0.0,0.0130994138101554,0.0306454155522968,-0.0132195510715042,11.0,0.5000000007536263,0.0,0.0,0.0
389.2742004394531,403.2995147511935,385.4577881780583,401.6775477778452,392.66123046875,374.2565856933594,349.89514973958336,336.95591735839844,329.4824255371093,324.08824361165364,-0.0193485083234473,0.0318627520765308,0.036029395978226,-0.0098039177964697,11.0,0.5000000003768131,0.0,0.0,0.0
382.8816833496094,395.3804378566709,374.9626052564128,392.0887851370255,394.0351440429688,380.110009765625,355.54026082356773,341.1038818359375,333.146181640625,326.74860229492185,-0.0164216305180955,0.0240468588282116,0.0326439081590876,-0.0206828334641583,11.0,0.5000000001884066,0.0,0.0,0.0
393.6153564453125,409.0241319492005,381.21200959731806,383.0247926187479,391.9361206054688,386.9938659667969,361.8882283528646,345.82430877685545,337.0370153808594,329.9543904622396,0.0280339163832556,-0.0269058705488692,0.039146784421834,-0.0315113387851718,11.0,0.5000000000942033,1.0,1.0,1.0
388.1292724609375,400.4372116980837,383.5495657804827,394.0447219306192,390.17103881835936,390.0613098144531,367.8990804036458,350.4254730224609,340.571015625,332.9248321533203,-0.0139376777215174,0.0152409258703285,0.031710927545113,-0.0117994364388368,11.0,0.5000000000471017,0.0,0.0,0.0
386.3641662597656,395.3804522697091,384.265129104748,390.896153790017,388.0529357910156,390.2664428710938,373.5092081705729,354.9049896240234,343.6336877441406,336.0542907714844,-0.0045477275908106,0.0117298339908789,0.0233362376672414,-0.0054327945972256,11.0,0.5000000000235508,0.0,0.0,0.0
386.6026916503906,394.5217398775573,381.7367610669357,386.3641565372956,387.5186340332031,390.0899322509766,378.67726847330727,359.30102081298827,347.0684606933594,339.155126953125,0.0006173589878535,-0.0006170032393637,0.0204836862189463,-0.0125863856836651,11.0,0.5000000000117755,1.0,1.0,1.0
384.4559631347656,390.6099478240692,381.641380402154,390.6099478240692,387.8334899902344,390.9343170166016,382.68450317382815,363.6135681152344,350.4498034667969,342.26073303222654,-0.0055528028179542,0.0160069950251919,0.0160069950251919,-0.0073209496080179,11.0,0.5000000000058877,0.0,0.0,0.0
378.7313232421875,388.2246490646321,375.9167108247352,384.5513342253121,384.8566833496094,388.3964019775391,386.2814717610677,367.6303421020508,353.63078369140624,345.0069600423177,-0.0148902356615845,0.0153671234090211,0.0250661227098289,-0.0074316863822019,11.0,0.5000000000029439,0.0,0.0,0.0
378.7313232421875,384.2174210216367,373.1020984072829,380.6872332377721,382.9770935058594,386.5740661621094,387.6999043782552,371.6685836791992,356.9357971191406,347.6386952718099,0.0,0.0051643734635959,0.0144854609132527,-0.0148633727644038,11.0,0.5000000000014719,0.0,0.0,0.0
380.9734802246094,390.5145256224684,376.68002776883327,382.3569419921465,381.8989562988281,384.9759460449219,387.47728068033854,375.6066452026368,360.3037829589844,350.0112325032552,0.0059201783555359,0.0036313860133296,0.0250438571005886,-0.011269688518069,11.0,0.500000000000736,1.0,1.0,1.0
408.8333129882813,414.8918897075373,383.9789285940456,384.5036879151331,386.34508056640624,386.9318572998047,388.8416483561198,380.594221496582,364.7098327636719,353.61456400553385,0.0731280107666461,-0.0595098889944066,0.0148191855379204,-0.0607934422284911,11.0,0.5000000000003679,1.0,1.0,1.0
405.4939575195313,418.8513853736939,395.0942094586197,413.1267819948913,390.55267944335935,389.1930847167969,390.8071044921875,384.65154724121095,369.0013903808594,357.1336161295573,-0.0081680121522918,0.0188235221112815,0.0329411267577748,-0.0256471098226184,11.0,0.500000000000184,0.0,0.0,0.0
427.1998291015625,439.79399289048695,407.25906477652615,407.783824097351,400.2463806152344,392.55153198242186,392.3463948567708,389.7726989746094,374.1535498046875,361.4000498453776,0.0535294575406484,-0.0454494680979742,0.0294807322732573,-0.0466778377860624,11.0,0.5000000000000919,1.0,1.0,1.0
462.310791015625,466.9858754958285,434.35554241058514,436.0252282772719,416.9622741699219,399.9696838378906,396.7034688313802,395.0154968261719,380.7273217773438,366.9402099609375,0.0821886141385024,-0.0568569093544363,0.0101124277673316,-0.0604685184692023,11.0,0.5,1.0,1.0,1.0
433.73541259765625,466.5565945835565,427.43833075512015,466.5565945835565,427.51466064453126,404.70680847167966,399.155517578125,397.4866256713867,385.9882482910156,371.50559590657554,-0.0618098884414812,0.0756709759743459,0.0756709759743459,-0.0145182561986872,11.0,0.600475,0.0,0.0,0.0
420.4256591796875,437.9334722412181,415.98907962226366,432.87672532678414,429.8331298828125,408.0891052246094,401.23228149414064,399.08951873779296,390.44200317382814,375.563715616862,-0.0306863424829809,0.0296153811624877,0.0416430650205579,-0.0105525898825497,11.0,0.6507125,0.0,0.0,0.0
428.20159912109375,443.61037457328126,424.6714111907503,424.6714111907503,434.374658203125,412.4636688232422,404.2536092122396,401.69899291992186,394.5961694335937,379.8969350179037,0.0184953981081417,-0.0082442193994355,0.0359848619991489,-0.0082442193994355,11.0,0.67583125,1.0,1.0,1.0
412.6497192382813,433.1152425911867,410.312176810203,431.4932755984563,431.4646362304687,415.8555084228516,405.5225667317709,402.12595520019534,398.11108642578125,383.7053975423177,-0.0363190607291835,0.0456647744604279,0.0495953890158538,-0.0056647134824013,11.0,0.688390625,0.0,0.0,0.0
404.49212646484375,426.4365192167537,399.2922824090933,415.5120418479814,419.9009033203125,418.4315887451172,406.61342366536456,402.5028274536133,399.992578125,387.2562520345052,-0.0197688072791998,0.0272438316153365,0.054251717935027,-0.0128552417106255,11.0,0.6946703125,0.0,0.0,0.0
403.72369384765625,409.1714788215376,373.9818427453564,389.6871169813818,413.8985595703125,420.70661010742185,407.7707255045573,402.8412780761719,400.7690124511719,390.6399668375651,-0.0018997467859347,-0.0347677807376128,0.0134938450650781,-0.0736688273577593,11.0,0.69781015625,0.0,0.0,0.0
395.920166015625,403.7237064214275,391.65028845863577,399.5029258212149,408.9974609375,419.41529541015626,408.3918904622396,403.17357635498047,401.0711071777344,393.5345794677734,-0.0193288824781631,0.0090491975734534,0.0197098836473375,-0.010784693287941,11.0,0.6993800781249999,0.0,0.0,0.0
387.233154296875,401.4660585739465,382.8160460729563,401.4660585739465,400.80377197265625,417.5892150878906,408.5770365397136,403.3911499023437,401.5199487304688,395.6307698567708,-0.0219413216714178,0.0367553865652725,0.0367553865652725,-0.0114068441064638,11.0,0.7001650390624999,0.0,0.0,0.0
406.5703125,406.5703125,387.7239707980236,388.70555047093,399.587890625,415.5262634277344,410.432969156901,404.0388977050781,401.61834228515625,398.3572204589844,0.0499367318850493,-0.0439401537195858,0.0,-0.0463544462606979,11.0,0.7005575195312499,1.0,1.0,1.0
391.7975158691406,407.3555594939105,386.25159677314167,407.3555594939105,397.04896850585936,408.4749359130859,411.3040486653646,404.2223098754883,401.4120556640625,399.5019765218099,-0.0363351582165984,0.0397093983361707,0.0397093983361707,-0.0141550644691971,11.0,0.7007537597656249,0.0,0.0,0.0
398.9139709472656,402.4476637419402,381.8344907210116,392.1410772314759,396.0870239257813,404.9927917480469,412.5000813802083,404.8498001098633,401.49042724609376,399.9886810302734,0.018163604387175,-0.0169783316931887,0.0088582828680665,-0.042814946254444,11.0,0.7008518798828125,1.0,1.0,1.0
385.220947265625,402.3494942578285,382.8160651307073,398.5213395976081,393.9471801757812,401.4723205566406,410.92592366536456,404.780712890625,401.32829711914064,399.8837860107422,-0.0343257561251239,0.0345266591196349,0.0444642149233713,-0.0062428643924687,11.0,0.7009009399414062,0.0,0.0,0.0
391.84661865234375,397.49070178950177,382.8160736507172,388.1656948672407,394.869873046875,397.8368225097656,410.01610107421874,405.1502456665039,401.68689453125,400.4116027832032,0.0171996653706115,-0.0093937872879001,0.0144038071747802,-0.023046122058383,11.0,0.700925469970703,1.0,1.0,1.0
385.8098449707031,392.58276809030826,384.4356395389832,392.58276809030826,390.7177795410156,395.1528350830078,407.25676879882815,405.50417175292966,401.3746740722656,399.80158182779945,-0.0154059608894994,0.0175550811050957,0.0175550811050957,-0.0035618723825576,11.0,0.7009377349853515,0.0,0.0,0.0
385.220947265625,390.6196353636221,374.9634278972569,385.7608040932512,389.4024658203125,393.225717163086,402.1174458821615,405.8286529541016,401.25834106445313,399.4104573567709,-0.0015263936697178,0.0014014212660504,0.0140145237072857,-0.0266276261485207,11.0,0.7009438674926758,0.0,0.0,0.0
384.3865966796875,401.4170095871359,380.8529039509119,387.77302849671247,386.4969909667969,391.29200744628906,398.8275248209636,405.99930877685546,401.17923828125,398.99152119954425,-0.0021659013920709,0.0088099633189002,0.0443054285829844,-0.0091930695796874,11.0,0.7009469337463379,0.0,0.0,0.0
379.33148193359375,389.0981818436726,377.9081794056065,384.7792372129812,385.3190979003906,389.6331390380859,396.08791300455727,404.5242172241211,400.8883898925781,398.66009724934895,-0.0131511212663489,0.014361463624422,0.0257471377284435,-0.0037521339402997,11.0,0.7009484668731689,0.0,0.0,0.0
383.7485961914063,387.5767510352495,373.0002864803893,374.9634458829177,383.6994934082031,389.2846832275391,393.1243794759114,403.4369491577148,400.8600952148437,398.6889943440755,0.0116444705177034,-0.0228929835722622,0.0099756842939273,-0.0280087271137687,11.0,0.7009492334365844,1.0,1.0,1.0
378.9879150390625,390.2760811982226,376.9265917493464,383.7485824103168,382.335107421875,386.5264434814453,390.8802591959636,401.02635345458987,400.8703588867188,398.2014129638672,-0.0124057291664181,0.0125615281710596,0.0297850293141843,-0.005439021161146,11.0,0.7009496167182923,0.0,0.0,0.0
378.7915954589844,382.8160781692869,376.6321381194954,381.29464163565984,381.0492370605469,385.22585144042966,389.1668904622396,396.8503936767578,400.8727697753906,397.89015706380206,-0.0005180101324811,0.0066079770688747,0.0106245301071847,-0.0057009114388409,11.0,0.70095,0.0,0.0,0.0
390.9631652832031,393.61344233847865,377.5646089602743,379.8222601439549,382.36455078125,384.4307708740234,388.3161885579427,394.7117813110352,401.2723571777344,398.04345703125,0.0321326290502047,-0.0284960480386383,0.0067788407978428,-0.0342706359900254,11.0,0.8319749999999999,1.0,1.0,1.0
391.6993408203125,396.0673821721664,384.8773803398015,392.5827864549315,384.83812255859374,385.0786102294922,388.03480021158856,393.2754653930664,400.5869982910156,398.2133453369141,0.0018829792739582,0.0022554177210736,0.0111515157077011,-0.0174163185116017,11.0,0.8974875,1.0,1.0,1.0
390.4233093261719,394.2514640047823,386.2515957758608,391.6502838997928,386.1730651855469,384.936279296875,388.2474772135417,391.3865509033203,399.9841723632812,398.4122568766276,-0.0032576809842679,0.0031426775612821,0.0098051386460951,-0.0106851037083596,11.0,0.93024375,0.0,0.0,0.0
388.1657104492188,394.54597859951787,386.300685025552,388.70556731053136,388.0086242675781,385.17186584472654,387.0205037434896,390.1623504638672,398.4228076171875,398.7267364501953,-0.0057824387607632,0.0013907896725031,0.0164369700325031,-0.0048047145161491,11.0,0.946621875,0.0,0.0,0.0
382.4234313964844,390.7668582854625,379.8713183570045,387.8711863829968,388.7349914550781,384.8921142578125,386.39556477864585,389.0589157104493,395.22731323242186,398.8498067220052,-0.014793370197715,0.0142453483214117,0.0218172481181675,-0.0066735268551941,11.0,0.9548109375,0.0,0.0,0.0
378.3008117675781,387.527654990117,375.7486985471903,382.7670173921157,386.2025207519531,384.2835357666016,385.0213541666666,387.7877716064453,393.00992919921873,398.7607177734375,-0.0107802485162893,0.0118059636289691,0.0243902284518693,-0.0067462536188155,11.0,0.95890546875,0.0,0.0,0.0
374.5216979980469,381.8344782657729,373.9818411806156,376.6811851786384,382.7669921875,383.80255737304685,384.3080708821615,386.7178482055664,391.1737707519531,397.6169972737631,-0.0099897056838806,0.0057659868363697,0.0195256518028605,-0.0014414567175067,11.0,0.960952734375,0.0,0.0,0.0
374.17816162109375,380.3130342214171,372.75485919564574,378.4480089865727,379.5179626464844,382.8455139160157,383.1301737467448,386.06509857177736,389.0128332519531,396.57313741048176,-0.0009172669535288,0.0114112682230844,0.0163955923396079,-0.0038038094454301,11.0,0.9619763671875,0.0,0.0,0.0
375.5032653808594,381.638137903455,373.0002493738133,376.7302398853785,376.9854736328125,382.49704895019534,382.4430684407552,384.5117462158203,387.52697509765625,394.8499186197917,0.0035413711853859,0.0032675468301843,0.0163377341509221,-0.0066657636239391,11.0,0.96248818359375,1.0,1.0,1.0
389.4417419433594,392.3374140105564,375.6014623255519,375.6014623255519,378.3891357421875,383.5620635986328,382.7244547526042,384.3939575195312,386.9249597167969,392.4209503173828,0.0371194550022426,-0.0355387677467312,0.0074354434959829,-0.0355387677467312,11.0,0.962744091796875,1.0,1.0,1.0
385.0736999511719,394.3987069951861,383.4050324533986,392.6318755374416,379.7437133789063,382.9731170654297,382.7702616373698,383.7019439697266,386.1789599609375,390.79889322916665,-0.0112161628344985,0.0196278675672425,0.024216161854722,-0.0043333717623011,11.0,0.9628720458984374,0.0,0.0,0.0
379.33148193359375,387.13502247013696,375.9450200320709,387.13502247013696,380.7056701660157,381.7363311767578,382.7702616373698,383.407470703125,385.5154125976562,389.4290873209636,-0.0149119974132386,0.020571824138523,0.020571824138523,-0.0089274475302203,11.0,0.9629360229492188,0.0,0.0,0.0
375.1597595214844,382.2271151282424,374.030918943662,378.88975026209823,380.90198974609376,380.20997619628906,382.1976725260417,382.573127746582,385.0324768066406,387.66102600097656,-0.0109975644279366,0.0099424062574606,0.0188382560426321,-0.0030089596476504,11.0,0.9629680114746092,0.0,0.0,0.0
383.8467102050781,390.6687007557247,375.11065730991874,375.503283178888,382.5706787109375,379.778076171875,382.521592203776,382.4749710083008,384.12353271484375,386.7009256998698,0.0231553370614,-0.0217363515287977,0.0177726951131136,-0.0227592230515456,11.0,0.9629840057373048,1.0,1.0,1.0
395.4293823242188,402.3986040828749,390.32515597706464,392.53371026960417,383.76820678710936,381.0786712646485,383.6307779947917,382.98539276123046,384.26880737304685,386.3988342285156,0.0301752543689962,-0.0073228550635126,0.0176244408488135,-0.0129080603903355,11.0,0.963,1.0,1.0,1.0
393.0736083984375,401.9078258232005,387.8221509381856,400.4845232559256,385.3681884765625,382.5559509277344,383.77147420247394,383.419743347168,384.0351928710937,386.0438313802084,-0.005957508549149,0.0188537584288184,0.0224747152594591,-0.013359984868098,11.0,0.7315,0.0,0.0,0.0
392.8772583007813,407.8954150931285,388.2147549230706,395.8710642769272,388.07734375,384.3915069580078,383.8500020345052,384.09703216552737,384.3414453125,385.94240112304686,-0.0004995250087032,0.0076202068531385,0.0382260781835572,-0.0118675827607743,11.0,0.61575,0.0,0.0,0.0
391.1104431152344,407.35557515427286,380.8038562739817,394.1042492155194,391.26748046875,386.08473510742186,383.8958109537761,384.4651245117187,384.3119982910157,386.0716440836589,-0.0044971174793584,0.0076546309437279,0.041535919904476,-0.0263521136361373,11.0,0.557875,0.0,0.0,0.0
397.4906921386719,400.3863341393878,384.8773876168751,391.11042439940223,393.9962768554688,388.2834777832031,384.5174763997396,385.3902633666992,384.7792321777344,385.7689900716146,0.0163131645696242,-0.0160513638821101,0.0072848045450728,-0.0317323267469024,11.0,0.5289375000000001,1.0,1.0,1.0
402.5948791503906,404.9506642707012,393.66249852858977,399.94463212332863,395.4293762207032,389.5987915039062,385.86223958333335,386.5804275512695,385.474189453125,386.1289021809896,0.0128410227274908,-0.0065829129090139,0.0058515029433112,-0.0221870199657063,11.0,0.51446875,1.0,1.0,1.0
402.9384460449219,416.9259560476993,398.7667325353216,405.8341179925826,397.40234375,391.38526611328126,387.5047485351562,387.1791915893554,386.2162634277344,386.2630513509114,0.0008533811837256,0.0071863878368605,0.0347137637028014,-0.0103532277710109,11.0,0.507234375,1.0,1.0,1.0
393.4171142578125,412.2634556407039,388.8527748471629,405.7850239181204,397.5103149414063,392.7938293457031,388.764442952474,387.2650802612305,386.7796887207031,386.5362569173177,-0.0236297426581326,0.0314371419343058,0.047904223532434,-0.0116017815322048,11.0,0.5036171875,0.0,0.0,0.0
383.4540710449219,392.28828758997264,378.8897318210656,391.6502668305833,395.9790405273437,393.6232604980469,389.3828369140625,386.916618347168,386.7679077148438,386.2565053304036,-0.0253243767284655,0.0213746479815082,0.0230385258943197,-0.0119032227547314,11.0,0.50180859375,0.0,0.0,0.0
375.4542236328125,386.5460619174382,373.98185412837006,383.454091949196,391.5717468261719,392.7840118408203,389.3795674641927,386.28104400634766,386.6265600585937,385.911317952474,-0.0208625961130353,0.02130717358558,0.0295424517463234,-0.003921568627451,11.0,0.5009042968749999,0.0,0.0,0.0
357.4913024902344,377.61368430082,354.9882565356584,377.4173563985438,382.5510314941406,388.9902038574219,387.2495381673177,385.03443756103513,385.77454833984376,384.98699645996095,-0.04784317238137,0.0557385697764039,0.0562877520947107,-0.0070016974878553,11.0,0.5004521484375,0.0,0.0,0.0
355.47906494140625,367.7488105900495,353.6631365943203,360.5832911134153,373.0591552734375,385.2307495117187,385.2765625,383.8933502197266,384.3551843261719,384.0234120686849,-0.0056287734409513,0.0143587250991852,0.0345160850770935,-0.005108397444967,11.0,0.50022607421875,0.0,0.0,0.0
350.6202697753906,361.8593390130269,344.5344638449584,358.22751221071377,364.4997863769531,381.0050506591797,383.3624816894532,382.6982788085937,382.712021484375,383.0663716634115,-0.0136683018641801,0.0216965278139691,0.0320548188638267,-0.0173572564253938,11.0,0.5001130371093749,0.0,0.0,0.0
346.154052734375,353.36866905193875,343.55287268938486,352.7306482794594,357.03978271484374,376.50941162109376,381.42876790364585,381.2970733642578,380.9412512207031,381.8132202148437,-0.0127380457606649,0.0189990424585062,0.0208422124790199,-0.0075145156453972,11.0,0.5000565185546875,0.0,0.0,0.0
361.4176330566406,364.36237195730166,346.1540517816209,349.2460216362284,354.2324645996094,372.9021057128906,379.93349609375,380.59279174804686,379.871328125,381.227544148763,0.0440947612824232,-0.0336774144567115,0.008147745520207,-0.0422325306762982,11.0,0.5000282592773437,1.0,1.0,1.0
355.7735595703125,386.5951548877305,353.368677422348,377.4173790802577,353.888916015625,368.2199737548828,377.2897745768229,378.90938262939454,378.80533325195313,380.4602762858073,-0.0156164862200942,0.0608359416480686,0.0866326192273616,-0.0067595864933556,11.0,0.5,0.0,0.0,0.0
360.23974609375,362.1538384707,353.46685222639866,358.227519712185,354.84105224609374,363.9501037597656,375.10085042317706,377.6676849365234,378.082890625,379.4361623128255,0.0125534526197831,-0.0055857978010047,0.005313384760303,-0.0188010732874233,11.0,0.5,1.0,1.0,1.0
350.8165588378906,359.20908276886684,348.9515635050404,358.2275031246895,354.8803100585937,359.69004821777344,372.2968037923177,376.2419387817383,377.1346850585937,378.0734029134115,-0.0261580998710982,0.0211248417444953,0.0239228272427536,-0.0053161553691427,11.0,0.5,0.0,0.0,0.0
346.2522277832031,356.7551422098283,343.6019506982239,354.25209608391816,354.8999450683594,355.9698638916016,369.3062561035157,374.7965621948242,376.0176477050781,376.6010335286458,-0.0130105918312614,0.0231041641289422,0.0303331316995925,-0.0076541806010808,11.0,0.5,0.0,0.0,0.0
347.82275390625,352.6324881854732,344.38722514174293,345.5160357447086,352.18096923828125,353.2067169189453,365.99506022135415,372.9953643798828,374.9104272460938,375.2562683105469,0.0045357863344354,-0.0066318782645345,0.0138281185609827,-0.0098772398468015,11.0,0.5,1.0,1.0,1.0
338.5468139648437,346.44854808958326,336.73088562838603,346.30128717831445,348.7356201171875,351.31226806640626,361.7251892089844,370.1512359619141,372.8746301269532,373.79371439615886,-0.0266685828837593,0.0229051726189808,0.0233401520817739,-0.0053638913779477,11.0,0.5,0.0,0.0,0.0
343.74920654296875,347.2828693302461,339.6756270177214,339.6756270177214,345.43751220703126,350.1392822265625,357.7792399088541,367.6850158691406,371.221650390625,372.6419942220052,0.0153668336653294,-0.0118504405180005,0.0102797700184238,-0.0118504405180005,11.0,0.5,1.0,1.0,1.0
351.3073425292969,353.2705017833923,345.025238907278,345.025238907278,345.5356689453125,350.20798950195314,354.9719217936198,365.6065200805664,370.10068481445313,371.86818237304686,0.0219873554395633,-0.0178820732205305,0.0055881532106938,-0.0178820732205305,11.0,0.5,1.0,1.0,1.0
355.42999267578125,356.90236213180737,351.5036741263784,351.5036741263784,347.3712219238281,351.1355834960938,353.10364990234376,363.82249755859374,369.311494140625,371.2432434082031,0.0117351664693446,-0.0110466720038013,0.0041425020014256,-0.0110466720038013,11.0,0.5,1.0,1.0,1.0
353.4668273925781,357.1968179689323,351.89629400842745,356.3134023014203,348.5000366210937,350.3405029296875,351.6378234863281,361.6213043212891,368.096298828125,370.5086954752604,-0.0055233529067815,0.0080533014366313,0.0105525901931708,-0.0044432270935749,11.0,0.5,0.0,0.0,0.0
353.221435546875,360.48511881162506,352.3870868709963,353.6140614074552,351.4349609375,350.0852905273438,351.35316569010416,359.15263214111326,366.40798095703127,369.3013519287109,-0.0006942429294237,0.0011115572869249,0.0205641066304598,-0.0023621122387063,11.0,0.5,0.0,0.0,0.0
355.037353515625,360.1906464187232,352.43614360971543,354.4483997641845,353.6925903320313,349.56505126953124,351.32371826171874,356.75757751464846,364.8865307617188,368.3001403808594,0.0051410185962765,-0.0016588501057948,0.0145147907736176,-0.0073265809362087,11.0,0.5,1.0,1.0,1.0
342.22772216796875,358.22748765017,338.7431265638384,355.52814374528714,351.8766662597656,348.70616760253904,350.76421508789065,354.19810791015624,362.8605493164063,367.0633483886719,-0.0360796722395929,0.0388642436476562,0.0467518101129995,-0.0101820962429809,11.0,0.5,0.0,0.0,0.0
357.2950134277344,360.19068554620475,344.5344772338867,360.19068554620475,352.2496704101562,349.81044616699216,351.50694580078124,352.89015502929686,361.5079321289063,366.4678568522135,0.0440270915644012,0.0081044291401957,0.0081044291401957,-0.0357142857142857,11.0,0.5,1.0,1.0,1.0
353.66314697265625,359.7980199770073,350.4239460085327,356.7060499739013,352.2889343261719,350.3944854736328,350.98998006184894,351.80060119628905,359.7548303222656,365.46173807779945,-0.0101648954465822,0.0086039583917414,0.017346656152515,-0.0091590005683401,11.0,0.5,0.0,0.0,0.0
339.4793395996094,355.4300094597756,336.9272264308958,355.3318455003184,349.54051513671874,350.4877380371093,349.9036987304688,350.90000305175784,357.2302087402344,363.59673665364585,-0.0401054152643829,0.046696526272868,0.0469856866075526,-0.0075177275050776,11.0,0.5,0.0,0.0,0.0
325.5899658203125,343.5528605467256,323.97033551338933,340.46089079289146,343.6510375976562,348.6718139648437,347.5937133789063,349.4055480957031,354.13626953125,361.3472819010416,-0.0409137527947307,0.0456737815464065,0.0551702958079687,-0.0049744478545048,11.0,0.5,0.0,0.0,0.0
324.3139038085937,326.76785288395456,310.42455803313834,325.3936473928391,340.0682739257812,345.97247009277345,345.8268697102865,348.0902297973633,351.37214111328126,359.0618367513021,-0.0039192301534961,0.0033293163554364,0.0075665860961948,-0.0428268588313522,11.0,0.5,0.0,0.0,0.0
331.33221435546875,338.49776410850995,326.86603872147845,328.1420803439228,334.87571411132814,343.5626922607422,344.8322021484375,347.349137878418,349.2872668457032,357.06922912597656,0.0216404861600294,-0.009628203577342,0.0216264807422368,-0.0134794488446534,11.0,0.5,1.0,1.0,1.0
328.9764099121094,337.6633957055033,323.3323269897064,333.589846196073,329.9383666992188,341.1136505126953,343.5757792154948,345.7270767211914,347.428154296875,354.78541971842446,-0.0071100977849137,0.0140236082131122,0.0264061055189785,-0.0171564974032968,11.0,0.5,0.0,0.0,0.0
316.2158508300781,335.65114418765785,312.2895325706193,329.3199440121081,325.2856689453125,337.4130920410156,342.08704833984376,343.7491912841797,345.7771362304687,351.90611877441404,-0.0387886751072528,0.0414403425623075,0.0614621098422529,-0.0124165763643792,11.0,0.5,0.0,0.0,0.0
315.38153076171875,322.0071934244056,303.8970667863219,317.73734589502106,323.2439819335938,333.447509765625,340.1958699544271,341.50628051757815,344.17323486328127,348.9875549316406,-0.0026384511281431,0.0074697307975279,0.0210084041595088,-0.0364145102208719,11.0,0.5,0.0,0.0,0.0
332.8045959472656,335.01315034290417,317.344715177796,317.344715177796,324.94212036132814,332.5051971435547,338.962353515625,340.6056823730469,343.4606079101562,346.9671376546224,0.0552444055410162,-0.0464533271407084,0.0066361895915298,-0.0464533271407084,11.0,0.5,1.0,1.0,1.0
328.68194580078125,335.3566753169085,325.2464170884207,333.1972180995417,324.4120666503906,329.6438903808594,337.179150390625,339.72716827392577,342.7617236328125,345.1414001464844,-0.0123875998008682,0.013737512377687,0.0203075635927167,-0.0104524412011448,11.0,0.5,0.0,0.0,0.0
338.3505249023437,339.62656649370126,328.58379518429626,330.0561646922169,326.2868896484375,328.1126281738281,336.17139689127606,339.2535568237305,341.83903930664064,343.9046101888021,0.0294162159652747,-0.0245141047513397,0.0037713598692534,-0.0288657146929693,11.0,0.600475,1.0,1.0,1.0
336.2891845703125,339.0866924847814,334.03153346590216,337.22166723818026,330.3015563964844,327.7936126708984,335.04258015950523,339.1406753540039,341.0596643066406,343.1978729248047,-0.0060923219570184,0.0027728595228515,0.0083187567213716,-0.0067134216858476,11.0,0.6507125,0.0,0.0,0.0
333.6880187988281,341.9332819863261,330.9886747225057,335.50391721309774,333.9628540039063,328.60341796875,333.6192911783854,338.6376159667969,339.9975952148437,342.4715047200521,-0.0077349076058094,0.0054419047492513,0.0247094972638763,-0.0080894246249511,11.0,0.67583125,0.0,0.0,0.0
332.31378173828125,338.6449825241675,330.74327824744387,334.96405880107875,333.8646911621093,329.4034057617188,332.95836181640624,337.6879379272461,339.2574841308594,341.8612884521484,-0.004118329047275,0.0079752246474229,0.0190518754677244,-0.0047259655697164,11.0,0.688390625,0.0,0.0,0.0
328.4365539550781,336.6818169505352,325.7862769415157,331.8229857441486,333.81561279296875,329.1138397216797,331.0344645182292,336.33826599121096,338.5448571777344,341.2707051595052,-0.0116673698060969,0.0103107639764532,0.0251045838112915,-0.0080693728564844,11.0,0.6946703125,0.0,0.0,0.0
330.35064697265625,335.65120149221565,329.27093323131413,335.65120149221565,332.21563720703125,329.2512634277344,329.4802978515625,335.18245697021484,337.8459729003906,340.2351389567057,0.005827892768111,0.0160452372899337,0.0160452372899337,-0.0032683869434997,11.0,0.69781015625,1.0,1.0,1.0
332.6573486328125,337.5161800466426,328.63286594075777,337.5161800466426,331.48927001953126,330.8954132080078,329.02549845377604,334.15425262451174,337.6103942871094,339.4645985921224,0.0069825855686826,0.0146061147718496,0.0146061147718496,-0.0120979822288458,11.0,0.6993800781249999,1.0,1.0,1.0
332.7064514160156,336.2892113312083,330.7923590181578,332.657354457737,331.29295654296874,332.6279052734375,329.4999308268229,333.03770751953124,337.16868408203123,338.5468221028646,0.0001476076912322,-0.0001475683987181,0.0107685315386709,-0.0057530967305002,11.0,0.7001650390624999,1.0,1.0,1.0
365.1476440429688,367.8469881857595,332.7064473272391,332.7064473272391,337.85972900390624,335.8622100830078,332.22218017578126,334.18370361328124,337.7222961425781,339.02452494303384,0.097506953919534,-0.0888440532069052,0.0073924731182795,-0.0888440532069052,11.0,0.7005575195312499,1.0,1.0,1.0
354.1048583984375,368.926717090332,338.79220988201297,368.926717090332,342.99338989257814,338.4045013427734,333.7403564453125,334.0241958618164,337.6692907714844,339.286279296875,-0.0302419742388692,0.0418572587762042,0.0418572587762042,-0.0432432601622053,11.0,0.7007537597656249,0.0,0.0,0.0
362.2029113769531,366.0801631963603,352.43618132377446,357.24594584570286,349.3638427734375,340.78973999023435,335.9554565429688,334.45118408203126,338.0187341308594,339.7656178792318,0.0228690818170128,-0.0136856037749829,0.0107046401274559,-0.0269648027290818,11.0,0.7008518798828125,1.0,1.0,1.0
363.47894287109375,371.87146709332944,357.14777191968915,365.14764030628015,355.5281616210938,343.5087158203125,339.1063293457031,335.65116424560546,338.4290344238281,340.59668884277346,0.0035229741508417,0.0045909053823187,0.0230894371925476,-0.0174182606051265,11.0,0.7009009399414062,1.0,1.0,1.0
367.30712890625,370.0555400330752,361.7121127378997,364.1660619423631,362.4482971191407,346.87062683105466,342.5680358886719,337.73702239990234,338.9198254394531,341.3819529215495,0.0105320710050427,-0.0085516090396619,0.0074825967440632,-0.015232528116214,11.0,0.700925469970703,1.0,1.0,1.0
367.454345703125,372.80393678938304,363.2826322163448,367.9451355250992,362.9096374511719,350.3846832275391,344.8780192057292,339.89404449462893,339.9288903808594,341.92018636067706,0.0004008002711882,0.0013356484355493,0.0145585190345798,-0.0113530117021684,11.0,0.7009377349853515,1.0,1.0,1.0
356.3134155273437,375.5523827975929,353.8594663845935,367.15985875612654,363.3513488769531,353.1723693847656,346.7201171875,341.14310455322266,339.88962646484373,341.9496337890625,-0.0303192227988569,0.0304407377216771,0.0539945071722194,-0.0068870523415976,11.0,0.7009438674926758,0.0,0.0,0.0
366.9635620117188,369.0248852895337,357.78578619638984,359.25815568691,364.3034790039063,356.8336608886719,348.6276529947917,343.04246215820314,340.42164306640626,342.39952494303384,0.0298898273830436,-0.0209977423441369,0.0056172423946252,-0.0250100466787921,11.0,0.7009469337463379,1.0,1.0,1.0
364.9022216796875,370.0555146556616,359.4544668015451,366.2764271488608,364.588134765625,360.0581481933594,350.5351888020833,345.4767807006836,341.43855834960937,342.78888448079425,-0.0056172888684937,0.003765955336878,0.0141223940820442,-0.0149293551929219,11.0,0.7009484668731689,0.0,0.0,0.0
366.27642822265625,371.871444023718,363.38078632473656,368.0923565058383,364.3819946289062,363.4151458740234,352.70774943033854,348.02152557373046,343.06601684570313,343.16352030436195,0.0037659582795717,0.0049578082105741,0.015275391398271,-0.0079056190210511,11.0,0.7009492334365844,1.0,1.0,1.0
366.2273559570313,380.7547221026954,364.2641967505668,369.0248638173296,364.1365966796875,363.5231170654297,354.9686543782552,349.6926635742187,344.7425549316406,343.9635080973307,-0.000133976040618,0.0076387189946196,0.0396676160569735,-0.0053604930776792,11.0,0.7009496167182923,0.0,0.0,0.0
363.47894287109375,375.8959497652114,362.5464601500239,370.988051373998,365.5697021484375,364.4605255126953,357.3048136393229,351.4325134277344,346.02842407226564,344.169639078776,-0.0075046635409179,0.0206589918073116,0.0341615577398697,-0.0025654380793127,11.0,0.7009498083591461,0.0,0.0,0.0
364.2641906738281,368.9757607085705,363.1844471371988,365.5893291071718,365.0298278808594,364.6666534423828,359.5657165527344,352.7281967163086,347.4399353027344,344.52300720214845,0.0021603666956103,0.0036378498553273,0.0129344858906572,-0.0029641770019501,11.0,0.700949904179573,1.0,1.0,1.0
363.1354064941406,365.9328845553621,359.30722186322595,365.9328845553621,364.67646484375,364.6322998046875,361.5975870768229,354.0705078125,349.31671752929685,345.31154276529946,-0.0030988063295473,0.0077036775020908,0.0077036775020908,-0.0105420307754442,11.0,0.7009499520897865,0.0,0.0,0.0
364.3132629394531,373.0002483998519,360.23971358617274,363.13538539144974,364.28383178710936,364.3329132080078,363.7047078450521,355.6017700195313,351.27398681640625,346.6023193359375,0.0032435736759574,-0.0032331448449054,0.0238448235189354,-0.0111814467593439,11.0,0.7009499760448932,1.0,1.0,1.0
377.4173583984375,381.1964458715369,371.724208667448,378.889727807014,366.5218322753906,365.32921447753904,364.52268880208334,357.85694885253906,353.0584973144531,348.3724344889323,0.0359693066161091,0.0039011703511053,0.0100130197750731,-0.0150844936098017,11.0,0.7009499880224466,1.0,1.0,1.0
365.9328918457031,380.3130580876215,362.5464599310717,378.8897555728554,367.0126220703125,366.291162109375,365.3112243652344,359.7317657470703,354.54853515625,349.5257904052734,-0.0304290894342233,0.0354077592254691,0.0392972770755515,-0.0092542430322424,11.0,0.7009499940112233,0.0,0.0,0.0
366.6200256347656,372.80396589221385,362.2029168921781,372.80396589221385,367.4837890625,366.2568084716797,365.6056986490885,361.5452346801758,355.6793151855469,350.78057759602865,0.0018777590218706,0.0168674371967034,0.0168674371967034,-0.0120481927710842,11.0,0.7009499970056117,1.0,1.0,1.0
368.7794799804688,369.85919361207146,363.1844640920131,368.8776139793904,368.6126037597657,366.6445343017578,365.9590677897135,363.3513412475586,356.97892700195314,352.53269856770834,0.0058901701890513,0.0002661048248313,0.0029278029017771,-0.0151717115300231,11.0,0.7009499985028058,1.0,1.0,1.0
364.8531494140625,371.0370889137861,364.0188007627202,371.0370889137861,368.7205810546875,366.50220642089846,365.79546915690105,364.95867614746095,358.2255322265625,354.18175252278644,-0.0106468249443114,0.0169491191446604,0.0169491191446604,-0.0022868067678247,11.0,0.7009499992514029,0.0,0.0,0.0
363.1354064941406,367.7979098700883,362.10472987988135,367.7979098700883,365.86419067382815,366.19301147460936,365.5075398763021,364.8580642700196,359.45839721679687,355.1927795410156,-0.0047080391732413,0.0128395724915986,0.0128395724915986,-0.0028382707822678,11.0,0.7009499996257014,0.0,0.0,0.0
359.6017150878906,365.63842401681296,358.76736638428224,364.2151215250437,364.5979553222657,365.805288696289,365.7267598470052,365.1329071044922,360.7050036621094,356.2234385172526,-0.0097310571843316,0.0128292114402888,0.0167872083909468,-0.0023202022365339,11.0,0.7009499998128507,0.0,0.0,0.0
351.6509094238281,364.0188189982791,348.80433443144216,359.601710575649,361.6041320800781,364.54396057128906,364.7059163411458,364.6053070068359,361.55701416015626,356.6667846679687,-0.0221100326568777,0.022609926318257,0.0351709870300505,-0.0080948887550156,11.0,0.7009499999064253,0.0,0.0,0.0
350.17852783203125,355.528148718716,344.7798399467441,346.05588146472985,357.8839416503906,363.2482727050781,363.7243367513021,363.9402862548829,362.257861328125,357.1297627766927,-0.0041870546964014,-0.0117729844625964,0.0152768387022599,-0.01541695865452,11.0,0.7009499999532126,0.0,0.0,0.0
342.91485595703125,356.0680172467336,339.8719530577023,351.6999758317608,353.49628295898435,361.1084320068359,362.1668986002604,362.7206726074219,362.66619750976565,357.43732401529945,-0.0207427677532648,0.0256189538660009,0.0383569304776649,-0.0088736397577078,11.0,0.7009499999766062,0.0,0.0,0.0
362.8900146484375,366.3255434808203,351.84724340149273,353.36867990223146,353.4472045898437,359.65569763183595,361.9444091796875,362.4924560546875,362.5758923339844,358.45653177897134,0.0582510741205951,-0.0262375220090587,0.0094671352026896,-0.030430077437217,11.0,0.7009499999883031,1.0,1.0,1.0
362.8900146484375,368.19053885588414,360.43606548244975,367.1107952317627,354.1048645019531,359.3514099121094,361.9051472981771,362.8212860107422,362.9272985839844,359.60498046875,0.0,0.0116310188017001,0.0146064206604905,-0.0067622394304927,11.0,0.7009499999941515,0.0,0.0,0.0
369.2211608886719,370.9389251902526,358.3256213275593,366.0801241390407,357.61891479492186,359.6115234375,362.23561197916666,362.9341659545898,363.2080285644531,360.9006642659505,0.0174464603176471,-0.0085071959095492,0.0046523993842775,-0.0295095208922703,11.0,0.7009499999970757,1.0,1.0,1.0
363.87158203125,369.0739421053489,361.4176329481027,369.0739421053489,360.3575256347656,359.1207336425781,362.28469034830727,362.882633972168,363.2237341308594,361.9411387125651,-0.0144888197755135,0.0142972420243911,0.0142972420243911,-0.006743997619843,11.0,0.7009499999985378,0.0,0.0,0.0
362.9390869140625,368.6322370795602,361.3194864321049,367.7979183153698,364.3623718261719,358.9293273925781,362.1930786132813,362.7157669067383,363.0490124511719,362.9488932291667,-0.0025627038857555,0.0133874569493745,0.0156862414955205,-0.0044624581378888,11.0,0.7009499999992689,0.0,0.0,0.0
366.5218505859375,369.0739637733294,361.0740952836913,364.6568551643401,365.0887390136719,359.2679718017578,361.4667114257812,362.7304916381836,363.0117126464844,362.9947001139323,0.0098715288627023,-0.0050883608129117,0.0069630587734728,-0.0148633847983065,11.0,0.7009499999996345,1.0,1.0,1.0
368.1414184570313,372.0186698745724,362.7427306356324,368.2886793619607,366.1390197753906,360.1219421386719,361.6139465332032,362.96361541748047,363.4848327636719,363.4625854492188,0.0044187484825383,0.0004000117822835,0.0105319619666583,-0.0146647118491204,11.0,0.7009499999998172,1.0,1.0,1.0
367.6015930175781,375.4051635164136,366.6690803321553,370.7917270023769,365.8151062011719,361.7170104980469,361.679384358724,363.130485534668,363.51035400390623,363.6425415039063,-0.0014663534511157,0.0086782376502003,0.0212283370014185,-0.0025367482163718,11.0,0.7009499999999086,0.0,0.0,0.0
366.7672119140625,372.9020844201703,363.7243091599466,372.5094585708658,366.3942321777344,363.37587890625,361.54523315429685,363.3120758056641,363.5849536132813,363.7521504720052,-0.0022697973005675,0.015656379497055,0.0167268837203071,-0.0082965506601198,11.0,0.7009499999999542,0.0,0.0,0.0
359.3072204589844,369.7610677411796,356.36248149621025,368.7794880869216,365.6678588867188,365.0151153564453,361.1755045572917,363.0617736816406,363.3061853027344,363.4854868570964,-0.0203398537621353,0.0263625863567038,0.0290944536790587,-0.0081956019670644,11.0,0.7009499999999771,0.0,0.0,0.0
358.7182922363281,366.76722732938106,356.5588050412416,362.0556570288346,364.1071472167969,364.5979431152344,360.8810302734375,362.1268203735352,363.0058227539063,363.1942850748698,-0.0016390659277705,0.0093035812913264,0.0224380391723937,-0.0060200085744829,11.0,0.7009499999999885,0.0,0.0,0.0
354.4974670410156,362.1047089515758,351.4054972878099,359.2581340987107,361.37835693359375,363.75868835449216,360.5407470703125,361.5550491333008,362.6465637207031,363.1337534586589,-0.0117664063602638,0.0134293401231673,0.021459227830477,-0.0087221208631315,11.0,0.70095,0.0,0.0,0.0
354.2521057128906,358.76737829815414,348.4607915070991,356.6078909883305,358.7084594726563,362.2617828369141,360.71416015625,360.93665313720703,362.2460803222656,362.7100382486979,-0.000692138452139,0.0066500247632943,0.0127459301227781,-0.0163480022063304,11.0,0.71965,0.0,0.0,0.0
358.52197265625,362.00656848497215,354.8901159134244,354.8901159134244,357.0594116210938,361.72682189941406,361.2703898111979,360.4237777709961,362.06154296875,362.49736328125,0.0120531871921178,-0.0101300813334189,0.0097193368732888,-0.0101300813334189,11.0,0.7290000000000001,1.0,1.0,1.0
359.3562927246094,361.61391379211466,353.7612770975826,360.2397083616579,357.0692260742188,361.3685424804688,362.3664855957031,360.14893493652346,361.8632641601562,362.2666920979818,0.0023271100015934,0.0024583280018573,0.0062824030445889,-0.0155695496094024,11.0,0.7336750000000001,1.0,1.0,1.0
350.0803527832031,359.8961486271479,349.44233204443304,359.4053588349507,355.3416381835938,359.7243927001953,361.5125081380209,359.4961822509766,360.76978393554685,361.72845865885415,-0.0258126548197524,0.0266367591828906,0.0280386938767269,-0.0018224979885266,11.0,0.7360125000000001,0.0,0.0,0.0
345.76141357421875,349.6877319682482,342.9639057273864,348.36259351917687,353.59442749023435,357.48639221191405,360.3706013997396,358.80416717529295,359.9629248046875,361.1378743489584,-0.012336993991945,0.0075230486770316,0.0113555713271824,-0.0080908618978441,11.0,0.7371812500000001,0.0,0.0,0.0
336.5345764160156,348.2644348218662,335.3076018993723,343.65102861254684,350.05092163085936,354.3796905517578,358.1914957682292,358.04835052490233,358.7595068359375,360.2135538736979,-0.0266855606090427,0.0211462735042535,0.0348548387828964,-0.0036459092248714,11.0,0.7377656250000001,0.0,0.0,0.0
339.33209228515625,343.5528727394968,333.7861433751578,338.8903694666036,346.21294555664065,351.6361785888672,356.55552978515624,357.5060287475586,357.581611328125,359.4201100667317,0.0083127145475905,-0.0013017419471821,0.01243849476752,-0.0163437206090661,11.0,0.7380578125000001,1.0,1.0,1.0
329.6635437011719,347.3810450602724,327.0132665654555,346.1540704521509,340.27439575195314,348.67181091308595,354.3371602376302,356.8434631347656,356.17402709960936,358.26511942545574,-0.0284928799951507,0.050022294142197,0.053744193732143,-0.0080393394609588,11.0,0.7382039062500001,0.0,0.0,0.0
326.5715637207031,332.5591756613907,319.8477370821594,329.81076460518767,335.5726379394531,345.45713806152344,351.67380777994794,355.0275405883789,354.7114733886719,356.5702596028646,-0.0093791990031858,0.0099188087522978,0.0183347621344289,-0.0205891369166918,11.0,0.7382769531250001,0.0,0.0,0.0
342.6694641113281,345.9577619520362,328.0439332190245,328.780117961477,334.954248046875,344.2743377685547,349.9756774902344,354.0165130615234,354.0341833496093,355.7948120117188,0.049293637839186,-0.0405327804328041,0.0095961215839173,-0.0426811619478063,11.0,0.7383134765625001,1.0,1.0,1.0
339.0867004394531,346.00682495640785,336.1419615036539,346.00682495640785,335.4646728515625,342.75779724121094,348.07468465169273,352.5097900390625,353.5316149902344,354.8770345052083,-0.0104554506517423,0.020408127207544,0.020408127207544,-0.0086843244868728,11.0,0.7383317382812501,0.0,0.0,0.0
338.0560302734375,341.78605096970955,332.8536700366739,340.0191896013383,335.20946044921874,340.71120300292966,346.160605875651,351.21901245117186,353.0467150878906,353.852919514974,-0.0030395475985341,0.0058072010320682,0.0110337351274432,-0.0153890472906388,11.0,0.738340869140625,0.0,0.0,0.0
342.0314636230469,345.5160596286043,333.2463131929294,337.9578838420543,337.6830444335937,338.9787200927734,345.00888875325523,350.1736312866211,353.0113793945313,353.0921966552734,0.0117596877251201,-0.011909956288355,0.0101879399299877,-0.0256852113459351,11.0,0.7383454345703125,1.0,1.0,1.0
348.1172180175781,358.0311785060215,340.6081396616572,342.0314421409759,341.99217529296874,338.7824066162109,344.3021504720052,349.25339965820314,352.4204675292969,352.5915903727213,0.0177929665594694,-0.0174819732021841,0.0284787995977342,-0.0215705456876935,11.0,0.7383477172851562,1.0,1.0,1.0
343.3074645996094,355.3318146820832,339.7737720536735,349.2460091887808,342.119775390625,338.53701171875,343.5561503092448,348.011701965332,351.63716552734377,352.04844868977864,-0.0138164766608179,0.0172980351478735,0.0350250178699069,-0.0102930839271354,11.0,0.7383488586425782,0.0,0.0,0.0
344.0436706542969,354.742882951746,341.3443265906754,342.6203681658501,343.1111694335938,339.2879211425781,342.87558797200523,346.833805847168,350.63006591796875,351.7948740641276,0.0021444510551092,-0.0041369820457383,0.0310984133993847,-0.007845934379458,11.0,0.7383494293212891,1.0,1.0,1.0
355.47906494140625,357.78578311443795,340.36274429336447,343.9455040316816,346.5957763671875,340.9026184082031,342.6727274576823,346.2693984985352,350.294365234375,351.9715586344401,0.0332382056770924,-0.032445119972468,0.0064890408480509,-0.0425237999614221,11.0,0.7383497146606446,1.0,1.0,1.0
361.85931396484375,363.1844524174533,353.6631183043364,359.2090670150568,350.56134643554685,344.1221954345703,342.8395955403646,346.3970031738281,350.25117431640626,352.60304056803386,0.0179483115960405,-0.0073239705253087,0.0036620266536466,-0.0226502271579048,11.0,0.7383498573303223,1.0,1.0,1.0
362.3501281738281,364.9513083009508,354.595654793649,363.331707841077,353.4079284667969,347.70005187988284,343.65758056640624,346.57859497070314,350.08430541992186,352.5850443522135,0.0013563674888082,0.0027089259556656,0.007178637248542,-0.0214004985157867,11.0,0.7383499286651611,1.0,1.0,1.0
351.0619506835937,364.16604481002776,345.51603173350344,362.742742356225,354.9588256835938,348.5393005371094,344.0109497070313,346.40681915283204,349.40112670898435,352.19077555338544,-0.0311526797220261,0.0332727361933875,0.0373270133687728,-0.0157975506581992,11.0,0.7383499643325806,0.0,0.0,0.0
342.12957763671875,351.1110554671191,336.7799864766468,351.0619585109842,354.5760070800781,348.8435882568359,344.3839497884115,345.8006927490234,348.38224609375,351.2877227783203,-0.0254438654758276,0.0261081808125636,0.0262516847927631,-0.0156361551580094,11.0,0.7383499821662903,0.0,0.0,0.0
348.9515686035156,351.4055177498132,334.7186635549897,340.5590745053515,353.2705078125,349.9331420898437,345.02524820963544,345.3221725463867,347.6696203613281,350.79038899739584,0.0199397871821553,-0.0240505985737518,0.0070323488045007,-0.040787623066104,11.0,0.7383499910831453,1.0,1.0,1.0
352.7797241210937,356.0189549751839,345.12341474857897,346.69394819703774,351.45458984375,351.0079681396484,346.5663269042969,344.9933441162109,347.4085205078125,350.4517435709635,0.0109704493746745,-0.0172509231907189,0.0091820210533932,-0.0217028044669786,11.0,0.7383500000000001,1.0,1.0,1.0
383.601318359375,388.1656877333644,353.3686768755309,353.3686768755309,355.7048278808594,354.55637817382814,350.368310546875,346.66939239501954,348.4038415527344,351.02105916341145,0.0873678166030357,-0.078812663139809,0.0118987322397918,-0.078812663139809,11.0,0.75475,1.0,1.0,1.0
399.4047546386719,405.392396510421,378.9879098474392,383.6994801975902,365.373388671875,360.1661071777344,354.1506632486979,349.3515594482422,350.20013305664065,352.0631703694661,0.0411975546561899,-0.0393217012533806,0.0149914136028899,-0.0511181816293176,11.0,0.76295,1.0,1.0,1.0
404.5089721679688,411.6744914963785,400.09186382582857,400.1900277800739,377.849267578125,366.2126373291016,358.5121480305989,352.75027923583986,352.21040771484377,353.2934163411458,0.0127795612596412,-0.0106770051718444,0.0177141171677999,-0.010919679527667,11.0,0.76705,1.0,1.0,1.0
399.5519714355469,408.14079309112986,398.42316086618536,404.5089664786001,387.9693481445312,370.6199279785157,362.6118774414063,355.7612731933594,353.85160766601564,354.38624165852866,-0.012254365350303,0.0124063836432672,0.0214961313411226,-0.0028251908388934,11.0,0.7691,0.0,0.0,0.0
402.7737731933594,413.87658223094246,400.54330059451,403.4677101029786,397.9681579589844,374.7113739013672,366.66136474609374,359.4167846679687,355.58830688476564,355.8351267496745,0.008063536130824,0.0017228949743113,0.02756586892328,-0.0055377801319217,11.0,0.77115,1.0,1.0,1.0
404.3103332519531,406.24339132452775,398.3624064082399,400.4937408100264,402.1099609375,378.9073944091797,370.40757242838544,363.30372314453126,357.75750610351565,357.3548614501953,0.0038149456614596,-0.0094397598281228,0.0047811245807809,-0.0147112906956218,11.0,0.635575,1.0,1.0,1.0
402.1790161132813,407.482560241065,399.30416047991,404.4094887754145,402.66481323242186,384.0191009521485,374.33234252929685,366.2792007446289,360.01421020507814,358.9442464192708,-0.0052714881698156,0.0055459697616468,0.0131870234778483,-0.0071481989815238,11.0,0.5677875,0.0,0.0,0.0
411.7452392578125,419.8245004533001,399.20503295715406,402.1789963606013,404.1120666503906,390.9806671142578,378.8457804361979,369.91212768554686,363.02263671875,360.8606842041016,0.0237859827620562,-0.0232334025633295,0.0196219905542824,-0.0304562265814236,11.0,0.5338937500000001,1.0,1.0,1.0
416.55316162109375,425.4750520201419,414.37224297801583,416.35488528891545,407.5123046875,397.7408264160157,382.9173868815104,373.8369842529297,366.1114794921875,362.7950571695964,0.0116769349220593,-0.0004759928634479,0.0214183715814975,-0.0052356309926696,11.0,0.516946875,1.0,1.0,1.0
408.374755859375,424.9793849598758,405.4503463943181,420.1218871700903,408.6325012207032,403.3003295898437,386.0184163411458,377.1541488647461,369.2599279785156,364.4290059407552,-0.0196335222373321,0.0287655667794521,0.040660273100276,-0.0071610926559426,11.0,0.5084734375,0.0,0.0,0.0
399.0563049316406,412.19130977745766,391.3240122933041,408.42430162087726,407.5816955566406,404.8458282470703,388.4654947916667,379.7011032104492,372.1593176269531,366.06153767903646,-0.0228183813862951,0.0234753757138141,0.0329151668160387,-0.0193764452353686,11.0,0.50423671875,0.0,0.0,0.0
400.9894104003906,409.0686718276293,398.51110749309527,399.05632203161184,407.3437744140625,405.00429382324216,391.7939921061198,382.5852005004882,374.4921154785157,367.9024709065755,0.0048441922727699,-0.0048207965563195,0.0201483161841393,-0.0061804697156984,11.0,0.502118359375,1.0,1.0,1.0
400.6424255371094,407.3338431128032,395.8345120432891,404.50857186363294,405.1232116699219,404.6176391601563,395.6948486328125,385.4151382446289,376.9543444824219,370.039399210612,-0.0008653217623248,0.0096498675130087,0.0167017199107737,-0.0120005101491053,11.0,0.5010591796875,0.0,0.0,0.0
388.4491882324219,402.2780997514221,381.6586324869797,400.6920101562495,399.5024169921875,403.5073608398437,398.3280232747396,387.0636444091797,378.9700708007812,371.6766357421875,-0.0304342139710765,0.031517177264642,0.0356003099965958,-0.0174811943264486,11.0,0.5005295898437501,0.0,0.0,0.0
382.005615234375,392.76145587592623,374.8185368210293,391.57185838228406,394.2285888671875,401.4305450439453,400.276416015625,388.0709594726562,380.5690368652344,373.42137145996094,-0.0165879430135183,0.02504215322081,0.0281562370096368,-0.0188140648375971,11.0,0.500264794921875,0.0,0.0,0.0
385.0787048339844,388.597882742426,379.7255465328056,385.22739695285713,391.4330688476563,399.5073822021485,400.3749084472656,389.207388305664,382.0474963378906,375.3716094970703,0.0080446189193421,0.0003861343590445,0.0091388536012626,-0.0139014654250658,11.0,0.5001323974609375,1.0,1.0,1.0
369.019287109375,385.5743619229587,366.7888145882304,385.0787013627044,385.03904418945314,396.1914093017578,398.3492106119792,390.1052551269531,383.0759692382812,376.24993693033855,-0.0417042477888589,0.0435191731552215,0.0448623564997481,-0.0060443250503693,11.0,0.5000661987304688,0.0,0.0,0.0
362.37744140625,370.7045634321492,358.1643264359144,368.474090800795,377.3860473632813,391.2546295166016,395.5404418945312,391.1176483154297,383.8093200683594,377.0262949625651,-0.017998641087712,0.0168240312390479,0.0229791401848435,-0.0116263168976139,11.0,0.5000330993652344,0.0,0.0,0.0
342.5509948730469,362.6748314057373,336.25613007425056,362.3774169233513,368.20640869140624,383.8544128417969,391.74037679036456,390.7976196289063,383.292197265625,377.17612711588544,-0.0547121433836062,0.0578787460759011,0.0587469802566142,-0.0183764312263324,11.0,0.5000165496826172,0.0,0.0,0.0
347.45806884765625,353.5051340136661,336.05787543325386,339.0813928898982,361.2968994140625,377.762744140625,388.0526631673177,390.5315368652344,382.7161474609375,377.3570139567057,0.014325090418809,-0.0241084513752674,0.0174037264009006,-0.0328102710413694,11.0,0.5000082748413086,1.0,1.0,1.0
349.09375,356.87562736957534,342.99713074964745,351.8198832646287,354.09990844726565,372.76648864746096,384.3715576171875,388.8061584472656,382.1858923339844,377.3895650227865,0.0047075641609604,0.0078091723630935,0.022291654804978,-0.0174641317707708,11.0,0.5000041374206543,1.0,1.0,1.0
353.0590209960937,360.4443756536819,346.5658795743532,349.1433206110584,350.90785522460936,367.9734497070313,381.0968912760417,386.4888717651367,382.2657751464844,377.71461690266926,0.0113587567697609,-0.0110907812920002,0.0209181870973065,-0.0183910933741936,11.0,0.5000020687103272,1.0,1.0,1.0
351.274658203125,361.78266852294354,348.9450474325059,353.05902418549834,348.6872985839844,363.0366729736328,377.0655192057292,383.8271560668945,382.63157836914064,377.9556498209635,-0.0050540070833893,0.0050796889007049,0.0299139436177098,-0.0066318782645345,11.0,0.5000010343551635,0.0,0.0,0.0
369.9610595703125,374.2732823040719,349.9363605483286,351.3242040863615,354.1693115234375,361.1878601074219,373.9593790690104,382.3476104736328,383.4719580078125,378.4383829752604,0.0531959847680844,-0.0503751813923244,0.0116558827536275,-0.05412650467928,11.0,0.5000005171775818,1.0,1.0,1.0
368.0279846191406,377.148151490589,366.5410028631037,371.74543900923294,358.2832946777344,359.79009704589845,371.2695943196615,380.6103210449219,384.0818884277344,378.6440053304037,-0.0052250768051562,0.0101010101010101,0.024781177662037,-0.004040404040404,11.0,0.5000002585887908,0.0,0.0,0.0
361.88177490234375,370.1593125827432,359.05653381768354,368.0279781537437,360.8408996582031,357.47040405273435,368.7912923177083,378.48889312744143,383.2131066894531,378.6283935546875,-0.0167003868555196,0.0169840088052475,0.0228735964463342,-0.0078070830879024,11.0,0.5000001292943954,0.0,0.0,0.0
356.1816711425781,361.3861070931188,351.91900236989005,359.8991253929643,361.4654296875,356.1866424560547,365.8041097005208,376.1890258789063,381.4841833496094,378.79905090332034,-0.0157512871746686,0.0104369611116179,0.014611745556265,-0.0119676814335056,11.0,0.5000000646471977,0.0,0.0,0.0
345.32672119140625,358.90780250132104,341.31185246902504,358.90780250132104,360.2758422851563,354.4815704345703,362.116396077474,372.868099975586,379.11689331054686,378.9056223551432,-0.0304758802336762,0.0393282085529289,0.0393282085529289,-0.0116262903389855,11.0,0.5000000323235989,0.0,0.0,0.0
344.3354187011719,347.75545862826255,337.29703225673245,337.29703225673245,355.1507141113281,354.66001281738284,359.17547810872395,369.2572128295898,376.9082312011719,378.7517506917318,-0.0028706220208337,-0.0204404951166166,0.009932292007575,-0.0204404951166166,11.0,0.5000000161617995,0.0,0.0,0.0
356.28082275390625,357.8669426778148,345.0293214141841,345.0293214141841,352.80128173828126,355.5422882080078,357.4604919433594,366.6525161743164,375.04851318359374,378.8684539794922,0.0346911859889182,-0.0315804293162695,0.0044518812762597,-0.0315804293162695,11.0,0.5,1.0,1.0,1.0
375.611572265625,379.2794725687976,356.875608851467,360.8408933942611,355.5472412109375,358.19407043457034,356.8293497721354,365.4802795410157,373.90056274414064,378.6021291097005,0.0542570586940377,-0.0393243445143867,0.009765141901908,-0.0498812198493935,11.0,0.5,1.0,1.0,1.0
386.5657043457031,390.5805430039188,373.1828684813557,375.6115872088081,361.6240478515625,361.5447387695313,357.999110921224,364.7590942382813,373.2760302734375,378.1741607666016,0.0291634573823289,-0.0283370123468036,0.0103859152870562,-0.0346198219704955,11.0,0.5,1.0,1.0,1.0
383.8395690917969,390.6300949035309,378.9820711570412,389.490081608674,369.3266174316406,364.8012298583984,359.42991943359374,363.9189514160156,372.15980346679686,377.4851806640625,-0.007052191188353,0.0147210266264283,0.0176910520918962,-0.0126550213315658,11.0,0.5,0.0,0.0,0.0
386.7639465332031,389.44052578019983,379.7255602100852,383.641290913521,377.81232299804685,366.4815185546875,362.37744954427086,363.8346893310547,370.9682348632812,377.0589131673177,0.0076187492819607,-0.0080738022446826,0.0069204466212233,-0.0181981448534879,11.0,0.5,1.0,1.0,1.0
391.125732421875,398.0154262475467,380.9151370750183,385.62391235441015,384.7813049316407,368.7912933349609,365.2886271158854,364.2906951904297,370.27827392578126,376.6706451416016,0.0112776434509192,-0.0140666277143087,0.0176150359195501,-0.0261056598951751,11.0,0.5,1.0,1.0,1.0
387.6065673828125,398.4119618040655,382.8977919478551,394.1988469412088,387.1803039550781,371.3637725830078,367.8561482747396,364.4170883178711,369.8202844238281,376.1138529459635,-0.0089975287927787,0.0170076570242567,0.0278772222416479,-0.0121483375959079,11.0,0.5,0.0,0.0,0.0
391.27447509765625,393.009287132731,382.2038622549459,387.40829836017,388.1220581054688,374.8730529785156,370.4038452148437,365.5298477172852,369.43168701171874,375.7503682454427,0.009462965861518,-0.0098809837685458,0.0044337470126099,-0.0231822248063753,11.0,0.5,1.0,1.0,1.0
382.6004028320313,392.51361414777017,381.6586356559481,391.2744627333028,387.8742248535156,378.6004211425781,372.4922281901042,366.5409957885742,368.7100061035157,374.7788736979167,-0.0221687659627173,0.0226713297661624,0.0259100911613283,-0.0024614902888553,11.0,0.5,0.0,0.0,0.0
385.5743713378906,388.5483347720349,365.9957787297743,373.72807155746113,387.6363098144531,382.72431640625,373.533115641276,368.6921646118164,368.5950134277344,373.7462473551432,0.0077730407073434,-0.030723773832074,0.0077130734177819,-0.0507777333337308,11.0,0.5,1.0,1.0,1.0
409.8121643066406,413.1330962659816,379.77514505353776,379.77514505353776,391.3735961914063,388.07745056152345,376.3187276204427,371.8098693847657,369.707275390625,373.7941609700521,0.0628615249624817,-0.0732946014521612,0.0081035465722683,-0.0732946014521612,11.0,0.5,1.0,1.0,1.0
422.30279541015625,428.7463826640671,413.48004352842224,416.55314503852367,398.312841796875,392.7465728759765,380.3467956542969,375.47032165527344,371.1962390136719,374.5690439860026,0.0304789173953595,-0.0136149948191753,0.0152582159624412,-0.0208920044518412,11.0,0.5,1.0,1.0,1.0
425.5245971679688,428.1020381693264,409.41562872538407,418.2879649840803,405.1628662109375,396.6424621582031,384.9696573893229,379.0936004638672,373.4564514160156,375.3868835449219,0.0076291272348395,-0.0170063780849591,0.006057090514888,-0.0378567268491554,11.0,0.5,1.0,1.0,1.0
424.5828247070313,432.2160094521129,419.9236335824592,432.2160094521129,413.5593505859375,400.71678771972654,390.25339762369794,382.7590087890625,375.94466674804687,376.1848968505859,-0.002213203342898,0.0179780817802714,0.0179780817802714,-0.0109735741849354,11.0,0.5,0.0,0.0,0.0
421.3610534667969,424.1863248669905,411.00176533638194,420.8653928791391,420.7166870117188,404.17649841308594,395.3884399414063,385.3290084838867,379.09706909179687,377.2819590250651,-0.007588086594076,-0.0011763322299954,0.0067051080704976,-0.02458530052833,11.0,0.5,0.0,0.0,0.0
427.0611267089844,434.1986508793214,421.3610302647924,426.1689437508722,424.1664794921875,407.77003784179686,400.1071268717448,388.2806655883789,382.28119140625,378.7838094075521,0.0135277648356189,-0.0020891223815838,0.0167131207313111,-0.0133472612881392,11.0,0.5,1.0,1.0,1.0
421.4106140136719,430.82816465034495,420.3201547315132,429.9855356480987,423.9880432128906,411.1504425048828,403.1603963216146,391.2571075439453,385.1738659667969,379.994873046875,-0.0132311567172044,0.0203481387256863,0.0223476825772772,-0.0025876407615194,11.0,0.5,0.0,0.0,0.0
440.0474548339844,454.0250891757469,424.0376242247287,424.2854545135801,426.8926147460937,416.0277404785156,406.72584635416666,395.4503967285156,388.6534033203125,382.3624786376953,0.0442248965748828,-0.0358188648684509,0.0317639249772183,-0.0363820547838316,11.0,0.5,1.0,1.0,1.0
434.8926086425781,451.4476540018706,431.8690609275729,434.7438862651534,428.9545715332032,421.2569610595703,410.12938232421874,399.9286911010742,391.9981213378906,384.77965087890624,-0.0117142961168835,-0.0003419749484566,0.0380669733867526,-0.0069524007879613,11.0,0.5,0.0,0.0,0.0
426.9620361328125,440.5431178865308,423.839350273566,437.4700162369656,430.0747680664063,425.3957275390625,412.8092549641927,404.0600219726563,394.2781604003906,387.5933522542318,-0.0182357031417921,0.0246110408300668,0.0318086401234365,-0.007313731889444,11.0,0.5,0.0,0.0,0.0
421.1627807617188,429.78725629017936,419.6262148854729,427.2593995539987,428.8950988769531,426.5307891845703,414.8117248535156,407.3041198730469,396.40355224609374,390.0501759847005,-0.0135826019184755,0.0144756827306857,0.020477772306618,-0.0036483895216637,11.0,0.5,0.0,0.0,0.0
422.7489013671875,429.0437662419018,417.4453273542245,421.3114736501169,429.1627563476562,426.5753997802734,417.1545471191406,409.660986328125,398.8382373046875,392.5053476969401,0.0037660512227601,-0.0034001926732911,0.0148903163422933,-0.0125454471810833,11.0,0.5,1.0,1.0,1.0
425.1280822753906,440.0970377278123,419.6758159369584,424.92980594381385,426.1788818359375,426.5357482910157,419.4114542643229,411.5891052246094,401.59609375,394.90764973958335,0.0056278819424692,-0.0004663919883051,0.0352104602742404,-0.012824996902699,11.0,0.5,1.0,1.0,1.0
427.9037780761719,431.1751560971854,420.07234686365337,425.1280908941496,424.7811157226562,426.8678436279297,422.431679280599,413.7923156738281,404.8991760253906,397.4619537353516,0.0065290812734012,-0.0064867087514431,0.0076451253497256,-0.0183018510556932,11.0,0.5,1.0,1.0,1.0
427.2593994140625,434.09950903859294,422.3027938524145,427.6559218084504,424.8405883789063,427.4576782226562,425.2106811523437,415.8170883178711,408.2161352539063,399.3718983968099,-0.0015058961736829,0.0009280600846504,0.0160092665811701,-0.0116009280742458,11.0,0.5,0.0,0.0,0.0
425.6733093261719,429.737732221254,419.6262440679006,424.4837420598913,425.74269409179686,427.318896484375,426.2680908203125,417.5444671630859,410.99183471679686,401.2934092203776,-0.0037122415330493,-0.0027945545098038,0.0095482211499613,-0.0142058830699148,11.0,0.5,0.0,0.0,0.0
431.02642822265625,441.6335767346556,421.3114929567421,423.5915195234196,427.3981994628906,428.2804779052734,426.84966634114585,419.7154602050781,413.20842895507815,403.5982309977214,0.0125756508082646,-0.0172493105118741,0.0246090444053235,-0.0225390709937992,11.0,0.5,1.0,1.0,1.0
422.8976135253906,435.1404359198504,416.7514102233082,431.2247052310319,426.9521057128906,426.5654937744141,426.6745340983073,421.29661712646487,414.6617053222656,405.8220957438151,-0.0188592025105859,0.0196905620635319,0.0289498498050158,-0.0145335492693987,11.0,0.5,0.0,0.0,0.0
424.7810974121094,430.1838095852999,423.29411574088846,427.11070808089937,426.32756958007815,425.5543426513672,426.68775227864586,423.4056518554688,416.2993664550781,408.4705749511719,0.0044537586084194,0.0054842616184729,0.0127188149522314,-0.0035005834305718,11.0,0.5,1.0,1.0,1.0
420.91497802734375,428.20119473269136,419.8245186815228,424.08718764378847,425.0586853027344,424.9496368408203,426.6580139160157,425.1726821899414,417.66540771484375,411.0232269287109,-0.0091014393256177,0.0075364617132693,0.0173104239233661,-0.0025906879126315,11.0,0.5,0.0,0.0,0.0
421.7080078125,427.25941225898447,414.719205861556,423.888926426279,424.265625,425.00415954589846,426.30113932291664,425.7674743652344,418.8886987304688,413.2041330973307,0.0018840616907311,0.005171631966611,0.0131640954016523,-0.0165726090599904,11.0,0.5,1.0,1.0,1.0
433.5543212890625,437.965682359589,420.76628420121216,421.3114987455591,424.7712036132813,426.08470153808594,427.1107198079427,426.3300506591797,420.72660888671874,415.13555806477865,0.0280912699239745,-0.0282382666769472,0.0101748751054089,-0.0294958127734222,11.0,0.5,1.0,1.0,1.0
422.5010986328125,427.6063966546248,418.9818902953804,426.26810701229766,424.6919006347656,425.82200317382814,425.9409627278646,426.1788757324219,421.975673828125,416.3334045410156,-0.0254944354455655,0.0089159729801293,0.0120835141928214,-0.0083294655299597,11.0,0.5,0.0,0.0,0.0
407.2843017578125,425.4254667565003,404.11206196714585,420.4193070349728,421.1925415039062,423.7600555419922,424.10040893554685,425.31394958496094,422.96302978515627,417.1148956298828,-0.0360159936252014,0.0322502124940009,0.0445417732045938,-0.0077887602762382,11.0,0.5,0.0,0.0,0.0
462.3026123046875,466.4165889194265,400.4937341624831,407.4825359867553,429.470068359375,427.2643768310547,426.4564473470052,427.3610275268555,426.03215942382815,419.632851155599,0.1350857627200939,-0.1185805030273162,0.0088988824749007,-0.1336978777473755,11.0,0.5,1.0,1.0,1.0
474.198486328125,484.7560507070911,455.4129381106779,465.9209485323779,439.9681640625,432.11689453125,429.9921610514323,429.7178955078125,428.6076123046875,422.401942952474,0.0257317906211556,-0.0174558503124773,0.0222640195685075,-0.0396153694266504,11.0,0.5,1.0,1.0,1.0
478.5107421875,494.669265202236,471.4227716001607,475.83416291998657,448.9594482421875,436.8653259277344,433.70961710611977,432.5729019165039,430.8559301757812,425.4320821126302,0.0090937782040727,-0.0055935615055944,0.0337683600181424,-0.0148125631515331,11.0,0.5,1.0,1.0,1.0
470.9766845703125,488.0273902042832,463.3434996117159,484.7560425092964,458.6545654296875,441.67323303222656,436.7661905924479,434.11936340332034,432.674013671875,428.0888224283854,-0.0157448035184032,0.0292569853039652,0.0362028656461552,-0.0162071397771221,11.0,0.631675,0.0,0.0,0.0
490.1587524414063,496.6518938426521,469.8862229170002,473.5541232560481,475.2294555664063,448.21099853515625,440.91652221679686,436.8826705932617,435.29705078125,431.6741007486979,0.0407282748796666,-0.0338760230285657,0.0132470171529213,-0.0413591095199904,11.0,0.6975125,1.0,1.0,1.0
502.7485046386719,505.5242219521491,485.74735332291385,490.1587444490773,483.3186340332031,456.39435119628905,445.9491292317708,440.6719940185547,438.552548828125,435.5799051920573,0.0256850502710764,-0.0250418650148803,0.0055210851705509,-0.0338164134928195,11.0,0.73043125,1.0,1.0,1.0
498.2875671386719,508.4981930767339,493.7770680331333,505.2763993577148,488.1364501953125,464.0523071289063,450.7900797526042,444.5282333374024,441.4016064453125,438.5290852864583,-0.0088730994897858,0.0140257005792359,0.0204914322801483,-0.0090520000959271,11.0,0.746890625,0.0,0.0,0.0
519.2540283203125,530.3072838143927,510.530413930931,530.3072838143927,496.285107421875,472.6222778320313,456.6719197591146,449.3534896850586,445.3153430175781,441.7607930501302,0.0420770305428987,0.0212867977737898,0.0212867977737898,-0.0168002825468696,11.0,0.7551203125,1.0,1.0,1.0
498.4362487792969,518.41139361938,485.7473504999773,518.41139361938,501.7770202636719,480.2157928466797,461.7078287760417,453.0188980102539,447.6508947753906,444.19118143717446,-0.0400917054189394,0.040075626299258,0.040075626299258,-0.0254574146852192,11.0,0.7592351562499999,0.0,0.0,0.0
497.0484313964844,502.8476663243025,478.3620211858354,500.5180555110927,503.1549560546875,489.19220581054685,466.52565104166666,456.4761306762695,450.1371276855469,446.60670166015626,-0.0027843428045439,0.0069804548117378,0.0116673437868517,-0.0375947473733062,11.0,0.761292578125,0.0,0.0,0.0
526.7384643554688,530.2080883508612,498.6345341949665,505.5737821857514,507.95294799804685,495.635791015625,473.58055013020834,461.45008392333983,454.1281848144531,450.119282023112,0.0597326761007345,-0.0401806277724848,0.0065869956917574,-0.0533546191559998,11.0,0.7623212890625,1.0,1.0,1.0
548.2996826171875,553.107626311653,530.5550710230243,534.3220791459712,517.95537109375,503.04591064453126,482.0199951171875,467.5814025878906,459.2136608886719,454.1605672200521,0.0409334417757048,-0.0254926346199897,0.0087688245076411,-0.0323629798752813,11.0,0.76283564453125,1.0,1.0,1.0
557.965087890625,564.0617371960632,545.3257431643513,555.2389547143699,525.6975830078125,510.99134521484376,490.3140462239583,473.928335571289,464.6223083496094,458.71238301595054,0.0176279607299822,-0.0048858490171153,0.0109265784504304,-0.0226525727157168,11.0,0.763092822265625,1.0,1.0,1.0
558.1138305664062,562.0791153306436,551.1745822289909,559.9973650315965,537.6330993652343,519.7050598144531,499.3548950195312,480.6891464233398,469.94173828125,462.64792887369794,0.0002665806141089,0.0033748213393649,0.0071047957371226,-0.0124333925399645,11.0,0.7632214111328125,1.0,1.0,1.0
545.3257446289062,565.7469967800541,537.8908359464247,559.99734616669,547.2885620117188,525.2217590332032,508.5576578776042,486.7163787841797,474.63861694335935,466.3290334065756,-0.0229130425320618,0.0269042891928159,0.0374478050088109,-0.0136338853533148,11.0,0.7632857055664062,0.0,0.0,0.0
543.6901245117188,555.0903183173933,539.1796251505625,547.2093026723816,550.6788940429688,529.3159210205079,513.9834920247396,492.8551361083984,479.2958459472656,470.2199696858724,-0.0029993451314141,0.0064727645436328,0.020968182594659,-0.0082960847692553,11.0,0.7633178527832031,0.0,0.0,0.0
545.9205932617188,550.381538631653,540.2700503587131,543.6901205767516,550.203076171875,534.0792236328125,518.7649658203125,499.0657653808594,484.1057373046875,474.3785634358724,0.0041024632404407,-0.0040857090069468,0.0081714180138936,-0.0103504849839887,11.0,0.7633339263916015,1.0,1.0,1.0
548.2006225585938,559.501708419303,544.730998365185,546.2179801623602,548.2501831054688,536.9738830566406,523.410957845052,504.798080444336,488.792705078125,478.56028747558594,0.0041764852343313,-0.0036166365280289,0.02061487235816,-0.0063291139240505,11.0,0.7633419631958007,1.0,1.0,1.0
551.9675903320312,561.0877567836665,539.7743525948875,556.4285353947989,547.0209350585938,542.327017211914,528.8103515625,511.2714050292969,493.95550415039065,482.788271077474,0.0068715131257168,0.008081896728908,0.0165230107915377,-0.0220904958021339,11.0,0.7633459815979003,1.0,1.0,1.0
550.4805908203125,555.1398120583181,546.9614130413876,555.1398120583181,548.051904296875,547.6702331542969,532.8318074544271,518.4312194824219,498.9834838867188,486.874164835612,-0.0026939978682883,0.0084639155597883,0.0084639155597883,-0.0063929189105118,11.0,0.7633479907989502,0.0,0.0,0.0
551.0258178710938,576.3541207775087,548.8449598212557,553.1076285169926,549.51904296875,550.0989685058594,536.0502950032552,522.8673797607422,504.1879174804688,490.999712117513,0.0009904564481896,0.0037780637102304,0.0459657280747236,-0.0039578146415424,11.0,0.7633489953994751,1.0,1.0,1.0
538.8325805664062,554.3963341905916,535.4125106147014,551.025818193605,548.1014404296875,549.1522583007812,538.7532958984375,526.0990844726563,508.872900390625,494.7716878255208,-0.0221282504543915,0.0226289910205161,0.0288842103939319,-0.0063471847751108,11.0,0.7633494976997375,0.0,0.0,0.0
547.3084106445312,558.7086044513364,541.3604834409807,541.3604834409807,547.922998046875,548.0865905761718,540.6235880533854,529.5389678955078,513.4230639648438,498.64775390625,0.0157299880961456,-0.0108675969304875,0.0208295607834345,-0.0108675969304875,11.0,0.7633497488498687,1.0,1.0,1.0
552.1163330078125,555.13985044935,537.8412840797953,552.3146093412042,547.9527465820313,547.4868408203125,544.2022603352865,533.5959503173829,518.6076733398437,502.9550445556641,0.0087846674192696,0.0003591205721293,0.0054762325632824,-0.0258551469583407,11.0,0.7633498744249343,1.0,1.0,1.0
552.1658935546875,559.9973550263117,546.4162428503591,552.1163395971087,548.2898071289062,548.1708557128907,547.8767578125,536.6963073730469,524.4029370117188,507.2012044270833,8.976468166591752e-05,-8.974469114675365e-05,0.0141831677092683,-0.0104129044757069,11.0,0.7633499372124671,1.0,1.0,1.0
550.6293334960938,564.0617227000779,546.267496324005,555.0902785789591,548.2105102539062,548.8647766113281,549.469482421875,539.090348815918,527.936005859375,511.5250162760416,-0.0027827869785687,0.0081015391144194,0.0243946124676981,-0.0079215488655394,11.0,0.7633499686062335,0.0,0.0,0.0
549.19189453125,565.0530322794449,543.5413521073677,554.0989461231856,550.282373046875,549.1919067382812,549.5289632161458,541.6355651855469,530.9357421875,515.7744791666667,-0.0026105383011781,0.0089350400848939,0.0288808664259927,-0.0102888306986124,11.0,0.7633499843031167,0.0,0.0,0.0
540.7656860351562,550.92672779842,538.3369371223611,549.885852694491,548.973828125,548.4484130859375,548.3823364257812,542.711148071289,533.4259399414062,519.3481913248698,-0.0153429221734704,0.0168652836059235,0.0187901008249311,-0.0044913147699932,11.0,0.7633499921515583,0.0,0.0,0.0
543.5413818359375,573.9749536559146,533.38033991025,542.2526764244997,547.258837890625,547.6057922363282,547.41083984375,544.966404724121,536.3285278320312,523.3828674316406,0.0051328992805227,-0.0023709425896606,0.055991269178403,-0.0186941459569577,11.0,0.76335,1.0,1.0,1.0
540.7656860351562,549.1423618337643,539.4769806443184,542.2031138003159,544.9787963867187,546.6343017578125,547.1068359375,547.1522674560547,538.3528051757812,527.8322469075521,-0.0051066871696239,0.0026581342017071,0.0154903981797089,-0.0023831123610792,11.0,0.741775,0.0,0.0,0.0
543.0952758789062,546.8127302465325,538.3865003465796,539.7248202221904,543.4719848632812,545.8412475585938,547.0671793619791,547.9701080322266,539.9666760253906,530.5253356933594,0.0043079468685047,-0.0062060117375563,0.0068449396132386,-0.0086702568434355,11.0,0.7309874999999999,1.0,1.0,1.0
535.80908203125,548.3988727480587,530.9020302334833,543.1448827496731,540.7954223632812,545.5388977050782,546.3930786132812,547.3455780029296,541.4675366210937,532.5790222167968,-0.0134160508685419,0.0136910719964153,0.023496784841871,-0.0091582094487164,11.0,0.7255937499999999,0.0,0.0,0.0
535.0656127929688,546.2179761906916,532.3394795179698,535.6603813053365,539.6554077148437,544.3146179199218,545.517411295573,546.2006042480468,542.1,534.4641845703125,-0.0013875637110568,0.0011115805204957,0.0208429828624363,-0.0050949513663732,11.0,0.722896875,0.0,0.0,0.0
517.8662109375,545.2266514250143,511.47217719697255,535.3134395809232,534.5203735351563,540.8896057128907,543.2439860026042,544.1882232666015,542.8771984863281,536.027168782552,-0.0321444724614057,0.0336906101903002,0.052833028897528,-0.0123468834333722,11.0,0.7215484375,0.0,0.0,0.0
513.90087890625,524.260135925622,511.7695143537397,517.8661632789666,529.147412109375,537.0631042480469,540.8053385416666,542.6169799804687,543.5512963867187,536.8185729980469,-0.0076570588068905,0.0077160490193284,0.0201580838729442,-0.0041474234429148,11.0,0.7208742187499999,0.0,0.0,0.0
520.146240234375,525.9454449908019,514.5452513114941,515.5365725009992,524.5576049804688,534.014794921875,538.7467000325521,541.4397857666015,543.287607421875,537.3984975179036,0.0121528520079926,-0.0088622532988005,0.0111491813414124,-0.0107681042169162,11.0,0.7205371093749999,1.0,1.0,1.0
529.8611450195312,534.0247058747484,516.5278636939106,527.8785027556603,523.368017578125,532.0817199707031,538.148604329427,540.6368133544922,542.5500659179687,538.4509501139323,0.0186772565745717,-0.0037418147801682,0.0078578338765784,-0.0251637272348572,11.0,0.7203685546874999,1.0,1.0,1.0
534.6690063476562,541.2613158064484,530.3567838030217,530.3567838030217,523.2886962890625,531.4720520019531,537.305977376302,539.9602325439453,541.61822265625,538.9647827148438,0.0090738137214189,-0.0080652188427593,0.0123297018913148,-0.0080652188427593,11.0,0.7202842773437499,1.0,1.0,1.0
537.5934448242188,541.21179120559,522.7236276494453,535.3134182918417,527.2341430664062,530.8772583007812,536.3377848307292,539.2415252685547,540.7974072265625,540.2700225830079,0.005469624088629,-0.0042411724962951,0.0067306370942716,-0.0276599674306584,11.0,0.7202421386718749,1.0,1.0,1.0
524.7557983398438,537.196926507871,518.6096559446088,528.8698050933543,529.405126953125,529.27626953125,534.5104451497396,537.9552856445313,539.974609375,541.1936014811198,-0.0238798419288252,0.0078398500150469,0.0237084148615163,-0.0117123858653479,11.0,0.7202210693359374,0.0,0.0,0.0
525.4497680664062,529.4150527011953,506.1685896813767,513.5539141620388,530.4658325195312,527.51171875,532.8318074544271,536.6764831542969,539.2449951171875,541.150644938151,0.0013224622362592,-0.0226393741653798,0.0075464580551265,-0.0366946177481095,11.0,0.7202105346679687,1.0,1.0,1.0
528.2750854492188,531.3481569307828,511.6208410813617,526.3915509892643,530.1486206054688,526.7583190917969,531.437353515625,536.1486083984375,538.5391748046875,540.4831583658854,0.0053769504803653,-0.003565442535214,0.0058171804164317,-0.0315257047447071,11.0,0.7202052673339843,1.0,1.0,1.0
536.5525512695312,545.2266109898239,525.4001887720121,527.5315533626025,530.5253295898438,526.9070129394531,531.1564778645833,535.6108154296875,538.073251953125,539.7694071451823,0.0156688552012135,-0.0168128879185911,0.0161662817551964,-0.020785219399538,11.0,0.7202026336669921,1.0,1.0,1.0
529.5637817382812,543.739662384875,515.685285341949,535.8090930155423,528.9193969726563,528.0767700195313,530.2246378580729,534.483187866211,537.177099609375,538.8177388509115,-0.0130253215919185,0.0117933127087372,0.0267689769116419,-0.0262074123550828,11.0,0.720201316833496,0.0,0.0,0.0
540.220458984375,570.0096466793101,532.3889978973878,535.8090678785516,532.0123291015625,530.7087280273438,530.1882893880208,533.8859161376953,536.7666943359375,538.6475626627604,0.020123500914495,-0.0081659089959623,0.055142650004295,-0.0144967872962652,11.0,0.720200658416748,1.0,1.0,1.0
548.1510620117188,557.3703369423126,538.6343423209094,541.9553045979536,536.552587890625,533.5092102050781,530.525341796875,533.7620025634766,536.6517041015625,538.7962605794271,0.0146803085582012,-0.0113030108726355,0.0168188581022885,-0.0173614909289474,11.0,0.720200329208374,1.0,1.0,1.0
555.0407104492188,561.0877449827228,545.4248836372964,548.2005706279961,541.905712890625,536.0271667480469,531.807450358073,534.054443359375,537.300029296875,539.100264485677,0.0125688864164833,-0.0123236722864646,0.0108947585639438,-0.0173245432828519,11.0,0.7202001646041869,1.0,1.0,1.0
549.19189453125,568.5226561618625,546.7631457124698,555.7345896502048,544.4335815429688,537.4794555664063,532.7492024739583,534.4757537841797,537.3753686523437,539.1333068847656,-0.0105376341011725,0.011913313332017,0.0351985559566785,-0.0044224047058326,11.0,0.7202000823020934,0.0,0.0,0.0
532.2403564453125,568.8696250020016,529.3655008713624,568.5226867972403,544.968896484375,536.9441467285156,533.7074788411459,533.9107025146484,536.5803295898437,538.475732421875,-0.0308663297013989,0.0681690704445028,0.0688209154249894,-0.0054014235093904,11.0,0.7202000411510467,0.0,0.0,0.0
515.93310546875,560.6416652052449,510.8773312921542,524.061951013233,540.11142578125,536.0618774414063,533.8429606119792,532.6690734863281,535.1310180664062,537.324149576823,-0.0306388848178934,0.0157556192039618,0.0866557297110737,-0.0097992823546424,11.0,0.7202,0.0,0.0,0.0
487.8786926269531,506.0198876266971,482.5751184814693,503.4424466141262,528.0569519042969,532.3047698974609,531.6917907714844,529.9082443237305,532.6209924316406,535.2192454020183,-0.0543760664792155,0.0319008684379533,0.0371838230976306,-0.0108706820478816,11.0,0.584425,0.0,0.0,0.0
500.4684753417969,515.486984315047,484.5081991999601,492.4883221445186,517.1425048828125,529.5241088867188,529.7322794596354,528.1412139892578,530.6720556640626,533.9404418945312,0.0258051497331331,-0.0159453663726335,0.0300089010861137,-0.0318906722964651,11.0,0.5165375,1.0,1.0,1.0
485.7473754882813,507.5564413265306,484.409085852208,505.3755226416171,504.45360107421874,524.4435913085938,526.4708374023437,525.6753021240235,528.4713232421875,531.8884073893229,-0.0294146396403125,0.0404081383529975,0.0448979591836733,-0.0027551144969706,11.0,0.48259375,0.0,0.0,0.0
485.9456481933594,489.66310256983024,477.8663564796525,486.738693025918,495.1946594238281,520.0817779541015,523.0276509602865,524.0792739868164,526.1674938964844,529.6827178955078,0.0004081807027342,0.0016319620013205,0.0076499386099897,-0.0166259163833321,11.0,0.4656218749999999,1.0,1.0,1.0
475.8341369628906,495.6605593363444,472.8601736068725,495.6605593363444,487.17486572265625,513.6431457519532,519.7662068684896,522.1759368896485,523.5702319335937,527.1383260091146,-0.0208079057155078,0.0416666666666667,0.0416666666666667,-0.00625,11.0,0.4571359375,0.0,0.0,0.0
484.2108154296875,502.5006720275953,472.9097304066578,476.329800387741,486.4412902832031,507.24912109375,517.016943359375,520.3791656494141,521.214853515625,524.924375406901,0.0176041982197047,-0.0162759996076355,0.0377725073771377,-0.0233391833947391,11.0,0.4528929687499999,1.0,1.0,1.0
491.5961608886719,501.6085107304766,484.2108363427906,488.72133555360665,484.6668273925781,500.9046661376953,514.5716817220052,518.465916442871,519.4463366699218,523.0045176188152,0.0152523347757745,-0.0058479409803939,0.0203670220363501,-0.0150231534203412,11.0,0.450771484375,1.0,1.0,1.0
488.6221923828125,494.7188114496657,479.055949265408,492.587477012014,485.2417907714844,494.8476959228516,511.3763244628906,516.1635757446289,517.5885998535156,521.266401163737,-0.0060496170280973,0.0081152364567487,0.0124771636693832,-0.0195779955690382,11.0,0.4497107421874999,0.0,0.0,0.0
507.9529724121094,511.422596375292,492.9344330550143,497.5936544780904,489.6432556152344,492.41895751953126,509.93560384114585,514.6815521240235,517.1920703125,520.0801208496093,0.0395618134637489,-0.0203942461146074,0.0068306007674419,-0.0295667909684173,11.0,0.44918037109375,1.0,1.0,1.0
523.4671020507812,532.1411617966933,512.3642934749261,512.5130158441744,499.1698486328125,493.1723571777344,508.81871337890624,514.6171173095703,517.5747192382812,519.5035013834636,0.0305424527097462,-0.0209260260361962,0.0165704009133138,-0.0212101362862304,11.0,0.448915185546875,1.0,1.0,1.0
524.85498046875,529.9602479469453,518.2131168461524,524.2105975368755,507.298681640625,496.8699859619141,507.26564127604166,514.5873779296875,517.7630688476562,518.8954915364583,0.0026513192759038,-0.0012277351951561,0.0097270058743383,-0.0126546643735108,11.0,0.44865,1.0,1.0,1.0
527.9776000976562,530.753347615863,518.5104955782721,527.4819395416106,514.5749694824219,499.6208984375,505.46143391927086,514.5725036621094,517.6877270507813,518.6344421386718,0.0059494903261038,-0.000938790880435,0.005257320609233,-0.0179308828966098,11.0,0.474325,1.0,1.0,1.0
519.5513916015625,544.5822506915156,511.5217144719125,532.6863968665874,520.7608093261719,503.0013000488281,503.485400390625,513.722445678711,517.0830224609375,518.1173014322917,-0.0159594052750253,0.0252814360183601,0.0481778309029128,-0.0154550199642383,11.0,0.4871625,0.0,0.0,0.0
520.8897094726562,528.3741720411947,517.073086748456,523.7645044994468,523.3481567382812,506.4957061767578,502.7286905924479,513.2887420654297,516.414873046875,518.2180847167969,0.0025759104733956,0.0055190090618242,0.0143686128415085,-0.007327122526694,11.0,0.4935812499999999,1.0,1.0,1.0
510.7286682128906,524.7062722156372,502.59982268766265,524.6071643028853,520.8004699707031,509.9851593017578,502.381728108724,511.8141525268555,515.8537878417969,518.1123443603516,-0.0195070877289024,0.0271739123996257,0.0273679643863662,-0.0159161723849806,11.0,0.496790625,0.0,0.0,0.0
512.9591674804688,519.4523092449416,503.73986216093857,510.7286947785582,518.4213073730468,512.859994506836,504.053759765625,510.05455780029297,515.3541638183593,517.8727752685547,0.0043672881637581,-0.0043482461047847,0.0126582039587392,-0.0179727859525606,11.0,0.4983953125,1.0,1.0,1.0
517.7670288085938,528.671561548411,508.4982001819259,514.1982968413757,516.3791931152343,515.4770812988281,505.2069966634115,508.19087371826174,514.9338415527344,517.4696380615235,0.0093727954054121,-0.0068925438829695,0.0210606935804875,-0.0179015428000425,11.0,0.49919765625,1.0,1.0,1.0
517.0730590820312,522.8227698388517,505.5737585792663,520.2452986879299,515.8835266113281,518.32216796875,507.2953755696615,506.5849319458008,514.1546618652344,516.8831064860026,-0.0013403127042665,0.0061349930153591,0.0111197260345143,-0.0222392180385105,11.0,0.499598828125,0.0,0.0,0.0
504.0372619628906,519.5018480426372,501.5589590330952,517.5687596563083,512.513037109375,517.9305969238281,508.50148315429686,505.1747772216797,513.1336010742187,515.7645670572916,-0.0252107451552074,0.0268462249015508,0.0306814341850885,-0.0049169041989953,11.0,0.4997994140625,0.0,0.0,0.0
502.2033081054688,510.332123504666,500.3693579001642,507.4077442203293,510.8079650878906,515.8042175292969,510.2594278971354,504.4882873535156,511.6129150390625,515.0128173828125,-0.0036385283307822,0.0103632055601028,0.0161863039689298,-0.003651808292986,11.0,0.49989970703125,0.0,0.0,0.0
497.1475524902344,509.48951280369226,496.6518919194564,505.47464402875903,507.64564208984376,513.0334747314453,511.1218770345052,504.9517303466797,509.5727746582031,514.0694101969401,-0.0100671491677482,0.016749738577237,0.0248255477707501,-0.0009970089730808,11.0,0.499949853515625,0.0,0.0,0.0
493.0335693359375,500.6667238741568,485.549076663737,495.1649037117805,502.6989501953125,509.5390716552735,511.2177042643229,504.5799850463867,507.0924890136719,512.8946929931641,-0.0082751753150342,0.0043228991054578,0.0154820178847057,-0.0151804930489444,11.0,0.4999749267578125,0.0,0.0,0.0
497.1971130371094,499.972830421893,490.80310974094726,497.6432196578113,498.7237609863281,507.30364379882815,511.7893656412761,505.1524719238281,505.0126977539063,511.5828450520833,0.0084447468897091,0.0008972429827214,0.0055827302934812,-0.0128600973909615,11.0,0.4999874633789062,1.0,1.0,1.0
500.3197937011719,504.33463223507545,492.73616274401104,500.6171779434164,497.9802673339844,505.2466522216797,511.2804870605469,505.8711791992188,503.73587524414063,510.6080454508464,0.0062805687768131,0.0005943883212067,0.0080245446701265,-0.0151575673252103,11.0,0.4999937316894531,1.0,1.0,1.0
497.2467041015625,499.6258688550901,484.0621144106982,496.8501816847614,496.9889465332032,503.89845581054686,509.5324605305989,506.9418075561524,502.9884191894531,509.1755869547526,-0.0061422506930534,-0.0007974359880725,0.0047846767689014,-0.0265151876967923,11.0,0.4999968658447266,0.0,0.0,0.0
519.7496948242188,523.3184874596066,497.99021256194686,500.5676537412455,501.509375,504.5775085449219,509.1921081542969,508.7187515258789,504.26325927734376,508.2288747151693,0.0452551832662525,-0.0369063056197863,0.0068663679284983,-0.0418653103194818,11.0,0.4999984329223633,1.0,1.0,1.0
516.0322265625,528.3741873166703,514.0991381663505,524.4089026088529,506.1091064453125,504.4040283203125,508.3957499186198,509.9405548095703,504.8858093261719,506.9285919189453,-0.0071524202875694,0.0162328544908005,0.0239170348650219,-0.0037460613826904,11.0,0.4999992164611816,0.0,0.0,0.0
513.2565307617188,523.7149569021294,504.681608775394,523.3184647412619,509.3209899902344,504.0223754882812,507.97609252929686,511.1722717285156,505.9861755371094,505.7307464599609,-0.0053789194897211,0.0196041031657412,0.0203766060704368,-0.016706893088333,11.0,0.4999996082305908,0.0,0.0,0.0
517.8662109375,520.939282406991,510.6295178869588,518.3618715297046,512.8302734375,505.4052703857422,507.7745259602864,511.66793365478514,507.262998046875,505.2516082763672,0.0089812401781621,0.0009571209353613,0.0059341030648201,-0.0139740591251176,11.0,0.4999998041152954,1.0,1.0,1.0
515.1400756835938,535.3134375059461,513.1574333224606,524.4089045197139,516.4089477539062,506.6989471435547,508.06861979166666,511.25158233642577,508.8352355957031,505.2251739501953,-0.0052641690002734,0.0179928319958806,0.0391609249107287,-0.0038487441663359,11.0,0.4999999020576477,0.0,0.0,0.0
514.049560546875,522.4262362076493,510.6294905427198,517.3705226400739,515.2689208984375,508.38914794921874,508.1413126627604,510.711311340332,510.0287854003906,506.0975362141927,-0.0021169293328064,0.0064603928260649,0.016295463129786,-0.006653191183583,11.0,0.4999999510288239,0.0,0.0,0.0
511.0755920410156,520.443588739413,504.3346205165264,517.6679017005573,514.2775939941406,510.19335021972654,507.6952168782552,509.8662109375,510.8079626464844,506.45110677083335,-0.0057853731120701,0.0128988935535248,0.0183299630119013,-0.013189773938467,11.0,0.4999999755144119,0.0,0.0,0.0
511.5712585449219,517.7670156257038,500.6171721271873,514.7930522269285,513.9405395507813,511.6307647705078,507.3284301757813,509.467204284668,511.7259252929687,507.31190287272136,0.0009698496888234,0.0062978395056252,0.0121112298185099,-0.0214126306643802,11.0,0.499999987757206,1.0,1.0,1.0
512.5625610351562,515.4869703720082,501.6580289695945,510.6294727951736,512.8798095703125,512.8550415039062,507.8967834472657,509.050846862793,511.9103088378906,508.1991333007812,0.0019377603289402,-0.0037714191143392,0.0057054680914381,-0.0212745387480881,11.0,0.499999993878603,1.0,1.0,1.0
512.2651977539062,519.3531680885264,499.2788848033599,516.1809283477431,512.304833984375,514.3568908691407,508.5675760904948,509.1276733398437,511.4622326660156,509.4135019938151,-0.000580150217467,0.0076439520213473,0.0138365252328254,-0.0253507616904027,11.0,0.4999999969393015,0.0,0.0,0.0
524.3593139648438,531.3481156989757,512.265184304936,515.0904252701897,514.3667846679688,514.8178527832031,510.3816935221354,509.6976806640625,511.44240600585937,510.7517852783203,0.0236090920561571,-0.0176765977981188,0.0133282685136026,-0.0230645844134248,11.0,0.4999999984696507,1.0,1.0,1.0
609.1668701171875,626.5149909097844,520.9392843719805,527.4819800115824,533.9850402832031,524.1313171386719,518.1239135742187,514.2676727294922,514.6899768066406,514.6708089192708,0.1617355769102058,-0.1340927980700773,0.0284784377542717,-0.1448331977217249,11.0,0.4999999992348254,1.0,1.0,1.0
584.3342895507812,603.5163304408957,578.1385320920306,589.8361100730631,548.537646484375,531.2390930175782,523.9330586751302,517.6307342529296,517.2812927246093,517.8612121582031,-0.0407648245244018,0.0094155359708762,0.0328271697094157,-0.010603104369442,11.0,0.4999999996174127,0.0,0.0,0.0
561.1868896484375,583.1446777470835,557.3207733920539,578.931562778235,558.2625122070312,535.5711608886719,527.9908650716146,520.4882156372071,518.8931799316406,519.6356760660807,-0.0396132835540744,0.0316198996396974,0.0391274074709795,-0.0068891777903179,11.0,0.4999999998087063,0.0,0.0,0.0
626.2671508789062,636.428192899498,554.7433040634912,561.1868916863054,581.0629028320312,546.6838684082031,536.5922281901042,526.6914077758789,523.5147192382813,523.0623443603515,0.1159689622671675,-0.1039177276043727,0.0162247724574595,-0.1142066076993469,11.0,0.4999999999043532,1.0,1.0,1.0
668.6956787109375,682.9211737098555,598.7579827299143,619.2783429146272,609.93017578125,562.1484802246093,546.5219604492188,535.2688140869141,529.7441796875,527.8570343017578,0.0677482888452425,-0.0739010844089399,0.0212734962282705,-0.1045882278106596,11.0,0.4999999999521766,1.0,1.0,1.0
642.8222045898438,669.1417687252834,633.0081011130301,653.0823541747885,616.6612426757813,575.3231414794922,554.9746256510417,542.7582458496094,534.74638671875,531.6851877848308,-0.0386924500109986,0.0159611001481994,0.0409437694396899,-0.0152672129349912,11.0,0.4999999999760883,0.0,0.0,0.0
602.7232666015625,644.3092014558343,596.7753396285208,636.4281861154657,620.3390380859375,584.4383422851563,560.9390747070313,548.034553527832,538.1723950195312,534.4575836181641,-0.0623795159874208,0.0559210526315789,0.0689967306036698,-0.0098684210526315,11.0,0.4999999999880441,0.0,0.0,0.0
578.7332763671875,619.9226581267653,570.5548768641671,606.6885449513271,623.8483154296875,591.0554138183594,564.9968790690104,551.9552276611328,541.1602355957032,536.3857025146484,-0.0398026616255281,0.048304235691474,0.0711716146998335,-0.0141315521968213,11.0,0.499999999994022,0.0,0.0,0.0
629.3402099609375,643.3674284820997,571.8931975324128,574.9167149488445,624.4629272460937,602.7629150390625,572.6102213541667,558.5599029541015,546.2457116699219,540.3394205729167,0.0874443127089888,-0.0864770662206233,0.0222887689347435,-0.091281331653813,11.0,0.499999999997011,1.0,1.0,1.0
617.8408813476562,644.259613111669,614.6190877425541,626.5149410537003,614.2919677734375,612.1110717773438,579.5296427408854,563.4644622802734,551.0734448242188,543.8354777018229,-0.0182720386069007,0.0140393100681908,0.0427597664084435,-0.0052146008824709,11.0,0.4999999999985055,0.0,0.0,0.0
601.0875244140625,621.2609450899492,597.7666229332751,619.5261331660136,605.9450317382813,611.3031372070312,585.5304382324218,567.7172271728516,555.3956030273438,546.6128275553385,-0.0271159734478086,0.0306754141502518,0.0335615361432624,-0.0055248218369272,11.0,0.4999999999992527,0.0,0.0,0.0
582.5498657226562,603.2684403064488,578.9810734771256,601.4840744364025,601.9103515625,611.1246948242188,590.2623453776042,571.1818939208985,558.8097131347656,548.7953877766927,-0.0308401987039685,0.0325022969325694,0.0355653237651871,-0.0061261575283405,11.0,0.4999999999996264,0.0,0.0,0.0
545.6727294921875,584.7307458098868,531.9925099646132,584.7307458098868,595.2982421875,609.5732788085937,592.4696899414063,572.5722198486328,560.6238305664062,550.183236694336,-0.0633029692397619,0.0715777318651187,0.0715777318651187,-0.0250703742155217,11.0,0.5,0.0,0.0,0.0
547.4570922851562,553.6032953725149,534.1238110283682,551.1249925554703,578.9216186523438,601.6922729492187,594.8158162434896,574.1880706787109,562.63224609375,551.6916961669922,0.0032700237642978,0.0066998862961182,0.0112268215609439,-0.0243549338289384,11.0,0.5,1.0,1.0,1.0
562.27734375,569.7122520493068,533.4298632454263,547.9527416589144,567.8089111328125,591.050439453125,597.3436848958333,576.5994598388672,564.3333520507813,553.8626892089844,0.0270710740141882,-0.0254760435402757,0.0132228487986394,-0.0513047179034121,11.0,0.5,1.0,1.0,1.0
542.0543823242188,568.5226686227386,540.2700163895249,565.8460894679777,556.0022827148438,580.9736572265625,592.8695190429687,578.1483993530273,565.37423828125,555.4967163085937,-0.0359661680317903,0.0438917347033427,0.0488295771819595,-0.0032918577782599,11.0,0.5,0.0,0.0,0.0
532.1411743164062,539.129976232165,525.400202684933,539.129976232165,545.9205444335937,573.9154479980468,589.3899780273438,579.1768951416016,566.1296240234375,556.661518351237,-0.0182882167012591,0.0131333605687185,0.0131333605687185,-0.0126676377563392,11.0,0.5,0.0,0.0,0.0
502.2033081054688,532.7855720880983,498.7336840288951,531.8933588376597,537.22666015625,566.262451171875,585.4577392578125,578.6589324951171,565.5031079101562,556.7243021647135,-0.0562592553553029,0.0591195841464979,0.0608961818630771,-0.006908803706735,11.0,0.5,0.0,0.0,0.0
500.9641418457031,518.9566144034151,491.1996226110643,505.3259487911,527.9280700683594,553.4248443603516,577.1042053222657,578.093879699707,564.9360705566406,556.8482167561849,-0.0024674593730581,0.0087068246627923,0.0359156894771395,-0.0194914534175308,11.0,0.5,0.0,0.0,0.0
496.6023254394531,513.4547844208928,481.3359560423262,495.5614201154383,514.79306640625,541.3009887695313,565.6313151041667,576.7060302734375,564.2381811523437,556.0766377766927,-0.0087068435480826,-0.0020960540671929,0.0339355216803034,-0.0307416389635659,11.0,0.5,0.0,0.0,0.0
496.45361328125,499.1301924520912,490.8031009522925,491.6457299692402,505.67291259765625,530.83759765625,555.8734090169271,571.0703674316406,563.6533020019531,555.4240173339844,-0.0002994592465339,-0.0096844562782666,0.005391398308395,-0.0113817528522174,11.0,0.5,0.0,0.0,0.0
481.2368774414063,495.41275817040633,462.35219086927066,495.41275817040633,495.4920532226562,520.706298828125,547.77431640625,565.9154968261719,562.4399267578125,554.3566955566406,-0.0306508713659481,0.0294571787689443,0.0294571787689443,-0.0392419771995443,11.0,0.5,0.0,0.0,0.0
477.3211364746094,480.8403144762933,463.9383008725175,476.8254758967541,490.5156188964844,513.8711395263672,541.0135070800782,561.7222091674805,561.0302697753906,553.0051930745443,-0.008136826478502,-0.0010384215991693,0.0073727680020119,-0.02803738317757,11.0,0.5,0.0,0.0,0.0
495.8588562011719,499.3284802602488,475.8341566734108,475.8341566734108,489.49456176757815,508.7113159179688,532.1147501627604,555.2017944335937,560.3740161132813,552.3624857584635,0.0388369973797474,-0.0403838698801761,0.0069972009487904,-0.0403838698801761,11.0,0.5,1.0,1.0,1.0
505.7720642089844,518.4609628624651,488.8204664472583,491.7944299053604,491.3285095214844,503.0607879638672,524.643495686849,547.0556137084961,559.6305261230468,552.0865692138672,0.0199919954717732,-0.0276362323915312,0.0250881761793739,-0.0335162792912218,11.0,0.5,1.0,1.0,1.0
533.628173828125,547.1101780463771,500.1710843332133,507.4077470274492,498.7634216308594,502.2181671142578,520.1462056477865,541.5959121704102,556.6089782714844,552.8383219401042,0.0550764100874312,-0.0491361365210096,0.0252647908777665,-0.0626973820645531,11.0,0.5,1.0,1.0,1.0
528.6715698242188,545.2266455258185,518.6592501721944,535.3134337889854,508.2503601074219,501.87120666503904,516.5543192545573,537.893327331543,554.3824694824219,553.4083323160808,-0.0092884975850295,0.0125633083825087,0.0313144807599627,-0.0189386383219989,11.0,0.5,0.0,0.0,0.0
531.6455078125,534.7186396065939,501.95545823821,522.8227860937036,519.115234375,504.8154266357422,515.6191711425781,535.5389389038086,553.2008142089844,554.0444305419921,0.0056253034171481,-0.0165951213527567,0.0057804152370977,-0.0558455759298187,11.0,0.5,1.0,1.0,1.0
508.0520935058594,538.5847730730255,502.0546126006834,531.249032806645,521.5538818359375,505.5242218017578,512.9921712239583,529.4745330810547,548.4722119140625,553.903993733724,-0.0443780939741552,0.0456585842225607,0.060097537157012,-0.0118048542301829,11.0,0.5,0.0,0.0,0.0
494.6196899414063,513.1077927136446,489.71263824655216,507.1103119779075,519.3234069824218,505.3259582519531,508.4816609700521,523.3134735107421,541.5091723632812,552.9126729329427,-0.0264390280763565,0.0252529818171631,0.0373784205283629,-0.0099208579735986,11.0,0.5,0.0,0.0,0.0
508.0520935058594,517.8661971728321,492.6866155559261,495.3136105742414,514.2081909179688,506.4858062744141,506.2148417154948,518.661701965332,536.1183679199219,549.5421803792318,0.0271570336515401,-0.0250731826410062,0.0193171208079268,-0.0302439024390244,11.0,0.5,1.0,1.0,1.0
490.0596008300781,507.5564125156701,487.7299901517768,507.5564125156701,506.4857971191406,507.3680786132812,503.40940348307294,514.0371887207032,531.6118212890625,546.3996907552083,-0.0354146610274202,0.0357034361860379,0.0357034361860379,-0.004753729289979,11.0,0.5,0.0,0.0,0.0
477.8663330078125,489.6630785185577,472.06712866754026,489.6630785185577,495.7299621582032,507.4225982666016,501.7869384765625,510.6468688964844,527.5771435546875,543.6223388671875,-0.0248811936376969,0.0246862871391115,0.0246862871391115,-0.012135620234576,11.0,0.5,0.0,0.0,0.0
468.9940490722656,479.79944371700094,465.9209474111373,478.7089843852817,487.9183532714844,504.7361175537109,499.6555989583333,506.72371673583984,521.1632971191407,538.3799021402995,-0.0185664553510234,0.0207144106246839,0.0230395133288148,-0.0065525387096218,11.0,0.5,0.0,0.0,0.0
471.5714721679688,479.7498714649033,435.2891128728424,465.9209296435442,483.3087097167969,501.31605834960936,497.98687540690105,502.1884231567383,515.3125207519531,531.8090952555339,0.0054956413643235,-0.0119823671657811,0.0173428627040048,-0.0769392582810924,11.0,0.5,1.0,1.0,1.0
484.1612548828125,492.73617697942944,466.91227252172615,473.306306189195,478.5305419921875,496.3693664550781,497.1673848470052,499.293766784668,510.6354699707031,526.5203969319662,0.0266975070755751,-0.0224201102094483,0.0177108804352641,-0.0356265235747981,11.0,0.5,1.0,1.0,1.0
462.6495971679688,480.79076228291615,455.0164121399145,480.79076228291615,473.0485412597656,489.7671691894531,495.92823282877606,495.8191879272461,505.8394592285157,521.851274617513,-0.0444307707357757,0.039211457712263,0.039211457712263,-0.0164988472372602,11.0,0.5,0.0,0.0,0.0
465.72265625,478.362000697587,457.9903635125642,457.9903635125642,470.6198059082032,483.1748840332031,495.1550008138021,493.9951553344727,502.6414562988281,518.0842539469401,0.0066423035939995,-0.0166027841541921,0.0271392088788615,-0.0166027841541921,11.0,0.5,1.0,1.0,1.0
444.2605590820313,461.8565091681703,442.476193146215,459.9730050686487,465.67310791015626,476.7957305908203,491.7151143391927,491.15997619628905,498.5135949707032,511.91493225097656,-0.0460834294401342,0.0353676365488844,0.0396072748895315,-0.0040164851444459,11.0,0.5,0.0,0.0,0.0
450.5554504394531,457.89122069969454,442.971849898442,444.3101394651427,461.4699035644532,472.389306640625,488.0340067545573,488.8576324462891,494.0447192382812,506.3387512207031,0.0141693680177887,-0.0138613592804592,0.016281614733739,-0.0168316697392394,11.0,0.5,1.0,1.0,1.0
469.9853515625,484.5081999978243,452.2902634250789,457.2468690516552,458.6347229003906,468.582632446289,483.79115193684896,487.5342193603516,491.1619580078125,501.9686787923177,0.0431243282133103,-0.0271039990257033,0.0309006405987803,-0.0376502971392458,11.0,0.5,1.0,1.0,1.0
479.7994384765625,495.2640545275909,465.92094232228175,467.40792405309753,462.0646911621094,467.5566162109375,480.5330098470052,487.46234741210935,489.06828857421874,498.5436645507813,0.0208816868045671,-0.0258264462809918,0.032231417569247,-0.0289256198347107,11.0,0.5,1.0,1.0,1.0
491.49700927734375,493.72748184309904,477.3211290716316,479.7994319224708,467.2195617675781,468.9196838378906,477.8564432779948,488.17114105224607,488.64003662109377,496.73780721028646,0.0243801260750176,-0.0237998952874037,0.0045381203214944,-0.0288422512001754,11.0,0.5,1.0,1.0,1.0
494.074462890625,507.9529894619183,486.88738443993583,491.4970218094888,477.1823425292969,471.42772521972654,476.9246012369792,488.0819213867188,488.3644494628906,494.9583862304688,0.0052440880913414,-0.0052167057290447,0.0280899492155408,-0.0145465491348015,11.0,0.5,1.0,1.0,1.0
504.2850646972656,511.0260361968344,483.7647054588849,490.70395328309024,487.9282653808594,474.6990844726562,477.5689595540365,488.0075714111328,488.6717590332031,493.0253102620443,0.0206661193272419,-0.0269314170990339,0.0133673827988847,-0.0406919829178354,11.0,0.5,1.0,1.0,1.0
515.5365600585938,517.5687563469436,499.4275911179249,507.0607761939765,497.03850708007815,477.8366149902344,478.0679239908854,487.1029907226563,489.43507690429686,492.1413828531901,0.022311775916034,-0.0164407037662934,0.0039419052804303,-0.0312469962146583,11.0,0.5,1.0,1.0,1.0
513.90087890625,520.4931278726286,512.1660669931864,519.700083099173,503.8587951660156,482.9617431640625,479.6573425292969,486.3644561767578,490.74163696289065,491.5333730061849,-0.003172774307525,0.0112846745957422,0.0128278608520948,-0.0033757714459563,11.0,0.5,0.0,0.0,0.0
516.23046875,526.3915101416227,511.5216934709553,516.2800227044811,508.80548706054685,488.0125244140625,482.214951578776,485.5937042236328,492.2980102539062,492.0009450276693,0.0045331501450399,9.599192120735012e-05,0.0196831493038887,-0.0091214594335093,11.0,0.5,1.0,1.0,1.0
516.3792114257812,521.3358171775916,509.5390712861064,516.3792114257812,513.2664367675782,495.2243896484375,485.37396240234375,486.0100601196289,493.1188244628906,492.51478068033856,0.000288132306761,0.0,0.0095987709073814,-0.013246350721185,11.0,0.5,1.0,1.0,1.0
512.2156372070312,523.9132143767971,510.2825489128785,516.3791980316435,514.8525512695312,501.3904083251953,488.0835734049479,486.8898574829101,493.3765673828125,493.03522440592445,-0.0080630167261263,0.0081285312711554,0.0228372121428184,-0.0037739736035653,11.0,0.5,0.0,0.0,0.0
501.9554748535156,516.0817711149497,500.6171852384726,514.3965735491934,512.1363342285156,504.58742065429686,489.2698547363281,486.585026550293,492.1096594238281,493.2186197916666,-0.0200309432360585,0.0247852634724392,0.0281425285092398,-0.0026661520435324,11.0,0.5,0.0,0.0,0.0
503.3928527832031,507.3581372643712,494.2727166281483,501.95545531041154,510.0347290039063,506.94676208496094,491.9860717773437,487.2516891479492,491.0985107421875,493.9571523030599,0.0028635566333985,-0.0028554189135669,0.0078771171645455,-0.0181173334198739,11.0,0.5,1.0,1.0,1.0
511.3234252929688,514.4461110457288,501.6580443030656,506.5650959836428,509.0533203125,508.9294036865234,495.026123046875,488.924543762207,490.28562744140623,495.09056193033854,0.0157542413761307,-0.0093059090860145,0.0061070657010695,-0.0189026759029576,11.0,0.5,1.0,1.0,1.0
495.1153564453125,513.5539054833056,492.5379154257125,512.8599685828561,504.8005493164063,509.0334930419922,498.41644287109375,490.23060913085936,489.7681579589844,495.0657786051432,-0.0316982716729037,0.035839349166912,0.0372409152694694,-0.0052057383921693,11.0,0.5,0.0,0.0,0.0
492.2405090332031,497.3458372004218,487.7300098642058,495.5118870070956,500.80552368164064,507.829037475586,501.19544677734376,491.2640609741211,489.67299072265627,494.61472676595054,-0.0058064194024386,0.0066458934481392,0.0103716132125044,-0.0091632019027776,11.0,0.5,0.0,0.0,0.0
491.0509338378906,498.6345345251546,488.6717691471616,495.6605710985632,498.6246154785157,505.3804748535157,502.5998189290365,491.608544921875,488.9929443359375,493.1954854329427,-0.0024166544067023,0.0093872894704529,0.0154436132072759,-0.0048450466678359,11.0,0.5,0.0,0.0,0.0
493.1327209472656,505.57378934877966,490.8031101810948,491.0509404699912,496.5725891113281,503.3036590576172,503.48870442708335,493.13270111083983,489.115869140625,492.0108571370443,0.0042394525005877,-0.004221541968003,0.0252286410393043,-0.004724105027336,11.0,0.5,1.0,1.0,1.0
495.5118713378906,499.5267098007993,487.7795483963391,496.701438538554,493.4102783203125,501.23179931640624,503.75636189778646,494.6221618652344,489.8216906738281,490.8064025878906,0.0048245640363406,0.0024006835546674,0.0081024062088936,-0.0156047178459602,11.0,0.5,1.0,1.0,1.0
493.72747802734375,496.65188746982096,486.5899840237209,492.983987177838,493.1327026367188,498.9666259765625,503.7332295735677,497.0955078125,490.8110278320312,490.3289154052735,-0.0036011111211704,-0.0015058729412353,0.0059231247451763,-0.0144563434713828,11.0,0.5,0.0,0.0,0.0
492.29010009765625,497.1475677902269,485.2517137254557,490.95181046482526,493.1426208496094,496.974072265625,502.9335652669271,499.18224029541017,491.6397729492188,490.2512624104818,-0.0029112779694386,-0.0027184979599742,0.0098670838426508,-0.0142972332183896,11.0,0.5,0.0,0.0,0.0
470.1340637207031,491.8935754499823,466.3174711750093,482.7238546499475,488.9592468261719,493.79193115234375,499.9067321777344,499.18967590332034,491.0786853027344,488.9873280843099,-0.0450060571450817,0.0267791506737611,0.0462836314328545,-0.0081180940506392,11.0,0.5,0.0,0.0,0.0
472.9593200683594,478.4115863167308,468.8453434042232,472.8601819042086,484.9245666503906,490.7485778808594,497.177294921875,498.8476699829101,491.49107421875,488.4173187255859,0.0060094695655464,-0.0002096124549071,0.0115279814077526,-0.008698373178356,11.0,0.5,1.0,1.0,1.0
460.9643249511719,475.1897892018219,458.8825445298807,472.9593166617356,478.0150573730469,485.71266784667966,493.4928853352865,497.3210357666016,491.30074096679687,487.8539184570312,-0.0253615789101138,0.0260215185021841,0.0308602281796033,-0.0045161421580981,11.0,0.5,0.0,0.0,0.0
463.0956726074219,474.0497895478172,460.9643381696548,461.1626145022139,471.8886962890625,482.5106994628906,489.9406494140625,495.77209625244143,492.0541455078125,487.6573059082031,0.0046236715964424,-0.0041742089584297,0.0236541120730389,-0.0046023631051588,11.0,0.5,1.0,1.0,1.0
457.39556884765625,470.9766805935328,455.8094489699836,463.0956654138996,464.9097900390625,479.0262054443359,486.2859781901042,493.42762145996096,492.3277502441407,487.184775797526,-0.0123086957985844,0.0124620721197712,0.0296922678549165,-0.0034677202528844,11.0,0.5,0.0,0.0,0.0
458.7834167480469,463.34350009484433,446.6397326438941,457.4451573958882,462.63966064453126,475.7994537353516,483.4078409830729,490.5899642944336,491.8796728515625,486.3388478597005,0.0030342399334718,-0.0029169741174267,0.0099395121539489,-0.0264693178978214,11.0,0.5,1.0,1.0,1.0
476.428955078125,481.7820832863177,455.0164119926334,456.305117398278,463.3335876464844,474.1290771484375,481.6102478027344,488.7163681030273,491.744853515625,486.7981597900391,0.038461587071201,-0.0422389056444881,0.0112359422137029,-0.044943832353725,11.0,0.5,1.0,1.0,1.0
474.0993347167969,479.94812338623007,467.50705519312936,475.93328487445245,465.96058959960936,471.9878234863281,479.1286417643229,486.6098114013672,491.0489465332032,487.0773824055989,-0.0048897539423188,0.0038682824955893,0.0123366312524504,-0.0139048487119379,11.0,0.5,0.0,0.0,0.0
546.3170776367188,557.9155475340605,474.099353936585,474.099353936585,482.6048706054688,477.2467834472656,482.54208984375,488.10670471191406,493.1386511230469,490.47926635742186,0.1523261848976462,-0.1321901266797959,0.0212302898300651,-0.1321901266797959,11.0,0.5,1.0,1.0,1.0
567.4818115234375,588.7456625582483,527.977626898082,530.3568218900459,504.622119140625,484.7659545898438,487.5581766764323,490.8700134277344,495.66652099609377,494.376811726888,0.0387407510273595,-0.0654205806768104,0.0374705419680796,-0.0696131291314945,11.0,0.5,1.0,1.0,1.0
568.3739624023438,589.8360897003396,551.1745644930904,565.0035067644641,526.5402282714844,494.58994445800784,492.7130452473958,494.1909378051758,497.7800170898437,497.65643208821615,0.0015721224201198,-0.0059299965530331,0.0377605744064735,-0.0302607069411777,11.0,0.5,1.0,1.0,1.0
543.6901245117188,569.56358364242,538.9813488093749,568.8200927420498,539.9924621582031,501.66302490234375,496.0835388183594,496.2058013916016,498.9715869140625,499.7861216227213,-0.0434288681808961,0.046221123204877,0.0475886133740941,-0.0086607710717069,11.0,0.5,0.0,0.0,0.0
547.5066528320312,598.5596914777956,538.1882704310201,550.1832320077516,554.67392578125,510.3172576904297,499.5498575846354,498.0149627685547,500.2226342773437,501.6531097412109,0.0070196756355287,0.0048886696844239,0.0932464261058518,-0.0170196697205612,11.0,0.5,1.0,1.0,1.0
