Price,Close,High,Low,Open,Volume,MA_5,MA_10,MA_15,MA_20,MA_25,MA_30,Normalised Close,Return Ratio,Percentage Change Open,Percentage Change High,Percentage Change Low,Sector,Sector Encoded,VADER Sentiment Score
Ticker,DATAPATTNS.NS,DATAPATTNS.NS,DATAPATTNS.NS,DATAPATTNS.NS,DATAPATTNS.NS,,,,,,,,,,,,,,
Date,,,,,,,,,,,,,,,,,,,
2023-01-10,1147.977783203125,1166.9962125274906,1140.3604201340518,1166.9962125274906,68292,,,,,,,-1.93242241352028,,0.0165668966792194,0.0165668966792194,-0.0066354620973753,Capital Goods,1.0,0.5640000000000001
2023-01-11,1165.7017822265625,1191.8895460177048,1155.4458298227323,1155.4458298227323,83340,,,,,,,-1.899651991811022,0.0154393223307714,-0.0087980927542554,0.0224652344110876,-0.0087980927542554,Capital Goods,1.0,0.5640000000000001
2023-01-12,1156.4415283203125,1171.477035877677,1150.068828252203,1166.4485477925011,48439,,,,,,,-1.9167735468980724,-0.00794393046956,0.0086532861602812,0.0130015285590816,-0.0055106115718324,Capital Goods,1.0,0.5640000000000001
2023-01-13,1220.516845703125,1236.697468785055,1157.4870468627767,1163.0134005965735,196912,,,,,,,-1.7983028130071126,0.055407312703375,-0.0471140118294921,0.0132571894758311,-0.0516418917626964,Capital Goods,1.0,0.5640000000000001
2023-01-16,1241.3275146484375,1246.6048136347238,1217.2805975526012,1235.6517775831257,114684,1186.3930908203124,,,,,,-1.7598253567350923,0.0170507019371156,-0.0045723123014148,0.00425133490075,-0.0193719359412143,Capital Goods,1.0,0.5640000000000001
2023-01-17,1248.0985107421875,1255.6163256255052,1218.2764269649529,1247.5509318246557,84898,1206.417236328125,,,,,,-1.7473062634373266,0.0054546411111072,-0.000438730527133,0.0060234146732913,-0.0238940143911403,Capital Goods,1.0,0.5640000000000001
2023-01-18,1237.1951904296875,1255.6162053374937,1229.2791812916637,1255.6162053374937,61271,1220.71591796875,,,,,,-1.7674657322005134,-0.008735945294908,0.0148893360160966,0.0148893360160966,-0.0063983510437625,Capital Goods,1.0,0.5640000000000001
2023-01-19,1235.65185546875,1259.947706733539,1227.1881452590305,1227.7358457157889,61875,1236.5579833984375,,,,,,-1.770319249481895,-0.001247446621904,-0.0064063431118777,0.0196623759008336,-0.0068495913086366,Capital Goods,1.0,0.5640000000000001
2023-01-20,1244.0657958984375,1258.5038891336183,1235.8510187129036,1236.6973653858272,48788,1241.2677734375,,,,,,-1.754762468207374,0.006809313151151,-0.0059228623895161,0.0116055704471433,-0.0066031693923401,Capital Goods,1.0,0.5640000000000001
2023-01-23,1205.431396484375,1257.8566349894904,1192.387350405632,1252.3302817395615,50652,1234.0885498046875,1210.2408203125,,,,,-1.826194742583407,-0.031054948654192,0.0389063080586473,0.0434908520368833,-0.0108210605072887,Capital Goods,1.0,0.5640000000000001
2023-01-24,1214.0445556640625,1225.7942255729042,1192.8852800373566,1204.8340474500847,47953,1227.2777587890623,1216.8474975585937,,,,,-1.81026961991814,0.0071452918887028,-0.0075866311256919,0.009678120835042,-0.0174287471806438,Capital Goods,1.0,0.5640000000000001
2023-01-25,1195.026123046875,1218.7244387770888,1176.7544905539507,1217.7785433115916,52005,1218.8439453125,1219.779931640625,,,,,-1.8454333578697264,-0.0156653497834638,0.0190392660260065,0.0198307930455878,-0.0152897347936949,Capital Goods,1.0,0.5640000000000001
2023-01-27,1158.43310546875,1192.785814167377,1130.9509628196797,1188.7530562657018,105026,1203.4001953125,1219.979089355469,,,,,-1.9130912614875104,-0.0306211026457114,0.0261732426791128,0.0296544604401016,-0.023723547366984,Capital Goods,1.0,0.5640000000000001
2023-01-30,1286.58349609375,1373.112510360294,1245.8580898595292,1254.620567841893,1487832,1211.9037353515623,1226.5857543945312,,,,,-1.676150245104354,0.1106239022521244,-0.0248432599585654,0.0672548766009033,-0.0316539162501842,Capital Goods,1.0,0.5640000000000001
2023-01-31,1386.5548095703125,1420.9075140084997,1295.6943956577156,1308.3899603413936,859992,1248.12841796875,1241.108483886719,1222.87001953125,,,,-1.4913103510644614,0.0777029347726669,-0.0563734290843805,0.0247755834829441,-0.0655296229802514,Capital Goods,1.0,0.5640000000000001
2023-01-31,1386.5548095703125,1420.9075140084997,1295.6943956577156,1308.3899603413936,859992,1248.12841796875,1241.108483886719,1222.87001953125,,,,-1.4913103510644614,0.0777029347726669,-0.0563734290843805,0.0247755834829441,-0.0655296229802514,Capital Goods,1.0,0.5640000000000001
2023-02-01,1355.8863525390625,1471.689873623112,1309.9334811263477,1407.8635644422507,1051983,1276.49677734375,1251.8872680664062,1236.7305908203125,,,,-1.548014160896391,-0.022118459955257,0.0383344900594762,0.0854079848707034,-0.0338913887042688,Capital Goods,1.0,0.6060000000000001
2023-02-02,1396.9105224609375,1434.8478350814357,1321.2847083278152,1347.2733749603512,357842,1316.8736572265625,1267.858801269531,1252.1445068359376,,,,-1.4721633697270655,0.030256348435879,-0.0355335196510228,0.0271580119202368,-0.054137908561167,Capital Goods,1.0,0.627
2023-02-03,1446.1990966796875,1463.6740951630993,1344.2362625305082,1403.980096420753,453864,1374.42685546875,1288.913525390625,1271.4616780598958,,,,-1.3810322790256613,0.0352839880767154,-0.0291930760818927,0.0120833974544254,-0.0705040090145781,Capital Goods,1.0,0.6375
2023-02-06,1474.826416015625,1533.425138052814,1428.8734240946676,1479.1079847053754,829319,1412.075439453125,1311.9895874023437,1288.4156494140625,,,,-1.3281023885532168,0.0197948673883579,0.0029031000823251,0.0397326230401395,-0.031158237621688,Capital Goods,1.0,0.6427499999999999
2023-02-07,1497.0809326171875,1503.5531814113422,1463.9728907086264,1490.3099160282604,346729,1434.1806640625,1341.154541015625,1305.4658772786458,1275.6976806640623,,,-1.2869553599958077,0.0150895836688937,-0.0045228126558862,0.0043232457598934,-0.0221150648486864,Capital Goods,1.0,0.645375
2023-02-08,1484.63427734375,1510.4237233726951,1464.9187634716411,1503.5531581415576,233703,1459.9302490234377,1368.2135131835937,1321.2349283854169,1292.5305053710938,,,-1.3099683460403757,-0.0083139495014997,0.0127431254191816,0.0173709083930666,-0.0132797108169852,Capital Goods,1.0,0.6466875000000001
2023-02-09,1448.290283203125,1490.1109720271409,1439.0299392010018,1485.6301839388534,181005,1470.206201171875,1393.5399291992187,1335.3079345703125,1306.659930419922,,,-1.377165822919726,-0.0244800990353329,0.02578205568924,0.0288759023719491,-0.0063939833813166,Capital Goods,1.0,0.6473437500000001
2023-02-10,1416.8748779296875,1446.7966325423963,1405.8222920390906,1441.4694978817504,163339,1464.341357421875,1419.3841064453125,1347.3894694010417,1319.681597900391,,,-1.4352506872675754,-0.0216913733647078,0.0173583569976201,0.0211181347617863,-0.0078006788480481,Capital Goods,1.0,0.6476718750000001
2023-02-13,1396.46240234375,1445.701355946449,1381.4268938292034,1416.8748806814804,137567,1448.6685546875,1430.3719970703123,1357.5492431640623,1328.4788757324218,,,-1.4729919121568646,-0.0144066889066195,0.0146172774171873,0.0352597775064038,-0.0107668552259707,Capital Goods,1.0,0.6478359375
2023-02-14,1416.376953125,1426.2845455928614,1394.0228496203888,1403.48229038567,107414,1432.5277587890623,1433.3542114257812,1371.6122802734376,1337.23134765625,1307.0636962890626,,-1.4361713150450612,0.0142607138923514,-0.0091039766715209,0.0069950251915649,-0.0157825947783819,Capital Goods,1.0,0.6479179687500001
2023-02-15,1389.5419921875,1423.7951476555152,1385.111039828844,1420.9075047306073,97299,1413.5093017578124,1436.719775390625,1383.312109375,1344.3035217285155,1316.7262646484376,,-1.4857872614976908,-0.0189461999351889,0.022572554639914,0.0246506803397079,-0.0031887862213365,Capital Goods,1.0,0.647958984375
2023-02-16,1399.897705078125,1418.7170381343242,1381.526402181942,1394.0228701014394,112236,1403.8307861328126,1437.0184936523438,1396.97021484375,1352.4386474609375,1326.0941015625,,-1.4666402801602951,0.0074526088084048,-0.0041966173352343,0.0134433630314072,-0.0131233181035592,Capital Goods,1.0,0.6479794921875
2023-02-17,1429.6700439453125,1443.6102723438075,1389.0441868500402,1394.0228398495026,139415,1406.3898193359375,1435.3655883789063,1415.0526774088542,1362.1395568847656,1337.0232421875,,-1.4115933294885818,0.0212675103039232,-0.0249338679556004,0.0097506613204441,-0.0284162469986161,Capital Goods,1.0,0.64798974609375
2023-02-20,1342.3443603515625,1431.8605631207479,1329.300314162864,1429.8691019759344,373553,1395.5662109375,1422.1173828125,1418.770068359375,1367.053485107422,1341.8963427734377,,-1.573052347491923,-0.0610810053435591,0.06520289741557,0.066686466910578,-0.0097173620823216,Capital Goods,1.0,0.647994873046875
2023-02-21,1260.9932861328125,1346.028705704552,1254.620585831458,1335.2249311983514,492096,1364.4894775390626,1398.5086181640625,1410.3993001302083,1369.8315795898438,1342.6829736328125,1316.634659830729,-1.7234647349629597,-0.0606037292825843,0.0588675973788812,0.067435267504496,-0.0050537146957365,Capital Goods,1.0,0.6479974365234376
2023-02-22,1281.25634765625,1304.3572489224475,1235.1042587242937,1254.6205541456188,374275,1342.8323486328125,1378.1708251953123,1405.423966471354,1373.1921691894531,1344.009287109375,1321.0772786458333,-1.6859997661167303,0.0160691272081073,-0.0207888090149601,0.0180298823950844,-0.0360209641235186,Capital Goods,1.0,0.6479987182617188
2023-02-23,1238.4398193359375,1289.27191038944,1229.7271773908606,1289.27191038944,172326,1310.540771484375,1357.1857788085938,1394.8592529296875,1375.3628540039062,1344.059072265625,1323.5018798828123,-1.765164501305871,-0.0334176126414007,0.0410452653894473,0.0410452653894473,-0.0070351758793969,Capital Goods,1.0,0.6479993591308595
2023-02-24,1219.67041015625,1259.5493469035944,1199.0587142477286,1247.650415107818,297883,1268.5408447265625,1337.46533203125,1379.7573404947916,1378.424719238281,1343.419814453125,1325.6095092773437,-1.7998678125190242,-0.0151556893493232,0.0229406278274664,0.0326964862107588,-0.0168993981791202,Capital Goods,1.0,0.6479996795654297
2023-02-27,1197.8140869140625,1237.6931464054328,1173.9663874593766,1204.8340363238726,225901,1239.6347900390624,1317.600500488281,1361.2898518880208,1373.9862487792968,1341.56974609375,1324.8527506510416,-1.8402786096937027,-0.0179198602017306,0.0058606335377935,0.0332931962706424,-0.0199093496354888,Capital Goods,1.0,0.6479998397827149
2023-02-28,1300.3245849609375,1329.3003204450804,1198.8097796948407,1198.8596148433535,392798,1247.5010498046877,1305.995263671875,1348.172762044271,1369.674737548828,1345.3654736328126,1326.8193196614584,-1.650743942817457,0.085581309459278,-0.07803049430203,0.0222834635438453,-0.0780688194626008,Capital Goods,1.0,0.6479999198913575
2023-03-01,1331.2420654296875,1343.9376314225287,1293.6532327842162,1304.357337444847,242098,1257.498193359375,1300.1652709960938,1337.9466145833333,1368.4425231933594,1350.0533740234375,1329.590771484375,-1.593579706247093,0.0237767406894631,-0.0201952212020606,0.0095366322343062,-0.028235911125103,Capital Goods,1.0,0.6479999599456787
2023-03-02,1312.4227294921875,1349.1153767730823,1300.2250299810244,1328.354418649625,132627,1272.294775390625,1291.4177734375,1328.888777669271,1364.2181335449218,1354.74923828125,1332.0983561197916,-1.6283753285073148,-0.0141366746335691,0.012139144499274,0.0279579486520262,-0.0092940325072568,Capital Goods,1.0,0.6479999799728393
2023-03-03,1327.308837890625,1353.8450816526552,1318.347262841101,1318.347262841101,118170,1293.8224609375,1281.1816528320312,1322.9177083333334,1358.2736206054688,1361.504267578125,1335.1535888671874,-1.6008519660211489,0.0113424646372875,-0.0067516879219804,0.0199925164396568,-0.0067516879219804,Capital Goods,1.0,0.6479999899864197
2023-03-06,1286.78271484375,1338.5108713702195,1278.5181021680207,1329.300363235442,108346,1311.6161865234376,1275.62548828125,1315.6057291666666,1348.871435546875,1361.512236328125,1336.5774861653647,-1.675781903713607,-0.0305325496900025,0.0330418243120826,0.0401996047427095,-0.0064226948189406,Capital Goods,1.0,0.6479999949932098
2023-03-08,1288.2264404296875,1308.7883012572925,1266.5693002717392,1288.5252082239372,108777,1309.1965576171874,1278.3488037109375,1307.062361653646,1338.4287109375,1357.5791015625,1339.3373209635415,-1.673112557127599,0.0011219653242799,0.0002319217995168,0.0159613715277777,-0.0168115942028985,Capital Goods,1.0,0.6479999974966049
2023-03-09,1319.7911376953125,1338.3118249723252,1279.6632655431379,1284.492534872168,224345,1306.9063720703125,1282.2022827148437,1302.4123046875,1330.186553955078,1356.13529296875,1342.86220703125,-1.6147516624360712,0.0245024448148235,-0.0267455977047887,0.0140330441295086,-0.0304047140536555,Capital Goods,1.0,0.648
2023-03-09,1319.7911376953125,1338.3118249723252,1279.6632655431379,1284.492534872168,224345,1306.9063720703125,1282.2022827148437,1302.4123046875,1330.186553955078,1356.13529296875,1342.86220703125,-1.6147516624360712,0.0245024448148235,-0.0267455977047887,0.0140330441295086,-0.0304047140536555,Capital Goods,1.0,0.648
2023-03-10,1313.31884765625,1332.9845273267827,1287.5295219352238,1310.2819422062385,96234,1307.085595703125,1289.690185546875,1296.640380859375,1323.4379821777345,1352.7916259765625,1346.8052978515625,-1.626718469347098,-0.0049040259888127,-0.0023123900608227,0.0149740329285823,-0.0196367590148042,Capital Goods,1.0,0.5740000000000001
2023-03-13,1316.15673828125,1338.162359940192,1293.7528000777504,1314.3643746053124,88218,1304.85517578125,1299.338818359375,1289.0728271484377,1318.4020751953126,1347.589931640625,1352.0627522786458,-1.6214714101240062,0.0021608542587083,-0.0013618162820624,0.0167196056661751,-0.0170222417679193,Capital Goods,1.0,0.537
2023-03-14,1303.461181640625,1314.3643830164444,1254.620547424788,1306.4483734202079,116071,1308.190869140625,1309.9035278320312,1286.480615234375,1313.7520141601562,1340.735322265625,1352.625341796875,-1.6449445972076262,-0.0096459306641577,0.0022917381980052,0.0083648071222925,-0.0374699568378116,Capital Goods,1.0,0.5185
2023-03-15,1312.6219482421875,1346.2278581630476,1294.449863618315,1313.7172276631109,150487,1313.069970703125,1311.1332641601562,1289.9225260416667,1308.5642639160155,1333.356962890625,1350.1609130859374,-1.6280069871165677,0.0070280317746264,0.0008344210778969,0.0256021240280674,-0.0138441115114735,Capital Goods,1.0,0.50925
2023-03-16,1331.540771484375,1338.7598184787753,1274.7841261490905,1306.398573331464,128739,1315.4198974609376,1311.163134765625,1293.2748209635415,1305.6642028808594,1327.23322265625,1349.3493937174478,-1.5930274198603545,0.0144130023633406,-0.0188820340250512,0.0054215741260048,-0.0426247896803139,Capital Goods,1.0,0.504625
2023-03-17,1343.2406005859375,1391.8820168532934,1324.421267639285,1329.0514393121423,255870,1321.404248046875,1314.244921875,1300.2615397135417,1302.83134765625,1323.0312353515626,1347.5603963216147,-1.5713952626323249,0.0087866848331799,-0.0105633802816902,0.0362119907975815,-0.0140103961557173,Capital Goods,1.0,0.5023124999999999
2023-03-20,1400.544921875,1415.6301432022606,1298.432700383894,1327.2590525894764,247706,1338.281884765625,1321.5685302734375,1312.3198404947916,1301.3750915527344,1322.378037109375,1346.0385904947916,-1.4654436220391305,0.042661248672848,-0.0523266823797491,0.0107709657088792,-0.0729089227315906,Capital Goods,1.0,0.50115625
2023-03-21,1393.076904296875,1419.5633131817244,1377.095380009001,1407.514997579688,159040,1356.205029296875,1332.19794921875,1325.3373616536458,1303.91171875,1322.2426171875,1343.3136067708333,-1.4792514588057477,-0.0053322228094812,0.010364175328928,0.0190128834977836,-0.0114721048339684,Capital Goods,1.0,0.500578125
2023-03-22,1373.162353515625,1405.9716286669113,1369.3286934077748,1393.076965819689,79132,1368.3131103515625,1340.6915405273437,1330.193212890625,1309.5201721191406,1320.514033203125,1339.182987467448,-1.5160720559175511,-0.0142953707148719,0.0145027368781831,0.0238932235997344,-0.0027918476631951,Capital Goods,1.0,0.5002890625
2023-03-23,1390.88623046875,1403.9801118500882,1361.014313195344,1371.1210028493415,77509,1380.1822021484377,1347.8010498046874,1334.1694905598958,1315.0016662597657,1320.567802734375,1336.0580525716146,-1.483301859907675,0.0129073426079207,-0.0142105279255998,0.0094140563724793,-0.0214768948164356,Capital Goods,1.0,0.50014453125
2023-03-24,1365.3458251953125,1413.0413478684286,1354.1936904815955,1397.8067417800019,126881,1384.6032470703126,1353.0037475585937,1337.6976969401042,1321.3469665527343,1319.1857275390626,1333.2932373046874,-1.530524264418594,-0.0183626846782644,0.0237748678654696,0.0349329245330891,-0.0081679926857517,Capital Goods,1.0,0.5000722656250001
2023-03-27,1338.162353515625,1370.5235974319792,1332.8849328111469,1361.3130895480938,46036,1372.1267333984374,1355.2043090820312,1338.4212646484375,1327.2715637207032,1315.525419921875,1330.6694864908854,-1.580784582605649,-0.0199095871376022,0.0173003940602924,0.0241833465358927,-0.0039437820759291,Capital Goods,1.0,0.5000361328125
2023-03-28,1296.2918701171875,1342.742727376297,1289.471139749577,1334.0799196903022,64367,1352.7697265625,1354.4873779296877,1339.0552083333334,1332.1954528808594,1313.6833203125,1327.33046875,-1.6582001475875046,-0.0312895391866578,0.0291508806343887,0.0358336408103139,-0.0052617242496427,Capital Goods,1.0,0.50001806640625
2023-03-29,1346.974609375,1368.0343365037404,1288.8239162886039,1288.8239162886039,133130,1347.532177734375,1357.9226440429688,1342.9717529296877,1334.5279541015625,1317.1225732421874,1325.0170572916666,-1.564491344249016,0.0390982466419624,-0.0431713357339216,0.0156348360111346,-0.0431713357339216,Capital Goods,1.0,0.5000090332031251
2023-03-31,1369.8265380859375,1395.018570890848,1356.1850774827517,1356.1850774827517,125138,1343.3202392578123,1361.751220703125,1346.3074462890625,1336.457177734375,1320.665380859375,1324.3598754882812,-1.522239742918129,0.0169653745155158,-0.0099585314081058,0.0183906736396795,-0.0099585314081058,Capital Goods,1.0,0.5000045166015625
2023-04-03,1418.318603515625,1448.787933687472,1375.1537089764136,1376.9459510164409,300188,1353.914794921875,1369.2590209960938,1353.3074300130208,1341.751971435547,1327.8605322265626,1324.9739054361978,-1.4325813406815675,0.035400150370459,-0.0291702106964066,0.0214827120622418,-0.0304338492297975,Capital Goods,1.0,0.5000022583007813
2023-04-05,1442.714111328125,1453.4679290327713,1407.9630885802126,1413.9374722658429,187875,1374.825146484375,1373.4759399414063,1361.7445882161458,1347.522235107422,1336.7822802734374,1325.4087076822916,-1.387475770670536,0.017200301647338,-0.0199461825709814,0.0074538798922167,-0.0240872550389914,Capital Goods,1.0,0.5000011291503906
2023-04-06,1431.0142822265625,1463.5249112199542,1415.4809088927911,1429.8691677058264,147666,1401.76962890625,1377.269677734375,1370.2481282552085,1354.7338134765623,1346.1102880859376,1328.3643717447917,-1.409107927898566,-0.0081095963570994,-0.0008002118042835,0.0227185915592731,-0.0108547996527347,Capital Goods,1.0,0.5000005645751953
2023-04-10,1474.3284912109375,1490.6086617032793,1421.9032524464146,1437.7353928023902,228213,1427.2404052734375,1387.3862915039062,1381.028564453125,1364.038916015625,1353.0704443359375,1335.4755452473958,-1.3290230163307029,0.0302681877618866,-0.0248201799169544,0.0110424309028784,-0.0355587232269136,Capital Goods,1.0,0.5000002822875976
2023-04-11,1568.574462890625,1582.1163747415812,1473.6812880854636,1475.3739814859036,822671,1466.989990234375,1405.1551147460937,1396.830810546875,1376.4780822753903,1362.563740234375,1345.0528157552085,-1.1547688746859173,0.0639246763808238,-0.0594173140068646,0.0086332604357211,-0.0604964425025056,Capital Goods,1.0,0.5
2023-04-11,1568.574462890625,1582.1163747415812,1473.6812880854636,1475.3739814859036,822671,1466.989990234375,1405.1551147460937,1396.830810546875,1376.4780822753903,1362.563740234375,1345.0528157552085,-1.1547688746859173,0.0639246763808238,-0.0594173140068646,0.0086332604357211,-0.0604964425025056,Capital Goods,1.0,0.5
2023-04-12,1621.895751953125,1667.6993592270273,1563.2970308701463,1568.574451632232,931291,1507.705419921875,1430.810107421875,1415.407820638021,1391.9069274902345,1374.9426611328124,1357.8346801757812,-1.0561815792144655,0.0339934700736091,-0.0328759109558566,0.0282407837980613,-0.0361297703705141,Capital Goods,1.0,0.6562250000000001
2023-04-13,1660.08203125,1690.7505827847174,1613.0835948829458,1620.6014096392505,578937,1551.17900390625,1463.0020751953125,1432.710294596354,1409.1031921386718,1388.2535888671875,1372.515067545573,-0.985577847268232,0.0235442254848316,-0.0237823317568358,0.0184741181203105,-0.0283109120406932,Capital Goods,1.0,0.7343375000000001
2023-04-17,1659.7833251953125,1687.7633301343183,1627.0736000096176,1660.081971439302,226605,1596.9328125,1499.351220703125,1450.49072265625,1426.9192993164063,1403.17361328125,1387.914042154948,-0.9861301336549708,-0.0001799345147194,0.0001799308617311,0.0168576250371192,-0.0197072260512352,Capital Goods,1.0,0.7733937500000001
2023-04-18,1584.456298828125,1659.783342152155,1568.275676766251,1658.8871603127457,233001,1618.9583740234375,1523.0993896484374,1464.5769856770833,1440.5110168457031,1415.0228076171877,1397.385099283854,-1.1254044823441611,-0.0453836505185539,0.0469756480754124,0.0475412565053023,-0.0102120974076982,Capital Goods,1.0,0.792921875
2023-04-19,1582.265869140625,1600.089350887064,1551.3483832300187,1589.1363135215117,166605,1621.6966552734375,1544.3433227539062,1477.3356282552083,1453.0472717285156,1425.521796875,1405.752559407552,-1.1294544320473254,-0.0013824487864512,0.0043421554587526,0.0112645302499758,-0.0195400068430967,Capital Goods,1.0,0.8026859375
2023-04-20,1685.6224365234375,1740.9353171714997,1549.1576376348632,1585.2030349095066,1121422,1634.4419921875,1571.0737060546876,1498.68740234375,1470.1663635253906,1440.4139404296875,1418.1925496419271,-0.9383554427573132,0.0653218712471807,-0.0595740774672196,0.032814513766288,-0.0809581054046896,Capital Goods,1.0,0.8075679687499999
2023-04-21,1677.4078369140625,1731.027908369937,1656.8958097332054,1693.7378439640518,437353,1637.9071533203123,1594.5430786132813,1521.3037679036458,1484.0095092773438,1454.863984375,1429.8625162760416,-0.953543656941705,-0.0048733330972488,0.0097352633573191,0.0319660313227816,-0.0122284078620934,Capital Goods,1.0,0.810008984375
2023-04-24,1690.202880859375,1714.5982808842573,1668.7449590730996,1672.8274302776383,272345,1643.991064453125,1620.4619384765624,1547.564501953125,1498.865808105469,1470.33365234375,1443.3098551432292,-0.929886524862093,0.0076278670361118,-0.010280097601598,0.0144334152433101,-0.012695471075854,Capital Goods,1.0,0.8112294921875001
2023-04-25,1662.272705078125,1712.6566496474593,1652.9128130318502,1691.7463068319962,156515,1659.554345703125,1639.2563598632812,1568.584375,1513.3213256835938,1484.3196826171877,1455.7780639648438,-0.9815274461663046,-0.0165247474711728,0.0177309064053277,0.0303102760548343,-0.0056307800866133,Capital Goods,1.0,0.8118397460937501
2023-04-26,1638.7734375,1681.5898524482652,1628.467528755696,1662.2726548827077,131160,1670.855859375,1646.2762573242187,1586.5141682942708,1525.7156860351563,1496.6089892578125,1466.4108072916667,-1.0249759313177378,-0.0141368305611566,0.014339515667618,0.0261271106600207,-0.0062887941117876,Capital Goods,1.0,0.812144873046875
2023-04-27,1621.5970458984375,1651.8671575672186,1610.4946258871214,1640.963956596624,99188,1658.05078125,1646.24638671875,1600.066064453125,1538.5282470703123,1507.7432470703125,1476.686747233073,-1.0567338656012046,-0.0104812484804279,0.0119431092620525,0.0186668517591002,-0.006846596100676,Capital Goods,1.0,0.8122974365234374
2023-04-28,1655.8502197265625,1707.6780481756948,1631.8531356043027,1631.9029707559796,335600,1653.7392578125,1645.8232055664062,1614.2751383463542,1554.412640380859,1517.955458984375,1488.00986328125,-0.9934021677296448,0.0211231106487044,-0.014462207200442,0.0312998288321577,-0.014492303613199,Capital Goods,1.0,0.8123737182617188
2023-05-02,1675.06787109375,1695.6794467461305,1662.870170739523,1666.8530933041684,110772,1650.712255859375,1647.35166015625,1630.5453776041666,1573.3514404296875,1529.23509765625,1500.3967529296874,-0.957870088387311,0.0116059116568894,-0.004904146232724,0.0123049197038935,-0.0072819141031356,Capital Goods,1.0,0.8124118591308593
2023-05-03,1643.9014892578125,1678.2044835234315,1632.998287118966,1674.8189749598175,92409,1647.0380126953123,1653.2961791992188,1641.850244140625,1588.197784423828,1540.0646630859376,1511.439404296875,-1.0154945259967267,-0.0186060412081017,0.0188073834740325,0.0208668186565765,-0.0066325155187791,Capital Goods,1.0,0.8124309295654297
2023-05-04,1706.134521484375,1727.592564201171,1633.9938892530959,1644.299676493401,336939,1660.5102294921876,1665.6830444335938,1651.0209147135415,1605.01318359375,1552.6745947265624,1523.9258626302085,-0.9004300471726503,0.0378569109117721,-0.0362426550851197,0.012576993458949,-0.0422830857255706,Capital Goods,1.0,0.8124404647827148
2023-05-05,1704.1929931640625,1762.3436869455732,1688.609784312592,1707.6780504097967,202252,1677.0294189453125,1667.5401000976562,1656.5073974609377,1619.306903076172,1566.2284814453126,1535.957609049479,-0.9040197958367624,-0.0011379690732846,0.0020449897750511,0.0341221293684268,-0.0091440399731594,Capital Goods,1.0,0.8124452323913574
2023-05-08,1692.4930419921875,1717.6352389683916,1677.8558511841138,1704.1928762286389,118491,1684.3579833984377,1669.0486206054688,1658.6681315104167,1631.795849609375,1580.401708984375,1545.6892130533854,-0.9256521787641736,-0.0068653909614734,0.0069127812913662,0.0148551257537874,-0.0086483019102073,Capital Goods,1.0,0.8124476161956786
2023-05-09,1690.501708984375,1723.2114364873185,1683.780527105038,1697.4219883738097,98339,1687.4447509765623,1669.0785034179687,1660.7160237630208,1644.7702209472657,1596.1701025390626,1555.6033732096355,-0.9293340127759724,-0.0011765679139623,0.0040936246042555,0.0193491241855028,-0.0039758503902224,Capital Goods,1.0,0.8124488080978394
2023-05-10,1628.318359375,1695.978207542367,1624.434985580705,1686.9667966574739,166070,1684.328125,1665.6830688476562,1663.6401611328124,1652.4697143554688,1607.4238525390624,1564.108573404948,-1.0443066319517438,-0.0367839613996804,0.0360177952577929,0.0415519777062127,-0.0023848983658119,Capital Goods,1.0,0.8124494040489196
2023-05-11,1617.912841796875,1646.938413109203,1604.1219972907654,1639.3708848557735,120451,1666.6837890625,1663.5970092773437,1666.0166259765624,1654.9366333007813,1617.3473046875,1571.6761271158855,-1.0635456986368264,-0.0063903459162119,0.0132627929666884,0.0179401328442958,-0.0085238488439175,Capital Goods,1.0,0.8124497020244599
2023-05-12,1582.7635498046875,1624.9824280302842,1573.2542743998931,1611.1418705770907,165136,1642.397900390625,1659.7136596679688,1659.1593668619792,1652.980023193359,1623.9251025390624,1578.9233846028646,-1.1285342556686029,-0.0217250837524413,0.017929602166985,0.0266741537172792,-0.0060080202162653,Capital Goods,1.0,0.81244985101223
2023-05-15,1529.691162109375,1568.2757235620932,1505.5446946196096,1568.2757235620932,287827,1609.8375244140625,1647.09775390625,1649.3115885416669,1646.460479736328,1627.4041845703125,1585.3076782226562,-1.2266613501010024,-0.0335314694995734,0.0252237591537836,0.0252237591537836,-0.0157851912123676,Capital Goods,1.0,0.81245
2023-05-15,1529.691162109375,1568.2757235620932,1505.5446946196096,1568.2757235620932,287827,1609.8375244140625,1647.09775390625,1649.3115885416669,1646.460479736328,1627.4041845703125,1585.3076782226562,-1.2266613501010024,-0.0335314694995734,0.0252237591537836,0.0252237591537836,-0.0157851912123676,Capital Goods,1.0,0.81245
2023-05-16,1591.8248291015625,1613.0836541848473,1524.4636262697538,1533.3256533710935,347223,1590.1021484375,1638.7734497070312,1642.7530517578125,1643.0625549316403,1633.8366064453126,1595.158776855469,-1.1117805905735365,0.0406184388922715,-0.0367497570467514,0.01335500282106,-0.0423169695561463,Capital Goods,1.0,0.8749750000000001
2023-05-17,1633.048095703125,1642.9057318659113,1600.6370145341111,1600.786398440943,209627,1591.048095703125,1637.6881103515625,1640.8047444661458,1645.492144775391,1640.185390625,1604.694559733073,-1.0355616837128452,0.0258968611670853,-0.0197555095572928,0.0060363416048332,-0.0198469850669394,Capital Goods,1.0,0.9062375
2023-05-18,1597.948486328125,1655.899957570527,1591.177469752076,1639.818884364268,126477,1587.055224609375,1626.8695068359375,1638.0830810546877,1646.2762756347656,1641.3603515625,1612.2986246744792,-1.1004583810963164,-0.0214933102505395,0.0262025956370819,0.036266169866068,-0.0042373184329664,Capital Goods,1.0,0.92186875
2023-05-19,1595.9072265625,1621.0494243292778,1578.2828434802984,1598.0977852730164,95529,1589.6839599609375,1616.040930175781,1636.3704264322917,1641.7905151367188,1640.320810546875,1618.2182454427084,-1.1042325261551835,-0.0012774252631357,0.0013726103084543,0.0157541725159882,-0.0110434884865855,Capital Goods,1.0,0.929684375
2023-05-22,1599.5914306640625,1618.0622825709165,1576.24159588293,1595.1604779560666,95391,1603.664013671875,1606.7507690429688,1632.6198404947916,1637.8996948242188,1637.9011865234374,1623.447489420573,-1.0974206931195618,0.0023085327519307,-0.0027700527916408,0.0115472310946214,-0.0145973742629009,Capital Goods,1.0,0.9335921875
2023-05-23,1585.3525390625,1609.0508550103864,1577.5360779652963,1599.1433839103026,71447,1602.3695556640623,1596.2358520507812,1626.638818359375,1632.657177734375,1634.923955078125,1628.5920979817708,-1.123747397484563,-0.008901580321452,0.0086989136535888,0.0149482940632879,-0.0049304245614832,Capital Goods,1.0,0.93554609375
2023-05-24,1592.07373046875,1600.0892891200842,1558.268602611438,1585.203164803928,84576,1594.1746826171875,1592.6113891601562,1623.1836344401042,1629.1472290039062,1635.22865234375,1632.5169392903647,-1.111320389534484,0.004239556338822,-0.0043154820868748,0.0050346654793269,-0.0212333934103409,Capital Goods,1.0,0.936523046875
2023-05-25,1599.4918212890625,1612.038002510124,1558.4179341343613,1588.1903033151132,113868,1594.483349609375,1590.769287109375,1616.07412109375,1627.183148193359,1635.9176904296876,1633.547517903646,-1.0976048638149354,0.0046593889958402,-0.0070656928804057,0.0078438545631014,-0.025679335528955,Capital Goods,1.0,0.9370115234375
2023-05-26,1597.10205078125,1621.7962183355025,1584.4563207529507,1590.1817717156086,75972,1594.722314453125,1592.2031372070312,1608.934724934896,1625.9583984375,1632.376875,1632.7210611979167,-1.102023380608228,-0.001494081105014,-0.0043330224654436,0.0154618595237374,-0.0079179223532481,Capital Goods,1.0,0.93725576171875
2023-05-29,1654.107666015625,1691.596948365437,1608.7023738148785,1616.220188655039,390463,1605.6255615234377,1604.6447875976562,1606.3756998697916,1625.871270751953,1631.4448681640624,1632.5219156901042,-0.9966240264017728,0.0356931576203848,-0.0229050854058662,0.0226643543948472,-0.0274500222286725,Capital Goods,1.0,0.937377880859375
2023-05-30,1658.1405029296875,1739.5414854335168,1646.2415700090341,1654.1575802383686,427739,1620.183154296875,1611.2763549804688,1604.2182861328124,1625.02490234375,1630.162373046875,1632.4671549479167,-0.989167595932344,0.0024380740123021,-0.0024020417354752,0.0490917279687732,-0.0071760703629334,Capital Goods,1.0,0.9374389404296876
2023-05-31,1681.8885498046875,1697.720690820704,1647.9341602981028,1655.8501700315376,202146,1638.1461181640625,1616.160400390625,1607.7896321614585,1626.9242553710938,1630.9470068359376,1635.7148966471354,-0.94525913544124,0.014322095644513,-0.0154816321070582,0.0094133116120298,-0.0201882517783521,Capital Goods,1.0,0.9374694702148436
2023-06-01,1664.911376953125,1682.734857224751,1653.9085053448698,1681.8885105354568,121592,1651.230029296875,1622.856689453125,1610.9228678385416,1624.8630981445312,1631.9925244140625,1638.469746907552,-0.9766487283339595,-0.0100941128670707,0.0101970193833385,0.0107053627708664,-0.0066086830569871,Capital Goods,1.0,0.9374847351074218
2023-06-02,1694.7833251953125,1715.6438327545325,1666.8530330998767,1666.8530330998767,174789,1670.7662841796875,1632.7442993164063,1618.3908528645834,1624.3926147460938,1634.9199755859374,1638.7751098632812,-0.9214176069668728,0.0179420650586547,-0.0164801551208423,0.0123086575428843,-0.0164801551208423,Capital Goods,1.0,0.9374923675537108
2023-06-05,1755.0250244140625,1778.3748584544019,1695.7790534857104,1696.724948939698,390628,1690.949755859375,1648.2876586914062,1633.4131103515624,1627.5192138671875,1638.8869677734374,1641.3623494466146,-0.8100349621545951,0.0355453693243102,-0.0332189425582856,0.0133045590322196,-0.0337579066418908,Capital Goods,1.0,0.9374961837768554
2023-06-06,1787.6351318359375,1811.1343488584237,1758.5100128117765,1782.3078760742565,370090,1716.848681640625,1668.51591796875,1646.467130533854,1632.3758850097656,1643.389658203125,1644.6100911458334,-0.7497411779591716,0.0185809928452514,-0.0029800576565139,0.0131454213468897,-0.0162925411933747,Capital Goods,1.0,0.9374980918884276
2023-06-07,1776.084716796875,1832.0945660174166,1762.4432554730438,1802.272481585429,172811,1735.6879150390623,1686.9170166015624,1656.0029052734376,1639.764202880859,1648.6769873046876,1648.4038248697916,-0.7710970791441414,-0.0064612821897273,0.0147446597230918,0.0315355729886319,-0.0076806366243797,Capital Goods,1.0,0.9375
2023-06-07,1776.084716796875,1832.0945660174166,1762.4432554730438,1802.272481585429,172811,1735.6879150390623,1686.9170166015624,1656.0029052734376,1639.764202880859,1648.6769873046876,1648.4038248697916,-0.7710970791441414,-0.0064612821897273,0.0147446597230918,0.0315355729886319,-0.0076806366243797,Capital Goods,1.0,0.9375
2023-06-08,1788.830078125,1822.0875055015567,1721.1702303858544,1777.3293407202896,317750,1760.4716552734376,1705.8508422851562,1668.7283447265625,1648.3100646972655,1651.9848095703126,1653.405712890625,-0.7475318067128345,0.0071760998828428,-0.0064291950059142,0.0185917196849776,-0.0378235186038825,Capital Goods,1.0,0.744425
2023-06-09,1760.2525634765625,1812.229651001,1750.4943551976692,1797.9906551234778,138227,1773.5655029296877,1722.1658935546875,1679.6847005208333,1657.1845153808597,1654.2271923828123,1658.0275634765626,-0.8003696118375921,-0.0159755333935303,0.0214390209847961,0.0295281987385838,-0.0055436409986646,Capital Goods,1.0,0.6478875
2023-06-12,1731.774658203125,1787.4360245733237,1723.1616855171812,1769.4133245308694,133821,1768.9154296875,1729.9325927734376,1688.496915690104,1667.2886901855468,1655.79845703125,1660.5583780924478,-0.8530232462669763,-0.0161783063773488,0.0217341593200111,0.032141229291317,-0.004973495047491,Capital Goods,1.0,0.59961875
2023-06-13,1683.8302001953125,1743.4246494798804,1674.8187900714079,1734.562623248747,185361,1748.154443359375,1732.5015625,1695.0620930989585,1671.8889587402343,1655.5315966796877,1660.8504557291667,-0.9416691610777465,-0.0276851597179273,0.0301291799182303,0.0353921964801766,-0.0053517332821678,Capital Goods,1.0,0.575484375
2023-06-14,1727.3934326171875,1749.2496698972,1688.7590380792096,1688.7590380792096,228857,1738.4161865234375,1737.05205078125,1704.083406575521,1676.6062255859374,1659.494599609375,1663.6335205078126,-0.8611238227714494,0.02587151151988,-0.0223657180862628,0.0126527268584655,-0.0223657180862628,Capital Goods,1.0,0.5634171875
2023-06-15,1786.689208984375,1801.2766868388085,1727.5926211527544,1735.1601495350062,279423,1737.9880126953126,1749.229833984375,1716.563232421875,1686.04326171875,1666.245654296875,1666.3186767578125,-0.7514901224670751,0.0343267348639551,-0.0288405276028168,0.008164530115859,-0.0330760310939659,Capital Goods,1.0,0.55738359375
2023-06-16,1862.6136474609375,1891.6392189385833,1792.3150909801027,1794.8542526453164,646008,1758.4602294921874,1766.0128662109375,1734.264005533854,1699.3785827636718,1677.439658203125,1671.599365234375,-0.6111112010044067,0.0424944853837903,-0.0363786633411544,0.0155832485804088,-0.0377418884354594,Capital Goods,1.0,0.554366796875
2023-06-19,1913.0474853515625,1946.6533943330148,1876.9522497788914,1881.4828727945696,501070,1794.714794921875,1781.8151123046875,1751.52666015625,1715.0513854980468,1692.7739111328126,1678.9511800130208,-0.5178625987049704,0.0270769184792428,-0.0164996492761873,0.0175666883539362,-0.0188679245283018,Capital Goods,1.0,0.5528583984375
2023-06-20,1881.781494140625,1940.4798873138657,1865.0532925986122,1920.2166718903172,178052,1834.3050537109373,1791.2297485351562,1766.4360595703124,1729.8728332519531,1704.372177734375,1685.3271728515624,-0.5756712070097597,-0.0163435520813492,0.0204248887925453,0.0311929909800963,-0.0088895557715388,Capital Goods,1.0,0.55210419921875
2023-06-21,1901.6463623046875,1916.7814189149026,1863.5098314281768,1881.7814637609908,200222,1869.1556396484373,1803.7859130859367,1781.086580403646,1745.35146484375,1715.1161083984375,1694.438106282552,-0.5389424695462615,0.0105564159419765,-0.010446158096199,0.0079589228103758,-0.02005448101838,Capital Goods,1.0,0.551727099609375
2023-06-22,1818.3035888671875,1907.8696275188533,1807.2510037327006,1900.2024291189862,187915,1875.478515625,1806.7332641601563,1791.3127278645834,1756.2920532226562,1723.9303125,1701.1177978515625,-0.6930373681272417,-0.0438266415299705,0.0450413455449549,0.0492580222576946,-0.0060785147222707,Capital Goods,1.0,0.5515385498046875
2023-06-23,1794.5057373046875,1840.7574991456127,1773.943996524179,1823.1329936276954,159452,1861.85693359375,1810.1585815429687,1797.960888671875,1766.1622375488282,1731.8742529296876,1708.175870768229,-0.7370379139660324,-0.0130879418091707,0.0159527248801141,0.0257740952728267,-0.0114581638570806,Capital Goods,1.0,0.5514442749023438
2023-06-26,1798.936767578125,1829.1571678985183,1774.5910807373023,1784.448838287304,115511,1839.0347900390625,1816.8747924804688,1800.888338216146,1773.4036926269532,1739.84806640625,1717.150724283854,-0.7288452521138725,0.0024692204551504,-0.008053606748127,0.0167990342212407,-0.0135333755358165,Capital Goods,1.0,0.5513971374511719
2023-06-27,1870.0318603515625,1883.8724181443686,1802.3718946571435,1806.9025174060198,166518,1836.68486328125,1835.4949584960937,1806.381453450521,1783.9982604980469,1751.2352392578125,1726.4242919921876,-0.5973954495854764,0.0395206179865629,-0.0337584317593789,0.0074012417040874,-0.036181183395292,Capital Goods,1.0,0.551373568725586
2023-06-28,1859.9251708984375,1909.7614133963086,1850.9137605481594,1876.8027555753577,137175,1828.340625,1848.748132324219,1811.970817057292,1792.9000915527345,1761.949296875,1733.9868611653646,-0.6160820041844384,-0.0054045546856217,0.0090743353232687,0.0267947567341098,-0.0048450391936601,Capital Goods,1.0,0.5513617843627929
2023-06-30,1860.223876953125,1901.696081168803,1854.8470288985268,1872.8697286294143,113440,1836.724682617188,1856.1015991210936,1816.730403645833,1802.6657165527345,1772.3785791015623,1742.729374186198,-0.6155297177976995,0.000160601114153,0.0067980267498781,0.0222942005688076,-0.0028904306203213,Capital Goods,1.0,0.5513558921813965
2023-07-03,1882.5283203125,1891.8882126216158,1861.518428155848,1873.9650611336217,82788,1854.32919921875,1858.09306640625,1824.8821207682288,1812.0529663085936,1783.7956298828126,1752.2834106445312,-0.5742903781932217,0.0119901930276841,-0.0045488076256174,0.0049719795490577,-0.0111604653858086,Capital Goods,1.0,0.5513529460906983
2023-07-04,1867.5426025390625,1891.8383322921648,1844.5909632564822,1891.8383322921648,84975,1868.0503662109368,1853.542578125,1833.933317057292,1817.678845214844,1792.33302734375,1761.2151163736978,-0.601997911374761,-0.0079604208934024,0.0130094648015366,0.0130094648015366,-0.0122897540604299,Capital Goods,1.0,0.5513514730453491
2023-07-05,1884.469970703125,1900.8496902366326,1856.0418138297975,1874.9606949793501,149195,1870.93798828125,1853.81142578125,1847.3093017578128,1822.5205871582032,1801.3862060546876,1771.1856974283853,-0.5707004038297281,0.0090639796602489,-0.0050461274902814,0.0086919504094808,-0.0150854921093385,Capital Goods,1.0,0.5513507365226746
2023-07-06,1908.7657470703125,1924.1995715483608,1869.9820883725533,1889.4983840478687,121744,1880.706103515625,1854.5233642578123,1859.400789388021,1829.154638671875,1810.4612939453125,1781.742097981771,-0.5257792302134516,0.0128926312145596,-0.0100941475149669,0.0080857614412543,-0.0203187105370508,Capital Goods,1.0,0.5513503682613373
2023-07-07,1889.597900390625,1915.6861148936323,1880.935092838923,1905.3304924019478,81754,1886.580908203125,1861.652795410156,1866.261368815104,1834.1930297851563,1819.4487548828124,1791.4123006184896,-0.5612192242080986,-0.0100420110268153,0.0083258941005759,0.013806225386689,-0.0045844714105107,Capital Goods,1.0,0.5513501841306687
2023-07-10,1913.2962646484375,1938.6873938436158,1857.6847373680416,1891.8880576799538,123354,1892.7344970703125,1873.5318481445315,1869.6402099609368,1841.84521484375,1828.1892724609368,1801.952107747396,-0.5174026233652999,0.0125414852826167,-0.0111891751236014,0.0132708821233411,-0.0290658212781356,Capital Goods,1.0,0.5513500920653344
2023-07-11,1948.594970703125,1980.3090879048484,1899.8540059111735,1905.828389577561,296612,1908.944970703125,1888.4976684570315,1872.0100423177084,1852.68623046875,1835.9320703125,1811.7683512369792,-0.4521378102904631,0.0184491585056084,-0.0219473937727203,0.016275376709137,-0.0250133894035269,Capital Goods,1.0,0.5513500460326672
2023-07-12,2011.126953125,2051.2051112452036,1902.891081554197,1930.721704225461,424435,1934.2763671875,1902.607177734375,1880.6330729166664,1869.0510681152343,1844.8717431640623,1823.5345662434893,-0.3365205936808845,0.0320908056122669,-0.0399801955687585,0.0199282089367496,-0.0538185177234188,Capital Goods,1.0,0.5513500230163336
2023-07-13,2086.503662109375,2240.3938767998884,2031.3402834488197,2041.1979192674216,2145382,1969.8239501953128,1925.2650268554687,1892.956892903646,1887.006579589844,1857.2885009765623,1837.0217366536456,-0.1971543853433888,0.0374798363013585,-0.0217137135509031,0.0737550657039998,-0.0264381892360482,Capital Goods,1.0,0.5513500115081669
2023-07-14,2017.8480224609375,2164.7182831631276,1971.6460991912336,2122.7979284623743,651721,1995.473974609375,1941.02744140625,1906.259855143229,1898.564520263672,1866.44921875,1848.7862915039063,-0.324093811430187,-0.032904634147169,0.0520108079663212,0.0727855909203059,-0.0228966318352146,Capital Goods,1.0,0.5513500057540834
2023-07-17,2085.010009765625,2091.0342284243143,2025.8637102580808,2041.048601678781,315246,2029.8167236328125,1961.2756103515624,1925.626806640625,1909.6843383789064,1879.4395166015624,1861.79384765625,-0.1999160429764648,0.0332839671556521,-0.0210845069716406,0.0028892996342815,-0.0283673935523181,Capital Goods,1.0,0.5513500028770417
2023-07-18,2062.506591796875,2096.012827886967,2007.2932593394419,2090.6359801046215,163957,2052.5990478515623,1980.772009277344,1943.1981282552083,1917.157293701172,1892.6687939453125,1872.043233235677,-0.2415232725729264,-0.0107929544047031,0.0136384477119366,0.0162453958806023,-0.0267700150278457,Capital Goods,1.0,0.5513500014385209
2023-07-19,2043.5379638671875,2073.9575823893024,2032.0870619399125,2071.169488083003,95802,2059.08125,1996.67880859375,1954.7652018229169,1925.2451171875,1907.057104492188,1880.573327636719,-0.2765949251768264,-0.0091968811179225,0.0135214146761071,0.0148857613902846,-0.0056034691450533,Capital Goods,1.0,0.5513500007192604
2023-07-20,2070.920654296875,2090.0386341554345,2033.9292363429881,2053.1966001088645,106388,2055.9646484375,2012.8942993164064,1968.8315673828124,1933.7088317871087,1920.798193359375,1890.401192220052,-0.2259662655990243,0.0133996485085447,-0.008558538518236,0.009231633196034,-0.0178623057706893,Capital Goods,1.0,0.55135
2023-07-20,2070.920654296875,2090.0386341554345,2033.9292363429881,2053.1966001088645,106388,2055.9646484375,2012.8942993164064,1968.8315673828124,1933.7088317871087,1920.798193359375,1890.401192220052,-0.2259662655990243,0.0133996485085447,-0.008558538518236,0.009231633196034,-0.0178623057706893,Capital Goods,1.0,0.55135
2023-07-21,2048.765625,2070.8707965672825,2027.5066786169311,2061.162422836531,84268,2062.1481689453126,2028.811071777344,1981.401017252604,1945.23193359375,1931.28125,1899.0657104492188,-0.2669293491604418,-0.0106981545869014,0.0060508618874015,0.0107895072513637,-0.0103764657721983,Capital Goods,1.0,0.6849000000000001
2023-07-24,2003.6588134765625,2061.1124180002025,1992.4568447094555,2061.1124180002025,135298,2045.8779296875,2037.8473266601563,1989.4763834635417,1955.689587402344,1936.923056640625,1907.1792521158848,-0.3503286561468832,-0.0220165796287398,0.0286743452214561,0.0286743452214561,-0.0055907566157286,Capital Goods,1.0,0.7516750000000001
2023-07-25,1988.673095703125,2016.3544548636269,1966.5679251139077,2004.4056877236942,101917,2031.11123046875,2041.8551391601563,1997.5517496744792,1965.1764038085937,1939.948081054688,1915.7425333658853,-0.3780361893284225,-0.0074791764309591,0.007911100147411,0.0139195120707935,-0.0111155376099668,Capital Goods,1.0,0.7850625
2023-07-26,1996.8878173828125,2037.1651917557638,1986.9803468587734,1991.3615856643062,87123,2021.781201171875,2040.4312255859368,2005.0462727864583,1971.5192016601563,1944.552333984375,1926.177787272136,-0.362847749444649,0.0041307551741092,-0.0027674222209183,0.0201700736627961,-0.0049614557401748,Capital Goods,1.0,0.80175625
2023-07-27,1974.2349853515625,2001.4184789842902,1970.5508308009505,1996.8878561957877,76933,2002.4440673828128,2029.204357910156,2009.410888671875,1977.2346923828125,1947.45587890625,1934.405839029948,-0.4047312350841708,-0.0113440684219004,0.0114742525648188,0.0137691277048699,-0.0018661175482896,Capital Goods,1.0,0.8101031249999999
2023-07-28,2000.671630859375,2012.9191653864946,1936.6461071299723,1975.5294341794202,113014,1992.825268554688,2027.48671875,2016.8158040364583,1984.257080078125,1954.7506005859373,1941.5385864257807,-0.3558517457136537,0.0133908302223226,-0.0125668781883787,0.0061217114983824,-0.0320020150942516,Capital Goods,1.0,0.8142765624999999
2023-07-31,2029.000244140625,2036.2691263163279,1996.4399013517054,2001.368719321418,88180,1997.8935546875,2021.8857421875,2024.529402669271,1991.5806762695315,1964.130380859375,1947.084806315104,-0.3034741416279482,0.0141595516447052,-0.0136182954630004,0.0035824944805669,-0.0160474809615955,Capital Goods,1.0,0.8163632812499999
2023-08-01,2002.0657958984375,2045.8778216399162,1991.0629239251093,2035.721417933112,72695,2000.5720947265625,2015.8416625976563,2028.0941243489583,1998.3068359375,1972.2555419921875,1950.0520833333333,-0.3532740330765695,-0.0132747387882131,0.016810447540547,0.0218834095419016,-0.0054957594280214,Capital Goods,1.0,0.817406640625
2023-08-02,1990.1400146484375,2025.8671791473394,1951.5687985718598,2006.9058607218224,84200,1999.2225341796875,2010.501867675781,2026.6949951171875,2003.5903381347653,1977.0598681640624,1953.6640340169272,-0.3753239598599136,-0.0059567379226156,0.0084244555408059,0.0179520859014601,-0.0193811570003487,Capital Goods,1.0,0.8179283203125001
2023-08-03,1973.1248779296875,2015.8376712011213,1960.0016247640817,1990.140093890696,73042,1999.0005126953124,2000.7222900390625,2019.1364095052083,2006.8082946777345,1981.5878564453128,1956.046651204427,-0.4067837452603063,-0.0085497184085089,0.0086234866081369,0.0216472833266643,-0.0066509997985405,Capital Goods,1.0,0.8181891601562501
2023-08-04,1974.7215576171875,1991.5372291446033,1960.9995505838401,1977.9649410977968,54340,1993.810498046875,1993.3178833007807,2016.2613118489585,2011.0644775390624,1986.167763671875,1961.2605834960937,-0.4038315973491723,0.0008092137022646,0.0016424510423247,0.0085154646043903,-0.0069488313329121,Capital Goods,1.0,0.8183195800781251
2023-08-07,2006.6563720703125,2017.3844864553707,1956.5586215311298,1985.948616396828,92876,1989.3417236328123,1993.617639160156,2011.037736002604,2015.732482910156,1991.132885742188,1968.3322713216144,-0.344786382132678,0.0161718062629849,-0.010319532512744,0.0053462638319035,-0.0249657844942807,Capital Goods,1.0,0.8183847900390626
2023-08-08,2027.2144775390625,2035.8468919107886,2003.6126007268156,2015.68806455294,79352,1994.3714599609373,1997.47177734375,2008.6849283854167,2019.6634582519528,1997.519760742188,1975.9415283203125,-0.3067758978811575,0.0102449556161624,-0.0056858379386255,0.0042582639712624,-0.0116425159122277,Capital Goods,1.0,0.81845
2023-08-08,2027.2144775390625,2035.8468919107886,2003.6126007268156,2015.68806455294,79352,1994.3714599609373,1997.47177734375,2008.6849283854167,2019.6634582519528,1997.519760742188,1975.9415283203125,-0.3067758978811575,0.0102449556161624,-0.0056858379386255,0.0042582639712624,-0.0116425159122277,Capital Goods,1.0,0.81845
2023-08-09,2107.999755859375,2125.663672862897,2053.6606557677255,2053.7103590611327,763272,2017.943408203125,2008.5829711914064,2012.982381184896,2024.507098388672,2006.4609521484367,1983.8737915039064,-0.157409627043768,0.0398503854502764,-0.0257539862836037,0.0083794682397013,-0.0257775646987666,Capital Goods,1.0,0.812325
2023-08-10,2118.428466796875,2125.6637071145183,2056.60463446656,2122.5699206936724,179981,2047.0041259765624,2023.0023193359373,2016.149568684896,2026.103338623047,2014.8474609375,1992.490568033854,-0.1381276774761844,0.0049472069000541,0.0019549651837238,0.0034153809916381,-0.0291838187124601,Capital Goods,1.0,0.8092625
2023-08-11,2085.7451171875,2125.6636840236242,2070.7756546239534,2125.6636840236242,109472,2069.208837890625,2031.50966796875,2018.6148681640625,2029.498193359375,2022.693349609375,2000.0079427083333,-0.198556881300559,-0.0154281110368542,0.0191387559808611,0.0191387559808611,-0.0071770334928229,Capital Goods,1.0,0.80773125
2023-08-14,2095.375244140625,2113.6879829993977,2021.4262498450669,2085.7449879455817,122876,2086.952612304688,2038.14716796875,2024.729296875,2030.016455078125,2029.9765087890623,2007.1028401692708,-0.1807514570873055,0.0046171159044162,-0.004595957798954,0.0087395987472798,-0.03529152809376,Capital Goods,1.0,0.806965625
2023-08-16,2160.44287109375,2170.5721101503445,2095.7247960072295,2100.3652320266624,294814,2113.598291015625,2053.984875488281,2036.180615234375,2034.9132690429688,2038.450424804688,2016.8661824544272,-0.0604460129234399,0.0310529711253752,-0.0278080202309041,0.0046885012291328,-0.0299559298477335,Capital Goods,1.0,0.8065828125000001
2023-08-17,2223.763671875,2263.3328548814775,2169.07518507761,2175.5120054281397,320921,2136.75107421875,2077.3472412109377,2051.305672200521,2043.9245544433595,2046.955893554688,2028.1759724934896,0.0566296730899419,0.0293091762010782,-0.0216981988945688,0.0177937896490205,-0.0245927602330505,Capital Goods,1.0,0.80639140625
2023-08-18,2154.155517578125,2244.0719393395916,2135.9426722391236,2235.339753218153,178334,2143.896484375,2095.450305175781,2063.3003743489585,2048.086297607422,2049.661967773437,2036.3556315104167,-0.0720708852713653,-0.0313019567579246,0.0376872676914719,0.0417409147240017,-0.0084547495249914,Capital Goods,1.0,0.806295703125
2023-08-21,2359.7861328125,2410.0834286485992,2168.2267187965504,2174.3643445215002,1465162,2198.7046875,2133.9567626953126,2087.2413411458333,2063.637322998047,2063.3394921875,2052.028572591146,0.3081255911927623,0.0954576461896128,-0.0785756750210264,0.0213143450318324,-0.0811765995877094,Capital Goods,1.0,0.8062478515625
2023-08-22,2397.059814453125,2421.0608997186227,2317.5720715714847,2368.218749502532,466812,2259.0416015625,2172.997106933594,2111.778645833333,2083.307373046875,2075.821484375,2068.154024251302,0.3770419945622654,0.015795364301171,-0.0120318503429472,0.0100127185482743,-0.0331605170644333,Capital Goods,1.0,0.80622392578125
2023-08-23,2370.21484375,2419.4642292091976,2355.0458371391164,2395.114000989905,248615,2300.99599609375,2207.2971435546874,2136.321915690104,2102.3844604492188,2088.129814453125,2082.2080200195314,0.3274075407603459,-0.0111991242526626,0.0105050212243675,0.020778447822594,-0.0063998445756436,Capital Goods,1.0,0.806211962890625
2023-08-24,2382.53955078125,2406.091602539783,2327.451977585375,2395.113996721476,204313,2332.751171875,2234.751123046875,2162.481884765625,2121.6670471191405,2101.689877929688,2094.5884399414062,0.3501950531227103,0.0051998269539779,0.0052777490875661,0.0098852721042175,-0.0231213677765859,Capital Goods,1.0,0.8062059814453125
2023-08-25,2321.314453125,2388.8266273115173,2310.2869010457202,2385.134208854977,162743,2366.182958984375,2255.039721679688,2185.6945231119794,2139.0210205078124,2111.7056298828124,2102.4154663085938,0.2369941740923825,-0.0256974108304619,0.0274929385995341,0.0290835970523644,-0.0047505636577733,Capital Goods,1.0,0.8062
2023-08-25,2321.314453125,2388.8266273115173,2310.2869010457202,2385.134208854977,162743,2366.182958984375,2255.039721679688,2185.6945231119794,2139.0210205078124,2111.7056298828124,2102.4154663085938,0.2369941740923825,-0.0256974108304619,0.0274929385995341,0.0290835970523644,-0.0047505636577733,Capital Goods,1.0,0.8062
2023-08-28,2335.3857421875,2357.191356640106,2311.684093279709,2335.186198083311,103275,2361.302880859375,2280.0037841796875,2209.738802083333,2155.756726074219,2123.1704345703124,2113.0000569661456,0.2630109932064673,0.0060617763541501,-8.54437451528467e-05,0.0093370504318404,-0.0101489225011668,Capital Goods,1.0,0.6531
2023-08-29,2313.8798828125,2356.842046544877,2285.3380093431747,2356.842046544877,111989,2344.66689453125,2301.854248046875,2230.2203694661457,2170.0007080078126,2135.57927734375,2120.629052734375,0.2232481789563197,-0.0092086968702891,0.0185671538317524,0.0185671538317524,-0.0123350713584289,Capital Goods,1.0,0.57655
2023-08-30,2247.7646484375,2343.6688569693883,2230.4498729950683,2320.2666464042654,227314,2320.17685546875,2310.58642578125,2244.9237141927083,2182.2856506347657,2145.942939453125,2126.8043212890625,0.1010057826996903,-0.0285733217467786,0.0322551553683185,0.0426664813856534,-0.0077031087104549,Capital Goods,1.0,0.5382750000000001
2023-08-31,2367.37060546875,2395.0641117725945,2232.5457894333113,2247.7647433480365,594305,2317.14306640625,2324.947119140625,2262.2151041666666,2201.147180175781,2160.7622509765624,2137.598742675781,0.3221487451694116,0.0532110677665441,-0.0505226608138233,0.0116980020956038,-0.0569512925960922,Capital Goods,1.0,0.5191375
2023-09-01,2464.77197265625,2479.940979415302,2369.6659378759095,2384.136418439902,551556,2345.8345703125,2356.0087646484376,2285.3046712239584,2225.7295349121096,2180.38373046875,2150.727119954427,0.502236990128792,0.041143269652203,-0.0327152187345947,0.0061543245895905,-0.0385861393408518,Capital Goods,1.0,0.50956875
2023-09-04,2406.1416015625,2472.705764100246,2397.109976942303,2464.971541651744,267154,2359.9857421875,2360.6443115234374,2306.6644368489583,2247.300537109375,2196.602529296875,2162.63965250651,0.3938335771534383,-0.0237873408754177,0.0244499077074435,0.0276642748267685,-0.0037535715330851,Capital Goods,1.0,0.5047843750000001
2023-09-05,2388.17822265625,2438.475519722932,2347.2616913965485,2417.2687809602817,197364,2374.84541015625,2359.75615234375,2326.184635416667,2266.376629638672,2210.9696484375,2175.456966145833,0.3606205589568921,-0.0074656366419104,0.0121810667344901,0.0210609478763015,-0.0171329471442009,Capital Goods,1.0,0.5023921875
2023-09-06,2245.768798828125,2426.4003161245873,2237.485647372551,2390.0742736423435,631087,2374.446240234375,2347.3115478515624,2331.8730305989584,2277.304345703125,2220.717768554688,2184.026822916667,0.0973155978107728,-0.0596309866981913,0.0642566033019602,0.0804319293200255,-0.0036883366889309,Capital Goods,1.0,0.50119609375
2023-09-07,2184.992431640625,2265.3784879482987,2170.5718992456164,2265.0291030588055,413921,2337.97060546875,2327.5568359375,2329.28828125,2281.153979492188,2228.511865234375,2190.2969767252603,-0.0150556102928478,-0.0270626109059908,0.0366301824478558,0.0367900845529771,-0.0065998088534251,Capital Goods,1.0,0.500598046875
2023-09-08,2151.361083984375,2241.427342979894,2146.1717194524067,2208.095439878318,400770,2275.288427734375,2310.5614990234376,2329.101985677083,2282.8006103515627,2235.6413134765626,2196.201180013021,-0.0772375955146128,-0.0153919744385556,0.0263713777832539,0.041864780238896,-0.0024121308926707,Capital Goods,1.0,0.5002990234375
2023-09-11,2246.7666015625,2268.3224802008644,2166.7796317798325,2169.673873891495,391482,2243.413427734375,2301.699584960937,2321.567350260417,2290.8516845703125,2246.523115234375,2204.404345703125,0.09916046455585,0.0443465851866352,-0.0343127441975464,0.0095941779726356,-0.0356009252260742,Capital Goods,1.0,0.50014951171875
2023-09-12,2137.838623046875,2291.275601753577,2110.69404855073,2291.275601753577,365688,2193.3455078125,2284.095458984375,2304.2859375,2292.974853515625,2251.770405273437,2208.032291666667,-0.1022396702090908,-0.0484821068818949,0.0717720117190239,0.0717720117190239,-0.0126972046456239,Capital Goods,1.0,0.500074755859375
2023-09-13,2041.984375,2170.971119888688,1981.9568068628316,2145.5230339999657,643988,2152.588623046875,2263.517431640625,2282.40390625,2287.0519287109373,2252.361201171875,2209.362910970052,-0.2794674012062608,-0.0448369895713935,0.0507049222646307,0.0631673515565895,-0.0293966833792096,Capital Goods,1.0,0.5000373779296875
2023-09-14,2094.37744140625,2130.653537023314,2074.71759567157,2074.767542609588,321392,2134.465625,2236.218115234375,2263.1930989583334,2280.5826171875,2251.81630859375,2212.83749186198,-0.1825963238323826,0.025657917390406,-0.0093631159355379,0.017320705857444,-0.0093869640428706,Capital Goods,1.0,0.5000186889648437
2023-09-15,2068.5302734375,2128.0090365791157,2023.8713759649015,2116.6820455727593,1657875,2117.899462890625,2196.5939453125,2246.3408203125,2276.3013549804687,2249.820380859375,2216.0176717122395,-0.230385910889225,-0.0123412177087789,0.0232782535279216,0.0287541177933903,-0.0215896755518032,Capital Goods,1.0,0.5000093444824218
2023-09-18,2069.87744140625,2110.6940757204334,2032.9526478106277,2077.9608044462657,211076,2082.521630859375,2162.967529296875,2228.640266927084,2261.8059204101564,2249.185673828125,2219.1895345052085,-0.2278950925140511,0.0006512681907774,0.0039052375171177,0.0197193483525541,-0.0178391207406637,Capital Goods,1.0,0.5000046722412109
2023-09-20,2070.0771484375,2145.6229881761933,2046.8245343020335,2069.8776043301104,256130,2068.9693359375,2131.157421875,2212.386751302083,2245.456787109375,2248.17375,2221.3035603841145,-0.2275258483257778,9.648253913735174e-05,-9.639452690934912e-05,0.0364942146217668,-0.0112327282840727,Capital Goods,1.0,0.5000023361206054
2023-09-21,2091.134033203125,2115.6840493463756,2060.7960197642765,2077.5618666198916,147824,2078.799267578125,2115.6939453125,2201.9447102864583,2231.5027465820312,2245.401396484375,2223.434212239584,-0.1885931564011004,0.010172028990088,-0.0064903379543032,0.0117400490611525,-0.0145079239097734,Capital Goods,1.0,0.5000011680603027
2023-09-22,2067.78173828125,2099.2176093024177,2048.371384109597,2095.774681681199,143240,2073.480126953125,2103.9728759765626,2181.972119140625,2215.764855957031,2239.162119140625,2222.093611653646,-0.2317698994971052,-0.0111672874866393,0.0135376683533423,0.0152027027027026,-0.0093870420713683,Capital Goods,1.0,0.5000005840301514
2023-09-25,2061.095458984375,2092.2818394474984,2055.8062001291096,2065.7858418773094,102256,2071.9931640625,2094.9463134765624,2155.0603515625,2202.75390625,2235.439716796875,2220.182511393229,-0.2441323574240509,-0.0032335517685888,0.002275674749798,0.0151309733506912,-0.0025662367224231,Capital Goods,1.0,0.5000002920150757
2023-09-26,2100.365234375,2105.654493309081,2046.8245530555366,2061.0954896968333,127666,2078.09072265625,2080.3061767578124,2134.675260416667,2191.002880859375,2225.062880859375,2220.6698486328123,-0.1715253177668672,0.0190528659016965,-0.0186966266797175,0.0025182567524522,-0.0254911290870777,Capital Goods,1.0,0.5000001460075378
2023-09-27,2076.763427734375,2110.1452803308434,2055.8061802656475,2108.6982810200548,121647,2079.427978515625,2074.1986572265623,2113.914274088542,2179.1470581054687,2212.251025390625,2220.049454752604,-0.2151633903988321,-0.011237001191199,0.0153772224891877,0.0160739794194497,-0.0100913022585295,Capital Goods,1.0,0.5000000730037689
2023-09-28,2094.477294921875,2109.4967043598613,2078.9589034005244,2093.7288217968285,71256,2080.096630859375,2079.44794921875,2103.828173828125,2171.4826904296874,2201.2215234375,2217.8506022135416,-0.182411701738246,0.0085295546671027,-0.0003573555687909,0.0071709583457415,-0.0074091953916022,Capital Goods,1.0,0.5000000365018844
2023-09-29,2096.922119140625,2110.444581430463,2083.749041743377,2104.6563409191267,60426,2085.92470703125,2079.7024169921874,2097.956819661458,2157.960266113281,2189.796826171875,2213.622550455729,-0.1778913945238583,0.0011672717697525,0.0036883686370152,0.0064487193713136,-0.0062821014080612,Capital Goods,1.0,0.5000000182509422
2023-10-03,2120.97314453125,2127.659455253848,2086.6430334010447,2098.668549501153,84206,2097.900244140625,2084.9467041015623,2095.93095703125,2140.7703247070312,2181.783173828125,2212.5164713541667,-0.1334227481676601,0.0114696798565326,-0.010516208131917,0.0031524730710703,-0.0161860187710167,Capital Goods,1.0,0.500000009125471
2023-10-04,2078.509765625,2131.601407944777,2058.051501217216,2107.1512870671813,115964,2093.529150390625,2085.809936523437,2084.713834635417,2124.388732910156,2171.508134765625,2203.140592447917,-0.2119345350458747,-0.0200207055972105,0.0137798349162765,0.0255431286385188,-0.009842755971672,Capital Goods,1.0,0.5000000045627355
2023-10-05,2089.137939453125,2105.7042408910256,2076.7632821299644,2103.80820656756,43856,2096.004052734375,2087.716015625,2081.467122395833,2109.43671875,2162.51845703125,2192.876529947917,-0.192283792688781,0.0051133624695427,0.0070221629876077,0.0079297307875405,-0.0059233318630936,Capital Goods,1.0,0.5000000022813678
2023-10-06,2088.739013671875,2102.660565153725,2083.7491928078716,2090.784888954836,40001,2094.856396484375,2087.476513671875,2084.584098307292,2101.5852294921874,2156.157431640625,2183.494002278646,-0.1930213782678013,-0.0001909523414975,0.0009794786565338,0.0066650507271259,-0.0023889154323936,Capital Goods,1.0,0.5000000011406839
2023-10-09,2052.61279296875,2075.7155664900906,2027.4141971927577,2047.8225161321184,65113,2085.99453125,2085.959619140625,2081.7997884114584,2094.9662475585938,2143.567119140625,2172.496443684896,-0.2598162074504038,-0.017295708303747,-0.0023337459714958,0.0112553003666737,-0.0122763513227192,Capital Goods,1.0,0.500000000570342
2023-10-10,2063.490478515625,2090.7848961936634,2050.0679090737026,2065.735897912201,32389,2074.497998046875,2086.19912109375,2081.463802083333,2090.572717285156,2127.515859375,2163.902311197917,-0.23970413555735,0.0052994337676042,0.0010881656203187,0.0132273048808408,-0.0065047886489778,Capital Goods,1.0,0.500000000285171
2023-10-11,2086.443603515625,2093.678843616439,2062.642304680482,2080.7053096425657,43950,2076.084765625,2084.8069580078127,2082.568212890625,2082.5565673828123,2114.727939453125,2155.604239908854,-0.1972654294391287,0.011123446043963,-0.0027502750917351,0.0034677381591443,-0.0114075927070533,Capital Goods,1.0,0.5000000001425855
2023-10-12,2058.45068359375,2087.741029238642,2054.109685670352,2085.6951539755355,46030,2069.947314453125,2082.97568359375,2081.793115234375,2078.5871704101564,2101.538837890625,2147.0899332682293,-0.249022360225475,-0.0134165715645068,0.0132354253608935,0.014229316193165,-0.0021088666140979,Capital Goods,1.0,0.5000000000712927
2023-10-13,2023.52197265625,2054.7581765249465,2018.432380007668,2045.8264463780129,89647,2056.90390625,2075.8801513671874,2077.28564453125,2077.664050292969,2092.64896484375,2139.6151774088544,-0.3136030784747271,-0.0169684468109382,0.0110226002105053,0.015436552847357,-0.0025152149160511,Capital Goods,1.0,0.5000000000356464
2023-10-16,1990.5892333984375,2019.8794570902035,1970.5800032889588,2001.5168922068422,155320,2044.499194335937,2065.246862792969,2072.1394775390627,2072.474639892578,2084.872836914062,2127.055798339844,-0.3744933861356802,-0.0162749600463108,0.0054896603603891,0.0147143484955758,-0.0100519131590588,Capital Goods,1.0,0.5
2023-10-16,1990.5892333984375,2019.8794570902035,1970.5800032889588,2001.5168922068422,155320,2044.499194335937,2065.246862792969,2072.1394775390627,2072.474639892578,2084.872836914062,2127.055798339844,-0.3744933861356802,-0.0162749600463108,0.0054896603603891,0.0147143484955758,-0.0100519131590588,Capital Goods,1.0,0.5
2023-10-17,2086.942626953125,2125.663685540517,2051.914230715587,2062.243013705647,368211,2049.1896240234373,2061.843811035156,2073.8626220703127,2073.39525756836,2082.2960986328126,2114.4614868164062,-0.1963427703672085,0.0484044583071455,-0.0118353101462777,0.0185539641039023,-0.0167845516139935,Capital Goods,1.0,0.63935
2023-10-18,2076.314453125,2123.468261304435,2060.7960611753224,2110.6942708890106,94606,2047.1637939453128,2061.6242797851564,2072.259236653646,2073.717108154297,2075.4780126953124,2103.467248535156,-0.2159935127243023,-0.0050927005327606,0.016558097793071,0.022710340482611,-0.0074740085377343,Capital Goods,1.0,0.709025
2023-10-19,2054.15966796875,2086.7431009979596,2040.8367487043652,2086.7431009979596,55151,2046.3055908203123,2058.1264526367186,2070.752319335937,2072.9212341308594,2072.130854492188,2092.33329671224,-0.2569561448869566,-0.0106702455993144,0.0158621715425995,0.0158621715425995,-0.0064858245793323,Capital Goods,1.0,0.7438625
2023-10-20,2026.865234375,2080.755299690731,2015.1391553479657,2062.7419976481424,45634,2046.9742431640625,2051.939074707031,2066.2448486328126,2069.707794189453,2071.526088867188,2085.036511230469,-0.3074216238118727,-0.0132873963106967,0.0177006160373585,0.0265878877400296,-0.0057853274249138,Capital Goods,1.0,0.7612812499999999
2023-10-23,1945.08203125,2025.8671786348243,1908.1074116008788,2025.8671786348243,93956,2037.872802734375,2041.185998535156,2056.122176106771,2063.5728088378905,2065.5542724609377,2077.0394978841146,-0.4586329870937209,-0.040349600821003,0.0415330284722788,0.0415330284722788,-0.0190092854980309,Capital Goods,1.0,0.7699906249999999
2023-10-25,1822.531982421875,1950.0718462654536,1806.3150653982718,1945.0820256428065,264194,1984.990673828125,2017.0901489257808,2036.2260986328124,2051.644635009766,2055.7143408203124,2066.078527832032,-0.6852193672485133,-0.0630050799191068,0.0672416420687886,0.0699794928559207,-0.0088980150581793,Capital Goods,1.0,0.7743453124999999
2023-10-26,1831.4139404296875,1890.842632670065,1731.4678061048658,1822.282544061951,261383,1936.0105712890625,1991.587182617188,2019.753043619792,2038.1970703125,2046.17580078125,2052.233439127604,-0.6687972545449953,0.0048734168143429,-0.0049859816866928,0.0324496231728117,-0.0545732082291414,Capital Goods,1.0,0.7765226562499999
2023-10-27,1921.1309814453125,1933.0066576557408,1849.127841943423,1871.0830537663703,135598,1909.404833984375,1977.855212402344,2008.552579752604,2030.4154479980468,2040.2179541015623,2045.009851074219,-0.502916785656401,0.0489878552494667,-0.0260512834170681,0.0061816067332869,-0.0374795577174649,Capital Goods,1.0,0.7776113281249999
2023-10-30,1888.7469482421875,1934.3539835291363,1866.2927546018793,1933.7052824596124,68118,1881.7811767578123,1964.3777099609367,1995.219775390625,2020.1289306640624,2032.122470703125,2039.9019368489585,-0.5627925745971287,-0.01685675444095,0.0238032597533865,0.0241467155403714,-0.0118884076351285,Capital Goods,1.0,0.7781556640624999
2023-10-31,1863.5982666015625,1924.5738514268219,1850.325294759556,1897.1298374707742,78540,1865.484423828125,1951.67861328125,1982.618806966146,2008.4627380371087,2023.9551318359368,2032.209297688802,-0.6092907097925409,-0.0133150084843447,0.0179929180393365,0.0327192753492167,-0.0071222280466115,Capital Goods,1.0,0.7784278320312499
2023-11-01,1851.1236572265625,1891.0920468517645,1836.2539675812475,1875.1246210467102,57981,1871.2027587890625,1928.0967163085936,1968.4610188802085,1994.970263671875,2015.556259765625,2024.9624104817708,-0.6323553809954917,-0.0066938296727161,0.0129656188696258,0.0215914206861169,-0.0080327911035362,Capital Goods,1.0,0.7785639160156249
2023-11-02,1857.26123046875,1894.3355011914496,1841.2438571292328,1876.172602386427,64237,1876.372216796875,1906.1913940429688,1953.1821940104169,1983.9078369140625,2005.832099609375,2017.8752034505208,-0.6210074417887713,0.0033155933252903,0.0101823973964632,0.0199617964960925,-0.0086241897891092,Capital Goods,1.0,0.7786319580078125
2023-11-03,1914.2947998046875,1934.852958923989,1870.1848327346486,1870.1848327346486,121336,1875.00498046875,1892.2049072265625,1943.5718017578124,1975.1656799316409,1999.333354492188,2012.6824584960937,-0.5155564024239332,0.0307084261493699,-0.0230424107480934,0.0107392858829262,-0.0230424107480934,Capital Goods,1.0,0.7786659790039062
2023-11-06,1952.8162841796875,2027.2144379635881,1933.6054744227215,1995.928286438031,427944,1887.81884765625,1884.8000122070312,1938.8580891927083,1968.369543457032,1993.6669140625,2008.071866861979,-0.4443328999758666,0.0201230679720439,0.0220768346759527,0.0380978765829744,-0.009837489533756,Capital Goods,1.0,0.7787
2023-11-06,1952.8162841796875,2027.2144379635881,1933.6054744227215,1995.928286438031,427944,1887.81884765625,1884.8000122070312,1938.8580891927083,1968.369543457032,1993.6669140625,2008.071866861979,-0.4443328999758666,0.0201230679720439,0.0220768346759527,0.0380978765829744,-0.009837489533756,Capital Goods,1.0,0.7787
2023-11-07,1951.369140625,1974.7215256719735,1946.1298289333877,1958.6543275153876,81191,1905.3730224609376,1885.4287231445312,1936.2434163411456,1963.307360839844,1987.844794921875,2004.191446940104,-0.4470085661445587,-0.0007410546329479,0.0037333719892969,0.0119671796385454,-0.0026849413483777,Capital Goods,1.0,0.7189
2023-11-08,1953.6146240234375,1988.8926328734776,1946.8285407980459,1969.6319975920749,76874,1925.8712158203125,1898.5369873046875,1927.3548828125,1957.8135681152344,1981.1504541015624,2000.6087524414063,-0.4428568260202997,0.0011507219990771,0.0081988399204597,0.0180578136630578,-0.0034736038223422,Capital Goods,1.0,0.6890000000000001
2023-11-09,1879.7154541015625,1964.9914433803874,1871.1828117512578,1957.0077300502487,149861,1930.362060546875,1903.367138671875,1914.248282877604,1947.4771606445315,1973.198681640625,1993.253759765625,-0.5794911690430886,-0.0378268922709438,0.0411191362926943,0.0453664351658926,-0.0045393265941855,Capital Goods,1.0,0.67405
2023-11-10,1828.8690185546875,1887.050375371465,1811.3048744396312,1879.166434473733,198305,1913.276904296875,1894.1409423828125,1899.22890625,1935.998077392578,1962.787924804688,1984.9906127929687,-0.6735026352522827,-0.0270500704965357,0.0275019235433242,0.0318127521580287,-0.0096038283424675,Capital Goods,1.0,0.666575
2023-11-13,1864.696044921875,1901.171683932582,1854.2174211746556,1901.171683932582,83680,1895.6528564453124,1891.7358520507807,1888.417626953125,1928.05678100586,1953.826206054688,1977.3312377929688,-0.6072609952539454,0.0195897169254366,0.019561171435978,0.019561171435978,-0.0056194808670055,Capital Goods,1.0,0.6628375
2023-11-15,1852.470947265625,1894.1359503893098,1846.2336713489058,1873.6776853824706,118424,1875.873217773437,1890.623120117188,1882.2435546875,1921.1508666992188,1945.8205322265624,1969.182865397136,-0.6298643369209364,-0.0065560806489307,0.0114478114478113,0.0224915824915825,-0.0033670033670033,Capital Goods,1.0,0.66096875
2023-11-16,1847.5311279296875,1866.4425003379301,1841.243904891582,1852.4710018726282,68795,1854.656518554688,1890.2638671875,1883.9101643880208,1909.1802917480468,1937.182158203125,1960.0681315104168,-0.638997713795543,-0.0026666109626329,0.0026737703458756,0.0102360236979792,-0.0034030403834932,Capital Goods,1.0,0.660034375
2023-11-17,1824.078857421875,1855.2652360035913,1819.5380719716604,1846.2336120376096,102230,1843.52919921875,1886.9456298828125,1883.4211588541664,1896.5685119628904,1926.687568359375,1951.5871012369792,-0.6823593046850661,-0.0126938432339663,0.0121457219492406,0.0170970561140073,-0.0024893580843496,Capital Goods,1.0,0.6595671875
2023-11-20,1837.00244140625,1856.1134785387353,1825.0268720476327,1825.0268720476327,59169,1845.1558837890625,1879.216394042969,1877.812589518229,1885.7106506347657,1917.829638671875,1943.1825846354168,-0.658464511156645,0.0070849919299218,-0.0065190818959662,0.0104033814554189,-0.0065190818959662,Capital Goods,1.0,0.65933359375
2023-11-21,1841.443359375,1858.1094333976944,1836.2539946406025,1855.614523078889,75914,1840.505346679688,1868.0791015625,1874.659016927084,1876.4395568847656,1910.546494140625,1934.9393961588544,-0.6502535676545768,0.0024174807113214,0.0076956826457583,0.0090505493627297,-0.0028180963090598,Capital Goods,1.0,0.659216796875
2023-11-22,1835.45556640625,1854.2173406485258,1822.082944614658,1853.0696575426464,52813,1837.1022705078128,1856.487744140625,1872.7828369140625,1870.958233642578,1904.3411474609368,1927.700821940104,-0.6613245737200921,-0.0032516845757245,0.0095965772524169,0.0102218624006305,-0.0072857235208233,Capital Goods,1.0,0.6591583984375
2023-11-23,1848.6287841796875,1863.199036155916,1834.5575142699174,1841.4933162649727,47311,1837.3218017578124,1845.98916015625,1872.6165120442708,1872.2630737304687,1894.80859375,1920.53876546224,-0.6369682249563293,0.0071770834524913,-0.0038598706110059,0.0078816537429897,-0.0076117336428979,Capital Goods,1.0,0.6591
2023-11-23,1848.6287841796875,1863.199036155916,1834.5575142699174,1841.4933162649727,47311,1837.3218017578124,1845.98916015625,1872.6165120442708,1872.2630737304687,1894.80859375,1920.53876546224,-0.6369682249563293,0.0071770834524913,-0.0038598706110059,0.0078816537429897,-0.0076117336428979,Capital Goods,1.0,0.6591
2023-11-24,1975.6197509765625,1985.9486555493572,1851.5727585871484,1856.1135441916201,651391,1867.62998046875,1855.57958984375,1880.507080078125,1879.4733642578128,1890.7808056640624,1916.844637044271,-0.4021709012994687,0.0686946821793787,-0.0604904899973133,0.0052281845065018,-0.0627889007123444,Capital Goods,1.0,0.703025
2023-11-28,1935.50146484375,2019.8793799637388,1929.9628370678536,2002.5647268368073,253130,1887.32978515625,1866.2428344726563,1881.920857747396,1880.1918884277345,1886.0344775390624,1912.746329752604,-0.4763467773580508,-0.0203066840736846,0.0346490370641343,0.0435948598606721,-0.0028615983384665,Capital Goods,1.0,0.7249875
2023-11-29,1967.7857666015625,2013.7918897135894,1943.086153802418,1945.1818541604105,125111,1912.5982666015625,1876.551806640625,1882.9188232421875,1884.1438293457031,1883.671298828125,1910.888456217448,-0.4166553848120781,0.0166800709502014,-0.0114869783209123,0.0233796401482673,-0.0125519826489046,Capital Goods,1.0,0.7359687500000001
2023-11-30,2008.6024169921875,2012.8937116108054,1965.9893960700479,1973.973109353581,185308,1947.22763671875,1892.164953613281,1886.734375,1891.3940368652345,1886.2121142578128,1911.488895670573,-0.3411882825914473,0.020742425869416,-0.017240498839219,0.0021364579581877,-0.0212152592079178,Capital Goods,1.0,0.741459375
2023-12-01,2048.3212890625,2082.302014961777,2017.8833844016442,2020.8772766633676,211808,1987.1661376953125,1912.2439697265625,1893.0481526692708,1901.2539184570312,1895.2436865234367,1910.2015177408853,-0.2677508949094118,0.0197743822940281,-0.0133982947624848,0.0165895487591352,-0.0148599269183922,Capital Goods,1.0,0.7442046875
2023-12-04,2083.399658203125,2106.9017615127364,2046.8743182890278,2090.5352477121346,196054,2008.722119140625,1938.176049804688,1906.627099609375,1912.56083984375,1905.323115234375,1910.4376912434896,-0.2028934692183363,0.0171254233053839,0.0034249739270686,0.0112806504585305,-0.0175316050236848,Capital Goods,1.0,0.74557734375
2023-12-05,2045.527099609375,2093.678870555032,2020.9273804075292,2085.7451041745703,135025,2030.72724609375,1959.028515625,1921.0709716796875,1919.1224548339844,1910.2989599609373,1910.149938964844,-0.2729171537538962,-0.0181782494033881,0.0196614381559039,0.0235400308091016,-0.0120261028106366,Capital Goods,1.0,0.746263671875
2023-12-06,2038.790771484375,2053.8101803757036,2002.9140097249938,2045.527029364616,106266,2044.9282470703124,1978.7632568359368,1932.6772867838545,1923.4211791992188,1916.300712890625,1910.5474568684897,-0.2853721484272918,-0.0032931991594178,0.0033040456992732,0.0073668220895435,-0.0175970787494101,Capital Goods,1.0,0.7466068359375
2023-12-07,2018.3824462890625,2055.2571720426104,2011.6461884337098,2037.842746760082,72967,2046.884252929688,1997.0559448242188,1943.7380533854168,1926.7718444824216,1922.492080078125,1912.9908040364585,-0.3231056995376072,-0.0100100145050459,0.0096415327564896,0.0182694443371447,-0.003337453646477,Capital Goods,1.0,0.74677841796875
2023-12-08,1997.0260009765625,2044.1299811188073,1979.0128214798613,2017.883475708032,82156,2036.6251953125,2011.8956665039063,1953.7043782552084,1928.942413330078,1928.328173828125,1918.8072713216145,-0.3625922577446946,-0.0105809705944308,0.0104442679871319,0.0235870640238087,-0.0090200024876454,Capital Goods,1.0,0.746864208984375
2023-12-11,2025.967041015625,2085.7451192769654,2004.560758257028,2004.560758257028,228686,2025.138671875,2016.9303955078128,1967.163590494792,1936.2549926757813,1935.07640625,1925.292374674479,-0.3090823198615763,0.0144920697201288,-0.0105659580463194,0.0295059480490726,-0.0105659580463194,Capital Goods,1.0,0.7469071044921876
2023-12-12,2025.2684326171875,2064.787787856067,2010.3987426950446,2028.8610791258504,96208,2021.0869384765624,2025.9070922851563,1979.7146565755208,1946.0749633789064,1939.5153515625,1928.763623046875,-0.3103739974223882,-0.0003448271291162,0.0017739112755636,0.0195131443330749,-0.0073420834901017,Capital Goods,1.0,0.7469285522460938
2023-12-13,2017.9832763671875,2034.6493507075902,1998.9721324685552,2025.817270553218,50993,2016.925439453125,2030.926843261719,1991.483984375,1953.739324951172,1942.12203125,1933.0715006510416,-0.3238437365153907,-0.0035971311914369,0.0038820907377059,0.008258777233479,-0.0094208629582186,Capital Goods,1.0,0.7469392761230469
2023-12-14,1997.0260009765625,2035.497567009209,1985.9486234713074,2022.3743143038214,98317,2012.654150390625,2029.7692016601563,2002.255346679688,1960.9670776367188,1943.9483056640624,1937.519091796875,-0.3625922577446946,-0.0103852572199471,0.0126930311948183,0.0192644292131567,-0.0055469370453054,Capital Goods,1.0,0.7469446380615234
2023-12-15,1998.123779296875,2031.356034335279,1988.5433477881718,2001.2175656299885,131010,2012.8737060546875,2024.7494506835933,2012.2216796875,1968.4967102050784,1945.728671875,1942.4190958658853,-0.3605625432060992,0.0005497065735627,0.0015483456856721,0.0166317299172016,-0.0047947137249297,Capital Goods,1.0,0.7469473190307617
2023-12-18,1997.0260009765625,2020.8773681052248,1992.1858992987927,1999.3213672097945,51892,2007.085498046875,2016.1120849609367,2013.6487630208333,1977.1440673828124,1950.42109375,1947.0779215494792,-0.3625922577446946,-0.0005494045622633,0.0011493922623488,0.0119434434589227,-0.0024236548124074,Capital Goods,1.0,0.7469486595153809
2023-12-19,1978.962890625,2032.8030072766244,1973.9730699224658,2000.9181017161497,128653,1997.824389648437,2009.4556640625,2016.54619140625,1984.24208984375,1956.4248486328124,1949.233524576823,-0.3959896723359959,-0.0090450050939394,0.0110943015632878,0.0272062285284291,-0.0025214321734745,Capital Goods,1.0,0.7469493297576905
2023-12-20,1926.1207275390625,2004.9099472707874,1907.6583910410488,1978.9628797600653,99808,1979.4518798828128,1998.1886596679688,2013.7685221354168,1988.4759582519528,1958.8818359375,1948.343672688802,-0.4936910977347258,-0.0267019474373512,0.0274344964287454,0.0409056496849973,-0.0095852436631022,Capital Goods,1.0,0.7469496648788452
2023-12-21,1938.3458251953125,1956.0097419937829,1897.3793479416734,1911.101355060252,91390,1967.7158447265624,1990.1849975585933,2009.0847493489584,1993.6204711914063,1962.316831054688,1947.909562174479,-0.471087756067735,0.0063470048795277,-0.0140555259958915,0.009112882009427,-0.0211347617752942,Capital Goods,1.0,0.7469498324394226
2023-12-22,1958.8538818359375,1993.7826266289733,1936.1003726066936,1950.7703966910508,75188,1959.861865234375,1986.3677856445315,2003.120255533854,1999.1317260742187,1966.7697412109376,1948.0842041015624,-0.4331698085626645,0.0105801845955731,-0.004126640184775,0.0178312150369779,-0.0116157256241686,Capital Goods,1.0,0.7469499162197113
2023-12-26,1921.530029296875,1973.973094255693,1916.1411203291448,1958.8539129762812,102068,1944.7626708984376,1975.924084472656,1992.328946940104,1996.4272399902345,1970.6677880859368,1949.47802327474,-0.5021789743779991,-0.0190539237689748,0.0194240439183059,0.0272923473269932,-0.0028044885510856,Capital Goods,1.0,0.7469499581098556
2023-12-27,1879.066650390625,1938.9444970960135,1874.6755839345383,1928.0167169792055,201347,1924.7834228515624,1961.30390625,1981.231583658854,1993.605499267578,1972.3503564453124,1951.151277669271,-0.5806907612562138,-0.0220987329153467,0.0260502024121414,0.0318657386064198,-0.0023368337973397,Capital Goods,1.0,0.7469499790549279
2023-12-28,1877.9190673828125,1898.2775607120236,1870.184845104499,1898.2775607120236,103122,1915.1430908203124,1947.2974853515625,1970.5068033854168,1989.1121643066408,1973.809384765625,1951.592045084636,-0.5828125611424959,-0.0006107196929783,0.0108409854731301,0.0108409854731301,-0.0041185067091802,Capital Goods,1.0,0.74695
2023-12-29,1857.4107666015625,1899.5249254494934,1851.2234378023145,1879.1164861553093,130340,1898.9560791015624,1933.3359619140624,1959.7753580729168,1981.5525817871087,1974.6875927734368,1951.7567057291667,-0.6207309600463295,-0.0109207585872333,0.0116860093330142,0.0226735838971072,-0.0033311580348857,Capital Goods,1.0,0.72395
2024-01-01,1837.1522216796875,1865.6440249695495,1826.2743881183394,1858.2092408067476,404794,1874.6157470703124,1917.238806152344,1949.117106119792,1970.9941284179688,1974.2285302734367,1951.4107421875,-0.6581875780154399,-0.010906873851572,0.0114617715824374,0.0155086785698206,-0.005921030077411,Capital Goods,1.0,0.71245
2024-01-02,1894.934326171875,1922.877321626061,1845.8843651441864,1845.8843651441864,363749,1869.2966064453128,1907.029638671875,1940.381591796875,1961.5708618164065,1971.00111328125,1953.7725911458333,-0.5513525500427217,0.0314519960895553,-0.02588478151999,0.0147461550874092,-0.02588478151999,Capital Goods,1.0,0.7067
2024-01-03,1852.1715087890625,1912.8977245551582,1845.7346887734773,1907.5086938002198,151537,1863.917578125,1894.350500488281,1928.841796875,1951.9030822753907,1967.6679150390623,1954.2782267252603,-0.6304179775039647,-0.0225669126323767,0.0298769227085975,0.0327864970808227,-0.0034752829233366,Capital Goods,1.0,0.7038249999999999
2024-01-04,1875.47412109375,1887.4995162984405,1862.2510957870736,1870.8335633198774,213136,1863.4285888671875,1889.28583984375,1919.3411865234373,1943.73724975586,1963.97544921875,1955.4125854492188,-0.5873330940562651,0.0125812389371665,-0.0024743384734983,0.0064119227609908,-0.0070504973424879,Capital Goods,1.0,0.7023874999999999
2024-01-05,1899.5748291015625,1918.8355860927122,1873.1787258333227,1896.1319014828518,116200,1871.861401367188,1885.408740234375,1912.8444417317708,1937.7968688964845,1959.614345703125,1957.549894205729,-0.5427725880517617,0.0128504615109044,-0.0018124727523047,0.0101395094818452,-0.0138957954505662,Capital Goods,1.0,0.70166875
2024-01-08,1974.52197265625,1991.387468948974,1886.4516384283536,1899.6247161790498,464287,1899.3353515625,1886.9755493164064,1911.2709879557287,1936.6716674804688,1956.662373046875,1961.7463338216144,-0.4042006158380641,0.0394546939696685,-0.0379318424987916,0.0085415591856066,-0.0446033700548891,Capital Goods,1.0,0.7013093749999999
2024-01-09,1957.0576171875,2003.7124405349148,1941.0402440796163,1995.9282715471634,146932,1911.760009765625,1890.5283081054688,1908.6064290364584,1933.2261962890625,1951.60869140625,1961.127596028646,-0.4364909749626902,-0.0088448524304117,0.0198617833314098,0.0238392691853717,-0.008184415710204,Capital Goods,1.0,0.7011296874999999
2024-01-10,1974.0728759765625,1997.0260516035992,1930.1126279230768,1960.9496229384845,147756,1936.140283203125,1900.0289306640625,1908.280428059896,1930.666418457032,1948.7505224609367,1962.413309733073,-0.4050309638629159,0.0086943065138343,-0.0066478057612671,0.0116273192881402,-0.0222688070883597,Capital Goods,1.0,0.70095
2024-01-11,1969.1827392578125,1989.9404415391946,1954.9617506460104,1989.9404415391946,71143,1954.882006835937,1909.1552978515624,1911.151228841146,1928.2263916015625,1945.966201171875,1962.459875488281,-0.4140724810892175,-0.0024771814547782,0.0105412777938556,0.0105412777938556,-0.0072217719200413,Capital Goods,1.0,0.6744749999999999
2024-01-12,1979.611572265625,1995.9282614385263,1965.9893375169484,1976.7673988574338,123598,1970.88935546875,1921.3753784179687,1913.902278645833,1927.355670166016,1944.4153662109368,1961.493513997396,-0.3947903058222523,0.0052960209328988,-0.0014367330682635,0.0082423690594146,-0.0068812664764766,Capital Goods,1.0,0.6612374999999999
2024-01-15,1979.611572265625,1979.611572265625,1979.611572265625,1979.611572265625,0,1971.907275390625,1935.6213134765624,1915.2861246744792,1926.4300598144528,1943.7187890625,1959.2031901041669,-0.3947903058222523,0.0,0.0,0.0,0.0,Capital Goods,1.0,0.65461875
2024-01-16,1919.8834228515625,1979.8110951665738,1898.1277563060883,1955.0117111480688,110536,1964.4724365234367,1938.1162231445312,1915.1763509114585,1922.572930908203,1939.4754443359373,1953.7526489257807,-0.5052234333362013,-0.0301716509697429,0.0182970944372919,0.0312142245730742,-0.0113317643595052,Capital Goods,1.0,0.6513093750000001
2024-01-17,1972.1268310546875,1975.9689685736666,1877.8690463041457,1901.1216591579976,207091,1964.0832275390624,1950.1117553710933,1921.3803629557287,1922.2311279296875,1937.349780273437,1951.305973307292,-0.4086290634041465,0.0272117606628057,-0.0360043638059103,0.0019482202962191,-0.0477949913090188,Capital Goods,1.0,0.6496546875
2024-01-18,1929.4139404296875,1978.1146390572592,1896.1318608160384,1967.7357876652757,105851,1956.1294677734368,1955.5057373046875,1924.8133544921875,1922.3957885742188,1933.8070068359373,1947.660078938802,-0.4876021798183213,-0.0216582878709465,0.0198619106209285,0.0252411872885742,-0.0172498388843593,Capital Goods,1.0,0.6488273437500001
2024-01-19,1918.935302734375,1959.8020069451632,1908.4068542574419,1954.6624673120325,57018,1943.994213867188,1957.4417846679687,1928.914990234375,1921.425262451172,1930.68337890625,1944.3451741536453,-0.5069764404329733,-0.0054309951201963,0.0186182225772533,0.021296551349363,-0.0054866094036264,Capital Goods,1.0,0.648413671875
2024-01-23,1856.363037109375,1905.113561449472,1829.1685140347297,1886.1022956722402,95697,1919.3445068359367,1945.625891113281,1930.195711263021,1916.300720214844,1925.01294921875,1939.6564086914063,-0.622668137838475,-0.032607803679383,0.0160201738390426,0.0262613095421295,-0.0146493560424425,Capital Goods,1.0,0.6482068359375
2024-01-24,1862.7998046875,1870.5839735633317,1807.4127959484138,1855.2153017290286,94735,1907.927783203125,1936.200109863281,1928.0534098307287,1913.364208984375,1919.643901367188,1934.2175008138024,-0.6107670094474893,0.0034674077480814,-0.0040715609586097,0.0041787468821092,-0.0297332051462061,Capital Goods,1.0,0.6481034179687499
2024-01-25,1854.3670654296875,1916.0911222696936,1848.3293337375685,1872.7794548290306,99093,1884.375830078125,1924.2295288085936,1928.1997802734368,1912.129229736328,1914.660068359375,1928.5207885742188,-0.626358548426774,-0.0045269165460467,0.0099292042781597,0.0332857814349196,-0.0032559528286919,Capital Goods,1.0,0.6480517089843749
2024-01-29,1865.3447265625,1875.52391222504,1847.2815997031553,1865.145060638221,77080,1871.561987304688,1913.8457275390624,1927.524487304688,1911.5005126953124,1912.2290283203124,1923.4328369140624,-0.6060616287402019,0.0059198965175046,-0.0001070396916108,0.0054569997264251,-0.0096835328087757,Capital Goods,1.0,0.6480258544921875
2024-01-30,1949.7724609375,1963.6441870073133,1871.182784009117,1871.182784009117,193352,1877.7294189453123,1910.86181640625,1930.87099609375,1916.1185974121088,1912.68609375,1921.8577189127604,-0.4499607140556926,0.0452611965888929,-0.0403071017274472,0.0071145358485285,-0.0403071017274472,Capital Goods,1.0,0.6480129272460937
2024-01-31,1901.6207275390625,1957.9557562543632,1876.272413235321,1952.6166723047193,225263,1886.78095703125,1903.0627319335936,1926.010913085937,1919.342022705078,1910.396767578125,1918.6409505208333,-0.5389898664163943,-0.0246960783184335,0.0268170955580884,0.0296247447766333,-0.013329847501476,Capital Goods,1.0,0.6480064636230469
2024-02-01,1938.495361328125,2045.8264514486993,1915.143098315364,2045.8264514486993,477814,1901.920068359375,1904.92392578125,1924.7734293619792,1921.5200744628903,1911.075380859375,1916.6899291992188,-0.4708112743252932,0.0193911610528051,0.0553682470754215,0.0553682470754215,-0.0120465921552483,Capital Goods,1.0,0.6480032318115234
2024-02-02,1911.0513916015625,1965.1909464922478,1901.221469133235,1952.0178685010203,170748,1913.25693359375,1898.8163818359376,1920.5719970703128,1924.464068603516,1912.3547705078124,1914.426212565104,-0.521553234992651,-0.0141573564085083,0.0214366170786886,0.0283297221250096,-0.0051437248163638,Capital Goods,1.0,0.6480016159057618
2024-02-05,1885.7530517578125,1934.4038045419763,1878.2683205602489,1932.0086661943967,133091,1917.3385986328128,1894.45029296875,1915.0100179036456,1924.9780151367188,1912.6681298828123,1913.080623372396,-0.5683280776298865,-0.0132379170727317,0.0245289882434325,0.0257991112562769,-0.0039690940394272,Capital Goods,1.0,0.648000807952881
2024-02-06,1884.5555419921875,1901.121722665226,1864.0972767351602,1901.121722665226,86253,1904.29521484375,1891.0123168945315,1908.67294921875,1924.22705078125,1913.7539208984367,1911.287613932292,-0.5705421885632369,-0.0006350300027401,0.0087904974429811,0.0087904974429811,-0.010855750759885,Capital Goods,1.0,0.6480004039764404
2024-02-07,1885.6531982421875,1914.993367633442,1882.759077939802,1896.131821466079,123639,1901.101708984375,1893.9413330078123,1902.4090576171875,1919.7836120605468,1915.6939599609373,1908.847591145833,-0.5685126997240231,0.0005824483415541,0.005557025668166,0.0155596847917769,-0.0015348104864051,Capital Goods,1.0,0.6480002019882203
2024-02-08,1897.4293212890625,1920.5320943201173,1888.6971348193297,1901.1217399818304,72153,1892.8885009765625,1897.4042846679688,1900.9121175130208,1916.802197265625,1915.793759765625,1908.04423421224,-0.5467394803825025,0.0062451160467114,0.0019460111906879,0.0121758279857082,-0.0046021142246291,Capital Goods,1.0,0.6480001009941101
2024-02-09,1871.781494140625,1908.9556579091848,1849.0279851149583,1908.1074127647305,103426,1885.034521484375,1899.1457275390624,1894.2224283854168,1911.687628173828,1916.578159179688,1907.801395670573,-0.5941605003492163,-0.0135171449395612,0.0194071363232402,0.0198603116255442,-0.0121560711530132,Capital Goods,1.0,0.6480000504970551
2024-02-12,1847.38134765625,1896.1318716768458,1832.2621665256256,1876.122641881222,83399,1877.3601806640625,1897.3493896484367,1888.7535888671875,1905.59755859375,1915.454448242188,1906.783471679688,-0.6392746469367481,-0.013035787863464,0.0155578566717888,0.0263889878949168,-0.0081841148552278,Capital Goods,1.0,0.6480000252485276
2024-02-13,1788.0523681640625,1846.1339563897868,1773.6318345273744,1836.3040336054084,125897,1858.0595458984376,1881.1773803710937,1880.0280598958327,1896.019598388672,1910.9935498046875,1904.471525065104,-0.7489697374729136,-0.0321151772845695,0.026985599695209,0.0324831583570235,-0.0080649392005754,Capital Goods,1.0,0.6480000126242638
2024-02-14,1868.23876953125,1884.1562484309625,1747.4351647259614,1747.4851116604098,122411,1854.57666015625,1877.8391845703125,1880.819775390625,1890.450958251953,1906.742221679688,1905.507743326823,-0.6007107478015808,0.0448456671599173,-0.064635024088028,0.0085200452743554,-0.0646617588583705,Capital Goods,1.0,0.6480000063121318
2024-02-15,1850.874267578125,1888.8966779946913,1847.2316740024694,1873.577952388258,43034,1845.2656494140624,1869.0770751953123,1880.0247395833333,1887.0005004882807,1902.4948876953124,1904.0390747070312,-0.6328164848320702,-0.0092945838809896,0.0122664652093524,0.0205429461539377,-0.0019680394500388,Capital Goods,1.0,0.648000003156066
2024-02-16,2015.039306640625,2033.8009592770852,1901.1216763174043,1901.1216763174043,1536264,1873.9172119140624,1879.4758666992188,1890.736222330729,1889.1461242675784,1904.133544921875,1909.468001302084,-0.3292869285010801,0.0886959432837707,-0.0565337013267193,0.0093108122380694,-0.0565337013267193,Capital Goods,1.0,0.648
2024-02-16,2015.039306640625,2033.8009592770852,1901.1216763174043,1901.1216763174043,1536264,1873.9172119140624,1879.4758666992188,1890.736222330729,1889.1461242675784,1904.133544921875,1909.468001302084,-0.3292869285010801,0.0886959432837707,-0.0565337013267193,0.0093108122380694,-0.0565337013267193,Capital Goods,1.0,0.648
2024-02-19,2054.458740234375,2156.600465475918,2041.8345915611885,2056.804053376153,1055425,1915.3326904296875,1896.346435546875,1903.343823242188,1895.3983642578123,1907.5445849609373,1915.4341552734368,-0.256403181402073,0.0195626127310976,0.0011415722768473,0.0497170973751901,-0.0061447564879041,Capital Goods,1.0,0.6535500000000001
2024-02-20,2032.802978515625,2095.6747184780165,2013.8916070493053,2049.7683686642067,255189,1964.2828125,1911.1711791992188,1908.8791910807288,1901.091748046875,1909.6722412109373,1919.87509358724,-0.2964431544928072,-0.0105408598842337,0.0083458113392622,0.0309285949631483,-0.0093031010216882,Capital Goods,1.0,0.656325
2024-02-21,2056.255126953125,2105.704297939133,2014.0911427882302,2032.8029700803434,274446,2001.886083984375,1928.2313720703123,1919.1881510416667,1911.0863525390623,1912.7379833984376,1922.599532063802,-0.2530817893026658,0.0115368526538784,-0.0114052758168837,0.0240481690904181,-0.0205052299260994,Capital Goods,1.0,0.6577125
2024-02-22,2234.49169921875,2250.4091788280834,2041.2857405546088,2097.6707155452013,1648007,2078.6095703125,1961.9376098632813,1938.921240234375,1929.670947265625,1925.322314453125,1931.8473347981767,0.0764650375411723,0.0866801837618898,-0.0612313680652228,0.0071235349027694,-0.0864652836847379,Capital Goods,1.0,0.6584062500000001
2024-02-23,2357.3408203125,2414.075177311122,2215.480319814258,2260.388704675358,2547512,2147.069873046875,2010.4935424804687,1968.673868815104,1954.8196350097653,1940.7308740234373,1944.6229329427083,0.3036043811808483,0.0549785533491585,-0.0411277464852493,0.024067099890588,-0.0601781886080589,Capital Goods,1.0,0.658753125
2024-02-26,2567.063232421875,2619.655894411436,2345.2157530921427,2345.2157530921427,2464376,2249.590771484375,2082.4617309570312,2014.0945475260417,1989.9055603027343,1966.236845703125,1964.552282714844,0.6913663009157107,0.088965672804823,-0.0864207303224207,0.0204874820866576,-0.0864207303224207,Capital Goods,1.0,0.6591
2024-02-26,2567.063232421875,2619.655894411436,2345.2157530921427,2345.2157530921427,2464376,2249.590771484375,2082.4617309570312,2014.0945475260417,1989.9055603027343,1966.236845703125,1964.552282714844,0.6913663009157107,0.088965672804823,-0.0864207303224207,0.0204874820866576,-0.0864207303224207,Capital Goods,1.0,0.6591
2024-02-27,2544.159912109375,2674.493879243697,2523.9511387959024,2614.6659793233916,2048941,2351.862158203125,2158.0724853515626,2058.0681722005206,2019.624932861328,1991.245830078125,1983.370560709636,0.6490196801451762,-0.0089219930476321,0.0277129070694144,0.0512286851600698,-0.0079432009038761,Capital Goods,1.0,0.6535500000000001
2024-02-28,2485.67919921875,2582.681265581495,2425.0528772865855,2558.7800729888086,703132,2437.74697265625,2219.8165283203125,2098.0699055989585,2048.8278564453126,2016.4184765625,2000.239481608073,0.540892974611646,-0.0229862567255602,0.0294088126066445,0.0390243706401183,-0.0243902439024389,Capital Goods,1.0,0.6507750000000001
2024-02-29,2479.292236328125,2542.5630635006364,2400.103686672174,2482.934707875413,289201,2486.707080078125,2282.6583251953125,2136.8607666015623,2075.8677001953124,2041.078173828125,2018.886442057292,0.5290839315683471,-0.002569504098772,0.001469157807989,0.0255197133461833,-0.031939982102808,Capital Goods,1.0,0.6493875
2024-03-01,2657.528564453125,2694.4032907885535,2466.2688340068075,2489.9704823903926,898910,2546.74462890625,2346.9072509765624,2189.243904622396,2113.1915588378906,2073.2046337890624,2041.7331665039064,0.858630307013422,0.0718900037330698,-0.0630503409460861,0.0138755710206324,-0.0719690215204424,Capital Goods,1.0,0.6486937500000001
2024-03-04,2888.2080078125,3073.729437093953,2793.3015241642775,2794.29948826723,1880574,2610.973583984375,2430.282177734375,2258.6323486328124,2163.314306640625,2114.1191650390624,2073.69296875,1.2851402965788252,0.0868022441771364,-0.0325144585470473,0.0642340955982478,-0.0328599890975663,Capital Goods,1.0,0.6483468750000001
2024-03-05,2664.46435546875,2933.864969525695,2629.735398369751,2924.034925305713,694807,2635.03447265625,2493.448315429688,2317.059814453125,2202.309747314453,2142.7068408203127,2098.543937174479,0.8714540944763278,-0.07746798420977,0.0974194191429884,0.1011087326066144,-0.0130341233605617,Capital Goods,1.0,0.6481734375000001
2024-03-06,2629.03662109375,2793.3016152538594,2563.420479184875,2704.382913323713,410898,2663.70595703125,2550.72646484375,2367.7796712239583,2239.478918457032,2171.8034765625,2124.2997233072915,0.8059507171551556,-0.0132963814292675,0.0286592783171719,0.0624810597319753,-0.0249582456868086,Capital Goods,1.0,0.6480867187500001
2024-03-07,2692.607177734375,2792.004261152602,2659.5744668240764,2792.004261152602,312456,2706.3689453125,2596.5380126953123,2423.895198567708,2279.2378112792967,2201.96794921875,2151.959969075521,0.9234881841032608,0.0241801715999596,0.0369148103890379,0.0369148103890379,-0.0122679279708721,Capital Goods,1.0,0.6480433593750001
2024-03-11,2550.247314453125,2717.3066512306127,2532.832889610641,2714.462356083902,265622,2684.9126953125,2615.828662109375,2459.575732421875,2313.161102294922,2227.5357861328125,2175.155977376302,0.660274856906065,-0.0528706394525157,0.0643918104334877,0.065507112126226,-0.0068285239411058,Capital Goods,1.0,0.6480216796875
2024-03-12,2418.91552734375,2549.7984295065817,2395.1139846637166,2536.9247892964518,277203,2591.05419921875,2601.0138916015626,2483.8728515625,2341.7378112792967,2248.86228515625,2193.608337402344,0.4174516632400361,-0.0514976670556901,0.0487860202717742,0.0541080912844262,-0.0098397576976035,Capital Goods,1.0,0.6480108398437501
2024-03-13,2178.80517578125,2458.5845156663827,2177.0587385626,2415.073182361445,619844,2493.92236328125,2564.47841796875,2493.6063313802083,2361.275451660156,2260.6322705078123,2201.2427612304687,-0.0264954091478734,-0.0992636364719065,0.1084392534066185,0.1284095260076718,-0.0008015573113479,Capital Goods,1.0,0.648005419921875
2024-03-14,2374.356201171875,2396.6607968578223,2096.7226298928817,2115.933439329073,537063,2442.986279296875,2553.3461181640623,2514.8130696614585,2386.5813232421874,2280.180390625,2217.0006103515625,0.3350646179800042,0.089751496629572,-0.1088390872924864,0.0093939551592716,-0.1169300424013742,Capital Goods,1.0,0.6480027099609376
2024-03-15,2359.03759765625,2431.040611918825,2265.3785669358513,2405.2431417938615,354905,2376.27236328125,2541.320654296875,2523.1161295572915,2411.9894897460936,2298.644721679688,2231.0186848958333,0.3067416025848821,-0.0064516872018041,0.0195866077689976,0.0305221986856467,-0.0397022204366097,Capital Goods,1.0,0.6480013549804688
2024-03-18,2333.63916015625,2441.968212226552,2317.272646330384,2358.289068406325,215180,2332.950732421875,2508.931713867188,2521.5360188802083,2427.919482421875,2317.1190283203123,2245.104943847656,0.2597816864547468,-0.0107664403166926,0.0105628619329583,0.0464206523098664,-0.0070133009872744,Capital Goods,1.0,0.6480006774902345
2024-03-19,2240.629150390625,2346.2138104086857,2222.416303925309,2345.2158462188054,214928,2297.29345703125,2444.173828125,2499.773746744792,2437.228002929688,2332.8489404296874,2256.934147135417,0.0878127510485112,-0.0398562088576699,0.0466773789004517,0.047122773529771,-0.0081284519850778,Capital Goods,1.0,0.6480003387451172
2024-03-20,2250.010009765625,2279.3001105972357,2205.5007124106723,2245.4192773411824,151009,2311.534423828125,2402.7283935546875,2480.163753255208,2448.088354492188,2351.32724609375,2269.1159627278644,0.1051572971245677,0.0041867077259815,-0.0020403164450458,0.0130177646785942,-0.0197818219304672,Capital Goods,1.0,0.6480001693725586
2024-03-21,2347.3115234375,2381.741285860999,2260.388750412333,2290.327674258854,245041,2306.12548828125,2374.5558837890626,2470.939241536458,2462.6411743164062,2370.49015625,2284.504573567708,0.2850609199898114,0.0432449248001392,-0.0242762192447282,0.0146677431093928,-0.0370307784702873,Capital Goods,1.0,0.6480000846862792
2024-03-22,2323.60986328125,2367.1209528585878,2295.3174829363184,2367.1209528585878,139560,2299.03994140625,2337.65615234375,2460.5604166666667,2467.097082519532,2389.399580078125,2298.7105916341147,0.2412382252637099,-0.0100973645464579,0.0187256433469835,0.0187256433469835,-0.0121760458982468,Capital Goods,1.0,0.6480000423431396
2024-03-26,2342.6708984375,2384.535445859338,2296.3155123344345,2296.365459270722,154303,2300.8462890625,2316.898510742188,2439.5699055989585,2466.363586425781,2402.50484375,2314.406905110677,0.2764807322994698,0.008203199451621,-0.0197660880141817,0.0178704347459817,-0.0197874085233155,Capital Goods,1.0,0.6480000211715697
2024-03-27,2451.0498046875,2482.3857803300066,2352.8002866426805,2372.060799079052,432498,2342.930419921875,2320.1119384765625,2410.426025390625,2460.5629150390623,2418.368486328125,2334.529187011719,0.4768656712460407,0.0462629669076804,-0.0322266016208181,0.0127847159949905,-0.0400846681519578,Capital Goods,1.0,0.6480000105857848
2024-03-28,2417.069091796875,2490.0203662197714,2403.0975941564307,2484.9306517647474,153271,2376.342236328125,2343.938330078125,2393.9330078125,2454.208374023437,2433.739130859375,2355.4964111328127,0.4140377343941789,-0.0138637382339757,0.0280759702725019,0.0301817083634392,-0.0057803468208091,Capital Goods,1.0,0.6480000052928925
2024-04-01,2558.3310546875,2604.686440893456,2459.632253710401,2463.9734952359936,253417,2418.546142578125,2362.3358154296875,2389.219303385417,2457.840966796875,2453.82216796875,2378.499487304688,0.6752211213533977,0.0584434939696363,-0.0368824665121505,0.0181193853395249,-0.038579370248529,Capital Goods,1.0,0.6480000026464463
2024-04-02,2707.776123046875,2808.969588385984,2652.2392730182414,2744.4013578944214,978509,2495.37939453125,2397.20966796875,2390.23056640625,2469.2651611328124,2472.753544921875,2407.062882486979,0.9515344920565594,0.05841506246252,0.0135259464531856,0.0373714298157128,-0.0205101335948489,Capital Goods,1.0,0.6480000013232232
2024-04-03,2733.423828125,2774.3403585934648,2680.731271866161,2711.7680546301654,283982,2573.52998046875,2437.188134765625,2402.442333984375,2473.059924316406,2487.796865234375,2431.009033203125,0.9989552863238916,0.0094718706099178,-0.0079225816618747,0.0149689667761956,-0.0192771262607246,Capital Goods,1.0,0.6480000006616116
2024-04-04,2687.41748046875,2776.2862340562906,2619.6558141989053,2757.2252655562697,395967,2620.803515625,2481.8669677734374,2420.342464192708,2463.020397949219,2492.61103515625,2452.107657877604,0.9138928005945492,-0.0168310333666068,0.0259757873850488,0.0330684585604614,-0.0252144174704205,Capital Goods,1.0,0.648
2024-04-04,2687.41748046875,2776.2862340562906,2619.6558141989053,2757.2252655562697,395967,2620.803515625,2481.8669677734374,2420.342464192708,2463.020397949219,2492.61103515625,2452.107657877604,0.9138928005945492,-0.0168310333666068,0.0259757873850488,0.0330684585604614,-0.0252144174704205,Capital Goods,1.0,0.648
2024-04-05,2689.41357421875,2715.560430678739,2659.873980644022,2702.437055510969,148352,2675.272412109375,2525.80732421875,2454.383024088542,2464.267858886719,2498.421181640625,2473.994677734375,0.9175834368822298,0.0007427553643998,0.0048424985346489,0.0097221404363532,-0.0109836560125599,Capital Goods,1.0,0.5740000000000001
2024-04-08,2648.19775390625,2728.4339737454998,2629.6355233428644,2727.785394508373,113084,2693.245751953125,2555.895947265625,2472.639127604167,2465.225915527344,2504.921923828125,2493.7260986328124,0.8413782976838154,-0.015325207215284,0.0300535111038162,0.0302984245496382,-0.0070093823378579,Capital Goods,1.0,0.537
2024-04-09,2682.8271484375,2714.412617213659,2627.340242683439,2666.4603897321936,155038,2688.25595703125,2591.81767578125,2494.22509765625,2464.7369140625,2513.0633203125,2508.670613606771,0.9054056010494208,0.0130765893446475,-0.0061005639945304,0.0117732030535602,-0.0206822514772809,Capital Goods,1.0,0.5185
2024-04-10,3000.878173828125,3037.752900131981,2640.8126628056966,2694.503182353155,2503203,2741.746826171875,2657.6384033203126,2538.707698567708,2487.26845703125,2526.7973046875,2530.121858723958,1.4934594715856409,0.1185506958865614,-0.1020951114067177,0.0122879784409295,-0.1199867139435068,Capital Goods,1.0,0.50925
2024-04-12,2932.71728515625,3012.8538574875706,2914.703982990084,2999.880323155892,695653,2790.806787109375,2705.805151367188,2584.8469075520834,2512.958544921875,2528.57767578125,2542.3103271484374,1.3674348050924072,-0.0227136473804014,0.0229012998762556,0.0273250247260199,-0.0061421884261871,Capital Goods,1.0,0.504625
2024-04-15,2831.07470703125,2896.291518292844,2762.0653396130842,2829.2283758893705,488505,2819.139013671875,2747.205712890625,2623.5845540364585,2545.572021484375,2535.24208984375,2551.8741536458333,1.179504860819232,-0.0346581576885903,-0.0006521661676019,0.023036061570407,-0.0243756786943044,Capital Goods,1.0,0.5023124999999999
2024-04-16,2799.93798828125,2912.8577767611077,2786.3158752454547,2836.1641352447136,340391,2849.487060546875,2771.36640625,2653.7596516927083,2566.851110839844,2542.07814453125,2562.3494466145835,1.1219352681595414,-0.0109981974946365,0.0129381961725878,0.0403293890623535,-0.0048651481185686,Capital Goods,1.0,0.50115625
2024-04-18,2731.77734375,2839.906616394388,2712.4666394224996,2834.2182693009195,209903,2859.277099609375,2773.7665283203123,2680.970817057292,2585.4880981445312,2543.644951171875,2570.765616861979,0.9959110530650708,-0.0243436264719171,0.0374997346636953,0.0395820226314476,-0.007068915909886,Capital Goods,1.0,0.500578125
2024-04-19,2789.609130859375,2894.0959246517045,2634.625255545,2719.40225812634,920556,2817.023291015625,2779.38505859375,2710.76669921875,2608.286596679688,2553.219423828125,2575.1683024088543,1.1028379406860944,0.0211700222354093,-0.0251672795146777,0.0374557111376177,-0.0555575595160997,Capital Goods,1.0,0.5002890625
2024-04-22,2903.127685546875,2959.961695674757,2809.5685456380725,2814.757910536295,694556,2811.10537109375,2800.9560791015624,2740.905224609375,2641.4115234375,2572.58791015625,2575.665625,1.3127257263949268,0.0406933550050896,-0.0304395068293157,0.0195768206857824,-0.0322270151514808,Capital Goods,1.0,0.50014453125
2024-04-23,2882.66943359375,2917.5981793209403,2850.185651338744,2914.0054108744202,238442,2821.42431640625,2820.2816650390623,2771.945247395833,2673.0444946289062,2600.74248046875,2582.9391276041665,1.274899864237543,-0.0070469693961363,0.0108704719713923,0.0121168058051128,-0.011268646302781,Capital Goods,1.0,0.5000722656250001
2024-04-24,3058.211181640625,3202.417000886614,2892.1000980960225,2894.0960263900847,2349179,2873.078955078125,2861.2830078125,2805.2705891927085,2708.5894775390625,2628.0966796875,2597.2449462890627,1.5994641515335073,0.0608955525740013,-0.0536637745083706,0.0471536498563933,-0.0543164201811234,Capital Goods,1.0,0.5000361328125
2024-04-25,3076.8232421875,3150.672586260033,3023.83125053748,3068.689688512282,469299,2942.088134765625,2900.6826171875,2829.87373046875,2746.250146484375,2656.80810546875,2610.0521484375,1.633876536243797,0.0060859304480373,-0.0026434907159097,0.0240018155934198,-0.0172229561072687,Capital Goods,1.0,0.50001806640625
2024-04-26,3098.728515625,3130.61342028426,3037.6032137466414,3093.68874812917,307418,3003.91201171875,2910.4676513671875,2854.2273763020835,2784.05302734375,2687.4116796875,2628.334855143229,1.6743778388704913,0.0071194448667536,-0.0016263985277888,0.0102896734897826,-0.019725930029088,Capital Goods,1.0,0.5000090332031251
2024-04-29,3005.4189453125,3126.6216410144243,2900.433166835754,3117.6399637820177,548093,3024.370263671875,2917.7378173828124,2875.4274739583334,2811.771484375,2718.003271484375,2647.884969075521,1.5018550371818455,-0.0301122121031244,0.0373395591468359,0.0403280533953385,-0.0349321610022091,Capital Goods,1.0,0.5000045166015625
2024-04-30,2963.903564453125,3030.617565020447,2946.1897008749575,3013.8517186515483,232625,3040.61708984375,2931.020703125,2893.726806640625,2839.1132080078123,2746.559013671875,2674.0549153645834,1.4250960317010213,-0.0138135087369851,0.0168521522756222,0.0225088296958917,-0.0059765316896995,Capital Goods,1.0,0.5000022583007813
2024-05-02,2942.09814453125,2996.3872956613177,2936.0104658902906,2968.9432821290325,154056,3017.394482421875,2945.23671875,2913.320166015625,2858.3015625,2770.350478515625,2692.979646809896,1.3847793511684636,-0.0073569937238826,0.009124487450455,0.0184525289310895,-0.0020691623263061,Capital Goods,1.0,0.5000011291503906
2024-05-03,2887.01025390625,2972.6855695407953,2857.1212777729443,2953.9237956900092,221661,2979.431884765625,2960.760009765625,2926.932373046875,2867.2632690429687,2792.886494140625,2710.5787353515625,1.2829257342467115,-0.0187240152839214,0.0231774520693932,0.0296761383228973,-0.0103529165138449,Capital Goods,1.0,0.5000005645751953
2024-05-06,2814.907470703125,2903.077700451695,2769.3505048997777,2903.077700451695,288726,2922.66767578125,2963.28984375,2914.534326171875,2871.337451171875,2811.77595703125,2726.6210123697915,1.1496127833233298,-0.0249748968177604,0.0313226031996518,0.0313226031996518,-0.0161841787971693,Capital Goods,1.0,0.5000002822875976
2024-05-07,2731.12841796875,2869.146907499989,2709.073556622469,2827.2324135469457,267352,2867.8095703125,2946.089916992188,2901.095068359375,2873.522998046875,2822.9791015625,2742.970987955729,0.9947112351525642,-0.0297626311366633,0.0351883840195519,0.0505353350004278,-0.0080753659187817,Capital Goods,1.0,0.5000001411437989
2024-05-08,2790.6572265625,2854.1775490337313,2709.5726371013147,2734.4218476756723,296586,2833.160302734375,2936.8886962890624,2898.400569661458,2878.5851806640626,2837.922626953125,2760.9925618489583,1.1047757955763846,0.0217964150649583,-0.0201513028370373,0.0227617787905378,-0.0290557323520037,Capital Goods,1.0,0.5000000705718994
2024-05-09,2842.850341796875,2928.0266753627634,2791.854522369172,2795.297449792468,842977,2813.3107421875,2915.352612304688,2901.2613932291665,2888.3178100585938,2849.3033984375,2777.5105224609374,1.2012771773632265,0.0187028040339679,-0.0167271879582484,0.0299615960480181,-0.0179382708537059,Capital Goods,1.0,0.5000000352859497
2024-05-10,2807.023681640625,2883.966815576417,2749.3912515936086,2874.136771175896,289083,2797.313427734375,2888.37265625,2906.2778157552084,2894.52763671875,2853.27330078125,2793.62431640625,1.1350362144630337,-0.0126023729175997,0.0239089858679228,0.0274109315283086,-0.0205315083103723,Capital Goods,1.0,0.5
2024-05-10,2807.023681640625,2883.966815576417,2749.3912515936086,2874.136771175896,289083,2797.313427734375,2888.37265625,2906.2778157552084,2894.52763671875,2853.27330078125,2793.62431640625,1.1350362144630337,-0.0126023729175997,0.0239089858679228,0.0274109315283086,-0.0205315083103723,Capital Goods,1.0,0.5
2024-05-13,2762.91357421875,2834.168113925172,2732.2761248952206,2806.973592038407,188211,2786.9146484375,2854.791162109375,2904.498111979167,2882.629406738281,2854.452890625,2807.6324055989585,1.0534797429272351,-0.015714191408636,0.0159469402991063,0.0257896375664121,-0.0110888192846179,Capital Goods,1.0,0.5382750000000001
2024-05-14,2953.52490234375,2977.9250775243713,2803.0318570698987,2854.1275737464234,674627,2831.3939453125,2849.6017578125,2907.857926432292,2883.669787597656,2865.0971875,2824.3815755208334,1.4059066188798877,0.0689892474030418,-0.0336537973722349,0.008261374455065,-0.0509537079421367,Capital Goods,1.0,0.5574125000000001
2024-05-15,2859.81591796875,2990.0005384807323,2834.8171104979806,2953.9739345912853,217907,2845.22568359375,2839.1929931640625,2906.3343587239583,2885.106848144532,2871.91328125,2839.139803059896,1.2326453288146952,-0.0317278463779458,0.0329245025985494,0.0455220280767052,-0.0087414044077792,Capital Goods,1.0,0.56698125
2024-05-16,2960.211181640625,2969.3424562226355,2862.211150120845,2890.8027257705307,369254,2868.6978515625,2841.004296875,2899.801025390625,2893.1205078125,2884.393818359375,2852.5358072916665,1.4182690768068331,0.0351054985885885,-0.0234471298198483,0.0030846699852506,-0.0331057568215338,Capital Goods,1.0,0.571765625
2024-05-17,3182.30810546875,3193.4852551329973,2947.9860761446485,2992.5950245735694,1276483,2943.754736328125,2870.53408203125,2906.833349609375,2915.6470458984377,2904.373056640625,2868.3535400390624,1.8289105942517467,0.0750273916960996,-0.0596149318694696,0.0035122776594256,-0.0736327286856425,Capital Goods,1.0,0.5741578125
2024-05-21,3169.634033203125,3436.8886375680904,3163.546354432742,3393.078108855307,1047688,3025.098828125,2906.00673828125,2911.5603841145835,2934.648291015625,2911.123291015625,2882.893880208333,1.8054771302592856,-0.0039826666198174,0.0704952285694564,0.0843171803322944,-0.0019206251278892,Capital Goods,1.0,0.5753539062499999
2024-05-22,3044.339599609375,3252.9141078567586,3034.8089932071516,3243.333554518102,665765,3043.261767578125,2937.3278564453126,2914.155094401042,2941.70888671875,2915.58818359375,2894.7912841796874,1.5738165766076957,-0.0395296214898133,0.0653652289430064,0.0685122344018867,-0.0031305989658467,Capital Goods,1.0,0.5759519531249999
2024-05-23,3089.34765625,3208.4547762729676,3024.230494771987,3074.7775256916507,797508,3089.168115234375,2967.1968994140625,2922.518033854167,2952.0427978515627,2925.9191015625,2908.122420247396,1.657033292794435,0.0147841773783713,-0.0047162482761927,0.0385541328707386,-0.0210779649050748,Capital Goods,1.0,0.5762509765624999
2024-05-24,3033.5615234375,3171.530067105642,3016.3965887948475,3108.658325687248,640292,3103.83818359375,2986.268017578125,2928.6155924479167,2950.8103149414064,2935.26404296875,2920.967879231771,1.5538886754100154,-0.0180575768802323,0.02475532527346,0.0454807138744963,-0.0056583439993008,Capital Goods,1.0,0.5764004882812499
2024-05-27,2913.1572265625,3079.2183624588656,2899.884254735191,3078.71938038749,617186,3050.0080078125,2996.8813720703124,2930.358723958333,2942.627014160156,2942.51923828125,2928.645548502604,1.331269638984727,-0.0396907384092092,0.0568325500303847,0.0570038356948952,-0.0045562154030975,Capital Goods,1.0,0.5764752441406249
2024-05-28,2828.330322265625,2960.460679543237,2821.294626211513,2927.4779153387376,417024,2981.747265625,3003.423046875,2931.2535807291665,2929.107104492188,2944.0680859375,2922.8939534505207,1.1744306873224344,-0.0291185465457935,0.0350551674578416,0.0467167346888142,-0.0024875793321327,Capital Goods,1.0,0.5765126220703125
2024-05-29,2862.560302734375,2937.9065969103904,2823.5899971515896,2830.026817263073,390445,2945.39140625,2994.3265869140623,2940.0157063802085,2921.964172363281,2942.445390625,2920.555387369792,1.2377195023114929,0.0121025398622216,-0.0113651703477566,0.0263212949973641,-0.0136137937585315,Capital Goods,1.0,0.5765313110351562
2024-05-30,2837.461669921875,2926.0309913693613,2811.265110057125,2859.1673909526676,325722,2895.014208984375,2992.091162109375,2943.1360026041666,2915.6420776367186,2940.637080078125,2920.7682861328126,1.1913139038625309,-0.0087678966233568,0.0076496966499604,0.0312142794337464,-0.0092323925085729,Capital Goods,1.0,0.576540655517578
2024-05-31,2956.368896484375,2993.892445930811,2759.8698530738857,2854.1774651207065,1253026,2879.57568359375,2991.70693359375,2950.70390625,2916.355615234375,2936.563388671875,2925.9826497395834,1.4111649630720589,0.0419061965921724,-0.0345665358220996,0.0126924449418535,-0.0664663478377681,Capital Goods,1.0,0.5765453277587891
2024-06-03,2968.094970703125,3091.6929277815234,2953.973875478796,3091.6929277815234,459103,2890.563232421875,2970.285620117188,2961.4419921875,2920.4098510742188,2932.2142578125,2933.859903971354,1.4328456456671297,0.0039663772111438,0.0416421840602758,0.0416421840602758,-0.0047576291741715,Capital Goods,1.0,0.5765476638793945
2024-06-04,2612.420654296875,2973.883220785931,2374.506098336539,2968.094979985807,954722,2847.381298828125,2914.5642822265627,2951.409130859375,2910.285510253906,2912.761943359375,2927.953621419271,0.7752289687325464,-0.1198325255481945,0.1361474175699553,0.1383630794277051,-0.0910705385708146,Capital Goods,1.0,0.5765488319396972
2024-06-05,2470.8095703125,2692.5072026831062,2420.0629972225843,2629.6354629614475,843110,2769.03115234375,2857.211279296875,2919.2281087239585,2897.269567871094,2891.377568359375,2913.543017578125,0.5134000815419941,-0.0542068459577729,0.0642809120368024,0.0897267175238303,-0.020538439586624,Capital Goods,1.0,0.5765494159698485
2024-06-06,2612.5205078125,2707.4766977837885,2549.149785251029,2581.733216795673,784340,2724.042919921875,2809.528564453125,2902.741748046875,2888.3627319335938,2877.32224609375,2904.538053385417,0.775413590826683,0.057354050754335,-0.0117845164946114,0.0363465816583374,-0.0242565454977164,Capital Goods,1.0,0.5765497079849242
2024-06-07,2627.989013671875,2684.473638844535,2613.768024416343,2644.4054753469113,347845,2658.366943359375,2768.9713134765625,2880.593603515625,2877.619665527344,2864.757880859375,2890.197314453125,0.8040137650623917,0.0059209127021655,0.0062467771324883,0.0214934784273463,-0.0054113579552839,Capital Goods,1.0,0.5765498539924621
2024-06-10,2652.93798828125,2684.3738577344634,2620.6537518774217,2674.743357890425,295830,2595.335546875,2742.9493896484373,2845.302262369792,2869.915380859375,2855.394990234375,2876.067805989583,0.8501426560695304,0.0094935612285973,0.0082193287990504,0.0118494550540095,-0.0121692389895415,Capital Goods,1.0,0.5765499269962311
2024-06-11,2668.406494140625,2726.4380110097704,2644.854443147381,2664.1651465759137,430848,2606.53271484375,2726.9570068359376,2811.8870930989583,2865.1900268554687,2849.534951171875,2861.723738606771,0.878742830305239,0.005830707663618,-0.0015894683115277,0.021747629904429,-0.008826260558487,Capital Goods,1.0,0.5765499634981155
2024-06-12,2719.352294921875,2779.330035148582,2677.537696338831,2685.9204973716137,445791,2656.241259765625,2712.636206054688,2790.2212727864585,2853.481396484375,2849.06390625,2852.18818359375,0.9729380158110436,0.0190922188553799,-0.0122940295792832,0.022055891889664,-0.0153766757845713,Capital Goods,1.0,0.5765499817490578
2024-06-13,2727.98486328125,2761.3167673624953,2695.6009763833167,2743.0042719847306,369905,2679.334130859375,2701.688525390625,2766.130419921875,2846.88984375,2846.55701171875,2844.324226888021,0.9888990246779832,0.003174494299799,0.0055056789008041,0.0122185077087095,-0.0118709921502209,Capital Goods,1.0,0.5765499908745289
2024-06-14,2930.22216796875,2958.863689166884,2735.4196226305276,2744.401299611073,1636012,2739.78076171875,2699.0738525390625,2759.2411295572915,2845.3903930664064,2850.051884765625,2843.928361002604,1.3628215097328065,0.0741343206883658,-0.0634152831102529,0.0097745220520217,-0.0664804694564374,Capital Goods,1.0,0.5765499954372644
2024-06-18,3081.813232421875,3151.5708300306637,2945.591124030746,2968.943388011787,1977723,2825.555810546875,2710.445678710937,2770.48486328125,2840.3656494140623,2861.043466796875,2850.4217936197915,1.6431026755642353,0.0517336419436786,-0.0366244921082994,0.0226352450157951,-0.0442019350679721,Capital Goods,1.0,0.5765499977186321
2024-06-19,2987.40576171875,3141.591226955278,2954.971925989383,3108.7083560753013,846140,2889.3556640625,2747.944189453125,2781.089892578125,2831.254235839844,2870.023154296875,2856.171736653646,1.4685499336376129,-0.0306337417562886,0.0406046597054035,0.0516118256221813,-0.0108568565224653,Capital Goods,1.0,0.5765499988593161
2024-06-20,2936.90869140625,3021.8355406841047,2925.182612277109,2986.856847404203,425450,2932.866943359375,2794.5541015625,2786.046451822917,2825.8826904296875,2869.358505859375,2863.0310791015627,1.3751844190585152,-0.0169033182434003,0.0170070510343434,0.0289170887492555,-0.0039926604335548,Capital Goods,1.0,0.5765499994296581
2024-06-21,2940.55126953125,3033.810969180804,2857.17131735679,2957.766150853082,420948,2975.380224609375,2827.357177734375,2792.919091796875,2818.44287109375,2872.587919921875,2868.027547200521,1.3819192886050164,0.0012402762590674,0.0058543040892382,0.0317150394947611,-0.0283552111600323,Capital Goods,1.0,0.5765499997148291
2024-06-24,2986.507568359375,3003.8720468538527,2892.1000637151046,2928.0767195166068,328116,2986.6373046875,2863.209033203125,2794.9283365885417,2816.090173339844,2873.639775390625,2872.816121419271,1.466889237587909,0.0156284637184546,-0.0195649424973219,0.0058143092213949,-0.0316113394938197,Capital Goods,1.0,0.5765499998574146
2024-06-25,2965.60009765625,3063.700023281533,2943.994271056611,3000.6786840551654,409230,2963.394677734375,2894.475244140625,2794.76201171875,2818.712316894532,2864.971455078125,2878.102001953125,1.428232801706292,-0.0070006421294992,0.0118284951590872,0.0330792832461843,-0.0072854821581352,Capital Goods,1.0,0.5765499999287074
2024-06-26,2977.775390625,3023.7813912005895,2946.1896794711865,2975.929059512267,228986,2961.468603515625,2925.4121337890624,2819.118994140625,2826.1845703125,2857.297109375,2885.2640625,1.450744058025596,0.004105507340107,-0.000620037064765,0.0154497886981104,-0.0106071503086685,Capital Goods,1.0,0.5765499999643537
2024-06-27,3008.163330078125,3092.6908432809655,2955.770213178399,3008.861856241404,693922,2975.71953125,2954.2932373046874,2854.942578125,2833.4647216796875,2855.85005859375,2887.085343424479,1.5069292106786432,0.0102049132210562,0.0002322101849638,0.0280993762398682,-0.0174169787843153,Capital Goods,1.0,0.5765499999821768
2024-06-28,2995.28955078125,3045.7866350451377,2976.4780724357556,3037.503483737495,192617,2986.6671875,2981.0237060546874,2880.460514322917,2841.3561157226563,2852.087734375,2891.601131184896,1.4831265024979088,-0.0042796144637999,0.0140934397962408,0.0168588323124609,-0.0062803538778372,Capital Goods,1.0,0.5765499999910884
2024-07-01,3036.95458984375,3083.6094151502025,2977.9251061915284,2994.94044414966,347764,2996.756591796875,2991.696948242188,2907.724886067708,2845.385400390625,2852.22345703125,2894.159244791667,1.5601622154205566,0.0139101874313395,-0.013834301584421,0.0153623717201687,-0.0194370649629168,Capital Goods,1.0,0.5765499999955441
2024-07-02,3083.40966796875,3191.589123890474,2994.8902999673423,3041.595069135403,1497013,3020.318505859375,2991.856591796875,2936.422998046875,2851.1511352539064,2859.0335546875,2890.862630208333,1.646054372076606,0.0152965995212296,-0.0135611557775562,0.0350843603577948,-0.0287082734808058,Capital Goods,1.0,0.5765499999977721
2024-07-03,3168.586181640625,3203.4649805978547,3063.749997020378,3095.6848504095155,544790,3058.4806640625,3009.9746337890624,2969.768310546875,2878.9594116210938,2872.6437890625,2890.827701822917,1.8035397267677584,0.0276241313493664,-0.0230075267175983,0.0110076851181526,-0.0330861080022653,Capital Goods,1.0,0.5765499999988861
2024-07-04,3173.2265625,3218.384440336934,3113.6980983447706,3193.485283495895,623284,3091.493310546875,3033.6064208984376,3000.0265950520834,2914.0802612304688,2885.070439453125,2895.1239339192707,1.812119463059337,0.0014644957067168,0.0063842655407291,0.0142309025049118,-0.0187596009874347,Capital Goods,1.0,0.576549999999443
2024-07-05,3383.49755859375,3647.558970288782,3141.6410928922205,3173.525998773824,5253914,3169.134912109375,3077.901049804688,3043.72744140625,2952.629113769531,2906.911875,2904.9289306640626,2.200895675815043,0.0662640980567393,-0.0620575473112486,0.0780439196784232,-0.0714812000047814,Capital Goods,1.0,0.5765499999997215
2024-07-08,3343.32958984375,3517.8237236352675,3298.27160471335,3431.000840243418,932704,3230.409912109375,3113.583251953125,3071.2679361979167,2988.396142578125,2922.390302734375,2915.254532877604,2.126627940108156,-0.0118717297868229,0.0262227363601821,0.0521917235804658,-0.0134769797351944,Capital Goods,1.0,0.5765499999998607
2024-07-09,3263.043212890625,3398.017859229438,3169.783515221101,3358.249135496166,1031686,3266.33662109375,3143.3275634765623,3083.349934895833,3018.901403808594,2934.188232421875,2926.917399088541,1.978184102643305,-0.0240138983595922,0.0291770339508319,0.0413646518089605,-0.0285805892184027,Capital Goods,1.0,0.5765499999999304
2024-07-10,3198.275634765625,3313.241058924902,3144.6850073304086,3289.689006952214,526191,3272.27451171875,3165.377587890625,3097.407926432292,3045.394860839844,2957.622431640625,2939.2489095052083,1.858433427559376,-0.0198488263560642,0.0285820806665051,0.0359460650950749,-0.0167561003350306,Capital Goods,1.0,0.5765499999999653
2024-07-11,3388.287841796875,3442.9763260819086,3193.485287960031,3208.3051530819075,1484096,3315.286767578125,3203.3900390625,3127.4998697916667,3078.8416381835937,2994.3215625,2956.773160807292,2.209752570947208,0.059410829062322,-0.0531190669502031,0.0161404481668923,-0.0574929176423028,Capital Goods,1.0,0.5765499999999826
2024-07-12,3343.578857421875,3479.9008523352873,3315.63586233573,3417.8275334083523,635592,3307.30302734375,3238.2189697265626,3154.368375651042,3109.621337890625,3023.563896484375,2973.643733723958,2.127088818245353,-0.0131951553299231,0.0222063480936496,0.040771281529913,-0.008357211322867,Capital Goods,1.0,0.57655
2024-07-12,3343.578857421875,3479.9008523352873,3315.63586233573,3417.8275334083523,635592,3307.30302734375,3238.2189697265626,3154.368375651042,3109.621337890625,3023.563896484375,2973.643733723958,2.127088818245353,-0.0131951553299231,0.0222063480936496,0.040771281529913,-0.008357211322867,Capital Goods,1.0,0.57655
2024-07-15,3330.35595703125,3400.013903248337,3294.2796505602546,3357.2512857184943,311983,3304.70830078125,3267.5591064453124,3177.2916015625,3129.62802734375,3051.65857421875,2986.109969075521,2.102640609833285,-0.0039547146798328,0.0080758120255768,0.0209160663652248,-0.010832567730434,Capital Goods,1.0,0.749325
2024-07-16,3297.672607421875,3358.199278711203,3259.700266802108,3333.649263404829,245823,3311.6341796875,3288.985400390625,3199.4297688802085,3140.42099609375,3077.447958984375,2997.0958902994794,2.04221140600891,-0.0098137706692799,0.0109097112618103,0.0183543603307085,-0.0115148909974582,Capital Goods,1.0,0.8357125000000001
2024-07-18,3146.031982421875,3313.0913244761964,3128.8670480625847,3300.2174409740383,345290,3301.18544921875,3286.72998046875,3210.646875,3148.3523071289064,3096.552978515625,3014.8829345703125,1.7618386062285576,-0.0459841357988999,0.049009501306299,0.0531016032220104,-0.0054560584428885,Capital Goods,1.0,0.87890625
2024-07-19,3160.40283203125,3259.350878986399,3126.0727194528336,3143.5870388264416,540706,3255.608447265625,3285.447607421875,3220.796175130208,3159.5270141601563,3114.195,3037.869376627604,1.7884092916250525,0.0045679286446134,-0.0053207752614247,0.0313086819035512,-0.0108625749320544,Capital Goods,1.0,0.900503125
2024-07-22,3186.300048828125,3240.0902201020062,3058.7102323113313,3142.5891694791494,294663,3224.152685546875,3265.7278564453127,3233.530208333333,3171.814453125,3132.527607421875,3056.995361328125,1.8362914154283447,0.0081942771770744,-0.0137183814076303,0.016881703056705,-0.0400432522240707,Capital Goods,1.0,0.9113015625
2024-07-23,3096.25,3224.0,2900.050048828125,3203.550048828125,402124,3177.331494140625,3241.019897460937,3237.4832356770835,3177.3015747070312,3139.168720703125,3072.604060872396,1.669795238626786,-0.0282616349521898,0.0346548401544206,0.0412595882115462,-0.0633669604107791,Capital Goods,1.0,0.91670078125
2024-07-24,3086.85009765625,3145.0,3061.0,3105.0,181036,3135.1669921875,3223.4005859375,3237.71259765625,3183.3640747070312,3139.3701953125,3087.0677978515623,1.6524154834472022,-0.0030358990209931,0.0058797485363901,0.0188379417542501,-0.008374264003256,Capital Goods,1.0,0.919400390625
2024-07-25,3393.949951171875,3435.0,3042.89990234375,3065.5,3101407,3184.7505859375,3242.968017578125,3252.736848958333,3204.172802734375,3155.631962890625,3111.252579752604,2.220221411062654,0.0994864809758,-0.0967751310117188,0.0120950660495011,-0.1034340676434881,Capital Goods,1.0,0.9207501953125
2024-07-26,3296.800048828125,3440.949951171875,3277.64990234375,3410.0,488367,3212.030029296875,3233.81923828125,3260.9750813802084,3218.604638671875,3170.0276171875,3130.500838216146,2.04059810682934,-0.028624435758166,0.0343363108151228,0.04372418715384,-0.0058087072921458,Capital Goods,1.0,0.92142509765625
2024-07-29,3352.449951171875,3410.949951171875,3301.699951171875,3319.0,426219,3245.260009765625,3234.70634765625,3258.905240885417,3236.4626586914064,3186.503564453125,3151.316341145833,2.1434908437039097,0.0168799749816587,-0.0099777630267626,0.0174499249361055,-0.0151381827437154,Capital Goods,1.0,0.9217625488281252
2024-07-30,3283.550048828125,3373.199951171875,3270.0,3350.0,470542,3282.72001953125,3230.025756835937,3254.9199381510416,3248.792431640625,3198.385263671875,3163.0939371744794,2.0160997931545594,-0.0205521046838195,0.0202372280561371,0.0273027366754301,-0.0041266460466959,Capital Goods,1.0,0.9221
2024-07-30,3283.550048828125,3373.199951171875,3270.0,3350.0,470542,3282.72001953125,3230.025756835937,3254.9199381510416,3248.792431640625,3198.385263671875,3163.0939371744794,2.0160997931545594,-0.0205521046838195,0.0202372280561371,0.0273027366754301,-0.0041266460466959,Capital Goods,1.0,0.9221
2024-07-31,3188.39990234375,3303.199951171875,3168.25,3286.949951171875,305036,3303.02998046875,3219.098486328125,3249.9437174479167,3254.041943359375,3207.297255859375,3166.646826171875,1.8401738961903729,-0.028977827372643,0.0309089360954006,0.0360055364271392,-0.0063197537827479,Capital Goods,1.0,0.71105
2024-08-01,3166.5,3228.14990234375,3160.0,3198.39990234375,208346,3257.539990234375,3221.1452880859374,3247.825341796875,3253.937634277344,3214.846240234375,3172.616634114583,1.7996825243364682,-0.0068686184338582,0.0100741835918996,0.0194694149198642,-0.0020527396178746,Capital Goods,1.0,0.605525
2024-08-02,3162.550048828125,3199.0,3089.5,3100.0,241619,3230.689990234375,3221.360009765625,3232.776155598958,3253.40380859375,3221.021708984375,3180.1380126953127,1.7923793437471356,-0.0012474186552581,-0.019778358559512,0.0115254938606841,-0.0230984641192297,Capital Goods,1.0,0.5527625
2024-08-05,2962.89990234375,3079.449951171875,2930.050048828125,3002.0,451375,3152.77998046875,3199.019995117188,3207.39755859375,3232.37392578125,3219.726123046875,3180.882967122396,1.423240331385628,-0.0631294820324993,0.0131965638209108,0.0393364786761545,-0.0110870615269991,Capital Goods,1.0,0.52638125
2024-08-06,2853.449951171875,3095.949951171875,2836.050048828125,2990.0,344896,3066.7599609375,3174.739990234375,3175.603824869792,3207.879943847656,3212.3859375,3176.447713216146,1.2208751060650291,-0.0369401447160926,0.0478543696804794,0.0849848443637177,-0.0060978473922782,Capital Goods,1.0,0.513190625
2024-08-07,2991.10009765625,3010.550048828125,2836.14990234375,2901.050048828125,281267,3027.3,3165.164990234375,3155.165657552084,3194.2827880859377,3208.6935546875,3177.297713216146,1.475380499721906,0.0482399021674951,-0.0301059964187376,0.0065026079157683,-0.0518037478698606,Capital Goods,1.0,0.5065953125
2024-08-08,2959.60009765625,3034.0,2950.0,2990.0,139457,2985.92001953125,3121.7300048828124,3142.736865234375,3182.349011230469,3200.334111328125,3176.691870117188,1.417139225702618,-0.0105312423428031,0.0102716249968446,0.0251384984081695,-0.0032437144679959,Capital Goods,1.0,0.50329765625
2024-08-09,2960.64990234375,3019.89990234375,2936.050048828125,2990.0,165634,2945.539990234375,3088.114990234375,3129.4200032552085,3160.9671142578127,3191.831044921875,3175.108089192708,1.4190802403842504,0.0003547116680835,0.0099133969311993,0.0200124979157771,-0.0083089369993226,Capital Goods,1.0,0.501648828125
2024-08-12,2912.699951171875,2949.949951171875,2882.0,2940.64990234375,153774,2935.5,3044.139990234375,3111.179996744792,3139.4231689453127,3172.999140625,3172.3551025390625,1.330424169101309,-0.0161957518631014,0.009595890974156,0.0127888215828799,-0.0105400321648384,Capital Goods,1.0,0.5008244140625
2024-08-13,2996.85009765625,3096.89990234375,2894.800048828125,2929.89990234375,817800,2964.180029296875,3015.4699951171874,3104.5533365885417,3122.7478759765627,3159.1399609375,3171.0182861328126,1.4860118433920937,0.0288907707264933,-0.022340188241267,0.0333849880465313,-0.0340524368929682,Capital Goods,1.0,0.50041220703125
2024-08-14,2923.5,2996.85009765625,2905.0,2996.85009765625,190527,2950.660009765625,2988.9800048828124,3093.663330078125,3104.0392456054688,3145.558232421875,3165.687963867188,1.3503926961876749,-0.0244757312731841,0.025089823039593,0.025089823039593,-0.0063280314691294,Capital Goods,1.0,0.500206103515625
2024-08-16,2920.35009765625,2991.449951171875,2910.0,2948.35009765625,217781,2942.810009765625,2964.3650146484374,3062.0900065104165,3092.7551513671874,3134.4412109375,3157.413427734375,1.3445687493452512,-0.0010774422246451,0.0095878915416585,0.0243463458619863,-0.0035441290633464,Capital Goods,1.0,0.5001030517578124
2024-08-19,2867.89990234375,2918.85009765625,2853.60009765625,2900.050048828125,333619,2924.260009765625,2934.9,3033.4966634114585,3078.1300048828125,3113.625693359375,3147.235872395833,1.247592044660791,-0.0179602422855377,0.0112103447048834,0.017765681176969,-0.0049861589227063,Capital Goods,1.0,0.5000515258789062
2024-08-20,2859.550048828125,2889.050048828125,2836.60009765625,2870.0,152898,2913.630029296875,2924.5650146484377,3000.636669921875,3061.7925048828124,3094.264541015625,3129.770955403646,1.232153755561603,-0.002911487081122,0.0036544040123227,0.0103163083339246,-0.0080257211029687,Capital Goods,1.0,0.5000257629394531
2024-08-21,2880.5,2929.39990234375,2840.050048828125,2868.949951171875,215664,2890.360009765625,2927.27001953125,2973.766666666667,3051.0050048828125,3076.270302734375,3114.343302408854,1.2708887348280116,0.0073263103684653,-0.0040097374858965,0.0169761855038188,-0.014042683968712,Capital Goods,1.0,0.5000128814697266
2024-08-22,2870.39990234375,2911.0,2860.39990234375,2911.0,131803,2879.739990234375,2915.2,2952.5666666666666,3040.1824951171875,3059.17939453125,3101.255192057292,1.2522143679956552,-0.0035063696081409,0.0141444046256757,0.0141444046256757,-0.0034838351241005,Capital Goods,1.0,0.5000064407348632
2024-08-23,2881.300048828125,2895.0,2860.10009765625,2865.0,112864,2871.92998046875,2907.3699951171875,2933.5533365885417,3014.55,3048.5901171875,3090.6893391927083,1.2723679685749207,0.0037974313180106,-0.0056571854898467,0.0047547811542387,-0.00735777281526,Capital Goods,1.0,0.5000032203674316
2024-08-26,2865.550048828125,2906.5,2860.0,2882.949951171875,104418,2871.460009765625,2897.860009765625,2913.753336588541,2992.9875,3036.796005859375,3073.26474609375,1.2432473315652768,-0.0054662824881448,0.0060720985665092,0.0142904330666364,-0.0019368179698674,Capital Goods,1.0,0.5000016101837158
2024-08-27,2873.10009765625,2889.64990234375,2864.75,2865.0,70613,2874.17001953125,2893.9000244140625,2907.7666829427085,2969.0200073242186,3024.2680078125,3057.5821207682293,1.257206838316319,0.0026347642510074,-0.0028192883578465,0.0057602603894659,-0.0029063023815499,Capital Goods,1.0,0.5000008050918578
2024-08-28,2871.85009765625,2899.89990234375,2860.0,2873.10009765625,82769,2872.4400390625,2881.4000244140625,2908.993359375,2948.435009765625,3015.29201171875,3042.298592122396,1.254895676648887,-0.0004350701185175,0.0004352594869141,0.009767154877057,-0.0041262939405928,Capital Goods,1.0,0.5000004025459289
2024-08-29,2777.14990234375,2868.300048828125,2760.050048828125,2865.0,161008,2853.7900390625,2866.765014648437,2894.730013020833,2927.872509765625,3002.90400390625,3024.9478352864585,1.079801707605223,-0.0329753267379052,0.0316331853682474,0.032821471540823,-0.0061573390407171,Capital Goods,1.0,0.5000002012729645
2024-08-30,2804.35009765625,2849.949951171875,2735.0,2809.949951171875,329738,2838.400048828125,2855.1650146484376,2884.3800130208333,2909.765014648437,2979.320009765625,3013.5584391276043,1.1300929466075555,0.0097942841650516,0.0019968453725891,0.0162603997103412,-0.0247294721562082,Capital Goods,1.0,0.5000001006364823
2024-09-02,2751.5,2809.949951171875,2745.25,2802.0,141974,2815.5900390625,2843.5250244140625,2870.4366861979165,2889.212512207031,2957.5080078125,2999.9283447265625,1.0323768507490223,-0.0188457559918855,0.0183536252952933,0.0212429406403324,-0.0022714882791204,Capital Goods,1.0,0.5000000503182411
2024-09-03,2737.10009765625,2833.85009765625,2722.550048828125,2778.949951171875,240483,2788.3900390625,2831.280029296875,2858.730029296875,2877.9225219726563,2932.894013671875,2984.955013020833,1.0057524488997105,-0.0052334735030892,0.0152898513106849,0.0353476294428714,-0.0053158628873617,Capital Goods,1.0,0.5000000251591206
2024-09-04,2771.89990234375,2834.0,2720.050048828125,2729.0,257598,2768.4,2820.42001953125,2843.733349609375,2873.84501953125,2912.4280078125,2974.143343098958,1.0700948286020084,0.0127141147367239,-0.0154767141149203,0.0224034416263523,-0.018705528822229,Capital Goods,1.0,0.5000000125795603
2024-09-05,2792.800048828125,2818.60009765625,2756.35009765625,2784.0,89231,2771.530029296875,2812.6600341796875,2835.02001953125,2863.930017089844,2896.604013671875,2964.3416748046875,1.1087377225207304,0.0075400076556527,-0.0031509770389103,0.0092380579980835,-0.0130514002200657,Capital Goods,1.0,0.5000000062897801
2024-09-06,2738.199951171875,2817.0,2732.0,2791.0,99063,2758.3,2798.3500244140623,2822.876676432292,2852.860009765625,2879.47201171875,2942.4833414713544,1.0077860003277928,-0.0195503067536684,0.019282758662503,0.0287780477077288,-0.002264243401663,Capital Goods,1.0,0.5000000031448901
2024-09-09,2726.5,2783.199951171875,2647.5,2712.35009765625,160724,2753.3,2784.44501953125,2813.450016276042,2841.1525146484373,2862.030009765625,2923.47333984375,0.9861536174003812,-0.0042728622381531,-0.0051897679602971,0.0207958742607279,-0.0289748762149275,Capital Goods,1.0,0.5000000015724451
2024-09-10,2735.800048828125,2791.0,2715.050048828125,2765.0,145127,2753.039990234375,2770.7150146484373,2805.200016276042,2832.30751953125,2852.946015625,2902.9183430989583,1.0033487504858285,0.0034109843492114,0.0106732767931569,0.0201768953091143,-0.0075846186233121,Capital Goods,1.0,0.5000000007862225
2024-09-11,2696.199951171875,2732.0,2690.0,2732.0,83260,2737.9,2753.15,2792.9133463541666,2817.275012207031,2846.656015625,2883.3400065104165,0.9301309683020752,-0.0144747777430637,0.0132779650902985,0.0132779650902985,-0.0022995146072828,Capital Goods,1.0,0.5
2024-09-11,2696.199951171875,2732.0,2690.0,2732.0,83260,2737.9,2753.15,2792.9133463541666,2817.275012207031,2846.656015625,2883.3400065104165,0.9301309683020752,-0.0144747777430637,0.0132779650902985,0.0132779650902985,-0.0022995146072828,Capital Goods,1.0,0.5
2024-09-12,2687.050048828125,2723.949951171875,2666.199951171875,2701.949951171875,161496,2716.75,2744.140014648437,2780.6900227864585,2805.452514648437,2834.494013671875,2866.6283447265623,0.9132134454559778,-0.0033936289998718,0.0055450780867472,0.0137324953660029,-0.0077594749920431,Capital Goods,1.0,0.6991
2024-09-13,2684.949951171875,2707.949951171875,2667.050048828125,2694.949951171875,82301,2706.1,2732.2,2767.600016276041,2793.682507324219,2823.5080078125,2850.576676432292,0.9093305132951868,-0.000781562538132,0.0037244642104541,0.0085662676840443,-0.0066667545649919,Capital Goods,1.0,0.7986500000000001
2024-09-16,2749.800048828125,2775.0,2656.14990234375,2696.800048828125,197255,2710.760009765625,2732.0300048828126,2759.883349609375,2787.7775146484373,2815.074013671875,2836.8183430989584,1.0292337611610676,0.0241531867765153,-0.0192741286853154,0.0091642849386865,-0.0340570749950658,Capital Goods,1.0,0.848425
2024-09-17,2697.25,2749.75,2680.050048828125,2749.75,94005,2703.05,2728.044995117188,2748.160009765625,2779.662512207032,2806.456015625,2827.963346354167,0.9320724343824708,-0.0191104981798658,0.0194642691630364,0.0194642691630364,-0.0063768472228659,Capital Goods,1.0,0.8733124999999999
2024-09-18,2655.050048828125,2715.0,2646.89990234375,2693.949951171875,92872,2694.82001953125,2716.360009765625,2733.706673177084,2768.390014648437,2792.784013671875,2821.350016276041,0.854047706769717,-0.0156455468243118,0.014651287783038,0.0225795936307624,-0.0030696771565463,Capital Goods,1.0,0.88575625
2024-09-19,2526.89990234375,2688.800048828125,2509.5,2688.800048828125,279883,2662.789990234375,2689.769995117188,2717.02333984375,2751.2150146484373,2776.920009765625,2805.876676432292,0.6171071417853237,-0.0482665652728231,0.064070660786448,0.064070660786448,-0.0068858692533135,Capital Goods,1.0,0.8919781250000001
2024-09-20,2530.300048828125,2592.0,2456.0,2540.0,502907,2631.860009765625,2668.9800048828124,2698.753336588541,2733.6650146484376,2761.3180078125,2791.5666748046874,0.6233937723599968,0.0013455802033239,0.003833518153852,0.0243844405727495,-0.0293641257535982,Capital Goods,1.0,0.8950890625000001
2024-09-23,2559.449951171875,2639.89990234375,2535.800048828125,2552.550048828125,347556,2593.789990234375,2652.275,2685.95,2718.360009765625,2748.980009765625,2778.1933430989584,0.6772898818850073,0.0115203342612471,-0.0026958535917417,0.0314325158556196,-0.0092402284846092,Capital Goods,1.0,0.89664453125
2024-09-24,2502.75,2583.5,2496.5,2583.5,217362,2554.889990234375,2628.9699951171874,2670.32666015625,2699.8425048828126,2734.7080078125,2764.5283447265624,0.5724556789300415,-0.0221531783209569,0.0322645090400559,0.0322645090400559,-0.0024972530216761,Capital Goods,1.0,0.8974222656249999
2024-09-25,2503.25,2542.199951171875,2472.0,2506.0,216942,2524.52998046875,2609.675,2652.4166666666665,2681.4125,2719.6180078125,2748.0750081380206,0.5733801435970143,0.000199780241734,0.0010985718565863,0.0155597527901227,-0.0124837710975731,Capital Goods,1.0,0.8978111328125
2024-09-26,2444.0,2518.800048828125,2431.050048828125,2508.0,194847,2507.95,2585.3699951171875,2629.163330078125,2664.7550048828125,2702.56201171875,2732.0916748046875,0.4638310805607343,-0.0236692300009987,0.0261865793780686,0.0306055846268924,-0.0052986706922565,Capital Goods,1.0,0.8980055664062501
2024-09-27,2383.199951171875,2496.0,2365.0,2493.75,373017,2478.52998046875,2555.194995117188,2605.4966634114585,2643.6974975585936,2682.6380078125,2714.186669921875,0.3514160867770861,-0.0248772703879398,0.046387231912188,0.0473313406928606,-0.0076367705374136,Capital Goods,1.0,0.898102783203125
2024-09-30,2315.699951171875,2381.199951171875,2297.10009765625,2381.199951171875,448896,2429.77998046875,2511.7849853515627,2578.109993489584,2621.9074951171874,2660.64400390625,2695.7800048828126,0.2266133567357545,-0.0283232634201795,0.0282851843421481,0.0282851843421481,-0.0080320654263573,Capital Goods,1.0,0.8981513916015624
2024-10-01,2302.300048828125,2351.5,2292.64990234375,2320.0,325120,2389.689990234375,2472.289990234375,2549.209993489583,2600.167492675781,2637.812001953125,2677.2050048828123,0.201837884220388,-0.0057865451596908,0.007687942838243,0.0213699127517796,-0.0041915242495377,Capital Goods,1.0,0.8981756958007812
2024-10-03,2279.35009765625,2395.0,2254.0,2270.10009765625,448044,2344.910009765625,2434.7199951171874,2521.4200032552085,2575.540002441406,2614.112001953125,2657.166674804688,0.1594050462860879,-0.0099682711571658,-0.0040581743056985,0.0507381040159944,-0.0111216340492478,Capital Goods,1.0,0.8981878479003906
2024-10-04,2330.25,2357.85009765625,2234.050048828125,2285.0,354662,2322.160009765625,2415.0550048828127,2497.633333333333,2552.4125,2596.236005859375,2639.161678059896,0.2535153688244164,0.0223308838761048,-0.0194185173264671,0.0118442646309409,-0.0412831031742838,Capital Goods,1.0,0.8982
2024-10-04,2330.25,2357.85009765625,2234.050048828125,2285.0,354662,2322.160009765625,2415.0550048828127,2497.633333333333,2552.4125,2596.236005859375,2639.161678059896,0.2535153688244164,0.0223308838761048,-0.0194185173264671,0.0118442646309409,-0.0412831031742838,Capital Goods,1.0,0.8982
2024-10-07,2238.14990234375,2364.0,2222.5,2339.0,248740,2293.15,2385.839990234375,2467.8466634114584,2527.4099975585937,2573.587998046875,2617.72333984375,0.0832287966085165,-0.039523698168115,0.0450595813759577,0.056229521322259,-0.0069923387738067,Capital Goods,1.0,0.6991
2024-10-08,2377.14990234375,2388.699951171875,2217.300048828125,2237.0,321481,2305.439990234375,2367.6099853515625,2443.0033203125,2509.942492675781,2558.613994140625,2601.4433349609376,0.3402299740269622,0.0621048661014357,-0.0589571159166568,0.0048587801790442,-0.0672443304303279,Capital Goods,1.0,0.59955
2024-10-09,2398.050048828125,2445.0,2379.0,2390.0,247115,2324.589990234375,2357.139990234375,2423.0566569010416,2493.054992675781,2545.0519921875,2585.608333333333,0.3788728679456842,0.0087921028723382,-0.0033569144364017,0.019578386695815,-0.007943974662845,Capital Goods,1.0,0.549775
2024-10-10,2497.050048828125,2525.0,2391.14990234375,2429.800048828125,509848,2368.12998046875,2356.519995117188,2412.5233235677083,2483.0974975585937,2534.057998046875,2573.114998372396,0.5619168720063038,0.04128354203799,-0.026931778973177,0.0111931882122233,-0.0424101016854164,Capital Goods,1.0,0.5248875
2024-10-11,2474.5,2513.64990234375,2455.0,2504.800048828125,197246,2396.97998046875,2359.569995117188,2409.029996744792,2472.4699951171874,2521.32599609375,2563.0266682942706,0.5202234252460768,-0.009030675552021,0.0122449176917054,0.0158213385911294,-0.0078803798747221,Capital Goods,1.0,0.51244375
2024-10-14,2436.449951171875,2509.85009765625,2422.10009765625,2500.0,116209,2436.639990234375,2364.894995117188,2402.7733235677083,2460.044995117188,2509.25599609375,2550.763330078125,0.449871573809692,-0.0153768635393513,0.0260830512022456,0.0301258585053516,-0.0058896565918471,Capital Goods,1.0,0.506221875
2024-10-15,2513.0,2519.949951171875,2422.0,2439.800048828125,255649,2463.810009765625,2384.625,2399.67666015625,2448.2049926757813,2500.71599609375,2542.813330078125,0.5914072046029843,0.0314186830684973,-0.0291285122052825,0.0027655993521189,-0.0362116991643454,Capital Goods,1.0,0.5031109375
2024-10-16,2531.050048828125,2547.0,2501.050048828125,2509.050048828125,170842,2490.410009765625,2407.5,2401.563330078125,2439.894995117188,2492.52599609375,2535.944995117188,0.6247804693604561,0.0071826696490748,-0.0086920446358561,0.0063017130693483,-0.0118527881398038,Capital Goods,1.0,0.50155546875
2024-10-17,2447.85009765625,2548.0,2430.39990234375,2548.0,159085,2480.57001953125,2424.35,2397.8700032552083,2429.5349975585937,2482.592001953125,2525.1433349609374,0.4709496390559304,-0.0328717131494087,0.0409134131373651,0.0409134131373651,-0.0071287842867535,Capital Goods,1.0,0.500777734375
2024-10-18,2450.75,2481.0,2372.0,2448.0,136538,2475.82001953125,2436.4,2398.320003255208,2425.727502441406,2473.14,2513.741666666667,0.4763113535648675,0.0011846731736255,-0.0011221054779149,0.012343160257064,-0.0321330205039274,Capital Goods,1.0,0.5003888671875
2024-10-21,2371.39990234375,2479.449951171875,2360.050048828125,2468.60009765625,122293,2462.810009765625,2449.725,2397.5333333333333,2417.7824951171874,2460.597998046875,2501.514998372396,0.3295986303567747,-0.0323778833647862,0.0409885296935506,0.0455638244402956,-0.0047861406692339,Capital Goods,1.0,0.50019443359375
2024-10-22,2268.89990234375,2410.0,2251.0,2385.0,178467,2413.989990234375,2438.9,2394.413330078125,2403.254992675781,2441.3619921875,2486.2616617838544,0.1400833736273453,-0.0432234141102456,0.0511702158108957,0.062188771532184,-0.007889242855209,Capital Goods,1.0,0.500097216796875
2024-10-23,2237.10009765625,2278.0,2175.64990234375,2268.89990234375,219298,2355.2,2422.8050048828127,2390.0666666666666,2389.9724975585937,2422.95599609375,2469.638330078125,0.0812877819268841,-0.014015516795012,0.0142147437751292,0.0182825535552029,-0.0274686838451617,Capital Goods,1.0,0.5000486083984375
2024-10-24,2258.75,2315.949951171875,2240.25,2247.0,125773,2317.37998046875,2398.975,2388.693326822917,2377.7474975585938,2407.103994140625,2455.0566650390624,0.1213169214473022,0.0096776636711213,-0.0052019922523519,0.0253237193898727,-0.0081903707802988,Capital Goods,1.0,0.5000243041992187
2024-10-25,2157.89990234375,2276.949951171875,2127.0,2250.0,238554,2258.8099609375,2367.314990234375,2377.2033203125,2363.442492675781,2392.343994140625,2437.4183268229167,-0.065147782440622,-0.0446486320558937,0.0426804308931187,0.0551694027599805,-0.0143194326623717,Capital Goods,1.0,0.5000121520996094
2024-10-28,2191.89990234375,2229.0,2116.5,2189.89990234375,158182,2222.9099609375,2342.8599853515625,2374.1199869791667,2353.877490234375,2378.80798828125,2420.9833251953123,-0.0022841850864698,0.0157560598446071,-0.0009124504261629,0.0169259999585655,-0.0343993365130983,Capital Goods,1.0,0.5000060760498046
2024-10-29,2203.75,2239.14990234375,2186.199951171875,2191.89990234375,129296,2209.87998046875,2311.9349853515623,2362.559993489583,2348.279992675781,2364.579990234375,2402.781656901041,0.0196258080802913,0.0054063133282587,-0.005377242271696,0.0160634837634714,-0.0079637203984684,Capital Goods,1.0,0.5000030380249023
2024-10-30,2478.5,2519.0,2222.0,2222.0,3047651,2258.1599609375,2306.67998046875,2367.9233235677084,2357.089990234375,2363.609990234375,2395.489990234375,0.5276191425818594,0.1246738513896766,-0.1034900141214444,0.0163405285454911,-0.1034900141214444,Capital Goods,1.0,0.5000015190124512
2024-10-31,2419.85009765625,2469.75,2385.050048828125,2465.0,368497,2290.37998046875,2303.87998046875,2362.77666015625,2364.114990234375,2360.273994140625,2387.64999186198,0.4191796177054521,-0.0236634667515634,0.0186581401829311,0.0206210716903829,-0.0143810762748612,Capital Goods,1.0,0.5000007595062256
2024-11-01,2443.25,2485.0,2413.199951171875,2440.0,72806,2347.45,2303.12998046875,2360.693326822917,2369.764990234375,2360.243994140625,2384.8616617838543,0.4624443835602751,0.0096699801224935,-0.0013301954364064,0.0170878952215287,-0.0122992116353729,Capital Goods,1.0,0.5000003797531127
2024-11-04,2364.89990234375,2437.85009765625,2348.300048828125,2437.85009765625,136761,2382.05,2302.47998046875,2355.9233235677084,2376.102490234375,2359.5119921875,2379.348323567708,0.317580589686128,-0.0320679822597974,0.0308470541354424,0.0308470541354424,-0.0070192626331345,Capital Goods,1.0,0.5000001898765564
2024-11-05,2359.699951171875,2402.550048828125,2324.800048828125,2355.0,134602,2413.239990234375,2311.5599853515623,2345.7033203125,2375.229992675781,2361.2719921875,2372.689990234375,0.3079662474293632,-0.0021988039183906,-0.0019917579646263,0.0181591297804493,-0.0147899746009733,Capital Goods,1.0,0.5000000949382781
2024-11-06,2418.89990234375,2436.35009765625,2377.10009765625,2385.0,201980,2401.319970703125,2329.7399658203126,2338.2266438802085,2376.2724853515624,2365.935986328125,2369.894986979167,0.4174227737191932,0.0250879147335978,-0.0140145949449596,0.007214103938568,-0.0172805020360696,Capital Goods,1.0,0.5000000474691391
2024-11-07,2392.699951171875,2458.949951171875,2380.14990234375,2425.0,148479,2395.88994140625,2343.1349609375,2334.5499674479165,2371.05498046875,2370.46998046875,2366.2099853515624,0.3689809154495697,-0.0108313498820224,0.013499414672661,0.0276883860709542,-0.0052451410892445,Capital Goods,1.0,0.5000000237345695
2024-11-08,2322.75,2408.5,2300.0,2396.85009765625,132134,2371.78994140625,2359.619970703125,2326.016634114583,2363.46748046875,2370.16998046875,2362.168318684896,0.239648398819824,-0.0292347359047738,0.0319018825341728,0.0369174469917124,-0.0097944247120869,Capital Goods,1.0,0.5000000118672847
2024-11-11,2182.25,2254.75,2150.0,2150.0,554522,2335.2599609375,2358.65498046875,2313.406640625,2350.7574829101563,2367.933984375,2355.4699869791666,-0.0201261725995401,-0.0604886449251964,-0.0147783251231526,0.0332225913621262,-0.0147783251231526,Capital Goods,1.0,0.5
2024-11-12,2260.60009765625,2349.85009765625,2213.050048828125,2280.0,552146,2315.439990234375,2364.339990234375,2312.8533203125,2338.137487792969,2363.2719921875,2353.6333251953124,0.1247376212746069,0.0359033555533279,0.0085817488744972,0.0394806671434424,-0.0210342593886569,Capital Goods,1.0,0.44865
2024-11-13,2172.14990234375,2260.0,2165.0,2260.0,174635,2266.089990234375,2333.70498046875,2308.5233072916667,2320.19248046875,2354.235986328125,2349.294986979167,-0.0388005394318965,-0.0391268652090228,0.0404438466983607,0.0404438466983607,-0.0032916247336499,Capital Goods,1.0,0.6581
2024-11-14,2166.64990234375,2213.949951171875,2146.949951171875,2172.14990234375,162032,2220.87998046875,2308.3849609375,2302.38330078125,2306.132470703125,2341.01998046875,2345.5383138020834,-0.0489696507685976,-0.0025320536092216,0.0025384811796544,0.0218309606812612,-0.0090923555072579,Capital Goods,1.0,0.7628250000000001
2024-11-18,2162.64990234375,2198.949951171875,2145.050048828125,2170.0,119899,2188.8599609375,2280.324951171875,2302.6999674479166,2291.7274658203123,2328.5459765625,2339.9516438802084,-0.0563653681043802,-0.0018461681306578,0.0033986534983236,0.0167849862286009,-0.0081380964605281,Capital Goods,1.0,0.8151875000000001
2024-11-19,2291.35009765625,2324.25,2172.949951171875,2177.39990234375,661682,2210.67998046875,2272.969970703125,2309.32998046875,2287.724975585937,2322.741982421875,2341.7249837239583,0.1815921982934357,0.0595104159822736,-0.0497305913352377,0.014358304467485,-0.0516726564855727,Capital Goods,1.0,0.84136875
2024-11-21,2299.050048828125,2317.699951171875,2241.35009765625,2280.0,166565,2218.369970703125,2266.90498046875,2315.683317057292,2289.232482910156,2314.183984375,2339.1216552734377,0.1958288638850646,0.0033604429020912,-0.008286052249204,0.0081120036309154,-0.0250973010358281,Capital Goods,1.0,0.854459375
2024-11-22,2283.0,2333.75,2265.050048828125,2323.0,138354,2240.539990234375,2253.314990234375,2302.6499837239585,2291.527478027344,2304.261982421875,2335.286653645833,0.1661534577954843,-0.0069811654758477,0.0175208059570739,0.0222295225580375,-0.0078624402855344,Capital Goods,1.0,0.8610046875
2024-11-25,2312.14990234375,2353.89990234375,2300.0,2313.050048828125,117506,2269.639990234375,2245.2599853515626,2295.469970703125,2294.197473144531,2298.833974609375,2329.1233154296874,0.2200495673204948,0.0127682445658125,0.0003893114730417,0.0180567877358122,-0.0052548073684297,Capital Goods,1.0,0.86427734375
2024-11-26,2357.60009765625,2408.0,2313.0,2320.0,203764,2308.630029296875,2248.7449951171875,2289.759977213542,2304.182482910156,2295.107978515625,2325.2266520182293,0.3040837666673353,0.0196571144744675,-0.0159484628854694,0.0213776299016332,-0.0189175839026254,Capital Goods,1.0,0.865913671875
2024-11-27,2420.85009765625,2425.0,2352.25,2374.75,160791,2334.530029296875,2272.6050048828124,2293.489990234375,2315.629992675781,2297.085986328125,2324.7066569010417,0.4210285470393978,0.0268281291907301,-0.0190429377270744,0.0017142335032507,-0.0283371935018468,Capital Goods,1.0,0.8667318359375
2024-11-28,2466.800048828125,2574.64990234375,2414.199951171875,2420.0,443999,2368.080029296875,2293.225,2300.629996744792,2328.7824951171874,2305.0019921875,2323.1666585286457,0.5059867596544478,0.0189809155124315,-0.0189719668808818,0.043720549449016,-0.0213232108866051,Capital Goods,1.0,0.86714091796875
2024-11-29,2503.39990234375,2516.949951171875,2432.85009765625,2469.10009765625,155343,2412.160009765625,2326.35,2306.263330078125,2330.027490234375,2315.653984375,2322.2449869791667,0.5736573024376008,0.0148369761598683,-0.0137012886576322,0.005412658527085,-0.0281815960052763,Capital Goods,1.0,0.867345458984375
2024-12-02,2534.699951171875,2554.550048828125,2474.199951171875,2499.0,240835,2456.67001953125,2363.1550048828126,2315.729996744792,2335.769982910156,2326.691982421875,2325.1399820963543,0.6315288808698524,0.0125030159180005,-0.0140844880497077,0.0078313402132952,-0.0238687028703452,Capital Goods,1.0,0.8674477294921875
2024-12-03,2520.75,2564.0,2501.0,2532.5,107876,2489.3,2398.9650146484373,2328.929996744792,2339.644982910156,2341.205986328125,2327.473315429688,0.6057364069410632,-0.005503590736815,0.0046613111177229,0.0171575919865119,-0.0078349697510661,Capital Goods,1.0,0.8674988647460937
2024-12-04,2668.75,2683.0,2542.050048828125,2549.800048828125,923878,2538.87998046875,2436.7050048828123,2361.363330078125,2354.8374877929687,2360.279990234375,2337.3849853515626,0.8793779483650197,0.0587126847168501,-0.0445714102751756,0.0053395784543326,-0.0474753915398126,Capital Goods,1.0,0.8675244323730469
2024-12-05,2633.300048828125,2693.300048828125,2620.300048828125,2671.60009765625,218978,2572.17998046875,2470.1300048828125,2386.209993489583,2368.5174926757813,2377.4619921875,2349.531656901041,0.813833493756399,-0.0132833540690866,0.0145445061777784,0.022785098123057,-0.0049367712599956,Capital Goods,1.0,0.8675372161865235
2024-12-06,2599.449951171875,2649.800048828125,2581.0,2633.300048828125,146181,2591.389990234375,2501.775,2414.6966634114583,2377.544995117188,2382.299990234375,2361.6099853515625,0.7512470552428334,-0.0128546299428787,0.0130220232326419,0.0193695199376895,-0.0070976366225313,Capital Goods,1.0,0.8675436080932617
2024-12-09,2650.14990234375,2669.0,2576.14990234375,2595.0,160633,2614.47998046875,2535.575,2446.929996744792,2390.417492675781,2391.511982421875,2374.6566487630207,0.8449876821941253,0.0195041074551247,-0.0208101067396135,0.0071128420470023,-0.027922948786616,Capital Goods,1.0,0.8675468040466309
2024-12-10,2628.0,2670.0,2595.300048828125,2662.5,90976,2635.92998046875,2562.614990234375,2477.953336588542,2405.679992675781,2398.901982421875,2390.326652018229,0.8040340780067344,-0.0083579809293659,0.0131278538812784,0.0159817351598172,-0.0124429037944729,Capital Goods,1.0,0.8675484020233155
2024-12-11,2647.199951171875,2702.0,2611.050048828125,2611.050048828125,198080,2631.619970703125,2585.2499755859376,2501.67666015625,2428.927490234375,2410.193984375,2405.5033203125,0.8395334309387383,0.0073059174931031,-0.0136559017114468,0.0207011369896201,-0.0136559017114468,Capital Goods,1.0,0.8675492010116578
2024-12-12,2601.35009765625,2667.949951171875,2589.10009765625,2628.85009765625,101512,2625.22998046875,2598.70498046875,2521.8299967447915,2445.964990234375,2419.859990234375,2418.756656901042,0.754760291816588,-0.0173201323516676,0.0105714336662245,0.0256020339498439,-0.0047090931785909,Capital Goods,1.0,0.867549600505829
2024-12-13,2541.199951171875,2606.949951171875,2505.0,2595.0,168756,2613.57998046875,2602.4849853515625,2539.0433268229167,2464.417492675781,2424.7519921875,2420.8466552734376,0.6435469215404991,-0.0231226648572096,0.0211711198889781,0.0258736035193449,-0.0142452195291368,Capital Goods,1.0,0.8675498002529145
2024-12-16,2642.800048828125,2664.85009765625,2543.5,2544.800048828125,258753,2612.110009765625,2613.294995117188,2561.086669921875,2488.225,2434.75599609375,2428.2783203125,0.8313983224288827,0.0399811504834151,-0.0370818821663997,0.0083434419633459,-0.0375738031608394,Capital Goods,1.0,0.86755
2024-12-16,2642.800048828125,2664.85009765625,2543.5,2544.800048828125,258753,2612.110009765625,2613.294995117188,2561.086669921875,2488.225,2434.75599609375,2428.2783203125,0.8313983224288827,0.0399811504834151,-0.0370818821663997,0.0083434419633459,-0.0375738031608394,Capital Goods,1.0,0.86755
2024-12-16,2642.800048828125,2664.85009765625,2543.5,2544.800048828125,258753,2612.110009765625,2613.294995117188,2561.086669921875,2488.225,2434.75599609375,2428.2783203125,0.8313983224288827,0.0399811504834151,-0.0370818821663997,0.0083434419633459,-0.0375738031608394,Capital Goods,1.0,0.86755
2024-12-16,2642.800048828125,2664.85009765625,2543.5,2544.800048828125,258753,2612.110009765625,2613.294995117188,2561.086669921875,2488.225,2434.75599609375,2428.2783203125,0.8313983224288827,0.0399811504834151,-0.0370818821663997,0.0083434419633459,-0.0375738031608394,Capital Goods,1.0,0.86755
2024-12-17,2606.85009765625,2667.449951171875,2600.0,2640.0,123310,2607.880029296875,2621.9050048828126,2577.703336588542,2510.435009765625,2446.12,2433.731656901042,0.7649294031532892,-0.0136029780943193,0.0127164589837958,0.0232463897982122,-0.0026277297886858,Capital Goods,1.0,0.86755
2024-12-18,2525.0,2603.0,2517.0,2602.949951171875,79880,2583.4400390625,2607.5300048828126,2584.646663411458,2522.1175048828127,2459.83,2439.068326822917,0.6135943566103322,-0.0313980837370891,0.0308712677908415,0.0308910891089109,-0.0031683168316831,Capital Goods,1.0,0.86755
2024-12-19,2487.699951171875,2529.0,2425.0,2425.0,110893,2560.710009765625,2592.9699951171874,2586.039990234375,2531.55,2468.913994140625,2443.334993489583,0.5446292021744067,-0.014772296565594,-0.0252039845650754,0.0166017002205871,-0.0252039845650754,Capital Goods,1.0,0.86755
2024-12-20,2567.75,2592.800048828125,2471.0,2487.0,473554,2566.02001953125,2589.8,2590.3299967447915,2545.7875,2484.737998046875,2448.296663411458,0.6926360856365088,0.0321783375806298,-0.0314477655535001,0.009755641642732,-0.0376789017622432,Capital Goods,1.0,0.86755
2024-12-23,2480.64990234375,2595.0,2448.25,2579.300048828125,182839,2533.589990234375,2572.85,2586.72666015625,2554.2125,2497.297998046875,2451.2283284505206,0.5315941600903372,-0.0339207857681822,0.0397678634099754,0.0460968303299109,-0.0130610540057015,Capital Goods,1.0,0.86755
2024-12-24,2487.39990234375,2580.0,2470.10009765625,2503.0,308365,2509.699951171875,2558.789990234375,2584.5033203125,2560.702490234375,2510.287998046875,2456.716658528646,0.5440744330944705,0.0027210611193552,0.0062716484155003,0.0372276679632406,-0.0069549752217965,Capital Goods,1.0,0.86755
2024-12-26,2483.449951171875,2529.5,2465.25,2499.0,112469,2501.38994140625,2542.414990234375,2572.1499837239585,2563.832482910156,2517.9719921875,2466.756656901042,0.5367712525051377,-0.0015879839699893,0.0062614705888424,0.0185427730510112,-0.0073284952504426,Capital Goods,1.0,0.86755
2024-12-27,2512.60009765625,2549.0,2472.64990234375,2494.949951171875,89544,2506.369970703125,2533.539990234375,2564.1033203125,2566.1224853515623,2526.513994140625,2475.156656901041,0.5906678134289114,0.011737762812824,-0.0070246540628725,0.0144869461629424,-0.0158999417972504,Capital Goods,1.0,0.86755
2024-12-30,2417.800048828125,2523.0,2402.0,2513.949951171875,105115,2476.37998046875,2521.2,2551.9933268229165,2561.842492675781,2531.90599609375,2483.3449951171874,0.4153892222911109,-0.0377298595652186,0.039767516089824,0.0435106084239116,-0.0065348864707746,Capital Goods,1.0,0.86755
2024-12-31,2470.699951171875,2484.199951171875,2380.0,2390.0,90974,2474.389990234375,2503.989990234375,2540.029996744792,2558.6424926757813,2538.247998046875,2493.479996744792,0.5131974034973307,0.021879353658459,-0.0326627889937012,0.0054640386395752,-0.0367102250230163,Capital Goods,1.0,0.86755
2025-01-01,2498.25,2509.35009765625,2463.60009765625,2470.60009765625,69178,2476.560009765625,2493.12998046875,2531.379996744792,2557.5174926757813,2543.873994140625,2504.6666666666665,0.564135496927286,0.0111507060236342,-0.0110677083333333,0.0044431492669869,-0.0138696697062944,Capital Goods,1.0,0.86755
2025-01-02,2490.800048828125,2513.89990234375,2475.85009765625,2508.800048828125,62934,2478.030029296875,2489.7099853515624,2520.953336588542,2548.6199951171875,2546.6719921875,2511.314998372396,0.5503610636691435,-0.0029820679162914,0.007226593723759,0.009274069801987,-0.0060020679616208,Capital Goods,1.0,0.86755
2025-01-03,2485.25,2542.0,2477.89990234375,2490.800048828125,79116,2472.560009765625,2489.464990234375,2513.213330078125,2541.217492675781,2547.409990234375,2517.521663411458,0.5400994155859925,-0.0022282193348824,0.0022331953840157,0.0228347248767728,-0.0029574882431344,Capital Goods,1.0,0.86755
2025-01-06,2344.800048828125,2521.0,2333.0,2520.0,138821,2457.960009765625,2467.169995117188,2500.1200032552083,2528.484997558594,2541.06599609375,2519.5816650390625,0.2804173809130783,-0.0565134095853032,0.0747185037203643,0.0751449793170788,-0.005032432865234,Capital Goods,1.0,0.86755
2025-01-07,2389.0,2396.449951171875,2335.10009765625,2344.85009765625,82008,2441.62001953125,2458.0050048828125,2483.2,2515.4275024414064,2535.237998046875,2522.1433349609374,0.3621399671937235,0.018850200550774,-0.0184804949115738,0.0031184391678003,-0.0225617004368983,Capital Goods,1.0,0.86755
2025-01-08,2313.35009765625,2443.0,2300.0,2399.0,124360,2404.6400390625,2440.6000244140623,2463.633333333333,2499.6950073242188,2526.942001953125,2520.668334960937,0.2222686436402401,-0.0316659281472373,0.0370241851549082,0.0560442202306965,-0.0057708937656153,Capital Goods,1.0,0.86755
2025-01-09,2310.550048828125,2354.949951171875,2300.300048828125,2310.050048828125,65431,2368.5900390625,2423.310034179688,2449.336669921875,2482.862512207031,2512.61400390625,2516.991666666667,0.2170915512254397,-0.0012103869755649,-0.0002163986883788,0.0192161612626693,-0.0044361731117655,Capital Goods,1.0,0.86755
