Price,Close,High,Low,Open,Volume,MA_5,MA_10,MA_15,MA_20,MA_25,MA_30,Normalised Close,Return Ratio,Percentage Change Open,Percentage Change High,Percentage Change Low,Sector,Sector Encoded,VADER Sentiment Score
Ticker,GPIL.NS,GPIL.NS,GPIL.NS,GPIL.NS,GPIL.NS,,,,,,,,,,,,,,
Date,,,,,,,,,,,,,,,,,,,
2023-01-10,395.75299072265625,396.9843317018804,387.18284548244156,392.84701398687287,339405,,,,,,,0.3207759398697081,,-0.0073429053068606,0.0031113876789048,-0.0216552886298228,Capital Goods,1.0,0.2798
2023-01-11,399.3977355957031,406.83502240665325,396.78726890835856,397.96936816534605,558486,,,,,,,0.3409882732938832,0.009209645810614,-0.0035763032762984,0.018621254323982,-0.0065360077303669,Capital Goods,1.0,0.2798
2023-01-12,393.0932922363281,401.7619509889943,390.1380738106085,401.7619509889943,233414,,,,,,,0.3060262894864982,-0.0157848750693889,0.0220524209491077,0.0220524209491077,-0.0075178551353731,Capital Goods,1.0,0.2798
2023-01-13,400.1858215332031,403.87984450120194,395.21121596111243,395.21121596111243,362218,,,,,,,0.3453586905083911,0.0180428652356931,-0.0124307391826923,0.0092307692307693,-0.0124307391826923,Capital Goods,1.0,0.2798
2023-01-16,397.67388916015625,409.19922252864114,394.1276211767628,402.3037131406119,339191,397.2207458496094,,,,,,0.3314284933529015,-0.0062769149677094,0.0116422629361794,0.0289818710321292,-0.0089175278539981,Capital Goods,1.0,0.2798
2023-01-17,386.2962646484375,398.8559419426509,384.1783642935848,398.8559419426509,313093,395.3294006347657,,,,,,0.268332625681461,-0.028610438909497,0.0325130694847484,0.0325130694847484,-0.0054825804665239,Capital Goods,1.0,0.2798
2023-01-18,393.53656005859375,396.14699681002986,387.6261236121568,388.1186599826932,218550,394.15716552734375,,,,,,0.3084844799310741,0.0187428563844528,-0.013767209011264,0.0066332763366316,-0.0150187734668335,Capital Goods,1.0,0.2798
2023-01-19,401.8111572265625,403.87981595483546,390.92611567503224,393.09325762586235,471595,395.9007385253906,,,,,,0.3543721682975593,0.0210262476419897,-0.0216965095266992,0.0051483357071304,-0.0270899435114309,Capital Goods,1.0,0.2798
2023-01-19,401.8111572265625,403.87981595483546,390.92611567503224,393.09325762586235,471595,395.9007385253906,,,,,,0.3543721682975593,0.0210262476419897,-0.0216965095266992,0.0051483357071304,-0.0270899435114309,Capital Goods,1.0,0.2798
2023-01-20,401.2693786621094,408.8051789606643,399.05296504123834,403.78130207428313,427195,396.1174499511719,,,,,,0.3513676757011699,-0.001348341266063,0.0062599429354637,0.0187799037237288,-0.0055235055021165,Capital Goods,1.0,0.3899
2023-01-23,403.7320556640625,408.80517410134723,398.0186159165104,401.26937389236764,377077,397.32908325195314,397.27491455078126,,,,,0.3650247217807527,0.0061372163761013,-0.0060997925162128,0.0125655576913268,-0.0141515633138284,Capital Goods,1.0,0.44495
2023-01-24,394.5216369628906,405.2589239414837,393.19178273600204,404.8649008533035,216620,398.9741577148437,397.1517791748047,,,,,0.3139473322106242,-0.0228131964553136,0.0262172284644195,0.0272159647852294,-0.0033708017565933,Capital Goods,1.0,0.472475
2023-01-25,383.73504638671875,394.9648988688729,380.28729204339857,394.521604142776,305793,397.0138549804688,395.5855102539063,,,,,0.2541291082114799,-0.0273409353646843,0.0281093891674071,0.0292645995925975,-0.0089847262474056,Capital Goods,1.0,0.4862375
2023-01-27,373.9828796386719,388.56197500405347,362.2112778061966,386.1485346377532,400314,391.4481994628906,393.6744689941406,,,,,0.2000473952835468,-0.0254138026741995,0.0325299784065926,0.0389833229250156,-0.0314763120810464,Capital Goods,1.0,0.49311875
2023-01-30,376.0022888183594,382.7992849277114,370.78138509341017,376.05153043210873,188303,386.3947814941406,391.25611572265626,,,,,0.2112462509185538,0.0053997369656027,0.0001309609414987,0.0180770072722498,-0.0138852977234703,Capital Goods,1.0,0.496559375
2023-01-31,393.290283203125,397.13206079620903,373.14553406746893,378.36643751727917,362973,384.3064270019531,390.8177551269531,392.95208536783855,,,,0.3071187245515404,0.0459784285864205,-0.037946133741977,0.0097683003042814,-0.0512210700238728,Capital Goods,1.0,0.4982796875
2023-02-01,385.3604736328125,398.51117085738406,376.2977922654792,394.1768567494556,243298,382.4741943359375,390.72417602539065,392.2592508951823,,,,0.2631430937164025,-0.0201627396073168,0.0228782755883878,0.0341257033981696,-0.0235174128833166,Capital Goods,1.0,0.49913984375
2023-02-02,386.6903076171875,395.16193953437414,382.45450668961195,385.95150303246834,226764,383.0652465820313,390.03955078125,391.412089029948,,,,0.270517834288715,0.003450883199926,-0.0019105846983125,0.0219080534223612,-0.0109539878402353,Capital Goods,1.0,0.499569921875
2023-02-03,378.2679443359375,393.635085586992,373.638090284095,388.11867205301917,237275,383.9222595214844,387.6852294921875,390.4237325032552,,,,0.2238106926945096,-0.0217806423262822,0.0260416666666665,0.0406250158945717,-0.0122396151224772,Capital Goods,1.0,0.4997849609375
2023-02-06,371.27392578125,382.89780265414436,368.4172207238731,379.25302133339875,291966,382.9765869140625,384.6856842041016,388.4962727864584,,,,0.1850245938244303,-0.0184895882916162,0.0214911282427356,0.0313080883566894,-0.0076943325641997,Capital Goods,1.0,0.49989248046875
2023-02-07,368.90972900390625,375.854479567818,354.6261747434079,354.6261747434079,248815,378.1004760742188,381.2034515380859,386.578662109375,389.2391830444336,,,0.1719136806580761,-0.0063677964251567,-0.0387182910547396,0.0188250675379673,-0.0387182910547396,Capital Goods,1.0,0.499946240234375
2023-02-08,380.4350891113281,382.70074429857857,368.5649450282965,371.17538167326757,199588,377.1153991699219,379.7947967529297,386.1879170735677,388.4732879638672,,,0.235828832318652,0.0312416810978163,-0.024339782798928,0.0059554316941239,-0.0312014964517587,Capital Goods,1.0,0.4999731201171875
2023-02-09,381.420166015625,385.7544799349321,374.62314025490167,382.2082121602141,199581,376.0613708496094,379.5633087158203,385.3801574707031,387.5744094848633,,,0.2412916845982021,0.0025893429194398,0.0020660841109192,0.0113636202421703,-0.0178203104249209,Capital Goods,1.0,0.4999865600585937
2023-02-10,374.0321350097656,381.32166734365484,371.3724265613032,380.2380813067985,205890,375.214208984375,379.5682342529297,383.52822265625,386.62135162353513,,,0.2003205463594536,-0.0193697965239643,0.0165920136698169,0.0194890536175424,-0.007110908928702,Capital Goods,1.0,0.4999932800292969
2023-02-13,356.4485778808594,366.98883818823583,353.64111455236826,361.5216964922539,492919,372.2491394042969,377.6128631591797,380.54016927083336,384.434489440918,,,0.1028089970324416,-0.0470108193469717,0.0142323996396758,0.0295702128201489,-0.0078762085268565,Capital Goods,1.0,0.4999966400146484
2023-02-14,347.1888732910156,363.29478733672954,345.9575324580386,356.69481850919186,285201,367.9049682617188,373.0027221679687,376.7706237792969,381.9102386474609,384.9723400878906,,0.0514582871478216,-0.0259776729785095,0.0273797519144811,0.0463894879263997,-0.0035466022321081,Capital Goods,1.0,0.4999983200073242
2023-02-15,351.3262023925781,352.6560566633527,347.8784476486627,347.8784476486627,154435,362.0831909179688,369.5992950439453,373.8909281412761,380.161735534668,383.1952685546875,,0.074402300569649,0.0119166523464436,-0.0098135428568543,0.0037852407868188,-0.0098135428568543,Capital Goods,1.0,0.4999991600036621
2023-02-16,356.7933654785156,358.46797113227007,352.16351148453435,352.16351148453435,152632,357.1578308105469,366.6096008300781,372.0948160807292,378.324575805664,381.49109375,,0.1047210545637889,0.0155615011026942,-0.0129762894771653,0.0046934887690766,-0.0129762894771653,Capital Goods,1.0,0.4999995800018311
2023-02-17,357.285888671875,359.55154391005635,352.6560348487676,355.6604946292299,160044,353.80858154296874,364.5113952636719,370.9816833496094,376.0983123779297,380.05879760742187,,0.1074523960842715,0.0013804157840738,-0.0045492813855232,0.0063412950525512,-0.0129584010169496,Capital Goods,1.0,0.4999997900009155
2023-02-20,356.5963439941406,361.521707861463,354.8232250267187,357.5814167676051,150138,353.838134765625,363.04363708496095,369.6879536946615,373.8646606445312,378.3152185058594,,0.1036284502601619,-0.001929952174427,0.0027624309392264,0.0138121546961327,-0.0049723419695268,Capital Goods,1.0,0.4999998950004578
2023-02-21,369.6485595703125,372.3575097070703,358.8127590232814,361.4724675460032,358892,358.3300720214844,363.1175201416016,368.11183878580727,372.1604858398438,377.1942053222657,380.5319620768229,0.1760109467966773,0.0366022136681983,-0.0221185550778646,0.0073284477015322,-0.0293137908061291,Capital Goods,1.0,0.4999999475002289
2023-02-22,359.3052978515625,369.6978036946961,356.84261589233313,368.4172211007111,237777,359.92589111328124,361.004541015625,366.3748270670573,370.3996688842773,376.1145666503906,379.31703898111977,0.1186512517192784,-0.0279813391692185,0.0253598355037696,0.028923887026645,-0.0068540095956134,Capital Goods,1.0,0.4999999737501144
2023-02-23,355.4635009765625,365.0186884295799,353.88737859463197,361.6202055450147,237175,359.6599182128906,358.40887451171875,364.2930399576823,368.98609161376953,374.5916442871094,377.8525644938151,0.0973461447528915,-0.0106922912018601,0.0173202158633387,0.0268809242770819,-0.0044339921752879,Capital Goods,1.0,0.4999999868750572
2023-02-24,351.67095947265625,360.53661391314336,349.75005565240394,357.0888594085095,148987,358.53693237304685,356.1727569580078,362.5199076334636,367.8704956054688,372.58603637695313,376.47182006835936,0.0763141888624114,-0.0106692852950781,0.0154061624649859,0.0252100840336133,-0.0054622190673144,Capital Goods,1.0,0.4999999934375286
2023-02-27,336.55010986328125,351.22768829854795,332.8068453175478,351.22768829854795,512943,354.527685546875,354.18291015625,360.2049865722656,365.8978866577148,369.997265625,374.350629679362,-0.0075401451464328,-0.0429971517467614,0.0436118664208109,0.0436118664208109,-0.0111224582492458,Capital Goods,1.0,0.4999999967187643
2023-02-28,336.8948669433594,342.4605217444906,333.0530893853593,337.87993965372004,184488,347.9769470214844,353.15350952148435,358.07066243489584,363.07811584472654,367.3237780761719,372.3246622721354,-0.0056282568536704,0.0010243855817434,0.0029239766081869,0.0165204499897202,-0.0114034909253929,Capital Goods,1.0,0.4999999983593821
2023-03-01,358.9112548828125,361.5216916026867,340.14560135504394,340.83516429027134,379579,347.89813842773435,353.9120147705078,356.6357401529948,361.7556549072266,365.8993627929688,371.4118286132813,0.1164660431120245,0.065350915373711,-0.0503636772227807,0.0072732094197673,-0.0522849402811168,Capital Goods,1.0,0.499999999179691
2023-03-02,354.7247314453125,363.3933603086109,352.7053141102912,358.56650946286436,193183,347.7503845214844,353.7051513671875,354.856044514974,360.1573760986328,364.7389501953125,370.11810099283855,0.09324921709146,-0.0116645086509391,0.0108303077766771,0.0244376218933999,-0.0056929138455986,Capital Goods,1.0,0.4999999995898455
2023-03-03,361.52166748046875,364.4768854707723,356.0545262232199,356.0545262232199,169045,349.72052612304685,354.12872924804685,354.0220133463542,359.3200622558594,364.2405017089844,368.7751180013021,0.1309423731807427,0.0191611563351176,-0.0151225825421492,0.0081743869209809,-0.0151225825421492,Capital Goods,1.0,0.4999999997949227
2023-03-06,366.9888610839844,370.7321557761878,359.84708325540083,363.4918646548028,200116,355.8082763671875,355.16798095703126,354.7246988932292,359.1058090209961,363.87996459960937,367.6324340820312,0.1612612964134674,0.0151227273364216,-0.0095288898383794,0.0102000226414142,-0.0194604757416578,Capital Goods,1.0,0.4999999998974613
2023-03-08,374.47540283203125,379.84406138637877,362.50677483823034,364.77243015615534,328169,363.3243835449219,355.6506652832031,356.54380086263023,359.3840927124023,363.1273693847656,366.65721232096354,0.2027787368040295,0.0203999154795425,-0.0259108411460288,0.0143364784809527,-0.0319610524570804,Capital Goods,1.0,0.4999999999487307
2023-03-09,371.86492919921875,383.14402318252434,367.62912878547087,376.10072961296663,322648,365.9151184082031,356.9066284179688,357.9130493164063,358.95558471679686,362.58754760742187,365.9019887288412,0.1883020682581415,-0.006971014953373,0.0113906961403145,0.030331158164321,-0.0113906961403145,Capital Goods,1.0,0.4999999999743653
2023-03-10,367.826171875,373.68736697006085,365.7082713998391,369.40229434327176,159872,368.5354064941406,358.1428955078125,358.64856974283856,358.2758850097656,361.8329821777344,365.37169291178384,0.1659046954652973,-0.0108608180204459,0.004284965532054,0.0159346874780097,-0.0057578841232663,Capital Goods,1.0,0.4999999999871827
2023-03-13,357.3843688964844,373.7858536471575,353.6411046051431,368.0724138642276,168332,367.70794677734375,358.7142364501953,358.65513509114584,357.4434967041016,360.99763916015627,364.8184092203776,0.1079985289975002,-0.0283878738842545,0.0299063022838557,0.0458931228618557,-0.0104740571136324,Capital Goods,1.0,0.4999999999935913
2023-03-14,354.08441162109375,361.4724572379309,349.94709405085115,359.5515533527394,114749,365.1270568847656,360.46766662597656,358.4876729329427,357.3252883911133,360.31005859375,364.0878133138021,0.0896982531046723,-0.0092336362823592,0.0154402214619264,0.0208652100300397,-0.0116845515771248,Capital Goods,1.0,0.4999999999967957
2023-03-15,367.9246826171875,372.0620003099861,356.5963456691349,359.55156400340945,319797,363.81691284179686,363.5706481933594,358.37274780273435,358.36207885742186,360.2706567382813,363.2422932942709,0.1664509976171108,0.0390874902759182,-0.0227576974564926,0.0112450126024932,-0.0307898259705488,Capital Goods,1.0,0.4999999999983978
2023-03-16,368.8605041503906,380.87837369210433,361.6202134080518,374.3276459012396,897433,363.2160278320313,364.5655731201172,359.0097615559896,359.2387939453125,359.80767333984375,362.6922943115234,0.1716406988207542,0.0025435138695949,0.0148217054667905,0.0325810690125116,-0.0196288045504238,Capital Goods,1.0,0.4999999999991989
2023-03-17,381.5186462402344,384.1783545658884,369.40226400566195,371.66791920008336,399030,365.95452270507815,367.2449645996094,360.7467712402344,360.4750579833984,359.8116125488281,362.5199055989584,0.2418378175114308,0.0343168811716496,-0.0258197787637047,0.0069713717844848,-0.0317582963610721,Capital Goods,1.0,0.4999999999995994
2023-03-20,379.0067138671875,390.0887815241228,375.31269131487574,388.3156627238261,834007,370.2789916992188,368.9934692382813,362.5691548665365,361.5610992431641,360.010595703125,362.54453125,0.2279076203559412,-0.0065840356632665,0.0245614352359484,0.0292397660818712,-0.009746588693957,Capital Goods,1.0,0.4999999999997997
2023-03-21,368.6634521484375,381.66642360774455,366.4470386084669,379.25298350607466,484217,373.1947998046875,369.1609283447266,364.7100443522135,362.1644546508789,360.49919067382814,362.4575154622396,0.1705479252785423,-0.0272904445760676,0.0287241148964596,0.0352705736994822,-0.0060120240480961,Capital Goods,1.0,0.4999999999998998
2023-03-22,365.7574768066406,374.2291079306833,364.1813845564275,369.9933073996783,298321,372.7613586425781,368.2891357421875,366.63421834309895,361.9699005126953,361.2419348144532,362.3524403889974,0.1544325195157988,-0.0078824611576273,0.0115809815564671,0.0231618809217706,-0.0043091183370295,Capital Goods,1.0,0.4999999999999499
2023-03-23,357.53216552734375,368.95898534224114,354.6261888990516,366.25003528815114,306269,370.4956909179688,366.855859375,366.5422790527344,361.8812438964844,361.49017333984375,361.58900960286456,0.1088181514638052,-0.0224884296313243,0.0243834558156437,0.0319602567731027,-0.0081278746599091,Capital Goods,1.0,0.4999999999999749
2023-03-24,340.0470886230469,358.9604653444784,334.9246988510999,357.9261510934273,421010,362.2013793945313,364.0779510498047,365.56376953125,361.1104232788086,360.820322265625,360.20990702311195,0.011852735050022,-0.0489049058803064,0.0525781959868503,0.0556198754649466,-0.0150637659998474,Capital Goods,1.0,0.5
2023-03-24,340.0470886230469,358.9604653444784,334.9246988510999,357.9261510934273,421010,362.2013793945313,364.0779510498047,365.56376953125,361.1104232788086,360.820322265625,360.20990702311195,0.011852735050022,-0.0489049058803064,0.0525781959868503,0.0556198754649466,-0.0150637659998474,Capital Goods,1.0,0.5
2023-03-27,350.14410400390625,352.4097591940372,342.75605873778386,346.5978362637609,417364,356.428857421875,363.3539245605469,364.8052652994792,361.0340805053711,360.53465087890623,359.41363932291665,0.0678468439864719,0.0296929917022528,-0.0101280235754185,0.0064706364157589,-0.0211000133420494,Capital Goods,1.0,0.6945749999999999
2023-03-28,353.2471008300781,355.5620278486802,349.9471010428825,352.65605115651493,213584,353.3455871582031,363.2701934814453,363.88914794921874,361.8689300537109,360.4006811523437,359.306923421224,0.0850548540528424,0.0088620564810003,-0.0016731904442366,0.0065532795970932,-0.0093419019701538,Capital Goods,1.0,0.7918624999999999
2023-03-29,362.45751953125,364.3783932989966,354.18288462945816,354.5769377672834,380495,352.685595703125,362.7234771728516,363.08795572916665,363.1470626831055,360.11303955078125,359.8158782958984,0.1361322436229709,0.0260735861087854,-0.0217420838010429,0.0052995831628235,-0.022829254342669,Capital Goods,1.0,0.84050625
2023-03-31,343.6918640136719,351.96646880154907,342.2635266151287,344.77545001183,453381,349.91753540039065,360.2066131591797,361.2097513834635,362.3860931396485,359.48850219726563,359.5614003499349,0.0320652377127819,-0.0517733927601968,0.0031527833842321,0.0240756493076252,-0.0041558661932316,Capital Goods,1.0,0.8648281250000001
2023-04-03,350.6859130859375,353.6411314546392,339.45608929727814,340.8351851902651,238200,352.0453002929688,357.12333984375,360.0670674641927,362.1841522216797,359.29739868164063,359.3578186035156,0.0708515058214461,0.0203497661847107,-0.0280898876404493,0.0084269662921347,-0.0320224547654055,Capital Goods,1.0,0.8769890625000001
2023-04-05,364.2306213378906,366.003740126893,353.9858715371421,353.9858715371421,339710,354.86260375976565,355.64573059082034,360.5234842936198,362.3195999145508,359.79978515625,359.5893096923828,0.1459651746398593,0.0386234740162885,-0.0281270964069895,0.0048681211439316,-0.0281270964069895,Capital Goods,1.0,0.8830695312500001
2023-04-06,368.5157165527344,369.9440539827244,362.6052801366906,364.3783990366901,172136,357.91632690429685,355.63095703125,361.4855712890625,362.3959426879883,361.0784094238281,359.9866221110026,0.1697286412894069,0.0117647857258781,-0.0112269771144272,0.0038759199834172,-0.0160384921200449,Capital Goods,1.0,0.8861097656250001
2023-04-10,374.9679260253906,376.2977802139461,369.4515127637742,369.4515127637742,204161,360.418408203125,356.552001953125,361.9551208496094,362.4205688476562,362.60133178710936,360.1639343261719,0.2055100783245121,0.0175086412406319,-0.0147116936642812,0.0035465811773602,-0.0147116936642812,Capital Goods,1.0,0.8876298828125
2023-04-11,373.04705810546875,380.2873186840241,370.14108150199667,370.1903231141094,284506,366.2894470214844,358.1034912109375,362.2342244466146,362.4796752929688,363.1667639160156,360.6219930013021,0.1948576940799035,-0.0051227526052236,-0.0076578408254105,0.0194084376789493,-0.0077898392182214,Capital Goods,1.0,0.8883899414062499
2023-04-12,371.5201721191406,376.8888304937273,369.6977815659852,372.5545165173264,162105,370.456298828125,361.25079956054685,361.5676595052083,362.6643753051758,363.8385815429688,361.1572153727213,0.1863901799653791,-0.004093011734451,0.0027840867759236,0.0144505164927224,-0.0049052263912361,Capital Goods,1.0,0.8887699707031249
2023-04-13,364.72314453125,374.081334600249,362.9500258061469,371.5694113960144,136616,370.5548034667969,362.7087036132813,360.6154215494792,363.0313140869141,363.966640625,361.5922882080078,0.1486965161603419,-0.0182951777533924,0.018771133577397,0.0256583389601621,-0.0048615470438048,Capital Goods,1.0,0.8889599853515624
2023-04-17,360.0440673828125,367.3828709315708,358.4679450699614,366.5947947441288,123283,368.8604736328125,363.3884002685547,360.0407958984375,363.329296875,363.6888488769531,362.3754201253256,0.12274817938071,-0.0128291204399741,0.0181942377468793,0.0203830703338749,-0.0043775816785652,Capital Goods,1.0,0.8890549926757811
2023-04-18,367.0381164550781,368.5649672085415,361.620216274094,364.4769212662059,114464,367.27451171875,363.8464599609375,360.126171875,363.2849685668945,363.391357421875,363.3801951090495,0.1615344474893742,0.0194255362214572,-0.0069780087518122,0.0041599242286058,-0.0147611377077433,Capital Goods,1.0,0.8891024963378906
2023-04-19,368.7619934082031,374.17989358364554,360.7336564333636,369.4022846892575,134735,366.41749877929686,366.3534729003906,360.8748270670573,363.28004302978513,363.2672399902344,363.7085530598959,0.1710943966689407,0.0046967246066281,0.0017363266619117,0.0146921327910412,-0.0217710531951499,Capital Goods,1.0,0.8891262481689453
2023-04-20,364.6739501953125,371.42167459643514,362.5067780841259,371.02765150222893,101906,365.0482543945312,367.7522766113281,362.51661783854166,362.4378082275391,363.1411511230469,364.0401936848958,0.1484237035616048,-0.0110858583204515,0.0174229645509735,0.0185034450569026,-0.0059427664356773,Capital Goods,1.0,0.8891381240844727
2023-04-21,363.73809814453125,366.64407466366106,361.1769030862863,364.6739292437855,95647,364.8512451171875,367.70302429199216,363.4228841145833,361.6743774414063,363.3953002929687,364.1140747070313,0.1432338331193767,-0.0025662706378671,0.0025728157265572,0.0079892002898611,-0.007041316461789,Capital Goods,1.0,0.8891440620422364
2023-04-24,359.99481201171875,370.2888031682696,358.12314992686265,363.73807605736783,283602,364.8413940429688,366.8509338378906,363.8727315266927,361.2409454345704,363.63171630859375,363.8809397379557,0.1224750283048032,-0.0102911577090973,0.0103981055302742,0.0285948319616777,-0.0051991362719837,Capital Goods,1.0,0.8891470310211183
2023-04-25,363.3933410644531,364.8217086145084,356.54710330827726,357.5814176982929,355617,364.11243896484376,365.6934753417969,363.9351196289063,361.12273864746095,363.4504626464844,363.5115376790365,0.1413219448266143,0.0094404945275259,-0.0159934778913006,0.0039306376552505,-0.0188397446582864,Capital Goods,1.0,0.8891485155105592
2023-04-26,361.0783996582031,364.4769126250613,358.5664762041144,364.4769126250613,153154,362.5757202148437,364.4966094970703,365.09422200520834,361.30005035400393,363.13917846679686,363.151986694336,0.1284841827361668,-0.0063703462464916,0.0094121192795668,0.0094121192795668,-0.0069567258979393,Capital Goods,1.0,0.8891492577552795
2023-04-27,357.43365478515625,361.81721050303736,356.3008271305144,359.5515551937536,155970,361.1276611328125,363.0879577636719,365.5440714518229,362.16937866210935,362.17577880859375,362.8055694580078,0.1082718493119917,-0.0100940540239931,0.0059252965697098,0.0122639702758711,-0.0031693368530805,Capital Goods,1.0,0.8891496288776397
2023-04-28,351.67095947265625,359.3545146295983,350.04559550430696,358.51722687095696,276593,358.7142333984375,361.7827392578125,364.7067606608073,362.2457214355469,361.0823486328125,362.6151224772136,0.0763141888624114,-0.0161224194626099,0.0194678213082108,0.0218487053024334,-0.0046218316428134,Capital Goods,1.0,0.8891498144388199
2023-05-02,350.04559326171875,353.6411026382525,347.5829114884719,351.670957219655,241780,356.7243896484375,360.7828918457032,363.4754191080729,362.0856460571289,360.3376342773437,362.4804951985677,0.0673005418346584,-0.0046218380197636,0.0046432921574333,0.01027154589501,-0.0070353171719707,Capital Goods,1.0,0.88914990721941
2023-05-03,360.7336730957031,362.4082788264238,347.73070004921817,352.6560640725782,326192,356.1924560546875,360.15244750976564,362.5264689127605,361.9994537353516,360.1366821289063,362.2407948811849,0.1265724636819893,0.0305333934770983,-0.0223921680330129,0.0046422218262844,-0.0360459087029428,Capital Goods,1.0,0.889149953609705
2023-05-04,370.8798828125,374.82017373215473,360.5366191484064,363.44259572646536,555398,358.1527526855469,360.36423645019534,362.3819905598958,363.35885467529295,360.6705908203125,362.3081075032552,0.1828393852171763,0.0281265944199921,-0.0200530884275397,0.0106241699867197,-0.0278884462151394,Capital Goods,1.0,0.8891499768048525
2023-05-05,362.9007873535156,373.5888324756408,359.551546087301,372.2589782790755,327847,359.2461791992188,360.1869201660156,361.8073649088541,363.9695983886719,361.58473876953127,361.68751220703126,0.1385904340675468,-0.0215139613356118,0.0257871882665376,0.0294517000088885,-0.009229082390918,Capital Goods,1.0,0.8891499884024263
2023-05-08,358.8619689941406,364.1321138988102,356.59631383162576,363.04852792724677,231124,360.6843811035157,359.6993072509766,361.4166198730469,363.7011657714844,361.93345336914064,361.016020711263,0.1161927227975329,-0.0111292631488303,0.0116662095591815,0.0146857158462383,-0.0063134446061957,Capital Goods,1.0,0.8891499942012131
2023-05-09,365.51123046875,371.37242533371125,354.7739435471053,360.19184365144326,286829,363.7775085449219,360.2509490966797,361.7810974121094,363.5509414672852,362.4240185546875,360.9109466552735,0.1530669333748499,0.0185287437764628,-0.0145532787336927,0.0160356081465529,-0.0293760793830456,Capital Goods,1.0,0.8891499971006065
2023-05-10,367.5798645019531,369.9933045925846,358.46794221263826,362.999282552704,209260,365.1467468261719,360.6696014404297,361.8172139485677,363.1815383911133,362.6289123535156,360.9716929117839,0.1645387708471787,0.0056595635394026,-0.0124614604650761,0.006565757060446,-0.0247889592691942,Capital Goods,1.0,0.8891499985503033
2023-05-11,364.42767333984375,370.042569938373,363.44260059672973,369.40227866775575,114182,363.85630493164064,361.00452880859376,361.52825927734375,362.750569152832,363.4583447265625,361.2015431722005,0.1470579481820711,-0.0085755272976673,0.0136504598630549,0.015407437495267,-0.0027030678929681,Capital Goods,1.0,0.8891499992751517
2023-05-12,362.1127624511719,366.4470767008174,360.3888850742191,364.6246860327745,110350,363.6986999511719,361.4724395751953,361.3575134277344,362.2801986694336,363.9154187011719,361.9370656331381,0.1342203553302085,-0.0063521819500055,0.006936854599101,0.0119695152976828,-0.0047606092789541,Capital Goods,1.0,0.8891499996375758
2023-05-15,362.3590087890625,366.1515448019862,359.69930040025014,360.53661823095285,123905,364.3981079101562,362.541244506836,361.2655741373698,362.1619918823242,363.84055419921873,362.3442291259765,0.1355859414711574,0.0006800266751819,-0.0050292403773808,0.0104662390638434,-0.0073399814115305,Capital Goods,1.0,0.889149999818788
2023-05-16,365.51123046875,370.2395976879384,363.4918433637651,364.4769161100084,221020,364.3981079101562,364.0878082275391,361.6333353678385,362.4353500366211,363.7203747558594,362.7530334472656,0.1530669333748499,0.008699167409199,-0.002829774498078,0.0129363117328145,-0.0055248291615969,Capital Goods,1.0,0.8891499999093939
2023-05-17,371.8157043457031,374.22911443455604,364.72316884834936,367.3828771753653,292589,365.2452758789062,365.1960113525391,362.1948262532552,362.6742294311524,363.5942858886719,363.0649729410807,0.1880290864208196,0.0172483725571658,-0.0119221085030241,0.0064908772293517,-0.0190754059456276,Capital Goods,1.0,0.889149999954697
2023-05-18,381.8634338378906,385.9514796128662,372.89926607483847,374.3276335434361,744078,368.7324279785156,366.29436645507815,363.5804951985677,363.3293014526368,363.94694091796873,364.337358601888,0.243749875042778,0.0270234134135588,-0.0197342809671943,0.0107055177655763,-0.0234748000691201,Capital Goods,1.0,0.8891499999773484
2023-05-19,378.6127014160156,383.53806495710586,373.39179802523995,383.53806495710586,285029,372.0324157714844,367.8655578613281,364.992431640625,364.0262390136719,364.2306420898437,365.268251546224,0.225722580987272,-0.008512814094829,0.0130089759869895,0.0130089759869895,-0.013789562186502,Capital Goods,1.0,0.8891499999886743
2023-05-22,362.8515319824219,377.6768639669714,360.3395785814896,372.3574774444572,449859,372.13092041015625,368.2645141601562,365.73780314127606,363.9819107055664,364.1557775878906,365.2222819010416,0.1383172829916401,-0.0416287392753777,0.026197892592874,0.0408578459171773,-0.0069228132707841,Capital Goods,1.0,0.8891499999943371
2023-05-23,358.2709655761719,366.15154745247344,354.62618443356877,360.5366208407949,390253,370.6828674316406,367.5404876708984,366.2861612955729,363.8957183837891,364.084853515625,364.8807902018229,0.1129152483638216,-0.012623803408585,0.0063238595429562,0.0219961499353653,-0.0101732529085676,Capital Goods,1.0,0.8891499999971686
2023-05-24,352.311279296875,359.5515703561806,350.63667358175275,358.2709877468497,417592,366.781982421875,366.0136291503906,365.7246683756511,363.3416152954102,363.4957800292969,364.1255686442057,0.0798651528491991,-0.0166345778807738,0.0169160307948947,0.0205508352549921,-0.0047531992687385,Capital Goods,1.0,0.8891499999985844
2023-05-25,356.3500671386719,362.1619903484299,351.9172397658342,354.0844118395909,302646,361.6793090820312,365.2058685302735,364.7560139973958,363.1051986694336,362.9993029785156,363.5690022786458,0.1022626948806281,0.0114636915680283,-0.0063579482874048,0.0163095892093556,-0.0124395300621976,Capital Goods,1.0,0.8891499999992922
2023-05-26,354.1828918457031,361.5216957877338,352.754554409103,361.5216957877338,190147,356.7933471679688,364.4128814697266,364.17482096354166,362.9426605224609,362.57966064453126,362.9910929361979,0.090244386017901,-0.0060815908086398,0.0207203795298722,0.0207203795298722,-0.0040327680119072,Capital Goods,1.0,0.8891499999996462
2023-05-29,356.547119140625,358.3694798075704,352.75458277210254,355.2172648215279,161052,355.5324645996094,363.8316925048828,364.02049763997394,363.18646850585935,362.292021484375,362.7185587565104,0.1033554684228399,0.006675159499098,-0.0037298136703569,0.0051111355810076,-0.0106368447953344,Capital Goods,1.0,0.8891499999998231
2023-05-30,354.3306579589844,357.4828725239036,352.65602236428504,357.4828725239036,143472,354.74440307617186,362.7136352539063,363.2751261393229,363.4007217407226,362.0654553222656,362.5281117757161,0.0910638392456212,-0.0062164607779832,0.0088962512673236,0.0088962512673236,-0.0047261944657727,Capital Goods,1.0,0.8891499999999115
2023-05-31,354.232177734375,356.6948596846111,349.79935022394994,354.62620083400566,251999,355.1285827636719,360.9552825927734,362.3852803548177,363.0756469726563,361.6990087890625,362.1012471516927,0.0905177063323925,-0.0002779331181124,0.0011123300603315,0.0069521689587521,-0.0125139041257541,Capital Goods,1.0,0.8891499999999557
2023-06-01,355.2664794921875,357.6799197423895,352.1142647452276,354.57694660786865,130805,354.911865234375,358.29558715820315,361.7745340983073,362.2949768066407,361.4665319824219,361.6513966878255,0.0962535404492645,0.0029198413436852,-0.0019408892313861,0.0067933238555231,-0.0088728178111979,Capital Goods,1.0,0.8891499999999779
2023-06-02,361.7679748535156,369.40228882251427,355.5127567503807,357.03963758140156,426953,356.4288818359375,356.6111145019531,361.7515482584635,362.2383361816407,361.63990478515626,361.554530843099,0.1323082977988613,0.0183003343592147,-0.0130700824859597,0.0211027910142955,-0.0172906905473536,Capital Goods,1.0,0.889149999999989
2023-06-05,354.6261901855469,369.402281443278,352.16350830925836,369.402281443278,446062,356.04469604492186,355.7885803222656,361.2360270182292,362.02654724121095,361.7581140136719,361.25080057779945,0.0927027457010617,-0.0197413402080727,0.0416666666666667,0.0416666666666667,-0.0069444444444444,Capital Goods,1.0,0.8891499999999946
2023-06-06,353.8873596191406,359.55152751840313,352.85304533191436,355.7097500860924,175602,355.95603637695314,355.3502197265625,360.4611022949219,361.44535369873046,361.91178466796873,361.0472188313802,0.0886054795624605,-0.0020834066598963,0.0051496342477816,0.0160055671537926,-0.0029227217619172,Capital Goods,1.0,0.8891499999999972
2023-06-07,361.0783996582031,362.5067671514123,352.3605299869338,355.85752617784703,385285,357.3252807617188,356.2269317626953,359.7452819824219,361.12028045654296,361.9255737304687,360.9700541178385,0.1284841827361668,0.020320138155829,-0.0144591132709632,0.0039558375537314,-0.0241439800318205,Capital Goods,1.0,0.8891499999999986
2023-06-08,367.5798645019531,370.3873276521485,357.13808808233176,361.0291371928522,700639,359.7879577636719,357.34991149902345,358.7930440266927,361.2778900146485,361.7935729980469,361.1867696126302,0.1645387708471787,0.0180056875457083,-0.017821235442199,0.0076376956991355,-0.0284068237354875,Capital Goods,1.0,0.8891499999999992
2023-06-09,372.85003662109375,374.13061917384243,366.5455770208851,371.6186956811298,478558,362.0043701171875,359.2166259765625,358.4088663736979,361.8147537231445,362.19154296875,361.7006490071615,0.1937650897762765,0.0143374886061328,-0.0033025099075296,0.0034345780527575,-0.0169088346010154,Capital Goods,1.0,0.8891499999999997
2023-06-12,400.7275695800781,403.7813010176942,373.4410733339761,375.3127054854073,2801259,371.2246459960937,363.6346710205078,360.933935546875,363.7331817626953,363.8661669921875,363.3358693440756,0.3483630138661956,0.0747687547830784,-0.0634218008042296,0.0076204675431144,-0.0680923857439994,Capital Goods,1.0,0.8891499999999999
2023-06-13,420.872314453125,431.4618460631217,403.48578717097894,403.87981024173496,3133839,384.62163696289065,370.28883666992186,365.10735880533855,366.50123596191406,366.0806103515625,365.6967600504557,0.4600779114246039,0.0502704241042275,-0.040374488004681,0.0251609128145113,-0.0413106937308002,Capital Goods,1.0,0.8891499999999999
2023-06-14,436.73199462890625,442.7409442086089,423.72902275355085,424.56634057451515,1818968,399.7523559570312,378.538818359375,370.7354064941407,369.7470504760742,368.8466955566406,368.2300374348959,0.5480295115720494,0.0376828782296813,-0.0278561090188236,0.0137588948224607,-0.0297733439163395,Capital Goods,1.0,0.8891499999999999
2023-06-15,432.59466552734375,444.66180597220756,428.6051331601815,437.3230324735713,870673,412.75531616210935,386.2716369628906,375.81837972005206,372.2836120605469,371.5733752441406,370.287196858724,0.525085498150222,-0.0094733821942173,0.0109302479272681,0.0278947971541758,-0.0092223337111634,Capital Goods,1.0,0.8891499999999999
2023-06-16,449.9319763183594,453.0842211274507,430.87081268852444,433.82603092378463,969972,428.1717041015625,395.088037109375,382.20165201822914,375.8495758056641,375.0861437988281,373.1882364908854,0.621231461336285,0.040077495569394,-0.0357964008834496,0.0070060475249726,-0.0423645453826286,Capital Goods,1.0,0.8891499999999999
2023-06-19,480.5184631347656,489.28563443515174,453.13345341001724,456.0886715844304,2970903,444.1298828125,407.67726440429686,390.4664082845052,381.73292236328126,379.8125219726562,377.2434529622396,0.7908521868853208,0.0679802468512798,-0.0508404846526857,0.018245232957734,-0.056990546307204,Capital Goods,1.0,0.8891499999999999
2023-06-20,480.6169738769531,487.0199465543068,475.3468288147246,481.700559880912,811695,456.0788146972656,420.3502258300781,398.8854960123698,387.8502227783203,384.4167517089844,381.0803110758464,0.7913984890371343,0.0002050092759076,0.0022545728987015,0.0133224022982445,-0.0109653744013997,Capital Goods,1.0,0.8891499999999999
2023-06-21,487.70953369140625,505.3423302349558,477.90804762012476,480.715511022726,1652759,466.2743225097656,433.0133392333984,407.7839864095052,394.62013549804686,389.0525048828125,385.0846333821615,0.8307310592976119,0.0147571979350628,-0.0143405494162549,0.0361542994866008,-0.0200969745190244,Capital Goods,1.0,0.8891499999999999
2023-06-22,470.6677551269531,492.48714092294296,462.9841995841996,488.99011456971357,619326,473.8889404296875,443.3221282958984,415.4774047851562,400.3360198974609,392.604677734375,388.6259694417318,0.7362240025669894,-0.0349424757713187,0.0389284357026291,0.046358361197071,-0.0163247969699582,Capital Goods,1.0,0.8891499999999999
2023-06-23,465.4468994140625,471.2588229393123,454.66034019647765,471.2588229393123,405422,476.99192504882814,452.5818145751953,422.3893330891927,405.8992202758789,396.0780456542969,392.0704406738281,0.7072711731909681,-0.011092443992647,0.012486759569279,0.012486759569279,-0.0231746290095899,Capital Goods,1.0,0.8891499999999999
2023-06-26,476.8244323730469,478.84384946205,459.48717675858444,464.0677588392468,406127,476.2531188964844,460.1915008544922,430.5358825683594,411.9130859375,400.6369616699219,395.8859547932943,0.7703665331466542,0.024444320014393,-0.0267533974094259,0.0042351376143896,-0.0363598306575416,Capital Goods,1.0,0.8891499999999999
2023-06-27,485.5423278808594,492.0438137141131,476.62743196951095,476.8737001445431,416283,477.2381896972656,466.6585021972657,439.312880452474,418.4736694335937,405.7278161621094,399.8869913736979,0.8187125811963,0.0182832399431076,-0.017853495439111,0.0133901525365036,-0.0183606977176579,Capital Goods,1.0,0.8891499999999999
2023-06-28,494.01397705078125,501.5005358559816,486.57668991959616,486.57668991959616,722691,478.4990783691407,472.38670043945314,448.1752522786458,425.4627593994141,411.3959240722656,403.96026713053385,0.8656930431049968,0.017447807705862,-0.0150548111524799,0.0151545485613471,-0.0150548111524799,Capital Goods,1.0,0.8891499999999999
2023-06-30,520.66015625,536.7661307433082,499.13634210682574,499.13634210682574,6815253,488.49755859375,481.1932495117188,458.38060506184894,433.7324432373047,417.9683276367188,408.5868245442708,1.0134623595358323,0.053938107901914,-0.0413394685281801,0.0309337565011882,-0.0413394685281801,Capital Goods,1.0,0.8891499999999999
2023-07-03,512.9766845703125,531.2497738393607,510.2184926262425,526.0288997802148,2290280,498.003515625,487.4977203369141,467.7223815917969,441.29287872314455,424.3200793457031,413.0656239827474,0.9708528225573976,-0.0147571723848179,0.0254440710513681,0.0356216760306649,-0.005376836856397,Capital Goods,1.0,0.8891499999999999
2023-07-04,515.4392700195312,524.649675352959,503.86466624938413,515.193001854209,1098169,505.7264831542969,490.98980102539065,475.3698282877604,449.3335327148437,430.6757653808594,418.1518819173177,0.984509360921226,0.004800579681865,-0.0004777830864787,0.0178690407758002,-0.0224558050645006,Capital Goods,1.0,0.8891499999999999
2023-07-05,515.4392700195312,524.5019505282039,510.80941648665964,515.2914850707124,617552,511.7058715820313,494.4720306396485,481.6742919921875,457.41112823486327,437.1201098632813,423.390825398763,0.984509360921226,0.0,-0.0002867165103916,0.0175824409116698,-0.0089823453550524,Capital Goods,1.0,0.8891499999999999
2023-07-06,516.1781005859375,520.5124445641484,510.8586838966847,515.4392960526561,332433,516.1386962890625,497.3188873291016,486.9706990559896,465.16611328125,443.5979467773437,428.8530527750651,0.9886066270598272,0.0014333998385071,-0.0014312977099236,0.0083969931566076,-0.0103053901031727,Capital Goods,1.0,0.8891499999999999
2023-07-07,504.84979248046875,519.1333475847943,499.9736702648678,514.2572253691932,481076,512.9766235351562,500.7370910644531,491.7877075195312,472.0296096801758,449.581279296875,433.8030436197917,0.9257842489414632,-0.0219465105021105,0.0186341225228658,0.0282926829268292,-0.0096585604039632,Capital Goods,1.0,0.8891499999999999
2023-07-10,512.5333251953125,517.0646957906305,505.34230635003775,507.1154252246981,444540,512.8879516601562,505.44573364257815,495.9611307779948,479.0137741088867,455.61189331054686,439.081391398112,0.9683941243970674,0.015219443147817,-0.0105708247723205,0.0088411238305161,-0.0140303439635548,Capital Goods,1.0,0.8891499999999999
2023-07-11,507.2139892578125,516.769146950981,505.34232696018387,514.1094985925519,327503,511.2428955078125,508.4846893310547,497.7408325195312,484.3380950927734,461.7154052734375,444.10362040201824,0.9388951621078172,-0.0103785172124621,0.0135948721462302,0.018838513715188,-0.0036900841405564,Capital Goods,1.0,0.8891499999999999
2023-07-12,505.8348388671875,513.4199107932226,503.66766687059646,508.9378419673141,251380,509.3220092773437,510.5139404296875,499.4220235188802,488.5862213134766,467.7933044433594,449.153759765625,0.9312469319824284,-0.0027190700963178,0.0061344195015822,0.0149951552230402,-0.0042843470438778,Capital Goods,1.0,0.8891499999999999
2023-07-13,516.8184814453125,529.9199379868993,507.7557994347162,507.7557994347162,1229486,509.4500854492188,512.7943908691407,501.3626200358073,492.5905456542969,474.02290771484377,454.57330322265625,0.9921579295237848,0.0217138910453909,-0.017535522308049,0.0253502090423465,-0.017535522308049,Capital Goods,1.0,0.88915
2023-07-13,516.8184814453125,529.9199379868993,507.7557994347162,507.7557994347162,1229486,509.4500854492188,512.7943908691407,501.3626200358073,492.5905456542969,474.02290771484377,454.57330322265625,0.9921579295237848,0.0217138910453909,-0.017535522308049,0.0253502090423465,-0.017535522308049,Capital Goods,1.0,0.88915
2023-07-14,525.9303588867188,527.4079679937718,516.0796315063649,518.7885815359622,498015,513.6661987304688,513.3214111328125,505.0467936197917,497.2573303222656,480.3569274902344,460.262099202474,1.0426888477035148,0.0176307113010439,-0.0135793213494542,0.002809514761956,-0.0187300984130402,Capital Goods,1.0,0.79505
2023-07-17,525.0437622070312,540.2139062153606,522.1377856446741,529.8706426071544,640333,516.1682861328125,514.5281188964843,509.0199178059896,501.0129196166992,486.4446765136719,465.7046254475911,1.0377721283371937,-0.0016857682100045,0.0091932915836068,0.0288931039663462,-0.0055347320957435,Capital Goods,1.0,0.748
2023-07-18,533.4168701171875,536.5691148001264,520.1183885907202,527.01389753037,630737,521.4088623046875,516.32587890625,512.7927469889323,503.6578399658203,491.7522485351562,471.66431477864586,1.084206118855492,0.0159474476469537,-0.0120036934441366,0.0059095331616458,-0.0249307479224376,Capital Goods,1.0,0.724475
2023-07-19,537.1600952148438,545.1392196234846,528.5407096686362,533.9093675479436,587175,527.6739135742188,518.4979614257812,516.2339314778645,506.4849960327148,496.403759765625,477.7734059651693,1.1049645851928958,0.0070174479049263,-0.0060516924020574,0.014854276182689,-0.0160462134529187,Capital Goods,1.0,0.7127125
2023-07-20,533.36767578125,537.9482281941417,529.5258678390179,537.9482281941417,285638,530.9837524414063,520.2169189453125,518.8575113932292,508.76790313720704,500.2691870117188,483.5163818359375,1.0839333062567549,-0.0070601287537506,0.0085879827760135,0.0085879827760135,-0.0072029260802218,Capital Goods,1.0,0.70683125
2023-07-21,540.3123779296875,545.7302777995385,527.2601646068646,530.9541872453995,645752,533.86015625,523.7631774902344,520.1676595052083,512.2501342773437,504.5778955078125,489.2741322835287,1.1224459155737578,0.0130204781125238,-0.0173199635369187,0.0100273473108476,-0.0241567912488606,Capital Goods,1.0,0.703890625
2023-07-24,530.1661987304688,541.2482678505702,527.1124369429303,540.3124366556137,431126,534.8846435546875,525.52646484375,521.3136271158854,515.4860992431641,507.7872644042969,494.5180043538412,1.0661791632771556,-0.0187783578790029,0.0191378438486669,0.0209030095593389,-0.0057600084555576,Capital Goods,1.0,0.7024203124999999
2023-07-25,539.3273315429688,541.297477046322,529.5258456389721,532.0377691309337,855525,536.0667358398438,528.7377990722656,522.9061645507812,518.6112442016602,510.139619140625,499.1379964192709,1.1169832325327926,0.0172797376264974,-0.0135160263270548,0.0036529680365295,-0.0181735382776827,Capital Goods,1.0,0.7016851562499999
2023-07-26,560.2601318359375,569.1257866693853,540.9527298038346,541.7900175995879,1787050,540.6867431640625,534.1803283691406,525.8942220052083,522.347134399414,513.3253454589844,503.7842569986979,1.233068378067124,0.0388127933978087,-0.0329670329670329,0.0158241758241759,-0.0344614955357144,Capital Goods,1.0,0.701317578125
2023-07-27,538.095947265625,568.1899053807934,522.7288376267496,564.3481580331069,1462478,541.6323974609375,536.3080749511719,527.3554117838542,524.5512329101563,515.3408020019531,507.1630554199219,1.110154455635124,-0.0395605243187336,0.0487872300486269,0.0559267511084093,-0.02855830770881,Capital Goods,1.0,0.7011337890625
2023-07-28,538.3914794921875,553.6108649392636,527.4079548120498,527.4079548120498,1761132,541.2482177734375,537.5541870117188,529.5915242513021,525.4377990722656,518.0497509765624,510.6896158854167,1.1117933620905645,0.0005492184582773,-0.0204006287218687,0.0282682509415472,-0.0204006287218687,Capital Goods,1.0,0.70104189453125
2023-07-31,559.3735961914062,561.4915268775043,540.8049969399119,540.8049969399119,1265010,547.089697265625,540.9871704101563,532.714208984375,527.7576446533203,521.8068188476562,514.3376698811849,1.2281519971779722,0.0389718587653154,-0.0331953445388232,0.0037862543039541,-0.0331953445388232,Capital Goods,1.0,0.700995947265625
2023-08-01,571.9332275390625,576.2675717867448,553.561656410389,561.4914802024693,927529,553.6108764648437,544.8388061523438,537.0288248697917,530.5823425292969,525.6111706542969,517.3848286946615,1.2978028137168354,0.0224530285897845,-0.0182569342605295,0.0075784095747195,-0.0321218810939232,Capital Goods,1.0,0.7009729736328125
2023-08-02,571.24365234375,579.9122796170722,554.1033642273586,575.0853995946219,1145622,555.8075805664063,548.2471618652344,541.3894124348958,533.3725616455079,529.0392236328125,520.405717976888,1.2939786986541408,-0.0012056917872731,0.0067252340312398,0.0151750084885069,-0.0300052141429785,Capital Goods,1.0,0.7009614868164062
2023-08-03,580.651123046875,588.1376516204863,564.4959064944713,568.3869557379414,1385828,564.3186157226562,552.9755065917968,545.644921875,536.5962127685547,532.5047094726563,523.5037709554036,1.3461488617664812,0.0164684030440026,-0.0211214046131165,0.0128933334948651,-0.0278225872837922,Capital Goods,1.0,0.7009557434082031
2023-08-04,566.8109130859375,586.1183159134578,560.5064231172395,583.0646142835376,792705,570.0025024414062,555.6253601074219,548.370292154948,539.6942687988281,534.3507397460937,526.7085428873698,1.2693964557312123,-0.0238356724229054,0.0286757026414834,0.0340632164656169,-0.0111227392118721,Capital Goods,1.0,0.7009528717041016
2023-08-07,553.5123901367188,566.2197922586181,549.8676090168309,565.5302293239256,889407,568.8302612304688,557.9599792480469,550.2682006835937,541.7432220458984,535.97216796875,529.6440592447917,1.1956480345765783,-0.023462009361846,0.0217119605655773,0.0229577555052753,-0.0065848230045719,Capital Goods,1.0,0.7009514358520508
2023-08-08,553.463134765625,564.2496940700107,550.6557013041329,554.103456142352,624676,565.1362426757812,559.3735595703125,551.6046183268229,544.0556793212891,537.4931225585938,532.1986826578776,1.1953748835006717,-8.898693501979932e-05,0.0011569359122685,0.0194892100789214,-0.0050724850222968,Capital Goods,1.0,0.7009507179260254
2023-08-09,548.7347412109375,558.0929319581588,545.3855300705826,555.088472216759,548188,560.6344604492188,558.2210205078125,552.3762613932291,546.2006744384765,538.82494140625,534.3050964355468,1.1691530571679631,-0.008543285465056,0.0115788750531817,0.0170541247790687,-0.0061035157587505,Capital Goods,1.0,0.7009503589630126
2023-08-10,571.1451416015625,575.8734785546841,548.5870127604384,550.6556413886583,831553,558.7332641601563,561.5259399414062,554.8947591145833,548.9170074462891,541.023623046875,536.8761352539062,1.293432396502327,0.0408401340530584,-0.035874419163313,0.0082786959193292,-0.0394963157313539,Capital Goods,1.0,0.7009501794815063
2023-08-11,570.5541381835938,576.2675480022209,566.6630888688507,575.9720382075462,493445,559.4819091796875,564.7422058105469,556.9108764648438,551.1481964111329,543.651796875,538.5392679850261,1.290154922068616,-0.0010347692292566,0.0094958561534594,0.0100137908679731,-0.0068197723131595,Capital Goods,1.0,0.7009500897407531
2023-08-14,574.74072265625,578.1392357551553,553.3153897978495,570.2586535543643,585170,563.7275756835937,566.2789184570313,559.8825113932292,553.6330444335938,546.1400927734375,540.5980692545573,1.31337208656635,0.0073377514813661,-0.007798419226623,0.0059131238921066,-0.037278257854046,Capital Goods,1.0,0.7009500448703765
2023-08-16,566.9586181640625,582.6212991852884,564.3482114099049,572.3272767609022,534526,566.4266723632812,565.7814575195313,561.7245971679688,555.3101318359375,548.5298779296875,542.315380859375,1.2702155704817628,-0.013540200277129,0.0094692247808572,0.0276257922878835,-0.0046042280168712,Capital Goods,1.0,0.7009500224351882
2023-08-17,587.9387817382812,592.1050547422125,571.3729227374437,571.3729227374437,941364,574.26748046875,567.4509704589843,563.5698404947917,557.8490661621094,551.8140356445313,544.73203125,1.386563374299742,0.0370047529079938,-0.0281761630893941,0.0070862360731049,-0.0281761630893941,Capital Goods,1.0,0.70095
2023-08-17,587.9387817382812,592.1050547422125,571.3729227374437,571.3729227374437,941364,574.26748046875,567.4509704589843,563.5698404947917,557.8490661621094,551.8140356445313,544.73203125,1.386563374299742,0.0370047529079938,-0.0281761630893941,0.0070862360731049,-0.0281761630893941,Capital Goods,1.0,0.70095
2023-08-18,591.9835205078125,598.9245457189313,582.9951583238053,592.233197235146,822770,578.43515625,568.5842102050781,567.1623453776042,560.7798583984375,554.8206372070313,547.2588785807292,1.4089939178552118,0.0068795236768915,0.0004217629692111,0.0117250311379693,-0.0151834668916067,Capital Goods,1.0,0.6744749999999999
2023-08-21,582.695556640625,595.5788391574624,581.2973425893874,591.1845653437182,334049,580.8634399414062,570.1726745605469,570.1159505208333,562.8990173339844,557.0912451171876,549.8537373860677,1.3574864930410442,-0.0156895649041381,0.0145685145636502,0.022109800512488,-0.0023995618900864,Capital Goods,1.0,0.6612374999999999
2023-08-22,587.3394775390625,590.2357518035002,583.3946342234639,583.3946342234639,244527,583.3831909179687,573.5553833007813,571.9803426106771,565.757681274414,559.5830737304688,552.3472757975261,1.3832398669709582,0.0079697208010488,-0.0067164620572202,0.0049311758790213,-0.0067164620572202,Capital Goods,1.0,0.65461875
2023-08-23,592.033447265625,605.6158978889824,587.2396662628887,589.7364335514214,769434,588.3981567382813,577.4124145507812,573.3203572591145,568.3929870605468,561.9277368164062,555.1745910644531,1.4092707921799843,0.0079919193346752,-0.0038798715255237,0.0229420325592912,-0.0080971455664826,Capital Goods,1.0,0.6513093750000001
2023-08-24,601.3214111328125,604.1677624237398,594.4303699702034,597.4264907251377,467675,591.0746826171875,582.6710815429688,575.3255411783854,570.4460510253906,564.494189453125,558.3574768066406,1.460778216994152,0.0156882417878331,-0.0064772687876476,0.0047334939987668,-0.0114598300260542,Capital Goods,1.0,0.6496546875
2023-08-25,590.8349609375,602.0204900922076,583.8440128353365,601.3213830907453,428622,590.844970703125,584.6400634765625,576.004463704427,573.0830017089844,566.792880859375,560.8246927897136,1.4026244544767568,-0.0174390101552468,0.017748479434267,0.0189317320304795,-0.0118323196228448,Capital Goods,1.0,0.6488273437500001
2023-08-28,582.695556640625,603.7682479799282,577.3524381184683,593.2319023102766,815875,590.844970703125,585.8542053222657,577.0634399414063,575.2982055664063,568.4882080078125,562.716866048177,1.3574864930410442,-0.0137761047246762,0.0180820765656701,0.0361641531313403,-0.0091696572271136,Capital Goods,1.0,0.648413671875
2023-08-29,577.5521850585938,595.0295557172004,571.5100205364361,585.242240339627,798125,588.8875122070312,586.1353515625,578.666092936198,576.2071350097656,570.3836474609375,564.4671468098958,1.3289633604318922,-0.008826859109213,0.0133149098557268,0.030261110789207,-0.0104616771929357,Capital Goods,1.0,0.6482068359375
2023-08-30,592.0833740234375,601.5710897776019,581.0476747322087,581.0476747322087,1113595,588.8974975585937,588.6478271484375,581.2407755533854,577.2146423339843,572.4938891601563,566.4226969401042,1.4095476665047575,0.0251599584258685,-0.0186387589576056,0.0160242901091642,-0.0186387589576056,Capital Goods,1.0,0.6481034179687499
2023-08-31,618.4991455078125,624.1917867946254,594.3304273318788,594.3304273318788,1602237,592.3330444335937,591.7038635253906,585.8917358398437,579.5774169921875,574.8234497070313,569.1339986165365,1.556039231620168,0.0446149522910422,-0.0390763970354238,0.0092039598246154,-0.0390763970354238,Capital Goods,1.0,0.6480517089843749
2023-09-01,620.7462768554688,628.1866556357236,611.0088843396527,622.7936138598552,684115,598.3153076171875,594.5801391601562,589.1984781901042,581.5821746826172,578.129462890625,572.0466186523438,1.5685009455751353,0.0036332004077568,0.0032981865227734,0.0119861834982655,-0.0156865902847505,Capital Goods,1.0,0.6480258544921875
2023-09-04,631.4324340820312,639.4220892384666,621.7948881670885,624.0919627895488,876268,608.0626831054688,599.4538269042969,593.25703125,584.8132507324219,581.8511010742187,575.0839538574219,1.627762205391622,0.0172150162232074,-0.0116251096653815,0.0126532226176354,-0.0152629883970938,Capital Goods,1.0,0.648
2023-09-04,631.4324340820312,639.4220892384666,621.7948881670885,624.0919627895488,876268,608.0626831054688,599.4538269042969,593.25703125,584.8132507324219,581.8511010742187,575.0839538574219,1.627762205391622,0.0172150162232074,-0.0116251096653815,0.0126532226176354,-0.0152629883970938,Capital Goods,1.0,0.648
2023-09-05,616.6515502929688,631.8818295966391,611.4582625358814,631.6820760374765,550737,615.8825561523438,602.3850341796875,596.0510864257812,587.9702087402344,584.1422192382812,577.9667989095052,1.5457931892177228,-0.0234084962875731,0.0243744230228024,0.0246983556539095,-0.0084217541569789,Capital Goods,1.0,0.5740000000000001
2023-09-06,621.7449340820312,633.1801396470285,613.3558331588675,619.1982438188606,749455,621.8148681640625,605.3561828613281,599.7035074869792,591.3842987060547,586.1346875,580.714052327474,1.5740391090249322,0.0082597437509767,-0.0040960370138449,0.0183921169890681,-0.0134928335774053,Capital Goods,1.0,0.537
2023-09-07,612.9064331054688,630.9830035063353,584.2934562067754,624.9408389882267,534265,620.6963256835937,606.5146850585937,601.368017578125,594.5928833007813,587.8011987304687,582.4689290364583,1.52502423008806,-0.0142156381050567,0.0196349805332962,0.029493197369909,-0.0466840864334174,Capital Goods,1.0,0.5185
2023-09-08,615.2034301757812,622.0945319417356,605.5159613730011,615.6029373051405,507847,619.5877563476563,608.9515319824219,602.9160115559896,596.7957977294922,589.183291015625,585.0391784667969,1.5377624798906306,0.0037477124504536,0.0006493902825688,0.011201338334517,-0.0157467730633623,Capital Goods,1.0,0.50925
2023-09-11,618.2993774414062,629.185306330246,614.2047037985735,618.0996848392995,370902,616.9611450195313,612.5119140625,605.289599609375,599.1830596923828,591.2428295898437,587.7027750651042,1.5549313958439066,0.0050323959746784,-0.0003229707313197,0.0176062426811538,-0.006622477382683,Capital Goods,1.0,0.504625
2023-09-12,589.3369140625,631.1827573245811,553.5832194306133,618.1995676960692,861847,611.4982177734375,613.6903869628907,605.4227620442708,599.9128692626953,592.675810546875,588.7015523274739,1.3943168708248916,-0.046842135760764,0.0489747934413424,0.0710049587317098,-0.0606676652670953,Capital Goods,1.0,0.5023124999999999
2023-09-13,604.6171875,608.9615381745953,565.8173874853701,589.2370767085055,617437,608.0726684570312,614.9437683105468,606.2616780598959,601.7957977294922,594.72197265625,589.7910176595052,1.479055307200859,0.0259279082522896,-0.0254377664238903,0.0071852913949708,-0.0641725058711301,Capital Goods,1.0,0.50115625
2023-09-14,599.0742797851562,611.2585155503709,595.6287899165168,606.3149044500149,315165,605.3062377929688,613.0012817382812,606.1118693033854,602.352572631836,596.7355541992188,590.7187052408855,1.448316503039185,-0.0091676317336641,0.0120863554139818,0.0203384391157375,-0.0057513566929882,Capital Goods,1.0,0.500578125
2023-09-15,622.9933471679688,625.1905145220721,599.2241353246698,601.2714722624495,916009,606.8642211914063,613.2259887695312,608.25576171875,603.9030639648438,598.809482421875,592.1301127115886,1.5809623210529329,0.0399267139149931,-0.0348669452158093,0.0035267910389273,-0.0381532354259481,Capital Goods,1.0,0.5002890625
2023-09-18,616.102294921875,629.1853305881201,611.5082067279698,622.9933357783877,390515,606.4248046875,611.6929748535156,610.4828776041667,605.5734008789062,600.6314086914062,593.7731587727865,1.5427472331680514,-0.0110611971659399,0.0111848972375383,0.0212351678837749,-0.0074566970968478,Capital Goods,1.0,0.50014453125
2023-09-20,615.453125,621.9447198275863,606.2650093604778,614.2546645328916,217780,611.648046875,611.5731323242187,613.0096069335938,606.9790832519532,602.2599047851562,595.8378499348959,1.5391471899916649,-0.0010536722995932,-0.0019472814718559,0.0105476673427993,-0.0149290258937626,Capital Goods,1.0,0.5000722656250001
2023-09-21,612.1074829101562,623.6924585585347,603.9180741453631,614.004989444922,379170,613.1461059570313,610.6093872070312,614.3445475260417,607.9827850341796,604.065859375,597.7926615397135,1.5205935639373545,-0.0054360632092716,0.0030999564418725,0.0189263748145991,-0.0133790371682078,Capital Goods,1.0,0.5000361328125
2023-09-22,600.5723266601562,617.4005732863889,599.2240968247913,612.1074392890152,298330,613.4457153320312,609.3759765625,613.1494262695312,607.9453308105469,604.571201171875,599.5205810546875,1.4566240866910498,-0.0188449848630475,0.0192068667116365,0.0280203497217665,-0.0022449083574372,Capital Goods,1.0,0.50001806640625
2023-09-25,610.8590698242188,618.0996944942957,597.2266969249619,598.2254037760069,445470,611.0188598632812,608.9415405273437,612.4902791341145,608.9465362548829,605.3262231445312,600.8443786621094,1.5136703519093535,0.0171282336987921,-0.0206818015354135,0.0118531835373427,-0.0223167234026332,Capital Goods,1.0,0.5000090332031251
2023-09-26,608.9615478515625,623.4927214270075,605.5659199222134,610.8591153925929,257598,609.5907104492187,608.0077575683594,610.9922200520833,610.2598358154297,606.3768627929687,602.1246256510417,1.503147435182136,-0.0031063170973335,0.0031160711997746,0.0238622186026546,-0.0055760958000204,Capital Goods,1.0,0.5000045166015625
2023-09-27,612.65673828125,617.1509191719583,605.016606384554,609.2111874071278,182859,609.0314331054688,610.3397399902344,610.725899251302,612.0150634765625,607.3895532226562,603.3884928385417,1.5236395199870258,0.0060680193071701,-0.0056239500177348,0.0073355610244594,-0.0124704935395464,Capital Goods,1.0,0.5000022583007813
2023-09-28,613.4556884765625,621.894773630978,609.2111843234891,615.8026252140056,257901,609.30107421875,611.2235900878907,610.1732828776042,613.0836791992188,608.2464428710938,604.9383951822916,1.5280701861377313,0.0013040747704071,0.0038257640796703,0.0137566336296803,-0.0069190069190068,Capital Goods,1.0,0.5000011291503906
2023-09-29,632.730712890625,638.8727844031828,613.5555291713674,616.2021267074647,1283796,615.7327514648438,614.5892333984375,611.4949015299479,613.7952575683594,609.5028149414062,606.4314595540365,1.6349619532672262,0.0314204021189036,-0.0261226234896194,0.009707244152094,-0.0303054416809576,Capital Goods,1.0,0.5000005645751953
2023-10-03,630.0841674804688,633.3299646988369,620.1470222668347,631.1827206180407,346404,619.5777709960937,615.2983154296875,612.4869506835937,614.2621520996094,611.072783203125,607.7014811197917,1.6202852447140756,-0.0041827358088333,0.0017435022085456,0.0051513708578763,-0.0157711393596349,Capital Goods,1.0,0.5000002822875976
2023-10-04,612.2572631835938,631.1827714491462,609.4109728530645,627.2877900909384,321141,620.2369140625,614.9138122558594,612.0841430664062,613.3033935546875,612.2552514648437,608.6868713378906,1.5214241869116731,-0.0282928935798527,0.0245493648032681,0.0309110392045728,-0.0046488469826052,Capital Goods,1.0,0.5000001411437989
2023-10-05,603.5185546875,619.1982648764233,600.7221876180139,612.4070702916054,303913,618.40927734375,613.7203552246094,613.0295857747395,612.6467437744141,613.29390625,609.2261739095052,1.472962718147177,-0.0142729356131351,0.0147278249112121,0.0259804939999603,-0.0046334400951998,Capital Goods,1.0,0.5000000705718994
2023-10-06,602.8194580078125,608.9116066467947,592.5327891708611,604.9167790630286,521301,616.28203125,612.791552734375,612.909737141927,611.7004699707031,613.723349609375,609.5857076009114,1.4690858006460172,-0.0011583681632613,0.0034791860603624,0.0101060915636588,-0.0170642614472774,Capital Goods,1.0,0.5000000352859497
2023-10-09,580.2487182617188,594.2306150873023,577.5521973969668,584.2435459261712,401456,605.7856323242188,610.7591918945312,611.6546997070312,610.0675842285157,612.1933325195313,608.8832845052083,1.343917281786985,-0.0374419562047402,0.0068846815834768,0.0240963855421687,-0.0046471810792276,Capital Goods,1.0,0.5000000176429749
2023-10-10,599.5736694335938,606.2150947719907,585.9413566767934,587.2396634694078,450037,599.6835327148438,609.6306518554687,610.0933878580729,609.2860961914063,611.3464282226563,609.1745747884114,1.451085923241253,0.033304599499621,-0.0205712935590345,0.011076912941609,-0.0227366768285181,Capital Goods,1.0,0.5
2023-10-10,599.5736694335938,606.2150947719907,585.9413566767934,587.2396634694078,450037,599.6835327148438,609.6306518554687,610.0933878580729,609.2860961914063,611.3464282226563,609.1745747884114,1.451085923241253,0.033304599499621,-0.0205712935590345,0.011076912941609,-0.0227366768285181,Capital Goods,1.0,0.5
2023-10-11,612.5568237304688,623.1930760943787,601.4212788964298,604.2176458927871,528116,599.7434448242187,609.9901794433594,609.8570231119792,608.9989685058594,610.5914038085938,610.1699503580729,1.5230854328603105,0.0216539767484118,-0.0136137212330703,0.0173636990918413,-0.0181787948524081,Capital Goods,1.0,0.5740000000000001
2023-10-12,618.6489868164062,622.0945377314505,612.2073152719722,616.2021427778252,387208,602.76953125,610.589404296875,610.0700805664062,610.4645721435547,610.6713012695312,611.53984375,1.5568701930716562,0.0099454660366629,-0.0039551411070316,0.0055694763726603,-0.0104124821695468,Capital Goods,1.0,0.611
2023-10-13,618.898681640625,626.139306706799,613.7553166938845,619.1982815210823,687862,605.9853759765625,611.1337036132812,610.5228271484375,611.1786468505859,610.557451171875,612.4336873372396,1.5582549031726902,0.0004036130819573,0.0004840855043721,0.0116992090643657,-0.0083105120423039,Capital Goods,1.0,0.6295
2023-10-16,615.2034301757812,621.1956713787921,608.1126358013769,620.1969645116236,246000,612.976318359375,609.3809753417969,611.4982340494792,611.9851043701171,610.6493310546875,612.3238301595052,1.5377624798906306,-0.0059706888614596,0.0081168831168829,0.0097402597402598,-0.0115259343927557,Capital Goods,1.0,0.6387499999999999
2023-10-17,628.2864990234375,634.778094003788,617.2008765933319,618.2994298228981,746281,618.7188842773437,609.2012084960937,612.6600626627604,612.2497619628906,611.1726538085937,612.5751708984375,1.6103160766364035,0.0212662482130797,-0.0158957246671105,0.0103322210336218,-0.0176442155725711,Capital Goods,1.0,0.643375
2023-10-18,645.4642333984375,673.8275326915699,628.1866168589058,628.2365400108125,2449773,625.3003662109375,612.5219055175781,615.093575032552,613.7178588867188,612.259248046875,613.0428975423177,1.7055770912624193,0.0273406071938515,-0.0266903919631911,0.0439424801956827,-0.0267677365305947,Capital Goods,1.0,0.6456875
2023-10-19,638.2735595703125,657.8482515117172,632.1814718230727,646.1633685142623,511393,629.2252807617188,615.9974060058594,616.8013631184896,614.8588806152344,614.2167138671875,613.7636311848959,1.6657004189517308,-0.0111403133683571,0.0123611715159581,0.0306681855262536,-0.0095446343591939,Capital Goods,1.0,0.6468437499999999
2023-10-20,622.6937255859375,642.7677090370903,613.7053638693802,639.1723887329591,423377,629.9842895507812,617.9848327636719,617.4172322591146,615.3881927490235,614.939775390625,613.7952575683594,1.579300736627126,-0.0244093363273004,0.0264635124298315,0.0322373305307737,-0.0144346431435445,Capital Goods,1.0,0.647421875
2023-10-23,594.3304443359375,631.3825064338799,587.2396498175714,624.1418814999048,822158,625.8096923828125,619.3930053710938,614.8572143554687,615.0760986328125,614.7500219726562,613.1760579427083,1.4220090419825553,-0.045549328802552,0.0501597006313154,0.0623425275468461,-0.0119307274024786,Capital Goods,1.0,0.6477109375000001
2023-10-25,597.3265380859375,622.9933161281087,580.3985058714185,622.9933161281087,1071440,619.6177001953125,619.1682922363282,612.6733723958333,614.3994720458984,613.723349609375,612.5801615397136,1.4386242092862855,0.0050411244763805,0.0429694252735153,0.0429694252735153,-0.0283396620360496,Capital Goods,1.0,0.648
2023-10-25,597.3265380859375,622.9933161281087,580.3985058714185,622.9933161281087,1071440,619.6177001953125,619.1682922363282,612.6733723958333,614.3994720458984,613.723349609375,612.5801615397136,1.4386242092862855,0.0050411244763805,0.0429694252735153,0.0429694252735153,-0.0283396620360496,Capital Goods,1.0,0.648
2023-10-26,602.4199829101562,611.7578675565471,572.1091934993519,591.234454021212,522158,611.0088500976562,618.1546081542969,612.0175537109375,614.0723937988281,613.1760571289062,612.0508483886719,1.4668704675706643,0.0085270693656774,-0.0185676591186592,0.0155006223420439,-0.0503150464305311,Capital Goods,1.0,0.6887000000000001
2023-10-27,607.2138061523438,617.7002287914878,602.4200251371244,602.4200251371244,368458,604.7968994140625,617.0110900878906,612.2639038085938,613.8002471923828,612.846484375,612.6467447916667,1.4934551414292363,0.0079576099368908,-0.0078947167647512,0.017269736842105,-0.0078947167647512,Capital Goods,1.0,0.7090500000000001
2023-10-30,605.0166015625,612.4569798357289,600.5723438591971,612.2073031215684,226180,601.261474609375,615.6228820800782,612.4103800455729,613.3782928466796,612.5628491210938,612.66005859375,1.481270301799042,-0.0036185023587762,0.0118851309873115,0.0122978084469311,-0.0073456789314959,Capital Goods,1.0,0.719225
2023-10-31,615.1535034179688,619.1483308632271,605.4660346719713,605.4660346719713,345535,605.4260864257812,615.6178894042969,614.7373657226562,612.4994323730468,613.1460961914063,613.1960327148438,1.5374856055658577,0.0167547499180839,-0.0157480510021824,0.0064940334779237,-0.0157480510021824,Capital Goods,1.0,0.7243125
2023-11-01,598.7247924804688,621.1956979530468,595.2293182958455,619.0984378247658,396011,605.7057373046875,612.66171875,614.6807739257813,610.9314636230469,612.6607250976563,612.3870808919271,1.4463783827657746,-0.0267066851545466,0.0340283976881776,0.0375312760633861,-0.005838198498749,Capital Goods,1.0,0.72685625
2023-11-02,607.5632934570312,611.258521027592,595.7286415571224,607.2137704387769,225341,606.7343994140625,608.8716247558593,614.3478719075521,610.6967651367188,612.604794921875,612.1024475097656,1.4953932617026469,0.0147622097624274,-0.0005752865948591,0.0060820454598811,-0.0194788790359103,Capital Goods,1.0,0.728128125
2023-11-03,618.6989135742188,625.6898617501986,609.8603820485079,609.8603820485079,383964,609.0314208984375,606.91416015625,614.3512003580729,611.4557830810547,612.8464819335937,612.2106404622396,1.557147067396429,0.0183283293067721,-0.0142856748764124,0.0112994350282484,-0.0142856748764124,Capital Goods,1.0,0.7287640625
2023-11-06,607.4634399414062,632.1814344149776,604.3174889895512,626.1891933304755,697030,609.5207885742187,605.3911315917969,613.5888509114583,611.6879821777344,612.6067919921875,612.055839029948,1.4948395130531011,-0.0181598405723799,0.030826140567201,0.0406905055487052,-0.0051788317534936,Capital Goods,1.0,0.72908203125
2023-11-07,616.8013305664062,625.1904925485915,606.2649854151798,613.206010263315,330644,609.8503540039062,607.6382202148437,613.6953776041667,613.5156127929688,611.9696166992187,612.5968058268229,1.5466238121920417,0.015371938475673,-0.0058289762439223,0.0136010763376295,-0.0170822347960095,Capital Goods,1.0,0.729241015625
2023-11-08,623.49267578125,626.9881497647575,614.2047142448902,619.1982485070437,318004,614.8039306640625,610.254833984375,613.3757893880208,614.7115631103516,611.70595703125,613.0179260253906,1.5837314027778315,0.0108484610574674,-0.0068876948214753,0.0056062791421367,-0.0148966650245278,Capital Goods,1.0,0.7293205078125
2023-11-09,617.7001953125,629.085477943274,614.6042284169501,623.792282799703,322507,616.8313110351562,611.7828552246094,611.524853515625,614.9687316894531,611.9236743164063,613.3092142740885,1.5516085654694625,-0.0092903745204254,0.0098625312626312,0.0184317290445634,-0.0050120866385408,Capital Goods,1.0,0.72936025390625
2023-11-10,623.1431884765625,628.1866461791229,615.1535331992445,615.1535331992445,260699,617.720166015625,613.3757934570312,610.516162109375,615.1934417724609,612.7086596679687,613.6587626139323,1.5817932825044212,0.0088117070471522,-0.012821539936673,0.0080935775209074,-0.012821539936673,Capital Goods,1.0,0.729380126953125
2023-11-13,641.7191162109375,648.1607880056298,617.4505503612953,622.1944082087941,888254,624.5713012695312,617.046044921875,611.784521484375,616.3344635009765,614.2646459960938,614.6008768717448,1.6848081321327564,0.0298100469970453,-0.0304256293897366,0.0100381485169516,-0.0378180503534586,Capital Goods,1.0,0.7293900634765625
2023-11-15,666.3871459960938,685.1128994429679,646.7625320012781,649.1594528249695,1794349,634.4884643554688,622.1694091796875,616.588301595052,618.8936492919922,617.7101831054688,615.7227579752604,1.821607403495268,0.0384405406695843,-0.0258523791682278,0.0281004121393779,-0.0294492685111465,Capital Goods,1.0,0.7293950317382814
2023-11-16,671.2308959960938,678.5714284257814,663.1913174879688,670.7815266474506,442688,644.0361083984375,629.42001953125,621.5152587890625,621.040869140625,620.5764721679687,617.094315592448,1.8484689516786124,0.0072686726163658,-0.0006694705969638,0.0109359275228153,-0.0119773665903658,Capital Goods,1.0,0.7293975158691407
2023-11-17,675.17578125,696.498209939663,668.2347561685583,671.6303839793478,717932,655.5312255859375,636.1812683105469,626.365645345052,622.5264465332032,623.08123046875,619.1915995279948,1.8703457465845368,0.005877091292188,-0.0052510729340562,0.0315805591400024,-0.0102803229532186,Capital Goods,1.0,0.7293987579345704
2023-11-20,676.3742065429688,684.1141845432759,670.2321351021693,676.9234831130353,314909,666.1774291992188,641.9487976074219,630.9763387044271,624.4314788818359,625.3902392578125,621.6201212565104,1.8769917458105947,0.0017749826434088,0.0008120897644425,0.0114433370247324,-0.0090808776877999,Capital Goods,1.0,0.7293993789672852
2023-11-21,679.0707397460938,692.0040057381121,677.1232491833031,677.2230954865316,314295,673.64775390625,649.1095275878906,635.91328125,627.2503295898438,627.7971215820312,624.1618306477865,1.891945667165688,0.0039867475386255,-0.0027208421029198,0.0190455356637133,-0.0028678758320802,Capital Goods,1.0,0.7293996894836426
2023-11-22,662.5421752929688,684.3139733064985,654.4526129091986,681.2179453733651,431200,672.878759765625,653.6836120605469,639.0725260416667,630.6609161376953,629.6906713867188,626.9049458821614,1.8002846957160588,-0.0243399744469995,0.0281880471566027,0.0328609993830242,-0.0122098829107641,Capital Goods,1.0,0.7293998447418213
2023-11-23,658.2476806640625,671.6303772474708,653.4039766753276,664.2899060570725,213205,670.2821166992187,657.1591125488281,643.0407185872396,633.7069732666016,630.8891186523438,628.8607462565104,1.7764691035823852,-0.0064818434041686,0.0091792581584402,0.020330791853163,-0.007358482423893,Capital Goods,1.0,0.7293999223709107
2023-11-24,656.4999389648438,667.6355449877447,654.4526020652522,661.5434574414031,140178,666.5469482421875,661.0390869140625,646.3031616210938,636.4109710693359,631.330546875,630.325516764323,1.766776809829486,-0.0026551429660269,0.0076824355604845,0.0169620823430072,-0.0031185637318104,Capital Goods,1.0,0.7293999611854554
2023-11-28,659.0966186523438,664.1400762127887,642.8676318275951,660.1452486866967,241104,663.0914306640625,664.6344299316406,648.9963419596354,639.0051116943359,632.1634692382812,631.6737711588542,1.7811769825350332,0.003955338810228,0.0015910110971242,0.0076520762172278,-0.0246230770504209,Capital Goods,1.0,0.7293999805927277
2023-11-29,651.4564819335938,662.1426576801606,645.4642406876194,660.9441972397198,200031,657.5685791015625,665.6081665039062,651.9292114257812,641.3271057128907,633.3139794921875,632.7590311686198,1.7388077643470494,-0.0115918311557595,0.0145638512613543,0.0164035143450398,-0.0091982218492764,Capital Goods,1.0,0.7293999902963639
2023-11-30,685.9617919921875,693.8016775264573,651.4564816883543,651.7560815592942,857887,662.2525024414062,667.5656311035157,656.5399088541667,644.8675201416015,636.9792333984375,635.1176432291667,1.9301607550505693,0.0529664083718658,-0.0498653289909226,0.0114290411299746,-0.0503020878227371,Capital Goods,1.0,0.729399995148182
2023-12-01,679.47021484375,697.0974160063458,675.1258642124495,686.8606702841896,409697,666.4970092773438,668.3895629882812,660.2717447916667,648.9047912597656,640.26498046875,636.8237670898437,1.8941610002410405,-0.0094634675345174,0.0108767908864688,0.0259425663958638,-0.006393732258447,Capital Goods,1.0,0.729399997574091
2023-12-04,692.9527587890625,700.0935375128056,684.0143807912239,699.1946769195262,411808,673.7875732421875,670.1672607421875,665.2885823567708,653.1742645263672,643.8862915039062,638.4067179361979,1.968929930062166,0.0198427298956922,0.0090077109172224,0.0103048564756731,-0.0128989716607211,Capital Goods,1.0,0.7293999987870455
2023-12-05,683.3152465820312,698.0960959356313,674.6764078506936,696.0986822133549,232457,678.631298828125,670.8613647460937,669.3000528971354,656.4050811767578,646.9303491210937,639.9081075032552,1.9154840464974188,-0.0139078921106726,0.0187079619476762,0.0216310837897066,-0.0126425376494222,Capital Goods,1.0,0.7293999993935227
2023-12-06,687.759521484375,697.0974064867698,680.4689124509757,697.0974064867698,191682,685.8919067382812,671.7302429199219,672.3694132486979,660.4198852539063,650.2400659179688,642.0769673665365,1.940130261605411,0.0065039890805513,0.0135772529651658,0.0135772529651658,-0.0106005206844161,Capital Goods,1.0,0.7293999996967614
2023-12-07,679.6200561523438,689.8068788840075,674.8262751480999,687.7595418980134,242238,684.6235595703125,673.4380310058593,673.2516072591146,663.5608215332031,652.8187280273437,644.9199544270833,1.8949919616925288,-0.011834754849288,0.0119765237532145,0.0149889966304646,-0.0070536190932677,Capital Goods,1.0,0.7294
2023-12-07,679.6200561523438,689.8068788840075,674.8262751480999,687.7595418980134,242238,684.6235595703125,673.4380310058593,673.2516072591146,663.5608215332031,652.8187280273437,644.9199544270833,1.8949919616925288,-0.011834754849288,0.0119765237532145,0.0149889966304646,-0.0070536190932677,Capital Goods,1.0,0.7294
2023-12-08,674.2269897460938,691.1051603865819,669.1336090448119,683.115505353211,237847,683.5749145507813,675.0359619140625,673.451346842448,666.0975372314454,655.8388159179688,647.4833028157552,1.8650841189823428,-0.0079354138498836,0.0131832687541395,0.0250333654647143,-0.0075544004893662,Capital Goods,1.0,0.6887000000000001
2023-12-11,689.257568359375,696.0986860130226,669.2334469192677,676.0247023770614,331227,682.8358764648438,678.3117248535157,674.3901326497396,669.675405883789,659.1065869140625,650.3778889973959,1.948437845257276,0.0222930538852228,-0.0191987242357185,0.0099253428147787,-0.0290517251595369,Capital Goods,1.0,0.66835
2023-12-12,685.3626098632812,700.0436134789214,677.1232779414277,688.1090538372325,540822,683.2453491210938,680.9383239746094,674.9893595377604,672.786376953125,661.773134765625,652.9828491210938,1.926837924676125,-0.0056509477369466,0.004007285974499,0.021420782815346,-0.0120218579234971,Capital Goods,1.0,0.658175
2023-12-13,690.206298828125,694.1012800338285,677.173186264779,686.0617018592152,289906,683.7347045898438,684.8133056640625,675.7317301432291,675.2107360839843,665.0828491210938,655.8225056966146,1.9536991343823005,0.0070673376328626,-0.0060048669158,0.0056432130687833,-0.0188829232440712,Capital Goods,1.0,0.6530875
2023-12-14,683.6148681640625,697.0974112176999,681.4177008085197,690.2063092744594,291164,684.5336669921875,684.57861328125,677.1365763346354,676.0721221923828,667.755390625,658.104551188151,1.917145630923225,-0.0095499427855901,0.0096420388399378,0.0197224251278305,-0.0032140426691472,Capital Goods,1.0,0.65054375
2023-12-15,720.2174682617188,724.8614185340448,686.1615281501855,686.1615281501855,1327494,693.7317626953125,688.6533386230469,681.2678955078125,678.521450805664,671.6243823242188,662.154307047526,2.1201293741302245,0.0535427209123718,-0.0472856347038193,0.0064479833897037,-0.0472856347038193,Capital Goods,1.0,0.6492718749999999
2023-12-18,709.1318359375,723.8627629988323,701.142180582201,721.2661493908533,436113,697.7066162109375,690.2712463378906,684.776688639323,680.2192535400391,675.2816479492187,665.5399251302083,2.058652781238385,-0.0153920625543483,0.017111505700927,0.0207731853441008,-0.011266812390021,Capital Goods,1.0,0.6486359374999999
2023-12-19,705.1868896484375,714.0754050872602,692.1038541614982,710.2803312095107,367036,701.6714721679688,692.4584106445312,687.8493733723958,681.6598876953125,678.5633959960937,668.4228576660156,2.036775647855291,-0.0055630647069273,0.0072228250919588,0.0126044819739259,-0.0185525790098871,Capital Goods,1.0,0.64831796875
2023-12-20,682.9656982421875,712.7272130219654,669.6829084872348,708.382801375597,494733,700.2233520507813,691.9790283203125,689.9499877929687,681.8546356201172,680.2132592773437,670.939599609375,1.9135455877468388,-0.0315110671120504,0.0372157828699564,0.0435768807370238,-0.0194486923562043,Capital Goods,1.0,0.648158984375
2023-12-21,685.7120971679688,688.0091716823923,669.3333414413453,679.1206563564126,353311,700.6427978515625,692.588232421875,689.9333414713542,683.0131317138672,680.9862573242187,673.2366251627604,1.928776044949535,0.0040212838402425,-0.0096125485298846,0.003349911025211,-0.0238857616691737,Capital Goods,1.0,0.6480794921874999
2023-12-22,708.58251953125,717.2213582815294,690.8055495552567,694.1012700129933,570217,698.3158081054687,696.0237854003906,691.8741617838542,685.5298736572265,682.480322265625,676.0729532877605,2.055606486711544,0.033352805729602,-0.0204369274136716,0.0121917186949436,-0.0250880729992512,Capital Goods,1.0,0.6480397460937499
2023-12-26,734.8485107421875,743.0379193564482,704.4878581379204,711.079299169074,924611,703.4591430664062,700.5828796386719,694.6672119140625,689.4473022460937,684.8672314453125,679.9778971354167,2.201267428852636,0.037068358994113,-0.0323457300731369,0.0111443494741378,-0.0413155257994647,Capital Goods,1.0,0.6480198730468749
2023-12-27,731.5028686523438,743.0379209598698,722.3646762903047,743.0379209598698,352670,708.7223388671875,705.1969055175781,697.8797200520834,693.0676147460938,687.0723779296875,683.5898864746093,2.1827138027983253,-0.0045528323742055,0.0157689775417795,0.0157689775417795,-0.012492353418756,Capital Goods,1.0,0.6480099365234375
2023-12-28,745.53466796875,747.6319279837593,719.6182128655296,737.7447666835641,499424,721.2361328125,710.7297424316406,701.731396484375,697.7715240478516,689.7309350585938,687.0504048665365,2.2605286886691225,0.0191821521387294,-0.0104487445317733,0.0028130952256364,-0.0347622400630023,Capital Goods,1.0,0.6480049682617188
2023-12-29,755.8712768554688,764.0107623003767,737.0456765721281,746.5333919209563,620386,735.26796875,717.9553833007812,706.8148111979167,701.2669982910156,693.4640991210938,690.0332092285156,2.317851489735029,0.0138646924560616,-0.0123538031149421,0.0107683486515974,-0.0249058283596352,Capital Goods,1.0,0.6480024841308594
2024-01-01,154.9293975830078,156.39749786278196,149.7760666107009,151.40396364288543,3199190,624.5373443603515,661.4265762329102,672.1949717203776,675.0399574279785,673.3313677978516,672.8231592814128,-1.014737773845271,-0.7950320347830441,-0.0227551000334428,0.0094759309897114,-0.0332624476226074,Capital Goods,1.0,0.6480012420654298
2024-01-02,155.8981475830078,158.18517959663174,152.46259353222433,154.79956393686518,2439785,508.7472717285156,606.1032073974609,636.6376770019531,648.1872268676758,653.3072961425781,655.5139048258463,-1.0093654642086018,0.0062528481689923,-0.0070468037188041,0.0146700396963099,-0.0220371704478029,Capital Goods,1.0,0.6480006210327149
2024-01-03,155.48867797851562,158.12526355577523,154.61980786162962,157.15651665437136,1155405,393.54443359375,551.1333862304688,601.3127482096354,621.7958984375,633.162978515625,638.151053873698,-1.0116362229204847,-0.0026265200122032,0.010726431644664,0.0169567688884968,-0.0055879960404966,Capital Goods,1.0,0.6480003105163574
2024-01-04,157.03668212890625,158.6845424569709,155.53862174373538,156.6971101932499,1252230,275.84483642578124,498.5404846191406,565.7681070963541,595.2597564697265,613.3861865234375,620.7499186197916,-1.0030515957052617,0.0099557354948025,-0.0021623733452137,0.0104934739178452,-0.0095395570312748,Capital Goods,1.0,0.6480001552581787
2024-01-05,154.34014892578125,159.79309499776508,148.81730129904557,158.29503473216104,1999530,155.53861083984376,445.4032897949219,530.4831258138021,568.9957611083985,592.1213208007813,603.8098510742187,-1.0180055170603548,-0.0171713587333149,0.0256244783609844,0.035330703708249,-0.0357836095479698,Capital Goods,1.0,0.6480000776290893
2024-01-08,150.01576232910156,154.79956142538478,149.41653212473528,153.39138111246402,2347955,154.5558837890625,389.546614074707,492.4696787516276,542.7851997375489,570.9431427001953,586.8687871297201,-1.041986878387864,-0.0280185462225981,0.0225017606880342,0.031888643046646,-0.0039944482837189,Capital Goods,1.0,0.6480000388145446
2024-01-09,152.42263793945312,154.18037178730037,150.8446792528891,151.2042143363981,965980,153.86078186035155,331.3040267944336,455.35573221842446,515.9434532165527,549.321937866211,570.0662104288737,-1.0286392850606327,0.0160441514477085,-0.0079937181217071,0.0115319736727392,-0.0103525218294071,Capital Goods,1.0,0.6480000194072724
2024-01-10,154.31019592285156,154.79956778448914,151.21421371059643,152.1230406368986,1376320,153.62508544921874,273.5847595214844,418.6306193033854,489.3908325195313,528.1617358398438,553.2399963378906,-1.01817162473136,0.012383711559619,-0.0141737574297842,0.0031713514373492,-0.0200633677751468,Capital Goods,1.0,0.6480000097036362
2024-01-11,155.57855224609375,156.59723750246692,153.6510553357297,155.7882873902807,1322875,153.33345947265624,214.5891479492188,383.4714762369792,462.65944519042966,506.8744970703125,536.7107320149739,-1.0111378152881765,0.0082195237693581,0.0013480980582412,0.0065477229455241,-0.0123892199955373,Capital Goods,1.0,0.6480000048518182
2024-01-12,153.39138793945312,155.99801353806237,152.02316437342506,155.67843525681877,1247165,153.14370727539062,154.34115905761718,347.9834289550781,436.1482711791992,485.8253503417969,518.9583852132162,-1.0232669754239638,-0.0140582636556546,0.0149098808485153,0.0169932982133138,-0.0089198199743008,Capital Goods,1.0,0.6480000024259092
2024-01-15,155.1790771484375,156.64717745521654,152.91200830396699,154.4000870149291,1177145,154.1763702392578,154.36612701416016,311.08986612955727,407.8963516235352,465.0634338378906,501.4820139567057,-1.0133531483635292,0.011654430101969,-0.0050199430736609,0.009460684608755,-0.0146093718697781,Capital Goods,1.0,0.6480000012129545
2024-01-16,151.13430786132812,156.9967121331257,149.80602593600867,154.79956013387562,1748145,153.9187042236328,153.88974304199218,272.1755859375,379.99647521972656,443.5385034179688,483.42139892578126,-1.0357838611575838,-0.0260651716805889,0.0242516231053937,0.0387893679122584,-0.0087887518334898,Capital Goods,1.0,0.6480000006064772
2024-01-17,147.55894470214844,153.7808844317901,145.8411676123795,150.13561033680185,1951875,152.56845397949218,153.09676971435547,233.245991007487,352.1150779724121,422.0263568115234,465.5628555297852,-1.0556114306591604,-0.023656859979537,0.0174619413269352,0.0421657917261526,-0.0116412942179567,Capital Goods,1.0,0.6480000003032387
2024-01-18,144.98226928710938,148.44778322078798,141.51675535343077,147.6088731374627,1999390,150.4491973876953,151.89132843017578,193.2091644287109,325.2159065246582,400.2173956298828,447.470280456543,-1.0699006674723552,-0.017462007608147,0.0181167246399753,0.0239030189741051,-0.0239030189741051,Capital Goods,1.0,0.6480000001516193
2024-01-19,148.9671173095703,149.576329097249,146.0408983166032,146.6301469394156,979635,149.56434326171876,151.3540252685547,152.74888712565104,298.37865753173827,378.8314855957031,429.78184916178384,-1.0478022546396035,0.0274850713956595,-0.0156878270343261,0.0040895722403802,-0.0196433887277693,Capital Goods,1.0,0.6480000000758097
2024-01-23,142.9149627685547,149.24676082541131,141.81637908844363,148.20809712075032,1510035,147.11152038574218,150.6439453125,151.9479248046875,270.0952796936035,355.7393853759765,412.07144826253256,-1.0813651430662443,-0.0406274528924297,0.0370369501531318,0.0443046545595839,-0.0076869745394692,Capital Goods,1.0,0.6480000000379049
2024-01-24,142.9149627685547,144.52288147904937,138.6904216306294,143.4143162160492,2528745,145.4676513671875,149.69317779541015,151.08237915039064,240.49860229492188,333.0907104492188,393.8600280761719,-1.0813651430662443,0.0,0.0034940599488046,0.0112508773003612,-0.0295598239406658,Capital Goods,1.0,0.6480000000189525
2024-01-25,151.73353576660156,156.1578153676734,143.21456691737956,143.24452690599819,3282320,146.3025695800781,149.43551177978514,150.83203633626303,211.5101356506348,310.9525762939453,376.0723922729492,-1.0324607769252625,0.061705036528108,-0.0559468203104505,0.0291582185752088,-0.0561442716416098,Capital Goods,1.0,0.6480000000094763
2024-01-29,147.0995330810547,149.68619554227138,146.4104381185902,149.34662361346722,2071915,146.72602233886718,148.58760986328124,150.16955973307293,181.58837890625,289.5179296875,357.9688334147135,-1.0581591483151085,-0.0305403987466222,0.0152759868460923,0.0175844369253801,-0.0046845489447255,Capital Goods,1.0,0.6480000000047381
2024-01-30,148.5876007080078,149.50640916143527,146.41042713687563,147.59887546184612,1168020,146.65011901855468,148.10723114013672,149.7860565185547,151.22419509887695,268.03294982910154,340.1345911661784,-1.049906905680481,0.010116059485608,-0.0066541571534266,0.0061836145751692,-0.0146524579491029,Capital Goods,1.0,0.6480000000023691
2024-01-31,152.12303161621094,152.8021449456666,148.20808743337676,148.58760090516486,1433935,148.49173278808593,147.80162658691407,149.92654113769532,151.0838768005371,245.7745703125,321.19810994466144,-1.0303007848671473,0.0237935796214292,-0.0232406011994656,0.0044642374152061,-0.0257353810349449,Capital Goods,1.0,0.6480000000011845
2024-02-01,148.43780517578125,153.1616843470179,147.8086149787652,152.21291587976296,1083880,149.59630126953124,147.53197631835937,149.6608856201172,150.7108596801758,222.3181420898437,302.50830891927086,-1.050737613274092,-0.0242253023837119,0.0254322724558693,0.031823962673408,-0.0042387462969487,Capital Goods,1.0,0.6480000000005923
2024-02-02,150.4152374267578,153.08178285457393,148.85725719828608,149.36659219942277,1282530,149.3326416015625,147.8176055908203,149.4012217203776,150.4571876525879,199.07463684082032,284.0159205118815,-1.0397715453125111,0.0133216214604821,-0.0069716688633069,0.0177278942840783,-0.0103578617108547,Capital Goods,1.0,0.6480000000002961
2024-02-05,151.4938507080078,155.3987983085207,149.86595359945906,151.08437722539432,1553380,150.2115051269531,148.46876373291016,149.1289082845052,150.18004608154297,175.3130041503906,266.30019226074216,-1.033789976770474,0.0071709043558516,-0.002702904974029,0.0257762779298504,-0.0107456315945548,Capital Goods,1.0,0.648000000000148
2024-02-06,153.9207000732422,155.79827389151012,149.35661753803805,152.98191316410822,2189730,151.278125,148.96412200927733,149.16419576009113,150.15907363891603,151.23498107910157,248.57381235758464,-1.0203316167894751,0.016019457911278,-0.0060991595587029,0.0121983191174059,-0.0296521685064604,Capital Goods,1.0,0.6480000000000741
2024-02-07,161.81048583984375,167.10363511859214,155.7982664200322,157.39620345329632,10973150,153.21561584472656,150.85367431640626,149.60628967285157,150.74880981445312,151.510224609375,230.3480779012044,-0.9765779423583346,0.0512587700214932,-0.027280570623319,0.0327120288359272,-0.0371559320683475,Capital Goods,1.0,0.648
2024-02-07,161.81048583984375,167.10363511859214,155.7982664200322,157.39620345329632,10973150,153.21561584472656,150.85367431640626,149.60628967285157,150.74880981445312,151.510224609375,230.3480779012044,-0.9765779423583346,0.0512587700214932,-0.027280570623319,0.0327120288359272,-0.0371559320683475,Capital Goods,1.0,0.5
2024-02-08,157.06663513183594,168.6616226069256,155.9980114565272,163.72800818627283,4660610,154.9413818359375,152.2688415527344,150.00177815755208,150.98100967407223,151.5569641113281,211.08868204752605,-1.0028854880342566,-0.0293173256565286,0.0424111272826694,0.0738220912758285,-0.0068036325755103,Capital Goods,1.0,0.5
2024-02-09,156.58724975585938,159.48350893907374,150.88464183209706,157.79569182247016,3531750,156.1757843017578,152.75421295166015,150.60366516113282,151.09486236572266,151.60090698242186,191.9248280843099,-1.0055439723439723,-0.0030521146364037,0.0077173720625076,0.0184961367399327,-0.0364180859722196,Capital Goods,1.0,0.5
2024-02-12,152.3826904296875,158.79438646978048,151.02444852705037,158.79438646978048,2151030,156.35355224609376,153.28252868652345,151.097026570638,150.93506927490233,151.41474731445314,172.1530954996745,-1.028860818368168,-0.0268512240474709,0.0420762753434351,0.0420762753434351,-0.0089133608207544,Capital Goods,1.0,0.5
2024-02-13,147.19940185546875,152.10305614113003,144.24322287742595,151.80344103863706,2581035,155.00929260253906,153.14370880126953,150.97917887369792,150.62546997070314,151.12911743164062,151.8640329996745,-1.0576053150462703,-0.0340149432957441,0.0312775671988727,0.033313004155248,-0.0200828192287452,Capital Goods,1.0,0.5
2024-02-14,150.76480102539062,151.4039728347799,143.01482569260554,144.333126121441,1275215,152.80015563964844,153.0078857421875,151.50250142415365,150.40475616455078,151.1590789794922,151.72521311442057,-1.037833001942639,0.0242215601760572,-0.0426603216414316,0.0042395294196131,-0.0514044079259581,Capital Goods,1.0,0.5
2024-02-15,155.77828979492188,156.3875015814154,151.80344080909344,153.20162429987013,1767450,152.54248657226563,153.74193420410157,152.36005655924478,150.63695526123047,151.29330505371092,151.7212178548177,-1.0100301487505,0.0332537086603319,-0.0165405943180134,0.0039107618095919,-0.0255160651144726,Capital Goods,1.0,0.5
2024-02-16,153.5611572265625,158.66454975509916,152.0031770046159,156.19774265733142,1437770,151.93726806640626,154.05652618408203,152.48189798990884,150.93706588745118,151.26334350585938,151.65696716308594,-1.022325501176585,-0.0142326159266363,0.0171696116282773,0.0332336159788582,-0.0101456660661131,Capital Goods,1.0,0.5
2024-02-19,158.76443481445312,164.5868977858762,156.43744594244285,159.79310168744144,4044745,153.21361694335937,154.78358459472656,153.25955810546876,151.62617416381835,151.39077880859375,151.71455891927084,-0.9934701532254226,0.033884073823524,0.0064792021852406,0.0366735974478651,-0.0146568649000629,Capital Goods,1.0,0.5
2024-02-20,157.06663513183594,162.16003107144957,155.7982731285329,158.9242305363923,1154210,155.18706359863282,155.09817810058593,153.8248270670573,152.03115005493163,151.53778869628906,151.805441792806,-1.0028854880342566,-0.0106938287822546,0.0118267982439246,0.0324282489106513,-0.0080753114895369,Capital Goods,1.0,0.5
2024-02-21,154.6597442626953,159.6133369714937,153.60111743404326,157.26636976528795,1547125,155.96605224609374,154.3831039428711,153.9939412434896,152.61838912963867,151.51701538085936,151.96024119059246,-1.0162331659807802,-0.0153240111569231,0.0168539364591551,0.0320289725837419,-0.0068448763684357,Capital Goods,1.0,0.5
2024-02-22,155.9081268310547,156.6970985367015,153.80085476977663,156.35754186536272,801675,155.9920196533203,154.26725311279296,154.4919626871745,153.26804733276367,151.70796813964844,152.07642415364583,-1.0093101231913644,0.0080718002885026,0.0028825632341475,0.0050604912116078,-0.0135161142918581,Capital Goods,1.0,0.5
2024-02-23,155.75833129882812,157.69580984010534,154.11045580774348,157.69580984010534,884895,156.43145446777345,154.18436126708986,154.8481689453125,153.469287109375,152.03594360351562,152.12469533284505,-1.0101408307849753,-0.0009607936114124,0.0124390042261051,0.0124390042261051,-0.0105796940513129,Capital Goods,1.0,0.5
2024-02-26,154.2303009033203,156.79698497854503,153.8008642464709,156.79698497854503,975765,155.52462768554688,154.36912231445314,155.03059895833334,153.8258255004883,152.40586486816406,152.07975362141926,-1.018614691346431,-0.0098102642906223,0.0166418924179734,0.0166418924179734,-0.0027843857810964,Capital Goods,1.0,0.5
2024-02-27,146.94972229003906,155.76830542362924,146.0309138355423,155.00929371923368,2269270,153.5012451171875,154.34415435791016,154.56586710611978,153.74393157958986,152.3251690673828,151.86503143310546,-1.058989940528012,-0.0472058899622137,0.054845775164428,0.0600108866907871,-0.0062525361748101,Capital Goods,1.0,0.5
2024-02-28,148.18812561035156,149.80602581262974,144.9023715769893,149.80602581262974,1221005,152.20692138671876,154.08648681640625,153.65770975748697,153.54718627929688,152.5360955810547,151.63199971516926,-1.0521222387558338,0.0084273947647769,0.0109178801986624,0.0109178801986624,-0.0221728564271193,Capital Goods,1.0,0.5
2024-02-29,148.14817810058594,149.7161552505771,144.83247911215219,148.0083597439482,1536875,150.654931640625,153.32347564697267,153.06314595540366,153.5327049255371,152.74542419433592,151.53246205647787,-1.052343772063369,-0.0002695729472323,-0.0009437737164934,0.0105838436226097,-0.0223809636469679,Capital Goods,1.0,0.5
2024-03-01,153.48126220703125,153.8008557154732,149.19681650299967,151.40396535838744,1589945,150.19951782226562,153.31548614501952,152.8560801188151,153.68600616455078,152.81533325195312,151.72987263997396,-1.0227685677916556,0.035998310440405,-0.0135345306571804,0.0020822965868683,-0.0279151060033131,Capital Goods,1.0,0.5
2024-03-04,152.71226501464844,155.3288720324414,150.9046080908109,154.79955863172842,1275140,149.89591064453126,152.71026916503905,152.8780517578125,153.7469268798828,153.03984252929686,151.98753916422527,-1.027033126271356,-0.0050103653131644,0.0136681465426484,0.0171342296412273,-0.0118370120675254,Capital Goods,1.0,0.5
2024-03-05,151.40396118164062,153.5212147799601,150.10563925776182,152.53248953443293,955680,150.78675842285156,152.14400177001954,153.15835571289062,153.6210899353027,153.15249694824217,152.06876729329426,-1.0342884690220746,-0.0085671169429797,0.0074537571143096,0.013984136093899,-0.0085752176742667,Capital Goods,1.0,0.5
2024-03-06,149.6662139892578,152.40267633278796,146.94973005030954,151.69358774117805,2072255,151.0823760986328,151.64464874267577,153.08511657714843,153.01387634277344,153.05422424316407,152.29380900065104,-1.0439253371384438,-0.0114775543441563,0.0135459680437013,0.0182837680635561,-0.0181502816603835,Capital Goods,1.0,0.5
2024-03-07,148.77735900878906,151.58372278782502,147.5589354462169,149.62626591746962,1138745,151.20821228027344,150.93157196044922,152.6183878580729,152.5994125366211,153.06780639648437,152.48922220865884,-1.0488545801600422,-0.0059389153822822,0.0057058877394806,0.0188628417504721,-0.0081895764966507,Capital Goods,1.0,0.5
2024-03-11,145.97100830078125,151.60371476694974,144.81250460655482,149.78606084265738,1209700,149.70616149902344,149.95283966064454,152.1123779296875,152.0686004638672,152.89003723144532,152.29713795979816,-1.0644175065626262,-0.018862753894173,0.0261356867112612,0.0385878437899256,-0.0079365327931369,Capital Goods,1.0,0.5
2024-03-12,140.78770446777344,148.00835065474774,140.06863432377813,145.97099540613243,1421680,147.32124938964844,148.60858001708985,150.91392923990887,151.48885116577148,152.46179138183595,152.0867436726888,-1.093162087860021,-0.0355091322129345,0.0368163609027765,0.0512874772287172,-0.0051074782894831,Capital Goods,1.0,0.5
2024-03-13,138.07122802734375,142.74516897420878,132.59831851786154,140.76773359200112,3803355,144.65470275878906,147.72073059082032,149.64756876627604,151.03244247436524,151.8278125,151.73619791666667,-1.1082266066302968,-0.0192948414827766,0.0195298151771587,0.0338516649242766,-0.0396383054433204,Capital Goods,1.0,0.5
2024-03-14,138.27096557617188,142.5853866464675,135.62439841897046,138.86019898263444,2132215,142.3756530761719,146.72901458740233,148.55498352050782,150.4077507019043,150.88623168945313,151.2744623819987,-1.1071189400926205,0.0014466268728237,0.0042614398764573,0.031202653806007,-0.0191404402664958,Capital Goods,1.0,0.5
2024-03-15,138.96006774902344,143.8137835535169,135.93398727254274,138.74035102724767,7707280,140.41219482421874,145.8102035522461,147.42511291503905,149.56683959960938,150.16196899414064,150.95853780110676,-1.1032974482279907,0.0049837084016885,-0.0015811500766723,0.034928853181475,-0.0217766191791596,Capital Goods,1.0,0.5
2024-03-18,134.37600708007812,141.02739822801215,132.6282701268528,139.6192179397541,2051730,138.09319458007812,143.8996780395508,145.99962463378907,148.60758209228516,149.27351928710937,150.42389678955078,-1.1287188606737717,-0.0329883306996122,0.039018951177433,0.0494983538539754,-0.0130063170591442,Capital Goods,1.0,0.5
2024-03-18,134.37600708007812,141.02739822801215,132.6282701268528,139.6192179397541,2051730,138.09319458007812,143.8996780395508,145.99962463378907,148.60758209228516,149.27351928710937,150.42389678955078,-1.1287188606737717,-0.0329883306996122,0.039018951177433,0.0494983538539754,-0.0130063170591442,Capital Goods,1.0,0.5
2024-03-19,133.0177764892578,136.8228473983645,132.428543066595,133.81674506932268,1950975,136.539208984375,141.93022918701172,144.58545633951823,147.32024917602538,148.4989227294922,149.8080276489258,-1.1362510777492634,-0.0101076867837791,0.0060064797439265,0.0286057323279191,-0.0044297344175677,Capital Goods,1.0,0.5
2024-03-20,132.85797119140625,136.54320191045565,131.4298277089872,132.82801120499585,2055910,135.4965576171875,140.07563018798828,143.64600626627603,146.1098159790039,147.92526550292968,149.1059366861979,-1.137137295598697,-0.0012013830186408,-0.0002255038680911,0.0277381227938529,-0.010749400051891,Capital Goods,1.0,0.5
2024-03-21,134.79547119140625,136.77290658176514,133.6269859498734,133.6269859498734,1269975,134.80145874023438,138.58855590820312,142.75316263834637,145.11660232543946,147.28649230957032,148.20543619791667,-1.1263926763253589,0.0145832424101123,-0.0086685793758874,0.0146698948627954,-0.0086685793758874,Capital Goods,1.0,0.5
2024-03-22,136.25357055664062,138.3109195035682,134.35603360487198,135.00518697283036,1239095,134.26015930175782,137.33617706298827,141.96018880208334,144.13387451171874,146.50550354003906,147.51166737874348,-1.118306625981029,0.0108171242872389,-0.0091622082174449,0.0150994130907733,-0.0139265117531715,Capital Goods,1.0,0.5
2024-03-26,135.99391174316406,138.73037403459207,134.885346515369,136.25357004155433,1199405,134.583740234375,136.33846740722657,140.79436543782552,143.14565353393556,145.8028137207031,146.82522277832032,-1.1197465924800083,-0.0019057028187648,0.001909337668591,0.0201219470515419,-0.0081515798287254,Capital Goods,1.0,0.5
2024-03-27,146.35049438476562,148.7074431489088,135.04514082184832,135.04514082184832,6290905,137.25028381347656,136.89474639892578,140.37024739583333,142.7516632080078,145.30625610351564,146.62414957682293,-1.0623130247603336,0.076154752141852,-0.0772484822169082,0.016104822700131,-0.0772484822169082,Capital Goods,1.0,0.5
2024-03-28,151.26414489746094,154.68970204857587,146.02093398032474,148.6075810420716,4793690,140.9315185546875,138.2140380859375,140.36092631022134,142.9673843383789,145.07415649414062,146.759641011556,-1.035063835598448,0.0335745398971935,-0.0175624161111688,0.0226461938712378,-0.0346626156561454,Capital Goods,1.0,0.5
2024-04-01,148.93716430664062,153.45130850533798,148.22807570515394,151.14429801336777,1280680,143.75985717773438,139.28065795898436,140.31232299804688,143.00483627319335,144.84525329589843,146.69871978759767,-1.0479683623106089,-0.0153835569717974,0.0148192274037322,0.0303090516038251,-0.0047609916892654,Capital Goods,1.0,0.5
2024-04-02,149.59629821777344,151.4039704879094,149.0070648105599,150.19552844687524,1169855,146.42840270996095,140.3442810058594,140.3669189453125,143.07724227905274,144.59278015136718,146.4926534016927,-1.0443130627362769,0.0044255838641841,0.0040056487776822,0.0120836697944519,-0.0039388234483968,Capital Goods,1.0,0.5
2024-04-03,149.536376953125,151.69358747241915,148.9072019809574,150.0257488106399,1809645,149.13689575195312,141.86031799316407,140.60461018880207,142.87999801635743,144.34390197753908,146.3584940592448,-1.0446453626975796,-0.0004005531243908,0.0032725940502644,0.0144259916098568,-0.004207504454684,Capital Goods,1.0,0.5
2024-04-04,148.71743774414062,152.03313649613264,147.4091342348129,149.80602453169732,1199535,149.61028442382812,143.43028411865234,141.13325907389324,142.68025665283204,144.12338745117188,146.02359415690103,-1.049186880121345,-0.005476521670985,0.0073198328593417,0.02229529234962,-0.0087972434784585,Capital Goods,1.0,0.5
2024-04-05,151.72354125976562,153.40137667478484,145.82118017971715,148.2879872929207,2989720,149.70216369628906,145.31684112548828,142.043413289388,142.69623565673828,144.31434020996093,145.84549102783205,-1.0325162025617924,0.0202135241248361,-0.0226435129204038,0.0110585041786401,-0.0389020782868695,Capital Goods,1.0,0.5
2024-04-08,149.51641845703125,154.79957131478244,148.3279547938491,152.8021574913659,2229545,149.8180145263672,146.78893585205077,142.793110148112,142.68874588012696,144.36747192382813,145.6740468343099,-1.044756044732055,-0.0145470029529271,0.0219757740871711,0.0353349345327549,-0.0079487167726913,Capital Goods,1.0,0.5
2024-04-09,151.28411865234375,152.91201579421352,149.7461167141725,151.09436190095303,1741075,150.15557861328125,148.2919906616211,143.61471354166667,142.8140838623047,144.49290954589844,145.51991322835286,-1.0349530689446804,0.0118227831669236,-0.0012543071479087,0.0107605289727121,-0.0101663145601266,Capital Goods,1.0,0.5
2024-04-10,161.251220703125,164.5769012269369,153.32148558096867,153.55118389807515,15310160,152.49854736328126,150.81772155761718,145.4063944498698,143.57809448242188,144.8037078857422,145.70300954182943,-0.9796794086638284,0.0658833335552293,-0.0477518047396748,0.0206242192109338,-0.0491762796435231,Capital Goods,1.0,0.5
2024-04-10,161.251220703125,164.5769012269369,153.32148558096867,153.55118389807515,15310160,152.49854736328126,150.81772155761718,145.4063944498698,143.57809448242188,144.8037078857422,145.70300954182943,-0.9796794086638284,0.0658833335552293,-0.0477518047396748,0.0206242192109338,-0.0491762796435231,Capital Goods,1.0,0.5
2024-04-12,163.4483642578125,168.38197846048888,161.79050725449767,161.79050725449767,6549170,155.44473266601562,152.5275085449219,147.43510030110676,144.71112747192382,145.23315185546875,146.0102783203125,-0.9674949075108036,0.0136255933140041,-0.0101430014967898,0.0301845431435119,-0.0101430014967898,Capital Goods,1.0,0.5625
2024-04-15,164.0076446533203,167.5630386992127,156.39750312275157,162.58948271586084,3309165,157.90155334472655,153.8018585205078,149.5117451985677,146.00794830322266,145.73729919433595,146.57887573242186,-0.9643933565860172,0.0034217558434885,-0.008646925821398,0.0216782214841741,-0.0464011390850412,Capital Goods,1.0,0.59375
2024-04-16,169.30079650878906,171.64774856030692,162.78922330947393,164.05758532857593,4630205,161.85842895507812,155.83822174072264,151.81210021972657,147.5594398498535,146.52268249511718,147.28263142903646,-0.9350396010025468,0.0322738117888189,-0.030969796293551,0.0138626167148363,-0.038461562695466,Capital Goods,1.0,0.609375
2024-04-18,168.4119415283203,173.17576224586995,167.21348111325798,170.18963850785696,2956525,165.28399353027345,157.71978607177735,153.95599161783855,149.03203353881835,147.30806579589844,147.95809020996094,-0.9399688440241452,-0.0052501523843841,0.0105556468466798,0.0282867157418795,-0.0071162436831166,Capital Goods,1.0,0.6171875
2024-04-19,173.78497314453125,175.77240525822745,165.58559845584614,165.78533677764634,5304380,167.79074401855468,160.14464569091797,156.47539571126302,151.00248184204102,148.42062438964842,148.63488057454427,-0.9101721064448964,0.0319041011430142,-0.046031807135775,0.0114361562897806,-0.0471811488664555,Capital Goods,1.0,0.62109375
2024-04-22,176.2517852783203,180.72600305666768,175.27305680639452,175.5327151081951,4248965,170.35142822265624,162.89808044433593,158.46881510416668,153.1641822814941,149.8391876220703,149.41953125,-0.8964921285370699,0.014194622752207,-0.0040797894273224,0.0253853756504203,-0.0055530130964647,Capital Goods,1.0,0.623046875
2024-04-23,172.8861541748047,177.13065855151476,171.7775888927369,176.91094181171334,1606185,172.12713012695312,165.01434173583985,159.91028238932293,155.16559143066405,151.23178466796875,150.13560434977214,-0.91515660586444,-0.0190955858869794,0.0232799882449765,0.0245508635261701,-0.0064121114114604,Capital Goods,1.0,0.6240234375
2024-04-24,179.2179412841797,179.76723309979604,172.69638676918387,173.7350504276325,1865655,174.11055908203124,167.9844940185547,161.9290008544922,157.3867149353027,152.86966369628905,151.12066192626952,-0.8800429842850525,0.0366240266006087,-0.0305934261785384,0.0030649376489899,-0.0363889601022411,Capital Goods,1.0,0.62451171875
2024-04-25,181.32521057128906,182.76335085231045,172.8062424856584,178.02947496712454,2904615,176.693212890625,170.9886032104492,164.04426167805988,159.64029693603516,154.5642694091797,152.2055903116862,-0.8683568907643358,0.0117581380078903,-0.0181758267026458,0.0079312759460767,-0.0469817079422686,Capital Goods,1.0,0.624755859375
2024-04-26,177.59005737304688,182.72340991442184,176.22181864146398,181.76464464408116,1662305,177.45422973632813,172.62248687744142,165.914507039388,161.7201042175293,156.29283142089844,153.25955861409506,-0.8890705934960534,-0.0205991940473919,0.0235068749500153,0.0289056302887036,-0.0077044782338729,Capital Goods,1.0,0.6248779296875
2024-04-29,174.3842010498047,178.6686466663002,173.29561425714763,177.59005669498848,1539750,177.080712890625,173.71607055664063,167.62562459309896,163.12178955078124,157.9474884033203,154.3794418334961,-0.906849022212575,-0.018052003421047,0.0183838652004271,0.0245690010373809,-0.0062424622534822,Capital Goods,1.0,0.62493896484375
2024-04-30,177.7598419189453,181.03559924524384,174.7737028808068,175.40289308767612,1986840,178.05545043945312,175.09129028320314,169.36137797037762,164.44657440185546,159.74356323242188,155.7023956298828,-0.8881290346293823,0.0193574925298223,-0.0132591748835145,0.0184279941461256,-0.0167987268997467,Capital Goods,1.0,0.624969482421875
2024-05-02,180.80589294433594,184.0417088306645,177.37035396214458,178.2592025057422,2007960,178.37304077148437,176.2417999267578,171.4473429361979,166.04001083374024,161.58398010253907,157.12022654215494,-0.8712368237622943,0.01713576583163,-0.0140852181149747,0.0178966284429942,-0.019001255579922,Capital Goods,1.0,0.6249847412109375
2024-05-03,184.35130310058594,187.09774707688146,180.80589055610196,182.34390771669987,3949945,178.97825927734374,177.8357360839844,173.65182189941407,167.77776107788085,163.50788940429686,158.63326772054037,-0.851575361931723,0.019608930320327,-0.0108889676944176,0.014897882087641,-0.019231827954856,Capital Goods,1.0,0.6249923706054688
2024-05-06,180.0768280029297,184.74078712017098,178.808466048343,184.36128888327522,1444385,179.47561340332032,178.4649215698242,174.9068623860677,169.3047836303711,165.2712060546875,160.15662841796876,-0.8752799335537517,-0.0231865738172949,0.0237924053186666,0.0258998293615291,-0.0070434490025893,Capital Goods,1.0,0.6249961853027344
2024-05-07,177.51016235351562,182.66347815697932,175.7724069352542,179.9769695108793,2331835,180.1008056640625,178.59075927734375,175.8443155924479,170.74441986083986,166.5175927734375,161.63970794677735,-0.889513660111124,-0.0142531700379146,0.0138967094878261,0.0290311029810268,-0.009789610888872,Capital Goods,1.0,0.6249980926513672
2024-05-08,181.44505310058594,183.76206030615006,176.231817366181,176.231817366181,1515930,180.8378479003906,179.44664916992187,177.0068094889323,172.23049545288086,167.7248291015625,163.25927734375,-0.8676922908417299,0.0221671294471236,-0.0287317600855997,0.0127697458044209,-0.0287317600855997,Capital Goods,1.0,0.6249990463256836
2024-05-09,174.41416931152344,183.05297774760783,173.80495750377136,181.21536074158956,2189675,179.55950317382812,178.96627197265624,177.3477010091146,173.47538299560546,168.7439093017578,164.57990061442058,-0.9066828299222772,-0.0387493826308114,0.0389944891341851,0.0495304278900328,-0.0034929031864604,Capital Goods,1.0,0.6249995231628418
2024-05-10,181.5149688720703,182.29395899115875,171.77757714440767,174.97343599695733,1659790,178.992236328125,178.98524780273436,178.2212361653646,174.9869255065918,170.0206561279297,166.08861389160157,-0.867304565243897,0.040712286097949,-0.0360385312338806,0.0042916026371215,-0.0536451169188445,Capital Goods,1.0,0.6249997615814209
2024-05-13,178.64869689941406,181.36518091316265,175.77241612272542,181.36518091316265,1428545,178.70661010742188,179.0911117553711,178.5454844156901,175.85679931640624,171.18514892578125,167.51044006347655,-0.883199791607784,-0.015790829761684,0.0152057309171309,0.0152057309171309,-0.0161002057479775,Capital Goods,1.0,0.6249998807907104
2024-05-14,179.44764709472656,181.76465439962334,178.77851530556873,180.50628920137908,1011405,179.09410705566407,179.5974563598633,178.7585418701172,176.65676345825196,172.4143572998047,168.61367848714193,-0.8787691254570784,0.0044721859670901,0.0058994482446106,0.0129118845658293,-0.0037288412525386,Capital Goods,1.0,0.6249999403953552
2024-05-15,182.78334045410156,184.68087746172185,179.86711814517227,179.86711814517227,1348670,179.36176452636718,180.0998062133789,179.418354288737,177.595548248291,173.65674926757814,169.66431833902996,-0.8602706711814211,0.018588671478173,-0.0159545301102622,0.0103813454930088,-0.0159545301102622,Capital Goods,1.0,0.6249999701976776
2024-05-16,180.0169219970703,184.14158644554064,179.76724526753208,183.08295955054783,734870,180.48231506347656,180.02090911865236,179.47161966959635,178.13135452270507,174.8767694091797,170.70031026204427,-0.8756121488957622,-0.0151349595108528,0.0170319407723646,0.0229126484483355,-0.001386962552011,Capital Goods,1.0,0.6249999850988388
2024-05-17,181.4650421142578,183.3625943826675,178.36905984325998,179.78722182376475,1023090,180.47232971191409,179.73228302001954,179.48094177246094,178.78400955200195,176.08400634765624,171.76260172526042,-0.86758143956867,0.0080443555034846,-0.0092459697523263,0.010456847480381,-0.0170610396081052,Capital Goods,1.0,0.6249999925494194
2024-05-21,186.598388671875,189.75430605093808,182.76335793327195,184.76077168117655,4299200,182.06226806640623,180.38443908691409,180.0814971923828,179.4246803283691,177.09789306640624,172.9980021158854,-0.8391139018346329,0.0282883496336722,-0.0098479788800845,0.0169128865555887,-0.0205523250543538,Capital Goods,1.0,0.6249999962747097
2024-05-22,189.09515380859375,192.3109911270128,185.75947654309684,189.15507378213266,3907805,183.99176940917968,181.54293823242188,181.06222737630208,180.0668487548828,178.1237646484375,174.34392598470052,-0.825267816255801,0.0133804217415253,0.0003168773621748,0.0170064502111682,-0.0176402049355181,Capital Goods,1.0,0.6249999981373549
2024-05-23,191.03265380859375,191.75172399269098,187.0578046302648,189.75431020110045,1313845,185.64163208007807,182.50169830322267,181.94708150227865,180.97417373657223,179.20476501464844,175.65422973632812,-0.814523196982463,0.010246164224606,-0.0066917544304971,0.0037641218386554,-0.0208071714394523,Capital Goods,1.0,0.6249999990686774
2024-05-24,185.06039428710938,191.30231250214237,184.76077916497616,191.03265736831665,1712500,186.65032653808595,183.56632080078128,182.2307149251302,181.26629638671875,179.83514892578123,176.83902893066406,-0.8476430187940333,-0.031263029657057,0.0322719677768637,0.0337290874099676,-0.0016190126649594,Capital Goods,1.0,0.6249999995343387
2024-05-27,179.36776733398438,187.66701932719823,178.9682754260988,186.7282323924898,2071930,186.23087158203128,183.35160064697263,181.8984792073568,181.1684242248535,180.2733819580078,177.77515055338543,-0.8792121074528566,-0.0307609144304169,0.0410356061621715,0.0462694725845618,-0.0022272223924252,Capital Goods,1.0,0.6249999997671694
2024-05-28,176.06202697753906,180.46632792086675,174.3742251721654,179.76723616138395,1178550,184.12359924316405,183.0929336547852,181.63082580566407,181.0920227050781,180.3644641113281,178.2688440958659,-0.8975444540575087,-0.01842995765393,0.021044908135231,0.0250156210225249,-0.009586404486806,Capital Goods,1.0,0.6249999998835847
2024-05-29,182.77334594726562,184.3613015144095,174.97344742548933,176.1619110855607,2048875,182.85923767089844,183.42550354003907,181.9817047119141,181.5114799499512,180.625326538086,178.913010152181,-0.8603260968179511,0.0381190599980014,-0.0361728611326757,0.0086881134604934,-0.042675251587432,Capital Goods,1.0,0.6249999999417923
2024-05-30,181.64480590820312,183.34260449748155,180.57618226893447,182.77333428088636,1108140,180.9816680908203,183.31165008544923,181.9950215657552,181.70572814941409,180.97567260742187,179.50091552734375,-0.8665845396847612,-0.0061745329069377,0.0062128304029434,0.009346805050602,-0.0058830398916481,Capital Goods,1.0,0.6249999999708962
2024-05-31,193.1698760986328,195.4469264857242,180.5961605795772,180.7659389145117,3935990,182.603564453125,184.62694549560547,183.2454020182292,182.3239273071289,181.53375,180.2965515136719,-0.8026709957907411,0.0634483883687489,-0.0642125854954094,0.0117878130538775,-0.065091492384845,Capital Goods,1.0,0.6249999999854481
2024-06-03,195.74655151367188,204.5251784197373,193.349661060148,203.7362066774952,3225475,185.8793212890625,186.0550964355469,184.194174194336,182.8936897277832,182.1106036376953,181.20770517985025,-0.7883817589775464,0.0133389090839578,0.0408163265306122,0.0448469045210857,-0.0122448668187978,Capital Goods,1.0,0.624999999992724
2024-06-04,187.77687072753906,197.74396106371336,176.99083343988866,196.21594076552745,4802080,188.2222900390625,186.17294464111328,184.8027191162109,183.27869186401367,182.518076171875,181.67410176595047,-0.8325785000237574,-0.0407142844893294,0.0449420101916242,0.053079435702368,-0.0574407127238836,Capital Goods,1.0,0.624999999996362
2024-06-05,185.36997985839844,194.7478366118369,177.37034344055743,194.7478366118369,3279840,188.74161682128903,185.80042724609376,185.19754130045573,183.67168273925785,182.9575073242188,181.9780415852865,-0.8459261779702811,-0.0128178239408035,0.0505899432076437,0.0505899432076437,-0.0431549726873349,Capital Goods,1.0,0.624999999998181
2024-06-06,186.32875061035156,192.35095190005737,183.891903375826,185.3500068921846,3118560,189.67840576171875,185.3300369262696,185.43390197753905,183.9158676147461,183.300263671875,182.426128133138,-0.8406092093508497,0.0051722007667342,-0.0052527788382679,0.0323203009196328,-0.013078213783666,Capital Goods,1.0,0.6249999999990905
2024-06-07,194.767822265625,195.34707409143655,183.77204963617655,186.3287520794661,3417875,189.9979949951172,186.3007797241211,186.41729532877605,184.9335502624512,183.85874084472653,182.9444574991862,-0.793809409631453,0.0452913016785108,-0.0433288727470067,0.0029740632670911,-0.0564557969665665,Capital Goods,1.0,0.6249999999995453
2024-06-10,209.61859130859375,217.44844977251358,199.74138064524854,208.5200076194217,9216580,192.77240295410155,189.325862121582,188.29419860839843,186.3387313842773,184.8694323730469,183.8875701904297,-0.7114528370983055,0.0762485757155266,-0.005240869535063,0.0373528817985089,-0.0471199171871368,Capital Goods,1.0,0.6249999999997726
2024-06-11,210.04803466796875,211.98551318070778,206.78225896015672,211.90561480300866,1935180,197.2266357421875,192.724462890625,189.8575083414713,187.90869827270507,186.06828063964844,184.9695027669271,-0.7090713117326551,0.0020486892727123,0.0088435968371531,0.0092239782952583,-0.0155477565547059,Capital Goods,1.0,0.6249999999998863
2024-06-12,209.9980926513672,211.39627613931881,207.6611070514236,210.04803104144912,976715,202.15225830078128,195.4469375610352,191.25103759765625,189.43622055053712,187.3677978515625,186.1566324869792,-0.7093482706767205,-0.000237764741196,0.0002378040174146,0.0066580770820279,-0.0111286039336717,Capital Goods,1.0,0.6249999999999432
2024-06-13,212.48486328125,214.92171042617443,209.16916447352608,210.60730477145245,1362570,207.3834808349609,198.53094329833985,192.68118489583333,190.92129669189453,188.60939025878903,187.314133199056,-0.6955576107344187,0.0118418724593431,-0.0088361988746105,0.0114683328840179,-0.0156044000335928,Capital Goods,1.0,0.6249999999999716
2024-06-14,215.49098205566406,219.71550777921013,212.72455980441705,212.83441816786896,2494050,211.5281127929688,200.76305389404297,194.70989074707032,192.69499969482425,190.2524627685547,188.47030283610027,-0.6788868485555735,0.0141474490370407,-0.0123279585180454,0.0196041879954624,-0.0128377634407569,Capital Goods,1.0,0.6249999999999858
2024-06-18,217.49838256835938,234.59623943509598,216.5196540953206,229.7025818308445,9156740,213.10407104492188,202.93823699951173,197.2519317626953,194.4966667175293,191.69179931640625,189.57520548502603,-0.6677545883036949,0.0093154734065705,0.0561116782496042,0.0786114207601649,-0.0044999344890813,Capital Goods,1.0,0.6249999999999929
2024-06-19,221.86273193359375,223.24095233329876,215.0615403768893,219.31604152761074,2613520,215.46701049804688,206.3468231201172,200.30531209309896,196.25988388061523,193.42036071777343,190.96806894938152,-0.6435516090493582,0.0200661233141017,-0.0114786759533154,0.0062120410566184,-0.0306549527152678,Capital Goods,1.0,0.6249999999999964
2024-06-20,217.64817810058594,222.91136750558834,216.7193880380276,222.91136750558834,1807245,216.9970275878906,209.57464294433595,202.63030090332032,197.68753509521488,194.9483819580078,192.3060028076172,-0.6669238807100839,-0.0189962225574202,0.0241820972311104,0.0241820972311104,-0.0042673918553506,Capital Goods,1.0,0.6249999999999982
2024-06-21,226.80633544921875,227.67520554646597,217.6481800741962,219.07633881742126,3714775,219.8613220214844,213.62240142822264,205.641069539388,199.4762191772461,196.7093017578125,193.8180455525716,-0.6161363122164674,0.0420778038601378,-0.0340819255180294,0.0038308898890602,-0.0403787458444829,Capital Goods,1.0,0.6249999999999991
2024-06-24,226.4368133544922,231.43034790266466,224.18972280781458,226.80634527361644,1821790,222.05048828125,216.78930053710937,207.8588653564453,201.54504013061523,198.56609741210937,195.55213368733723,-0.6181855376208149,-0.0016292406206143,0.0016319427642965,0.0220526621718306,-0.0099236979773237,Capital Goods,1.0,0.6249999999999996
2024-06-25,224.3095703125,230.20193478179047,222.93134994793706,228.50413614140658,1309725,223.41272583007813,218.2583984375,209.76306660970053,203.79213027954103,200.27987854003905,196.97862040201824,-0.6299823977952992,-0.0093944222694122,0.0186998968571108,0.0262688946400344,-0.0061442780289884,Capital Goods,1.0,0.6249999999999998
2024-06-26,221.29347229003906,226.70646175073082,216.7094113684003,225.587914921675,1419305,223.2988739013672,219.38294219970703,211.9975067138672,206.053702545166,201.6676818847656,198.40011291503907,-0.646708500991382,-0.0134461406094221,0.0194060971938991,0.0244606829323785,-0.0207148492641963,Capital Goods,1.0,0.6249999999999999
2024-06-27,212.5447998046875,223.29088005865017,211.72585287034718,220.0051259778751,3208215,222.2781982421875,219.63761291503903,213.8091613769531,207.54227523803712,202.60566772460936,199.5033513387044,-0.6952252261538233,-0.0395342546475346,0.0351000174082973,0.0505591304225627,-0.0038530556150649,Capital Goods,1.0,0.625
2024-06-28,212.5447998046875,217.39850048155998,209.97811587731366,210.32766937154324,1182285,219.42589111328124,219.6436065673828,215.5568979899089,209.08727493286133,203.46615356445312,200.495399983724,-0.6952252261538233,0.0,-0.0104313558138408,0.0228361299892194,-0.0120759667125821,Capital Goods,1.0,0.625
2024-07-01,217.87789916992188,219.09632279702828,212.9243062814662,213.64337646267842,1266205,217.7141082763672,219.8822982788086,217.09756978352863,210.3226760864258,204.77885375976564,201.7574325561524,-0.6656499372628175,0.0250916483025465,-0.0194353017142917,0.0055922313908312,-0.0227356372873432,Capital Goods,1.0,0.625
2024-07-02,217.2686767578125,222.31214936313026,216.2899483185393,216.2899483185393,1084565,216.3059295654297,219.8593276977539,217.60757548014325,211.3987823486328,206.29489013671875,202.95088704427084,-0.669028447131669,-0.0027961643398913,-0.0045046918583858,0.0232130681724529,-0.0045046918583858,Capital Goods,1.0,0.625
2024-07-02,217.2686767578125,222.31214936313026,216.2899483185393,216.2899483185393,1084565,216.3059295654297,219.8593276977539,217.60757548014325,211.3987823486328,206.29489013671875,202.95088704427084,-0.669028447131669,-0.0027961643398913,-0.0045046918583858,0.0232130681724529,-0.0045046918583858,Capital Goods,1.0,0.625
2024-07-03,220.9938507080078,222.69164930641892,218.1175701014384,219.71550715821186,924645,216.24600524902343,219.7724395751953,218.3372965494792,213.05963134765625,208.0921630859375,204.09740244547527,-0.6483700854171889,0.0171454717071238,-0.0057845209072581,0.0076825603652399,-0.0130152065197948,Capital Goods,1.0,0.71235
2024-07-04,221.26351928710938,225.5080236609167,219.91525886098262,222.31216459197927,729260,217.9897491455078,220.13397369384765,219.088324991862,214.85430831909176,209.63177001953125,205.1696812947591,-0.6468746086623872,0.001220253768318,0.0047393502021866,0.0191830283974634,-0.0060934600989387,Capital Goods,1.0,0.7560250000000001
2024-07-05,221.32342529296875,223.71033405118473,220.11498330116785,223.15106065430592,811710,219.74547424316407,219.58568267822267,219.67756245930988,216.60404205322263,211.2189147949219,206.1793736775716,-0.6465423933203768,0.0002707450647643,0.0082577583412957,0.01078470909736,-0.0054600726976878,Capital Goods,1.0,0.7778625000000001
2024-07-08,217.86790466308594,225.50802160988596,216.93911455860112,221.32343725057783,778950,219.74347534179688,218.72879180908205,219.8360239664713,217.7590461730957,212.2068359375,207.27295735677083,-0.6657053628993475,-0.015612990921809,0.0158606775643965,0.0350676569759773,-0.0042630882502914,Capital Goods,1.0,0.7887812500000001
2024-07-09,230.8211212158203,238.8307543822907,213.0341547387692,216.71938543628042,7669800,222.45396423339844,219.37994689941405,220.7242065429688,218.81917266845704,213.609818725586,208.98806915283205,-0.5938718763320028,0.0594544504972653,-0.0610937842484293,0.0347006076579157,-0.0770595272363316,Capital Goods,1.0,0.794240625
2024-07-10,229.36302185058594,233.29792932968357,221.33341013691137,231.68001384880617,2482665,224.12779846191407,220.1869018554688,221.22422587076824,219.7849220275879,215.2732647705078,210.7647689819336,-0.6019579266763326,-0.0063170101486121,0.0101018550397786,0.0171558058807794,-0.0350083097479649,Capital Goods,1.0,0.7969703125
2024-07-11,228.32435607910156,230.66134169908486,225.13847877667448,228.7438111290839,905490,225.5399658203125,221.7648574829101,221.93597106933595,220.70123519897464,216.991439819336,212.2831359863281,-0.6077179619108346,-0.0045284796263322,0.001837101644281,0.0102353759367381,-0.0139532959038471,Capital Goods,1.0,0.7983351562500001
2024-07-12,228.9036102294922,230.70128563288458,226.17714475713052,227.86496179589736,648135,227.0560028076172,223.40073852539064,222.07578938802084,221.5221725463867,218.69443420410155,213.85842946370445,-0.6045056443322807,0.0025369792357585,-0.0045374925828103,0.0078534165607526,-0.0119109762822359,Capital Goods,1.0,0.7990175781250001
2024-07-15,223.13108825683594,229.48286459347693,222.11240297706644,227.30569092001204,860015,228.1086395263672,223.92605743408205,221.8554077148437,221.9041778564453,219.82896484375,214.8571365356445,-0.6365177996061746,-0.0252181342481618,0.0187091933077963,0.0284665681786562,-0.0045654116946578,Capital Goods,1.0,0.7993587890625
2024-07-16,230.26185607910156,244.47345073089332,224.1098180338596,224.1098180338596,12302595,227.99678649902344,225.22537536621093,222.25222676595047,222.54235153198243,220.6546954345703,216.0076466878255,-0.5969733426374966,0.0319577512841138,-0.0267175734183631,0.061719274280972,-0.0267175734183631,Capital Goods,1.0,0.79952939453125
2024-07-18,225.19842529296875,229.9023262774365,222.1623477706134,228.30440437430136,2012940,227.1638671875,225.64583282470704,222.51255696614584,222.7091361999512,221.26071105957035,217.25503184000647,-0.6250531547737007,-0.0219898808788954,0.0137921882770357,0.0208878058465473,-0.0134817884201704,Capital Goods,1.0,0.7996146972656251
2024-07-19,217.2487030029297,225.0885579844218,216.16011617806174,225.0885579844218,1703155,224.94873657226563,225.24435119628907,222.8261505126953,222.68916244506835,221.5507354736328,218.31765594482425,-0.6691392137854366,-0.0353009674898791,0.0360870047697656,0.0360870047697656,-0.0050107863007737,Capital Goods,1.0,0.7996573486328126
2024-07-22,214.73196411132812,219.95521214681588,212.36503364553647,216.12016608648452,1303125,222.1144073486328,224.585205078125,222.97196146647136,222.08544387817383,221.64061950683595,219.2644297281901,-0.6830960660180361,-0.0115845980059435,0.0064648129164257,0.0243245017438566,-0.0110227207001399,Capital Goods,1.0,0.7996786743164064
2024-07-23,212.69461059570312,215.401097772074,207.73103606295874,214.93171954705738,1422005,220.02711181640623,224.0678756713868,222.6264088948568,221.3983337402344,221.5287646484375,219.86198933919272,-0.6943944339409198,-0.0094878912138517,0.0105179390539735,0.0127247567241628,-0.023336625779293,Capital Goods,1.0,0.7996893371582032
2024-07-24,211.40626525878906,215.63080633760964,208.95943644811058,212.7245656564783,1162880,216.25599365234376,222.1263900756836,222.2355814615885,220.75316848754883,221.2850799560547,219.92157847086588,-0.7015390946571635,-0.006057254263781,0.0062358624805913,0.0199830457893439,-0.0115740600576962,Capital Goods,1.0,0.7996946685791017
2024-07-25,209.8383026123047,213.7232717556845,204.28549481241555,204.28549481241555,1665780,213.18396911621093,220.17391815185547,221.49187825520832,220.1804100036621,220.80410278320312,219.91458740234376,-0.7102344039068615,-0.0074168220348861,-0.0264623175595756,0.018514108697103,-0.0264623175595756,Capital Goods,1.0,0.7996973342895508
2024-07-26,208.22039794921875,212.96425551648818,207.3315494567032,210.1878516751898,1501750,211.3783081054688,218.1635223388672,220.6223368326823,219.96418991088868,220.42699157714844,219.8553309122721,-0.7192066721006249,-0.0077102447119731,0.0094489000374058,0.0227828666835339,-0.0042687868300603,Capital Goods,1.0,0.7996986671447754
2024-07-29,219.29605102539062,223.71033345505805,209.76837918276306,218.596959281155,3278230,212.29112548828124,217.20276641845703,220.48717854817707,220.30175247192383,220.1265802001953,220.08237050374348,-0.6577854202260228,0.0531919695921099,-0.0031878902559658,0.0201293293200082,-0.0434466183867781,Capital Goods,1.0,0.7996993335723878
2024-07-30,221.1736297607422,225.288297181674,219.5157727019766,224.9087836952185,2519260,213.98692932128907,217.00702056884765,220.70756022135416,220.46653900146484,219.9160528564453,220.27179209391275,-0.6473731009139878,0.008561844714359,0.0168878809762125,0.0186037884596952,-0.0074957265952501,Capital Goods,1.0,0.799699666786194
2024-07-31,224.2895965576172,227.27573566305418,220.36467053158523,223.29088966150474,3344745,216.5635955810547,216.40979461669923,220.27212524414065,220.81758499145508,219.91525390625,220.4981658935547,-0.6300931644490668,0.014088328704673,-0.0044527562198182,0.0133137655569766,-0.0174993672745926,Capital Goods,1.0,0.799699833393097
2024-08-01,223.6404266357422,228.2944044020308,222.7116365424876,225.50801888320933,1884915,219.3240203857422,216.25399475097657,219.8906188964844,220.9499137878418,220.00913208007813,220.5574223836263,-0.6336932076254537,-0.0028943380871802,0.0083508705271297,0.0208100916113385,-0.0041530509811061,Capital Goods,1.0,0.7996999166965486
2024-08-02,223.1810302734375,225.50801915943214,220.0251128387708,220.11499280163628,1215010,222.316146850586,216.8472274780273,219.5477305094401,221.0457893371582,220.4345812988281,220.741850789388,-0.6362408406621093,-0.0020541740561644,-0.013737894605311,0.0104264635894173,-0.0141406168382685,Capital Goods,1.0,0.7996999583482743
2024-08-05,215.02159118652344,218.10759174349533,208.15048307549495,214.72197607906676,3378505,221.4612548828125,216.87619018554688,218.62226257324212,220.730697631836,220.5336529541016,220.34902598063152,-0.6814899072287591,-0.0365597339384859,-0.0013934187064812,0.0143520496706532,-0.0319554332805027,Capital Goods,1.0,0.7996999791741373
2024-08-06,223.3108673095703,224.90878919450017,217.73808101946196,217.73808101946196,2809090,221.88870239257807,217.9378158569336,218.63424784342448,221.00284576416016,220.7509716796875,220.2448277791341,-0.6355208151029734,0.0385509012248738,-0.0249552847886392,0.0071555939224161,-0.0249552847886392,Capital Goods,1.0,0.7996999895870687
2024-08-07,228.7438201904297,230.7012924069468,221.31345370332622,225.70775793926398,4163330,222.77954711914063,219.67157135009765,218.5330454508464,220.89898071289065,221.2099774169922,220.39263610839845,-0.6053917775624218,0.0243291020554221,-0.0132727618548915,0.0085574867766373,-0.0324833540023843,Capital Goods,1.0,0.7997000000000001
2024-08-07,228.7438201904297,230.7012924069468,221.31345370332622,225.70775793926398,4163330,222.77954711914063,219.67157135009765,218.5330454508464,220.89898071289065,221.2099774169922,220.39263610839845,-0.6053917775624218,0.0243291020554221,-0.0132727618548915,0.0085574867766373,-0.0324833540023843,Capital Goods,1.0,0.7997000000000001
2024-08-08,225.26832580566406,233.08820265718236,224.70905238021146,230.7012937770171,2319350,223.105126953125,221.2145736694336,218.53770548502604,220.69424591064453,221.38095642089843,220.525131225586,-0.6246655137951602,-0.0151938285452794,0.024117762459157,0.0347136101959775,-0.0024826989034183,Capital Goods,1.0,0.856625
2024-08-09,220.3646697998047,229.70258534307,219.71551641511044,229.70258534307,1288150,222.54185485839844,222.4290008544922,218.7454366048177,220.2962615966797,221.34500244140625,220.78579355875647,-0.6518592773205157,-0.0217680669855454,0.0423748305558624,0.0423748305558624,-0.0029458142509141,Capital Goods,1.0,0.8850875
2024-08-12,211.1765594482422,221.303446252773,210.6372644568188,220.72419445365477,2089855,221.7728485107422,221.6170516967773,218.50840962727864,219.4099090576172,220.9391278076172,220.740185546875,-0.7028129534851375,-0.0416950247056828,0.0452116230625143,0.0479545970016281,-0.0025537635087551,Capital Goods,1.0,0.89931875
2024-08-13,202.09832763671875,211.8357198511622,201.63891576039035,211.7258614832831,2135530,217.53034057617188,219.709521484375,217.8019907633464,218.35827102661133,220.3083447265625,220.2141998291016,-0.7531572861250986,-0.0429888233582498,0.0476378699375994,0.0481814586409981,-0.0022732096880792,Capital Goods,1.0,0.906434375
2024-08-14,193.0800018310547,205.53387777230998,192.07131337410402,203.11700896526662,5435155,210.39757690429687,216.58856201171875,216.58023986816409,216.499178314209,218.79869995117187,219.4079106648763,-0.8031694034230492,-0.0446234558747805,0.0519836701834834,0.064501117791331,-0.0052241995410444,Capital Goods,1.0,0.9099921875
2024-08-16,197.72000122070312,200.52999877929688,192.41000366210938,194.0,2331215,204.88791198730468,213.99651947021485,215.772353108724,215.1252571105957,217.53297912597657,218.63211568196616,-0.7774377766512851,0.0240314861489821,-0.0188144911882268,0.0142120045581888,-0.0268561477129798,Capital Goods,1.0,0.91177109375
2024-08-19,198.8300018310547,201.4499969482422,197.0,199.13999938964844,1334055,200.5809783935547,211.56141662597656,215.1463267008464,214.204322052002,216.3532049560547,217.88433176676432,-0.7712821462247559,0.0056140026476761,0.0015591085637929,0.0131770612737494,-0.0092038516028865,Capital Goods,1.0,0.912660546875
2024-08-20,192.67999267578125,201.17999267578125,192.3000030517578,201.17999267578125,2286700,196.8816650390625,209.3272567749024,213.3719228108724,213.10172348022465,214.90426025390624,216.9295506795248,-0.8053876981736364,-0.0309309917951873,0.0441145958226332,0.0441145958226332,-0.0019721280800691,Capital Goods,1.0,0.9131052734375
2024-08-21,190.22000122070312,193.39999389648438,189.0,193.39999389648438,2995485,194.50599975585936,206.01817016601564,211.3083475748698,211.9779930114746,213.5878167724609,216.007953898112,-0.8190298512577547,-0.0127672386785767,0.0167174464061308,0.0167174464061308,-0.0064136327035747,Capital Goods,1.0,0.91332763671875
2024-08-22,191.41000366210938,196.0,190.58999633789062,191.1999969482422,2349355,194.1720001220703,202.2847885131836,209.1163747151693,210.97817993164065,212.03374267578124,214.69424997965496,-0.8124305618811081,0.0062559269991043,-0.0010971564173725,0.0239799187611595,-0.0042840358838626,Capital Goods,1.0,0.9134388183593748
2024-08-23,196.07000732421875,200.1999969482422,192.1999969482422,192.97999572753906,4885130,193.84200134277344,199.36495666503907,207.2783467610677,210.2897651672364,210.8686059570313,213.58448282877603,-0.7865879992169914,0.0243456641395584,-0.0157597362230424,0.0210638520413484,-0.0197379009099396,Capital Goods,1.0,0.9134944091796876
2024-08-26,193.00999450683594,200.60000610351562,192.61000061035156,199.0,4079410,192.6779998779297,196.62948913574212,205.2669443766276,209.5292449951172,209.8990576171875,212.40733744303387,-0.8035576367366367,-0.0156067358753285,0.0310346907602854,0.0393244485399477,-0.0020723999164209,Capital Goods,1.0,0.9135222045898436
2024-08-27,188.92999267578125,195.50999450683594,187.8000030517578,194.22000122070312,3098375,191.9279998779297,194.4048324584961,203.52750447591143,208.0109420776367,208.86697875976563,211.0748835245768,-0.8261837354768712,-0.0211388111868485,0.0279998345948171,0.0348277250100066,-0.0059809964951546,Capital Goods,1.0,0.9135361022949218
2024-08-28,186.08999633789062,192.0,185.3699951171875,190.64999389648438,2850085,191.1019989013672,192.8039993286133,201.04611307779948,206.25676040649407,207.80279418945312,209.840180460612,-0.8419332474192243,-0.0150320036414984,0.0245042594891236,0.0317588466785627,-0.0038691022347906,Capital Goods,1.0,0.9135430511474608
2024-08-29,185.5800018310547,187.2899932861328,184.0,186.67999267578125,1937700,189.93599853515624,192.0539993286133,198.16852518717448,204.321280670166,206.7697436523437,208.3507853190104,-0.8447614780295188,-0.0027405799176325,0.0059273134705966,0.0092143088598244,-0.0085138582577074,Capital Goods,1.0,0.9135465255737304
2024-08-30,189.92999267578125,191.97999572753906,184.47999572753906,186.9600067138672,2804745,188.7079956054688,191.2749984741211,195.81263631184896,202.635758972168,205.9734112548828,207.1751708984375,-0.8206381255293419,0.0234399763002838,-0.0156372667637805,0.01079346670253,-0.0286947673269569,Capital Goods,1.0,0.9135482627868652
2024-09-02,185.0399932861328,190.7899932861328,184.3800048828125,189.92999267578125,2326490,187.1139953613281,189.8959976196289,193.45765787760416,200.7287071228028,205.04619506835937,206.1015472412109,-0.8477561547879885,-0.0257463253736648,0.0264267162077058,0.0310743634275245,-0.0035667338265612,Capital Goods,1.0,0.9135491313934324
2024-09-03,184.66000366210938,189.8000030517578,183.9499969482422,185.66000366210938,1926205,186.2599975585937,189.09399871826173,191.689887491862,199.210627746582,203.6607531738281,205.09914855957032,-0.8498634290269307,-0.0020535540305378,0.0054153578477653,0.0278349360322422,-0.0038449404299067,Capital Goods,1.0,0.9135495656967164
2024-09-04,190.63999938964844,191.60000610351562,184.1999969482422,184.1999969482422,1754170,187.1699981689453,189.13599853515623,190.9259989420573,197.57708435058595,202.4394079589844,204.36399485270184,-0.8167007052341075,0.0323838167927325,-0.0337809612989116,0.0050357045580189,-0.0337809612989116,Capital Goods,1.0,0.913549782848358
2024-09-05,186.52000427246094,192.36000061035156,185.80999755859375,191.8000030517578,2276205,187.35799865722657,188.6469985961914,190.4886657714844,195.4658935546875,200.92862426757813,203.53445281982425,-0.8395485911397546,-0.0216113886402541,0.02830794905829,0.0313102948966257,-0.0038065982071823,Capital Goods,1.0,0.9135498914241792
2024-09-06,185.77999877929688,188.3300018310547,184.42999267578125,186.52000427246094,1376340,186.5279998779297,187.6179977416992,189.692665608724,193.4914772033692,199.41420715332032,202.732509358724,-0.8436523729638715,-0.0039674323193939,0.0039832355367983,0.0137259288863875,-0.0072666923909252,Capital Goods,1.0,0.9135499457120896
2024-09-09,182.25,186.27000427246094,181.1999969482422,186.0,1200975,185.97000122070312,186.54199829101563,188.58733215332032,191.5857437133789,197.7769659423828,201.86682942708333,-0.8632283693091065,-0.0190009624420896,0.0205761316872428,0.0220576366115825,-0.0057613336173267,Capital Goods,1.0,0.91355
2024-09-09,182.25,186.27000427246094,181.1999969482422,186.0,1200975,185.97000122070312,186.54199829101563,188.58733215332032,191.5857437133789,197.7769659423828,201.86682942708333,-0.8632283693091065,-0.0190009624420896,0.0205761316872428,0.0220576366115825,-0.0057613336173267,Capital Goods,1.0,0.91355
2024-09-10,183.8699951171875,185.5399932861328,181.39999389648438,183.0,1250105,185.8119995117188,186.03599853515624,187.9999989827474,190.22041549682612,196.53090209960936,200.6859608968099,-0.8542445082722826,0.0088888620970507,-0.0047315774204106,0.0090824942257758,-0.0134334110311412,Capital Goods,1.0,0.7067749999999999
2024-09-11,182.47000122070312,184.55999755859375,182.02000427246094,184.55999755859375,658220,184.1779998779297,185.6739990234375,187.48333231608072,189.2389991760254,194.8972674560547,199.39583994547527,-0.8620083283511066,-0.0076140421692626,0.0114539174873062,0.0114539174873062,-0.0024661420794199,Capital Goods,1.0,0.6033875
2024-09-12,182.77000427246094,184.32000732421875,180.6300048828125,182.6199951171875,1133425,183.4279998779297,185.3929992675781,186.90733235677084,188.7234992980957,193.05831481933595,198.0118535359701,-0.8603446284429894,0.0016441225941295,-0.0008207536891546,0.0084806205368752,-0.011708701316537,Capital Goods,1.0,0.55169375
2024-09-13,189.85000610351562,191.1999969482422,182.80999755859375,184.0,2839800,184.24200134277345,185.3850006103516,186.492665608724,188.32999954223632,191.64158203125,196.88550618489583,-0.821081699860167,0.0387372198148023,-0.030813831527221,0.0071108285558363,-0.0370819505851546,Capital Goods,1.0,0.525846875
2024-09-16,188.77999877929688,191.83999633789062,186.39999389648438,190.8000030517578,1427355,185.5480010986328,185.759001159668,186.21066589355468,187.82749938964844,190.3781951904297,195.7388051350912,-0.8270155431212837,-0.0056360668412901,0.0107003087483994,0.0162093313824585,-0.0126072936656544,Capital Goods,1.0,0.5129234375
2024-09-17,188.36000061035156,190.0,186.39999389648438,189.02000427246094,1058265,186.4460021972656,186.12900085449212,186.17266642252605,187.61149978637687,189.4655328369141,194.8500854492188,-0.8293446891449309,-0.0022248022653942,0.0035039480779928,0.0087067285216302,-0.0104056418959231,Capital Goods,1.0,0.50646171875
2024-09-18,185.07000732421875,189.55999755859375,184.32000732421875,188.0,1260095,186.96600341796875,185.5720016479492,186.10466715494792,187.3540000915528,188.78440002441403,193.5753901163737,-0.8475897086398135,-0.0174665177079639,0.0158318072071412,0.0242610366708913,-0.0040525205074752,Capital Goods,1.0,0.503230859375
2024-09-19,187.08999633789062,188.0,180.97000122070312,186.47999572753906,1103435,187.8300018310547,185.62900085449212,186.20533345540363,187.13799972534176,188.5447998046875,192.18692932128903,-0.836387637471695,0.0109147292037067,-0.0032604662049908,0.0048639888819383,-0.0327115037521011,Capital Goods,1.0,0.5016154296875
2024-09-20,187.8300018310547,189.89999389648438,186.58999633789062,188.02000427246094,1119965,187.4260009765625,185.834001159668,186.0653340657552,186.7259994506836,188.1491998291016,190.9389851888021,-0.832283855647578,0.0039553450619967,0.0010115659881488,0.0110205613866285,-0.0066017434971831,Capital Goods,1.0,0.50080771484375
2024-09-23,197.72000122070312,199.1199951171875,189.30999755859375,190.0,5930590,189.21400146484376,187.3810012817383,186.9106679280599,186.9614997863769,188.1047998046875,190.18416290283204,-0.7774377766512851,0.0526539918715652,-0.0390451202358923,0.0070806892971928,-0.0425349160944106,Capital Goods,1.0,0.500403857421875
2024-09-24,208.24000549316406,214.0,198.4199981689453,199.2899932861328,18770200,193.19000244140625,189.818002319336,188.4826680501302,187.9270004272461,188.7272003173828,190.0862777709961,-0.7190979363098752,0.0532065760040031,-0.0429793121923686,0.0276603647468931,-0.0471571603206719,Capital Goods,1.0,0.5002019287109375
2024-09-25,212.60000610351562,214.8300018310547,207.83999633789062,210.0,4711265,198.6960021972656,192.8310028076172,189.94666849772136,189.2525009155273,189.6224005126953,190.4363337198893,-0.6949190735538758,0.0209373823249091,-0.0122295673982703,0.0104891611642441,-0.0223895090732374,Capital Goods,1.0,0.5001009643554688
2024-09-26,212.61000061035156,214.0,207.5800018310547,212.0,2456630,203.8000030517578,195.81500244140625,191.68600158691407,190.6040008544922,190.470400390625,191.0873336791992,-0.6948636479173458,4.701084924273776e-05,-0.0028691059150576,0.0065377893121587,-0.0236583357549361,Capital Goods,1.0,0.5000504821777344
2024-09-27,211.11000061035156,218.1999969482422,210.4600067138672,213.61000061035156,3098015,208.4560028076172,197.94100189208984,193.37466837565103,191.6630012512207,191.0720001220703,191.5336669921875,-0.7031820628386397,-0.0070551714204123,0.0118421675561182,0.033584369842226,-0.0030789346530488,Capital Goods,1.0,0.5000252410888673
2024-09-30,222.0,224.5800018310547,212.9600067138672,215.0,9023385,213.31200256347657,201.2630020141601,196.02466837565103,193.5110015869141,192.23160034179688,192.30600026448568,-0.6427903738948175,0.0515844789832967,-0.0315315315315315,0.0116216298696156,-0.0407206904780756,Capital Goods,1.0,0.5000126205444336
2024-10-01,214.08999633789062,224.0,211.1199951171875,223.0,3933875,214.48200073242188,203.83600158691405,198.03933512369792,194.9825012207031,193.23800048828124,193.01966705322263,-0.6866561688884043,-0.0356306471266188,0.0416180289341825,0.0462889617993582,-0.0138726763113942,Capital Goods,1.0,0.5000063102722168
2024-10-03,209.3300018310547,217.0,208.0,212.8000030517578,2959680,213.8279998779297,206.26200103759768,199.8300018310547,195.91700134277343,194.16760070800785,193.6566670735677,-0.7130532417756984,-0.0222336147800358,0.0165767027676408,0.0366407017716245,-0.0063536130483966,Capital Goods,1.0,0.5
2024-10-03,209.3300018310547,217.0,208.0,212.8000030517578,2959680,213.8279998779297,206.26200103759768,199.8300018310547,195.91700134277343,194.16760070800785,193.6566670735677,-0.7130532417756984,-0.0222336147800358,0.0165767027676408,0.0366407017716245,-0.0063536130483966,Capital Goods,1.0,0.5
2024-10-04,206.85000610351562,215.0,205.14999389648438,206.39999389648438,2124508,212.6760009765625,208.2380020141601,201.43533528645835,196.93350143432616,195.01840087890625,194.17133382161452,-0.7268063307521692,-0.0118473018957913,-0.0021755484348694,0.0394005011167648,-0.0082185746041529,Capital Goods,1.0,0.5740000000000001
2024-10-07,191.6999969482422,204.39999389648438,190.10000610351562,202.0,2950279,208.79400024414065,208.6250015258789,201.5586680094401,197.22950134277343,195.0892010498047,194.02566680908205,-0.8108223722288133,-0.0732415214321618,0.053729802898947,0.0662493330746953,-0.0083463269180883,Capital Goods,1.0,0.611
2024-10-08,191.0500030517578,194.75,183.5,188.0,5820327,202.6040008544922,207.9580017089844,201.71000162760416,197.6695014953613,195.32960144042968,193.96033376057943,-0.8144269848469903,-0.0033906828734059,-0.0159644229418385,0.0193666416599838,-0.03951846600972,Capital Goods,1.0,0.6295
2024-10-09,193.8000030517578,198.89999389648438,188.6999969482422,193.89999389648438,1959750,198.54600219726564,206.5140014648437,202.07266845703128,198.16600189208984,195.69520141601564,194.12266743977864,-0.7991765574912848,0.014394137430372,0.0005159486230754,0.0263157418184587,-0.0263158205531791,Capital Goods,1.0,0.6387499999999999
2024-10-10,193.4499969482422,198.39999389648438,191.5,194.35000610351562,1498299,195.3700012207032,204.5990005493164,202.6313344319661,198.7150016784668,195.8076013183594,194.36800079345704,-0.801117554820637,-0.001806017017565,0.0046524123518814,0.0255879918652393,-0.0100801084466489,Capital Goods,1.0,0.643375
2024-10-11,190.89999389648438,195.85000610351562,188.4499969482422,193.5,1445727,192.17999877929688,202.4279998779297,202.8853342692057,199.121501159668,195.9828009033203,194.5453338623047,-0.8152588771106951,-0.0131817166812365,0.0136197285837813,0.025929870954922,-0.0128339288977175,Capital Goods,1.0,0.6456875
2024-10-14,189.35000610351562,192.8000030517578,188.0,192.8000030517578,1150205,191.7100006103516,200.2520004272461,202.9866678873698,199.096501159668,196.12560119628907,194.5260009765625,-0.8238545048339316,-0.008119370573732,0.0182202103883541,0.0182202103883541,-0.0071296860839686,Capital Goods,1.0,0.6468437499999999
2024-10-15,190.14999389648438,194.0,186.5500030517578,190.3000030517578,1295424,191.52999877929688,197.0669998168945,202.48200073242188,199.1650009155273,196.44160095214843,194.6963343302409,-0.8194180845713421,0.0042249155911376,0.0007888990801392,0.0202472060325782,-0.018932374232346,Capital Goods,1.0,0.647421875
2024-10-16,187.3000030517578,190.39999389648438,186.10000610351562,188.1999969482422,1315703,190.2299987792969,194.38800048828125,201.08600056966145,199.11200103759765,196.57880126953123,194.78433430989585,-0.8352230221502251,-0.0149881195698489,0.0048050928020308,0.0165509385702995,-0.0064068175584096,Capital Goods,1.0,0.6477109375000001
2024-10-17,187.6999969482422,191.8000030517578,186.39999389648438,188.0,2028561,189.0799987792969,192.225,199.4259999593099,199.24350051879884,196.7880010986328,194.6863342285156,-0.8330048120189304,0.0021355786971014,0.0015983114365234,0.0218433999476632,-0.0069259620292709,Capital Goods,1.0,0.64785546875
2024-10-18,186.1999969482422,189.0,183.9499969482422,186.1999969482422,1522256,188.13999938964844,190.15999908447264,197.66533304850265,199.1990005493164,196.92520080566408,194.6756673177084,-0.8413232269402243,-0.0079914758891211,0.0,0.0150376106211007,-0.0120837810788225,Capital Goods,1.0,0.6479277343750001
2024-10-21,193.60000610351562,195.6999969482422,183.0,187.5500030517578,4203245,188.98999938964843,190.35,196.4980000813802,199.48750076293945,197.07520080566405,194.9363342285156,-0.8002856625569321,0.0397422624949366,-0.0312500147780105,0.010847059806412,-0.0547520959159884,Capital Goods,1.0,0.6479638671875001
2024-10-22,185.75,196.25,183.5,193.0,2873613,188.1100006103516,189.81999969482425,194.08133341471355,198.8890007019043,196.9540008544922,195.0530008951823,-0.843818734492754,-0.0405475509092614,0.0390309555854644,0.0565275908479139,-0.0121130551816958,Capital Goods,1.0,0.64798193359375
2024-10-23,185.9499969482422,186.9499969482422,177.75,184.8000030517578,2080393,187.83999938964843,189.03499908447264,192.20533345540363,197.7745002746582,196.85760070800785,195.1223342895508,-0.8427096294271066,0.0010766995867681,-0.0061844254657582,0.0053777898166802,-0.0440978600850667,Capital Goods,1.0,0.6479909667968751
2024-10-24,179.5500030517578,185.75,178.5,185.0,1295242,186.2100006103516,187.6449996948242,190.22000020345047,196.12200012207032,196.63680053710937,195.0250010172526,-0.878201499243577,-0.0344178220033301,0.0303536444199956,0.0345307537892658,-0.0058479701136798,Capital Goods,1.0,0.6479954833984376
2024-10-25,173.4499969482422,181.39999389648438,171.9499969482422,180.0500030517578,1652339,183.6600006103516,185.9,187.9933329264323,194.16399993896485,196.09120056152344,194.7143341064453,-0.9120297537712226,-0.0339738568634677,0.0380513474755785,0.0458345176599483,-0.0086480255196983,Capital Goods,1.0,0.6479977416992189
2024-10-28,173.10000610351562,175.0,161.4499969482422,161.4499969482422,3202578,179.56000061035155,184.275,186.75333353678383,192.26350021362305,195.50200073242183,194.156000773112,-0.9139706664812824,-0.002017819837904,-0.0673021880097832,0.0109762786221287,-0.0673021880097832,Capital Goods,1.0,0.6479988708496094
2024-10-29,173.4499969482422,174.8000030517578,170.1999969482422,173.10000610351562,1045592,177.1,182.6050003051758,185.5799997965495,189.83600006103515,194.53120056152343,193.64500071207684,-0.9120297537712226,0.0020218996671627,-0.002017819837904,0.0077832581566343,-0.0187373886260131,Capital Goods,1.0,0.6479994354248046
2024-10-30,188.89999389648438,200.10000610351562,173.0500030517578,173.4499969482422,1605309,177.68999938964845,182.76499938964844,185.25333251953128,188.57649993896484,193.75760009765625,193.66300048828128,-0.8263500970057537,0.08907464525844,-0.081789292998647,0.0592906965003332,-0.0839067832549123,Capital Goods,1.0,0.6479997177124024
2024-10-31,195.64999389648438,196.89999389648438,184.10000610351562,190.0,2968512,180.9099975585937,183.55999908447265,185.3999989827474,187.89249954223632,193.079599609375,194.0156667073568,-0.7889172298599311,0.0357331933197358,-0.0288780683503302,0.0063889600766424,-0.059033928715989,Capital Goods,1.0,0.6479998588562013
2024-11-01,198.1199951171875,201.0,195.88999938964844,195.89999389648438,472651,185.8439971923828,184.7519989013672,185.8813323974609,187.45599899291992,192.49999938964845,194.38333333333333,-0.7752195665199904,0.0126245913506645,-0.0112053365405647,0.0145366694619035,-0.0112557832752823,Capital Goods,1.0,0.6479999294281007
2024-11-04,197.16000366210938,201.72999572753906,192.35000610351562,198.1199951171875,1318710,190.6559967041016,185.10799865722657,186.4019989013672,187.72899932861327,191.9419995117188,194.6943333943685,-0.7805433046828147,-0.0048455051420241,0.0048690983832773,0.0231791031677077,-0.0243964164599889,Capital Goods,1.0,0.6479999647140504
2024-11-05,197.64999389648438,200.89999389648438,194.5500030517578,197.39999389648438,1265132,195.49599609375,186.297998046875,186.9019989013672,188.0589988708496,190.9679992675781,194.6919998168945,-0.7778260099648725,0.0024852415564707,-0.0012648621690872,0.0164432081981349,-0.0156842445760465,Capital Goods,1.0,0.6479999823570253
2024-11-06,204.77999877929688,206.39999389648438,197.5,197.6999969482422,1627134,198.6719970703125,188.18099822998047,188.06733194986973,188.60799865722657,190.5955993652344,194.57666625976563,-0.7382857839608151,0.0360738937667092,-0.0345736979844658,0.0079109050046115,-0.0355503409644168,Capital Goods,1.0,0.6479999911785126
2024-11-07,205.4600067138672,207.1999969482422,200.99000549316406,203.89999389648438,1563753,200.63399963378907,190.7719985961914,189.25133260091147,189.2084991455078,190.44079956054688,194.3386662801107,-0.7345147251944631,0.0033206755475333,-0.0075927809131017,0.008468753905952,-0.021756064804029,Capital Goods,1.0,0.6479999955892564
2024-11-08,202.4499969482422,204.8800048828125,198.5800018310547,203.38999938964844,1724104,201.5,193.6719985961914,190.3346659342448,189.7859992980957,190.26479919433595,193.9999994913737,-0.7512070652928735,-0.0146501005902179,0.0046431338877548,0.0120030030684148,-0.0191158072389444,Capital Goods,1.0,0.6479999977946282
2024-11-11,197.33999633789062,201.63999938964844,196.75,199.39999389648438,813303,201.53599853515624,196.0959976196289,190.5839986165365,190.18549880981445,190.4903991699219,193.5409993489584,-0.7795451355095198,-0.025240803592889,0.0104388243479369,0.0217898202673281,-0.0029897453574511,Capital Goods,1.0,0.6479999988973142
2024-11-12,194.9499969482422,200.35000610351562,193.89999389648438,197.9499969482422,864670,200.99599914550785,198.2459976196289,191.19733174641928,190.4254989624024,190.64639892578128,192.6393325805664,-0.792799139899343,-0.0121110744603249,0.0153885614104241,0.0276994575009257,-0.0053860121477026,Capital Goods,1.0,0.6479999994486572
2024-11-13,185.16000366210938,194.86000061035156,183.64999389648438,193.0,1549491,197.0720001220703,197.87199859619145,191.14466552734376,190.31849899292,190.3007989501953,191.6749994913737,-0.847090624053166,-0.0502179709637645,0.0423417378636343,0.0523871071311021,-0.0081551616750913,Capital Goods,1.0,0.6479999997243286
2024-11-14,185.4499969482422,189.0,184.0,184.0,748345,193.0699981689453,196.8519989013672,191.53799845377603,190.20599899291992,189.9807989501953,190.87899932861328,-0.8454824344008712,0.0015661767141785,-0.0078188027614088,0.0191426428157266,-0.0078188027614088,Capital Goods,1.0,0.6479999998621644
2024-11-18,187.07000732421875,189.47999572753906,182.11000061035156,183.3000030517578,1040663,189.99400024414064,195.74700012207032,192.4459991455078,190.2494995117188,189.8275994873047,190.21966603597005,-0.836498488744755,0.0087355643172574,-0.0201529059969884,0.0128828155715172,-0.0265141739438262,Capital Goods,1.0,0.6479999999310821
2024-11-19,185.92999267578125,192.7899932861328,184.4499969482422,187.07000732421875,1081333,187.7119995117188,194.6239990234375,193.30133158365885,189.86599884033205,189.6907989501953,190.02733256022137,-0.842820565319459,-0.0060940535831684,0.0061314187777408,0.0368956106092781,-0.0079599622752625,Capital Goods,1.0,0.647999999965541
2024-11-21,181.19000244140625,192.0,180.60000610351562,187.38999938964844,1856127,184.9600006103516,192.97799987792968,193.81733194986973,189.63799896240235,189.33239929199212,189.69866587320965,-0.8691067023144007,-0.0254934137637516,0.0342182066598688,0.0596611149232118,-0.0032562300896343,Capital Goods,1.0,0.6479999999827706
2024-11-22,182.7100067138672,185.0,180.42999267578125,181.0,968678,184.47000122070312,190.7710006713868,193.4046661376953,189.4759994506836,189.14879943847657,189.3289993286133,-0.8606773515007543,0.0083890074064791,-0.0093591300477873,0.0125334858627588,-0.0124788679016172,Capital Goods,1.0,0.6479999999913852
2024-11-25,185.52000427246094,188.10000610351562,182.1699981689453,186.3000030517578,1005934,184.48400268554687,188.7770004272461,192.7293334960937,189.7744995117188,189.0615997314453,189.06466623942052,-0.8450942010872838,0.0153795493149663,0.0042043917708807,0.0139068659532026,-0.0180573847906756,Capital Goods,1.0,0.6479999999956927
2024-11-26,187.33999633789062,187.89999389648438,184.99000549316406,185.0,725001,184.53800048828128,187.26600036621093,192.0106669108073,190.4689994812012,189.10719970703124,188.9459996541341,-0.8350012349848126,0.009810220049137,-0.0124906393916554,0.0029892044920494,-0.0125439889541156,Capital Goods,1.0,0.6479999999978463
2024-11-27,188.6199951171875,190.0,186.85000610351562,187.33999633789062,640150,185.0760009765625,186.3940002441406,191.4413330078125,191.2449989318848,188.90799926757813,188.92166595458983,-0.8279028610215186,0.0068324906817455,-0.0067861245489992,0.0073163233937902,-0.0093838885563123,Capital Goods,1.0,0.6479999999989232
2024-11-28,189.5800018310547,192.27000427246094,188.0,188.6300048828125,586581,186.75400085449212,185.85700073242188,190.90333353678383,192.0514991760254,189.0611993408203,188.9026662190755,-0.8225790382394017,0.0050896338602423,-0.0050110609719731,0.0141892732114405,-0.0083342220476541,Capital Goods,1.0,0.6479999999994617
2024-11-29,188.38999938964844,190.5800018310547,187.0800018310547,190.0,608633,187.88999938964844,186.18000030517572,189.8106669108073,192.0259994506836,189.15879943847656,188.93899943033853,-0.8291783276160484,-0.0062770462596931,0.0085461044406163,0.0116248338473459,-0.0069536470239286,Capital Goods,1.0,0.6479999999997308
2024-12-02,192.5500030517578,193.60000610351562,185.4499969482422,188.00999450683594,1502936,189.2959991455078,186.8900009155273,188.95,191.8709999084473,189.67879943847657,189.1006663004557,-0.8061085699256963,0.0220818709888374,-0.0235783353568761,0.0054531448201304,-0.0368735704543569,Capital Goods,1.0,0.6479999999998654
2024-12-03,197.9499969482422,202.49000549316406,193.0500030517578,193.0500030517578,2005770,191.41799926757807,187.97799987792968,188.65,191.8625,190.65879943847656,189.4923329671224,-0.7761623100567552,0.0280446315808826,-0.0247536952363054,0.0229351281379859,-0.0247536952363054,Capital Goods,1.0,0.6479999999999326
2024-12-04,204.57000732421875,205.39999389648438,196.0,197.9499969482422,2128909,194.6080017089844,189.84200134277344,189.1320007324219,192.23300018310547,191.9175994873047,189.8579996744792,-0.7394503146629925,0.0334428415157161,-0.0323606107394064,0.0040572251187838,-0.0418927849508081,Capital Goods,1.0,0.6479999999999664
2024-12-05,205.9199981689453,208.89999389648438,203.30999755859375,204.5,1580937,197.8760009765625,192.3150009155273,189.86333414713545,192.64650039672853,193.21639953613283,190.5303329467773,-0.7319637920054035,0.0065991631050146,-0.0068958730651322,0.0144716188521629,-0.0126748282515533,Capital Goods,1.0,0.6479999999999833
2024-12-06,214.57000732421875,221.66000366210938,206.0,206.0,8596542,203.11200256347647,195.5010009765625,191.8240010579427,193.1360008239746,194.24320007324212,191.48433329264324,-0.6839942151876998,0.0420066493404715,-0.0399403785789563,0.03304281165064,-0.0399403785789563,Capital Goods,1.0,0.6479999999999917
2024-12-09,221.6199951171875,224.1999969482422,214.08999633789062,216.47000122070312,4714517,208.9260009765625,199.1110000610352,194.2353342692057,193.94400024414065,195.28200012207031,192.88666636149088,-0.6448977327530522,0.0328563524832065,-0.0232379478835434,0.0116415571153245,-0.0339770731215619,Capital Goods,1.0,0.6479999999999959
2024-12-10,230.41000366210938,235.0,222.1699981689453,223.97000122070312,8227391,215.41800231933595,203.41800079345705,197.12466735839843,195.342000579834,196.5736004638672,194.78533325195312,-0.5961517739274661,0.0396625247657546,-0.0279501859253054,0.0199209941623097,-0.0357623599765565,Capital Goods,1.0,0.6479999999999979
2024-12-11,234.1300048828125,237.60000610351562,228.0,231.0,3405203,221.3300018310547,207.9690017700196,200.33800150553387,197.18150100708007,198.0524005126953,196.8196665445964,-0.5755220981531137,0.0161451376310831,-0.013368661929423,0.0148208309415103,-0.0261820559303397,Capital Goods,1.0,0.647999999999999
2024-12-12,235.5800018310547,253.39999389648438,233.02000427246094,237.5,19464766,227.26200256347656,212.56900177001955,203.96400146484376,199.2130012512207,199.5696008300781,198.8906667073568,-0.5674809806530547,0.0061931273993179,0.0081500897954922,0.0756430593722858,-0.0108667863939896,Capital Goods,1.0,0.648
2024-12-12,235.5800018310547,253.39999389648438,233.02000427246094,237.5,19464766,227.26200256347656,212.56900177001955,203.96400146484376,199.2130012512207,199.5696008300781,198.8906667073568,-0.5674809806530547,0.0061931273993179,0.0081500897954922,0.0756430593722858,-0.0108667863939896,Capital Goods,1.0,0.648
2024-12-13,233.39999389648438,236.5,227.92999267578125,235.60000610351562,3414933,231.0279998779297,217.07000122070312,207.34333394368488,201.62500076293944,200.71440063476564,200.3740000406901,-0.5795704543407006,-0.0092537902947029,0.0094259308678772,0.0132819459493667,-0.0234361669397863,Capital Goods,1.0,0.705675
2024-12-16,233.3000030517578,238.0,230.50999450683594,232.75,2323290,233.3640014648437,221.1450012207032,210.528667195638,204.0175010681152,201.82800048828125,201.62900034586588,-0.5801249645638782,-0.0004284098000915,-0.0023574926899413,0.0201457217606615,-0.0119588877343602,Capital Goods,1.0,0.7345125
2024-12-17,230.85000610351562,235.74000549316406,227.5,233.0,1754848,233.452001953125,224.43500213623048,213.4293345133464,206.20650100708008,202.96400085449216,202.7200007120768,-0.5937116920114663,-0.0105014869961174,0.0093133802886724,0.0211825828908824,-0.0145116136666396,Capital Goods,1.0,0.74893125
2024-12-18,222.57000732421875,229.0,221.10000610351562,227.0,3051906,231.14000244140624,226.2350021362305,215.69266866048176,208.03850173950195,203.97320129394527,203.5670008341472,-0.6396293356074655,-0.0358674401575888,0.0199038169115395,0.0288897536244163,-0.006604668968545,Capital Goods,1.0,0.756140625
2024-12-19,221.6699981689453,223.02999877929688,211.0,218.5,1816007,228.3580017089844,227.81000213623048,217.83200174967448,210.0625015258789,205.04200134277343,204.3676676432292,-0.6446204353318172,-0.0040437126551484,-0.0143005286918859,0.0061352488906281,-0.048134606654407,Capital Goods,1.0,0.7597453125
2024-12-20,218.80999755859375,225.85000610351562,217.00999450683594,223.85000610351562,1915449,225.44000244140625,228.234001159668,219.86000162760416,211.86750106811525,206.3880010986328,204.83533426920573,-0.6604808831665228,-0.0129020644831323,0.0230337214988187,0.0321740716762115,-0.008226329106721,Capital Goods,1.0,0.76154765625
2024-12-23,214.22999572753906,220.5,212.10000610351562,220.0,1934519,221.6260009765625,227.4950012207032,221.30533447265623,213.3030006408692,207.5392010498047,205.1276672363281,-0.6858797868805219,-0.0209314102744699,0.0269336899012,0.0292676301055208,-0.0099425368365894,Capital Goods,1.0,0.7624488281249999
2024-12-24,212.24000549316406,218.0,208.42999267578125,216.99000549316406,1664928,217.90400085449212,225.6780014038086,222.2580017089844,214.5480010986328,208.5460009765625,205.4540008544922,-0.696915496519758,-0.0092890364284276,0.0223803235820825,0.0271390612408435,-0.0179514357273493,Capital Goods,1.0,0.7628994140625
2024-12-26,207.27999877929688,213.9499969482422,206.0,213.8000030517578,1503221,214.84599914550785,222.99300079345704,222.4386678059896,215.4810012817383,209.4000012207032,205.7853342692057,-0.7244217590919919,-0.0233698011001368,0.0314550574626506,0.0321786868401483,-0.006175216069254,Capital Goods,1.0,0.7631247070312499
2024-12-27,207.1300048828125,210.72000122070312,206.0,207.0,1010883,211.9380004882813,220.1480010986328,222.5193349202474,216.35850143432617,210.43760131835936,206.19133453369145,-0.7252535667364044,-0.0007236293774976,-0.0006276487218066,0.0173320921800863,-0.0054555344767737,Capital Goods,1.0,0.7632373535156249
2024-12-30,198.9600067138672,209.00999450683594,197.5,206.0,2963541,207.968002319336,216.7040023803711,221.47866821289065,216.88700180053712,211.08760131835936,206.65133463541667,-0.7705611898534035,-0.0394438177779585,0.0353839618444391,0.0505126028037488,-0.0073381919209868,Capital Goods,1.0,0.7632936767578125
2024-12-31,202.0800018310547,204.24000549316406,198.9600067138672,199.0,1586698,205.53800354003903,213.5820022583008,220.1760019938151,217.363501739502,211.75000122070315,207.2056681315104,-0.7532589138952858,0.0156815189581014,-0.015241497442333,0.0106888541297383,-0.0154394056260743,Capital Goods,1.0,0.7633218383789062
2025-01-01,213.3300018310547,214.4499969482422,200.0,201.00999450683594,2607718,205.7560028076172,211.8300018310547,219.0373352050781,218.13250198364256,212.7896014404297,208.08100128173828,-0.6908708019855813,0.0556710208732349,-0.0577509361949731,0.0052500590989281,-0.062485359380493,Capital Goods,1.0,0.7633359191894531
2025-01-02,207.67999267578125,213.5,206.25999450683594,213.0,1819294,205.83600158691405,210.3410003662109,217.2740010579427,218.2880012512207,213.55200134277345,208.80600128173828,-0.7222035489606972,-0.0264848315135155,0.0256163689899779,0.0280239191519262,-0.0068374336432212,Capital Goods,1.0,0.76335
2025-01-02,207.67999267578125,213.5,206.25999450683594,213.0,1819294,205.83600158691405,210.3410003662109,217.2740010579427,218.2880012512207,213.55200134277345,208.80600128173828,-0.7222035489606972,-0.0264848315135155,0.0256163689899779,0.0280239191519262,-0.0068374336432212,Capital Goods,1.0,0.76335
2025-01-03,208.5,212.5,207.11000061035156,207.67999267578125,1323740,206.1100006103516,209.0240005493164,215.46866760253903,218.41700134277343,214.30880126953124,209.7163345336914,-0.7176561081864629,0.0039484175324432,-0.0039328888451738,0.0191846522781775,-0.006666663739321,Capital Goods,1.0,0.76335
2025-01-06,201.52000427246094,208.57000732421875,198.77999877929688,207.47000122070312,1828478,206.62200012207032,207.2950012207031,213.3433349609375,217.7645011901856,214.8340014648437,210.3433344523112,-0.7563644419268153,-0.0334771977340003,0.0295255896292936,0.0349841350848028,-0.0135966923137789,Capital Goods,1.0,0.76335
2025-01-07,206.72000122070312,207.99000549316406,201.1999969482422,201.1999969482422,1582787,207.55,206.54400177001952,211.5713348388672,217.0195014953613,215.4008013916016,211.0500010172526,-0.7275272871235215,0.0258038747419419,-0.0267028068878906,0.006143596482979,-0.0267028068878906,Capital Goods,1.0,0.76335
2025-01-08,202.17999267578125,208.32000732421875,200.35000610351562,208.22999572753906,1129053,205.3199981689453,205.53800048828128,209.6600006103516,215.6080009460449,215.57000122070312,211.54466756184897,-0.7527044036721082,-0.0219621155094458,0.0299238464285618,0.0303690516909045,-0.009051274302894,Capital Goods,1.0,0.76335
2025-01-09,197.4600067138672,202.17999267578125,196.0,201.91000366210938,1039250,203.2760009765625,204.55600128173828,207.98600056966143,213.77450103759764,215.28560119628904,211.8393346150716,-0.7788796047746974,-0.0233454650949715,0.0225361936439643,0.0239035035016161,-0.0073939363122925,Capital Goods,1.0,0.76335
