Price,Close,High,Low,Open,Volume,MA_5,MA_10,MA_15,MA_20,MA_25,MA_30,Normalised Close,Return Ratio,Percentage Change Open,Percentage Change High,Percentage Change Low,Sector,Sector Encoded,VADER Sentiment Score
Ticker,IIFL.NS,IIFL.NS,IIFL.NS,IIFL.NS,IIFL.NS,,,,,,,,,,,,,,
Date,,,,,,,,,,,,,,,,,,,
2023-01-10,461.3638000488281,476.1511013324444,452.54069824900046,467.2787205622746,308502,,,,,,,-0.4310871262284436,,0.0128205128205127,0.0320512820512819,-0.0191239577073317,Financial Services,8.0,0.5
2023-01-11,459.0471496582031,467.0815779132255,457.4205524176522,463.68051642568145,136343,,,,,,,-0.4595453722184104,-0.005021309410014,0.0100934441504063,0.0175024030995609,-0.0035434208485164,Financial Services,8.0,0.5
2023-01-12,470.482666015625,476.0525438393861,461.36382963920903,461.36382963920903,343490,,,,,,,-0.3190689590147745,0.0249114200271944,-0.0193818753273965,0.0118386461948336,-0.0193818753273965,Financial Services,8.0,0.5
2023-01-13,469.9404602050781,477.53125702918385,466.68723577916796,472.7993325176593,178245,,,,,,,-0.325729535162205,-0.0011524458810324,0.0060834777055238,0.0161526777685692,-0.0069226310594547,Financial Services,8.0,0.5
2023-01-16,465.701416015625,479.9958076741191,462.3496336437052,469.9897395301417,228885,465.3070983886719,,,,,,-0.3778028919336819,-0.0090203856624799,0.0092083110916991,0.0306943272382373,-0.0071972776046,Financial Services,8.0,0.5
2023-01-17,507.4508972167969,511.64063264792145,464.8634568006053,468.06737213028885,4634894,474.5245178222656,,,,,,0.1350569728022788,0.0896486026569674,-0.0776105142438684,0.0082564351627003,-0.083924258780051,Financial Services,8.0,0.5
2023-01-18,501.1909484863281,513.6122881514901,490.93842514288303,508.5352904099494,2377996,482.9532775878906,,,,,,0.0581583774953715,-0.0123360679127823,0.0146537800528965,0.0247836472360012,-0.0204563218358376,Financial Services,8.0,0.5
2023-01-19,495.3746337890625,501.53600983121504,487.38948442146403,499.5150905233266,570583,487.9316711425781,,,,,,-0.0132905191873901,-0.0116049875099136,0.0083582332478233,0.0124378109452736,-0.0161194151313743,Financial Services,8.0,0.5
2023-01-20,484.3334045410156,499.7122041638649,480.6365791549866,497.3462419337747,404433,490.8102600097656,,,,,,-0.1489234222978869,-0.0222886447850464,0.026867519916556,0.0317525065970272,-0.0076328110994788,Financial Services,8.0,0.5
2023-01-23,470.6798400878906,486.7486964114346,468.264568699608,485.8121552400981,265341,491.8059448242187,478.5565216064453,,,,,-0.3166468290835229,-0.0281904248707849,0.0321499113906849,0.0341396740522037,-0.005131452810538,Financial Services,8.0,0.5
2023-01-24,463.0890197753906,473.0950883741115,458.9485630728919,470.6798470350237,419287,482.9335693359375,478.7290435791016,,,,,-0.4098941453781852,-0.0161273538103577,0.0163917236977781,0.0216072248993812,-0.0089409520107105,Financial Services,8.0,0.5
2023-01-25,470.2362060546875,486.00932827035837,459.98368263147006,463.3354650853315,992261,476.74262084960935,479.84794921875,,,,,-0.3220965277076686,0.0154337200280918,-0.0146750524109013,0.0335429769392032,-0.0218029222148519,Financial Services,8.0,0.5
2023-01-27,454.0194396972656,474.57379501093493,447.75950606566454,472.6021547906279,594901,468.47158203125,478.2016265869141,,,,,-0.5213068738302119,-0.0344864264993153,0.0409293379722968,0.045271971894804,-0.0137878096932922,Financial Services,8.0,0.5
2023-01-30,463.3354797363281,467.27876041493516,454.6109652179412,454.6109652179412,329386,464.2719970703125,477.54112854003904,,,,,-0.4068665766852912,0.0205190333816418,-0.018829800220246,0.0085106382978723,-0.018829800220246,Financial Services,8.0,0.5
2023-01-31,506.07073974609375,513.8587428421756,459.3921806512304,467.18015366246937,1720014,471.3501770019531,481.578060913086,476.1544067382813,,,,0.1181028130528815,0.0922339468457825,-0.0768481222667341,0.0153891590333581,-0.0922372218521919,Financial Services,8.0,0.5
2023-02-01,512.5278930664062,527.3151945378007,491.97350791935764,504.49343519907507,1736759,481.2379516601562,482.08576049804685,479.5653462727865,,,,0.1974239131757226,0.0127593887833787,-0.0156761377790811,0.0288517008955813,-0.040103934683581,Financial Services,8.0,0.5
2023-02-02,512.3800048828125,530.3712219854798,489.70614223287566,498.08561321220014,2318567,489.6667114257813,483.2046661376953,483.1208699544271,,,,0.1956072220061133,-0.0002885466051592,-0.0278980278980278,0.035113035113035,-0.0442520442520442,Financial Services,8.0,0.5
2023-02-03,499.76153564453125,522.4846780029881,494.43808278190915,503.80337418007593,538938,498.8151306152344,483.6433563232422,485.0727945963542,,,,0.0405991538690139,-0.0246271695187778,0.008087534248373,0.0454679696970901,-0.0106519859631785,Financial Services,8.0,0.5
2023-02-06,485.6642761230469,508.63390297099363,482.1153176739175,501.1909430137507,559450,503.2808898925781,483.7764434814453,486.1210489908854,,,,-0.132574701310132,-0.0282079722348048,0.0319699587843889,0.0472952777818214,-0.0073074315398693,Financial Services,8.0,0.5
2023-02-07,474.4215087890625,489.2766615550943,469.60226666017485,489.2766615550943,599954,496.9510437011719,484.1506103515625,486.7023885091146,481.3535659790039,,,-0.2706833428614253,-0.02314925739182,0.0313121401345162,0.0313121401345162,-0.0101581442653991,Financial Services,8.0,0.5
2023-02-08,483.7618713378906,491.0652556706529,467.56524555603653,477.75022885489483,542040,491.1978393554688,486.2178955078125,485.1231201171875,482.473469543457,,,-0.1559442626248458,0.0196878985791958,-0.0124268629653883,0.0150970648277095,-0.0334805753439408,Financial Services,8.0,0.5
2023-02-09,476.4088439941406,486.544126842638,473.27880029521833,486.544126842638,382585,484.0036071777344,486.8351593017578,483.4709798177083,483.34155426025393,,,-0.2462704774763394,-0.0151996835207671,0.0212743381577988,0.0212743381577988,-0.0065700789109632,Financial Services,8.0,0.5
2023-02-10,468.7576599121094,477.7502430601013,466.0251033360451,474.9680157668008,344216,477.80283203125,488.30898132324216,481.6965148925781,483.25530395507815,,,-0.340259315672258,-0.016060121843845,0.0132485426603072,0.0191838638960653,-0.0058293587705353,Financial Services,8.0,0.5
2023-02-13,464.38555908203125,470.9933714136459,460.46060219065004,469.99971451192937,370329,473.5470886230469,488.4139892578125,480.3666585286458,482.9775588989258,,,-0.3939671696578282,-0.0093269960236977,0.0120894272444558,0.0142291511921184,-0.0084519357129446,Financial Services,8.0,0.5
2023-02-13,464.38555908203125,470.9933714136459,460.46060219065004,469.99971451192937,370329,473.5470886230469,488.4139892578125,480.3666585286458,482.9775588989258,,,-0.3939671696578282,-0.0093269960236977,0.0120894272444558,0.0142291511921184,-0.0084519357129446,Financial Services,8.0,0.5
2023-02-14,461.05682373046875,473.5272062944393,451.3189977726594,466.86972293928505,444167,470.8741516113281,483.91259765625,479.7251241048177,482.745329284668,479.2576831054688,,-0.4348580912460044,-0.0071680423442592,0.012607771774818,0.0270473874848464,-0.0211206633469154,Financial Services,8.0,0.6562250000000001
2023-02-15,450.8221740722656,460.8084143727363,447.2450029578867,457.08220077942576,566410,464.2862121582031,477.7420257568359,478.907334391276,479.9138931274414,478.8360180664063,,-0.5605827922077655,-0.0221982392005247,0.0138858003602917,0.0221511737327939,-0.0079347718903585,Financial Services,8.0,0.7343375000000001
2023-02-16,454.3496398925781,462.1001519645341,451.1202548085959,453.10756870643115,351430,459.8743713378906,471.9389892578125,477.8482299804688,477.5718276977539,478.6481176757813,,-0.5172506215695489,0.0078245171226805,-0.0027337342810277,0.0170584752169902,-0.0071077091306723,Financial Services,8.0,0.7733937500000001
2023-02-17,452.2132873535156,459.06951429441057,449.5304014390766,454.3496437470113,202038,456.5654968261719,467.1841644287109,477.7278198242187,475.41376037597655,477.9173425292969,,-0.543494048857483,-0.0047020011715374,0.0047242229568225,0.015161489351672,-0.0059327887735012,Financial Services,8.0,0.792921875
2023-02-20,449.083251953125,455.14453483613687,448.1392657603924,454.0018354560938,170828,453.5050354003906,463.5260620117188,476.7776713053385,473.651252746582,477.08305419921874,,-0.5819440962803009,-0.0069215909570205,0.0109524981873119,0.0134970138758248,-0.0021020293868165,Financial Services,8.0,0.8026859375
2023-02-21,436.76190185546875,452.262956397501,433.4828460379636,451.3686712039999,258306,448.64605102539065,459.7601013183594,472.15708211263023,471.9553558349609,475.9254736328125,474.1557444254557,-0.733302287152168,-0.0274366724745779,0.0334433229786712,0.0354908577789867,-0.0075076507442038,Financial Services,8.0,0.8075679687499999
2023-02-22,432.93634033203125,441.1340100765115,422.9997709447824,433.4828395187286,429861,445.0688842773437,454.6775482177735,466.8509785970052,470.44772186279295,472.94489135742185,473.2081624348958,-0.7802963313654452,-0.0087589176326634,0.0012623084176262,0.0189350465202187,-0.0229515715396591,Financial Services,8.0,0.810008984375
2023-02-23,432.19110107421875,440.83589831565564,427.272487058709,436.2153995785424,279456,440.6371765136719,450.2557739257812,461.5050516764323,468.5454666137695,470.1848974609375,472.3129608154297,-0.7894510153030965,-0.0017213599053407,0.0093113867784904,0.02000225645542,-0.0113806462078568,Financial Services,8.0,0.8112294921875001
2023-02-24,431.0483703613281,439.69319790741423,426.4278716345594,435.22174165750835,185053,436.4041931152344,446.4848449707032,456.92417399088544,467.3969131469727,467.6118469238281,470.9984842936198,-0.8034885722255107,-0.0026440403563385,0.0096819094633902,0.0200553537386989,-0.0107192116812681,Financial Services,8.0,0.8118397460937501
2023-02-27,423.4468994140625,436.46381140816766,418.7767299849736,430.94902751428504,222954,431.27692260742185,442.39097900390624,452.77634887695314,465.40248413085936,465.17638671875,469.4486989339193,-0.896866723274237,-0.0176348444164019,0.0177168096179318,0.0307403644048807,-0.0110289375965467,Financial Services,8.0,0.812144873046875
2023-02-28,425.9310302734375,430.15407215944595,417.9321042424814,425.2851593439073,380137,429.1107482910156,438.8783996582032,449.5436503092448,461.39549865722654,463.3864343261719,468.1230194091797,-0.8663511101487325,0.0058664518805365,-0.0015163744447441,0.0099148490855369,-0.0187798621429882,Financial Services,8.0,0.8122974365234374
2023-03-01,433.58221435546875,442.17734087165644,425.2851727934134,425.2851727934134,311539,429.2399230957032,437.1544036865234,446.19833984375,457.4482147216797,462.206162109375,465.6607299804688,-0.7723622719528139,0.0179634343079427,-0.0191360283871171,0.0198235218872262,-0.0191360283871171,Financial Services,8.0,0.8123737182617188
2023-03-02,440.8359069824219,449.23232047627243,435.221751188287,437.20906512065363,382709,430.96888427734376,435.8030303955078,443.8268107096354,453.87100982666016,461.0301501464844,463.6488952636719,-0.6832563067416584,0.0167296821382213,-0.008227192486643,0.0190465734774762,-0.0127352507026129,Financial Services,8.0,0.81245
2023-03-02,440.8359069824219,449.23232047627243,435.221751188287,437.20906512065363,382709,430.96888427734376,435.8030303955078,443.8268107096354,453.87100982666016,461.0301501464844,463.6488952636719,-0.6832563067416584,0.0167296821382213,-0.008227192486643,0.0190465734774762,-0.0127352507026129,Financial Services,8.0,0.81245
2023-03-03,443.4194030761719,446.84753159930307,435.81793365966666,443.5684455502204,235707,433.4430908203125,434.9236419677735,442.1375935872396,451.0539031982422,460.6061486816406,461.9170542399089,-0.6515200690911336,0.0058604484181752,0.0003361207764356,0.0077311197916665,-0.0171428434655112,Financial Services,8.0,0.6562250000000001
2023-03-06,451.0208740234375,454.4986732750542,442.8729053997658,445.1583042069413,261608,438.9578857421875,435.1174041748047,441.2466145833333,449.32173309326174,460.113564453125,460.8066365559896,-0.5581419180424073,0.0171428469176839,-0.0129984445380493,0.0077109496520464,-0.0180656131300217,Financial Services,8.0,0.5781125
2023-03-08,446.3009948730469,452.4119788021633,443.0219392010339,448.8348381868773,182531,443.03187866210936,436.0713134765625,440.2628926595052,447.91570739746095,457.7227746582032,459.99400838216144,-0.6161219578655481,-0.0104648796147411,0.005677431470999,0.0136925169321091,-0.0073471843210785,Financial Services,8.0,0.53905625
2023-03-09,445.60546875,450.12659571644684,438.00396886777116,446.3010104165284,312216,445.4365295410156,437.3382263183594,439.9151123046875,446.0078872680664,455.0458776855469,459.4112233479818,-0.6246659546560074,-0.0015584238687272,0.0015608912262219,0.0101460311497734,-0.0170588119206713,Financial Services,8.0,0.519528125
2023-03-10,433.1350402832031,441.87923927104896,429.11074193400293,441.0346248341544,397639,443.8963562011719,437.4326202392578,438.5008056640625,443.84419708251954,451.8760791015625,458.1745178222656,-0.7778554572000869,-0.0279853577690116,0.0182381562705851,0.0201881588294692,-0.0092910939428242,Financial Services,8.0,0.5097640625
2023-03-13,420.3665466308594,435.6688874127209,415.34859132932854,427.32214505025,595867,439.28578491210936,436.36443786621095,436.3776896158854,441.424641418457,448.7002795410156,457.05275472005206,-0.9347064584345448,-0.0294792442652414,0.0165465079824693,0.0364023752710729,-0.0119370947611044,Financial Services,8.0,0.50488203125
2023-03-14,417.4352722167969,424.24182808674175,405.4616883067765,417.83272891434063,342893,432.5686645507813,435.7632751464844,434.2678243001302,439.07712707519534,445.9711193847656,455.5227478027344,-0.9707148819226404,-0.0069731391271641,0.000952139706434,0.0163056558057457,-0.0286836899201987,Financial Services,8.0,0.502441015625
2023-03-15,425.08642578125,436.1160238535552,420.51562812743265,422.99977047146524,342608,428.32575073242185,435.6788146972656,433.4894592285156,437.2786071777344,443.99771606445313,452.8232706705729,-0.876726418611404,0.018328957981489,-0.0049087789758277,0.0259467190749136,-0.0107526314099934,Financial Services,8.0,0.5012205078125
2023-03-16,425.781982421875,432.24075228358373,411.075872404816,423.24816945188246,291088,424.3610534667969,434.89879150390624,433.0125020345052,436.02659759521487,441.6785205078125,449.9317403157552,-0.8681820469362627,0.0016362711167421,-0.005950963344151,0.015169194865811,-0.0345390613604872,Financial Services,8.0,0.50061025390625
2023-03-17,428.564208984375,437.25870686229587,413.0134845589511,424.2914964425404,341006,423.4468872070312,433.6716217041016,432.7707092285156,434.7373260498047,439.7647351074218,447.137880452474,-0.8340045602356975,0.0065343924293708,-0.0099698305464196,0.0202875034724092,-0.0362856349163558,Financial Services,8.0,0.500305126953125
2023-03-20,422.4532470703125,432.2407741121351,419.17419125837364,420.81371916434307,266662,423.8642272949219,431.5750061035157,432.1977010091146,433.2493240356445,437.91255859375,444.5609375,-0.9090729685244388,-0.0142591513382427,-0.0038809688819756,0.0231683082322091,-0.0077619377639511,Financial Services,8.0,0.5001525634765625
2023-03-21,417.6340026855469,429.6075870910423,414.3549468901185,424.5896013143978,240981,423.9039733886719,428.23631896972654,431.8101745605469,431.6768615722656,436.0424963378906,442.29326171875,-0.9682736328726,-0.011407757942889,0.0166547708858084,0.0286700420188508,-0.0078515058025514,Financial Services,8.0,0.5000762817382812
2023-03-22,426.9246826171875,429.2597824057228,418.3295564648363,419.7703711048267,140906,424.27162475585936,426.29868774414064,431.8764180501302,431.1850006103516,434.67721069335937,440.7100341796875,-0.8541448648985306,0.0222459854128207,-0.0167577837582557,0.0054695825367143,-0.0201326522038038,Financial Services,8.0,0.5000381408691406
2023-03-23,426.9246826171875,434.97330960209524,421.4595696467442,422.3041840797041,216324,424.5001647949219,424.43060913085935,431.4325826009115,430.88441772460936,433.72131103515625,438.8154612223307,-0.8541448648985306,0.0,-0.0108227486617973,0.0188525688783487,-0.0128011173702592,Financial Services,8.0,0.5000190704345703
2023-03-24,421.9564208984375,428.1667768822365,419.8200645048114,428.1667768822365,139251,423.1786071777344,423.3127471923828,430.1739501953125,430.3726837158203,432.4255822753906,437.000380452474,-0.9151760911495398,-0.0116373260226907,0.0147180032728873,0.0147180032728873,-0.0050629787528231,Financial Services,8.0,0.5000095352172851
2023-03-27,420.515625,425.6826228427581,413.36128297279276,419.52196806977696,326600,422.7910827636719,423.32765502929686,428.64703165690105,429.8460464477539,431.15767578125,435.3923126220704,-0.9328751467623324,-0.0034145609050568,-0.0023629488921441,0.0122872909722631,-0.0170132608680289,Financial Services,8.0,0.5000047676086425
2023-03-28,433.2840881347656,440.2893876199912,414.35493592533174,418.3295636080688,359261,425.9210998535156,424.91253662109375,427.4645792643229,430.33790588378906,430.5257092285156,434.3555969238281,-0.7760245204125567,0.0303638256836844,-0.0345143635231891,0.0161679131015,-0.0436876237272444,Financial Services,8.0,0.5000023838043213
2023-03-29,464.78302001953125,468.01240497958145,430.30311308570214,435.47014115138336,743952,433.4927673339844,428.8821960449219,428.69671427408855,432.28050537109374,431.6465539550781,434.47980346679685,-0.3890846715577474,0.0726981044246619,-0.0630678781400321,0.0069481560662747,-0.0741849539434125,Financial Services,8.0,0.5000011919021606
2023-03-31,485.00396728515625,490.8168665545034,457.4796574177882,467.0187702797933,650429,445.1086242675781,434.80439453125,431.323280843099,434.8515930175781,433.7292590332031,435.6191965738933,-0.1406860811774113,0.0435062091226466,-0.0370825770890831,0.0119852612791711,-0.0567506901467987,Financial Services,8.0,0.5000005959510803
2023-04-03,467.6646423339844,484.059982180112,462.1001572911039,481.8242540192764,355560,454.2502685546875,438.7144378662109,433.6252543131511,436.1930297851562,435.14820068359376,436.0630299886068,-0.35368618544748,-0.035750893025123,0.0302772765001546,0.0350578991054424,-0.01189845145254,Financial Services,8.0,0.5000002979755401
2023-04-05,457.8274230957031,471.9870341192816,455.3929515269606,471.9870341192816,224352,461.71262817382814,442.25185546875,436.122646077474,436.9134307861328,436.2193627929688,436.2501678466797,-0.4745287631938425,-0.0210347722444579,0.0309278350515465,0.0309278350515465,-0.0053174437483043,Financial Services,8.0,0.5000001489877701
2023-04-06,472.7322998046875,474.9680279698174,450.07693319430615,456.03887496798586,391568,469.6022705078125,447.7616851806641,439.8091145833333,437.99900207519534,438.1907788085937,437.03846944173176,-0.2914339597867684,0.0325556660809038,-0.0353126385558986,0.0047293746715713,-0.0479243043467552,Financial Services,8.0,0.5000000744938851
2023-04-10,467.4162292480469,479.73756952227524,463.19318715604095,471.9870573418424,284687,470.1289123535156,451.81083984375,442.6311014811198,439.0547637939453,439.8501867675781,438.0602803548177,-0.3567377467600304,-0.0112454142838071,0.0097789246666697,0.0263605315845585,-0.0090348640628069,Financial Services,8.0,0.5000000372469425
2023-04-11,456.1382141113281,473.9743686241661,454.299972999557,468.90671207722016,325656,464.35576171875,454.73219299316406,444.6548502604167,439.5814010620117,440.7524267578125,438.83367614746095,-0.4952793801191856,-0.0241284200911512,0.0279926074397609,0.0391025219134233,-0.0040300090080207,Financial Services,8.0,0.5000000186234712
2023-04-12,455.4426574707031,467.01875457788634,451.31898729827344,457.1318560481789,212047,461.91136474609374,458.0808166503906,446.4467468261719,440.69678192138673,441.3366967773438,439.6087280273438,-0.5038237517943269,-0.0015248813169054,0.0037089160397418,0.0254172438995305,-0.0090542027734741,Financial Services,8.0,0.5000000093117356
2023-04-13,457.8771057128906,471.98704638711735,451.6170791219891,457.7280632367269,489177,461.9213012695312,461.8169647216797,448.8083374023437,442.57230987548826,441.9150048828125,440.5030192057292,-0.4739184509313324,0.0053452354588548,-0.0003255075964798,0.0308159995295207,-0.0136718488712271,Financial Services,8.0,0.5000000046558678
2023-04-17,455.9394836425781,465.92572355538016,453.1075553567976,457.8770964414786,309166,458.5627380371094,464.08250427246094,451.3620361328125,444.4975204467773,442.11174926757815,441.5861053466797,-0.497720629169226,-0.00423175137201,0.0042497148600084,0.0219025556484389,-0.0062111933433703,Financial Services,8.0,0.5000000023279338
2023-04-18,457.92681884765625,467.7143460275946,452.1139195317332,454.64773266544125,351336,456.6648559570313,463.3968841552734,453.42884521484376,446.1395401000976,442.5767822265625,442.652631632487,-0.4733077637841402,0.0043587696972435,-0.0071607209869616,0.0213735618380421,-0.0126939481958074,Financial Services,8.0,0.5000000011639669
2023-04-19,452.9088134765625,464.03778314628875,452.11390006758324,457.5790131453233,239709,456.01897583007815,460.1873687744141,455.1611206054688,447.49588165283205,442.868916015625,443.2968516031901,-0.5349500520670237,-0.0109580945351076,0.0103115672068998,0.0245722082206778,-0.0017551290355279,Financial Services,8.0,0.5000000005819835
2023-04-20,457.1318664550781,464.93207955583085,454.2005966550779,455.9394963127742,383992,456.3568176269531,459.13409118652345,457.5061503092448,448.9242645263672,443.8287890625,443.8400502522787,-0.4830731348689838,0.0093242896867012,-0.0026083723971167,0.0170633763978018,-0.0064123068530123,Financial Services,8.0,0.5000000002909917
2023-04-21,449.9775390625,460.3612356076943,443.56843984482316,459.7650657191683,329354,454.776904296875,458.3491027832032,459.47027791341145,450.30047912597655,445.0132287597656,444.05865478515625,-0.5709584755551192,-0.0156504674418298,0.0217511449061658,0.0230760330100654,-0.014243153627245,Financial Services,8.0,0.5
2023-04-24,451.9648742675781,469.7513277846828,450.32534634857194,453.0579029882502,562152,453.981982421875,456.27236022949216,460.715663655599,452.01702270507815,446.3944128417969,444.0901214599609,-0.5465456101700334,0.0044165208983955,0.0024183930719026,0.0393536191190257,-0.0036275560609949,Financial Services,8.0,0.642675
2023-04-25,457.8771057128906,464.3358758213459,454.101221471395,454.2005932301719,343545,453.9720397949219,455.3184478759766,460.2552693684896,453.5646438598633,447.7060400390625,444.4759918212891,-0.4739184509313324,0.0130811746264429,-0.0080294743651675,0.0141059031514565,-0.0082465015052822,Financial Services,8.0,0.7140124999999999
2023-04-26,471.0927429199219,472.781941457547,454.39928878549523,460.21218772226877,920404,457.60882568359375,456.813900756836,459.3278544108073,455.773046875,449.5184704589844,445.3255676269531,-0.3115746393342836,0.0288628477863185,-0.0230964186164561,0.0035857027369072,-0.0354356002832,Financial Services,8.0,0.78535
2023-04-27,480.234375,482.9172608007161,463.2428660088065,471.98703473321024,1408481,462.2293273925781,459.2930725097656,460.1658365885417,458.68694458007815,451.58527709960936,446.8955454508463,-0.1992768081477445,0.0194051643067489,-0.0171735733552804,0.0055866175775445,-0.0353817008438712,Financial Services,8.0,0.568675
2023-04-28,476.7069091796875,484.6561645698647,471.9870387917698,481.9236080294913,397820,467.5752014160156,461.1760528564453,461.4244689941406,461.4965087890625,453.7554235839844,448.7735575358073,-0.242608978785961,-0.0073453005531153,0.0109431995831161,0.016675351745701,-0.0099009900990099,Financial Services,8.0,0.4603375
2023-05-02,463.9881286621094,484.90459549815574,462.14985722503076,476.95533983425156,311228,469.9798522949219,461.9809173583984,460.8415242513021,463.0317108154297,455.6095886230469,450.3253194173177,-0.3988492928732268,-0.0266805038329829,0.0279472908273161,0.045079745674438,-0.0039618932544226,Financial Services,8.0,0.4061687499999999
2023-05-03,461.90142822265625,468.45957000057257,458.0758429918715,465.08111219218944,538726,470.784716796875,462.3783782958984,460.4738708496094,462.887631225586,457.0086584472657,451.5524861653646,-0.4244827827833328,-0.0044973142857556,0.0068839015756418,0.0141981413721783,-0.0082822546046352,Financial Services,8.0,0.379084375
2023-05-04,466.7206726074219,481.4764537731623,461.90143042740425,461.90143042740425,816831,469.910302734375,463.7595642089844,461.1793680826823,461.9734664916992,458.600498046875,452.9171091715495,-0.3652821184351717,0.0104334909794705,-0.0103257525600785,0.0316158722588919,-0.0103257525600785,Financial Services,8.0,0.3655421875
2023-05-05,461.3548889160156,470.74495879896796,459.0694901638484,464.93205983923565,253656,466.1344055175781,464.1818664550781,461.5735168457031,461.6579788208008,460.1764367675781,454.0101318359375,-0.431196592555626,-0.0114967774224126,0.0077536209307866,0.0203532467272968,-0.0049536675714804,Financial Services,8.0,0.35877109375
2023-05-08,456.0388488769531,466.0250886469293,454.44899176346377,463.24286144132464,431330,462.0007934570313,464.7879974365234,461.450966389974,461.5685501098633,461.59736572265626,455.12965189615886,-0.4965000046442058,-0.0115226697858407,0.0157969273497471,0.02189778303881,-0.0034862317484674,Financial Services,8.0,0.355385546875
2023-05-09,447.4436950683594,459.5663215168924,446.1519532131561,458.9701213052592,392023,458.69190673828126,464.3358795166016,460.8845804850261,460.3041198730469,462.16375,456.12330830891926,-0.602084775827816,-0.0188474158062636,0.0257606182944176,0.0270930769215129,-0.0028869372156554,Financial Services,8.0,0.3536927734375
2023-05-10,444.2640075683594,452.6107194919953,442.2269927220182,449.08324961457845,1054537,455.1644226074219,462.9745697021484,459.9737263997396,459.1465087890625,461.3429895019531,456.7012858072917,-0.6411447606284619,-0.0071063410548543,0.010847698584895,0.0187877293263547,-0.0045851448950153,Financial Services,8.0,0.35284638671875
2023-05-11,439.34539794921875,450.82215348696957,437.20904165140445,445.9532103548315,410618,449.6893676757812,459.7998352050781,459.0694986979167,458.306867980957,459.5166467285157,457.1153096516927,-0.7015660495016433,-0.0110713664293045,0.0150401311507,0.0261223984394103,-0.0048625894519127,Financial Services,8.0,0.352423193359375
2023-05-12,438.20269775390625,446.54940974156113,436.7122123873964,441.4320827146777,244454,445.0589294433594,455.5966674804688,457.80755411783855,457.4448699951172,458.3381689453125,457.6568522135416,-0.7156032315393753,-0.00260091536328,0.0073696145124717,0.0190476052074475,-0.0034013605442175,Financial Services,8.0,0.3522115966796875
2023-05-15,445.9532165527344,455.0948724075527,433.6815777677592,441.1836754343961,985791,443.0418029785157,452.5212982177735,457.5392659505208,456.8486755371094,457.8632006835937,458.50477193196616,-0.6203941437031188,0.0176870631754549,-0.0106951602574084,0.0204991364912316,-0.0275177716618711,Financial Services,8.0,0.3521057983398437
2023-05-16,437.05999755859375,452.9088070652859,434.37711177426223,447.74180933205804,866839,440.9650634765625,449.8284851074219,456.5456075032552,455.90470123291016,456.43630859375,458.6306355794271,-0.7296404135771075,-0.0199420447348404,0.0244401497120134,0.0362623200366614,-0.0061384839594519,Financial Services,8.0,0.3520528991699219
2023-05-17,461.40460205078125,466.025100715893,437.85492065259444,438.9976200586324,946060,444.3931823730469,449.7788024902344,456.78077392578126,456.0785903930664,456.1958435058594,458.5180216471354,-0.4305859054084337,0.0557008296988419,-0.0485625455241619,0.0100139847859672,-0.0510391125132189,Financial Services,8.0,0.3520264495849609
2023-05-18,457.8274230957031,470.7449629768624,455.4426525670588,464.03777880779893,342607,448.0895874023437,448.8894775390625,455.89641927083335,456.32452087402345,456.2634118652344,457.6121368408203,-0.4745287631938425,-0.0077528029395,0.0135648399348886,0.0282148670645685,-0.0052088852880832,Financial Services,8.0,0.3520132247924804
2023-05-19,451.4680480957031,459.8147605365908,441.77989268731466,459.8147605365908,429153,450.7426574707032,447.9007934570312,453.9786641438802,456.0413299560547,456.1044274902344,457.0722503662109,-0.5526487327951343,-0.0138903322064013,0.0184879361365533,0.0184879361365533,-0.0214592271795384,Financial Services,8.0,0.352
2023-05-19,451.4680480957031,459.8147605365908,441.77989268731466,459.8147605365908,429153,450.7426574707032,447.9007934570312,453.9786641438802,456.0413299560547,456.1044274902344,457.0722503662109,-0.5526487327951343,-0.0138903322064013,0.0184879361365533,0.0184879361365533,-0.0214592271795384,Financial Services,8.0,0.352
2023-05-22,440.73651123046875,455.4923224398911,438.7988984462835,451.46802407550433,310799,449.69931640625,446.3705596923828,451.5806376139323,455.5792785644532,455.4188037109375,456.5025533040365,-0.6844773061513606,-0.0237703131162883,0.0243490443191893,0.0334798929369986,-0.0043963064888264,Financial Services,8.0,0.3357
2023-05-23,439.84222412109375,448.63609381888904,438.45111051513794,443.17098082663233,469664,450.25576171875,445.61041259765625,449.9709106445313,454.9731460571289,454.7749133300781,455.4062174479167,-0.6954629268765423,-0.0020290742577198,0.0075680699191402,0.0199932367006543,-0.0031627559376219,Financial Services,8.0,0.32755
2023-05-24,441.0843200683594,456.9331607670619,438.74922013914556,438.74922013914556,998872,446.1917053222657,445.2924438476563,448.5831034342448,454.1335067749024,454.1012133789063,454.5284871419271,-0.6802047454291079,0.0028239579538949,-0.0052939989543312,0.0359315441007883,-0.0052939989543312,Financial Services,8.0,0.323475
2023-05-25,437.45745849609375,445.35704313005357,436.31475910428895,443.17098577912054,611463,442.1177124023437,445.10364990234376,446.6322224934896,452.4517425537109,453.4831591796875,453.9057952880859,-0.7247579154770267,-0.0082226037228064,0.0130607609312891,0.0180579493629329,-0.0026121383225085,Financial Services,8.0,0.3214375
2023-05-26,434.67523193359375,441.18367263223854,430.65090321180344,441.18367263223854,371356,438.7591491699219,444.7509033203125,444.8535786946615,450.1737854003906,452.58489379882815,453.2135477701823,-0.7589354021775919,-0.0063599934312809,0.0149731114646052,0.0149731114646052,-0.0092582425363613,Financial Services,8.0,0.32041875
2023-05-29,433.0356750488281,440.19001702626014,431.59489070443055,436.21538933302077,758417,437.21898193359374,443.4591491699219,443.3200337727865,447.99022369384767,451.9072192382813,452.3855000813802,-0.7790760817251071,-0.0037719123711564,0.0073428460226379,0.0165213685376506,-0.0033271723957503,Financial Services,8.0,0.319909375
2023-05-30,432.43951416015625,440.04098371698643,429.4088422865419,440.04098371698643,868725,435.7384399414062,442.9971008300781,442.3197550455729,446.41279296875,451.1262048339844,451.6021677652995,-0.786399453990546,-0.0013767015583754,0.0175781104823249,0.0175781104823249,-0.0070083139361124,Financial Services,8.0,0.3196546875
2023-05-31,442.9722595214844,445.158316957574,431.84331979194735,435.17207666435496,2057158,436.1160278320313,441.1538665771485,442.2336385091146,445.4663345336914,450.53001098632814,451.1036824544271,-0.6570128794537243,0.0243565747727375,-0.0176087388983577,0.0049349759247929,-0.0251233333246622,Financial Services,8.0,0.31952734375
2023-06-01,440.1403503417969,446.10229193627293,437.30842201962014,444.66147725467334,794149,436.6526062011719,439.3851593017578,442.28663533528646,444.13731842041017,449.2919152832032,450.6780670166016,-0.6918006784167996,-0.0063929718369873,0.0102720118920374,0.0135455465281613,-0.0064341483801191,Financial Services,8.0,0.319463671875
2023-06-02,468.06207275390625,475.4648288223292,445.80416415701353,447.0462352876884,2671362,443.3299743652344,441.0445617675781,444.2772603352865,444.4726776123047,448.8050231933594,451.0424072265625,-0.3488040622320814,0.0634382246263638,-0.0448996803833482,0.0158157571385091,-0.0475533265618709,Financial Services,8.0,0.3194318359375
2023-06-05,467.5155944824219,480.68154905605013,462.05048126317996,472.9807077016638,922125,450.2259582519531,443.7224700927735,445.7147521972656,445.0465148925781,448.4373706054688,451.6270090738933,-0.3555171222350102,-0.0011675337595056,0.0116896918172157,0.0281615302869289,-0.0116896918172156,Financial Services,8.0,0.31941591796875
2023-06-06,473.2291259765625,479.290439481693,467.51559847133365,467.51559847133365,749983,458.3838806152344,447.0611602783203,448.1260274251302,446.3357864379883,448.8070104980469,452.3358174641927,-0.2853308371616675,0.0122210500816897,-0.0120734908136482,0.0128084117659121,-0.0120734908136482,Financial Services,8.0,0.319407958984375
2023-06-07,473.974365234375,482.37077859297113,471.98705133402126,474.9680221845519,418357,464.5843017578125,450.35016479492185,448.96401163736977,447.82130432128906,449.2899279785156,452.8723927815755,-0.2761761532240161,0.0015747958375863,0.0020964360587001,0.0177149102872773,-0.0041928721174003,Financial Services,8.0,0.3194
2023-06-07,473.974365234375,482.37077859297113,471.98705133402126,474.9680221845519,418357,464.5843017578125,450.35016479492185,448.96401163736977,447.82130432128906,449.2899279785156,452.8723927815755,-0.2761761532240161,0.0015747958375863,0.0020964360587001,0.0177149102872773,-0.0041928721174003,Financial Services,8.0,0.3194
2023-06-08,480.0356750488281,488.7798440143612,468.0124199782176,472.08641950779685,1007408,472.5633666992188,454.6079864501953,450.4445617675781,449.8558181762695,449.8225280761719,453.1704905192057,-0.2017176823131027,0.0127882650604023,-0.0165597182755692,0.0182156648350013,-0.0250465865258608,Financial Services,8.0,0.4097
2023-06-09,487.78619384765625,492.953222150704,478.3464527615524,487.8855656081002,678877,476.5081909179688,459.9190826416016,452.865771484375,452.33499298095705,450.8797802734375,453.4222178141276,-0.1065085944768462,0.0161457141660143,0.0002037199119149,0.0105928137536863,-0.0193522104667275,Financial Services,8.0,0.45485
2023-06-12,483.0166320800781,495.8348002090589,480.92994649535973,490.86651563782584,397622,479.6083984375,464.91717834472655,455.6844462076823,454.1881637573242,451.9588916015625,453.6325419108073,-0.1650989465624972,-0.0097779761455645,0.0162517872809941,0.0265377365449719,-0.004320111246961,Financial Services,8.0,0.477425
2023-06-13,498.4679870605469,505.47328652980883,477.65089281405136,483.4140908112858,2871414,484.6561706542969,471.5200256347656,459.59283040364585,457.25856323242186,453.99986328125,454.78187052408856,0.0247089168475057,0.0319892814330813,-0.0302003270822536,0.0140536597155858,-0.0417621487976658,Financial Services,8.0,0.4887125
2023-06-14,492.8538513183594,506.56630521334125,490.8665374017531,501.7967639430877,469113,488.43206787109375,476.5081848144531,463.0441324869792,458.8310256958008,455.94345703125,455.813617960612,-0.0442563688161346,-0.0112627809366332,0.0181451612903225,0.0278225560342113,-0.0040322580645161,Financial Services,8.0,0.49435625
2023-06-15,495.5863952636719,504.82739260966395,487.7365115588825,491.9098524824905,661152,491.5422119140625,482.0527893066407,466.919394938151,460.7189743041992,458.19309692382814,456.7758087158203,-0.0106891943780796,0.0055443290906687,-0.0074185708411653,0.0186465920661027,-0.0158395867598684,Financial Services,8.0,0.497178125
2023-06-16,509.39825439453125,521.1233941533468,504.82739608312414,507.75869618482966,1468881,495.8646240234375,486.1864074707031,471.9009297688802,463.6154846191406,461.0409191894531,458.3772542317709,0.1589787392537724,0.027869730208213,-0.0032186176445585,0.0230176284619427,-0.0089730545245781,Financial Services,8.0,0.4985890625
2023-06-19,512.0810546875,520.5768696267709,506.8643863320215,512.0313839725343,1061399,501.67750854492186,490.64295349121096,477.1706217447917,467.1827117919922,463.68603271484375,460.2453277587891,0.1919348516599531,0.0052666067655797,-9.69977594582616e-05,0.016590762070773,-0.0101871926479724,Financial Services,8.0,0.49929453125
2023-06-20,489.92254638671875,503.1382019977461,482.3210767945884,486.8422341052044,2269108,499.9684204101562,492.3122955322266,481.0028238932292,469.6867279052734,465.8005346679688,461.661289469401,-0.0802651671889122,-0.0432714862187268,-0.0062873454268073,0.0269749896355975,-0.0155156557872112,Financial Services,8.0,0.499647265625
2023-06-21,483.61285400390625,491.0155801529672,478.24708216689083,488.2830235161183,1253128,498.1202209472656,493.27614440917966,483.712196858724,471.8131546020508,466.68886474609377,462.97291768391926,-0.1577748245276939,-0.0128789589892275,0.0096568349528904,0.0153071327359737,-0.0110951803546811,Financial Services,8.0,0.4998236328125
2023-06-22,475.0673828125,491.6614352972168,472.7322829695001,483.61283844858315,674052,494.0164184570313,492.77931518554686,486.04066569010416,473.6936508178711,467.3784631347656,464.1636505126953,-0.2627492834487941,-0.017670066295089,0.0179878811832803,0.0349298922322902,-0.0049153023917904,Financial Services,8.0,0.49991181640625
2023-06-23,470.9437255859375,480.28409489087943,463.0441406702238,471.53989549927127,397969,486.3255126953125,491.095068359375,486.23277587890624,475.5070755004882,468.157490234375,465.2550181070964,-0.3134052012371318,-0.0086801522810292,0.0012659047800074,0.0198333023618073,-0.0167739466236337,Financial Services,8.0,0.4999559082031249
2023-06-26,481.0293273925781,485.89824030010993,464.0874584883258,471.73862900302083,553446,480.11516723632815,490.896337890625,487.13369140625,477.9067581176758,469.7692028808594,466.4242218017578,-0.1895114370629009,0.0214157260383761,-0.0193142036472444,0.0101218629099473,-0.0352200332484627,Financial Services,8.0,0.4999779541015625
2023-06-27,493.3506774902344,503.287247026795,481.9236225231897,481.9236225231897,1311968,480.80079345703126,490.3846069335938,488.4751281738281,480.9523162841797,471.909541015625,468.3005777994792,-0.0381532461910337,0.0256145507061787,-0.0231621349446122,0.0201409869083586,-0.0231621349446122,Financial Services,8.0,0.4999889770507812
2023-06-28,498.3189392089844,504.77770910900114,488.879198585883,496.82845384744206,585236,483.74201049804685,490.9311157226563,490.0980997721354,483.7196502685547,474.19892578125,469.5310557047526,0.0228779800599754,0.0100704467338009,-0.0029910269192422,0.0129611166500498,-0.0189431704885343,Financial Services,8.0,0.4999944885253906
2023-06-30,502.442626953125,509.64667011086703,492.5060575272786,496.82847129232243,770378,489.2170593261719,491.6167388916016,491.5918965657552,486.8347640991211,476.7983325195312,471.0182291666667,0.0735342727329952,0.0082751977090945,-0.0111737248386896,0.0143380413430052,-0.0197765255032261,Financial Services,8.0,0.4999972442626953
2023-07-03,496.2322692871094,514.0683931483077,494.34432716775177,497.8221264543591,544256,494.27476806640624,490.3001403808594,492.1549682617188,488.2432739257813,479.2606140136719,472.5103698730469,-0.0027551349654484,-0.0123603319719825,0.0032038568743901,0.0359430955323034,-0.0038045533033751,Financial Services,8.0,0.5
2023-07-03,496.2322692871094,514.0683931483077,494.34432716775177,497.8221264543591,544256,494.27476806640624,490.3001403808594,492.1549682617188,488.2432739257813,479.2606140136719,472.5103698730469,-0.0027551349654484,-0.0123603319719825,0.0032038568743901,0.0359430955323034,-0.0038045533033751,Financial Services,8.0,0.5
2023-07-04,501.4986572265625,507.659311906346,497.3749567693173,499.2629291673825,1356934,498.3686340332032,489.2419006347656,493.3871032714844,489.94242706298826,481.9991333007813,474.53577473958336,0.0619383397453035,0.0106127478308068,-0.0044580938093519,0.0122844888834872,-0.008222754732885,Financial Services,8.0,0.5740000000000001
2023-07-05,504.7777099609375,511.18680915598736,501.49865428961107,504.72803924506985,435537,500.6540405273437,490.7274169921875,493.80775146484376,491.51985626220704,484.8926611328125,476.7002909342448,0.1022189490709696,0.0065385075057012,-9.840116726134164e-05,0.0126968744232898,-0.0064960389625369,Financial Services,8.0,0.611
2023-07-06,509.0007629394531,520.4774883636844,503.7343933343953,503.78406405134746,4157383,502.7904052734375,493.2662078857422,494.88421223958335,493.27117614746095,487.5338012695312,478.9641723632813,0.1540958662690095,0.0083661637492717,-0.0102489019033674,0.0225475603571865,-0.0103464866627013,Financial Services,8.0,0.6295
2023-07-07,506.6656494140625,511.4352207488807,502.88976530750006,509.00074920385873,805077,503.635009765625,496.42603454589846,495.6228291829427,494.6026748657226,490.1948132324219,481.2711120605469,0.1254108150463531,-0.004587642485849,0.0046087588382923,0.009413646534621,-0.0074524178043826,Financial Services,8.0,0.6387499999999999
2023-07-10,536.6243896484375,541.5430033682636,504.77769855243656,506.7650123262651,1306028,511.71343383789065,502.9941009521484,497.4379048665365,497.0445846557617,492.9373059082032,484.66941731770834,0.4934306088786672,0.0591292112836562,-0.0556429746730937,0.0091658407905172,-0.0593463355567287,Financial Services,8.0,0.643375
2023-07-11,534.8358154296875,545.3188833795726,528.7745327234989,541.5429993667992,533008,518.3808654785156,508.3747497558594,498.9548889160157,499.6355438232422,495.63011474609374,488.06275533040366,0.4714593674283039,-0.0033330095561287,0.0125406409660937,0.0196005346827101,-0.0113329783296561,Financial Services,8.0,0.6456875
2023-07-12,538.9595336914062,543.1328442062163,532.7491779872188,535.5810759291263,312418,525.2172302246094,512.9356353759765,502.2240214029948,501.66012115478514,498.2593310546875,491.613422648112,0.5221160349860059,0.0077102507774385,-0.0062684813071964,0.0077432724609702,-0.0115228608382745,Financial Services,8.0,0.6468437499999999
2023-07-13,533.1466064453125,542.0398479780362,527.6318226880609,542.0398479780362,514557,530.0463989257812,516.4184020996094,505.5262715657552,503.6747589111328,500.626220703125,494.6192342122396,0.4507087505029608,-0.0107854613987069,0.0166806679911519,0.0166806679911519,-0.0103438410571919,Financial Services,8.0,0.647421875
2023-07-14,543.8284301757812,546.5113160386633,534.5377620623266,535.4817482832674,501563,537.478955078125,520.556982421875,510.11034138997394,506.0868606567383,503.1779309082031,498.0755035400391,0.5819266367119948,0.0200354341588863,-0.0153480057852363,0.0049333313854422,-0.0170838220253612,Financial Services,8.0,0.6477109375000001
2023-07-17,547.2565307617188,550.982744089647,541.5430036588956,549.2438445366138,437062,539.6053833007812,525.6594085693359,515.1978617350261,507.97977447509766,505.5567443847656,500.7153188069661,0.6240381828251913,0.0063036435679345,0.0036314117113027,0.0068088969586928,-0.0104403086699953,Financial Services,8.0,0.64785546875
2023-07-18,551.628662109375,560.7205865173459,542.5366770533989,546.5113047241198,751771,542.9639526367188,530.6724090576172,519.9044840494792,509.9571548461914,508.3012255859375,503.5190877278646,0.6777464116954437,0.0079891807623944,-0.0092768156130375,0.0164819651923164,-0.0164820751358517,Financial Services,8.0,0.6479277343750001
2023-07-19,551.9764404296875,560.9193530559111,549.6413708364878,556.4478967427993,256544,545.567333984375,535.3922821044922,523.8128682454427,513.0598495483398,510.44156372070313,506.1439982096354,0.6820185975330143,0.000630457306157,0.0081008100810082,0.0162016201620163,-0.0042303790925967,Financial Services,8.0,0.6479638671875001
2023-07-20,558.5842895507812,562.4098446233801,550.6350337963872,553.1688469384986,256414,550.6548706054688,540.350634765625,527.8305582682292,516.8084213256836,513.07078125,508.9643290201823,0.7631908782162208,0.0119712520990023,-0.0096949425782056,0.0068486621341881,-0.0142310764965961,Financial Services,8.0,0.64798193359375
2023-07-21,564.4964599609375,569.1666595149964,556.44786333969,556.44786333969,310145,554.7884765625,546.1337158203125,531.96748046875,521.2798751831054,515.8271838378906,511.7796885172526,0.8358172876855575,0.0105842046057379,-0.0142580107974538,0.0082732131825626,-0.0142580107974538,Financial Services,8.0,0.6479909667968751
2023-07-24,561.763916015625,576.0229292204604,558.7829452526914,564.148716885174,331762,557.6899536132812,548.6476684570313,536.3362569173177,525.8208847045898,517.9218103027343,514.2456125895183,0.8022501132475025,-0.0048406750779297,0.0042452012341118,0.0253825722840459,-0.0053064475626637,Financial Services,8.0,0.6479954833984376
2023-07-25,571.3527221679688,576.3210067085598,562.4594807107098,564.5958673223658,275285,561.634765625,552.2993591308593,540.9931945800781,530.3370544433594,520.2926770019532,517.1901489257813,0.9200411296813146,0.0170691030145785,-0.0118260657269022,0.0086956521739132,-0.0155652386209239,Financial Services,8.0,0.6479977416992189
2023-07-26,575.7745361328125,591.9214616916221,569.2660951910169,573.3400644574212,326702,566.394384765625,555.980859375,545.7263163248698,534.4582473754883,523.7267565917969,519.7670338948568,0.974359670814077,0.0077392017107495,-0.0042281683586467,0.0280438340800208,-0.0113038012856725,Financial Services,8.0,0.6479988708496094
2023-07-27,579.3516845703125,588.2945973055826,560.2734586054679,578.6561125613009,946943,570.5478637695312,560.6013671875,550.4163777669271,538.5098846435546,527.5563098144531,522.6502950032552,1.0183021537148036,0.006212759010716,-0.0012006041020273,0.0154360692709518,-0.0329303020478732,Financial Services,8.0,0.6479994354248046
2023-07-28,565.738525390625,581.1899385301831,563.4034559610988,578.3083092934029,388372,570.7962768554687,562.7923767089844,554.354569498698,541.6746795654296,531.1831555175781,524.9886993408203,0.8510750942483098,-0.0234972289582345,0.0222183629691805,0.0273119337752176,-0.004127471127963,Financial Services,8.0,0.6479997177124024
2023-07-31,586.4066772460938,589.8844765944867,565.7385640286665,567.3781222663977,795959,575.7248291015625,566.7073913574219,557.673388671875,546.1833999633789,535.8016735839843,527.5556467692057,1.104967244760601,0.0365330465009396,-0.0324494173038047,0.0059306953405195,-0.0352453579050117,Financial Services,8.0,0.6479998588562013
2023-08-01,615.6697998046875,621.0355714007924,586.8537492916907,589.38762294141,1318365,584.5882446289063,573.1115051269531,563.0623209635417,551.8919570922851,541.1872924804687,531.0086049397786,1.4644419171484095,0.0499024374961424,-0.0426887543803758,0.0087153399400248,-0.0468043917732171,Financial Services,8.0,0.6479999294281007
2023-08-02,584.5186767578125,615.6697965978158,577.9605654171817,615.6697965978158,600793,586.3370727539062,576.3657287597656,566.0995971679688,555.8790054321289,544.8340124511719,534.1618092854818,1.0817746290158532,-0.0505971269936535,0.0532936261554399,0.0532936261554399,-0.0112196780041436,Financial Services,8.0,0.6479999647140504
2023-08-03,571.8495483398438,585.2639165459043,568.3717491753094,583.674089758462,427991,584.8366455078125,577.6922546386719,568.6797932942708,559.0214447021484,547.7752368164063,537.1030324300131,0.9261442523064156,-0.0216744629756596,0.020677714012272,0.0234578627280623,-0.006081668114683,Financial Services,8.0,0.6479999823570253
2023-08-04,591.1762084960938,598.2311485098587,571.2533989816104,575.9235380805218,380659,589.9241821289063,580.3602294921875,571.8363118489583,563.24697265625,551.324580078125,540.9733266194661,1.16355722196157,0.0337967568783745,-0.0258005484597791,0.011933734667219,-0.033700289741303,Financial Services,8.0,0.6479999911785126
2023-08-07,584.270263671875,594.0080892701386,579.5503933445937,594.0080892701386,191440,589.4968994140625,582.6108642578125,574.3038940429688,565.6292663574219,554.8460998535156,544.7508778889974,1.0787230677033028,-0.0116817028915743,0.0166666459064093,0.0166666459064093,-0.008078231292517,Financial Services,8.0,0.6479999955892564
2023-08-08,587.7977294921875,593.7100002011978,579.4510478865299,584.2702596122248,375842,583.9224853515625,584.2553649902344,576.715165201823,568.2773620605469,558.2980627441407,548.309824625651,1.1220552383415194,0.0060373872155395,-0.0060011628200915,0.010058342202373,-0.0141999214812696,Financial Services,8.0,0.6479999977946282
2023-08-09,579.7491455078125,594.5545973139449,576.420358417463,588.294570810788,196380,582.9685791015625,584.6528259277344,578.5666788736979,570.3168426513672,561.2969201660156,551.1897735595703,1.0231846518148844,-0.013692778281618,0.0147398670083254,0.0255376862921703,-0.0057417714474313,Financial Services,8.0,0.6479999988973142
2023-08-10,571.0546264648438,582.4320099780159,561.1677282857639,577.5630669607796,665953,582.8095947265625,583.8231201171875,579.3980346679688,572.2122436523438,563.7790747070312,553.6142964680989,0.916379256106254,-0.014997036408485,0.0113972292567294,0.0199234591331562,-0.0173134017673325,Financial Services,8.0,0.6479999994486572
2023-08-11,566.9806518554688,579.2523520192765,565.3908249373443,573.2904101042957,202948,577.9704833984375,583.9473327636719,579.5636474609375,573.3698547363281,566.1916748046875,555.7655639648438,0.8663336505804264,-0.0071341241635589,0.011128701179093,0.0216439487373123,-0.0028040232288732,Financial Services,8.0,0.6479999997243286
2023-08-14,557.1434326171875,567.3780864961869,552.2248188620945,567.3780864961869,253185,572.5451171875,581.0210083007812,579.255615234375,573.8641998291016,567.0124365234375,557.7959360758464,0.7454910728340639,-0.0173501850655547,0.0183698726034013,0.0183698726034013,-0.0088282719801394,Financial Services,8.0,0.6479999998621644
2023-08-16,564.8442993164062,571.79989789202,552.8707453265582,557.4415429884732,268137,567.9544311523438,575.9384582519531,578.8217203776042,574.5249816894532,568.2127758789062,559.9074574788411,0.8400902232924925,0.0138220541576589,-0.0131058352485669,0.0123141874389662,-0.0211979726171244,Financial Services,8.0,0.648
2023-08-16,564.8442993164062,571.79989789202,552.8707453265582,557.4415429884732,268137,567.9544311523438,575.9384582519531,578.8217203776042,574.5249816894532,568.2127758789062,559.9074574788411,0.8400902232924925,0.0138220541576589,-0.0131058352485669,0.0123141874389662,-0.0211979726171244,Financial Services,8.0,0.648
2023-08-17,565.24169921875,574.284013332171,562.2110578252643,567.6761707357481,267609,565.0529418945313,574.0107604980469,578.11953125,575.1882446289062,569.2640625,561.9229237874349,0.8449719716232089,0.0007035565426166,0.0043069566883739,0.0159972523717177,-0.0053616734180695,Financial Services,8.0,0.630575
2023-08-18,571.5514526367188,597.1877881515611,566.3844247028118,566.3844247028118,557051,565.1523071289063,573.9809509277344,577.5995157877604,575.8366027832031,570.8002563476563,564.0079467773437,0.9224823787313547,0.011162929816908,-0.0090403548273214,0.0448539416645257,-0.0090403548273214,Financial Services,8.0,0.6218625
2023-08-21,574.0852661132812,592.2195042899449,560.521825354822,574.4330217643173,1556475,566.5732299804688,572.2718566894531,578.1559651692709,576.3160430908204,572.0105297851562,566.2552673339844,0.9536083041193696,0.0044332202549277,0.0006057560985504,0.0315880571181308,-0.0236261781290566,Financial Services,8.0,0.6175062499999999
2023-08-22,604.4415283203125,608.9626554460898,577.3147049176397,577.3147049176397,1098440,576.0328491210937,574.2889831542968,579.3582885742187,578.4499237060547,574.2979296875,568.5158386230469,1.3265113458211288,0.0528776194040855,-0.0448791522946078,0.0074798419928907,-0.0448791522946078,Financial Services,8.0,0.615328125
2023-08-23,579.8981323242188,606.3294417855343,576.3706625212095,606.3294417855343,480191,579.0436157226562,573.4990234375,576.9735107421875,578.8771942138671,575.4287084960938,570.0179158528646,1.0250148388330504,-0.040605078979761,0.0455792284679026,0.0455792284679026,-0.0060829128537993,Financial Services,8.0,0.6142390625
2023-08-24,580.2459716796875,593.2131823810286,578.904498446304,583.2766131619157,304059,582.0444702148437,573.5487060546875,576.6886637369792,579.1007659912109,576.5594897460937,571.394130452474,1.029287774439985,0.0005998283768816,0.0052230289052332,0.0223477823789173,-0.0023119044316674,Financial Services,8.0,0.61369453125
2023-08-25,582.5810546875,591.2258822380613,577.2153435736394,583.1772852432669,356107,584.250390625,574.7013488769531,577.4040974934895,579.2622344970703,577.5193603515625,573.0419453938802,1.0579724507779595,0.0040242985247324,0.0010234293596909,0.0148388408462722,-0.0092102396236327,Financial Services,8.0,0.6134222656249999
2023-08-28,589.53662109375,591.6233369529197,578.6063952965869,578.6063952965869,241597,587.3406616210938,576.9569458007812,577.2947916666667,580.4521392822265,578.520966796875,574.5655517578125,1.1434161675293726,0.0119392251949919,-0.0185403678178373,0.003539586489637,-0.0185403678178373,Financial Services,8.0,0.6132861328124999
2023-08-29,584.1709594726562,591.2258997312543,581.4880735123412,591.2258997312543,122046,583.2865478515625,579.6596984863281,577.2881713867188,580.3403533935547,579.4172485351562,575.7960327148437,1.0775031929476468,-0.0091014899314295,0.0120768417946806,0.0120768417946806,-0.0045926383652089,Financial Services,8.0,0.6132180664062499
2023-08-30,573.9362182617188,589.4373027518491,570.458419008216,588.344243740516,260321,582.0941650390625,580.5688903808593,576.3640706380208,578.2536743164062,579.5205883789063,576.5396179199219,0.9517773673318394,-0.0175201129822965,0.0251038791774369,0.0270083747930709,-0.0060595570428295,Financial Services,8.0,0.6131840332031249
2023-08-31,602.8516845703125,608.1180542833611,576.3210318371722,579.6994897312827,862711,586.6153076171875,584.3298889160156,577.9042399088542,579.1703247070312,580.6036743164062,578.2354593912761,1.306981353420806,0.05038097507798,-0.0384044623770633,0.0087357634520042,-0.0440085901925449,Financial Services,8.0,0.6131670166015624
2023-09-01,591.4246215820312,605.1370751957827,588.7914064373298,605.1370751957827,166250,588.3840209960938,586.3172058105469,579.2622395833333,580.1490783691406,581.086591796875,579.330137125651,1.1666087832741203,-0.0189550154387077,0.023185462886329,0.023185462886329,-0.0044523258731734,Financial Services,8.0,0.6131585083007811
2023-09-04,593.7597045898438,595.7966892291735,587.2512636284699,591.2258914702869,222940,589.2286376953125,588.2846496582031,581.047509765625,580.2782531738281,582.2074389648437,580.3055786132812,1.1952934596120948,0.0039482343524459,-0.0042674049787652,0.0034306548989153,-0.0109614056175633,Financial Services,8.0,0.61315
2023-09-04,593.7597045898438,595.7966892291735,587.2512636284699,591.2258914702869,222940,589.2286376953125,588.2846496582031,581.047509765625,580.2782531738281,582.2074389648437,580.3055786132812,1.1952934596120948,0.0039482343524459,-0.0042674049787652,0.0034306548989153,-0.0109614056175633,Financial Services,8.0,0.61315
2023-09-05,598.4298706054688,612.2913965498414,591.8220279327736,596.1444718552148,328488,592.080419921875,587.6834838867187,583.7999389648437,580.9862335205078,582.6883666992187,581.5277770996094,1.2526628122880434,0.0078654142063261,-0.003818991769147,0.0231631585006744,-0.0110419666485056,Financial Services,8.0,0.60715
2023-09-06,590.6793823242188,603.149764838309,583.9225272365211,600.1687940071477,613937,595.429052734375,588.7616088867187,585.5222778320312,581.1303161621094,581.68875,582.1719991048177,1.157454099336469,-0.012951372687009,0.0160652495531328,0.0211119312562113,-0.0114391246586441,Financial Services,8.0,0.60415
2023-09-07,585.0155029296875,597.0884585869287,583.6740903668849,593.213172397492,930958,591.86181640625,589.2385620117187,586.8405314127605,581.3936340332032,581.708623046875,582.4800313313802,1.087877751640954,-0.0095887541770035,0.0140127388535031,0.0206369841427813,-0.0022929521629511,Financial Services,8.0,0.6026499999999999
2023-09-08,610.65185546875,618.7005130072512,587.6487338803315,591.2755452935521,910354,595.7072631835938,592.0456420898438,589.4472249348959,583.3734954833984,583.2607153320313,583.5233703613281,1.4028003786348904,0.0438216635468269,-0.0317305351677417,0.0131804357366978,-0.0376697808782727,Financial Services,8.0,0.6018999999999999
2023-09-11,614.0303344726562,644.386542664408,607.7205763476617,620.886531151522,662178,599.7613891601562,594.4950134277344,592.1102294921875,585.7259796142578,584.1748803710938,585.1330973307291,1.444302362254941,0.0055325779716379,0.0111658924550592,0.0494376360376762,-0.010275971349874,Financial Services,8.0,0.6015249999999999
2023-09-12,574.6814575195312,618.7501784711199,569.3654172373377,614.0799788004795,1116259,595.0117065429688,593.5460632324218,590.1262247721354,586.602880859375,583.791328125,584.742256673177,0.9609320512694908,-0.0640829528184771,0.0685571472081283,0.0766837356155534,-0.0092504120545995,Financial Services,8.0,0.6013374999999999
2023-09-13,580.8421630859375,585.7607771611672,566.8812949456249,578.3083499708215,287351,593.0442626953125,594.2366577148438,590.18916015625,587.4027740478516,583.51310546875,583.5813354492187,1.0366115215901064,0.0107202094060897,-0.0043623092057474,0.0084680734075808,-0.0240355625461836,Financial Services,8.0,0.6012437499999999
2023-09-14,586.853759765625,593.2131883894717,578.9542356748234,587.1519053636226,496142,593.4119140625,592.636865234375,590.6296793619791,588.4833770751953,583.7972900390625,583.6591715494792,1.1104593053538276,0.0103497939057121,0.0005080407052631,0.0108364793068489,-0.0134608051143039,Financial Services,8.0,0.6011968749999999
2023-09-15,581.6370849609375,602.9510391641226,570.3591025751446,591.1265575727114,476007,587.6089599609375,591.6581115722656,590.566748046875,588.9876586914063,584.2205883789062,583.9854227701823,1.046376517790268,-0.0088892244752268,0.0163151092960505,0.0366447648444159,-0.0193900675823488,Financial Services,8.0,0.6011734375
2023-09-18,582.879150390625,595.2005209942841,580.7924950269768,587.5990209661222,275802,581.3787231445312,590.5700561523438,590.1229166666667,589.4273529052734,584.8565283203125,583.7088541666667,1.0616343243530202,0.002135464642477,0.0080975114178198,0.0211388082682351,-0.0035799107966888,Financial Services,8.0,0.60116171875
2023-09-20,586.3072509765625,590.3315493555284,579.6497375118012,582.7797810554442,333977,583.7038818359375,589.3577941894531,590.2653361002605,588.520639038086,586.0230810546875,583.7767537434896,1.1037458704662166,0.0058813230558,-0.0060164187211446,0.0068638045534368,-0.0113549908408474,Financial Services,8.0,0.6011558593749999
2023-09-21,581.3389892578125,594.2068589516683,578.4076891116434,585.3632877950241,216181,583.8032470703125,588.4237548828125,590.7588541666667,588.5926818847656,586.6828686523437,583.5614624023438,1.042714644215207,-0.0084738193335913,0.0069224645371703,0.0221348815951327,-0.0050423250467191,Financial Services,8.0,0.6011529296875
2023-09-22,572.1973266601562,588.1952398394469,567.62652897922,583.1772844043304,519666,580.8719604492187,587.1419372558594,588.7152303059896,588.1902496337891,586.96109375,583.3097351074218,0.930416438143986,-0.0157251840433535,0.0191891105263681,0.0279587345726839,-0.0079881493113842,Financial Services,8.0,0.6011514648437499
2023-09-25,571.9986572265625,586.0091961999481,570.1603554490846,573.340069872607,1162580,578.9442749023438,583.2766174316406,587.420166015625,587.6611297607421,586.9789819335938,583.3412027994792,0.92797593886331,-0.0003472044071812,0.002345132508787,0.0244940067539987,-0.0032138218407561,Financial Services,8.0,0.601150732421875
2023-09-26,576.0726318359375,587.7977720231345,573.3400751519379,573.3400751519379,236352,577.5829711914063,579.4808471679687,586.2410278320312,586.9879302978516,587.0584765625,583.6442687988281,0.9780215443891376,0.0071223499529323,-0.0047434238896074,0.0203535796342713,-0.0047434238896074,Financial Services,8.0,0.6011503662109374
2023-09-27,581.4383544921875,591.1761799021634,576.7681549711572,576.7681549711572,550412,576.6091918945312,580.1565368652343,585.1082600911458,586.8513000488281,586.138349609375,584.4540995279948,1.0439352687402277,0.0093143162159075,-0.0080321490403039,0.0167478208734279,-0.0080321490403039,Financial Services,8.0,0.6011501831054686
2023-09-28,590.1328735351562,601.0630997382805,582.9288608103698,584.7671018671475,447563,578.36796875,581.0856079101562,585.071826171875,587.6611328125,586.5477392578125,585.2970520019531,1.150740664448858,0.0149534666500669,-0.0090924805389427,0.0185216358777766,-0.0122074418285347,Financial Services,8.0,0.6011500915527344
2023-09-29,593.7597045898438,598.1814901934667,587.3506050653122,591.1265500334447,335764,582.6804443359375,581.7762023925782,585.6547729492188,587.2065338134765,587.0882885742187,586.2476521809896,1.1952934596120948,0.0061457871901986,-0.0044347141377975,0.0074470961391317,-0.0107940964585309,Financial Services,8.0,0.6011500457763672
2023-10-03,608.4161376953125,611.0990235870032,593.8093684165583,594.6043424941016,426694,589.9639404296875,584.4541076660156,585.5057250976563,588.0561096191407,588.1216918945313,587.476475016276,1.375336326821936,0.0246841154631621,-0.0227012308607232,0.0044096231599863,-0.0240078597094495,Financial Services,8.0,0.6011500228881836
2023-10-04,608.565185546875,614.8748826546414,602.255427791104,603.6465717217634,354832,596.462451171875,587.0227111816406,585.1413818359375,588.7963836669921,588.8828344726562,588.6258056640625,1.3771672636094665,0.0002449768215009,-0.0080823122024168,0.0103681532523032,-0.0103682529096712,Financial Services,8.0,0.6011500114440917
2023-10-05,608.2174072265625,614.7259089000612,601.1624669970403,609.1117227589846,214770,601.81826171875,589.2137268066406,587.3771118164062,589.2857604980469,589.8446923828125,588.7516682942709,1.3728950777718958,-0.0005714725859646,0.001470387926745,0.0107009460698881,-0.0115993724377149,Financial Services,8.0,0.6011500057220458
2023-10-06,631.9658203125,635.9404481132076,609.9066238889717,611.5958528338739,393308,610.1848510742187,594.2764099121093,590.7853556315105,591.3500823974609,592.1658764648438,590.4872578938802,1.6646258387904485,0.0390459279918161,-0.0322327044025155,0.0062893081761006,-0.0349056795708038,Financial Services,8.0,0.6011500028610228
2023-10-09,623.42041015625,634.9468068030168,616.1169950037481,634.9468068030168,272919,616.1169921875,599.3987182617187,593.2231323242188,593.2703277587891,592.9886254882813,591.9264058430989,1.5596521296387125,-0.013521949892835,0.018488962598895,0.018488962598895,-0.0117150722586567,Financial Services,8.0,0.6011500014305113
2023-10-10,630.2765502929688,635.8410652401286,624.0165240444169,624.0165240444169,125170,620.4890747070312,605.2265075683594,596.4657633463542,594.2515625,594.5427026367188,593.5162556966146,1.643874472095741,0.0109976189823499,-0.0099321896802951,0.0088286878903764,-0.0099321896802951,Financial Services,8.0,0.6011500007152557
2023-10-11,621.6317749023438,635.7417159771084,619.0482910448271,631.9161609096302,124535,623.102392578125,609.782421875,599.0492716471355,594.6316345214843,595.6575854492188,594.586094156901,1.5376801384189849,-0.013715844872551,0.0165441768302498,0.0226982301169871,-0.0041559713673299,Financial Services,8.0,0.6011500003576278
2023-10-12,634.4002685546875,640.2131372394698,619.2470006237884,623.0228847654934,251630,628.33896484375,615.07861328125,602.2554728190104,597.6175750732422,597.0964013671875,596.2604044596354,1.6945311396534428,0.0205402847278031,-0.0179340778261561,0.0091627777806988,-0.0238859733862059,Financial Services,8.0,0.6011500001788139
2023-10-13,627.2955932617188,637.8780635805081,621.0355668771975,634.3505936902465,109062,627.4049194335937,618.7948852539063,605.3192464192708,599.9402465820312,598.5610498046875,598.0390502929688,1.6072557363451354,-0.0111990420640187,0.0112466921564746,0.016869989893862,-0.0099793884283025,Financial Services,8.0,0.601150000089407
2023-10-16,668.0355224609375,698.9382884730715,629.7797317696751,636.8347321560871,2327648,636.3279418945312,626.2224670410156,611.7084594726563,603.9993347167969,601.8818505859375,600.211844889323,2.107714040911504,0.0649453457617728,-0.0467052862547063,0.0462591658274293,-0.0572661024825956,Financial Services,8.0,0.6011500000447034
2023-10-17,661.0799560546875,679.2141953743377,658.0989852076217,672.6560837699958,314389,642.488623046875,631.4888488769532,617.6472127278646,607.9714782714843,603.898974609375,602.5336893717448,2.022270324160091,-0.0104119708793729,0.0175109343571606,0.0274312345330736,-0.004509244032834,Financial Services,8.0,0.6011500000223517
2023-10-18,643.8400268554688,680.6550043787626,639.3188999048899,665.6508088334115,727816,646.9302734375,635.0163330078125,622.1650390625,611.0195220947265,605.0913623046876,604.2030334472656,1.810491219299725,-0.0260784327846003,0.0338760888857239,0.0571803180723309,-0.0070221277988262,Financial Services,8.0,0.60115
2023-10-18,643.8400268554688,680.6550043787626,639.3188999048899,665.6508088334115,727816,646.9302734375,635.0163330078125,622.1650390625,611.0195220947265,605.0913623046876,604.2030334472656,1.810491219299725,-0.0260784327846003,0.0338760888857239,0.0571803180723309,-0.0070221277988262,Financial Services,8.0,0.60115
2023-10-19,652.1867065429688,697.5471699902861,642.3495392524223,670.7184326829673,3487258,650.4875610351562,639.4132629394531,626.8815958658854,614.3134948730469,608.191572265625,605.9949279785156,1.91302367940142,0.0129639030494351,0.0284147560109424,0.0695513462513801,-0.0150833606264225,Financial Services,8.0,0.635575
2023-10-20,638.5736694335938,664.7565060634363,635.94045423109,655.8135934258116,541987,652.7431762695312,640.0740478515625,630.1109822591146,617.1752288818359,610.5008325195313,607.5914042154948,1.745798119473655,-0.0208729141100304,0.0269975490964251,0.0410020611295582,-0.0041235887549816,Financial Services,8.0,0.6527875000000001
2023-10-23,608.8135986328125,644.6349179761033,603.5968998746243,642.6972748791754,1185615,640.8987915039063,638.6133666992188,631.1145751953125,619.0060424804688,611.3792260742188,608.3846740722656,1.3802188249220169,-0.0466039741776043,0.0556552552742812,0.0588379093760935,-0.0085686304805002,Financial Services,8.0,0.66139375
2023-10-25,615.6697998046875,633.9531112859288,608.1180315156558,608.8136034852258,721735,631.8167602539063,637.1526916503906,631.5981526692708,621.189599609375,612.7405346679687,608.5519388834635,1.4644419171484095,0.0112615769215268,-0.0111361582485233,0.0296966190107772,-0.0122659391307278,Financial Services,8.0,0.6656968750000001
2023-10-26,593.8590698242188,614.0799634555017,578.5567293235694,614.0799634555017,749481,621.8205688476562,634.3754211425781,630.617744954427,622.0789215087891,613.1797314453125,607.8795633951823,1.196514084137115,-0.0354260189266842,0.0340499870403061,0.0340499870403061,-0.0257676295239186,Financial Services,8.0,0.6678484375
2023-10-27,602.6529541015625,615.7195675552186,597.8337420418994,597.8337420418994,332735,611.913818359375,631.2006896972656,630.2467814127605,623.1396514892579,613.8335595703124,608.8119466145833,1.3045401043707654,0.014808032282721,-0.0079966621367476,0.0216818209630049,-0.0079966621367476,Financial Services,8.0,0.66892421875
2023-10-30,595.4985961914062,625.8548037918346,592.2195403959963,620.9362504227231,675364,603.2988037109375,628.0209899902344,627.8156331380209,623.4079376220703,614.3999438476562,609.3004943847657,1.216654388799948,-0.0118714392113484,0.0427165645628837,0.050976119498141,-0.0055064039048648,Financial Services,8.0,0.669462109375
2023-10-31,615.7692260742188,619.3960375648686,598.479570828028,602.1561136847475,472334,604.6899291992188,622.7943603515625,627.3055541992187,624.508413696289,616.1428198242188,610.2643432617188,1.465663291442794,0.0340397609876095,-0.02210749061992,0.0058898875375312,-0.0280781411510596,Financial Services,8.0,0.6697310546874999
2023-11-01,604.6402587890625,618.9489432398227,601.1624594369479,616.9118979580352,601002,602.4840209960937,617.150390625,625.5964680989583,624.3196197509766,617.4484838867188,611.0311157226563,1.3289525948711691,-0.0180732761786554,0.0202957692455834,0.0236647895054438,-0.0057518488085457,Financial Services,8.0,0.6698655273437499
2023-11-02,604.590576171875,612.8875873465666,599.3738772463726,612.8875873465666,162359,604.630322265625,613.2254455566406,624.4603881835938,624.1208892822266,618.5892016601563,611.7548299153646,1.328342282608659,-8.216888714456657e-05,0.0137233551128539,0.0137233551128539,-0.0086284820357825,Financial Services,8.0,0.669932763671875
2023-11-03,613.83154296875,616.5640994125607,603.1497314156718,610.9996450952749,150447,606.8660400390625,609.3899291992187,623.0891398111979,624.4015960693359,619.8849291992187,612.6723063151042,1.4418603634355365,0.0152846689331259,-0.0046134772738768,0.0044516390125455,-0.0174018615944961,Financial Services,8.0,0.6699663818359376
2023-11-06,609.2608032226562,618.9489588043143,604.540932554669,617.0113155583808,150961,609.6184814453125,606.458642578125,621.8868204752604,623.2663452148438,620.6500463867187,613.6030334472656,1.385712385053972,-0.0074462444924021,0.0127211734198697,0.0159014916607354,-0.007746880552666,Financial Services,8.0,0.6699831909179688
2023-11-07,611.3970947265625,615.7195387455046,605.2364096528556,609.1116959252857,195624,608.7440551757812,606.7169921875,618.1109252929688,622.6651794433594,621.3555419921875,614.9096923828125,1.4119550625725417,0.0035063662270844,-0.0037379942119267,0.0070697817445062,-0.0100764055420677,Financial Services,8.0,0.6699915954589843
2023-11-08,606.8262939453125,617.060948104727,604.1434081282996,616.0672911834633,236930,609.1812622070313,605.8326416015625,614.4940144856771,621.4926666259765,621.2919482421875,616.0706136067708,1.3558063344216131,-0.0074759936229239,0.0152284061029557,0.0168658712740896,-0.0044211759506497,Financial Services,8.0,0.6699957977294921
2023-11-09,614.0303344726562,618.4521201024223,603.1497785617512,613.8315909497888,158497,611.0692138671875,607.8497680664062,612.5067016601563,621.1125946044922,621.5105541992187,617.3358703613281,1.444302362254941,0.0118716683822421,-0.0003236705284895,0.007201249484789,-0.0177198996532468,Financial Services,8.0,0.6699978988647461
2023-11-10,613.6328125,617.0609409683137,607.4224568139259,614.0302995231107,97662,611.0294677734375,608.94775390625,609.9364420572916,620.0742218017579,621.7271704101563,618.4090189615886,1.4394191143854955,-0.0006473979384058,0.0006477603788677,0.0055866120560716,-0.0101206382050732,Financial Services,8.0,0.669998949432373
2023-11-13,619.4954223632812,626.7987765068659,605.1867383761697,608.1180384361412,264044,613.0763916015625,611.3474365234375,608.6645589192708,619.684213256836,621.2283544921875,619.3877705891927,1.511436711131051,0.0095539380291552,-0.0183655657756711,0.011789197918079,-0.0230973199648935,Financial Services,8.0,0.6699994747161866
2023-11-15,628.4383544921875,632.8601400797912,616.1169839679894,627.9911967320014,318558,616.4846435546875,612.6143493652344,609.9728759765625,617.7043548583985,621.429072265625,620.5437255859375,1.621293668152232,0.0144358324631202,-0.0007115379845766,0.0070361485036616,-0.0196063312115225,Financial Services,8.0,0.6699997373580933
2023-11-16,638.225830078125,640.9087159022005,628.0905173249542,628.4880043537082,326792,622.76455078125,615.9729064941406,611.476611328125,616.5616485595704,621.7470434570313,621.5373819986979,1.74152518386672,0.0155742810984958,-0.015257649041288,0.004203662242481,-0.0158804490127422,Financial Services,8.0,0.67
2023-11-16,638.225830078125,640.9087159022005,628.0905173249542,628.4880043537082,326792,622.76455078125,615.9729064941406,611.476611328125,616.5616485595704,621.7470434570313,621.5373819986979,1.74152518386672,0.0155742810984958,-0.015257649041288,0.004203662242481,-0.0158804490127422,Financial Services,8.0,0.67
2023-11-17,616.8621826171875,632.959436297848,612.1919831240077,630.8230497340307,339791,623.3309204101563,617.2000671386719,613.0101521809896,615.2127563476563,621.556259765625,621.8139485677083,1.479089411448652,-0.0334734923817207,0.0226320684105012,0.0260953810012538,-0.0075708961009172,Financial Services,8.0,0.641575
2023-11-20,604.09375,620.4394188250008,601.1624498915884,619.1973476475388,388032,621.4231079101562,616.2262878417969,613.1062052408854,612.8081085205079,620.3439990234375,621.6764933268229,1.322239159983558,-0.0206990037272415,0.0250020756671274,0.0270581657648349,-0.0048523927095944,Financial Services,8.0,0.6273625
2023-11-21,594.0578002929688,614.8749261206018,590.5303301491571,606.1804275593715,574446,616.3355834960937,614.7059875488281,613.0101521809896,610.5823150634766,619.0144873046875,620.4128926595052,1.1989553331871552,-0.0166132321465521,0.020406477720559,0.0350422565234675,-0.0059379241246761,Financial Services,8.0,0.62025625
2023-11-22,576.6190795898438,602.950987104173,574.3336808785781,598.8273474105424,597992,605.971728515625,611.2281860351562,610.4001424153646,608.9725891113281,615.3578295898437,618.8528483072917,0.9847342295073844,-0.0293552591928341,0.0385146253510995,0.0456660357701994,-0.0039634462198012,Financial Services,8.0,0.6167031249999999
2023-11-23,599.4732055664062,617.0609451172228,576.3210115426558,576.3210115426558,1131616,598.2212036132812,610.4928771972657,610.0556722005208,608.1627593994141,612.8935595703125,617.8260701497396,1.2654793698007554,0.0396347030223469,-0.0386208988304578,0.0293386583211821,-0.0386208988304578,Financial Services,8.0,0.6149265625
2023-11-24,599.9203491210938,605.882290478819,593.163494378606,601.1624202372865,205890,594.8328369140625,609.0818786621094,609.7443237304688,608.4658233642579,611.1367724609376,617.1023559570312,1.270972180163346,0.0007458941459527,0.0020703933747412,0.0099378881987579,-0.0112629197399068,Financial Services,8.0,0.61403828125
2023-11-28,592.4679565429688,602.0567703713787,589.6360584941675,599.9203836692955,160107,592.5076782226563,606.9653930664062,608.3200846354167,607.9565734863281,608.7480224609375,615.7046122233073,1.1794253407868325,-0.0124223033758448,0.0125786163522012,0.0161845273191825,-0.0047798332678197,Financial Services,8.0,0.6135941406250001
2023-11-29,595.9457397460938,599.8706967227096,591.2258693604432,595.2004970536226,213322,592.8852661132812,604.6104248046875,607.4324137369791,607.9789306640625,607.0429052734376,614.6596171061198,1.2221471991625388,0.0058699937519283,-0.0012505210504376,0.0065860978858378,-0.0079199666527719,Financial Services,8.0,0.6133720703125001
2023-11-30,604.6402587890625,606.130744225683,588.5430039439592,596.8897466482373,580154,598.489501953125,602.230615234375,606.9819580078125,607.4224822998046,606.8759716796875,612.5464416503906,1.3289525948711691,0.0145894474330382,-0.0128183858553306,0.002465078060805,-0.0266228631175534,Financial Services,8.0,0.61326103515625
2023-12-01,608.5155029296875,616.067271024986,599.5228595680975,605.1370452487362,254156,600.2979614257813,599.2595825195312,607.0945719401042,607.616244506836,606.5897998046875,610.7942932128906,1.3765569513469564,0.0064091731972761,-0.005551966490066,0.0124101490577324,-0.0147780020694544,Financial Services,8.0,0.613205517578125
2023-12-04,628.4383544921875,638.424594778973,610.1053715086217,614.9743148564114,758529,606.0015625,600.4171997070313,608.055106608073,608.8086334228516,607.9729711914063,610.2809041341146,1.621293668152232,0.0327400887349324,-0.0214245988322208,0.0158905646280211,-0.0291722853204589,Financial Services,8.0,0.6131777587890626
2023-12-05,621.7311401367188,637.4805778863275,617.5577689890102,630.9721372614988,315036,611.85419921875,602.1809387207031,608.5949951171875,609.20361328125,608.7360986328125,609.2657185872396,1.5389007629440052,-0.0106728278239614,0.0148633332452159,0.0253315890629919,-0.00671250139858,Financial Services,8.0,0.6131638793945313
2023-12-06,632.263916015625,634.2015592310088,618.1043042349091,621.929919946925,284543,619.1178344726562,606.0015502929688,609.4462280273438,610.3537689208985,610.2067114257812,609.0553934733073,1.6682877123655089,0.016941046055036,-0.0163444343523861,0.0030646114166918,-0.0223950970821589,Financial Services,8.0,0.6131569396972656
2023-12-07,628.388671875,635.8410989102917,621.6317561779304,635.8410989102917,161188,623.8675170898438,611.1785095214843,609.4429158528645,611.2033477783203,610.7114892578124,609.7078959147135,1.6206833558897218,-0.0061291559465323,0.0118595820848506,0.0118595820848506,-0.0107527649677519,Financial Services,8.0,0.6131534698486327
2023-12-08,627.5936889648438,637.4805874886489,617.0609498292156,634.4002752833253,240744,627.683154296875,613.9905578613282,608.7341064453125,612.2417175292969,611.6296264648438,610.1053588867187,1.610917609920196,-0.0012651133696986,0.0108455302182983,0.015753661481384,-0.016782735901951,Financial Services,8.0,0.6131517349243163
2023-12-11,624.6624755859375,633.9531439536411,618.0546325065278,633.9531439536411,238406,626.927978515625,616.4647705078125,609.2541259765625,612.773324584961,612.4325024414062,611.132139078776,1.574909936201465,-0.0046705590423335,0.0148731014440861,0.0148731014440861,-0.0105782616015336,Financial Services,8.0,0.6131508674621582
2023-12-12,653.6275024414062,657.8008735877269,625.1095370308873,626.7987659053509,849548,633.3072509765625,622.5807250976562,612.5563761393229,614.7730590820313,614.0243408203125,612.8312906901042,1.9307227350142129,0.0463690840854484,-0.0410459113728317,0.0063849381042448,-0.0436303021277404,Financial Services,8.0,0.6131504337310791
2023-12-13,659.937255859375,667.6877675669816,651.9382692782126,655.8632261715275,507043,638.8419189453125,628.9798767089844,616.94833984375,616.7951507568359,616.0513989257812,614.9792460123698,2.008233142122359,0.0096534392974603,-0.006173359136305,0.0117443160524615,-0.0121208289275107,Financial Services,8.0,0.6131502168655396
2023-12-14,660.3843994140625,668.6814715200987,657.6021720217185,666.5450847708298,230543,645.241064453125,634.5542907714844,622.5326944986979,618.3924530029296,618.0108911132812,616.4664184570313,2.0137259524849496,0.0006775546473811,0.0093289383611021,0.0125640038035392,-0.0042130422747911,Financial Services,8.0,0.6131501084327697
2023-12-15,644.5355834960938,665.1042331603824,638.0270821710888,663.9118933783406,481396,648.629443359375,638.156298828125,625.5368530273438,618.7079406738281,619.5192626953125,617.7962626139323,1.819035590974866,-0.0239993796522614,0.030062436238424,0.0319123570381016,-0.0100979705258498,Financial Services,8.0,0.6131500542163848
2023-12-18,639.020751953125,652.2364377342014,629.8791566507349,644.4361943896104,364107,651.5010986328125,639.2145385742188,628.1435465494792,619.815869140625,620.5188793945313,618.943935139974,1.7512901800668814,-0.0085562871689025,0.0084745955744527,0.0206811527492394,-0.01430563134992,Financial Services,8.0,0.6131500271081924
2023-12-19,659.5894775390625,666.7438197765496,641.0080802681473,642.7967113135248,486863,652.6934936523437,643.0003723144531,632.6183146158854,622.5906555175782,622.3571459960938,620.4691996256511,2.0039609562847884,0.0321878836063939,-0.0254594210450289,0.0108466591434721,-0.0281711547919816,Financial Services,8.0,0.6131500135540962
2023-12-20,615.3220825195312,667.5387444898913,608.5155564916798,651.0937336631778,984353,643.770458984375,641.3061889648437,633.9100708007812,623.6538696289062,622.1902124023437,620.6712422688802,1.4601704810802032,-0.0671135555174311,0.0581348405329027,0.0848606988986173,-0.0110617288428541,Financial Services,8.0,0.6131500067770481
2023-12-21,591.3749389648438,600.3675219425031,571.6011420388479,579.600068098578,3388145,629.9685668945312,637.6048156738282,633.0257161458334,624.3916625976562,620.70767578125,620.003837076823,1.1659984710116102,-0.0389180629705864,-0.0199110075358903,0.0152062293904442,-0.0334369883184572,Financial Services,8.0,0.613150003388524
2023-12-22,568.9679565429688,600.4172238905213,548.7470614704847,577.3643700658264,26092849,614.8550415039062,631.7422424316406,630.3892130533854,622.8664001464844,617.9373608398438,618.7418924967448,0.8907461410808301,-0.0378896381052208,0.0147572695901434,0.0552742329087165,-0.0355396026084589,Financial Services,8.0,0.61315
2023-12-22,568.9679565429688,600.4172238905213,548.7470614704847,577.3643700658264,26092849,614.8550415039062,631.7422424316406,630.3892130533854,622.8664001464844,617.9373608398438,618.7418924967448,0.8907461410808301,-0.0378896381052208,0.0147572695901434,0.0552742329087165,-0.0355396026084589,Financial Services,8.0,0.61315
2023-12-22,568.9679565429688,600.4172238905213,548.7470614704847,577.3643700658264,26092849,614.8550415039062,631.7422424316406,630.3892130533854,622.8664001464844,617.9373608398438,618.7418924967448,0.8907461410808301,-0.0378896381052208,0.0147572695901434,0.0552742329087165,-0.0355396026084589,Financial Services,8.0,0.61315
2023-12-22,568.9679565429688,600.4172238905213,548.7470614704847,577.3643700658264,26092849,614.8550415039062,631.7422424316406,630.3892130533854,622.8664001464844,617.9373608398438,618.7418924967448,0.8907461410808301,-0.0378896381052208,0.0147572695901434,0.0552742329087165,-0.0355396026084589,Financial Services,8.0,0.61315
2023-12-26,588.6423950195312,591.0271352847192,563.1550702707905,569.365426140561,4364480,604.7793701171875,628.140234375,627.7361490885417,622.3025024414062,616.8085693359375,617.8956278483073,1.1324312965735552,0.0345791678605307,-0.0327481830090247,0.0040512546927728,-0.0432984864229751,Financial Services,8.0,0.466275
2023-12-27,581.7364501953125,593.2131753783069,575.8738501660403,589.2385477375813,2192266,589.2087646484375,620.9511291503907,625.0698364257812,621.7659271240234,615.91427734375,616.8324157714844,1.047597142315288,-0.0117319868270609,0.0128960417380585,0.0197283927784501,-0.0100777594859389,Financial Services,8.0,0.3928375
2023-12-28,593.6106567382812,594.7036550698513,581.6867739298632,585.2639145131869,1334083,584.8664794921875,614.3184692382813,622.4929524739583,621.6491729736329,615.8963916015625,615.9695902506511,1.1934625228245643,0.0204116598486859,-0.0140609709922615,0.0018412714110891,-0.0200870430358113,Financial Services,8.0,0.35611875
2023-12-29,594.3558959960938,600.1687645725702,588.7417102802117,590.2321956226932,1846627,585.4626708984375,607.7156188964843,620.2241007486979,621.1349548339844,616.6058642578125,614.8335083007812,1.2026172067622158,0.0012554344322377,-0.0069380995480654,0.0097801142642568,-0.0094458316199137,Financial Services,8.0,0.337759375
2024-01-01,598.9266967773438,604.9383088957777,584.0218432698197,585.2639143954467,755028,591.4544189453125,603.1547302246094,618.3129679361979,620.6555145263671,616.58400390625,613.5235371907552,1.2587659349131444,0.0076903431294976,-0.022812111157196,0.0100373086569369,-0.024885939444214,Financial Services,8.0,0.3285796875
2024-01-02,611.3970947265625,613.2850671460552,592.6666859218307,602.6032551865172,1047716,596.0053588867188,600.3923645019531,617.4286092122396,619.8034515380859,617.0430737304688,613.341367594401,1.4119550625725417,0.0208212424263577,-0.0143831883008508,0.0030879643292009,-0.0306354233055502,Financial Services,8.0,0.32398984375
2024-01-03,603.1497802734375,615.0736639032253,600.1688093659906,609.211063526043,826485,600.2880249023438,594.7483947753906,614.063427734375,618.8743835449219,617.4703466796875,613.309901936849,1.3106432269958663,-0.0134892928413627,0.0100493831728787,0.0197693574958812,-0.0049423393739702,Financial Services,8.0,0.321694921875
2024-01-04,630.6243896484375,633.4562876162255,599.175123815818,605.1370653463237,1549128,607.690771484375,596.2786254882812,612.1092366536458,618.7924072265625,618.8574926757813,614.5287882486979,1.648147407702676,0.0455518849108166,-0.0404160142241288,0.0044906255042986,-0.0498700436406399,Financial Services,8.0,0.3205474609375
2024-01-05,637.5800170898438,650.7459719016664,626.0038891659059,645.8273577857611,1892805,616.335595703125,600.8991333007813,610.588944498698,619.2519744873047,620.1750830078125,616.5608194986979,1.733591874223453,0.0110297469548932,0.0129353814028887,0.0206498862243471,-0.0181563531065099,Financial Services,8.0,0.31997373046875
2024-01-08,617.3093872070312,643.1941389192698,606.130746392417,640.7099965160221,950503,620.0121337890625,605.7332763671875,608.7738647460938,618.737759399414,620.5268383789063,617.1553588867188,1.484582971580607,-0.0317930759112171,0.0379074250188631,0.0419315698880784,-0.0181086519114688,Financial Services,8.0,0.319686865234375
2024-01-09,623.1222534179688,629.7797671588556,615.2723998471981,617.0609702400315,855749,622.3571655273438,609.1812622070313,607.71396484375,618.6607482910156,620.3141943359375,617.9287556966145,1.5559895062942877,0.0094164552352546,-0.0097272776645188,0.0106841213010271,-0.0125976139155877,Financial Services,8.0,0.3195434326171875
2024-01-10,622.923583984375,626.8982118977594,617.0113128336139,619.0482975096216,762099,626.3119262695312,613.2999755859375,605.2695719401041,617.1255523681641,620.3618920898438,618.9439432779948,1.5535490070136115,-0.0003188289817993,-0.0062211265946394,0.0063806027184936,-0.0094911660158132,Financial Services,8.0,0.3194717163085938
2024-01-11,649.50390625,656.7079193218783,626.0038945218416,626.0038945218416,1395390,630.0878295898438,618.8893005371094,607.5483601888021,616.6038848876954,621.0514916992188,620.7292154947917,1.88006756699524,0.0426702776215512,-0.0361814786670628,0.0110915623486727,-0.0361814786670628,Financial Services,8.0,0.3194358581542968
2024-01-12,645.1814575195312,653.7766145562873,637.9277737790595,653.7269438374639,237366,631.6081176757813,623.9718566894531,611.1354614257813,615.8437377929688,621.723203125,622.0805887858073,1.8269696503874973,-0.0066550003608523,0.013245089762478,0.0133220769700992,-0.0112428583554761,Financial Services,8.0,0.3194179290771484
2024-01-15,657.0059814453125,665.4520654428678,640.9087268733117,649.8516393413114,829494,639.5474365234375,629.77978515625,617.0046630859375,616.4672576904297,622.8996948242187,623.6969380696614,1.972224718634264,0.0183274391846937,-0.0108893104569043,0.0128554141607284,-0.0245009254506165,Financial Services,8.0,0.3194089645385742
2024-01-16,639.7659912109375,664.7068165852199,625.0102100345081,658.7945457120491,913002,642.8761840820313,632.6166748046875,620.4129028320312,616.5045196533204,623.5038354492187,624.0745259602865,1.760444864004533,-0.0262402333026704,0.0297429915977476,0.0389842938151103,-0.023064341304701,Financial Services,8.0,0.3194044822692871
2024-01-17,646.3241577148438,658.5957964550691,629.9784892013895,630.9224754078697,700738,647.556298828125,636.9341125488281,624.71875,615.8412536621094,623.2117016601562,624.8942932128906,1.841006832425229,0.010250883282328,-0.0238296559445163,0.0189868173636171,-0.0252902020113967,Financial Services,8.0,0.3194022411346435
2024-01-18,634.748046875,665.7501558125907,626.4013648924225,639.9647458571136,3082575,644.605126953125,637.3464782714843,627.4612426757812,616.8125518798828,622.2041333007812,624.9770975748698,1.6988033254910135,-0.0179106887800271,0.0082185349097119,0.0488415980013183,-0.013149598527589,Financial Services,8.0,0.3194011205673218
2024-01-19,651.4912109375,656.7079099843406,631.9658273886934,639.9150830791172,896854,645.8670776367187,638.73759765625,631.270263671875,619.8183654785156,621.8484057617187,625.7471822102865,1.904480057495643,0.0263776535350209,-0.0177686631285857,0.0080073206810169,-0.0299702946425163,Financial Services,8.0,0.3194005602836609
2024-01-23,620.8865356445312,654.5218605869755,608.6645669998417,644.7840343760851,1107839,638.6431884765625,639.0953125,632.7342529296875,622.4142944335938,620.9024438476563,625.5236104329427,1.5285254544813336,-0.0469763440844097,0.0384893170645845,0.0541730622448239,-0.0196847055670198,Financial Services,8.0,0.3194002801418305
2024-01-24,608.66455078125,621.4827496573004,596.1941682254686,620.8865191002707,955540,632.422900390625,637.6495422363281,632.5520833333334,623.4154022216796,619.6881958007813,624.9903462727865,1.3783878881344866,-0.0196847316886874,0.0200799739418586,0.0210595456226219,-0.0204881038985678,Financial Services,8.0,0.3194001400709152
2024-01-25,601.75,622.9000244140625,598.6500244140625,618.7000122070312,769310,623.5080688476562,635.5321838378907,632.4587646484375,624.4160797119141,617.3746166992188,623.2610961914063,1.2934480163958584,-0.0113601995916713,0.0281678640748337,0.0351475270694847,-0.0051516004751765,Financial Services,8.0,0.3194000700354576
2024-01-29,617.4500122070312,627.4500122070312,605.5999755859375,607.8499755859375,789564,620.0484619140625,632.3267944335937,631.5804728190104,625.6080474853516,617.4597338867187,621.8448547363281,1.4863104401958689,0.0260905894591296,-0.0155478766398904,0.0161956430517438,-0.0191918963265328,Financial Services,8.0,0.3194000350177288
2024-01-30,612.5499877929688,627.2999877929688,610.7999877929688,614.0,945740,612.2602172851563,629.0636474609375,629.9118041992188,626.5177520751953,618.3067358398438,620.2503743489583,1.4261174560941057,-0.0079359046354986,0.0023671736771322,0.0240796674458267,-0.0028569096969625,Financial Services,8.0,0.3194000175088644
2024-01-31,623.4500122070312,628.7999877929688,609.0,614.0,694477,612.7729125976563,625.7080505371093,630.3211791992187,627.7439178466797,620.4860180664062,619.5475219726562,1.56001576778038,0.0177945059689504,-0.0151576101082714,0.0085812422506792,-0.0231774992767708,Financial Services,8.0,0.3194000087544322
2024-02-01,605.9500122070312,634.0,602.1500244140625,626.0,596237,612.2300048828125,622.3264526367187,629.1763631184896,627.4715637207031,621.1783227539063,618.4451639811198,1.3450418956588892,-0.0280696120897479,0.0330885178464497,0.0462909270202063,-0.0062711242122567,Financial Services,8.0,0.3194000043772161
2024-02-02,598.25,613.5499877929688,591.0,608.25,794448,611.5300048828125,617.5190368652344,627.5314575195313,627.2265747070312,621.8388647460938,616.4005147298177,1.2504532419715602,-0.0127073389750183,0.0167154199749268,0.0255745721570728,-0.0121186794818219,Financial Services,8.0,0.3194000021886081
2024-02-05,594.0,597.5999755859375,583.2000122070312,596.1500244140625,785505,606.8400024414062,613.4442321777344,623.8311971028646,625.3953552246094,621.8544384765624,615.6897786458334,1.198245301599198,-0.0071040534893439,0.003619569720644,0.0060605649594907,-0.0181817976312604,Financial Services,8.0,0.319400001094304
2024-02-06,594.6500244140625,601.8499755859375,587.2999877929688,596.0,427710,603.260009765625,607.7601135253906,620.4624348958333,623.2488555908203,621.8662036132813,615.7989481608073,1.2062303453285992,0.0010943171953914,0.0022702018506897,0.0121078800576346,-0.0123602729661637,Financial Services,8.0,0.319400000547152
2024-02-07,606.0,611.25,592.25,592.5499877929688,639601,599.7700073242188,606.2714599609375,617.0620361328125,622.6833862304687,622.1491357421875,617.033349609375,1.3456559567682205,0.0190868159757013,-0.022194739615563,0.0086633663366335,-0.0226897689768976,Financial Services,8.0,0.319400000273576
2024-02-08,591.3499755859375,611.0,590.0,606.0,409416,596.85,604.5400024414063,613.8343017578125,621.0947723388672,621.3472509765625,617.1236022949219,1.1656918153416267,-0.024174957778981,0.0247738649173809,0.0332290948259401,-0.0022828707900086,Financial Services,8.0,0.319400000136788
2024-02-09,582.5999755859375,595.0,579.75,592.9000244140625,739082,593.7199951171875,602.625,609.5860229492188,619.0785919189453,620.5252587890625,617.1523864746093,1.0582048792808811,-0.0147966523399786,0.0176794529003643,0.0212839425569688,-0.0048918223573064,Financial Services,8.0,0.319400000068394
2024-02-12,572.5499877929688,586.0999755859375,568.8499755859375,585.0499877929688,343947,589.4299926757812,598.1349975585938,605.4394856770833,615.2308959960938,618.2022827148437,616.4503641764323,0.9347486055306978,-0.0172502372367269,0.0218321548624675,0.0236660345504511,-0.0064623391597541,Financial Services,8.0,0.319400000034197
2024-02-13,575.0499877929688,579.9000244140625,561.4500122070312,573.0,552617,585.5099853515625,594.3849975585938,600.3434041341146,611.7243225097657,615.7010815429687,615.8068339029948,0.9654591586909108,0.0043664309724935,-0.0035648862472574,0.0084341130754703,-0.0236500754275883,Financial Services,8.0,0.3194000000170985
2024-02-14,574.4000244140625,578.75,569.0999755859375,575.0499877929688,402428,579.189990234375,589.4799987792969,597.2443033854166,607.5940246582031,613.98470703125,614.9892781575521,0.957474864730874,-0.001130272833151,0.0011315517954046,0.007573076951685,-0.0092271041136036,Financial Services,8.0,0.3194000000085493
2024-02-15,579.2000122070312,589.7999877929688,574.0,587.0,497574,576.7599975585938,586.8049987792969,595.2800008138021,604.5657257080078,612.2278173828125,613.9160420735677,1.01643897684461,0.0083565243540251,0.0134668294692312,0.0183010624353174,-0.0089779214389459,Financial Services,8.0,0.3194000000042746
2024-02-16,606.4000244140625,610.75,574.0,578.1500244140625,1189184,581.5200073242188,587.6200012207031,595.5900024414062,602.5695190429688,611.566875,614.0243835449219,1.3505699451816002,0.0469613460527842,-0.0465864097338991,0.0071734423001394,-0.0534301172651983,Financial Services,8.0,0.3194000000021373
2024-02-19,613.75,618.9500122070312,600.7000122070312,609.9500122070312,420061,589.760009765625,589.5950012207031,595.3433349609375,601.5196166992188,610.13671875,613.461903889974,1.4408586715648808,0.012120671652412,-0.0061914261392566,0.0084725249809063,-0.0212627092349796,Financial Services,8.0,0.3194000000010686
2024-02-20,599.75,617.2000122070312,596.4500122070312,610.2000122070312,247991,594.7000122070312,590.1049987792969,594.4900024414062,598.9325561523438,608.3194604492187,612.2009033203125,1.268879573867688,-0.0228105906313645,0.0174239469896311,0.0290954767937161,-0.005502272268393,Financial Services,8.0,0.3194000000005343
2024-02-21,602.4500122070312,611.5,598.9500122070312,602.0,291746,600.310009765625,589.75,593.0900024414062,598.0107299804688,606.1372216796875,611.7055908203125,1.302047121234591,0.0045018961351083,-0.000746970201532,0.0150219729597393,-0.0058096106383631,Financial Services,8.0,0.3194000000002672
2024-02-22,599.0999755859375,607.0499877929688,595.7999877929688,602.9000244140625,274188,604.2900024414063,590.525,592.6333333333333,597.5325012207031,604.5105810546875,610.9048482259115,1.260894530138287,-0.0055606881122321,0.0063429293656847,0.0132699257736672,-0.0055082422424425,Financial Services,8.0,0.3194000000001336
2024-02-23,601.0,604.3499755859375,597.7999877929688,599.7999877929688,194800,603.2099975585937,592.3650024414062,592.8166666666667,597.4950012207031,602.6976147460938,610.174062093099,1.2842348504477945,0.0031714646828423,-0.0019966925241784,0.0055740026388311,-0.005324479545809,Financial Services,8.0,0.3194000000000668
2024-02-26,609.25,612.2000122070312,599.9000244140625,600.8499755859375,317796,602.3099975585938,596.0350036621094,593.8333333333334,597.0850006103516,601.6776928710938,608.832265218099,1.385579675876497,0.0137271214642262,-0.0137874836504924,0.0048420389118279,-0.0153466977200451,Financial Services,8.0,0.3194000000000334
2024-02-27,607.9000244140625,619.7000122070312,600.0999755859375,614.0,752295,603.9400024414062,599.3200073242188,594.7166666666667,596.8525024414063,599.9340454101563,607.58955078125,1.3689962770777282,-0.002215799074169,0.0100345045911407,0.0194110664896622,-0.0128311375470715,Financial Services,8.0,0.3194000000000167
2024-02-28,581.25,611.2999877929688,568.75,610.2999877929688,2055656,599.7,600.0050048828125,593.0666666666667,594.7425018310547,598.348583984375,605.0643513997396,1.0416214804821118,-0.0438394856781749,0.0499784736223118,0.0516989037298387,-0.021505376344086,Financial Services,8.0,0.3194000000000083
2024-02-29,590.3499755859375,603.0,575.9500122070312,580.0,907392,597.95,601.1200012207031,593.0,593.9625,597.6160009765625,603.4171508789062,1.1534075940775417,0.0156558719758064,-0.0175319319284545,0.0214280087019687,-0.0243922486227156,Financial Services,8.0,0.3194000000000042
2024-03-01,622.2999877929688,624.5,588.4000244140625,593.8499755859375,1410926,602.2099975585937,602.7099975585937,595.6466674804688,595.1649993896484,598.4380004882812,602.6163452148437,1.5458886134189365,0.0541204599446625,-0.04571752011105,0.0035352920620066,-0.0544752756610761,Financial Services,8.0,0.3194000000000021
2024-03-04,597.1500244140625,620.2999877929688,595.0,617.25,416912,599.7900024414063,601.05,597.286669921875,595.3225006103515,597.6260009765625,601.3630777994791,1.2369408984888122,-0.0404145329780615,0.033659842190679,0.0387674159464725,-0.003600476138592,Financial Services,8.0,0.319400000000001
2024-03-05,477.75,477.75,477.75,477.75,499833,573.7599975585938,588.85,590.8000040690105,589.4774993896484,592.2340014648438,595.5717041015625,-0.2297954203507062,-0.1999497940759871,0.0,0.0,0.0,Financial Services,8.0,0.3194
2024-03-05,477.75,477.75,477.75,477.75,499833,573.7599975585938,588.85,590.8000040690105,589.4774993896484,592.2340014648438,595.5717041015625,-0.2297954203507062,-0.1999497940759871,0.0,0.0,0.0,Financial Services,8.0,0.3194
2024-03-06,382.20001220703125,382.20001220703125,382.20001220703125,382.20001220703125,8449805,533.95,566.825,577.986669921875,578.2875,582.5840014648437,587.6154866536458,-1.403552612180174,-0.1999999744489141,0.0,0.0,0.0,Financial Services,8.0,0.3472
2024-03-07,420.25,420.3999938964844,392.54998779296875,393.0,16327216,499.9300048828125,548.9400024414062,567.3900024414063,569.7325012207032,575.1560009765625,581.3350016276041,-0.936138143035605,0.0995551715795281,-0.0648423557406305,0.0003569158750371,-0.0659131759834176,Financial Services,8.0,0.3611
2024-03-11,390.20001220703125,423.3999938964844,381.1000061035156,423.3999938964844,4483701,453.510009765625,527.8600036621094,552.9766682942708,560.1125030517578,566.8340014648437,574.2833353678385,-1.3052788420674923,-0.0715050274669095,0.0850845224265086,0.0850845224265086,-0.0233213885669674,Financial Services,8.0,0.36805
2024-03-12,397.25,405.0,380.1000061035156,392.70001220703125,2382734,413.5300048828125,506.6600036621094,538.5433349609375,551.3475036621094,558.9640014648437,566.9433349609375,-1.2186752321095646,0.0180676257622159,-0.0114537137645531,0.0195091252359975,-0.0431717908029813,Financial Services,8.0,0.371525
2024-03-13,384.1499938964844,404.8999938964844,375.5,400.0,1619141,394.81000366210935,484.2850006103516,524.1700012207032,541.8025039672851,550.5440002441406,559.3300018310547,-1.3795986056460172,-0.0329767302794603,0.041259941052574,0.0540153594421022,-0.0225172303368961,Financial Services,8.0,0.3732625
2024-03-14,370.54998779296875,389.70001220703125,365.0,380.0,2034852,392.47999877929686,463.2149993896484,508.709999593099,531.6100021362305,541.1259997558594,550.9000010172526,-1.5466640898145123,-0.0354028538841533,0.0255026650069978,0.0516800028199215,-0.0149777033485414,Financial Services,8.0,0.37413125
2024-03-15,367.70001220703125,376.79998779296875,360.0,369.1000061035156,1217784,381.9700012207031,440.9500030517578,493.28333536783856,521.0350021362304,532.1800012207032,542.9583343505859,-1.5816738205094094,-0.0076912041015362,0.0038074350013785,0.0247483690068899,-0.0209410170013696,Financial Services,8.0,0.374565625
2024-03-18,367.8500061035156,377.79998779296875,364.6000061035156,365.0,867504,377.5,415.5050048828125,477.7400024414063,509.1075012207031,523.5900024414062,535.2783345540364,-1.579831262296733,0.0004079246437444,-0.0077477397206121,0.0270490186879408,-0.0088351228655013,Financial Services,8.0,0.3747828125
2024-03-19,359.45001220703125,372.3500061035156,359.0,370.0,1090231,369.9400024414063,391.73500366210936,461.086669921875,496.3925018310547,515.0660034179688,527.4600016276041,-1.6830186459381122,-0.0228353778907388,0.0293503614819528,0.0358881442715166,-0.0012519465621051,Financial Services,8.0,0.37489140625
2024-03-20,336.54998779296875,361.6000061035156,335.29998779296875,360.0,2748658,360.4200012207031,377.6150024414063,442.9966674804688,483.2325012207031,505.5260034179688,518.8566670735677,-1.964327612793409,-0.0637085092123264,0.0696776498516966,0.0744317908754659,-0.0037141585064295,Financial Services,8.0,0.374945703125
2024-03-21,336.29998779296875,348.79998779296875,329.95001220703125,340.0,3365695,353.57000122070315,373.025,426.6666666666667,469.925,496.002001953125,509.8666666666667,-1.9673986681094304,-0.0007428317012859,0.0110021181722701,0.0371691955210393,-0.018881878728603,Financial Services,8.0,0.375
2024-03-21,336.29998779296875,348.79998779296875,329.95001220703125,340.0,3365695,353.57000122070315,373.025,426.6666666666667,469.925,496.002001953125,509.8666666666667,-1.9673986681094304,-0.0007428317012859,0.0110021181722701,0.0371691955210393,-0.018881878728603,Financial Services,8.0,0.375
2024-03-22,334.25,347.70001220703125,333.0,339.70001220703125,2037443,346.8799987792969,364.425,409.5933349609375,456.6825012207031,486.20400146484377,501.2966674804687,-1.992581171746932,-0.0060957117674079,0.0163051973284404,0.0402393783306844,-0.0037397157816005,Financial Services,8.0,0.53295
2024-03-26,321.3999938964844,332.1000061035156,316.1000061035156,331.29998779296875,3659848,337.5899963378906,357.5449981689453,389.53333536783856,442.70250091552737,474.80400024414064,492.5900014241536,-2.150433489967363,-0.0384442964951851,0.0308027196157101,0.0332918867773142,-0.0164903170305464,Financial Services,8.0,0.611925
2024-03-27,351.95001220703125,353.5,313.25,326.0,8199702,336.0899963378906,353.01499938964844,373.18666788736977,429.8375015258789,464.3320007324219,485.2366689046224,-1.7751503054187512,0.0950529523668452,-0.0737320963403359,0.0044039998272737,-0.1099588318362277,Financial Services,8.0,0.6514125
2024-03-28,340.1000061035156,368.5,337.70001220703125,357.95001220703125,5256072,336.8,348.6100006103516,364.01000162760414,416.44750061035154,453.9460009765625,477.4050028483073,-1.9207184023750967,-0.0336695715087657,0.052484580368054,0.0835048320694247,-0.0070567299424095,Financial Services,8.0,0.6711562499999999
2024-04-01,345.45001220703125,356.3500061035156,342.20001220703125,346.5,2150228,338.6300048828125,346.1000030517578,361.56000162760415,404.6575012207031,443.6660009765625,469.7733357747396,-1.854997743635305,0.0157306851146813,0.0030394782337985,0.0315530279673341,-0.009408018194112,Financial Services,8.0,0.6810281249999999
2024-04-02,349.6499938964844,352.1499938964844,342.75,349.0,1640142,341.7100036621094,344.2950012207031,356.85333455403645,392.6225021362305,433.6880017089844,462.1216684977214,-1.8034042392569565,0.0121580012767116,-0.0018589844353802,0.0071500072748182,-0.0197340026224257,Financial Services,8.0,0.6859640624999999
2024-04-03,351.70001220703125,356.20001220703125,347.20001220703125,351.95001220703125,3068232,347.77000732421874,342.6800018310547,354.2866678873698,379.0925033569336,423.71600219726565,453.6316680908203,-1.7782213607347723,0.0058630583335682,0.0007108330717169,0.0127949952909045,-0.0127949952909044,Financial Services,8.0,0.6884320312499999
2024-04-04,355.1000061035156,364.0,350.25,357.25,2468444,348.40000610351564,342.2450012207031,351.47666829427084,366.9900024414063,413.5500024414063,445.01000162760414,-1.7364550834138193,0.0096673124210269,0.0060546152056601,0.0250633448141646,-0.0136581414253814,Financial Services,8.0,0.6896660156249999
2024-04-05,401.25,411.0,355.25,358.75,15834428,360.6300048828125,348.7150024414062,352.6166687011719,363.1650024414063,405.28400146484375,438.3933349609375,-1.169538347053224,0.1299633711722075,-0.1059190031152648,0.0242990654205608,-0.1146417445482865,Financial Services,8.0,0.6902830078125
2024-04-08,424.8500061035156,440.0,400.25,405.0,11996177,376.5100036621094,357.5700042724609,356.236669921875,365.2975021362305,399.0280017089844,432.47333475748695,-0.8796306502438768,0.0588162145882009,-0.0467223862971515,0.03565962970186,-0.0579028027541601,Financial Services,8.0,0.69059150390625
2024-04-09,443.79998779296875,449.3999938964844,426.54998779296875,426.6000061035156,9201496,395.3400024414062,368.5250030517578,361.31000162760415,366.4750015258789,393.1660021972656,427.2966684977213,-0.6468448822202715,0.0446039341349001,-0.038756156292363,0.0126183106298958,-0.0388688609158931,Financial Services,8.0,0.690745751953125
2024-04-10,436.1499938964844,445.0,431.3999938964844,444.75,3889771,412.22999877929686,380.0000030517578,365.8633341471354,368.7725006103516,385.7200024414062,421.8016682942708,-0.7408190999135869,-0.0172374810881091,0.0197180012011113,0.0202911985036415,-0.0108907487480726,Financial Services,8.0,0.6908228759765624
2024-04-12,420.45001220703125,446.04998779296875,418.0,436.1499938964844,2132904,425.3,386.8500030517578,369.9300008138021,369.9325012207031,378.652001953125,415.5083353678385,-0.9336811488289152,-0.0359967486166682,0.0373408995924167,0.0608870848916327,-0.0058271188866676,Financial Services,8.0,0.6908614379882811
2024-04-15,418.8507080078125,423.5132141113281,383.68743896484375,391.50689697265625,3442743,428.8201416015625,394.7250732421875,375.4167154947917,371.6675369262695,376.2960302734375,409.2066914876302,-0.9533273554806988,-0.003803791539507,-0.0652829528812596,0.0111316658044866,-0.0839517956414983,Financial Services,8.0,0.6908807189941406
2024-04-16,409.9627380371094,423.5132141113281,407.0000915527344,418.99639892578125,1239624,425.8426879882812,401.1763458251953,380.3275655110677,373.6381744384765,377.40653930664064,403.4971160888672,-1.062509145189361,-0.0212198995985398,0.0220353218732141,0.0330529455898798,-0.0072266238111299,Financial Services,8.0,0.6908903594970703
2024-04-18,407.6314697265625,421.1333923339844,406.0773010253906,414.7709655761719,1290885,418.608984375,406.9744934082031,385.21966349283855,375.63474731445314,376.9017980957031,397.406499226888,-1.0911469609420688,-0.005686537078245,0.0175145845692397,0.0331228661429867,-0.0038126808565943,Financial Services,8.0,0.6908951797485352
2024-04-19,394.46954345703125,405.057373046875,389.9041442871094,403.1632080078125,1039796,410.27289428710935,411.2514465332032,390.090966796875,376.9657241821289,377.0725793457031,389.8121510823568,-1.2528309754985665,-0.0322887883959504,0.022038873963734,0.0268406769685047,-0.0115735149789052,Financial Services,8.0,0.6908975898742675
2024-04-22,408.3599853515625,416.22802734375,397.2864990234375,397.2864990234375,1559767,407.8548889160156,416.5774444580078,393.8516316731771,379.41122283935545,377.5169787597656,383.51914978027344,-1.0821977138102254,0.0352129641563679,-0.0271169720965478,0.0192674166775028,-0.0271169720965478,Financial Services,8.0,0.6908987949371337
2024-04-23,410.20001220703125,413.70001220703125,406.0,408.8999938964844,945619,406.1247497558594,417.4724456787109,398.52496541341145,383.0937240600586,378.5589794921875,381.2674835205078,-1.0595944167857885,0.0045058941166447,-0.0031692303068259,0.0085324229542771,-0.010238937303862,Financial Services,8.0,0.6908993974685669
2024-04-24,410.54998779296875,415.79998779296875,408.5,410.1000061035156,715669,406.24219970703126,416.0424438476563,402.8649637858073,386.8062240600586,380.1589794921875,382.2124827067057,-1.0552952392511044,0.0008531827779684,-0.0010960460427051,0.0127877241653882,-0.0049932720835994,Financial Services,8.0,0.6908996987342835
2024-04-25,418.1499938964844,422.70001220703125,408.0,412.8500061035156,1158973,408.3459045410156,413.4774444580078,407.43163045247394,391.0012237548828,382.1769787597656,382.1424825032552,-0.9619350826671204,0.0185117679441952,-0.0126748484283866,0.0108813066530217,-0.0242735717915544,Financial Services,8.0,0.6908998493671417
2024-04-26,414.95001220703125,424.95001220703125,413.1000061035156,421.70001220703125,728719,412.4419982910157,411.3574462890625,411.64829711914064,395.6787246704101,384.0609790039063,382.9674825032552,-1.001244365781384,-0.0076527125102512,0.0162670196443619,0.0240992883620176,-0.0044583830560115,Financial Services,8.0,0.6908999246835708
2024-04-29,412.54998779296875,419.5,410.0,417.3999938964844,531739,413.2799987792969,410.56744384765625,415.4782958984375,398.708723449707,386.1849780273437,383.47748209635415,-1.030726796722934,-0.0057838880430374,0.0117561659120677,0.0168464729431019,-0.0061810395550137,Financial Services,8.0,0.6908999623417853
2024-04-30,406.0,415.3999938964844,405.25,415.0,856411,412.43999633789065,409.282373046875,415.7949625651042,402.0037231445313,388.962978515625,384.205815633138,-1.111188296048819,-0.0158768342910623,0.022167487684729,0.0231526943263162,-0.0018472906403941,Financial Services,8.0,0.6908999811708927
2024-05-02,397.79998779296875,408.20001220703125,395.0,406.0,1016594,409.8899963378906,408.06609802246095,413.9916280110677,404.6212219238281,391.422978515625,385.11414896647136,-1.2119190603681906,-0.0201970744015548,0.0206134048734534,0.0261438530246387,-0.0070386824507042,Financial Services,8.0,0.6908999905854463
2024-05-03,401.3500061035156,405.1000061035156,397.0,401.6000061035156,786316,406.5299987792969,407.4379516601563,411.16162923177086,407.2062225341797,394.1069787597656,386.2358154296875,-1.168309849949879,0.0089241287568727,0.0006228977107216,0.0093434656608246,-0.0108384353740202,Financial Services,8.0,0.6908999952927231
2024-05-06,381.0,404.20001220703125,366.54998779296875,404.20001220703125,1466809,399.7399963378906,406.0909973144532,407.4849629720052,408.6712219238281,396.4909790039063,386.6741485595703,-1.4182938276509491,-0.0507038888602059,0.0608924204908956,0.0608924204908956,-0.0379265412258038,Financial Services,8.0,0.6908999976463615
2024-05-07,389.0,418.70001220703125,382.0,385.8999938964844,8986943,395.0299987792969,404.1549987792969,405.3882954915365,410.36622161865233,397.972978515625,387.6591481526693,-1.3200200575382677,0.0209973753280839,-0.0079691673612226,0.0763496457764298,-0.0179948586118251,Financial Services,8.0,0.6908999988231808
2024-05-08,389.75,393.29998779296875,382.6000061035156,390.6000061035156,877079,391.7799987792969,402.10999755859376,403.4482482910156,409.79122161865234,399.9589782714844,389.4324818929037,-1.3108068915902036,0.0019280205655526,0.0021809008428881,0.0091083715021649,-0.01834507734826,Financial Services,8.0,0.6908999994115903
2024-05-09,376.3999938964844,395.0,372.0,390.8999938964844,693624,387.5,398.6949981689453,401.210732014974,407.3687210083008,401.1969775390625,390.7691487630208,-1.4748013204426775,-0.034252741766557,0.0385228486586737,0.0494155324259406,-0.0116896757912658,Financial Services,8.0,0.6908999997057952
2024-05-10,399.79998779296875,403.5,368.25,378.20001220703125,4039230,387.18999633789065,396.85999755859376,400.688633219401,405.1687210083008,403.2029772949219,392.9541483561198,-1.1873506178400202,0.0621678912750453,-0.0540269540906608,0.0092546581290724,-0.0789144291052517,Financial Services,8.0,0.6908999998528975
2024-05-13,396.1499938964844,402.0,385.3500061035156,401.79998779296875,821713,390.2199951171875,394.9799957275391,400.8006632486979,403.1687210083008,404.9809765625,395.44581502278646,-1.2321879504769948,-0.00912954979472,0.0142622592036709,0.0147671492960927,-0.0272623702117001,Financial Services,8.0,0.6908999999264487
2024-05-14,400.8500061035156,406.8500061035156,392.0,397.8999938964844,926983,392.5899963378906,393.80999755859375,400.2999979654948,402.188720703125,406.8109765625,397.075814819336,-1.1744519605819217,0.0118642238531988,-0.0073593916979246,0.0149681923628324,-0.0220780989616106,Financial Services,8.0,0.6908999999632244
2024-05-15,395.79998779296875,405.3999938964844,394.25,401.8500061035156,522687,393.7999938964844,392.7899963378906,399.3399963378906,401.0361846923828,406.5929760742188,398.93248087565104,-1.2364875028963611,-0.0125982742513486,0.0152855444596715,0.0242546902465725,-0.0039160885315122,Financial Services,8.0,0.6909
2024-05-15,395.79998779296875,405.3999938964844,394.25,401.8500061035156,522687,393.7999938964844,392.7899963378906,399.3399963378906,401.0361846923828,406.5929760742188,398.93248087565104,-1.2364875028963611,-0.0125982742513486,0.0152855444596715,0.0242546902465725,-0.0039160885315122,Financial Services,8.0,0.6909
2024-05-16,393.70001220703125,400.95001220703125,392.79998779296875,398.45001220703125,517029,397.25999755859374,392.3799987792969,398.21666463216144,400.2230484008789,405.3469763183594,400.5408142089844,-1.2622840676431943,-0.0053056484353302,0.0120650237559611,0.0184150362590984,-0.0022860665129703,Financial Services,8.0,0.66945
2024-05-17,399.70001220703125,405.0,396.6000061035156,400.0,697514,397.2400024414063,392.2149993896484,396.9866658528646,399.8264755249023,403.5829772949219,402.2091481526693,-1.1885787400586831,0.0152400300075297,0.0007505323587866,0.0132599140132714,-0.0077558318960219,Financial Services,8.0,0.658725
2024-05-21,398.04998779296875,404.95001220703125,395.6499938964844,401.5,565591,397.6200012207031,393.9199981689453,395.85999755859376,400.0054977416992,402.05897705078127,403.7541473388672,-1.2088480050521693,-0.0041281570269451,0.0086672837905616,0.0173345675811231,-0.0060293781436633,Financial Services,8.0,0.6533625000000001
2024-05-22,399.70001220703125,406.75,396.95001220703125,401.0,438093,397.39000244140624,394.98999938964846,395.0033325195312,399.5724990844727,401.2289770507812,405.2408142089844,-1.1885787400586831,0.0041452693497398,0.0032524086896834,0.0176381975923409,-0.0068801599099667,Financial Services,8.0,0.6506812500000001
2024-05-23,397.29998779296875,402.75,394.8999938964844,397.70001220703125,619985,397.6900024414063,395.7449981689453,394.42333170572914,398.92749786376953,400.3669482421875,405.1091471354167,-1.2180611710002331,-0.0060045642751178,0.0010068573530159,0.0137176249043109,-0.0060407600559378,Financial Services,8.0,0.649340625
2024-05-24,393.3999938964844,402.3999938964844,392.20001220703125,394.3500061035156,646612,397.6299987792969,397.4449981689453,394.1299987792969,398.0699981689453,399.7044384765625,404.0608133951823,-1.2659695589532292,-0.009816244692453,0.0024148760085676,0.0228774787484318,-0.0030502839554412,Financial Services,8.0,0.6486703125
2024-05-27,398.6000061035156,399.8999938964844,393.1499938964844,394.3500061035156,694409,397.4099975585938,397.325,393.9466654459636,397.0924987792969,399.34317993164063,402.5541473388672,-1.202091458426113,0.0132181298619936,-0.0106623179501313,0.0032613842776287,-0.013672885407874,Financial Services,8.0,0.6483351562499999
2024-05-28,399.1499938964844,412.70001220703125,397.04998779296875,399.8999938964844,2322950,397.6299987792969,397.625,395.1566650390625,396.30249786376953,399.5303979492188,401.32081400553386,-1.195335286684739,0.0013797987570173,0.0018789928885594,0.0339471840604885,-0.0052611953792494,Financial Services,8.0,0.648167578125
2024-05-29,411.1499938964844,414.5,398.6499938964844,405.1000061035156,2008347,399.9199951171875,398.6549987792969,396.6333312988281,396.2324981689453,399.6419982910156,401.0108133951823,-1.047924631515717,0.0300638862169495,-0.0147147948018502,0.0081478928693821,-0.0304025299417787,Financial Services,8.0,0.6480837890625
2024-05-30,406.1000061035156,411.8999938964844,403.20001220703125,410.0,855350,401.67999877929685,399.6850006103516,397.7233317057292,396.2374984741211,399.477998046875,400.5857899983724,-1.109959798945474,-0.0122825924065079,0.009603530750724,0.0142821662294936,-0.0071410831147468,Financial Services,8.0,0.64804189453125
2024-05-31,399.25,410.95001220703125,396.0,408.8999938964844,1217981,402.85,400.23999938964846,399.2466654459635,396.3099990844727,399.02599853515625,400.2286987304688,-1.1941067895813942,-0.0168677813360326,0.0241703040613259,0.0293049773501095,-0.0081402629931121,Financial Services,8.0,0.6480209472656251
2024-06-03,400.79998779296875,410.95001220703125,393.0,410.1499938964844,1255708,403.2899963378906,400.34999694824216,399.31333211263023,396.2824981689453,398.3319982910156,400.0009826660156,-1.1750663965759351,0.0038822486987319,0.0233283592522097,0.025324412982032,-0.0194610479803651,Financial Services,8.0,0.6480104736328125
2024-06-04,382.6000061035156,400.0,340.79998779296875,400.0,1639192,399.97999877929686,398.80499877929685,398.409999593099,396.3624984741211,397.037998046875,399.6053314208984,-1.3986389986514765,-0.0454091373347402,0.0454782896469077,0.0454782896469077,-0.1092525291262999,Financial Services,8.0,0.6480052368164062
2024-06-05,402.3999938964844,406.8500061035156,378.20001220703125,394.95001220703125,2035176,398.22999877929686,399.0749969482422,398.5133321126302,397.0324981689453,396.6319982910156,399.4066650390625,-1.1554115675764622,0.0517511434320565,-0.0185138712784612,0.0110586786146322,-0.0601391204187703,Financial Services,8.0,0.6480026184082031
2024-06-06,414.20001220703125,416.0,406.3999938964844,410.3999938964844,1258376,399.85,400.7649993896485,399.74000040690106,398.2549987792969,396.9599987792969,399.5399983723958,-1.0104575317294475,0.0293241016141326,-0.0091743558632428,0.0043456971026574,-0.0188315260276915,Financial Services,8.0,0.6480013092041015
2024-06-07,470.5,478.1499938964844,415.20001220703125,417.3999938964844,15354824,414.1,408.475,404.85999959309896,402.9599990844727,399.8679992675781,401.5383321126302,-0.3188560245153238,0.1359246405932699,-0.1128586739713403,0.0162592856460879,-0.1175345117810174,Financial Services,8.0,0.6480006546020507
2024-06-10,489.95001220703125,499.0,469.0,474.8999938964844,9279988,431.9300048828125,417.6100006103516,410.8766662597656,407.4675003051758,403.4119995117188,403.9316660563151,-0.0799277709749939,0.0413390270075053,-0.0307174567518684,0.0184712472037751,-0.0427594891010609,Financial Services,8.0,0.6480003273010253
2024-06-11,472.1000061035156,498.95001220703125,470.0,486.54998779296875,6135846,449.8300048828125,424.9050018310547,415.8133341471354,411.26500091552737,407.0559997558594,405.8366658528646,-0.2992011955158511,-0.0364323005588027,0.0306078828693865,0.0568735559338846,-0.004448222995903,Financial Services,8.0,0.6480001636505126
2024-06-12,473.1499938964844,482.8999938964844,470.3999938964844,474.0,2498832,463.9800048828125,431.10500183105466,420.709999593099,414.88000030517577,410.4219995117188,407.8566660563151,-0.2863029131424345,0.0022240791768566,0.001796483386834,0.0206065732342228,-0.0058121103993962,Financial Services,8.0,0.6480000818252563
2024-06-13,472.3500061035156,479.0,470.6499938964844,479.0,1328694,475.61000366210936,437.73000183105466,425.7133341471354,418.7075012207032,413.7259997558594,410.0683329264323,-0.2961301401998298,-0.0016907699530558,0.0140785303494355,0.0140785303494355,-0.0035990519425518,Financial Services,8.0,0.6480000409126281
2024-06-14,470.6499938964844,481.95001220703125,465.3999938964844,475.8999938964844,1928172,475.64000244140624,444.8700012207031,430.8633341471354,422.5550003051758,417.4959997558594,412.4966664632162,-0.3170134663026475,-0.0035990519425518,0.0111547860790044,0.0240093879891396,-0.0111547860790043,Financial Services,8.0,0.6480000204563141
2024-06-18,481.75,508.3500061035156,467.5,468.0,8975120,474.0,452.9650024414062,436.4066670735677,426.6574996948242,420.7740002441406,415.1766662597656,-0.1806585352943653,0.0235844178210209,-0.0285417747794499,0.0552153733337117,-0.0295796574987026,Financial Services,8.0,0.6480000102281571
2024-06-19,473.20001220703125,487.3999938964844,470.20001220703125,484.8999938964844,1710522,474.2200012207031,462.0250030517578,441.3433349609375,430.41500091552734,423.8560009765625,418.25,-0.285688477148421,-0.017747769160288,0.0247252353922895,0.030008413616102,-0.0063398138685749,Financial Services,8.0,0.6480000051140786
2024-06-20,475.95001220703125,486.0,472.8999938964844,474.0,1911142,474.7800048828125,469.3800048828125,445.6633361816406,434.22750091552734,426.8600012207031,421.1483337402344,-0.2519068686721867,0.0058114960461937,-0.0040970945624916,0.0211156372207363,-0.0064082744664794,Financial Services,8.0,0.6480000025570394
2024-06-21,475.54998779296875,479.75,469.04998779296875,479.75,1336123,475.4200012207031,475.51500244140624,450.2933349609375,438.14000091552737,430.0500012207031,424.0083333333333,-0.2568208570855664,-0.0008404756882083,0.0088319047730891,0.0088319047730891,-0.0136683843273061,Financial Services,8.0,0.6480000012785196
2024-06-24,470.6499938964844,477.45001220703125,470.0,475.54998779296875,806484,475.4200012207031,475.5300018310547,455.0533345540365,442.0025009155273,433.12800048828126,427.15,-0.3170134663026475,-0.0103038461197849,0.0104111207054686,0.0144481427785643,-0.0013810557843698,Financial Services,8.0,0.6480000006392599
2024-06-25,460.1000061035156,475.0,456.95001220703125,472.8500061035156,787412,471.0900024414062,472.5450012207031,459.0066691080729,445.07750091552737,435.5440002441407,429.1600006103516,-0.4466118506848735,-0.0224157822793664,0.0277113667265012,0.0323842505951459,-0.0068463243962132,Financial Services,8.0,0.64800000031963
2024-06-26,493.54998779296875,497.29998779296875,459.0,460.1000061035156,9003056,475.1599975585938,474.6899993896485,466.40333455403646,449.7975006103516,439.36400024414064,432.4066670735677,-0.0357048743320328,0.0727015458502892,-0.0677742528959083,0.0075980145734964,-0.0700030162040274,Financial Services,8.0,0.648000000159815
2024-06-27,479.8500061035156,504.8500061035156,474.25,495.0,7012432,475.93999633789065,475.3600006103516,471.5666687011719,453.2325012207031,442.57,435.040000406901,-0.2039984807191908,-0.0277580428088267,0.0315723532432676,0.052099613800165,-0.0116703262108692,Financial Services,8.0,0.6480000000799075
2024-06-28,517.5999755859375,521.4000244140625,481.95001220703125,484.79998779296875,8205316,484.3499938964844,479.88499755859374,478.459999593099,458.8074996948242,447.38199951171873,439.1,0.2597304971153433,0.0786703532400878,-0.0633693766230152,0.0073416711888814,-0.0688755120951262,Financial Services,8.0,0.6480000000399537
2024-07-01,510.8500061035156,520.4000244140625,502.0,514.0,3870621,492.3899963378906,483.9049987792969,481.15,464.3875,452.08,443.0049997965495,0.1768123784674503,-0.013040899924272,0.0061661815774669,0.0186943685943927,-0.0173240794710342,Financial Services,8.0,0.6480000000199768
2024-07-02,519.7000122070312,533.0,506.5,515.75,5680686,504.30999755859375,487.7,483.1333333333333,470.3325012207032,456.92400024414064,447.0049997965495,0.2855278116315407,0.0173240794710342,-0.0076005620824532,0.0255916634223023,-0.0253992917009453,Financial Services,8.0,0.6480000000099884
2024-07-03,523.9500122070312,535.5999755859375,514.0999755859375,524.5,3723212,510.39000244140624,492.775,486.590000406901,477.4000015258789,461.9160009765625,451.2016672770182,0.3377357520039028,0.0081777946895774,0.001049695162048,0.0222348756703587,-0.0187995732257023,Financial Services,8.0,0.6480000000049941
2024-07-04,520.5,531.0,516.8499755859375,530.0,1811008,518.5200012207031,497.22999877929686,489.7466674804688,483.3050018310547,466.2900012207031,455.2283335367839,0.295355038688936,-0.0065846209116377,0.0182516810758885,0.0201729106628241,-0.0070125348973343,Financial Services,8.0,0.648000000002497
2024-07-05,523.0999755859375,528.3499755859375,514.7999877929688,524.4500122070312,1560730,519.6200012207031,501.98499755859376,493.1299987792969,488.75,470.97,459.4216664632161,0.3272937140678119,0.0049951500210134,0.0025808386237859,0.0100363223953878,-0.015866924451051,Financial Services,8.0,0.6480000000012485
2024-07-08,511.6000061035156,526.0,507.20001220703125,523.0,1667183,519.7700012207031,506.0799987792969,495.85999959309896,490.8050003051758,475.4640002441406,463.3616668701172,0.1860255444155142,-0.0219842669071824,0.0222830214239242,0.0281469775697593,-0.0086004570836422,Financial Services,8.0,0.6480000000006243
2024-07-09,501.29998779296875,516.0,498.1000061035156,511.0,1993076,516.0899963378906,510.1999969482422,497.1633321126302,491.3724990844727,479.4840002441407,466.784999593099,0.0594978404646273,-0.0201329518914485,0.0193497156258404,0.0293237832934123,-0.0063833667811192,Financial Services,8.0,0.6480000000003121
2024-07-10,483.20001220703125,504.0,475.0,504.0,1928365,507.93999633789065,509.1649993896484,497.8299987792969,491.92749938964846,483.50800048828125,469.5866668701172,-0.1628462645075689,-0.0361060762551077,0.0430463312655231,0.0430463312655231,-0.0169702235096754,Financial Services,8.0,0.648000000000156
2024-07-11,498.3500061035156,508.8999938964844,485.95001220703125,486.0,3142404,503.50999755859374,511.0149993896485,499.3233317057292,493.1875,487.3460009765625,472.4933339436849,0.0232596126663853,0.0313534633976648,-0.0247817918175169,0.0211698357856091,-0.0248820984139983,Financial Services,8.0,0.6480000000000781
2024-07-12,490.75,507.8999938964844,487.0,503.45001220703125,1568123,497.0400024414063,508.3300018310547,500.3366658528646,494.1074996948242,490.4080004882812,475.31500040690105,-0.0701005439175986,-0.015250338136721,0.0258787818788206,0.0349464980060811,-0.0076413652572593,Financial Services,8.0,0.648000000000039
2024-07-15,487.5,498.54998779296875,480.8999938964844,494.3500061035156,1337928,492.2200012207031,505.9950012207031,501.459999593099,494.95,491.0880004882813,478.2566670735677,-0.1100242630258755,-0.0066225165562913,0.014051294571314,0.0226666416266025,-0.0135384740584936,Financial Services,8.0,0.6480000000000194
2024-07-16,484.54998779296875,491.95001220703125,482.0,489.0,634059,488.8700012207031,502.47999877929686,503.0899983723958,495.0899993896484,490.87199951171874,481.0483337402344,-0.1462628657087996,-0.0060513070913461,0.0091838041876757,0.0152719525342848,-0.0052625897373013,Financial Services,8.0,0.6480000000000097
2024-07-18,471.95001220703125,488.0,470.25,485.0,895300,486.6200012207031,497.2799987792969,501.65,495.0274993896484,490.8659997558594,484.0266672770183,-0.3010437537285275,-0.026003458679935,0.0276512076606199,0.0340078130688299,-0.0036021022630793,Financial Services,8.0,0.6480000000000048
2024-07-19,465.29998779296875,480.29998779296875,460.95001220703125,476.1000061035156,1344044,480.00999755859374,491.75999755859374,500.67999877929685,494.4949981689453,490.5519995117188,486.1233337402344,-0.3827341250424397,-0.0140905270517194,0.0232108716825332,0.0322372671255561,-0.009348754996901,Financial Services,8.0,0.6480000000000024
2024-07-22,465.54998779296875,472.0,455.75,458.20001220703125,627917,474.9699951171875,486.0049987792969,497.209999593099,493.9949981689453,490.2799987792969,487.834999593099,-0.3796630697264184,0.0005372877854259,-0.0157877258697427,0.0138546071875305,-0.0210503448607689,Financial Services,8.0,0.6480000000000012
2024-07-23,450.3500061035156,474.95001220703125,406.04998779296875,468.8999938964844,1924163,467.5399963378906,479.8799987792969,493.1766662597656,492.97999877929686,489.4679992675781,487.1633331298828,-0.5663830080097042,-0.0326495158157164,0.0411901577474496,0.0546241940049205,-0.0983679753750558,Financial Services,8.0,0.6480000000000006
2024-07-24,464.3999938964844,467.8500061035156,448.8999938964844,454.0,1019692,463.50999755859374,476.1899993896485,489.4899983723959,493.1949981689453,488.7739990234375,486.31166585286456,-0.39378984920318,0.0311979296159691,-0.0223944746622941,0.0074289669517098,-0.0333764000941286,Financial Services,8.0,0.6480000000000004
2024-07-25,453.0,458.95001220703125,449.1000061035156,457.45001220703125,710600,459.7199951171875,473.1699981689453,484.75999755859374,491.16749877929686,487.96599853515625,485.6749989827474,-0.5338298966368148,-0.0245477907973992,0.0098234265055876,0.0131346847837334,-0.0086092580496344,Financial Services,8.0,0.6480000000000001
2024-07-26,451.1499938964844,458.95001220703125,449.0,454.75,687218,456.8899963378906,468.4499969482422,480.13666381835935,489.7324981689453,486.9739978027344,484.94166564941406,-0.5565557809523088,-0.0040838986832574,0.0079796213060387,0.0172891907704126,-0.0047655855603927,Financial Services,8.0,0.6480000000000001
2024-07-29,445.3500061035156,462.3999938964844,443.20001220703125,456.0,1079688,452.85,463.9099975585938,474.9533325195313,486.1199996948242,485.76599853515626,484.0416656494141,-0.6278041143301302,-0.0128560076946372,0.0239137616493239,0.0382844674060827,-0.0048276498641938,Financial Services,8.0,0.6480000000000001
2024-07-30,438.45001220703125,449.8999938964844,436.6000061035156,447.1499938964844,1198165,450.4700012207031,459.0049987792969,470.0766662597656,482.5,484.4779992675781,482.9683329264323,-0.7125651660753817,-0.0154934182147076,0.0198425851231247,0.026114679828191,-0.0042194230858911,Financial Services,8.0,0.6480000000000001
2024-07-31,442.04998779296875,448.0,432.0,442.6000061035156,1473582,446.0,454.7549987792969,466.1266662597656,478.61749877929685,483.75599853515627,481.64499918619794,-0.6683422694324206,0.0082106864767006,0.0012442446006908,0.0134600438216003,-0.0227349577434567,Financial Services,8.0,0.6480000000000001
2024-08-01,456.79998779296875,479.29998779296875,444.0,444.6000061035156,5350111,446.75999755859374,453.2399963378906,464.3666646321615,475.25999755859374,482.2859985351562,481.0983317057292,-0.4871500057871639,0.033367267067787,-0.0267074912773036,0.0492556930850827,-0.028020989787701,Financial Services,8.0,0.6480000000000001
2024-08-02,450.54998779296875,469.79998779296875,448.1000061035156,454.8999938964844,1875542,446.6399963378906,451.7649963378906,461.1799967447917,471.7624969482422,481.1139978027344,480.2516642252604,-0.5639263886876964,-0.0136821369680785,0.0096548800829499,0.0427255588093491,-0.0054377577534835,Financial Services,8.0,0.6480000000000001
2024-08-05,424.8999938964844,436.45001220703125,420.20001220703125,431.1499938964844,1649972,442.5499938964844,447.6999969482422,456.7899963378906,466.8524978637696,477.4059985351562,478.5633310953776,-0.8790165891345454,-0.0569304063731786,0.0147093435862055,0.0271829100410878,-0.0110613832830465,Financial Services,8.0,0.6480000000000001
2024-08-06,430.8500061035156,436.75,421.79998779296875,430.75,1018619,441.0299926757813,445.7499969482422,453.013330078125,462.8149978637695,474.20599853515625,477.236664835612,-0.8059253226593656,0.0140033238232543,-0.0002321135014481,0.0136938466122868,-0.0210050323368743,Financial Services,8.0,0.6480000000000001
2024-08-07,440.54998779296875,442.1000061035156,420.20001220703125,424.0,1620329,440.72999267578126,443.3649963378906,450.0799967447917,459.7774978637696,471.03999755859377,476.5849975585937,-0.6867686013285484,0.0225135930185471,-0.037566651348419,0.0035183710214408,-0.0461922055380937,Financial Services,8.0,0.6480000000000001
2024-08-08,429.45001220703125,439.3999938964844,428.0,438.79998779296875,712558,435.25999755859374,441.00999755859374,447.2466634114583,457.0899978637696,467.25999755859374,474.4483317057292,-0.8231231574521484,-0.0251957232856712,0.0217719765285047,0.0231691265726554,-0.0033764400181975,Financial Services,8.0,0.6480000000000001
2024-08-09,423.0,437.0,421.25,437.0,611941,429.75,438.1949981689453,444.4266642252604,453.32249755859374,463.35999755859376,472.5533315022786,-0.9023565345593708,-0.0150192386161158,0.033096926713948,0.033096926713948,-0.0041371158392434,Financial Services,8.0,0.6480000000000001
2024-08-12,419.1499938964844,422.3999938964844,400.20001220703125,412.0,1393528,428.6,435.5749969482422,441.3333312988281,449.742497253418,459.2019982910156,469.2716654459636,-0.9496508614030352,-0.0091016692754506,-0.0170583180260052,0.0077537875398434,-0.0452105021242899,Financial Services,8.0,0.6480000000000001
2024-08-13,405.6499938964844,421.95001220703125,402.1000061035156,419.3500061035156,686267,423.55999755859375,432.2949951171875,438.3533304850261,445.6499969482422,454.9639978027344,465.76499837239584,-1.1154878484681854,-0.0322080405501187,0.0337729875832988,0.0401824690146708,-0.0087513567025336,Financial Services,8.0,0.6480000000000001
2024-08-14,401.29998779296875,411.1499938964844,396.75,409.0,678700,415.7099975585937,428.2199951171875,434.1466634114584,441.4874969482422,450.9639978027344,461.8183308919271,-1.1689242859438924,-0.0107235453444273,0.0191876711718308,0.0245452439649642,-0.0113381209353938,Financial Services,8.0,0.6480000000000001
2024-08-16,404.95001220703125,410.0,401.3500061035156,402.6499938964844,554839,410.80999755859375,423.0349975585938,430.9433308919271,438.1374969482422,447.8339978027344,457.8516642252605,-1.1240865784222358,0.0090955009346911,-0.0056797585904775,0.0124706448715623,-0.008890001222361,Financial Services,8.0,0.6480000000000001
2024-08-19,454.04998779296875,460.0,407.54998779296875,407.54998779296875,8139843,417.0199951171875,423.38499755859374,431.13666381835935,437.5749969482422,446.0619970703125,455.63666381835935,-0.5209316142633982,0.1212494730357856,-0.1024116314285694,0.0131043109062789,-0.1024116314285694,Financial Services,8.0,0.6480000000000001
2024-08-20,459.8999938964844,468.45001220703125,452.25,458.0,3134460,425.1699951171875,426.88499755859374,432.1066630045573,437.292497253418,444.8279968261719,453.5299977620443,-0.4490688448915634,0.0128840573963037,-0.0041313196818872,0.0185910381039737,-0.0166340378299858,Financial Services,8.0,0.6480000000000001
2024-08-21,464.54998779296875,472.0,452.3999938964844,454.95001220703125,1602004,436.9499938964844,430.25499572753904,433.84666137695314,438.00249633789065,443.9099963378906,451.9616638183594,-0.3919472909905036,0.0101108805353257,-0.0206651078208957,0.0160370517765493,-0.0261543304612014,Financial Services,8.0,0.6480000000000001
2024-08-22,467.75,469.6499938964844,459.0,465.04998779296875,966882,450.2399963378906,432.97499694824216,435.55999552408855,438.1699966430664,443.2379968261719,450.8433308919271,-0.3526376329915581,0.0068884130688156,-0.0057723403677846,0.0040619858823824,-0.0187065740245857,Financial Services,8.0,0.6480000000000001
2024-08-23,458.70001220703125,469.3999938964844,457.1000061035156,468.8999938964844,1011981,460.9899963378906,435.8999969482422,435.68666381835936,438.454997253418,442.7079968261719,450.0266642252604,-0.4638096854776563,-0.0193479161795163,0.0222367155395877,0.0233267525718394,-0.0034881318093217,Financial Services,8.0,0.6480000000000001
2024-08-26,460.1000061035156,478.0,455.1499938964844,459.0,1547227,462.2,439.60999755859376,436.3233317057292,438.9024978637696,442.49999755859375,448.7516642252604,-0.4466118506848735,0.0030520903841888,-0.0023907978459538,0.038904572177852,-0.0107585571427216,Financial Services,8.0,0.6480000000000001
2024-08-27,462.8500061035156,466.5,459.04998779296875,461.95001220703125,468928,462.7900024414063,443.97999877929686,438.8533325195313,439.7774978637696,442.3919982910156,447.82166442871096,-0.4128302422086392,0.005976961450814,-0.0019444612393136,0.0078859108746949,-0.0082100426929604,Financial Services,8.0,0.648
2024-08-27,462.8500061035156,466.5,459.04998779296875,461.95001220703125,468928,462.7900024414063,443.97999877929686,438.8533325195313,439.7774978637696,442.3919982910156,447.82166442871096,-0.4128302422086392,0.005976961450814,-0.0019444612393136,0.0078859108746949,-0.0082100426929604,Financial Services,8.0,0.648
2024-08-28,455.75,464.95001220703125,453.54998779296875,464.95001220703125,653104,461.0300048828125,448.98999938964846,440.5133321126302,440.642497253418,442.607998046875,446.7633310953776,-0.5000482881605806,-0.0153397558817957,0.0201865325442265,0.0201865325442265,-0.0048272346835572,Financial Services,8.0,0.5740000000000001
2024-08-29,450.8999938964844,460.0,444.04998779296875,455.0,747396,457.6600036621094,453.95,441.2033325195313,441.0849975585937,442.067998046875,445.6416646321615,-0.5596268362683302,-0.01064181262428,0.00909293891997,0.0201818723146951,-0.0151918522870688,Financial Services,8.0,0.537
2024-08-30,456.29998779296875,464.3999938964844,449.04998779296875,452.20001220703125,1464585,457.17999877929685,459.0849975585937,442.9933308919271,441.05999755859375,442.19999755859374,445.1199971516927,-0.4932921164192065,0.0119760345300072,-0.0089852634135895,0.017751493140935,-0.0158886701598804,Financial Services,8.0,0.5185
2024-09-02,457.70001220703125,462.20001220703125,444.45001220703125,459.0,1423079,456.7,459.45,445.3066650390625,441.41749877929686,442.4619982910156,444.8666646321615,-0.4760939067417415,0.0030682105008026,0.002840261652387,0.0098317672711019,-0.0289490925204665,Financial Services,8.0,0.50925
2024-09-03,470.1000061035156,472.1499938964844,456.3999938964844,458.0,1747259,458.15,460.4700012207031,448.7033325195313,443.67749938964846,443.4519982910156,445.01833190917966,-0.3237696380440215,0.0270919675896261,-0.0257392170738479,0.0043607482798402,-0.0291427611766814,Financial Services,8.0,0.504625
2024-09-04,460.79998779296875,474.29998779296875,456.6000061035156,463.95001220703125,1306514,459.1599975585938,460.0950012207031,452.3799987792969,445.1749984741211,444.34599731445314,445.3666646321615,-0.4380131207308231,-0.0197830635817924,0.0068359906629984,0.029296875776102,-0.0091145438383564,Financial Services,8.0,0.5023124999999999
2024-09-05,468.8999938964844,474.70001220703125,458.8999938964844,462.20001220703125,1705335,462.75999755859374,460.2100006103516,456.8866658528646,446.5924987792969,445.41999755859376,445.5166646321615,-0.3385108535147966,0.0175781387111382,-0.0142887220658233,0.0123694143443031,-0.0213265091281013,Financial Services,8.0,0.50115625
2024-09-06,466.54998779296875,487.8500061035156,464.3500061035156,475.0,4209772,464.80999755859375,460.9949981689453,460.9933308919271,448.44749755859374,445.80999755859375,445.9683308919271,-0.3673788484623332,-0.0050117426617719,0.0181116974131847,0.0456543111517533,-0.0047154254571095,Financial Services,8.0,0.500578125
2024-09-09,467.0,471.29998779296875,450.75,469.6000061035156,1321810,466.6699951171875,461.68499755859375,461.8566650390625,450.6474975585937,446.467998046875,446.4966644287109,-0.3618507989396221,0.0009645530356994,0.005567464889755,0.0092076826401901,-0.034796573875803,Financial Services,8.0,0.5002890625
2024-09-10,470.25,476.70001220703125,465.04998779296875,471.0,1126303,466.6999938964844,462.4249969482422,462.5466654459635,453.2024978637695,448.2819982910156,447.3266642252604,-0.3219270798313451,0.0069593147751605,0.0015948963317384,0.0137161344115497,-0.0110579738586522,Financial Services,8.0,0.50014453125
2024-09-11,467.8999938964844,478.0,464.1000061035156,473.04998779296875,1737098,468.1199951171875,463.6399963378906,462.76999918619794,456.3149978637695,449.7639978027344,448.30833028157554,-0.3507950747788818,-0.0049973548187466,0.0110066124463847,0.0215858222595961,-0.0081213674771054,Financial Services,8.0,0.5000722656250001
2024-09-12,486.5,491.0,464.0,474.45001220703125,4009688,471.6399963378906,467.1999969482422,464.01999918619794,460.5749984741211,451.6019982910156,449.7899973551432,-0.1223084842899606,0.0397520973416182,-0.0247687313318987,0.0092497430626927,-0.0462487153134635,Financial Services,8.0,0.5000361328125
2024-09-13,521.4500122070312,530.0,475.75,480.1000061035156,11547446,482.6200012207031,473.7149993896484,468.2033325195313,466.3999984741211,455.2819982910156,451.9449981689453,0.3070251988436898,0.0718396962117805,-0.0792981208850723,0.0163965626480302,-0.0876402553211312,Financial Services,8.0,0.50001806640625
2024-09-16,506.6499938964844,522.7000122070312,505.0,520.0,2973049,490.55,478.60999755859376,471.3066650390625,469.0299987792969,458.627998046875,453.8149983723959,0.1252184992044196,-0.0283824296942787,0.0263495633363082,0.0316787101626336,-0.0032566740676236,Financial Services,8.0,0.5000090332031251
2024-09-17,515.7000122070312,520.4500122070312,495.8500061035156,511.8999938964844,6346918,499.64000244140624,483.1699981689453,474.8299987792969,471.8199996948242,462.48999877929685,456.8416656494141,0.2363909265751999,0.0178624660407988,-0.0073686605014493,0.0092107812440638,-0.0384913818763819,Financial Services,8.0,0.5000045166015625
2024-09-18,528.8499755859375,531.9000244140625,512.5499877929688,519.7999877929688,6530828,511.8299987792969,489.97499694824216,479.703330485026,475.03499908447264,467.417998046875,460.10833129882815,0.3979279863363018,0.0254992496948538,-0.0171125805252082,0.0057673233788952,-0.0308215723654127,Financial Services,8.0,0.5000022583007813
2024-09-19,495.95001220703125,533.9000244140625,482.0,531.0,12187663,513.7200012207031,492.67999877929685,482.7066650390625,476.4449996948242,471.2039990234375,461.9549987792969,-0.0062224433904827,-0.0622103902764765,0.0706724204663138,0.0765198331947802,-0.0281278593883931,Financial Services,8.0,0.5000011291503906
2024-09-20,530.3499755859375,560.5999755859375,525.0999755859375,549.0,45196738,515.4999938964844,499.05999755859375,487.6433308919271,480.0274978637696,476.2199975585938,465.3183308919271,0.4163543182324296,0.069361755282196,0.035165504426502,0.0570378078486368,-0.0098991236762097,Financial Services,8.0,0.5
2024-09-23,511.20001220703125,533.9000244140625,507.04998779296875,533.5,6294026,516.4099975585938,503.47999877929686,491.2099975585937,482.5824981689453,478.50599853515627,468.2583312988281,0.1811119308868165,-0.0361081630252723,0.043622823279467,0.0444053436325779,-0.0081182009291145,Financial Services,8.0,0.68045
2024-09-24,513.8499755859375,522.0,508.45001220703125,515.1500244140625,5613717,516.039990234375,507.8399963378906,494.1266621907552,485.1324966430664,480.6639978027344,471.4149973551432,0.2136646673750238,0.0051838093028703,0.0025300163275139,0.0158607079912169,-0.0105088326077056,Financial Services,8.0,0.8609
2024-09-25,499.1499938964844,518.7000122070312,497.0,516.0,3572716,510.0999938964844,510.9649963378906,496.6833292643229,487.3024963378906,482.047998046875,474.5316640218099,0.0330868397237806,-0.0286075360277888,0.0337574001994478,0.0391666203538034,-0.0043073102730123,Financial Services,8.0,0.6009
2024-09-26,489.0,501.25,487.29998779296875,500.0,2518815,508.7099914550781,511.2149963378906,498.023329671224,489.2074966430664,482.897998046875,477.4549977620443,-0.0915979311297476,-0.0203345567877324,0.0224948875255623,0.0250511247443763,-0.0034765075808409,Financial Services,8.0,0.4709
2024-09-27,477.79998779296875,496.45001220703125,476.20001220703125,491.04998779296875,1676690,498.1999938964844,506.8499938964844,498.773329671224,490.2824966430664,483.6619970703125,479.8833302815755,-0.2291813592413747,-0.0229039104438266,0.0277312690215916,0.0390331203234428,-0.0033486304454046,Financial Services,8.0,0.4059
2024-09-30,462.79998779296875,478.20001220703125,459.0,475.1499938964844,3314720,488.5199890136719,502.4649932861328,498.4933288574219,490.5374954223633,483.7699963378906,480.1749969482422,-0.4134446782026527,-0.0313938894584055,0.0266854071505298,0.0332757666816352,-0.0082108640734637,Financial Services,8.0,0.3733999999999999
2024-10-01,467.25,482.5,463.25,464.3999938964844,4041328,479.1999938964844,497.6199920654297,498.2933288574219,490.3949951171875,483.94599609375,480.4199971516927,-0.3587797436236007,0.0096154112454772,-0.0060995315217027,0.0326377742108079,-0.0085607276618512,Financial Services,8.0,0.3571499999999999
2024-10-03,455.6499938964844,464.8999938964844,450.0,450.0,2190100,470.4999938964844,490.2999938964844,497.4766621907552,490.13749542236326,483.9419958496094,480.1233306884766,-0.5012767852639255,-0.0248261232820024,-0.0123998550908966,0.0203006696453538,-0.0123998550908966,Financial Services,8.0,0.349025
2024-10-04,461.0,471.45001220703125,448.25,457.0,3040817,464.8999938964844,486.8049926757813,495.7766621907552,489.7424957275391,484.34599609375,479.89833068847656,-0.4355561265241332,0.0117414817846591,-0.0086767895878524,0.022668139277725,-0.0276572668112797,Financial Services,8.0,0.3449624999999999
2024-10-07,436.5,462.3999938964844,430.8500061035156,461.0,2256648,456.6399963378906,477.4199951171875,490.1133280436198,488.2399963378906,483.5539965820312,479.1583302815755,-0.7365195474942207,-0.0531453362255965,0.0561282932416953,0.0593356103012241,-0.0129438577239046,Financial Services,8.0,0.3429312499999999
2024-10-08,458.54998779296875,461.0,432.54998779296875,439.54998779296875,2081498,455.7899963378906,472.1549926757813,486.9066609700521,487.81749572753904,483.58799560546873,479.1066630045573,-0.4656526185750148,0.0505154359518184,-0.0414349591228826,0.0053429555604684,-0.0567004703786815,Financial Services,8.0,0.3419156249999999
2024-10-09,453.5,462.0,445.79998779296875,460.0,2112071,453.0399963378906,466.1199951171875,482.75999348958334,486.9799957275391,482.92399536132814,478.7949961344401,-0.5276877860047723,-0.0110129493564587,0.014332965821389,0.0187431091510474,-0.0169790787365627,Financial Services,8.0,0.3414078124999999
2024-10-10,454.6000061035156,473.75,453.0,455.0,2488652,452.8299987792969,461.6649963378906,477.80999552408855,486.31499633789065,482.67599609375,478.7566630045573,-0.5141750676373421,0.0024255922900013,0.0008798809747339,0.0421249310149014,-0.0035195910295506,Financial Services,8.0,0.3411539062499999
2024-10-11,469.54998779296875,472.8500061035156,461.75,461.79998779296875,3271397,454.5399963378906,459.7199951171875,476.0499938964844,485.4674957275391,482.7019958496094,479.3783294677734,-0.3305261846700776,0.0328860129536577,-0.0165051649483102,0.0070280447158734,-0.0166116238861619,Financial Services,8.0,0.341026953125
2024-10-14,471.45001220703125,477.25,463.20001220703125,471.8500061035156,1556716,461.5299987792969,459.0849975585937,472.123329671224,482.9674957275391,482.8979968261719,479.8833302815755,-0.30718586436057,0.004046479530312,0.0008484333145137,0.0123024448887314,-0.0174992041285113,Financial Services,8.0,0.3409634765625
2024-10-15,477.3500061035156,479.0,466.95001220703125,470.70001220703125,1002232,465.2900024414063,460.5399993896484,469.8666625976563,481.50249633789065,483.3119970703125,480.538330078125,-0.2347090338794038,0.012514569400188,-0.0139310648611206,0.0034565703894147,-0.0217869357148998,Financial Services,8.0,0.34093173828125
2024-10-16,468.95001220703125,482.3999938964844,466.79998779296875,482.3999938964844,1180361,468.3800048828125,460.7100006103516,466.8733317057292,479.1649963378906,483.25999755859374,480.4999969482422,-0.3378964175207831,-0.0175971379262175,0.0286810562732542,0.0286810562732542,-0.0045847624652866,Financial Services,8.0,0.340915869140625
2024-10-17,460.0,471.0,455.54998779296875,471.0,826643,469.4600036621094,461.1450012207032,464.2633321126302,475.7224975585938,482.9439978027344,480.47333068847655,-0.4478403477882184,-0.0190852158525587,0.0239130434782608,0.0239130434782608,-0.0096739395805026,Financial Services,8.0,0.3409079345703125
2024-10-18,450.45001220703125,457.1499938964844,444.75,456.0,1282269,465.6400085449219,460.0900024414062,461.6933329264323,473.44749755859374,481.5019982910157,479.85833129882815,-0.5651545109063593,-0.0207608430281929,0.0123209848874816,0.0148739738214809,-0.0126540394107292,Financial Services,8.0,0.3409039672851562
2024-10-21,436.6499938964844,457.20001220703125,433.8999938964844,452.3500061035156,1346254,458.6800048828125,460.10500183105466,458.95,468.7624984741211,478.10999755859376,478.861664835612,-0.7346769892815442,-0.0306360704552589,0.0359555992820035,0.0470629075868453,-0.0062979503914797,Financial Services,8.0,0.3409019836425781
2024-10-22,417.95001220703125,438.3500061035156,413.75,438.0,1518145,446.8000061035156,456.0450042724609,455.9600016276042,464.0999984741211,474.5619982910157,477.226665242513,-0.9643917019891282,-0.0428260207279111,0.0479722148758714,0.0488096501989794,-0.0100490778427129,Financial Services,8.0,0.3409009918212891
2024-10-23,420.04998779296875,425.6000061035156,415.5,418.95001220703125,1382706,437.0200012207032,452.7000030517578,452.8133341471354,459.40999908447264,470.73599731445313,475.5533315022786,-0.9385951372422948,0.0050244659040643,-0.0026186778190782,0.0132127567476143,-0.0108320150581966,Financial Services,8.0,0.3409004959106445
2024-10-24,407.1499938964844,428.8500061035156,391.25,406.6000061035156,11982378,426.45,447.9550018310547,449.5800008138021,454.8099990844727,465.867998046875,473.52833150227866,-1.0970615165720576,-0.0307106160489699,-0.0013508235323922,0.053297341354126,-0.0390519320516724,Financial Services,8.0,0.3409
2024-10-24,407.1499938964844,428.8500061035156,391.25,406.6000061035156,11982378,426.45,447.9550018310547,449.5800008138021,454.8099990844727,465.867998046875,473.52833150227866,-1.0970615165720576,-0.0307106160489699,-0.0013508235323922,0.053297341354126,-0.0390519320516724,Financial Services,8.0,0.3409
2024-10-25,397.45001220703125,412.3999938964844,395.20001220703125,403.54998779296875,2754288,415.85,440.74500427246096,445.3433349609375,450.2324996948242,461.927998046875,470.5599985758464,-1.2162182379028748,-0.023824098820739,0.0153477805977775,0.0376147470884105,-0.0056610892713421,Financial Services,8.0,0.5159
2024-10-28,408.0,412.95001220703125,397.45001220703125,401.95001220703125,1686566,410.1200012207031,434.4000030517578,443.4433349609375,446.7425003051758,457.0339990234375,466.77833150227866,-1.0866198535206488,0.0265441878700289,-0.0148284014533547,0.0121323828603707,-0.0258578132180606,Financial Services,8.0,0.6033999999999999
2024-10-29,423.8999938964844,427.0,401.5,406.95001220703125,1999115,411.30999755859375,429.0550018310547,441.1333353678385,444.7975006103516,453.5419982910156,464.0199981689453,-0.8913008103986305,0.0389705732756969,-0.0399858030986248,0.0073130600333828,-0.0528426379311399,Financial Services,8.0,0.6471499999999999
2024-10-30,421.54998779296875,427.20001220703125,418.1000061035156,420.1000061035156,1189414,411.60999755859376,424.3149993896485,439.0033345540365,442.5125,449.84999877929687,460.8816640218099,-0.9201688053461672,-0.0055437747991322,-0.0034396435332486,0.0134029761064478,-0.0081840393532344,Financial Services,8.0,0.669025
2024-10-31,436.79998779296875,439.0,418.1499938964844,420.0,1589964,417.5399963378906,421.9949981689453,437.81666666666666,441.5699996948242,447.3559985351562,457.8133310953776,-0.7328344310688679,0.0361760181273912,-0.0384615115899029,0.0050366581238872,-0.0426968736668645,Financial Services,8.0,0.6799625
2024-11-01,453.3500061035156,456.29998779296875,437.8999938964844,438.0,1240926,428.7199951171875,422.2849975585938,436.7366678873698,441.1875,445.92999877929685,456.3933308919271,-0.5295303442174486,0.0378892371178158,-0.0338590623069511,0.0065070732320218,-0.0340796558928544,Financial Services,8.0,0.6854312499999999
2024-11-04,448.3500061035156,463.25,441.1000061035156,460.8999938964844,1970771,436.7899963378906,423.4549987792969,435.1966674804688,441.7800003051758,444.75199951171874,453.6599985758464,-0.5909514505378746,-0.0110290061380485,0.0279914968710208,0.0332329512515814,-0.0161704023671321,Financial Services,8.0,0.6881656249999999
2024-11-05,448.25,452.0,442.0,448.3500061035156,1004024,441.6599975585938,426.48499755859376,433.2566670735677,441.26500091552737,444.17,451.561664835612,-0.5921799476412195,-0.0002230536459333,0.0002231034099624,0.0083658672615727,-0.0139431121026213,Financial Services,8.0,0.6895328125
2024-11-06,457.04998779296875,475.29998779296875,450.6499938964844,451.0,4209037,448.75999755859374,430.18499755859375,432.4633321126302,441.44250030517577,443.7619995117187,449.6683319091797,-0.4840789504711426,0.0196318746078499,-0.0132370374238128,0.0399299868448235,-0.0140028313475929,Financial Services,8.0,0.69021640625
2024-11-07,454.0,465.70001220703125,448.20001220703125,459.6000061035156,1814293,452.2,434.8699981689453,432.06333211263023,441.4125,443.69599975585936,448.1633321126302,-0.5215456753727297,-0.0066732039698692,0.0123348152059814,0.0257709519978661,-0.0127753035087417,Financial Services,8.0,0.6905582031249999
2024-11-08,442.8999938964844,455.5,440.8500061035156,453.95001220703125,944994,450.10999755859376,439.4149963378906,431.55999755859375,440.08000030517576,442.9719995117188,446.626665242513,-0.6579006063810118,-0.0244493526509154,0.0249492401508804,0.028448873960609,-0.0046285568327369,Financial Services,8.0,0.6907291015624999
2024-11-11,441.3500061035156,448.45001220703125,439.1499938964844,442.8999938964844,873044,448.7099975585937,442.7499969482422,431.8733317057292,438.575,443.1659997558594,445.4116658528646,-0.676940999386471,-0.0034996338097286,0.0035119242586012,0.0160870193844528,-0.0049847336050908,Financial Services,8.0,0.69081455078125
2024-11-12,433.1000061035156,444.6499938964844,430.04998779296875,442.45001220703125,464898,445.67999877929685,443.6699981689453,432.8833312988281,436.3625,442.1480004882813,444.4216664632161,-0.7782858248151738,-0.0186926473001226,0.0215885614679045,0.0266681773959804,-0.0070422956997555,Financial Services,8.0,0.690857275390625
2024-11-13,420.25,434.8500061035156,417.0,433.70001220703125,769829,438.3200012207032,443.5399993896484,432.8966654459636,433.92749938964846,440.81800048828126,442.8549997965495,-0.936138143035605,-0.0296698358864588,0.032004788119051,0.0347412399845701,-0.007733491969066,Financial Services,8.0,0.6908786376953124
2024-11-14,422.1499938964844,431.8500061035156,420.04998779296875,425.0,669924,431.95,442.075,433.8966654459636,432.03499908447264,439.52,441.7383331298828,-0.9127981976107796,0.0045211038583804,0.0067511693585726,0.0229776438405202,-0.0049745496479399,Financial Services,8.0,0.6908893188476561
2024-11-18,417.6000061035156,423.3500061035156,413.45001220703125,422.1499938964844,645666,426.89000244140624,438.5,435.2399983723959,430.3924987792969,437.4420007324219,440.2916666666667,-0.9686912544084944,-0.0107781306615024,0.0108955644790889,0.0137691568868767,-0.0099377247026564,Financial Services,8.0,0.6909
2024-11-19,416.29998779296875,428.8500061035156,413.54998779296875,418.0,955715,421.8799987792969,435.2949981689453,435.7933308919271,429.374998474121,435.2359997558594,439.6183329264323,-0.9846609669826144,-0.0031130706215186,0.0040836230047565,0.0301465738134687,-0.0066058133092418,Financial Services,8.0,0.59545
2024-11-21,408.20001220703125,414.8500061035156,404.0,414.0,692490,416.9,431.2899993896484,434.7466654459635,428.8874984741211,432.47,437.94000040690105,-1.084162859313959,-0.0194570641927708,0.0142086908856511,0.0162910183675144,-0.0102891035801857,Financial Services,8.0,0.547725
2024-11-22,408.5,411.54998779296875,403.1000061035156,409.95001220703125,1059196,414.55,426.4350006103516,433.8766662597656,428.3099990844727,430.0519995117188,436.44000040690105,-1.080477742888606,0.0007349039294408,0.0035496014860005,0.0074663103867043,-0.0132190793059593,Financial Services,8.0,0.5238625
2024-11-25,413.45001220703125,420.79998779296875,410.8999938964844,419.0,772873,412.81000366210935,422.3800018310547,432.3200012207032,428.625,428.19,435.0683339436849,-1.0196706976775116,0.0121175329425489,0.0134236005057599,0.017777180720597,-0.0061676580850358,Financial Services,8.0,0.51193125
2024-11-26,411.3999938964844,416.0,409.3500061035156,412.04998779296875,567011,411.5700012207032,419.23000183105466,429.5233337402344,429.3224990844727,426.6279992675781,433.1300008138021,-1.0448535761996955,-0.0049583220462461,0.0015799560187839,0.0111813470387971,-0.0049829553315077,Financial Services,8.0,0.505965625
2024-11-27,420.25,423.70001220703125,409.3999938964844,412.1000061035156,999828,412.36000366210936,417.1200012207031,427.65,429.9349990844727,425.9719995117188,431.4233337402344,-0.936138143035605,0.0215119257044579,-0.0193932037988919,0.0082094282142326,-0.0258179800202632,Financial Services,8.0,0.5029828125
2024-11-28,421.45001220703125,434.29998779296875,418.6000061035156,425.0,1560609,415.0100036621094,415.9550018310547,425.8633341471354,429.8125,426.1119995117188,429.5600006103516,-0.92139692756483,0.0028554722356484,0.0084232713018046,0.0304899162741634,-0.0067623823014996,Financial Services,8.0,0.50149140625
2024-11-29,420.3999938964844,430.8500061035156,413.79998779296875,422.1000061035156,1682631,417.39000244140624,415.9700012207031,423.4200012207031,429.75500030517577,426.12599975585937,427.94166666666666,-0.9342955848229288,-0.0024914421168199,0.0040437969355675,0.0248573081797056,-0.0156993487139316,Financial Services,8.0,0.500745703125
2024-12-02,428.95001220703125,433.0,416.1000061035156,420.3999938964844,1233051,420.4900024414063,416.6500030517578,421.7500020345052,429.3625015258789,426.99800048828126,426.9066670735677,-0.829265268084191,0.0203378173993317,-0.01993243517247,0.009441631140493,-0.0299568848066931,Financial Services,8.0,0.5
2024-12-03,433.79998779296875,435.45001220703125,426.3500061035156,429.5,1279240,424.9700012207031,418.2700012207032,421.1433349609375,428.38500061035154,428.4519995117187,426.3516662597656,-0.7696870948611235,0.0113066218624949,-0.0099123741677487,0.0038036525138169,-0.0171737710905806,Financial Services,8.0,0.431125
2024-12-04,437.79998779296875,449.8999938964844,431.6499938964844,435.5,2465664,428.47999877929686,420.4200012207031,420.9066670735677,427.8574996948242,429.6439990234375,426.3899993896485,-0.7205502098047827,0.00922083935583,-0.0052535126932355,0.0276382056667339,-0.0140474967290146,Financial Services,8.0,0.3966874999999999
2024-12-05,434.75,441.6000061035156,433.0,440.0,1015092,431.1399963378906,423.075,421.01666666666665,427.1824996948242,430.07799926757815,426.9499989827474,-0.7580169347063697,-0.0069666237505951,0.0120759056929269,0.0157561957527674,-0.0040253018976422,Financial Services,8.0,0.3794687499999999
2024-12-06,434.6000061035156,442.79998779296875,431.0,434.0,1091183,433.97999877929686,425.6850006103516,421.9733337402344,426.0600006103516,430.6,427.43499959309895,-0.7598594929190461,-0.0003450118378018,-0.0013805938681296,0.0188678821313683,-0.0082834929888568,Financial Services,8.0,0.3708593749999999
2024-12-09,432.6000061035156,435.8500061035156,429.1499938964844,430.54998779296875,1205072,434.7099975585937,427.6,422.6700012207031,424.9900009155273,430.4320007324219,428.28333333333336,-0.7844279354472165,-0.0046019327471514,-0.0047388309792495,0.0075127137173971,-0.0079750627793696,Financial Services,8.0,0.3665546874999998
2024-12-10,442.75,448.1000061035156,431.6499938964844,433.04998779296875,4837569,436.5,430.7350006103516,424.3466674804688,424.9825012207031,430.00800048828125,429.7933329264323,-0.6597431645936881,0.0234627687315742,-0.0219085538272868,0.012083582390775,-0.0250705953777879,Financial Services,8.0,0.3644023437499999
2024-12-11,445.1000061035156,454.3999938964844,441.70001220703125,446.45001220703125,2785013,437.9600036621094,433.2200012207031,426.2666687011719,425.1700012207031,429.87800048828126,431.0299997965495,-0.6308751696461514,0.0053077495279856,0.0030330399573206,0.0208941533710198,-0.0076387190515868,Financial Services,8.0,0.3633261718749999
2024-12-12,433.54998779296875,449.04998779296875,432.1499938964844,448.1499938964844,1666617,437.7200012207031,434.42999877929685,427.9566670735677,425.19250030517577,429.29,431.3516662597656,-0.7727581501771448,-0.0259492656755001,0.0336754849834928,0.0357513560982998,-0.0032291406663651,Financial Services,8.0,0.3627880859374999
2024-12-13,436.1499938964844,439.8999938964844,415.3999938964844,433.0,3510631,438.0299987792969,436.0049987792969,429.8,425.9875,428.4540002441406,431.8383331298828,-0.7408190999135869,0.0059970157460993,-0.0072222720178048,0.0085979595379519,-0.0475753761100012,Financial Services,8.0,0.3625190429687499
2024-12-16,426.8999938964844,438.3500061035156,425.8500061035156,438.3500061035156,1323055,436.8899963378906,435.7999969482422,430.6966654459636,426.225,427.37,431.5083333333333,-0.8544481466063749,-0.021208300193615,0.0268212985962414,0.0268212985962414,-0.0024595638509739,Financial Services,8.0,0.3623845214843749
2024-12-17,416.3999938964844,428.6499938964844,415.20001220703125,427.54998779296875,3477904,431.6199951171875,434.05999755859375,431.0299987792969,426.1649993896484,426.31,430.2766662597657,-0.9834324698792696,-0.0245959244556608,0.0267771231025912,0.0294188284811678,-0.0028818004491888,Financial Services,8.0,0.3623172607421874
2024-12-18,426.6499938964844,438.0,413.25,419.0,5131747,427.9299926757813,432.9449981689453,431.4566650390625,426.6824996948242,425.7219995117188,429.5533325195312,-0.8575192019223963,0.0246157544434261,-0.0179303738566101,0.0266026163503694,-0.0314074629981959,Financial Services,8.0,0.3622836303710937
2024-12-19,419.6499938964844,432.54998779296875,418.5,419.79998779296875,1992524,425.1499938964844,431.43499755859375,431.3366638183594,427.2549987792969,425.1839990234375,428.5999989827474,-0.9435087507709926,-0.0164068911288871,0.0003574261853114,0.030739888202325,-0.0027403643827242,Financial Services,8.0,0.3622668151855468
2024-12-20,407.25,423.54998779296875,405.0,421.70001220703125,1650941,419.3699951171875,428.6999969482422,430.4599975585937,427.1924987792969,424.6639990234375,426.9399993896485,-1.0958330194687127,-0.0295484191036187,0.0354819207048036,0.040024524967388,-0.005524861878453,Financial Services,8.0,0.3622584075927734
2024-12-23,408.1000061035156,412.75,401.6499938964844,410.95001220703125,900146,415.60999755859376,426.2499969482422,429.0699971516927,426.9249984741211,424.1019995117188,425.409999593099,-1.085391356417304,0.0020871850301181,0.0069835973067657,0.011394250984904,-0.0158049794426986,Financial Services,8.0,0.3622542037963866
2024-12-24,414.6000061035156,419.70001220703125,405.8999938964844,409.0,833667,415.25,423.43499755859375,427.7899983723958,427.0849990844727,423.9819995117188,424.4666666666666,-1.00554391820075,0.0159274685194473,-0.0135070092162937,0.0123010275649688,-0.0209841101759633,Financial Services,8.0,0.3622521018981932
2024-12-26,409.8500061035156,416.54998779296875,408.5,415.79998779296875,519804,411.89000244140624,419.9099975585938,425.9266662597656,426.5649993896485,423.7240002441406,423.4166666666667,-1.0638939692051548,-0.0114568256875858,0.0145174615123717,0.0163473992672356,-0.0032939028508265,Financial Services,8.0,0.3622510509490966
2024-12-27,412.20001220703125,414.45001220703125,409.6000061035156,411.54998779296875,449390,410.4000061035157,417.775,424.4233337402344,426.1024993896484,423.8840002441406,422.7200002034505,-1.035025974257618,0.0057338198573116,-0.001576963597313,0.0054585151221924,-0.0063076322817035,Financial Services,8.0,0.3622505254745483
2024-12-30,413.0,419.29998779296875,407.0,412.20001220703125,1101826,411.5500061035156,415.4600006103516,422.98333333333335,425.7324996948242,424.06400024414063,422.4783335367839,-1.0251987472002229,0.0019407757624396,-0.0019370164478662,0.0152542077311592,-0.0145278450363196,Financial Services,8.0,0.3622502627372741
2024-12-31,413.5,417.29998779296875,407.45001220703125,413.0,737726,412.6300048828125,414.1200012207031,421.709999593099,424.9599990844727,424.06599975585937,422.19000040690105,-1.01905663656818,0.0012106537530266,-0.0012091898428052,0.0091898132840839,-0.014631167576708,Financial Services,8.0,0.362250131368637
2025-01-01,418.25,424.29998779296875,413.5,413.54998779296875,883758,413.36000366210936,414.3050018310547,420.0766662597656,424.1824996948242,424.34,422.2116668701172,-0.9607065855637756,0.0114873035066505,-0.0112373274525552,0.0144650036891063,-0.0113568439928272,Financial Services,8.0,0.3622500656843185
2025-01-02,431.5,433.29998779296875,417.29998779296875,419.0,1865742,417.6900024414063,414.7900024414063,419.1699991861979,423.8675003051758,424.79,422.7183339436849,-0.7979406538146466,0.031679617453676,-0.0289687137891078,0.0041714664958718,-0.0329084871541859,Financial Services,8.0,0.3622500328421592
2025-01-03,421.0,440.45001220703125,420.20001220703125,432.79998779296875,2528480,419.45,414.9250030517578,418.3333333333333,423.1800003051758,424.7719995117188,423.14500020345054,-0.9269249770875412,-0.0243337195828505,0.0280284745676218,0.0461995539359412,-0.0019002085343675,Financial Services,8.0,0.3622499999999999
2025-01-03,421.0,440.45001220703125,420.20001220703125,432.79998779296875,2528480,419.45,414.9250030517578,418.3333333333333,423.1800003051758,424.7719995117188,423.14500020345054,-0.9269249770875412,-0.0243337195828505,0.0280284745676218,0.0461995539359412,-0.0019002085343675,Financial Services,8.0,0.3622499999999999
2025-01-06,404.45001220703125,424.8500061035156,401.29998779296875,422.20001220703125,1617044,417.7400024414063,414.64500427246094,416.2200012207031,421.6725006103516,424.1340002441406,423.01000061035154,-1.1302286890542783,-0.0393111349001633,0.0438867584726738,0.0504388509847342,-0.0077884146841119,Financial Services,8.0,0.3622499999999999
2025-01-07,421.3999938964844,423.20001220703125,405.95001220703125,405.95001220703125,1124136,419.3200012207032,415.9750030517578,415.8533345540365,421.1125,423.8319995117188,423.275,-0.9220113635588436,0.0419087184519028,-0.0366634596896752,0.0042715195458427,-0.0366634596896752,Financial Services,8.0,0.3622499999999999
2025-01-08,434.6000061035156,438.0,416.3500061035156,423.45001220703125,3163396,422.5900024414062,417.9750030517578,417.0666687011719,420.70500030517576,423.86400024414064,424.0483337402344,-0.7598594929190461,0.0313241869915019,-0.0256557610213852,0.0078232716261732,-0.0419926363177571,Financial Services,8.0,0.3622499999999999
2025-01-09,429.29998779296875,436.5,424.3500061035156,433.5,1604937,422.15,419.9200012207031,417.2433349609375,419.9149993896484,423.5240002441406,424.35,-0.8249660905495069,-0.012195163911904,0.0097833969868563,0.0167715173812292,-0.0115303559986129,Financial Services,8.0,0.3622499999999999
