Price,Close,High,Low,Open,Volume,MA_5,MA_10,MA_15,MA_20,MA_25,MA_30,Normalised Close,Return Ratio,Percentage Change Open,Percentage Change High,Percentage Change Low,Sector,Sector Encoded,VADER Sentiment Score
Ticker,ITC.NS,ITC.NS,ITC.NS,ITC.NS,ITC.NS,,,,,,,,,,,,,,
Date,,,,,,,,,,,,,,,,,,,
2023-01-10,308.1936950683594,312.8156761827929,307.4079526368389,312.35347807134957,6949605,,,,,,,-2.727075468583155,,0.0134973007869856,0.0149970008744284,-0.0025495084555385,Fast Moving Consumer Goods,7.0,0.648
2023-01-11,306.71466064453125,309.76518515772585,306.25246252528973,309.76518515772585,4584293,,,,,,,-2.7612201859286927,-0.0047990417957773,0.0099458060034829,0.0099458060034829,-0.0015069319421192,Fast Moving Consumer Goods,7.0,0.648
2023-01-12,304.9120788574219,308.37856445559555,303.29438557827416,308.19367393956014,6638422,,,,,,,-2.80283425834072,-0.0058770643154827,0.010762430581416,0.0113688037914516,-0.0053054417693441,Fast Moving Consumer Goods,7.0,0.648
2023-01-13,303.8952941894531,307.1306813519264,301.7229571668679,304.91213579686934,14412671,,,,,,,-2.8263075626328606,-0.0033346814982826,0.0033460261703897,0.0106463878326996,-0.007148307539211,Fast Moving Consumer Goods,7.0,0.648
2023-01-16,305.2356872558594,307.0844799631381,302.78601435044465,305.3743410668377,8253942,305.790283203125,,,,,,-2.795363494227812,0.0044107068850188,0.0004542516382171,0.0060569349668768,-0.0080255127683065,Fast Moving Consumer Goods,7.0,0.648
2023-01-17,307.1307067871094,308.28620229797133,304.21886374180514,305.2357054334316,13712537,305.577685546875,,,,,,-2.7516154210143893,0.0062083812947518,-0.0061700159306811,0.0037622272385251,-0.0094807942708333,Fast Moving Consumer Goods,7.0,0.648
2023-01-17,307.1307067871094,308.28620229797133,304.21886374180514,305.2357054334316,13712537,305.577685546875,,,,,,-2.7516154210143893,0.0062083812947518,-0.0061700159306811,0.0037622272385251,-0.0094807942708333,Fast Moving Consumer Goods,7.0,0.648
2023-01-18,309.3492126464844,311.1055599545091,307.2693209950598,308.74836070036224,12555527,306.10459594726564,,,,,,-2.700399401780897,0.0072233280826354,-0.0019423096020896,0.0056775554493873,-0.0067234425251355,Fast Moving Consumer Goods,7.0,0.5740000000000001
2023-01-19,307.0382080078125,310.27359487451304,306.57600988399815,308.7483467079926,8346130,306.5298217773437,,,,,,-2.753750830862204,-0.0074705366756915,0.0055697911711904,0.0105374079913149,-0.0015053439987592,Fast Moving Consumer Goods,7.0,0.537
2023-01-20,309.3030090332031,309.85765245780084,304.35748316357285,306.8995730001707,13103664,307.6113647460937,,,,,,-2.7014660499199903,0.0073762840139198,-0.0077704903051054,0.0017932041021242,-0.0159892588342047,Fast Moving Consumer Goods,7.0,0.5185
2023-01-23,312.2148742675781,312.58462717386584,307.870200040267,310.59718061852334,7124807,309.0072021484375,307.39874267578125,,,,,-2.634243263368008,0.0094142803313705,-0.0051813471502589,0.0011842898489544,-0.0139156542029051,Fast Moving Consumer Goods,7.0,0.50925
2023-01-24,313.32415771484375,314.98805987981683,312.0762169859448,312.2610793318651,12302874,310.2458923339844,307.9117889404297,,,,,-2.6086345492280523,0.0035529487500167,-0.0033929027073174,0.0053104815699764,-0.0039829061952978,Fast Moving Consumer Goods,7.0,0.504625
2023-01-25,313.6014404296875,315.2191339322725,309.90385528092185,313.27789608710333,12497542,311.096337890625,308.6004669189453,,,,,-2.602233251347075,0.0008849707499927,-0.0010317055372605,0.0051584377302873,-0.0117907148120854,Fast Moving Consumer Goods,7.0,0.5023124999999999
2023-01-27,319.8411560058594,322.47569140115473,315.68137218497395,315.95867982223047,21040139,313.65692749023435,310.09337463378904,,,,,-2.4581843223752258,0.0198969608290778,-0.0121387636041365,0.0082370118598718,-0.0130057803468207,Fast Moving Consumer Goods,7.0,0.50115625
2023-01-30,318.7318115234375,325.1563766605661,316.00485954800723,320.6730492649704,14091519,315.5426879882813,311.5770263671875,,,,,-2.4837944455616,-0.0034684231894207,0.0060905051562138,0.0201566486458355,-0.008555631652819,Fast Moving Consumer Goods,7.0,0.500578125
2023-01-31,325.7110595703125,328.1607042557881,315.26536388892555,319.8411371056414,17134291,318.24192504882814,313.6245635986328,311.0131368001302,,,,-2.3226728056553774,0.0218969296271884,-0.0180218702810242,0.0075209134399896,-0.0320704359721994,Fast Moving Consumer Goods,7.0,0.5002890625
2023-02-01,334.0768127441406,338.05173370758814,304.21882393454365,326.3118895692622,64518967,322.3924560546875,316.3191741943359,312.7386779785156,,,,-2.129542562774641,0.0256845843210373,-0.02324292761026,0.0118982246352181,-0.0893746218551968,Fast Moving Consumer Goods,7.0,0.50014453125
2023-02-02,349.9764709472656,355.6152944402623,333.15244574724386,334.2617326741849,55745171,329.66746215820314,320.38190002441405,315.6227986653646,,,,-1.762485970656099,0.0475928217601323,-0.0449022708027953,0.016112007409339,-0.0480718751020173,Fast Moving Consumer Goods,7.0,0.5000722656250001
2023-02-03,351.8714599609375,353.35049974188536,343.8754372896831,353.0269553819378,22295321,336.0735229492187,324.86522521972654,318.7534240722656,,,,-1.718738601965886,0.0054146183271772,0.0032838566138002,0.0042033525001206,-0.0227242717330415,Fast Moving Consumer Goods,7.0,0.5000361328125
2023-02-06,354.4135437011719,358.85066296656953,350.9008489667769,353.5815926546401,25790153,343.2098693847656,329.37627868652345,322.1213073730469,,,,-1.6600525231426952,0.007224466970173,-0.0023474019582989,0.01251960977298,-0.0099112880893648,Fast Moving Consumer Goods,7.0,0.50001806640625
2023-02-07,345.0309143066406,354.8757291263704,340.59382341081016,354.8757291263704,20643707,347.07384033203124,332.6578826904297,324.7743225097656,320.02831268310547,,,-1.8766581838852008,-0.0264736761934874,0.0285331383696834,0.0285331383696834,-0.012859980691142,Fast Moving Consumer Goods,7.0,0.5000090332031251
2023-02-08,347.15704345703125,348.77473709515414,343.4594579984647,346.41753764945327,10420462,349.6898864746093,336.0411712646484,327.4427449544271,321.9764801025391,,,-1.827574756406685,0.006162141020503,-0.0021301765915906,0.0046598323975042,-0.0106510454800097,Fast Moving Consumer Goods,7.0,0.5000045166015625
2023-02-09,345.955322265625,351.2706010980294,344.01408435433166,345.7242231859552,11861196,348.8856567382812,339.2765594482422,329.8831522623698,323.9385131835937,,,-1.855317471348037,-0.0034616068262345,-0.0006680026720107,0.0153640614562458,-0.0056112387535488,Fast Moving Consumer Goods,7.0,0.5000022583007813
2023-02-10,343.2745666503906,348.45119149710735,342.30393362331733,344.0603091360207,10278597,347.16627807617186,341.6199005126953,332.2989095052083,325.8566375732422,,,-1.9172049036349257,-0.0077488491799414,0.002288962136919,0.0150801292890099,-0.0028275704679916,Fast Moving Consumer Goods,7.0,0.5000011291503906
2023-02-13,345.9090881347656,346.7872476463202,342.02661259950224,344.799801350309,9901148,345.46538696289065,344.33762817382814,334.73931477864585,327.9573272705078,,,-1.85638482401034,0.0076746771835798,-0.0032068737784202,0.0025387003165771,-0.0112239766702827,Fast Moving Consumer Goods,7.0,0.5000005645751953
2023-02-14,357.2329406738281,358.3421992432092,345.49309706145226,346.64859236935007,29125052,347.9057922363281,347.4898162841797,337.7405192057292,330.55718994140625,325.60380859375,,-1.594964441915318,0.032736499061426,-0.0296287018899024,0.0031051407725413,-0.0328632728836026,Fast Moving Consumer Goods,7.0,0.5000002822875976
2023-02-15,358.8761901855469,359.4865180917841,355.44890914429607,358.4536400514854,12209350,350.24962158203124,349.9697540283203,340.77732137044273,333.14446411132815,327.6311083984375,,-1.5570286851797803,0.0045999383724781,-0.0011774259357885,0.0017006642483627,-0.0095500374083854,Fast Moving Consumer Goods,7.0,0.5000001411437989
2023-02-16,359.20477294921875,361.7400161925453,357.7493735739384,358.68834830772823,9775280,352.89951171875,350.8925842285156,343.8175435384115,335.63724212646486,329.730712890625,,-1.549443083783734,0.0009155880848545,-0.0014376886956442,0.0070579330628353,-0.0040517261597916,Fast Moving Consumer Goods,7.0,0.5
2023-02-16,359.20477294921875,361.7400161925453,357.7493735739384,358.68834830772823,9775280,352.89951171875,350.8925842285156,343.8175435384115,335.63724212646486,329.730712890625,,-1.549443083783734,0.0009155880848545,-0.0014376886956442,0.0070579330628353,-0.0040517261597916,Fast Moving Consumer Goods,7.0,0.5
2023-02-17,360.0029296875,361.0827449677498,356.1061900299532,357.79633319423675,7672135,356.24518432617185,351.7057312011719,346.4949951171875,338.28547821044924,331.9343469238281,,-1.5310169837640248,0.0022220103918109,-0.0061293848224476,0.0029994624798945,-0.0108241887390454,Fast Moving Consumer Goods,7.0,0.6562250000000001
2023-02-20,360.6132507324219,363.8527251669706,358.03107010220464,361.2236072601166,7804976,359.18601684570314,352.32570190429686,349.28709106445314,340.85099029541016,334.20306518554685,,-1.5169272240984226,0.0016953224393247,0.0016925515811052,0.0089832373823457,-0.007160526200778,Fast Moving Consumer Goods,7.0,0.7343375000000001
2023-02-21,358.923095703125,362.3503477858554,358.4066710562937,361.5052762477518,8259574,359.5240478515625,353.7149200439453,351.5012268066406,343.1864013671875,336.3505615234375,331.25718180338544,-1.5559458330068705,-0.0046868910830761,0.0071942446043165,0.0095487086892986,-0.0014388169861837,Fast Moving Consumer Goods,7.0,0.7733937500000001
2023-02-22,360.42547607421875,361.4113881339696,356.8104174297386,358.6883669951583,8961077,359.8339050292969,355.04176330566406,353.25780436197914,345.5414672851563,338.4823522949219,332.9982411702474,-1.5212621554061103,0.0041858002148081,-0.0048196068102099,0.0027354116875684,-0.0100299753609418,Fast Moving Consumer Goods,7.0,0.792921875
2023-02-23,363.9466247558594,369.95605752264197,359.7212383120729,360.988859976256,18830592,360.782275390625,356.8408935546875,354.18914794921875,348.05872650146483,340.6662487792969,334.9059733072917,-1.4399735629776471,0.0097694222949865,-0.0081269191096016,0.0165118518981013,-0.0116099069379224,Fast Moving Consumer Goods,7.0,0.8026859375
2023-02-24,361.59918212890625,365.2611779246098,357.74937992101883,365.2611779246098,12910220,361.1015258789063,358.67335510253906,354.83766276041666,350.1466278076172,342.84868774414065,336.7955434163412,-1.494166192771026,-0.0064499639982313,0.0101272236683269,0.0101272236683269,-0.0106466009829496,Fast Moving Consumer Goods,7.0,0.8075679687499999
2023-02-27,358.8761901855469,363.19545146367983,355.02638766547227,361.59921145161604,8142319,360.7541137695313,359.9700653076172,355.1351725260417,352.15384674072266,344.8316149902344,338.62823994954425,-1.5570286851797803,-0.0075304151058302,0.0075876342330243,0.0120355192020396,-0.0107273834970332,Fast Moving Consumer Goods,7.0,0.810008984375
2023-02-28,353.7117919921875,360.80103973636443,352.1155234902711,359.1578339600765,16367477,359.7118530273437,359.6179504394531,355.7138977050781,353.5538833618164,346.4914916992187,340.2441101074219,-1.6762530343437814,-0.0143904731899022,0.0153968346297295,0.020042441062676,-0.0045129072257553,Fast Moving Consumer Goods,7.0,0.8112294921875001
2023-03-01,355.5897521972656,357.1859920921882,350.80097520202685,351.4113030634748,7766667,358.7447082519531,359.289306640625,356.2760782877604,354.62953033447263,348.18211547851564,341.8594116210937,-1.6328987896044365,0.0053092948767724,-0.0117507580237373,0.0044889929618585,-0.0134671400557746,Fast Moving Consumer Goods,7.0,0.8118397460937501
2023-03-02,352.6319885253906,356.5756943023505,351.8338828382393,356.34095059313233,5019603,356.4817810058594,358.6320281982422,356.7211893717448,354.7623062133789,349.74333740234374,343.3021708170573,-1.7011811790634177,-0.0083179103267131,0.0105179399159207,0.0111836302584213,-0.0022632821556796,Fast Moving Consumer Goods,7.0,0.812144873046875
2023-03-03,361.4583435058594,361.8808649525926,353.1484111906135,353.9934827393155,8180709,356.45361328125,358.77756958007814,357.9334411621094,355.241650390625,351.4080249023437,345.1161753336589,-1.4974175673825942,0.0250299328128968,-0.0206520637873252,0.0011689353816959,-0.0229900138274472,Fast Moving Consumer Goods,7.0,0.8122974365234374
2023-03-06,364.4630432128906,368.54758910342787,361.7400221709442,362.3503500269474,10714339,357.57098388671875,359.162548828125,359.170371500651,355.74412536621094,353.2372741699219,346.95484313964846,-1.4280516212274936,0.0083127136529428,-0.0057967281601968,0.0112070235010119,-0.0074713227929555,Fast Moving Consumer Goods,7.0,0.8123737182617188
2023-03-08,368.45367431640625,369.1579053562523,361.5991703239984,364.32219128035626,8917699,360.5193603515625,360.1156066894531,359.9184204101563,356.9152633666992,354.9469787597656,348.8294698079427,-1.3359246437449963,0.0109493436380725,-0.0112130325303856,0.0019113150144387,-0.0186034350318938,Fast Moving Consumer Goods,7.0,0.8124118591308593
2023-03-09,363.85272216796875,369.5804739770149,362.11561311818417,368.17201182668725,9634283,362.1719543457031,360.4583312988281,360.25018920898435,357.7500473022461,356.1380151367188,350.5137552897135,-1.4421413808930958,-0.0124871930154412,0.0118709834929435,0.015741951234879,-0.0047742092993952,Fast Moving Consumer Goods,7.0,0.8124309295654297
2023-03-10,364.3222351074219,366.3879912015694,360.096848360042,363.33632299512834,8362265,364.5100036621094,360.4958923339844,360.5913533528646,358.66839294433595,356.711845703125,352.20444844563804,-1.4313022913158524,0.001290392817884,-0.0027061541055896,0.0056701345542042,-0.0115979381443299,Fast Moving Consumer Goods,7.0,0.81245
2023-03-10,364.3222351074219,366.3879912015694,360.096848360042,363.33632299512834,8362265,364.5100036621094,360.4958923339844,360.5913533528646,358.66839294433595,356.711845703125,352.20444844563804,-1.4313022913158524,0.001290392817884,-0.0027061541055896,0.0056701345542042,-0.0115979381443299,Fast Moving Consumer Goods,7.0,0.81245
2023-03-13,360.2376403808594,367.0452070022886,359.15782519954155,365.4489671945421,8791872,364.2658630371094,360.3597381591797,360.60700073242185,359.5165466308593,357.0464929199219,353.5509979248047,-1.525598495760217,-0.0112114889868254,0.0144663583965658,0.0188974328563553,-0.0029975079233147,Fast Moving Consumer Goods,7.0,0.8060750000000001
2023-03-14,356.52874755859375,362.86682753924,354.1813105287248,362.1625964302793,10229766,362.67900390625,360.1249938964844,360.3347005208333,360.0475296020508,357.13110107421875,354.81089579264324,-1.6112213149731591,-0.010295683755713,0.0158019483990126,0.0177771919488893,-0.0065841451662552,Fast Moving Consumer Goods,7.0,0.8028875000000001
2023-03-15,356.2470397949219,360.84801066660833,354.9324807823311,357.7494052329845,8423692,360.2376770019531,360.3785186767578,360.1562967936198,359.9982345581055,357.57974609375,355.8287618001302,-1.617724768719505,-0.0007901403900833,0.0042172011841206,0.0129151132717764,-0.0036900208724471,Fast Moving Consumer Goods,7.0,0.8012937500000001
2023-03-16,358.1719665527344,359.0170381832848,353.8526765290745,357.3738322023997,15710094,359.1015258789063,360.6367401123047,360.0060628255208,359.96302337646483,358.0203430175781,356.63193359375,-1.5732862627608313,0.0054033480781218,-0.0022283551613947,0.0023594019338919,-0.0120592632227234,Fast Moving Consumer Goods,7.0,0.8004968750000001
2023-03-17,352.6319885253906,361.50531219593137,347.0920427188901,361.50531219593137,48904254,356.7634765625,360.6367401123047,359.2517537434896,359.63438415527344,358.28740966796875,356.72045084635414,-1.7011811790634177,-0.0154673691541632,0.025163127450934,0.025163127450934,-0.0157102758308088,Fast Moving Consumer Goods,7.0,0.8000984375000001
2023-03-20,355.6836242675781,356.20007757384315,349.298607421959,350.5192631363395,10122167,355.85267333984376,360.0592681884765,358.857383219401,359.41841888427734,358.78377197265627,356.84752298990884,-1.6307316762121973,0.0086538823518212,-0.0145195358427677,0.0014520019225752,-0.0179513939073442,Fast Moving Consumer Goods,7.0,0.79989921875
2023-03-21,353.946533203125,355.683613516027,351.2234835829592,355.683613516027,11610832,355.33623046875,359.0076171875,358.5287394205729,359.0850830078125,359.10526977539064,356.8319559733073,-1.6708338418167643,-0.0048838095035444,0.0049077477809482,0.0049077477809482,-0.0076933925458257,Fast Moving Consumer Goods,7.0,0.799799609375
2023-03-22,354.6977233886719,355.7306013784287,351.36437437947643,353.94655502625034,4774867,355.0263671875,357.6320220947265,358.59446818033854,358.87381439208986,359.0038610839844,357.1541829427084,-1.6534920030163849,0.002122326721917,-0.0021177704645102,0.0029119949795251,-0.0093977175194406,Fast Moving Consumer Goods,7.0,0.7997498046875
2023-03-23,357.4207458496094,359.3925986273383,351.55215344877104,353.9934936185671,9752326,354.876123046875,356.98882446289065,358.71653442382814,358.7235778808593,358.94564331054687,357.4963063557943,-1.5906288060844207,0.0076770226629102,-0.0095888452778406,0.0055168951456405,-0.0164192830690014,Fast Moving Consumer Goods,7.0,0.79972490234375
2023-03-24,355.5897521972656,359.62733219321535,354.93245840479216,358.2188700566884,9934501,355.46767578125,356.115576171875,358.91371866861977,358.3057342529297,358.8010424804688,357.8174540201823,-1.6328987896044365,-0.0051227962383419,0.0073936828695901,0.0113546016751062,-0.0018484610099472,Fast Moving Consumer Goods,7.0,0.7997124511718751
2023-03-27,356.99822998046875,360.94190694244816,353.3831712738934,354.8855366830823,10816352,355.7305969238281,355.791635131836,358.6163777669271,358.0756866455078,358.6808544921875,358.2749094645182,-1.6003829299191257,0.0039609628075607,-0.0059179377374,0.0110467689495132,-0.0101262650707626,Fast Moving Consumer Goods,7.0,0.7997062255859375
2023-03-28,356.5756530761719,359.01699310082785,355.07328777982707,356.99820316600574,9170535,356.2564208984375,355.7963256835937,358.0905517578125,357.9606597900391,358.5193505859375,358.6304616292318,-1.610138462800249,-0.0011836946763573,0.0011850222699967,0.0068466256840435,-0.0042133142949719,Fast Moving Consumer Goods,7.0,0.7997031127929688
2023-03-29,359.3926086425781,360.56632715545396,354.13434397384697,356.9982343384063,10160322,357.1953979492188,356.1108825683594,357.4864807128906,358.2447006225586,358.53813110351564,358.70245056152345,-1.545106743429627,0.0079000221751104,-0.0066622803212769,0.0032658393207054,-0.0146309761032413,Fast Moving Consumer Goods,7.0,0.7997015563964844
2023-03-31,360.0968322753906,361.0358070662,356.81042050755786,358.68837008917654,9511189,357.730615234375,356.303369140625,357.2360880533854,358.47005462646484,358.5249853515625,358.7431386311849,-1.528849165848576,0.0019594827936844,-0.0039113428943938,0.0026075619295957,-0.0091264667535854,Fast Moving Consumer Goods,7.0,0.7997007781982423
2023-04-03,355.77752685546875,360.56630380897883,355.4019426867148,360.56630380897883,7059200,357.76817016601564,356.6179229736328,356.6664408365885,358.6273315429688,358.1982214355469,358.62889709472654,-1.6285638582967483,-0.0119948442551658,0.013460032160647,0.013460032160647,-0.0010556714249873,Fast Moving Consumer Goods,7.0,0.7997003890991212
2023-04-05,362.81982421875,363.4301520525773,355.7775138548176,355.7775138548176,11608424,358.9324890136719,357.33154296875,356.8385864257813,358.6954055786133,358.24704711914063,358.7227935791016,-1.4659866734398217,0.0197941039883109,-0.0194099381947953,0.0016821788477008,-0.0194099381947953,Fast Moving Consumer Goods,7.0,0.7997001945495607
2023-04-06,363.7118835449219,366.4818419282639,360.7541187451476,363.05458974264496,12897667,360.3597351074219,358.3080780029297,357.3174621582031,358.65784759521483,358.44047485351564,358.8260813395182,-1.445392755504664,0.0024586840812591,-0.001807182641025,0.0076158039059506,-0.0081321643135395,Fast Moving Consumer Goods,7.0,0.7997000972747803
2023-04-10,364.8386535644531,366.2001785107547,361.27056072310995,363.71190097756244,6783022,361.4489440917969,359.3221710205078,357.89023640950523,358.4770965576172,358.88554931640624,359.0232666015625,-1.419380349565699,0.0030979741672149,-0.0030883585823003,0.0037318549802756,-0.0097799199906125,Fast Moving Consumer Goods,7.0,0.7997000486373902
2023-04-11,371.8340148925781,373.8058676722981,364.32221661191994,364.83864128162065,18237451,363.7963806152344,360.7634979248047,358.80103963216146,358.8761611938477,359.53531982421873,359.40355122884114,-1.2578867214048914,0.0191738492064388,-0.0188131621389678,0.0053030457159484,-0.0202020202020203,Fast Moving Consumer Goods,7.0,0.7997000243186951
2023-04-12,369.53350830078125,373.5241510627993,368.1720120809989,373.477213786517,9747526,366.5475769042969,362.1578735351562,359.9278076171875,359.1367248535156,360.2113806152344,359.5897806803385,-1.3109957945021506,-0.0061869180861828,0.0106721187582419,0.0107991364040791,-0.0036843647171345,Fast Moving Consumer Goods,7.0,0.7997000121593476
2023-04-13,371.45843505859375,372.39740985466943,369.6743886770972,371.36453184793885,6059044,368.2752990722656,363.6038940429688,360.9794616699219,359.69776458740233,360.61138427734375,359.9184224446615,-1.2665572885434768,0.0052090722886372,-0.0002527960110532,0.0025278058255093,-0.0048028156399655,Fast Moving Consumer Goods,7.0,0.7997000060796738
2023-04-17,375.730712890625,377.46782178161186,368.9231464530213,368.9231464530213,11041243,370.67906494140624,365.5194000244141,362.4317403157552,360.6578628540039,361.0620910644531,360.48023986816406,-1.1679282663610522,0.0115013617374373,-0.0181182059492309,0.004623281598735,-0.0181182059492309,Fast Moving Consumer Goods,7.0,0.7997000000000001
2023-04-17,375.730712890625,377.46782178161186,368.9231464530213,368.9231464530213,11041243,370.67906494140624,365.5194000244141,362.4317403157552,360.6578628540039,361.0620910644531,360.48023986816406,-1.1679282663610522,0.0115013617374373,-0.0181182059492309,0.004623281598735,-0.0181182059492309,Fast Moving Consumer Goods,7.0,0.7997000000000001
2023-04-18,374.1814270019531,377.46783853145587,372.77296491788053,375.5898890860257,9494641,372.5476196289063,366.99828186035154,363.730653889974,361.5545822143555,361.291201171875,361.1625610351563,-1.2036947961347222,-0.0041233943234309,0.0037641154328733,0.0087829360100377,-0.0037641154328732,Fast Moving Consumer Goods,7.0,0.7238500000000001
2023-04-19,374.41619873046875,376.8575389234577,371.83401804956895,371.880955327127,9744202,373.0640563964844,368.4302185058594,364.8636840820312,362.3667938232422,361.713740234375,361.7901092529297,-1.1982748990844958,0.0006274275299997,-0.0067711904878526,0.0065203914821709,-0.0068965517241379,Fast Moving Consumer Goods,7.0,0.6859250000000001
2023-04-20,375.87158203125,378.0781784310689,373.4302705984993,375.5899010675435,6667781,374.3316711425781,370.4396240234375,366.21580607096354,363.5287734985352,362.17571411132815,362.5647623697917,-1.1646761872262743,0.0038870735446703,-0.0007494074497046,0.005870612478587,-0.0064950678621608,Fast Moving Consumer Goods,7.0,0.6669625000000001
2023-04-21,383.33648681640625,384.04071796181296,374.69790663732135,375.8716252129992,14252204,376.7072814941406,372.4912902832031,367.97168986002606,364.9114166259766,363.09966796875,363.2940338134766,-0.9923427649650144,0.0198602531875783,-0.0194733918114666,0.0018371096142069,-0.0225352411684782,Fast Moving Consumer Goods,7.0,0.65748125
2023-04-24,383.759033203125,384.97968904776644,379.5336463721129,384.97968904776644,5981760,378.3129455566406,374.4960052490234,369.7839152018229,366.40204162597655,364.1888793945312,363.9372334798177,-0.9825879366071,0.0011022858539451,0.0031807872623947,0.0031807872623947,-0.0110105208358067,Fast Moving Consumer Goods,7.0,0.6527406250000001
2023-04-25,386.43505859375,388.3130081505759,382.5383189943836,383.7590033994621,8840188,380.763671875,376.6556457519531,371.5867451985677,367.9889083862305,365.3964001464844,364.53661295572914,-0.9208097054176746,0.0069731919227776,-0.0069249803680498,0.0048596769756341,-0.0100838148938835,Fast Moving Consumer Goods,7.0,0.6503703125
2023-04-26,387.09234619140625,387.7965772639194,384.08761548658913,386.85760250056853,7620723,383.2989013671875,378.1814788818359,373.3864461263021,369.4724884033203,366.5532153320312,365.3112670898437,-0.9056356845327432,0.0017009005343566,-0.0006064281382656,0.0018192844147968,-0.0077623097805488,Fast Moving Consumer Goods,7.0,0.64918515625
2023-04-27,390.613525390625,391.92808440848825,385.91865128737226,387.04543253424794,12614263,386.2472900390625,380.2894805908203,375.7088460286458,371.22367706298826,368.0724768066406,366.1876434326172,-0.8243463875810704,0.0090964836527086,-0.0091345860407902,0.0033653699434719,-0.0120192307692308,Fast Moving Consumer Goods,7.0,0.6485925781249999
2023-04-28,399.5806884765625,402.115931732416,388.45386075036134,392.491440663514,12718721,389.4961303710937,383.1017059326172,378.1595703125,373.352799987793,369.828359375,367.4990783691407,-0.6173321058118882,0.0229566118504731,-0.0177417177994183,0.0063447592162657,-0.0278462599597172,Fast Moving Consumer Goods,7.0,0.648
2023-04-28,399.5806884765625,402.115931732416,388.45386075036134,392.491440663514,12718721,389.4961303710937,383.1017059326172,378.1595703125,373.352799987793,369.828359375,367.4990783691407,-0.6173321058118882,0.0229566118504731,-0.0177417177994183,0.0063447592162657,-0.0278462599597172,Fast Moving Consumer Goods,7.0,0.648
2023-05-02,398.5478210449219,400.9421950568211,395.4961532839507,400.0032203611377,10253527,392.4538879394531,385.3834167480469,380.4819661458333,375.45140838623047,371.6124108886719,368.8997141520183,-0.6411766938354047,-0.0025848782521961,0.0036517557978363,0.0060077458349203,-0.0076569676205234,Fast Moving Consumer Goods,7.0,0.648
2023-05-03,401.0830383300781,402.3506599091467,396.29426161761563,398.125273749074,7325483,395.3834838867188,388.0735778808594,382.8982584635417,377.5359298706055,373.46782348632814,370.3942474365234,-0.582649132734338,0.0063611369860443,-0.007374444437538,0.0031604966002709,-0.0119396141317785,Fast Moving Consumer Goods,7.0,0.648
2023-05-04,398.688720703125,400.9422545762531,398.1253300710335,399.3459858945335,7984933,397.7027587890625,390.500830078125,384.6885721842448,379.4655242919922,375.1185424804688,371.7448059082032,-0.6379239101774176,-0.0059696307201669,0.0016485673089756,0.0056523642533798,-0.0014131090317727,Fast Moving Consumer Goods,7.0,0.648
2023-05-05,402.5854187011719,405.54318339323555,398.4539355872389,399.9563008982786,12412416,400.0971374511719,393.1722137451172,386.89203287760415,381.8059188842773,376.998369140625,373.4099202473959,-0.5479654551335783,0.009773785401239,-0.006530583773688,0.0073469245399053,-0.0102623764349489,Fast Moving Consumer Goods,7.0,0.648
2023-05-08,405.1206970214844,406.99864665902936,403.1488441710147,404.6981468909418,7243636,401.20513916015625,395.350634765625,389.1361836751302,383.9209625244141,378.9232678222656,375.057822672526,-0.4894364849860926,0.0062974916689527,-0.0010430228167783,0.0046355312166275,-0.0048673219239774,Fast Moving Consumer Goods,7.0,0.648
2023-05-09,397.9375,406.7169199173865,395.77786946973293,406.3882730135886,9992962,401.0830749511719,396.7684814453125,390.61663614908855,385.632243347168,380.57774169921873,376.52418823242186,-0.6552664535010069,-0.0177310047951053,0.0212364328910661,0.0220623085720408,-0.0054270596017391,Fast Moving Consumer Goods,7.0,0.648
2023-05-10,399.3929443359375,400.33191915339347,396.4351793919987,398.07838532254664,9754485,400.74505615234375,398.0642700195313,392.2974039713542,387.3599578857422,382.1777551269531,378.014028930664,-0.6216663325963667,0.0036574696678184,-0.0032913926798996,0.0023510050209254,-0.007405651466519,Fast Moving Consumer Goods,7.0,0.648
2023-05-11,394.7449645996094,401.317787607018,393.3365025265932,401.1769471307632,15982423,399.9563049316406,398.8295318603516,393.65265502929685,388.50550537109376,383.56368041992187,379.258169555664,-0.7289687400102142,-0.0116376110350577,0.016294020463764,0.0166508089953103,-0.0035680304989951,Fast Moving Consumer Goods,7.0,0.648
2023-05-12,394.7919616699219,396.90465494609646,390.66044967232455,394.7449957373094,11135894,398.3976135253906,399.2473754882813,394.914013671875,389.7684280395508,385.1242578125,380.5649098714193,-0.7278837742676757,0.0001190567949617,-0.0001189637509685,0.0053514090490549,-0.0104650357624342,Fast Moving Consumer Goods,7.0,0.648
2023-05-15,401.6933898925781,402.53849009871885,393.47736076248606,394.36939824441885,9151102,397.7121520996094,399.4586456298828,396.1378072102864,391.28017578125,386.6792004394531,382.05474853515625,-0.5685586685455264,0.0174811771583799,-0.0182327910601612,0.002103843945171,-0.0204534835195799,Fast Moving Consumer Goods,7.0,0.648
2023-05-16,398.078369140625,403.75915509321413,397.6558190278516,403.75915509321413,7994197,397.7403259277344,399.4117004394531,397.09242960611977,392.39755859375,388.0538598632813,383.43817240397135,-0.6520143743662291,-0.008999452923335,0.0142705215680341,0.0142705215680341,-0.0010614746882269,Fast Moving Consumer Goods,7.0,0.648
2023-05-17,401.505615234375,402.77323689813846,396.81074140949977,398.2661408331168,9479691,398.16286010742186,399.4539581298829,398.0971333821615,393.7637680053711,389.5205383300781,384.84193929036456,-0.5728935998532143,0.0086094758204239,-0.0080683165523529,0.0031571704495925,-0.0116931710211192,Fast Moving Consumer Goods,7.0,0.648
2023-05-18,394.0877380371094,406.05966682870206,392.58537261456803,403.75916708900706,23995166,398.0314147949219,398.9938598632813,398.56349283854166,394.7473449707031,390.4106872558594,385.9749694824219,-0.7441413518487265,-0.0184751518180773,0.024541309252781,0.0303788411464487,-0.0038122612746704,Fast Moving Consumer Goods,7.0,0.648
2023-05-19,394.2285461425781,397.2802140152409,386.24726093715236,395.26142407668016,25767521,397.9187316894531,398.1581726074219,398.8044942220052,395.6651931762696,391.3984887695312,387.2566701253255,-0.7408906817603677,0.0003573014125486,0.002619997826663,0.0077408597183601,-0.0202453254172497,Fast Moving Consumer Goods,7.0,0.648
2023-05-22,398.8295593261719,399.76853415683973,393.52435726394606,396.200441262397,15421680,397.3459655761719,397.5290588378906,398.7544189453125,396.4398468017578,392.4933337402344,388.4569946289063,-0.6346725355658492,0.0116709285225878,-0.0065920842683194,0.0023543260741611,-0.0133019279493451,Fast Moving Consumer Goods,7.0,0.648
2023-05-23,402.96099853515625,404.8859139194789,398.31309082763823,400.00323387487487,8732608,398.3224914550781,398.0314086914062,399.0486307779948,397.3999450683594,393.5825451660156,389.7652984619141,-0.539294887994993,0.0103589092442508,-0.0073400767593723,0.0047769272741533,-0.011534386018533,Fast Moving Consumer Goods,7.0,0.648
2023-05-24,407.04559326171875,408.2193118120697,400.94225679989364,402.1629126301634,11479706,399.43048706054685,398.7966735839844,399.4461344401042,398.4304718017578,394.8971118164063,391.1721964518229,-0.4449986835506281,0.0101364517693047,-0.0119954145490918,0.0028835063437138,-0.0149942329873126,Fast Moving Consumer Goods,7.0,0.648
2023-05-25,414.2287292480469,415.4494136869622,408.26623350879987,410.28505226253736,18204464,403.4586853027344,400.74505004882815,400.4821350097656,399.7872909545898,396.4896130371094,392.5853535970052,-0.2791701240821328,0.0176470059011536,-0.0095205298595983,0.0029468850244434,-0.0143942110197686,Fast Moving Consumer Goods,7.0,0.648
2023-05-26,416.52923583984375,417.60905115168424,412.6794333471956,416.34142941376825,12995706,407.9188232421875,402.9187774658203,401.4117228190104,401.0830764770508,398.1159191894531,394.15187784830727,-0.2260610509848736,0.0055537108591502,-0.0004508841394934,0.0025924118139348,-0.0092425744975279,Fast Moving Consumer Goods,7.0,0.648
2023-05-29,421.69354248046875,424.2287569711928,416.99866899183127,417.8437404887393,19826254,412.4916198730469,404.9187927246094,402.51657918294273,402.18871917724607,399.6502014160157,395.8263814290365,-0.1068388153905009,0.0123984253595363,-0.0091293833172884,0.0060119831947427,-0.011133377715536,Fast Moving Consumer Goods,7.0,0.648
2023-05-30,428.8909912109375,430.368628238331,420.40660077790994,420.40660077790994,18900002,417.6776184082031,408.0000549316407,404.5801452636719,403.70587768554685,401.4554797363281,397.5983907063802,0.0593201654632219,0.0170679605102136,-0.0197821605183932,0.003445250792565,-0.0197821605183932,Fast Moving Consumer Goods,7.0,0.648
2023-05-31,424.69647216796875,430.8929414588594,421.7889097530884,428.3190118087211,14272292,421.2077941894531,410.319140625,406.2670471191406,404.8865493774414,402.9859362792969,399.2822255452474,-0.0375137315815479,-0.0097799187414169,0.0085297144623315,0.0145903479236813,-0.00684621277883,Fast Moving Consumer Goods,7.0,0.648
2023-06-01,419.1673278808594,426.12642793041965,418.50000416432715,426.12642793041965,8803137,422.1955139160156,412.827099609375,407.895204671224,405.9104797363281,404.268935546875,400.7739298502604,-0.1651585421447827,-0.0130190492491837,0.0166022005692634,0.0166022005692634,-0.0015920222597165,Fast Moving Consumer Goods,7.0,0.648
2023-06-02,422.6945495605469,424.12450407806733,419.262652899998,419.4533251393337,9203842,423.4285766601562,415.6736999511719,409.7553771972656,406.9159362792969,405.5521765136719,402.3346954345704,-0.0837297495976405,0.0084148296994417,-0.007668006186933,0.0033829499789082,-0.0081190937146382,Fast Moving Consumer Goods,7.0,0.648
2023-06-05,420.0729675292969,425.9834578563144,419.5486625083111,424.21984146095434,7152179,423.1044616699219,417.7980407714844,410.9806823730469,407.6635498046875,406.3718676757812,403.5592447916667,-0.144251111381424,-0.0062020720020533,0.0098717943124209,0.0140701515781429,-0.0012481284479444,Fast Moving Consumer Goods,7.0,0.648
2023-06-06,422.12255859375,422.88521845255696,419.83463720232703,420.21595258548103,6454486,421.7507751464844,419.7141967773438,412.58362833658856,408.872802734375,407.3148571777344,404.83802897135416,-0.0969346281121853,0.0048791310626532,-0.0045167119583009,0.0018067261350533,-0.00542004056605,Fast Moving Consumer Goods,7.0,0.648
2023-06-07,423.2188720703125,424.8394696902423,422.0748968506575,423.2665255825905,7543432,421.4552551269532,421.3315246582032,414.0311787923177,410.06409912109376,408.2002905273437,406.0641560872396,-0.0716253363362419,0.0025971449623889,0.0001125977961353,0.0038292187019026,-0.0027030345174798,Fast Moving Consumer Goods,7.0,0.648
2023-06-08,422.2178955078125,424.93481489321226,421.2645925018827,424.88716137991537,7024424,422.06536865234375,422.1304412841797,415.9065226236979,411.43774566650393,409.1414575195312,407.23500773111977,-0.0947336976058929,-0.0023651510567177,0.0063220102712426,0.0064348750119462,-0.0022578460460166,Fast Moving Consumer Goods,7.0,0.648
2023-06-09,417.9757080078125,423.93385170109013,414.8297906822628,414.8297906822628,7057843,421.12160034179686,422.27508850097655,417.4896667480469,412.59693298339846,409.7570690917969,408.1470804850261,-0.192668059903809,-0.0100473891446448,-0.0075265554080738,0.0142547606933325,-0.0075265554080738,Fast Moving Consumer Goods,7.0,0.648
2023-06-12,416.5457763671875,420.35898854002363,413.59053111473946,419.453339011975,8719176,420.416162109375,421.7603118896485,418.6707478841146,413.3395523071289,410.214072265625,408.7125834147136,-0.2256791994053568,-0.0034210879082912,0.0069801755527212,0.0091543652322974,-0.0070946470234833,Fast Moving Consumer Goods,7.0,0.648
2023-06-13,424.60113525390625,425.5544382199422,417.83267837655154,420.40660802184766,16111860,420.9118774414063,421.3313262939453,420.11342366536456,414.66569061279296,411.2806176757812,409.5810272216797,-0.0397146620878403,0.0193384721289741,-0.0098787470964963,0.0022451729090782,-0.0159407413579034,Fast Moving Consumer Goods,7.0,0.648
2023-06-14,423.7431640625,426.841398670381,423.02818684529666,425.4114442359744,8704178,421.01673583984376,421.2359954833984,421.2265950520833,415.7775680541992,412.2546264648437,410.33636474609375,-0.0595216275980527,-0.002020652137195,0.0039370078740157,0.0073115860517434,-0.0016872890888639,Fast Moving Consumer Goods,7.0,0.648
2023-06-15,427.175048828125,427.79468991423687,423.98147819355285,424.2198039260956,7498727,422.00816650390624,422.036767578125,422.0896830240885,417.43193359375,413.5518298339844,411.2859090169271,0.019706234442797,0.0080989737574122,-0.0069181121653443,0.001450555428768,-0.0074760233382851,Fast Moving Consumer Goods,7.0,0.648
2023-06-16,431.94158935546875,434.32484682367095,426.98440218460877,428.0330412891174,11729681,424.8013427734375,422.9614715576172,423.11717325846354,419.31758575439454,415.0378149414062,412.264448038737,0.1297457145253211,0.0111582840346594,-0.0090487884535118,0.0055175457213056,-0.0114765220414569,Fast Moving Consumer Goods,7.0,0.648
2023-06-19,432.41827392578125,434.6108593272438,431.13130897600945,433.51456662651253,4189180,427.97584228515626,424.1960021972656,423.8321553548177,420.997021484375,416.2668103027344,413.1743672688802,0.140750367056783,0.0011035857209855,0.0025352598787706,0.0050705197575413,-0.0029762038918658,Fast Moving Consumer Goods,7.0,0.648
2023-06-20,431.7032775878906,433.5622010177843,429.12934780188493,433.5622010177843,4472119,429.3962707519531,425.15407409667966,424.0196411132813,422.4341354370117,417.611806640625,414.2998931884766,0.1242440927827996,-0.0016534831689683,0.0043060211177461,0.0043060211177461,-0.0059622660276922,Fast Moving Consumer Goods,7.0,0.648
2023-06-20,431.7032775878906,433.5622010177843,429.12934780188493,433.5622010177843,4472119,429.3962707519531,425.15407409667966,424.0196411132813,422.4341354370117,417.611806640625,414.2998931884766,0.1242440927827996,-0.0016534831689683,0.0043060211177461,0.0043060211177461,-0.0059622660276922,Fast Moving Consumer Goods,7.0,0.648
2023-06-21,426.1741027832031,432.99024263947405,424.2674967462041,430.8929643617754,6059504,429.88245849609376,425.4495971679688,424.11814982096354,423.390560913086,418.5985461425781,415.1925984700521,-0.0034014223036445,-0.0128078128931087,0.0110726145670394,0.015993791766691,-0.0044737726308277,Fast Moving Consumer Goods,7.0,0.733225
2023-06-22,426.74609375,428.65269980190885,425.03015994028186,427.07975562758395,6637099,429.7966674804687,425.9024169921875,424.62340087890624,424.0164291381836,419.9048803710937,416.2593027750651,0.0098034562109002,0.001342153272715,0.0007818744740037,0.0044677762253304,-0.0040209713336553,Fast Moving Consumer Goods,7.0,0.7758375
2023-06-23,423.9814758300781,426.74604849366364,422.0272164711202,426.6030588734344,6090901,428.20464477539065,426.5029937744141,424.7091959635417,424.3890411376953,421.0949975585938,417.2322865804037,-0.0540200058555312,-0.006478367254936,0.0061832490163011,0.0065205034209878,-0.0046093036379286,Fast Moving Consumer Goods,7.0,0.79714375
2023-06-26,424.88714599609375,430.32095547765323,423.2665193076913,426.0310921062915,5477339,426.6984191894532,427.3371307373047,425.03014119466144,424.54872131347656,422.1373010253906,418.0054117838542,-0.0331118705689632,0.0021361078670771,0.0026923528305755,0.0127888300052489,-0.0038142520988794,Fast Moving Consumer Goods,7.0,0.807796875
2023-06-27,424.315185546875,426.3171277334486,422.45623299666386,425.26848857929104,4865596,425.22080078125,427.3085357666016,425.1763163248698,424.31993103027344,422.99146850585936,418.8799723307292,-0.0463160445602985,-0.0013461467465151,0.0022466861071384,0.0047180545376743,-0.0043810653342873,Fast Moving Consumer Goods,7.0,0.81845
2023-06-27,424.315185546875,426.3171277334486,422.45623299666386,425.26848857929104,4865596,425.22080078125,427.3085357666016,425.1763163248698,424.31993103027344,422.99146850585936,418.8799723307292,-0.0463160445602985,-0.0013461467465151,0.0022466861071384,0.0047180545376743,-0.0043810653342873,Fast Moving Consumer Goods,7.0,0.81845
2023-06-28,428.3667297363281,429.55835854437817,423.7432041425939,424.21985566581395,12082753,425.659326171875,427.7708923339844,425.5195068359375,424.5034439086914,423.84431396484376,419.7753428141276,0.0472171612482422,0.0095484308067629,-0.0096806632790242,0.0027817958896656,-0.0107933816348905,Fast Moving Consumer Goods,7.0,0.503
2023-06-30,430.5116271972656,430.8452890553635,425.74511234586214,428.9863366263169,9106074,426.4124328613281,428.1045501708985,426.072422281901,425.0706588745117,424.4956298828125,420.9894724527995,0.0967338705005639,0.0050071523114265,-0.0035429718376683,0.0007750356483287,-0.0110717447573591,Fast Moving Consumer Goods,7.0,0.345275
2023-07-03,441.6176452636719,444.19157517851767,429.0340331572048,430.5116703648018,10699143,429.9396667480469,429.0721557617188,427.6485514322917,426.016813659668,425.4991662597656,422.56910909016926,0.3531253659265985,0.0257972546263363,-0.025148394811623,0.0058284127512817,-0.0284943598640717,Fast Moving Consumer Goods,7.0,0.2664125
2023-07-04,444.5728454589844,446.1457895395023,438.3286935558708,443.28588063219775,7725081,433.876806640625,430.2876129150391,429.51702270507815,427.2418075561524,426.4143383789062,424.0938852945964,0.4213485754359864,0.0066917620412292,-0.0028948345359643,0.0035381020154166,-0.014045284067377,Fast Moving Consumer Goods,7.0,0.22698125
2023-07-05,452.91424560546875,458.20506543725025,442.6185561026132,444.572844641175,16252992,439.59661865234375,432.40870971679686,431.4045633951823,428.7813919067383,427.3752685546875,425.7589935302734,0.6139166087955895,0.0187627297341396,-0.0184171750949072,0.0116817253665946,-0.0227320946575482,Fast Moving Consumer Goods,7.0,0.207265625
2023-07-06,451.7702941894531,455.10685475081175,448.5290697483475,455.0592012369349,9471054,444.2773315429688,434.96832885742185,433.2730387369792,430.20896301269534,428.4582214355469,427.2498168945313,0.5875075562897094,-0.0025257571982227,0.0072800427336254,0.007385524467351,-0.0071744966032369,Fast Moving Consumer Goods,7.0,0.1974078125
2023-07-07,446.5271301269531,453.29558740833244,445.7644993456003,450.91232985098054,7323451,447.4804321289063,436.9464324951172,434.5631774902344,431.4244247436524,429.5526135253906,428.3264302571615,0.4664648327221423,-0.0116058185541106,0.0098206792558845,0.0151579978566027,-0.0017079158911038,Fast Moving Consumer Goods,7.0,0.19247890625
2023-07-10,444.0962219238281,448.91039058377345,442.04662622976724,448.0524236760851,6521300,447.9761474609375,438.95790710449216,435.373486328125,432.73045043945314,430.4086804199219,429.2453297932943,0.4103453319509435,-0.0054440324878666,0.008908433706368,0.0108403729243413,-0.0046152063288942,Fast Moving Consumer Goods,7.0,0.1900144531249999
2023-07-11,451.0553283691406,452.38994680904216,444.2392174393755,444.2392174393755,8457557,449.2726440429688,441.57472534179686,436.61595662434894,434.4559280395508,431.6479748535156,430.22405598958335,0.5710019865389355,0.0156702671667991,-0.0151114741386823,0.0029588796672175,-0.0151114741386823,Fast Moving Consumer Goods,7.0,0.1887822265625
2023-07-12,450.2449951171875,455.44050810250445,448.4814078417577,455.44050810250445,12340934,448.7387939453125,444.16770629882814,437.85207112630206,435.7381210327149,432.77287231445314,430.9358561197917,0.5522947817586598,-0.0017965273902937,0.0115393020281429,0.0115393020281429,-0.0039169503149519,Fast Moving Consumer Goods,7.0,0.18816611328125
2023-07-13,449.9590148925781,454.48720413143354,449.0057118949244,451.77028476962056,7909757,448.3765380859375,446.3269348144531,439.43773193359374,437.0489135742188,433.84247802734376,431.7779408772786,0.5456926947629921,-0.0006351658046414,0.0040254107976365,0.0100635593220339,-0.0021186440677964,Fast Moving Consumer Goods,7.0,0.187858056640625
2023-07-14,450.8169860839844,452.81892821670544,449.3393780604874,450.9123222031614,5081391,449.23450927734376,448.357470703125,441.04245808919273,438.2310104370117,434.98644165039065,432.8329294840495,0.5654996602732045,0.0019067763129739,0.0002114741061669,0.0044406980981592,-0.0032776227806592,Fast Moving Consumer Goods,7.0,0.1877040283203125
2023-07-17,450.2926940917969,453.5815721047904,448.6244137816915,452.3422897971406,6090738,450.4738037109375,449.2249755859375,442.7965393066406,439.1485656738281,436.27912109375,433.7528676350912,0.5533959515350154,-0.0011629818936987,0.0045516965570084,0.0073038671427412,-0.003704879808166,Fast Moving Consumer Goods,7.0,0.1876270141601562
2023-07-18,450.4356689453125,452.0562956875121,449.0057144407242,450.48332245846586,5352283,450.3498718261719,449.8112579345704,444.49977416992186,440.0494354248047,437.634716796875,434.7649576822917,0.5566966427712445,0.0003175153747586,0.0001057942708333,0.0035979094328704,-0.0031746031746031,Fast Moving Consumer Goods,7.0,0.1875885070800781
2023-07-19,456.4891662597656,458.0144569413878,446.2411585856639,450.6740119006126,13867323,451.5987060546875,450.16875,446.6447062174479,441.2887298583984,438.91023803710937,435.9105112711589,0.6964465711190874,0.013439205044812,-0.0127388660870079,0.0033413513273921,-0.022449618592416,Fast Moving Consumer Goods,7.0,0.187569253540039
2023-07-20,469.1680908203125,470.64572800514355,454.0582316405909,457.49012844334317,20250206,455.4405212402344,451.9085296630859,449.3647969563802,443.4384292602539,440.72723510742185,437.44215189615886,0.9891498972828988,0.0277748641099883,-0.0248907856383648,0.003149483551295,-0.0322056411664801,Fast Moving Consumer Goods,7.0,0.1875596267700195
2023-07-21,467.5474853515625,474.45893235825145,464.25857824241405,468.83442117535986,13971982,458.78662109375,454.01056518554685,451.8338541666666,445.478498840332,442.3421325683594,438.9531382242839,0.9517368967687664,-0.003454210762536,0.0027525243191708,0.0147823423785329,-0.0070343809178556,Fast Moving Consumer Goods,7.0,0.1875548133850097
2023-07-24,449.33935546875,476.36550017042464,446.28877436345607,470.40735667766114,38976815,458.5959533691406,454.5348785400391,452.3486348470052,446.7463928222657,443.0380432128906,439.9985931396485,0.5313873509953011,-0.0389439157588908,0.0468866146543809,0.0601464002045426,-0.0067890360997014,Fast Moving Consumer Goods,7.0,0.1875524066925049
2023-07-25,440.7119445800781,446.62243453969415,434.13416000727796,446.0504469480382,43534718,456.6512084960938,453.5005401611328,452.09124145507815,447.53763275146486,443.3697900390625,440.80413208007815,0.332216526116821,-0.0192002120082977,0.0121133598342717,0.0134112316044614,-0.0149253603259327,Fast Moving Consumer Goods,7.0,0.1875512033462524
2023-07-26,450.1973571777344,450.9123344522358,440.473654607515,443.1905740691204,18143422,455.3928466796875,453.4957763671875,451.9101155598958,448.8317413330078,444.10955322265625,441.65733947753904,0.5511950210287231,0.0215229305997009,-0.0155638032896043,0.0015881418740073,-0.021598755335164,Fast Moving Consumer Goods,7.0,0.1875506016731262
2023-07-27,443.33355712890625,452.9619234345272,439.56802766122485,452.24694617063204,13989457,450.22593994140624,452.83323059082034,451.34766642252606,449.58008270263673,444.7959313964844,442.3103525797526,0.392738592423814,-0.0152462024474265,0.0201053786666864,0.0217181085230173,-0.008493671203388,Fast Moving Consumer Goods,7.0,0.1875503008365631
2023-07-28,446.5747985839844,447.52810157671996,441.76060101517055,445.8598213394327,9978231,446.0314025878906,452.4090118408203,451.3508443196615,450.3832412719727,445.5890795898438,442.957010904948,0.4675652979752885,0.0073110672606623,-0.0016010246140596,0.0021346994854127,-0.0107802714888499,Fast Moving Consumer Goods,7.0,0.1875501504182815
2023-07-31,443.9532470703125,447.7664593136736,441.8559686994637,447.0991355340851,8194797,444.9541809082031,451.7750671386719,451.3413126627604,450.5000213623047,446.3879504394531,443.35739949544273,0.4070446407147144,-0.0058703525635221,0.0070860805378327,0.0085892203030946,-0.004724097378922,Fast Moving Consumer Goods,7.0,0.1875500752091407
2023-08-01,443.0952453613281,446.95614016373713,442.14194231270864,444.2392206566716,6438221,445.4308410644532,451.0410247802735,450.8106404622396,450.4261413574219,447.1162744140625,443.7132985432943,0.3872369706812925,-0.0019326397872893,0.002581781924585,0.0087134647523934,-0.0021514630513403,Fast Moving Consumer Goods,7.0,0.1875500376045704
2023-08-02,438.61474609375,443.09525304445185,436.6128038384361,442.90460988692246,10318220,443.11431884765625,449.2535827636719,450.03529052734376,449.711166381836,447.6882568359375,443.9436808268229,0.2838009866408549,-0.0101118197825039,0.0097804823740594,0.0102151306826883,-0.0045642383735224,Fast Moving Consumer Goods,7.0,0.1875500188022852
2023-08-03,434.7538146972656,442.0942593191873,433.0855344734196,438.61470924223676,10617897,441.39837036132815,445.8121551513672,449.0216105143229,448.86034240722654,447.943740234375,444.2296712239584,0.19466823279848,-0.0088025572119254,0.0088806455848113,0.0168841408028428,-0.003837298644539,Fast Moving Consumer Goods,7.0,0.1875500094011425
2023-08-04,433.7052307128906,439.85401787996335,433.037906946309,434.9921665459407,6834401,438.8244567871094,442.4279296875,447.8808268229167,448.21924743652346,448.071484375,444.4616424560547,0.1704608153221017,-0.002411902895217,0.0029673053076502,0.0141773415021206,-0.0015386574090533,Fast Moving Consumer Goods,7.0,0.1875500047005713
2023-08-07,433.6575012207031,435.23044525187333,429.8919720663863,432.894870506347,9161131,436.7653076171875,440.8597442626953,446.7718139648438,447.6973114013672,447.7530786132813,444.7841766357422,0.1693589410225366,-0.0001100505338823,-0.0017586014590071,0.0036271574381683,-0.0086831869475731,Fast Moving Consumer Goods,7.0,0.1875500023502856
2023-08-08,431.2265930175781,435.6594458936199,429.98728173349843,435.6594458936199,6392488,434.3915771484375,439.9112091064453,445.4912089029948,446.70587463378905,447.219228515625,444.9954915364584,0.1132394402513378,-0.0056055947292096,0.010279637081336,0.010279637081336,-0.0028739212844166,Fast Moving Consumer Goods,7.0,0.1875500011751428
2023-08-09,437.232421875,438.4240506433787,426.03111145224057,431.2266245193712,9758343,434.1151123046875,438.6147155761719,444.2074259440104,446.0552459716797,446.5919555664062,445.4260660807292,0.2518889033460344,0.0139273156031382,-0.0137359378105444,0.0027253897669998,-0.025618663809798,Fast Moving Consumer Goods,7.0,0.1875500005875714
2023-08-10,430.6546325683594,437.85205862010605,428.0330493042465,437.470743236553,13194170,433.29527587890624,437.3468231201172,441.6398620605469,445.0900268554688,445.7473291015625,445.5023295084636,0.1000352662600024,-0.0150441480950402,0.0158273246186704,0.0167127565976066,-0.0060874377421139,Fast Moving Consumer Goods,7.0,0.1875500002937857
2023-08-11,427.7947082519531,432.7042127342838,423.9814963678132,432.7042127342838,11582326,432.1131713867188,435.4688140869141,438.9896769205729,443.9389129638672,444.9980322265625,445.41176554361977,0.034011578210488,-0.0066408767028699,0.0114763095186281,0.0114763095186281,-0.0089136490250695,Fast Moving Consumer Goods,7.0,0.1875500001468928
2023-08-14,428.2237243652344,430.1779839016383,424.2674935938571,427.7947263730974,7562808,431.026416015625,433.89586181640624,437.58196818033855,442.8354644775391,444.3631323242187,444.9653015136719,0.0439157654888036,0.0010028551195368,-0.0010018080917233,0.00456364144537,-0.0092387005816683,Fast Moving Consumer Goods,7.0,0.1875500000734464
2023-08-16,429.2247009277344,436.0408119590584,427.2704413000997,429.93967821967397,14920272,430.62603759765625,432.50880737304686,436.81615193684894,441.7749160766601,443.4899072265625,444.4536966959635,0.0670241267584546,0.0023375084226913,0.0016657412548584,0.0158800530738132,-0.0045529989849388,Fast Moving Consumer Goods,7.0,0.1875500000367232
2023-08-17,420.4066467285156,428.98637421277107,419.45334367470946,428.98637421277107,16269569,427.26088256835936,430.68799743652346,434.8301045735677,439.9707901000976,442.2963732910157,443.3701100667318,-0.1365478546094007,-0.0205441443145262,0.0204081632653061,0.0204081632653061,-0.0022675736961451,Fast Moving Consumer Goods,7.0,0.1875500000183615
2023-08-18,421.0262451171875,422.64687178099655,418.02334662130363,420.40660401367137,19324262,425.335205078125,429.3152404785157,433.3429504394532,437.5636978149414,441.1390625,442.3453084309896,-0.1222439198881287,0.0014738073089315,-0.0014717398516181,0.0038492295494736,-0.0071323308955432,Fast Moving Consumer Goods,7.0,0.1875500000091808
2023-08-21,426.8890686035156,427.55639233557616,420.7402817545232,421.3599228814374,9572041,425.1540771484375,428.6336242675781,432.0305684407552,435.5307769775391,440.1819458007813,441.6907063802083,0.0131041474471293,0.0139250784347096,-0.0129521839014659,0.0015632251588066,-0.0144037111774891,Fast Moving Consumer Goods,7.0,0.1875500000045903
2023-08-22,433.0378723144531,433.8958391653713,426.1264258108102,428.03303174284963,9854945,426.1169067382813,428.5716613769531,431.30287679036456,434.7157028198242,439.4917529296875,441.3220947265625,0.1550543017780551,0.0144037506770836,-0.011557512383049,0.001981274400626,-0.0159603742432582,Fast Moving Consumer Goods,7.0,0.1875500000022952
2023-08-23,429.41534423828125,434.3725023395069,427.65172788517754,434.3248488269224,8445029,426.1550354003906,428.3905364990234,430.3908833821615,434.1508728027344,438.6509399414063,440.60076192220055,0.0714252832478299,-0.0083653839716387,0.0114329975733631,0.0115439705817195,-0.0041070175455236,Fast Moving Consumer Goods,7.0,0.1875500000011475
2023-08-24,429.84429931640625,432.3228928336211,428.31900876023576,429.55832006509195,6088274,428.0425659179688,427.651724243164,429.8061869303385,433.133219909668,437.5851452636719,439.9207387288412,0.0813280614797267,0.0009989281563422,-0.0006653089310922,0.0057662589015525,-0.0035484722226075,Fast Moving Consumer Goods,7.0,0.1875500000005737
2023-08-25,422.6468811035156,429.9396430665213,421.40756977664984,429.8443069502242,9270988,428.3666931152344,426.8509490966797,428.9990580240885,432.09888610839846,435.724296875,439.0103342692057,-0.0848302148507867,-0.0167442448913173,0.0170294072155847,0.0172549764095373,-0.0029322618532756,Fast Moving Consumer Goods,7.0,0.1875500000002868
2023-08-28,420.7879333496094,425.9834462744796,420.40661797266904,424.21982992706967,6910750,427.14646606445314,426.1502716064453,428.1379048665365,430.8095428466797,433.8539147949219,438.0093658447266,-0.1277455416306502,-0.0043983472658134,0.0081558816341078,0.0123471053067332,-0.0009061937064234,Fast Moving Consumer Goods,7.0,0.1875500000001434
2023-08-29,419.54864501953125,423.2665208026768,418.69067816072817,422.26556431615614,9480003,424.4486206054688,425.282763671875,427.197314453125,429.5893127441406,432.6622863769532,436.9845642089844,-0.1563555246428226,-0.0029451612840059,0.0064758147329933,0.0088616083671833,-0.0020449758782158,Fast Moving Consumer Goods,7.0,0.1875500000000717
2023-08-30,422.12255859375,423.26653383571096,419.92997332124025,420.4066248233075,7364924,422.9900634765625,424.5725494384766,426.5903788248698,428.5406784057617,431.9187109375,436.04079386393227,-0.0969346281121853,0.0061349586151063,-0.0040650131946488,0.0027100547428025,-0.005194191184224,Fast Moving Consumer Goods,7.0,0.1875500000000358
2023-08-31,419.1673278808594,424.1244858733208,415.73543136761816,422.3132160473734,19900312,420.8546691894532,424.44861755371096,425.3860392252604,427.5683074951172,430.677509765625,434.7967325846354,-0.1651585421447827,-0.007000883162311,0.0075050891547734,0.0118262031955658,-0.0081874141541314,Fast Moving Consumer Goods,7.0,0.1875500000000179
2023-09-01,420.45428466796875,424.2198432280035,417.8327013671215,419.4533281355541,11438624,420.41614990234376,424.39142150878905,424.706016031901,426.8533309936523,429.7623388671875,433.172939046224,-0.135448093879464,0.00307026979802,-0.0023806548509907,0.0089559286166114,-0.0062351209071813,Fast Moving Consumer Goods,7.0,0.1875500000000089
2023-09-04,417.070068359375,422.6468968062231,416.2597549794912,422.6468968062231,13604608,419.6725769042969,423.409521484375,423.9910400390625,426.0215728759766,428.5821496582032,431.4903584798177,-0.2135754906671676,-0.0080489518884704,0.0133714425223214,0.0133714425223214,-0.00194287109375,Fast Moving Consumer Goods,7.0,0.1875500000000045
2023-09-05,422.4085693359375,423.74318773076294,418.02336967365477,418.4046850589622,8378915,420.24456176757815,422.3465911865234,423.6033630371094,425.4591262817383,427.7203625488281,430.592665608724,-0.0903318365933082,0.0128000098342288,-0.0094787004043733,0.0031595438438276,-0.0103814173779112,Fast Moving Consumer Goods,7.0,0.1875500000000022
2023-09-06,426.5554504394531,427.55640697932796,421.35993731296094,423.21888984987083,12863039,421.1311401367187,422.0606018066407,423.4254130045573,425.225569152832,427.0587707519532,430.1207824707032,0.0054022997215249,0.0098172276903256,-0.0078221028148739,0.0023466035631325,-0.0121801588073474,Fast Moving Consumer Goods,7.0,0.18755
2023-09-06,426.5554504394531,427.55640697932796,421.35993731296094,423.21888984987083,12863039,421.1311401367187,422.0606018066407,423.4254130045573,425.225569152832,427.0587707519532,430.1207824707032,0.0054022997215249,0.0098172276903256,-0.0078221028148739,0.0023466035631325,-0.0121801588073474,Fast Moving Consumer Goods,7.0,0.18755
2023-09-07,425.07781982421875,428.03306506746065,423.8385375089076,427.8423928224128,8090369,422.3132385253906,421.5839538574219,423.73682454427086,424.61783905029296,426.5172937011719,429.28346455891926,-0.0287100095563784,-0.0034640997171928,0.0065036867821928,0.0069522452252719,-0.0029154245587869,Fast Moving Consumer Goods,7.0,0.350225
2023-09-08,421.9795837402344,426.9844246872204,421.21695294721746,426.9844246872204,9939517,422.61829833984376,421.51722412109376,423.800380452474,424.18408660888673,426.0063244628906,428.5716654459636,-0.1002353193484144,-0.0072886326679326,0.0118603864732633,0.0118603864732633,-0.0018072694092384,Fast Moving Consumer Goods,7.0,0.4315625
2023-09-11,426.3171081542969,427.17507502556816,421.9795621005114,425.1731329309363,9320577,424.46770629882815,422.0701416015625,423.7622497558594,424.1102066040039,425.7107995605469,427.8964090983073,-0.0001000265442059,0.0102789911673372,-0.0026833903718134,0.0020125086581341,-0.0101744592717953,Fast Moving Consumer Goods,7.0,0.47223125
2023-09-12,430.0826416015625,433.08554022587157,424.7918216012322,427.9377098566991,14406441,426.0025207519531,423.1235412597656,423.565234375,424.2031524658203,425.5678051757813,427.4340555826823,0.0868303877454576,0.0088327054561994,-0.0049872548607774,0.0069821432762939,-0.0123018682656619,Fast Moving Consumer Goods,7.0,0.492565625
2023-09-13,432.32293701171875,435.65949771632955,430.03501548991426,431.0836546727206,11813170,427.1560180664063,424.1435791015625,423.7590738932292,424.3580642700196,425.61165893554687,427.0749786376953,0.1385494365504906,0.0052089882116928,-0.0028665662468991,0.0077177508269017,-0.0052921585369005,Fast Moving Consumer Goods,7.0,0.5027328125
2023-09-14,428.9386901855469,434.61082549671943,426.2694243692613,434.61082549671943,14430930,427.9281921386719,425.1207153320312,423.6986999511719,424.7846664428711,425.2799096679688,426.7524434407552,0.0604213352395775,-0.0078280529123999,0.0132236504678999,0.0132236504678999,-0.0062229541828715,Fast Moving Consumer Goods,7.0,0.50781640625
2023-09-15,427.4134216308594,430.98830801269577,426.1264567148983,427.12741326481256,15077136,429.01495971679685,425.81662902832034,424.01646931966144,425.10402526855466,425.1502612304688,426.507763671875,0.0252092652317374,-0.0035559127436783,-0.0006691609378,0.0083640012243786,-0.0030110540540595,Fast Moving Consumer Goods,7.0,0.510358203125
2023-09-18,430.94061279296875,432.7995652941171,425.36381347452175,427.41340912162184,8197425,429.9396606445313,427.2036834716797,424.6933146158854,425.30660247802734,425.2760974121094,426.4156097412109,0.1066373532556701,0.0082524108593755,-0.0081848950102121,0.0043137092350156,-0.0129409926864474,Fast Moving Consumer Goods,7.0,0.5116291015625001
2023-09-20,431.7986145019531,433.8482101762442,428.55736096028426,430.6069857270747,9959649,430.28285522460936,428.1426879882813,425.5099792480469,425.24463958740233,425.4190930175781,426.353646850586,0.126445023289092,0.0019909975609483,-0.0027596864252399,0.0047466471763812,-0.007506400976778,Fast Moving Consumer Goods,7.0,0.51226455078125
2023-09-21,426.60308837890625,432.3705598361915,423.74317940653367,431.65558259309836,10719470,429.1388854980469,428.14745178222654,425.808681233724,425.1040267944336,425.314228515625,426.19953002929685,0.0065020604514616,-0.0120322899346018,0.0118435481407122,0.0135195257943434,-0.0067039106145252,Fast Moving Consumer Goods,7.0,0.5125822753906251
2023-09-22,422.4085693359375,427.4610636493834,421.59825595934734,426.603096759317,7506309,427.832861328125,427.8805267333984,426.02476399739584,424.7322402954102,425.39430541992186,425.7054016113281,-0.0903318365933082,-0.0098323691441333,0.0099300244546971,0.0119611548633797,-0.0019183166143245,Fast Moving Consumer Goods,7.0,0.5127411376953126
2023-09-25,421.9319152832031,424.02916443597843,417.88037751721805,422.40856678508374,5782955,426.73656005859374,427.8757598876953,426.1232727050781,424.69649200439454,425.4305322265625,425.4146443684896,-0.1013357846015606,-0.0011284194671611,0.0011296881904765,0.0049705866676799,-0.0096023496190509,Fast Moving Consumer Goods,7.0,0.5128205688476564
2023-09-26,421.7889099121094,423.7431693598972,419.1673267495903,422.88520250702686,5327833,424.9062194824219,427.4229400634766,426.4378621419271,424.74654083251954,425.2265258789063,425.2144510904948,-0.1046371803609991,-0.0003389299693002,0.002599149880792,0.0046332641799307,-0.0062153913981886,Fast Moving Consumer Goods,7.0,0.5128602844238281
2023-09-27,428.176025390625,428.7956665058578,418.3093337811548,421.78891291380467,10490786,424.18170166015625,427.2322784423829,426.8223592122396,425.1779098510742,425.0320520019531,425.2128611246745,0.042814595712448,0.0151429194282195,-0.014917025003895,0.0014471644335236,-0.0230435405636474,Fast Moving Consumer Goods,7.0,0.512880142211914
2023-09-28,420.1683044433594,428.9387038305098,419.07201179309044,428.9387038305098,10216736,422.8947448730469,426.0168151855469,426.39654947916665,425.0801971435547,424.66217041015625,424.910981241862,-0.1420501808751317,-0.0187019367559409,0.0208735387567358,0.0208735387567358,-0.0026091750345645,Fast Moving Consumer Goods,7.0,0.512890071105957
2023-09-29,423.6478576660156,424.79183293078637,418.69069940117447,421.3599362289736,8160058,423.1426025390625,425.48773193359375,426.3012186686198,425.3042236328125,424.4143127441406,425.0190216064453,-0.0617218535811357,0.0082813319944872,-0.0054005263938941,0.0027002975326564,-0.0117011290748675,Fast Moving Consumer Goods,7.0,0.5128950355529784
2023-10-03,419.2149963378906,422.21789498434674,418.73834483551667,420.4066250938255,7481883,422.59921875,424.6678894042969,426.1169128417969,425.2422592163086,424.27703735351565,424.9586466471354,-0.1640580768916365,-0.0104635518577782,0.0028425241614553,0.0071631470073549,-0.0011370096645821,Fast Moving Consumer Goods,7.0,0.5128975177764892
2023-10-04,415.7354431152344,421.0739457208511,413.0661772661766,419.2149932383376,13396709,421.388525390625,423.1473724365234,425.4114685058594,425.1755279541016,424.07493774414064,424.58685913085935,-0.2443864041856325,-0.0083001640042755,0.0083696258780101,0.0128411053087358,-0.0064205876435651,Fast Moving Consumer Goods,7.0,0.5128987588882445
2023-10-05,415.6877746582031,419.9299847793531,414.73447162805707,419.45333326428005,10030257,418.8908752441406,421.5362884521484,424.4518107096354,424.8394882202148,423.9205029296875,424.0085225423177,-0.2454868694387787,-0.0001146605559392,0.0090586224460729,0.0102052799715799,-0.0022933150510137,Fast Moving Consumer Goods,7.0,0.5128993794441223
2023-10-06,421.5028991699219,422.8852001029364,416.25973287469105,417.4037080670132,8418580,419.1577941894531,421.02626953125,423.7304748535156,424.5868606567383,423.8957165527344,423.7447743733724,-0.1112399718798762,0.0139891641424869,-0.0097251789038256,0.0032794577112915,-0.012439217631851,Fast Moving Consumer Goods,7.0,0.5128996897220612
2023-10-09,419.88232421875,422.50390750765865,416.8317429364748,420.3589757258243,5611154,418.4046875,420.7736450195313,423.1267171223959,424.3270858764648,423.92431640625,423.41270853678384,-0.1486522678707993,-0.003844753984761,0.001135202602208,0.0062436143121444,-0.0072653243690389,Fast Moving Consumer Goods,7.0,0.5128998448610307
2023-10-10,423.6478576660156,424.0768556634295,419.88232818010255,419.88232818010255,5014758,419.291259765625,420.9452392578125,422.8756795247396,424.4104995727539,424.0520593261719,423.4460744222005,-0.0617218535811357,0.0089680685041265,-0.0088883477581082,0.0010126287426008,-0.0088883477581082,Fast Moving Consumer Goods,7.0,0.5128999224305153
2023-10-11,427.31805419921875,428.4620293945872,424.0291473319078,426.3170977226447,7651513,421.6077819824219,421.4981536865234,422.6341756184896,424.460546875,424.4619787597656,423.6637451171875,0.0230076302022355,0.0086633189966383,-0.0023424156005994,0.002677104756344,-0.0076966251132877,Fast Moving Consumer Goods,7.0,0.5128999612152576
2023-10-12,429.6536865234375,431.36962033750393,425.3161402888534,428.652700888149,11774487,424.4009643554688,421.6459197998047,422.4911804199219,424.43909912109376,424.7517834472656,424.0005798339844,0.0769276095135609,0.0054657936898913,-0.0023297499048314,0.0039937602489832,-0.0100954474979176,Fast Moving Consumer Goods,7.0,0.5128999806076289
2023-10-13,427.4134216308594,430.70229964664895,426.1264567148983,428.84337618359393,7632483,425.58306884765625,422.3704315185547,422.5452026367187,424.1936233520508,424.7861022949219,424.17694193522135,0.0252092652317374,-0.0052141177018759,0.0033456004897514,0.0076948402865786,-0.0030110540540595,Fast Moving Consumer Goods,7.0,0.5128999903038145
2023-10-16,427.9853820800781,429.9396415409925,425.36379889995015,427.07973261721656,4214958,427.20368041992185,422.80418395996094,422.9169901529948,424.1459579467773,424.90240478515625,424.4708770751953,0.0384134392230727,0.0013381901930836,-0.0021160756903891,0.0045661827313268,-0.0061254035532397,Fast Moving Consumer Goods,7.0,0.5128999951519073
2023-10-17,432.2752685546875,433.2762250944736,428.0330584541664,428.7956892375749,6936218,428.9291625976563,424.11021118164064,423.6065470377605,424.3890502929688,425.3142321777344,424.8649098714193,0.1374489712973444,0.0100234415805507,-0.0080494526757142,0.0023155535664411,-0.009813677554825,Fast Moving Consumer Goods,7.0,0.5128999975759536
2023-10-18,430.5592956542969,436.8034477818804,429.9396545206051,433.03788928156285,6894947,429.5774108886719,425.59259643554685,424.1912394205729,424.3699844360352,425.4839196777344,425.31455078125,0.0978343357537101,-0.003969630060327,0.0057566835794344,0.0145024208990647,-0.0014391540025867,Fast Moving Consumer Goods,7.0,0.5128999987879768
2023-10-19,429.36767578125,433.65753938515513,425.9834616862802,428.7480346347414,9465463,429.5202087402344,426.9605865478516,424.2706827799479,424.2484375,425.4553210449219,425.54652099609376,0.0703248179946837,-0.00276760921219,-0.0014431481023371,0.0099911191407213,-0.007881855775035,Fast Moving Consumer Goods,7.0,0.5128999993939884
2023-10-20,417.8326721191406,428.033025339965,416.9270517704676,424.21981353292745,13020371,427.60405883789065,426.5935638427735,424.1149739583333,423.8099166870117,424.87571044921873,425.25576171875,-0.195970160186457,-0.0268650956109376,0.0152863618380842,0.0244125313826961,-0.0021674234905565,Fast Moving Consumer Goods,7.0,0.5129
2023-10-20,417.8326721191406,428.033025339965,416.9270517704676,424.21981353292745,13020371,427.60405883789065,426.5935638427735,424.1149739583333,423.8099166870117,424.87571044921873,425.25576171875,-0.195970160186457,-0.0268650956109376,0.0152863618380842,0.0244125313826961,-0.0021674234905565,Fast Moving Consumer Goods,7.0,0.5129
2023-10-23,415.54473876953125,419.40563306738176,412.8755022192243,417.54668072850967,7275471,425.1159301757813,426.1598052978516,423.57476603190105,423.4667251586914,424.3399523925781,424.9379923502604,-0.2487889697214267,-0.0054757167217335,0.0048176327894473,0.0092911639533277,-0.0064234637122607,Fast Moving Consumer Goods,7.0,0.59145
2023-10-25,412.4942321777344,417.54672659311694,407.10804679128915,416.4980874429905,10889221,421.15972290039065,425.04444274902346,423.1267150878906,422.994841003418,423.7431848144531,424.6218139648437,-0.3192124052138976,-0.0073409823472431,0.0097064515159837,0.0122486425778811,-0.0130576016978691,Fast Moving Consumer Goods,7.0,0.630725
2023-10-26,414.06719970703125,416.2121316426804,409.49132745547905,409.49132745547905,18801214,417.8613037109375,423.7193572998047,423.0154988606771,422.608755493164,423.0682482910156,424.2134836832682,-0.2828991654297018,0.0038133079364346,-0.0110510377416752,0.0051801541806903,-0.0110510377416752,Fast Moving Consumer Goods,7.0,0.6503625
2023-10-27,413.49517822265625,416.40274074952777,412.0175702026065,414.06716584388477,13132487,414.6868041992187,422.10350646972654,422.869325764974,421.8747131347656,422.3361108398437,423.6605682373047,-0.296104748467456,-0.0013814701690443,0.0013832993740994,0.0070316721451728,-0.0035734588886888,Fast Moving Consumer Goods,7.0,0.6601812499999999
2023-10-30,410.34930419921875,416.7364170960637,408.3473620016256,414.2578233796388,7618033,413.1901306152344,420.3970947265625,422.1257527669271,421.3837631225586,421.6859594726562,422.92811381022136,-0.3687298189894287,-0.0076080065478865,0.0095248587981582,0.0155650633045647,-0.0048786294435173,Fast Moving Consumer Goods,7.0,0.6650906249999999
2023-10-31,408.3949890136719,413.11385038087474,407.91833752577253,409.92027959344944,8620154,411.7601806640625,418.43805541992185,421.35993041992185,420.6211196899414,421.1254162597656,422.2433237711588,-0.413846780798794,-0.0047625648820354,0.0037348415646856,0.0115546505078318,-0.001167133536703,Fast Moving Consumer Goods,7.0,0.6675453124999999
2023-11-01,408.1090393066406,410.9689484411055,405.63044557160435,409.9203092733017,7990245,410.8831420898438,416.0214324951172,420.3240091959635,420.0658218383789,420.5725012207032,421.59984436035154,-0.4204481632712522,-0.0007001792742899,0.0044382010497447,0.0070077083794168,-0.0060733615193804,Fast Moving Consumer Goods,7.0,0.67
2023-11-01,408.1090393066406,410.9689484411055,405.63044557160435,409.9203092733017,7990245,410.8831420898438,416.0214324951172,420.3240091959635,420.0658218383789,420.5725012207032,421.59984436035154,-0.4204481632712522,-0.0007001792742899,0.0044382010497447,0.0070077083794168,-0.0060733615193804,Fast Moving Consumer Goods,7.0,0.67
2023-11-02,411.0166015625,412.4942387360577,408.6333439527296,409.967962395701,8152031,410.2730224609375,414.0671630859375,419.23724568684895,419.8298797607422,420.1416088867188,420.9357106526693,-0.353324714491801,0.0071244740395831,-0.0025513304397255,0.0035950790501901,-0.0057984460985525,Fast Moving Consumer Goods,7.0,0.659
2023-11-03,413.0185241699219,414.11481679988236,410.9689285413003,412.58952618352487,13802600,410.1776916503906,412.4322479248047,418.1282348632813,419.6964172363281,419.5353088378906,420.3097076416016,-0.3071086964757084,0.0048706611845153,-0.001038689456506,0.0026543425192944,-0.0049624786993291,Fast Moving Consumer Goods,7.0,0.6535
2023-11-06,415.0204772949219,416.402749224149,412.3512113723635,413.25686088211535,7308229,411.1119262695312,412.1510284423828,417.3020385742187,419.3722961425781,419.32939575195314,419.9236206054687,-0.2608919739364064,0.004847126721552,-0.0042494684221406,0.0033306113911213,-0.0064316487223872,Fast Moving Consumer Goods,7.0,0.6507499999999999
2023-11-07,412.4942321777344,414.59148138548767,411.9698980564213,414.59148138548767,5124012,411.93177490234376,411.8459777832031,416.2692952473959,419.00289154052734,418.88325073242186,419.5931427001953,-0.3192124052138976,-0.0060870372798311,0.0050843115955367,0.0050843115955367,-0.0012711307950777,Fast Moving Consumer Goods,7.0,0.649375
2023-11-08,416.5457763671875,417.07008140395243,412.11289394226543,412.92320734749313,6979849,413.61912231445314,412.2511322021484,415.2206624348958,418.6477874755859,418.77648193359374,419.4136047363281,-0.2256791994053568,0.0098220626457327,-0.0086966888760409,0.0012586972825352,-0.0106420054563569,Fast Moving Consumer Goods,7.0,0.6486875000000001
2023-11-09,414.1148376464844,417.54673443292626,413.6381861231591,417.3560621865961,7785767,414.23876953125,412.2558959960937,414.124365234375,417.9876266479493,418.7116577148437,419.157802327474,-0.281799404699765,-0.0058359461519548,0.0078268737206625,0.0082873069845701,-0.0011510129075167,Fast Moving Consumer Goods,7.0,0.64834375
2023-11-10,416.1643981933594,417.54669913113503,412.30353281784454,414.1148026348453,4079205,414.8679443359375,412.522817993164,413.2441467285156,417.3131622314453,418.73072265625,418.7574147542318,-0.2344836259537357,0.0049492564877007,-0.0049249661129392,0.0033215261655645,-0.0092772601219025,Fast Moving Consumer Goods,7.0,0.6481718750000001
2023-11-13,415.6401062011719,417.9280275727703,414.6868032052976,417.9280275727703,3744754,414.9918701171875,413.05189819335936,413.0979756673177,416.72449645996096,418.4962109375,418.6064748128255,-0.2465873346919249,-0.0012598194234382,0.0055045731570742,0.0055045731570742,-0.0022935779816514,Fast Moving Consumer Goods,7.0,0.6480859375000001
2023-11-15,421.312255859375,421.8365608516831,417.0700460397997,417.6420336357252,7436428,416.7554748535157,414.3436248779297,413.4824768066407,416.3908401489258,418.553408203125,418.5286214192709,-0.1156411283692515,0.0136467813706547,-0.0087114062612857,0.0012444570149963,-0.0100690396744386,Fast Moving Consumer Goods,7.0,0.64804296875
2023-11-16,418.1663513183594,423.7431796360056,417.1653948144863,421.3122686451719,10857863,417.07958984375,415.3493560791016,413.8606180826823,415.6853942871094,418.33414794921873,418.49366658528646,-0.1882669034144337,-0.0074669191253379,0.0075231240316069,0.0133363870623834,-0.0023936801722982,Fast Moving Consumer Goods,7.0,0.6480214843750001
2023-11-17,418.7383117675781,420.8832433588748,417.8326623475876,418.7383117675781,6655278,418.0042846679688,416.12152709960935,414.1720255533854,415.09434509277344,417.9909582519532,418.59376220703126,-0.1750627294230984,0.0013677820977597,0.0,0.0051223676721685,-0.0021628052522053,Fast Moving Consumer Goods,7.0,0.6480107421875001
2023-11-20,416.4027404785156,419.73930099226175,414.210155206482,419.3103320959937,4335388,418.051953125,416.4599487304688,414.36586303710936,414.4460983276367,417.4609204101562,418.6175944010417,-0.2289812996880048,-0.0055776393595407,0.0069826428474912,0.0080128207367509,-0.0052655399662211,Fast Moving Consumer Goods,7.0,0.6480053710937501
2023-11-21,415.8784484863281,418.7860111023558,415.16347121099346,416.7364153982298,5997810,418.09962158203126,416.5457458496094,414.73447265625,414.34838714599607,416.999521484375,418.43011271158855,-0.241085008426194,-0.0012590983229,0.0020630232584168,0.0069913760297277,-0.0017191977077364,Fast Moving Consumer Goods,7.0,0.648002685546875
2023-11-22,419.1673278808594,419.83462250489373,414.49612005012943,416.593398222804,4886687,417.67063598632814,417.2130554199219,415.45262858072914,414.5295166015625,416.6467993164063,418.4062795003255,-0.1651585421447827,0.0079082708096603,-0.0061405779669615,0.0015919528542645,-0.0111440170071118,Fast Moving Consumer Goods,7.0,0.6480013427734375
2023-11-23,419.7869873046875,421.5982572096434,417.7850451602628,420.3589749305944,6366606,417.99476318359376,417.5371765136719,416.2311584472656,414.89415435791017,416.14726806640624,418.2775838216146,-0.1508531983770917,0.0014783104087832,0.0013625663567597,0.0043147357105695,-0.0047689475971575,Fast Moving Consumer Goods,7.0,0.6480006713867188
2023-11-24,417.3560485839844,421.5982586403157,416.45042817468277,420.4066298708405,6821878,417.718310546875,417.8612976074219,416.65378824869794,415.0585968017578,415.61913818359375,417.9455169677734,-0.2069734036715,-0.0057908863166802,0.0073093017274008,0.0101644868230001,-0.002169898848655,Fast Moving Consumer Goods,7.0,0.6480003356933595
2023-11-28,414.9251403808594,418.50002671383635,414.591478504615,417.5467236917092,8745691,417.42279052734375,417.7373718261719,416.78089599609376,415.130094909668,415.04143676757815,417.4545654296875,-0.2630929044426988,-0.0058245428846009,0.0063182079264791,0.0086157380815623,-0.0008041495772902,Fast Moving Consumer Goods,7.0,0.6480001678466798
2023-11-29,416.7840881347656,418.0233704123293,413.8764964950983,415.6401128843229,13785216,417.6039184570312,417.8517700195313,416.8984700520833,415.4518341064453,414.9994934082032,417.100254313151,-0.2201775776628353,0.0044802003373425,-0.0027447670940663,0.0029734395166327,-0.006976253946449,Fast Moving Consumer Goods,7.0,0.64800008392334
2023-11-30,415.4494323730469,417.97570857643217,414.21015012015863,416.3074283400449,15127505,416.8603393554688,417.2654876708984,417.0954833984375,415.8045562744141,414.99568115234376,416.6823893229167,-0.2509891957045096,-0.0032022713911458,0.0020652235871334,0.0060808271874515,-0.0029829918067512,Fast Moving Consumer Goods,7.0,0.64800004196167
2023-12-01,428.7956848144531,429.89200655648096,416.9747332385599,417.45138474639833,19336856,418.6620788574219,418.3284210205078,417.9121439615885,416.8388885498047,415.6477392578125,416.5664031982422,0.057119939480139,0.032124854197471,-0.026456189905371,0.0025567462100328,-0.0275677950933865,Fast Moving Consumer Goods,7.0,0.648000020980835
2023-12-04,432.84722900390625,435.0874969422303,429.9396664002834,433.7528785191329,12800220,421.7603149414063,419.7393127441407,419.1609700520833,417.930419921875,416.3989404296875,416.6426676432292,0.1506531452886798,0.0094486589602838,0.0020923075268628,0.0051756550307124,-0.0067172951766698,Fast Moving Consumer Goods,7.0,0.6480000104904176
2023-12-05,430.6546325683594,436.4221041124081,429.08168842839143,433.7528673350382,12136292,424.9062133789063,421.164501953125,420.1269856770833,418.8122253417969,417.0853186035157,416.68556620279946,0.1000352662600024,-0.0050655203236315,0.0071942446043165,0.0133923360109988,-0.0036524491344425,Fast Moving Consumer Goods,7.0,0.6480000052452088
2023-12-06,441.6176452636719,442.8092740960077,430.9883218977361,432.70425577929944,20417559,429.8729248046875,423.73842163085936,421.85882161458335,420.1420837402344,418.33605224609374,417.4783986409505,0.3531253659265985,0.0254566231644386,-0.0201834994139571,0.0026983270372367,-0.0240690639967282,Fast Moving Consumer Goods,7.0,0.6480000026226045
2023-12-07,436.7080993652344,443.0952118524623,436.04077564466667,443.0475583406352,11310918,434.124658203125,425.49249877929685,422.8852111816406,421.3527770996094,419.46857666015626,418.1838439941406,0.2397844900846358,-0.0111171868947994,0.0145164676007047,0.0146255874267313,-0.0015280772706933,Fast Moving Consumer Goods,7.0,0.6480000013113023
2023-12-08,428.176025390625,440.0446590660381,427.55638427539213,438.47171497583224,18667895,434.0007263183594,426.3314025878906,423.5525227864583,421.9342895507813,420.2712561035156,418.7065704345703,0.042814595712448,-0.0195372469322436,0.0240454602188773,0.0277190523794164,-0.0014471644335237,Fast Moving Consumer Goods,7.0,0.6480000006556512
2023-12-11,431.32196044921875,432.4182530971441,428.3190326802288,430.4163109486505,6599973,433.6956726074219,427.7279937744141,424.3914326985677,422.794645690918,421.0834704589844,419.2817291259765,0.1154410752808396,0.0073472938045134,-0.0020997064457951,0.002541703758333,-0.0069621490309985,Fast Moving Consumer Goods,7.0,0.6480000003278257
2023-12-12,431.94158935546875,438.5193741492072,431.2266121150081,432.9902284599774,10158101,433.95306396484375,429.429638671875,425.4273559570312,423.58350524902346,421.8403930664063,419.8966094970703,0.1297457145253211,0.001436580937369,0.002427733587945,0.0152284127202328,-0.0016552637163916,Fast Moving Consumer Goods,7.0,0.6480000001639128
2023-12-13,434.37249755859375,437.42307873538607,431.94158659357043,434.99213867786455,11283868,432.5040344238281,431.1884796142578,426.66029256184896,424.5201248168945,422.6144738769531,420.6973826090495,0.1858652152965199,0.0056278632644574,0.0014265201474621,0.0070229611541665,-0.0055963740307831,Fast Moving Consumer Goods,7.0,0.6480000000819564
2023-12-14,438.61474609375,439.47271303388436,428.4620742684088,438.5194099687349,14370803,432.8853637695312,433.5050109863281,427.956787109375,425.38524932861327,423.65929443359374,421.7047078450521,0.2838009866408549,0.0097663838272449,-0.000217357318385,0.0019560832091836,-0.0231471283529787,Fast Moving Consumer Goods,7.0,0.648
2023-12-14,438.61474609375,439.47271303388436,428.4620742684088,438.5194099687349,14370803,432.8853637695312,433.5050109863281,427.956787109375,425.38524932861327,423.65929443359374,421.7047078450521,0.2838009866408549,0.0097663838272449,-0.000217357318385,0.0019560832091836,-0.0231471283529787,Fast Moving Consumer Goods,7.0,0.648
2023-12-15,436.8034362792969,441.3316254260688,433.7528551118407,440.3306398433888,15789845,434.6108459472656,434.3057861328125,429.0912170410156,426.31710357666014,424.46960083007815,422.6611877441407,0.2419854205909282,-0.0041296144978809,0.0080750362088191,0.0103666518407985,-0.0069838763024419,Fast Moving Consumer Goods,7.0,0.5740000000000001
2023-12-18,430.5592956542969,434.7061695374632,429.3200133869133,433.7528665340916,12027620,434.4583129882813,434.0769927978516,429.9714335123698,426.9081527709961,425.12737915039065,423.3126108805338,0.0978343357537101,-0.0142950812800095,0.0074172614829779,0.0096313653543691,-0.0028783080051734,Fast Moving Consumer Goods,7.0,0.537
2023-12-19,434.801513671875,436.61278359317214,430.9406189815449,432.17993036427407,10268755,435.0302978515625,434.4916809082032,431.29652506510416,427.8280914306641,425.8728637695313,424.03871053059896,0.1957694025748356,0.009852807871983,-0.0060293794413497,0.004165739686601,-0.0088796716868003,Fast Moving Consumer Goods,7.0,0.5185
2023-12-20,429.93963623046875,437.804385673709,428.3190095566808,437.5660599330048,10367665,434.1437255859375,433.3238800048828,432.1735616048177,428.5311508178711,426.4448449707031,424.5360158284505,0.0835289919860191,-0.0111818319130215,0.0177383592017739,0.0182926829268292,-0.003769428396965,Fast Moving Consumer Goods,7.0,0.50925
2023-12-21,430.3686218261719,432.56120694060763,423.6955012783278,428.03301799742775,11154625,432.4945007324219,432.6899322509765,433.168174235026,429.0912155151367,426.807099609375,425.1318288167318,0.0934324747411253,0.0009977809895926,-0.0054269844739923,0.0050946676947125,-0.0155055926696704,Fast Moving Consumer Goods,7.0,0.504625
2023-12-22,433.94354248046875,434.6108371330326,429.5106602029059,431.8462642181272,11026317,431.9225219726562,433.2666839599609,433.51136474609376,429.7990432739258,427.43818725585936,425.7117543538412,0.1759624370646231,0.0083066480059059,-0.0048330671090374,0.001537745322236,-0.0102153433421868,Fast Moving Consumer Goods,7.0,0.5023124999999999
2023-12-26,435.1351623535156,437.47073722851377,433.4668821174462,434.7538178827009,5871301,432.8376953125,433.64800415039065,433.6638936360677,430.68799896240233,428.09406127929685,426.4124318440755,0.2034719548236495,0.0027460251309086,-0.0008763816482955,0.0053674698738794,-0.0038339357064278,Fast Moving Consumer Goods,7.0,0.50115625
2023-12-27,435.75482177734375,437.0894402037407,432.56125080141186,435.65948565563684,7543383,433.0283569335937,434.0293273925781,434.00390625,431.72948303222654,428.86814453125,427.06544596354166,0.2177772985913404,0.0014240619408382,-0.0002187838595062,0.0030627737427055,-0.0073288253309649,Fast Moving Consumer Goods,7.0,0.500578125
2023-12-28,442.42791748046875,442.99990508521523,434.80149366384353,435.85013275712913,20696101,435.52601318359376,434.8348693847656,434.0579243977865,433.0116744995117,429.9301232910156,427.9583730061849,0.3718311616604553,0.0153138769088245,-0.0148674721089,0.0012928379565282,-0.0172376640697903,Fast Moving Consumer Goods,7.0,0.5002890625
2023-12-29,440.52130126953125,446.0504467708486,439.8063240533697,442.4279071792955,12888266,437.5565490722656,435.02552490234376,434.3121378580729,434.265267944336,430.7842822265625,428.5986745198568,0.3278153696274457,-0.0043094392003905,0.0043280674606873,0.0125513692195655,-0.0016230252977577,Fast Moving Consumer Goods,7.0,0.50014453125
2024-01-01,446.1934509277344,448.00474987500087,441.0456206222098,441.85593397875033,9346277,440.0065307617188,435.9645263671875,435.5132995605469,435.13515625,431.8405407714844,429.5329111735026,0.458761575950119,0.0128759940594396,-0.0097211578071471,0.0040594476308435,-0.0115372161891239,Fast Moving Consumer Goods,7.0,0.5000722656250001
2024-01-02,448.38604736328125,449.3393503111813,441.95125246495604,448.0523855130168,10519771,442.6567077636719,437.747201538086,436.6509053548177,435.9120971679688,433.08174072265626,430.5211690266927,0.5093794549787963,0.0049140040737666,-0.0007441396810327,0.0021260762985511,-0.0143510150152191,Fast Moving Consumer Goods,7.0,0.5000361328125
2024-01-03,454.9638671875,458.2527742499516,447.4327791332262,448.2907460344094,24036012,446.4985168457032,439.76343688964846,438.1857238769532,437.12755889892577,434.68328979492185,431.80653991699216,0.6612337965880377,0.0146699922151891,-0.0146673651126244,0.0072289412405055,-0.0165531564096058,Fast Moving Consumer Goods,7.0,0.50001806640625
2024-01-04,454.153564453125,458.9677622819914,452.056315211317,457.5854612308564,11786959,448.8436462402344,442.18482971191406,439.50446166992185,437.7543548583984,436.1780688476563,433.08237711588544,0.6425272963309715,-0.001781026566756,0.0075566879715323,0.0106003744232712,-0.0046179297179654,Fast Moving Consumer Goods,7.0,0.5000090332031251
2024-01-05,451.8179626464844,457.0134464738247,449.959010183515,457.0134464738247,9209405,451.102978515625,444.3297637939453,440.3846761067708,438.5098480224609,437.63281005859375,434.1707316080729,0.5886080215428556,-0.0051427578454725,0.0114990643508465,0.0114990643508465,-0.0041143837046246,Fast Moving Consumer Goods,7.0,0.5000045166015625
2024-01-08,443.7625427246094,453.29557264350535,442.85689324531484,452.81892114756056,8003177,450.616796875,445.31166381835936,440.8486165364584,439.28917388916017,438.231484375,434.96991678873695,0.4026420751789202,-0.0178289058599863,0.0204081632653061,0.0214822771213747,-0.0020408425500134,Fast Moving Consumer Goods,7.0,0.5000022583007813
2024-01-09,442.85687255859375,448.00473174832973,441.99890572447015,445.66912789030147,5696780,449.5109619140625,446.0838348388672,441.6684549967448,439.8659194946289,438.6318701171875,435.8199442545573,0.3817339398923521,-0.0020408891666588,0.0063502578507137,0.0116242052652233,-0.0019373456466119,Fast Moving Consumer Goods,7.0,0.5000011291503906
2024-01-10,441.665283203125,444.9541903013777,438.56704834832163,442.856911993434,5896123,446.8512451171875,446.6748809814453,442.1260396321615,440.3521041870117,439.0722961425781,436.7112823486328,0.3542251266565352,-0.0026906872836462,0.0026980359010035,0.007446605434777,-0.0070148933426095,Fast Moving Consumer Goods,7.0,0.5000005645751953
2024-01-11,441.0456237792969,444.7634996325391,439.5680157775271,442.4279247557901,6534775,444.2296569824219,446.5366516113281,442.86643880208334,440.6857604980469,439.04941528320313,437.52000020345054,0.3399197828888443,-0.0014030068637818,0.0031341450905881,0.0084296853948666,-0.0033502384381648,Fast Moving Consumer Goods,7.0,0.5000002822875976
2024-01-12,444.9065246582031,445.8598276644624,438.85304474995695,441.61761764960903,9354326,442.8473693847656,446.9751739501953,443.8356323242188,441.0003494262695,439.3773522949219,438.5019032796224,0.4290518322080097,0.0087539716318289,-0.0073923550820496,0.00214270403652,-0.0136061837099303,Fast Moving Consumer Goods,7.0,0.5000001411437989
2024-01-15,445.7644958496094,448.529068775956,444.33454132641293,448.05241726822385,6902156,443.2477600097656,446.9322784423828,444.6236958821615,441.4484024047852,440.08089111328127,439.0675303141276,0.4488587977182222,0.0019284302293956,0.0051325788390881,0.0062018688165763,-0.0032078699324651,Fast Moving Consumer Goods,7.0,0.5000000705718994
2024-01-16,450.2449951171875,452.81892485335345,442.5709176066723,445.9551316185768,12066347,444.7253845214844,447.1181732177735,445.6310180664062,442.4326873779297,440.8378125,439.647455851237,0.5522947817586598,0.0100512699178485,-0.0095278427192603,0.0057167314774837,-0.0170442261296381,Fast Moving Consumer Goods,7.0,0.5
2024-01-16,450.2449951171875,452.81892485335345,442.5709176066723,445.9551316185768,12066347,444.7253845214844,447.1181732177735,445.6310180664062,442.4326873779297,440.8378125,439.647455851237,0.5522947817586598,0.0100512699178485,-0.0095278427192603,0.0057167314774837,-0.0170442261296381,Fast Moving Consumer Goods,7.0,0.5
2024-01-17,444.81121826171875,454.72556437079993,443.4765997822753,449.3870613605252,11108698,445.3545715332031,446.1029083251953,446.2347778320312,442.93317260742185,441.35259765625,440.1193420410156,0.4268516062249268,-0.0120684891878797,0.0102871575871859,0.0222888850416711,-0.0030004155125831,Fast Moving Consumer Goods,7.0,0.426
2024-01-18,443.7625427246094,446.00281057404965,433.3238633264188,443.524216976637,9143784,445.8979553222656,445.0638061523438,446.32375284830727,443.6243179321289,441.7281994628906,440.1908386230469,0.4026420751789202,-0.0023575743912383,-0.0005370569280344,0.0050483482352645,-0.0235231196713883,Fast Moving Consumer Goods,7.0,0.389
2024-01-19,449.48236083984375,450.91231532819955,444.6205097609343,446.6701053757446,12203322,446.81312255859376,444.8302459716797,446.9211568196615,444.5800048828125,442.1629040527344,440.6166473388672,0.5346887467547397,0.0128893666421593,-0.006256653673449,0.0031813361611876,-0.0108165558929281,Fast Moving Consumer Goods,7.0,0.3705
2024-01-23,437.85205078125,451.62729059578845,435.08747793436123,451.62729059578845,8404513,445.2306335449219,444.23919677734375,446.3650634765625,444.7754302978516,442.2048486328125,440.9391815185547,0.266193542590516,-0.025874897597456,0.031460946203083,0.031460946203083,-0.0063139428991048,Fast Moving Consumer Goods,7.0,0.3612499999999999
2024-01-24,441.9512939453125,445.5738338503356,436.7081272397528,438.6147333145018,21626183,443.5718933105469,444.1486389160156,445.9360799153646,445.1162368774414,442.6605285644531,441.2934926350911,0.3608279181754124,0.0093621650435308,-0.0075496116348594,0.0081966948726057,-0.0118636754262076,Fast Moving Consumer Goods,7.0,0.3566249999999999
2024-01-25,434.37249755859375,443.2382327391162,430.9882836123851,441.90358529145817,19677700,441.48414916992186,443.4193603515625,444.5633219401042,445.04712066650393,442.6433679199219,441.3745229085287,0.1858652152965199,-0.017148487832364,0.0173378558154422,0.0204104431803409,-0.00779104101947,Fast Moving Consumer Goods,7.0,0.3543125
2024-01-29,428.7956848144531,435.8978039182455,426.6030995153961,434.61083902858184,17869152,438.49077758789065,442.1943664550781,442.8727966308594,444.3655090332031,442.59760986328126,441.1886291503906,0.057119939480139,-0.0128387795624384,0.013561596863189,0.0165629444402304,-0.0051133567260729,Fast Moving Consumer Goods,7.0,0.3531562499999999
2024-01-30,417.5943603515625,432.5135753197079,416.97471923068866,426.1264336922432,43514448,432.1131774902344,439.46315002441406,440.5912231445312,443.2191619873047,442.0866394042969,440.487949625651,-0.2014717819289785,-0.0261227546348504,0.0204314860322771,0.0357265719670765,-0.0014838349836721,Fast Moving Consumer Goods,7.0,0.3525781249999999
2024-01-31,420.930908203125,421.8365576475028,418.21401805498647,419.45330025966376,19882944,428.72894897460935,436.9797912597657,439.06911417643227,441.9560348510742,441.5661340332031,439.9588653564453,-0.124444850394421,0.0079899255553967,-0.0035103336786762,0.0021515394254221,-0.0064544800469427,Fast Moving Consumer Goods,7.0,0.3522890624999999
2024-02-01,422.2178955078125,426.84142090507186,418.7859988679654,421.3599286209755,19165409,424.7822692871094,434.1770812988281,437.69318237304685,440.6476272583008,441.049443359375,439.6808186848958,-0.0947336976058929,0.0030574787443892,-0.0020320476606163,0.0109505671039795,-0.0081282595464586,Fast Moving Consumer Goods,7.0,0.35214453125
2024-02-02,419.54864501953125,426.3171019589746,418.97665741616316,424.21982377745763,17156021,421.8174987792969,431.65082397460935,436.21873982747394,438.8768661499024,440.4011962890625,439.1723897298177,-0.1563555246428226,-0.0063219738355023,0.0111338191968393,0.0161327107590307,-0.0013633403662678,Fast Moving Consumer Goods,7.0,0.352072265625
2024-02-05,417.5943603515625,422.93286287851083,416.16440587608514,421.35991877398544,12041897,419.5772338867188,429.0340057373047,434.655322265625,437.0489059448242,439.4078540039063,438.76088053385416,-0.2014717819289785,-0.004658064544286,0.0090172635934373,0.0127839430648775,-0.0034242667316519,Fast Moving Consumer Goods,7.0,0.3520361328125
2024-02-06,411.2549133300781,420.3112919390524,409.4436434267831,419.45332504722836,18764371,418.30934448242186,425.2112609863281,432.4118815104167,435.02075347900393,438.2371984863281,438.1237569173177,-0.3478230927492795,-0.0151808731711495,0.0199351094696103,0.0220213262271848,-0.004404251097278,Fast Moving Consumer Goods,7.0,0.35201806640625
2024-02-07,411.6361999511719,414.68678101170514,410.6828970063174,414.68678101170514,12880824,416.4504028320313,422.5896759033203,430.13666178385415,433.414436340332,436.8549084472656,437.3801788330078,-0.3390207797705289,0.0009271296432821,0.0074108668306993,0.0074108668306993,-0.0023158870501854,Fast Moving Consumer Goods,7.0,0.352
2024-02-07,411.6361999511719,414.68678101170514,410.6828970063174,414.68678101170514,12880824,416.4504028320313,422.5896759033203,430.13666178385415,433.414436340332,436.8549084472656,437.3801788330078,-0.3390207797705289,0.0009271296432821,0.0074108668306993,0.0074108668306993,-0.0023158870501854,Fast Moving Consumer Goods,7.0,0.352
2024-02-08,400.9958801269531,415.07017169638107,395.2404387699193,414.97343538790636,48183882,412.20599975585935,418.4941345214844,426.8533874511719,431.32138671875,434.9593017578125,436.24220275878906,-0.5846612510205003,-0.0258488437738976,0.0348571044084742,0.0350983445639694,-0.0143528690499554,Fast Moving Consumer Goods,7.0,0.526475
2024-02-09,401.9148254394531,410.33038232876737,395.24043352022613,396.691389568744,32283965,408.6792358398437,415.2483673095703,423.9936279296875,429.3338638305664,432.83734008789065,435.11420288085935,-0.5634466481378255,0.0022916577402467,-0.0129963752021284,0.0209386575379812,-0.0166064835053776,Fast Moving Consumer Goods,7.0,0.6137125
2024-02-12,393.5476379394531,404.33307162550864,392.7737770283046,403.89777301800166,10906914,403.86989135742186,411.7235626220703,420.6459676106771,426.9589645385742,430.41310302734377,433.4848602294922,-0.7566100036094059,-0.0208183101751753,0.0262995736240219,0.0274056623552008,-0.001966371632162,Fast Moving Consumer Goods,7.0,0.6573312499999999
2024-02-13,393.4508972167969,397.3684665612606,390.11368664945735,393.59598691107794,15606705,400.3090881347656,409.30921630859376,416.910536702474,424.3861831665039,428.0784204101562,431.9158467610677,-0.7588433421833325,-0.0002458170582925,0.0003687618844114,0.0099569460183619,-0.0084818984807161,Fast Moving Consumer Goods,7.0,0.6791406249999999
2024-02-14,398.0939636230469,398.7710882551627,391.17774567976284,392.72543803904443,12150077,397.6006408691407,407.025521850586,414.25999755859374,422.0026565551758,426.2516772460938,430.3125305175781,-0.651654363006205,0.0118008789383738,-0.0134855739462702,0.0017009166025863,-0.0173733303573349,Fast Moving Consumer Goods,7.0,0.6900453124999999
2024-02-15,390.694091796875,400.99587381199336,389.968613774405,399.49656437346596,20383983,395.540283203125,403.8731414794922,410.8428507486979,419.02511138916014,424.165166015625,428.3894653320313,-0.8224864463081473,-0.01858825428757,0.0225303447413467,0.0263678981367201,-0.0018568952991671,Fast Moving Consumer Goods,7.0,0.6954976562499999
2024-02-16,391.3712158203125,396.15935304934135,386.34122306439144,391.75813152774265,37518847,393.4315612792969,401.0553985595704,407.9760986328125,416.3531112670898,422.1534033203125,426.2697102864584,-0.8068544853370797,0.0017331309524627,0.0009886156461944,0.0122342600464189,-0.012852229680147,Fast Moving Consumer Goods,7.0,0.698223828125
2024-02-19,395.869140625,399.2547044421961,391.37118317182285,391.75809884697617,16949793,393.89586181640624,398.8828765869141,405.78099568684894,413.95844116210935,420.3463439941406,424.3268961588541,-0.7030162185440516,0.0114927327888942,-0.0103848503359804,0.0085522296884545,-0.0113622331007559,Fast Moving Consumer Goods,7.0,0.6995869140625
2024-02-20,392.8221435546875,397.0299216792301,391.0809787170626,397.0299216792301,14084218,393.7701110839844,397.039599609375,404.1295145670573,411.1254302978516,418.26296875,422.3603688557943,-0.7733586338674368,-0.0076969805363001,0.0107116622460892,0.0107116622460892,-0.0044324508335221,Fast Moving Consumer Goods,7.0,0.70026845703125
2024-02-21,390.1620788574219,396.69138093362346,388.17908792241377,393.692732594672,19414653,392.18373413085936,394.8921875,402.07825927734376,408.74093170166014,416.0388720703125,420.573686726888,-0.8347683994183249,-0.0067716770576995,0.0090491975734534,0.0167348454143017,-0.0050824799294058,Fast Moving Consumer Goods,7.0,0.7006092285156249
2024-02-22,400.899169921875,401.57626503587414,390.258825515424,393.5960067310359,18604659,394.22474975585936,394.8825164794922,400.6570109049479,406.6883255004883,414.0650390625,419.1750966389974,-0.5868938850712175,0.0275195659606294,-0.0182169576261839,0.0016889411722431,-0.0265411983979027,Fast Moving Consumer Goods,7.0,0.7007796142578124
2024-02-23,397.9488830566406,402.30175131216487,397.0783153094912,402.30175131216487,11147636,395.540283203125,394.4859222412109,399.2170267740885,404.8671447753906,412.1905456542969,417.7178833007813,-0.6550036663438855,-0.0073591742926514,0.0109382597636407,0.0109382597636407,-0.0021876371167638,Fast Moving Consumer Goods,7.0,0.7008648071289062
2024-02-26,395.82080078125,399.5448974917922,393.98289960177095,397.65867244095426,7982145,395.530615234375,394.7132385253906,397.7654561360677,403.2184005737305,410.2728759765625,416.2103892008464,-0.7041321833078055,-0.0053476272104217,0.0046431912018689,0.0094085422069576,-0.0046432657805034,Fast Moving Consumer Goods,7.0,0.7009074035644531
2024-02-27,397.70703125,399.25472354443616,395.19203496151306,396.5946375607967,7783743,396.5075927734375,395.13885192871095,396.8622639973958,402.2240341186524,408.2018627929688,414.63707275390624,-0.6605870127787021,0.0047653646928788,-0.0027970179096583,0.0038915386775328,-0.0063237410728753,Fast Moving Consumer Goods,7.0,0.7009287017822265
2024-02-28,394.9502258300781,398.86782488515695,393.49926977703626,397.70704823481293,8617768,397.4652221679688,394.82447814941406,395.7498657226562,400.925,406.48578979492186,412.9432637532552,-0.7242301169035169,-0.0069317492608998,0.0069801768031418,0.009919222218053,-0.0036737693971242,Fast Moving Consumer Goods,7.0,0.7009393508911133
2024-02-29,393.0155944824219,397.6102883782601,391.27445912980363,395.627327031124,14895144,395.8885070800781,395.0566284179688,395.2178466796875,399.46488494873046,404.52836181640623,411.0356170654297,-0.768892661242793,-0.0048984181325385,0.0066453662026864,0.0116908691673907,-0.0044301940611573,Fast Moving Consumer Goods,7.0,0.7009446754455566
2024-03-01,396.1109924316406,399.641646167186,394.17638440999644,395.5306041211922,12395632,395.52092895507815,395.5306060791016,394.8309244791666,398.2930023193359,402.9979016113281,409.4122762044271,-0.697432872109235,0.0078760181343318,-0.0014652163700016,0.0089132940085088,-0.0048840048840049,Fast Moving Consumer Goods,7.0,0.7009473377227783
2024-03-04,395.7240905761719,399.4482170520853,395.09534885109537,398.77109241290947,6840352,395.5015869140625,395.51610107421874,394.9760213216146,397.1994888305664,401.6750378417969,407.8109944661458,-0.7063648173585226,-0.0009767511199162,0.0076998138584416,0.0094109167589244,-0.0015888386379536,Fast Moving Consumer Goods,7.0,0.7009486688613891
2024-03-05,392.8705139160156,397.94885991885906,390.74246282668935,396.2560779179112,9733507,394.5342834472656,395.5209381103516,394.9373291015625,396.28026885986327,400.686083984375,405.92393290201824,-0.7722419645804735,-0.0072110258842251,0.0086175059770949,0.0129262589656424,-0.0054166729595318,Fast Moving Consumer Goods,7.0,0.7009493344306945
2024-03-06,394.51495361328125,396.54629797546767,387.5987357189732,393.2090872718917,11106855,394.4472290039063,395.9562255859375,394.6987284342448,395.4242065429688,399.6294458007813,404.4793629964193,-0.7342787314397679,0.0041857040399248,-0.0033100553716136,0.0051489667085664,-0.0175309397805173,Fast Moving Consumer Goods,7.0,0.7009496672153472
2024-03-07,400.028564453125,401.3828136928496,390.4522605880456,394.5149492676676,23020545,395.8498229980469,395.8691650390625,395.32102661132814,395.37584075927737,398.74187255859374,403.081938680013,-0.6069925231901383,0.0139756700965216,-0.0137830537001651,0.0033853813453945,-0.023939050148009,Fast Moving Consumer Goods,7.0,0.70095
2024-03-07,400.028564453125,401.3828136928496,390.4522605880456,394.5149492676676,23020545,395.8498229980469,395.8691650390625,395.32102661132814,395.37584075927737,398.74187255859374,403.081938680013,-0.6069925231901383,0.0139756700965216,-0.0137830537001651,0.0033853813453945,-0.023939050148009,Fast Moving Consumer Goods,7.0,0.70095
2024-03-11,396.0142517089844,404.6232514053106,394.6600320128952,403.1722954052632,17620081,395.8304748535156,395.6757019042969,395.6305623372396,395.08081207275393,397.8004968261719,401.8033304850261,-0.6996662106831616,-0.0100350652449745,0.0180752174079306,0.0217391158504383,-0.0034196236378996,Fast Moving Consumer Goods,7.0,0.680025
2024-03-12,391.22613525390625,393.209096750642,386.2928786896107,393.209096750642,34882639,394.9308837890625,395.2162353515625,395.3210286458333,394.96473693847656,396.7457678222656,400.55101216634114,-0.8102037886747602,-0.0120907680327543,0.0050685813601099,0.0050685813601099,-0.0126097316098114,Fast Moving Consumer Goods,7.0,0.6695625000000001
2024-03-13,408.6375732421875,423.6791381422977,407.380060371453,420.7772262372134,101612428,398.08429565429685,396.3092895507813,396.375390625,395.7240707397461,396.64107421875,400.2524525960287,-0.4082465258069508,0.044504792546595,0.0297076279567447,0.0368090598736878,-0.0030773305077093,Fast Moving Consumer Goods,7.0,0.66433125
2024-03-14,405.9291076660156,411.58784183015007,404.3330620094071,408.15392452290826,30764728,400.36712646484375,397.407177734375,397.4265258789063,396.1158279418945,396.41279052734376,399.752392578125,-0.4707736651680117,-0.0066280385200081,0.0054808014869511,0.0139402029991657,-0.0039318334814306,Fast Moving Consumer Goods,7.0,0.661715625
2024-03-15,405.3970947265625,414.53809941835743,401.6729685840798,403.55922311020487,73253754,401.4408325195312,398.64532775878905,397.7263875325521,396.8509780883789,396.5888391113281,399.19169921875,-0.4830556182781893,-0.0013106055451703,-0.0045335095891529,0.0225482738053672,-0.0091863661356393,Fast Moving Consumer Goods,7.0,0.6604078125
2024-03-18,403.80108642578125,406.94482458007053,403.26905148780463,405.3003958914546,15933704,402.9981994628906,399.4143371582031,398.1165344238281,397.4724716186523,396.6642895507812,398.6667805989583,-0.5199007730855127,-0.003936901180453,0.003712990172821,0.0077853632889299,-0.0013175668809757,Fast Moving Consumer Goods,7.0,0.65975390625
2024-03-19,396.1593322753906,405.8323720527878,395.3371475101316,404.3330626952011,20994563,403.9848388671875,399.457861328125,398.13910319010415,397.4869812011719,396.7687573242188,397.952279663086,-0.6963169073454811,-0.0189245507436126,0.0206324318371187,0.0244170438238544,-0.0020753891131043,Fast Moving Consumer Goods,7.0,0.659426953125
2024-03-20,402.1082763671875,403.0271974364901,396.1593332732836,396.5946318722728,19609321,402.6789794921875,400.3816375732422,398.43251953125,397.9512878417969,397.1150524902344,397.6473917643229,-0.5589806755131818,0.0150165441203375,-0.0137118403648072,0.0022852577857996,-0.0147943811245296,Fast Moving Consumer Goods,7.0,0.6592634765625001
2024-03-21,407.4768371582031,408.202315206556,402.591963440538,405.3004030131445,19227982,402.988525390625,401.6778259277344,399.267626953125,398.817025756836,397.4903674316406,397.5087463378906,-0.4350430660780233,0.013351032810161,-0.0053412462908011,0.0017804154302671,-0.0119881015856824,Fast Moving Consumer Goods,7.0,0.65918173828125
2024-03-22,414.58648681640625,415.60214417545416,407.4767967437474,407.4767967437474,38861818,404.82640380859374,403.1336181640625,400.7056864420573,399.5013916015625,398.44606323242186,397.9617665608724,-0.2709109984978609,0.0174479847929191,-0.0171488707392609,0.0024498081614938,-0.0171488707392609,Fast Moving Consumer Goods,7.0,0.6591408691406251
2024-03-26,413.6675720214844,415.16691101426824,411.6362276078986,411.6362276078986,10274145,406.7997009277344,404.8989501953125,401.8761250813802,400.2873260498047,399.3379174804688,398.3535247802735,-0.2921248968573262,-0.0022164610380289,-0.0049105720413594,0.0036245021224579,-0.0049105720413594,Fast Moving Consumer Goods,7.0,0.6591204345703126
2024-03-27,414.0061340332031,414.87670177557925,412.50682456132074,413.03882998172367,12227545,410.3690612792969,407.1769500732422,403.0949279785156,401.1965927124023,400.0633972167969,399.0354746500651,-0.2843089163717924,0.0008184398164552,-0.0023364485981308,0.0021027894777672,-0.0036214668060018,Fast Moving Consumer Goods,7.0,0.6591102172851563
2024-03-28,414.3446960449219,419.0844799896667,413.03882967244704,414.00613372320214,27933211,412.81634521484375,407.7476623535157,404.5265401204427,402.0284759521484,400.92429931640623,399.7319346110026,-0.2764929358862586,0.0008177705205005,-0.000817103066484,0.0114392291973033,-0.0031516425453006,Fast Moving Consumer Goods,7.0,0.6591051086425781
2024-04-01,412.7486267089844,417.2465843843356,411.82967610530204,415.07015039434873,9382308,413.870703125,408.4296142578125,405.7421183268229,402.91839599609375,401.8277612304688,400.2204233805339,-0.3133394997400009,-0.0038520327427202,0.0056245461163004,0.0108975715103289,-0.0022264171076945,Fast Moving Consumer Goods,7.0,0.6591025543212891
2024-04-02,411.9264221191406,414.6832444753989,410.71729209620065,414.6832444753989,8853678,413.33869018554685,409.0825469970703,406.5353088378906,403.8639373779297,402.2688513183594,400.92816772460935,-0.332320764048749,-0.0019920225935081,0.0066925115948521,0.0066925115948521,-0.0029353058168001,Fast Moving Consumer Goods,7.0,0.6591012771606446
2024-04-03,411.29766845703125,414.7799392060673,407.23497989012236,412.07149984131144,12664520,412.8647094726563,409.8322052001953,407.5542032877604,404.6232711791992,402.802802734375,401.5923828125,-0.3468360557328533,-0.0015263737122634,0.0018814387817542,0.0084665462901836,-0.0098777330349328,Fast Moving Consumer Goods,7.0,0.6591006385803223
2024-04-04,408.9277648925781,413.37736918448314,406.1709425960888,411.6362042773332,18358410,411.8490356445312,411.1090484619141,408.73431193033855,405.28345489501953,403.32708129882815,402.0276702880859,-0.4015472146083804,-0.0057620155575978,0.0066232709472944,0.0108811498604743,-0.0067415874713556,Fast Moving Consumer Goods,7.0,0.6591
2024-04-04,408.9277648925781,413.37736918448314,406.1709425960888,411.6362042773332,18358410,411.8490356445312,411.1090484619141,408.73431193033855,405.28345489501953,403.32708129882815,402.0276702880859,-0.4015472146083804,-0.0057620155575978,0.0066232709472944,0.0108811498604743,-0.0067415874713556,Fast Moving Consumer Goods,7.0,0.6591
2024-04-05,413.5708312988281,417.5851666884606,406.21934419634465,408.68595769523364,16147032,411.6942626953125,412.25530395507815,409.0631958007813,406.31847076416017,403.9616333007813,402.71929321289065,-0.2943582354312528,0.0113542459203514,-0.0118114558230653,0.0097065244592453,-0.0177756421539594,Fast Moving Consumer Goods,7.0,0.6535500000000001
2024-04-08,415.0701599121094,417.2949473449791,413.764293584218,414.2962989860594,8516632,412.1585693359375,413.0146362304688,409.6725992838541,407.3462310791016,404.7664306640625,403.5495625813802,-0.2597450101514372,0.0036253248532363,-0.0018644099258154,0.0053600274067902,-0.0031461339648407,Fast Moving Consumer Goods,7.0,0.6507750000000001
2024-04-09,412.4100646972656,417.3916743739029,411.63620378841523,416.3760169857699,6708894,412.2552978515625,412.7969940185547,410.1401306152344,407.9653060913086,405.5422094726562,403.9332590738932,-0.3211554802255347,-0.0064087845182776,0.0096165264332614,0.012079263100172,-0.0018764355555155,Fast Moving Consumer Goods,7.0,0.6493875
2024-04-10,422.66351318359375,423.4856980039077,411.829696099547,414.2963096000423,14008124,414.528466796875,413.6965881347657,411.3976257324219,409.2977691650391,406.6043103027344,404.757080078125,-0.0844462497016416,0.0248622654101683,-0.0197963706886544,0.0019452467380518,-0.0256322505873385,Fast Moving Consumer Goods,7.0,0.6486937500000001
2024-04-12,416.0374755859375,421.50273753527955,414.296310593375,420.777259501656,18088372,415.9504089355469,413.8997222900391,412.7228352864584,410.5383361816406,407.416845703125,405.4309692382813,-0.2374137379817991,-0.0156768620687115,0.0113926850196441,0.0131364655110572,-0.0041851157521574,Fast Moving Consumer Goods,7.0,0.6483468750000001
2024-04-15,411.9747619628906,415.11849991914147,409.0728500032744,414.00610623857693,8746243,415.6311950683594,413.662728881836,413.38060099283854,410.70519561767577,408.181015625,405.90656026204425,-0.3312047992849951,-0.0097652588082961,0.0049307493158265,0.0076308993814868,-0.0070439071213725,Fast Moving Consumer Goods,7.0,0.6481734375000001
2024-04-16,411.9747619628906,413.03880225203824,409.363058911101,409.411412302518,9973638,415.0121154785156,413.58534240722656,413.6804626464844,411.0074783325196,408.8794079589844,406.4740447998047,-0.3312047992849951,0.0,-0.0062221036263467,0.002582780275369,-0.0063394734166382,Fast Moving Consumer Goods,7.0,0.6480867187500001
2024-04-18,405.1552734375,412.94205858230606,403.99449686645244,412.07149091390767,21312388,413.5611572265625,412.9082275390625,413.0517150878906,410.9953872680664,409.08447631835935,406.878700764974,-0.4886382601897965,-0.0165531706187499,0.0170705354955094,0.0192192614913779,-0.0028650165680902,Fast Moving Consumer Goods,7.0,0.6480433593750001
2024-04-19,410.8623962402344,412.3133523187755,402.39848578207767,404.3330938867992,16582634,411.2009338378906,412.8647003173828,412.8647033691406,411.34845275878905,409.6784020996094,407.3704142252604,-0.3568846702691042,0.0140862606928767,-0.0158917010005886,0.0035314891112419,-0.0206003531489111,Fast Moving Consumer Goods,7.0,0.6480216796875
2024-04-22,411.3943786621094,413.6191955700269,409.50815357732154,413.0388072671017,7112139,410.272314453125,413.1113616943359,412.690586344401,412.110205078125,410.4851318359375,407.8927571614584,-0.3446034216821361,0.0012947946240471,0.0039972072791565,0.0054079905397657,-0.0045849559027082,Fast Moving Consumer Goods,7.0,0.6480108398437501
2024-04-23,415.1669006347656,416.4243840632832,411.200948215922,411.39439130966053,12021404,410.9107421875,413.2709686279297,412.745399983724,412.7631362915039,410.7463049316406,408.63597005208334,-0.2575116715775105,0.0091700863412981,-0.0090867295040552,0.0030288624324215,-0.0095526700533687,Fast Moving Consumer Goods,7.0,0.648005419921875
2024-04-24,414.8766784667969,416.7145501573963,414.2962901645614,415.2152407697488,5845170,411.4911254882812,413.2516204833984,412.88727010091145,413.1331283569336,411.1042077636719,409.3146942138672,-0.2642116872992904,-0.0006990493883905,0.0008160552774456,0.0044299228806772,-0.0013989417394593,Fast Moving Consumer Goods,7.0,0.6480027099609376
2024-04-25,423.2438659667969,423.96934398835106,414.97342832898977,416.9080363864676,29211997,415.1088439941406,414.3350006103516,413.6417663574219,413.5659973144531,411.8180786132813,410.0885375976562,-0.0710483318277101,0.0201678906872313,-0.0149696902655792,0.0017140898661271,-0.0195405965752517,Fast Moving Consumer Goods,7.0,0.648
2024-04-25,423.2438659667969,423.96934398835106,414.97342832898977,416.9080363864676,29211997,415.1088439941406,414.3350006103516,413.6417663574219,413.5659973144531,411.8180786132813,410.0885375976562,-0.0710483318277101,0.0201678906872313,-0.0149696902655792,0.0017140898661271,-0.0195405965752517,Fast Moving Consumer Goods,7.0,0.648
2024-04-26,425.61376953125,428.80586099482395,422.13146914931184,424.8882915150036,14773975,418.0591186523437,414.6300262451172,414.5961730957032,414.1633071899414,412.6905859375,411.0751881917318,-0.016337172952183,0.005599380770799,-0.0017045454545454,0.007499972256747,-0.0081818320534445,Fast Moving Consumer Goods,7.0,0.624575
2024-04-29,423.87261962890625,427.98366158061606,420.3903193658559,427.5483629778191,11627882,420.5547668457031,415.4135406494141,415.5924967447917,414.65663146972656,413.79911743164064,412.1634043375651,-0.0565330401436058,-0.0040909153485832,0.0086718112439792,0.0096987674158075,-0.008215440445526,Fast Moving Consumer Goods,7.0,0.6128625
2024-04-30,421.4059753417969,426.09740557501135,420.873969957729,425.5654001909435,12064043,421.8025817871094,416.3566619873047,416.1148396809896,415.0096954345703,414.571025390625,412.5890177408854,-0.1134775375930595,-0.0058193055481358,0.0098703509027677,0.0111328042498906,-0.0012624533471229,Fast Moving Consumer Goods,7.0,0.60700625
2024-05-02,424.6464538574219,428.1287541438068,420.63214818163135,421.7445418720636,23228909,423.7565368652344,417.6238311767578,416.7532592773438,415.6045867919922,415.25781005859375,413.212929280599,-0.038668445121821,0.0076896833581837,-0.0068337129840546,0.0082004694840902,-0.0094532890580509,Fast Moving Consumer Goods,7.0,0.604078125
2024-05-03,422.1798400878906,425.6621108512844,417.2465838133825,425.6621108512844,22904276,423.5437316894531,419.3262878417969,417.4045776367187,416.1172576904297,415.5615441894531,413.77235412597656,-0.0956122380480653,-0.0058086291481417,0.0082483113420783,0.0082483113420783,-0.0116852009643121,Fast Moving Consumer Goods,7.0,0.6026140625
2024-05-06,420.5354309082031,426.0490757377969,419.1812111577099,423.67916903460144,10355056,422.5280639648437,420.29359130859376,417.26270548502606,416.57914581298826,415.83625854492186,414.330165608724,-0.1335747666655615,-0.0038950442999484,0.00747556066705,0.0131110114020269,-0.0032202274789749,Fast Moving Consumer Goods,7.0,0.60188203125
2024-05-07,425.95233154296875,431.4175933575566,420.9707217388715,422.6151208626737,25968921,422.9440063476562,421.7493865966797,417.92369588216144,417.4303741455078,416.3141064453125,415.3232655843099,-0.0085211924666492,0.0128809613569707,-0.0078347045741159,0.0128306888115636,-0.0116952283980977,Fast Moving Consumer Goods,7.0,0.6015160156249999
2024-05-08,426.5810852050781,430.16012199089994,423.8726456783534,426.82291121709915,10511646,423.9790283203125,422.89080505371095,418.89745076497394,418.0808868408203,416.8035620117187,416.13902587890624,0.005994099217455,0.0014761127373849,0.0005668934240363,0.0083900503560798,-0.0063491786688634,Fast Moving Consumer Goods,7.0,0.6013330078124999
2024-05-09,411.2009582519531,427.064738794733,409.50817616160026,425.66213611195843,23412609,421.2899291992188,422.5232330322266,418.8458638509115,417.8874267578125,416.7416552734375,416.26316324869794,-0.3490686897835705,-0.0360544043947261,0.0351681521402111,0.0385791429334649,-0.0041166783694984,Fast Moving Consumer Goods,7.0,0.60124150390625
2024-05-10,419.18121337890625,422.08312551095855,412.5551747734316,412.5551747734316,13985963,420.69020385742186,422.1169677734375,419.7809265136719,418.22598419189455,417.03184692382814,416.4163208007813,-0.1648379840844872,0.0194071900048039,-0.0158070982047691,0.006922810563624,-0.0158070982047691,Fast Moving Consumer Goods,7.0,0.601195751953125
2024-05-13,417.730224609375,421.21252479916876,415.45705437994195,419.0844442610241,7302959,420.12916259765626,421.32861328125,420.23878173828126,417.9793197631836,417.2891491699218,416.5517425537109,-0.198335244600549,-0.003461483299395,0.003241852209558,0.008336241872491,-0.0054417183519788,Fast Moving Consumer Goods,7.0,0.6011728759765624
2024-05-14,415.6505432128906,419.1328140188945,414.5381199900985,416.42437460983024,11000103,418.0688049316406,420.5064056396485,420.52252604166665,417.95997314453126,417.5580603027344,416.6065561930338,-0.2463463877542962,-0.0049785274657324,0.001861735560257,0.0083778810418162,-0.002676342521276,Fast Moving Consumer Goods,7.0,0.6011614379882813
2024-05-15,413.8126525878906,419.0844713639104,412.79699516341316,416.66621128679606,7565080,415.5151184082032,419.7470733642578,420.4322428385416,418.0518676757813,417.5677331542969,416.5888214111328,-0.2887755935196457,-0.0044217207339451,0.0068957744067512,0.012739626840917,-0.0024543894879138,Fast Moving Consumer Goods,7.0,0.6011557189941406
2024-05-16,417.3433532714844,418.4557470492605,409.07288575196094,415.9407505605204,23025186,416.74359741210935,419.0167633056641,420.59668782552086,418.3202972412109,417.6586608886719,416.7419789632161,-0.2072664853266272,0.0085321235624709,-0.0033607884250921,0.0026654163030421,-0.0198169383906383,Fast Moving Consumer Goods,7.0,0.6011528594970703
2024-05-17,422.03472900390625,423.1955056272513,414.87668521268046,418.2622492576985,11453714,417.3143005371094,419.0022521972657,420.5160786946615,419.1642700195313,418.0436474609375,417.0789225260417,-0.0989622459089553,0.011241045761594,-0.0089387898363521,0.0027504291556401,-0.0169607932695973,Fast Moving Consumer Goods,7.0,0.6011514297485352
2024-05-21,420.58380126953125,422.8086183606024,419.03613836068945,421.7445779709404,10760726,417.8850158691406,419.00708923339846,420.1807474772135,419.6503402709961,417.960458984375,417.3884602864583,-0.1324580973785982,-0.0034379344510332,0.0027599177569495,0.0052898306695492,-0.0036797967591005,Fast Moving Consumer Goods,7.0,0.6011507148742676
2024-05-22,425.51702880859375,427.50001974428443,421.16416075629445,423.05041538686777,10627595,419.8583129882812,418.96355895996095,420.2903747558594,420.3564727783203,418.3396411132812,417.9414357503255,-0.0185705115261096,0.0117294758480273,-0.0057967443245039,0.004660191723097,-0.0102295977777596,Fast Moving Consumer Goods,7.0,0.6011503574371337
2024-05-23,426.91961669921875,430.35353401405314,422.2765398918124,426.9679700902208,26234369,422.4797058105469,418.997412109375,420.6579508463541,420.944108581543,418.9374353027344,418.3863952636719,0.0138093751797793,0.0032961968515152,0.0001132611131244,0.008043475119237,-0.010875763553113,Fast Moving Consumer Goods,7.0,0.6011501787185669
2024-05-24,421.9380187988281,427.9836688302202,421.0674215784872,426.581066215027,12761457,423.3986389160156,420.0711181640625,420.4773885091146,421.2971755981445,419.3359655761719,418.6153238932292,-0.1011948799596725,-0.0116687022697772,0.0110040982545651,0.0143282893743559,-0.0020633296397877,Fast Moving Consumer Goods,7.0,0.60115
2024-05-24,421.9380187988281,427.9836688302202,421.0674215784872,426.581066215027,12761457,423.3986389160156,420.0711181640625,420.4773885091146,421.2971755981445,419.3359655761719,418.6153238932292,-0.1011948799596725,-0.0116687022697772,0.0110040982545651,0.0143282893743559,-0.0020633296397877,Fast Moving Consumer Goods,7.0,0.60115
2024-05-27,417.3916931152344,424.5497371047964,416.6178616914134,424.4530007968746,11827050,422.4700317382813,419.8921661376953,420.1581787109375,421.0045669555664,419.8254223632812,418.7813781738281,-0.2061505205628734,-0.0107748661676333,0.0169177005630793,0.0171494644182721,-0.0018539693927434,Fast Moving Consumer Goods,7.0,0.5825750000000001
2024-05-28,414.9734191894531,418.35898321547427,414.2479411838771,417.9720675164556,9310198,421.3479553222657,419.6164855957031,419.7873779296875,420.47254943847656,419.98986328125,418.5250417073568,-0.2619783487253638,-0.0057937758840677,0.0072261214534163,0.008158508158508,-0.0017482517482518,Fast Moving Consumer Goods,7.0,0.5732875000000001
2024-05-29,416.85968017578125,418.26225329610827,411.58786144687093,411.58786144687093,10430363,419.6164855957031,419.7373992919922,419.181201171875,420.1219024658203,420.2084753417969,418.5524485270182,-0.218432473673051,0.0045454983358029,-0.0126465066774682,0.0033646168891545,-0.0126465066774682,Fast Moving Consumer Goods,7.0,0.5686437500000001
2024-05-30,409.9918212890625,416.85968584403645,408.54086523603036,414.4897791495067,20524428,416.2309265136719,419.3553161621094,418.0752502441407,419.5511947631836,420.0014721679688,418.48635050455727,-0.3769826038648157,-0.0164752294676777,0.0109708477752119,0.0167512233131397,-0.003538987798513,Fast Moving Consumer Goods,7.0,0.5663218750000001
2024-05-31,412.5068054199219,415.5054242245428,410.37872479750484,412.79698481398987,28214102,414.3446838378906,418.8716613769531,418.1623067220052,418.94421234130857,419.90667724609375,418.5040852864584,-0.3189221416516081,0.0061342300023253,0.0007034535921719,0.0072692589921479,-0.0051588982156323,Fast Moving Consumer Goods,7.0,0.5651609375000001
2024-06-03,416.279296875,420.680518421146,414.6348682095298,419.8099506946286,15519148,414.12220458984376,418.2961181640625,417.9688456217448,418.64918518066406,419.6280944824219,418.8748860677084,-0.2318310960701919,0.0091452829517268,0.0084814542691245,0.0105727610745618,-0.0039503013429081,Fast Moving Consumer Goods,7.0,0.56458046875
2024-06-04,408.7481689453125,419.67566066664534,396.59007108196676,419.3803344203138,46019632,412.8771545410156,417.1125549316406,417.3700419108073,418.05982208251953,418.9534704589844,418.8044118245443,-0.4056933336959382,-0.0180915264972904,0.0260115305285288,0.0267340444595236,-0.0297447151744242,Fast Moving Consumer Goods,7.0,0.564290234375
2024-06-05,423.6134948730469,429.2249337769245,411.55384937128696,415.4424817749132,27151351,414.2279174804688,416.9222015380859,417.9009053548177,417.94288024902346,418.94310546875,419.2117156982422,-0.0625151467149658,0.0363679327691942,-0.0192888404100121,0.0132466009033997,-0.0284685111492354,Fast Moving Consumer Goods,7.0,0.5641451171875
2024-06-06,428.63427734375,430.8985554793465,424.4011074171002,429.2249599027475,31119999,417.95640869140624,417.0936676025391,418.889013671875,418.045539855957,419.23223754882815,419.66062825520834,0.0533937162254077,0.0118522722516378,0.0013780572161843,0.0052825409802226,-0.0098759482160007,Fast Moving Consumer Goods,7.0,0.56407255859375
2024-06-07,432.32598876953125,434.78714096569547,424.4010907152272,424.69641696142224,28448041,421.9202453613281,418.13246459960936,419.8878560384115,419.101791381836,419.5394189453125,420.2422719319662,0.1386198888714347,0.008612730294597,-0.0176477288118255,0.0056928157457503,-0.0183308389043637,Fast Moving Consumer Goods,7.0,0.564036279296875
2024-06-10,430.1109619140625,434.1472576194235,429.0772899846946,433.16279671779216,11432393,424.6865783691407,419.4043914794922,420.4262715657552,419.6482788085938,419.8566638183594,420.47117513020834,0.0874841852838185,-0.0051235107604173,0.0070954592511396,0.0093843125676194,-0.0024032680421999,Fast Moving Consumer Goods,7.0,0.5640181396484376
2024-06-11,426.2715759277344,430.9969762994265,425.5332302419473,430.20941958526544,12670589,428.191259765625,420.5342071533203,420.8054565429687,420.0753463745117,420.08610961914064,420.4931020100912,-0.0011511751726913,-0.0089265011271562,0.0092378752886836,0.0110854221546623,-0.0017321016166281,Fast Moving Consumer Goods,7.0,0.5640090698242188
2024-06-12,425.5824279785156,427.6498018428237,423.51508415756945,423.85962143215255,10352936,428.5850463867188,421.40648193359374,420.8098164876302,420.57194061279296,420.0713134765625,420.5500956217448,-0.0170607182882784,-0.0016166875488211,-0.0040481148494458,0.0048577519380392,-0.0048576813445185,Fast Moving Consumer Goods,7.0,0.5640045349121094
2024-06-13,423.6134948730469,430.11094253981014,423.07205341888374,430.11094253981014,9283802,427.5808898925781,422.7686492919922,420.5894083658854,421.0619827270508,419.9526098632812,420.62367960611977,-0.0625151467149658,-0.0046264436123949,0.0153381508035066,0.0153381508035066,-0.0012781496829448,Fast Moving Consumer Goods,7.0,0.5640022674560548
2024-06-14,424.4503173828125,425.18866306886986,422.38294345317945,424.30265425427365,9217804,426.0057556152344,423.9630004882813,420.7568949381511,421.4173309326172,420.4825842285156,420.6171417236328,-0.0431964157888956,0.0019754387428483,-0.0003478926095504,0.0017395338295658,-0.0048707088791465,Fast Moving Consumer Goods,7.0,0.5640011337280274
2024-06-18,422.0876159667969,427.4529399538657,421.54617448261024,426.2715748422695,14098178,424.4010864257813,424.54383239746096,421.06995646158856,421.4199752807617,420.5988403320313,420.6140675862631,-0.0977413071869947,-0.0055664969944755,0.0099125364431487,0.0127113987336007,-0.0012827703626093,Fast Moving Consumer Goods,7.0,0.5640005668640138
2024-06-19,417.0668640136719,424.0565425755338,416.4761814512086,423.3181968832955,10909803,422.5601440429688,425.3757019042969,421.2095194498698,421.2441284179688,420.57230590820313,420.4984486897786,-0.2136494656041589,-0.0118950468177676,0.014988802537472,0.0167591318442235,-0.0014162778523778,Fast Moving Consumer Goods,7.0,0.5640002834320069
2024-06-20,416.7222900390625,419.8725769597397,414.9502724232832,417.46063571953096,14585806,420.7881164550781,424.6865814208985,421.2003601074219,420.8043914794922,420.61517578125,420.1907806396485,-0.2216042371619525,-0.0008261840111039,0.0017717931056657,0.0075596794219525,-0.0042522746158195,Fast Moving Consumer Goods,7.0,0.5640001417160034
2024-06-21,413.0798034667969,418.69121262264605,412.04610148622487,418.3958863672613,25205627,418.68137817382814,423.1311340332031,421.4062255859375,420.1124008178711,420.58586181640624,419.7407379150391,-0.3056940138711517,-0.0087408009106596,0.0128693846947947,0.0135843222272187,-0.002502426823816,Fast Moving Consumer Goods,7.0,0.5640000708580017
2024-06-24,416.7222900390625,417.36221366349196,413.4735810623463,413.4735810623463,9362433,417.1357727050781,421.5707641601563,421.6872578938802,419.8516143798828,420.5610192871094,419.92478230794273,-0.2216042371619525,0.0088178762110755,-0.0077958608271511,0.0015356117004672,-0.0077958608271511,Fast Moving Consumer Goods,7.0,0.5640000354290009
2024-06-25,416.7222900390625,417.41142469151146,413.22746583552345,416.42696378422016,10260449,416.0627075195313,420.2318969726563,421.7167907714844,419.8181442260742,420.3485217285156,419.8428181966146,-0.2216042371619525,0.0,-0.0007086884044879,0.0016537024030665,-0.0083864585290397,Fast Moving Consumer Goods,7.0,0.5640000177145005
2024-06-26,417.3622131347656,419.77412432855624,415.4917133785916,416.4269632566786,11084805,416.12177734375,419.34096069335936,422.2910603841146,419.93758392333984,420.219658203125,419.83055114746094,-0.206831089983193,0.0015356104316933,-0.0022408590156316,0.0057789400139389,-0.0044817180312632,Fast Moving Consumer Goods,7.0,0.5640000088572503
2024-06-27,418.986572265625,420.61092676993167,414.5564981393179,417.36221776131833,37012589,416.5746337890625,418.6813751220704,421.9825988769532,420.043928527832,419.9584399414063,419.94175211588544,-0.1693314331142992,0.0038919650120191,-0.0038768653026829,0.003876865302683,-0.0105733081190453,Fast Moving Consumer Goods,7.0,0.5640000044286252
2024-06-28,418.29742431640625,421.34925907068407,416.91918508512776,418.8881068564861,17866326,417.6181579589844,418.14976806640624,421.29347534179686,420.4592086791992,419.6135522460938,420.091244506836,-0.1852409762298864,-0.0016447972198542,0.0014121113488689,0.0072958487833512,-0.0032948785987167,Fast Moving Consumer Goods,7.0,0.5640000022143126
2024-07-01,422.3829345703125,423.5642996605048,418.05131264521106,419.6756671117038,12894747,418.7502868652344,417.9430297851562,420.63060506184894,420.9530151367188,419.6313488769531,420.2592305501302,-0.0909236360892382,0.0097669983519093,-0.00640950956355,0.0027969053517611,-0.0102552010760282,Fast Moving Consumer Goods,7.0,0.5640000011071563
2024-07-02,418.88812255859375,423.95809030121785,415.98395081963196,423.31819671021225,10763335,419.18345336914064,417.6230804443359,419.8824157714844,421.0834564208984,419.6912060546875,420.1543436686198,-0.1716042249879545,-0.0082740369595518,0.0105757931844887,0.0121033934112442,-0.0069330486651733,Fast Moving Consumer Goods,7.0,0.5640000005535781
2024-07-03,421.64459228515625,422.9736205114528,418.8881137770588,419.4787963268975,7159756,420.0399291992188,418.0808532714844,419.5739501953125,421.7282775878906,419.9580529785157,420.1897033691406,-0.1079688706184436,0.0065804437464729,-0.0051365438994982,0.0031520106046984,-0.0065374454185653,Fast Moving Consumer Goods,7.0,0.5640000002767891
2024-07-04,422.3829345703125,424.79487577805423,420.41401278223344,423.3181844369949,9127340,420.7192016601563,418.64691772460935,419.3606506347657,421.66674957275393,420.1789831542969,420.0852335611979,-0.0909236360892382,0.0017511010425977,0.0022142226641657,0.0057103187897384,-0.0046614615007636,Fast Moving Consumer Goods,7.0,0.5640000001383946
2024-07-05,426.9114685058594,427.2560358337527,420.9554920052455,422.333731273456,12929586,422.4420104980469,420.0300842285157,419.5805155436198,421.5806091308594,420.8557690429688,420.0849619547526,0.0136212674828587,0.0107213941779009,-0.0107229193172647,0.0008071165881284,-0.013951315296024,Fast Moving Consumer Goods,7.0,0.5640000000691974
2024-07-08,436.70684814453125,437.6420679454509,426.91145046611405,428.38814177180336,20521107,425.3067932128906,422.0285400390625,420.397617594401,421.7996520996094,421.82377075195313,420.577256266276,0.2397556046330487,0.022944756375261,-0.0190487197717924,0.0021415276744414,-0.0224301444322103,Fast Moving Consumer Goods,7.0,0.5640000000345987
2024-07-09,445.5670166015625,447.9297167913498,437.1006467150754,440.6447120214378,26470260,430.6425720214844,424.9130126953125,421.96291097005206,422.5724548339844,422.9952795410156,421.5164337158203,0.4442998280299322,0.0202885951861668,-0.0110472822195597,0.0053026819799366,-0.0190013389030946,Fast Moving Consumer Goods,7.0,0.5640000000000001
2024-07-09,445.5670166015625,447.9297167913498,437.1006467150754,440.6447120214378,26470260,430.6425720214844,424.9130126953125,421.96291097005206,422.5724548339844,422.9952795410156,421.5164337158203,0.4442998280299322,0.0202885951861668,-0.0110472822195597,0.0053026819799366,-0.0190013389030946,Fast Moving Consumer Goods,7.0,0.5640000000000001
2024-07-10,444.43487548828125,448.2742669046541,439.5617821237638,446.6499124642689,11618210,435.20062866210935,427.6202789306641,423.7874450683594,423.4806198120117,424.4227478027344,422.4984822591146,0.4181634260061056,-0.0025408997324719,0.0049839405009655,0.0086388166818696,-0.0109646961417319,Fast Moving Consumer Goods,7.0,0.6060000000000001
2024-07-11,451.5229797363281,452.3597774988068,441.72761193837766,443.00739907391306,18831345,441.0286376953125,430.8739196777344,426.1074910481771,424.7776473999023,425.5391271972656,423.6539255777995,0.5817981002004029,0.0159485779334024,-0.0188596838800714,0.0018532783491271,-0.0216940626226168,Fast Moving Consumer Goods,7.0,0.627
2024-07-12,451.916748046875,456.0514956970912,448.7664913049896,451.5229697095595,18962800,446.0296936035156,434.23585205078126,428.696620686849,426.19281005859375,426.4704260253906,425.0514231363932,0.5908885631718147,0.0008720891919539,-0.0008713515022785,0.0091493569735709,-0.006970878498087,Fast Moving Consumer Goods,7.0,0.6375
2024-07-15,456.19915771484375,459.2017813717555,450.09551839281175,451.9167469539115,16251032,449.92815551757815,437.6174743652344,431.3284118652344,427.78025207519534,427.4253527832032,426.50783487955727,0.6897514870597735,0.0094761030355187,-0.0093871518360169,0.006581826393438,-0.0133793305375788,Fast Moving Consumer Goods,7.0,0.6427499999999999
2024-07-16,458.3157653808594,459.49713049213176,454.23025860636676,456.24842150117684,12996711,452.4779052734375,441.56023864746095,434.1013102213541,429.5916595458984,428.553544921875,427.9090504964193,0.7386151032969438,0.0046396571107626,-0.0045107413618307,0.0025776226796183,-0.0089141746435398,Fast Moving Consumer Goods,7.0,0.645375
2024-07-18,462.9427185058594,463.5826120549305,455.46080997588035,455.8053772848759,21094737,456.1794738769531,445.6900512695312,437.1400105794271,431.8854522705078,430.020390625,429.7155354817708,0.8454320942194867,0.01009555741805,-0.0154173312068049,0.0013822305082071,-0.0161616291409156,Fast Moving Consumer Goods,7.0,0.6466875000000001
2024-07-19,467.1759033203125,471.9505446453639,462.1059357456134,463.6810791782459,24977373,459.31005859375,450.1693481445312,440.3526326497396,434.4081329345703,431.6841296386719,431.1676157633464,0.943158622170618,0.0091440790517575,-0.0074807457260277,0.0102202217432814,-0.0108523738888625,Fast Moving Consumer Goods,7.0,0.6473437500000001
2024-07-22,459.3002014160156,471.9997705225947,458.6110968412321,467.22512935123507,18066586,460.7867492675781,453.40822143554686,443.0861511230469,436.7191528320312,433.1115979003906,432.1898132324219,0.761341612987078,-0.0168581081522456,0.0172543532765432,0.0276498226376267,-0.001500335886331,Fast Moving Consumer Goods,7.0,0.6476718750000001
2024-07-23,484.5516662597656,489.67084490595585,459.15255705241043,459.3002201785132,54044423,466.4572509765625,458.1927032470703,447.23073323567706,440.1106216430664,435.5156518554688,433.930669148763,1.3442922974065912,0.0549781270852921,-0.0521130105199457,0.0105647735889651,-0.0524177522768828,Fast Moving Consumer Goods,7.0,0.6478359375
2024-07-24,486.3728942871094,502.7149511907397,483.0257332450073,488.2926050541632,42073323,472.0686767578125,462.273291015625,451.7297180175781,443.5931518554688,438.0870629882813,435.8060668945312,1.386336833499586,0.003758583767551,0.0039469937358815,0.0335998512573019,-0.0068818823610803,Fast Moving Consumer Goods,7.0,0.648
2024-07-24,486.3728942871094,502.7149511907397,483.0257332450073,488.2926050541632,42073323,472.0686767578125,462.273291015625,451.7297180175781,443.5931518554688,438.0870629882813,435.8060668945312,1.386336833499586,0.003758583767551,0.0039469937358815,0.0335998512573019,-0.0068818823610803,Fast Moving Consumer Goods,7.0,0.648
2024-07-25,482.3366394042969,488.29261594841927,477.11897850624956,482.3858504329142,17878994,475.9474609375,466.06346740722654,455.7758544921875,446.8418731689453,440.69785400390623,437.67490234375,1.293156593818975,-0.0082986838498238,0.0001020263123243,0.0123481735732915,-0.0108174674527966,Fast Moving Consumer Goods,7.0,0.648
2024-07-26,494.3962707519531,498.53098846206757,479.82623156051926,486.37289046738874,20736094,481.39153442382815,470.3507965087891,460.5767435709635,450.6123580932617,443.80481323242185,439.9686971028646,1.5715630304936088,0.0250025197392226,-0.0162286424053345,0.0083631652476376,-0.0294703662899267,Fast Moving Consumer Goods,7.0,0.648
2024-07-29,488.3418273925781,498.33412976616734,486.37290555240105,497.64499510476014,12496895,487.1998596191406,473.99330444335936,464.6721008300781,454.1145782470703,446.81529418945314,442.126308186849,1.4317912619262734,-0.0122461347658761,0.0190505240189127,0.0204616967318598,-0.0040318517270777,Fast Moving Consumer Goods,7.0,0.648
2024-07-30,482.2873840332031,490.06461905602856,481.05680792062435,488.58792772093403,13375906,486.74700317382815,476.6021270751953,467.7108032226562,457.1098007202148,449.4378979492187,444.0542104085287,1.292019493358938,-0.0123979618778545,0.0130638782939782,0.0161257276891364,-0.0025515411626318,Fast Moving Consumer Goods,7.0,0.648
2024-07-31,487.6527099609375,490.212314294584,482.8780686152943,484.7977793763697,11538215,487.0029663085937,479.5358215332032,470.5165161132812,460.548030090332,452.2751147460938,446.2397135416667,1.4158824233338956,0.0111247486568402,-0.0058544339573063,0.0052488262268686,-0.0097910690294854,Fast Moving Consumer Goods,7.0,0.648
2024-08-01,486.0283508300781,489.0309445112929,483.3210833969507,488.2433878208188,11665529,487.74130859375,481.844384765625,473.289414469401,463.7672180175781,455.0217602539062,448.5384297688802,1.378382766465002,-0.0033309752979522,0.0045574234238756,0.0061778159156491,-0.0055701841847367,Fast Moving Consumer Goods,7.0,0.648
2024-08-02,481.49981689453125,491.6889928943478,477.26661713306316,477.26661713306316,21320064,485.1620178222656,483.2767761230469,475.2878702799479,466.7230621337891,457.5222900390625,450.6976806640625,1.2738378628929048,-0.0093174275282762,-0.008791695475131,0.0211613289191519,-0.008791695475131,Fast Moving Consumer Goods,7.0,0.648
2024-08-05,478.447998046875,484.2563113560555,472.09821321594495,472.59044366661044,24094139,483.183251953125,485.1915557861328,477.056620279948,469.29988861083984,459.9283129882813,452.8766204833984,1.203384132902428,-0.006338151626597,-0.0122428234712577,0.0121399051367991,-0.0132716300556198,Fast Moving Consumer Goods,7.0,0.648
2024-08-06,478.7433166503906,484.0594294673253,476.5282796577885,478.69410562345536,13722855,482.4744384765625,484.6107208251953,478.5595642089844,471.4017120361328,462.1827282714844,454.94398803710936,1.2102018040001843,0.0006172428450347,-0.0001027920917613,0.0111043071141541,-0.0046267737126859,Fast Moving Consumer Goods,7.0,0.648
2024-08-07,484.9946594238281,487.8988311144217,480.51537431802717,482.3858440311079,10900585,481.9428283691406,484.4728973388672,480.3381571451823,473.3730941772461,464.8269897460938,457.2197336832682,1.3545191563148309,0.0130578173230199,-0.0053790600412373,0.0059880488045862,-0.0092357410927418,Fast Moving Consumer Goods,7.0,0.648
2024-08-08,487.06201171875,490.26150952185446,484.8469747781392,486.32366607187976,20558134,482.149560546875,484.9454345703125,481.9461100260417,475.5044509887695,467.4436865234375,459.5430603027344,1.4022456720919638,0.0042626289893127,-0.0015159171298635,0.0065689742294088,-0.0045477513895907,Fast Moving Consumer Goods,7.0,0.648
2024-08-09,488.19415283203125,490.26152672448166,485.43767433767226,490.26152672448166,9201793,483.488427734375,484.3252227783203,483.3473266601562,477.3380096435547,470.0761352539063,461.8499796549479,1.4283820741157904,0.0023244290994613,0.0042347371029691,0.0042347371029691,-0.00564627511077,Fast Moving Consumer Goods,7.0,0.648
2024-08-12,486.91436767578125,492.2304505328637,484.35476332433785,484.35476332433785,9076097,485.18170166015625,484.18247680664064,485.188271077474,479.087890625,472.4762512207032,464.1372111002604,1.3988371888046902,-0.0026214676042839,-0.0052567854254564,0.0109179009903899,-0.0052567854254564,Fast Moving Consumer Goods,7.0,0.648
2024-08-13,482.3858337402344,490.1138576976023,480.6630271911621,488.24338802442486,7757706,485.910205078125,484.19232177734375,485.04388224283855,480.39722442626953,474.30341064453125,466.1373077392578,1.294292285232593,-0.0093004730116369,0.0121428820551658,0.0160204206194196,-0.0035714285714286,Fast Moving Consumer Goods,7.0,0.648
2024-08-14,484.5516662597656,491.24598835223065,482.2873881671949,484.3055510351403,9253598,485.8216064453125,483.88221740722656,484.9224670410157,481.70901947021486,475.86279663085935,468.3260925292969,1.3442922974065912,0.0044898344189302,-0.0005079235956922,0.0138154970018744,-0.0046729342818044,Fast Moving Consumer Goods,7.0,0.648
2024-08-16,494.8392639160156,496.36519633252993,484.9946549450679,486.8159136133657,13137392,487.3770568847656,484.7633087158203,485.7559753417969,483.3038467407226,477.8789721679688,470.7659149169922,1.5817898894018485,0.0212311676392726,-0.0162140535073054,0.0030836930853839,-0.0198945590797309,Fast Moving Consumer Goods,7.0,0.648
2024-08-19,493.6579284667969,501.38592246805916,491.8366697999701,496.90663740724074,10198725,488.4698120117188,485.9791198730469,485.7067525227865,484.62794799804686,479.5643701171875,473.141748046875,1.5545177959644034,-0.0023873114673035,0.0065808908418298,0.0156545525871809,-0.0036893131089441,Fast Moving Consumer Goods,7.0,0.648
2024-08-20,491.049072265625,495.57759829775694,489.9661893381827,493.214898207233,6633171,489.2967529296875,487.2392272949219,485.8872355143229,486.2153915405273,481.1296630859375,475.2796681722005,1.4942902203589563,-0.0052847448622459,0.004410609985709,0.009222145581577,-0.0022052438108599,Fast Moving Consumer Goods,7.0,0.648
2024-08-21,497.5465393066406,501.09060460129484,491.29520650186157,492.23045638634073,8474830,492.3288940429687,489.1195495605469,486.9045125325521,486.8651351928711,482.7835583496094,477.3076578776042,1.644289552357741,0.0132318079963725,-0.0106845943049028,0.0071230829976087,-0.0125643177289317,Fast Moving Consumer Goods,7.0,0.648
2024-08-22,496.709716796875,500.5983492261037,493.6579121538828,499.9584556733267,8364290,494.7605041503906,490.2910552978516,487.50831298828126,487.38197631835936,484.31931640625,479.0124145507813,1.624970821431671,-0.0016818979606044,0.0065405180663704,0.0078287826827816,-0.006144040552845,Fast Moving Consumer Goods,7.0,0.648
2024-08-23,497.9403076171875,499.0724616787253,492.1812354283462,497.20196194750406,7891446,495.380712890625,491.37888488769534,488.3024434407552,488.1621597290039,485.7192199707032,480.7959289550781,1.653380015329153,0.0024774848944936,-0.0014827995612901,0.0022736742621931,-0.0115657883098485,Fast Moving Consumer Goods,7.0,0.648
2024-08-26,497.8418884277344,500.10613647711654,494.1993710856545,498.13721467996254,7825037,496.2175048828125,492.3436584472656,489.3919148763021,488.33444061279295,486.945859375,482.339892578125,1.6511079279787069,-0.0001976525859577,0.0005932129438943,0.0045481268290481,-0.0073166148264131,Fast Moving Consumer Goods,7.0,0.648
2024-08-27,492.8211364746094,499.7123628295066,492.2304539212314,499.6631217580969,7954114,496.57191772460936,492.93433532714846,490.3501241048177,488.5584060668945,488.28669677734376,483.7033721923828,1.5351997695615427,-0.0100850331597876,0.0138833032455376,0.013983219965348,-0.0011985739037156,Fast Moving Consumer Goods,7.0,0.648
2024-08-28,489.5723876953125,494.494692136421,488.78483100207995,492.6242224574722,7782216,494.9770874023437,493.6529907226562,491.0720621744792,488.92265625,488.4875256347656,484.81581319173176,1.4601997513005458,-0.006592145788504,0.0062336741998998,0.0100542934299878,-0.0016086624021832,Fast Moving Consumer Goods,7.0,0.648
2024-08-29,497.2511901855469,499.81079444973267,489.6216184623816,490.2615120175877,18670632,495.08538208007815,494.9229431152344,491.8891642252604,489.40258026123047,488.9226574707032,486.11366068522136,1.6374711767367751,0.0156847131971284,-0.0140566343649193,0.0051475075670119,-0.0153434961519515,Fast Moving Consumer Goods,7.0,0.648
2024-08-30,494.1009216308594,501.23826318373165,492.4273561203413,494.1501627020691,14947670,494.3175048828125,494.84910888671874,492.3584248860677,489.8062088012695,489.3932287597656,487.1522674560547,1.564744654872643,-0.0063353665448482,9.965792220589798e-05,0.0144451087630324,-0.0033870924688709,Fast Moving Consumer Goods,7.0,0.648
2024-09-02,502.124267578125,504.9300171814726,495.4791565355421,496.1682911795252,15885469,495.1739807128906,495.6957427978516,493.28709920247394,490.8374313354492,489.7023486328125,488.3172129313151,1.749970147343456,0.0162382735915231,-0.0118615585486975,0.0055877594143785,-0.0132339969837228,Fast Moving Consumer Goods,7.0,0.648
2024-09-03,501.484375,507.93261190235586,500.00768365427365,502.12426857447565,12018677,496.9066284179688,496.73927307128906,494.25843302408856,491.9892501831055,490.22805053710937,489.7233520507813,1.735197704687906,-0.0012743709464817,0.0012759990268402,0.012858300724436,-0.00294464078911,Fast Moving Consumer Goods,7.0,0.648
2024-09-04,498.4817810058594,502.1242682972896,492.1812372762441,492.23044830372953,8414967,498.6885070800781,496.8327972412109,495.3314961751302,492.9761734008789,490.8758264160156,490.1876892089844,1.6658803706342569,-0.0059874128563639,-0.012540744597557,0.0073071623281399,-0.0126394664152053,Fast Moving Consumer Goods,7.0,0.648
2024-09-05,503.25640869140625,503.9455132742936,499.17087204678484,500.4506892036239,10898888,499.88955078125,497.4874664306641,496.57847900390624,493.8892608642578,491.4999743652344,490.75047302246094,1.7761065493672827,0.0095783394047269,-0.005575129177347,0.0013692912221012,-0.0081182009291145,Fast Moving Consumer Goods,7.0,0.648
2024-09-06,493.904052734375,504.043988134581,489.42473754817695,504.043988134581,13716752,499.8501770019531,497.0838409423829,496.51613159179686,494.2313629150391,491.8150024414063,491.13605346679685,1.5601997756485415,-0.0185836798012165,0.0205301724982187,0.0205301724982187,-0.0090692011158836,Fast Moving Consumer Goods,7.0,0.648
2024-09-09,503.7978515625,504.6838903825459,492.5750036233218,494.19935805446994,13736044,500.1848937988281,497.6794372558594,497.1921264648437,495.0115478515625,492.706923828125,491.4494394938151,1.7886062001491776,0.0200318235360703,-0.0190522716170005,0.0017587189331949,-0.0222764902715865,Fast Moving Consumer Goods,7.0,0.648
2024-09-10,505.61907958984375,506.9973488446933,500.84446839754895,503.9455141342374,10911995,501.0118347167969,498.9592315673828,498.1634602864584,495.9467834472656,493.79376708984375,492.0253479003906,1.8306507362421724,0.0036149976060741,-0.0033099333533139,0.002725904362564,-0.0094430993311565,Fast Moving Consumer Goods,7.0,0.648
2024-09-11,506.357421875,511.4274193644084,503.9947518510479,505.0284237419471,14922832,502.586962890625,500.6377349853516,498.7508524576823,497.1453628540039,494.8983312988281,492.8276824951172,1.8476959707713776,0.0014602737811144,-0.0026246245747355,0.0100126852503408,-0.0046660124289347,Fast Moving Consumer Goods,7.0,0.648
2024-09-12,511.42742919921875,512.4118900831442,500.6475705028914,507.09577727525766,18377550,504.2211669921875,502.0553588867188,499.7320332845052,498.48915100097656,495.95564208984376,493.6201731363933,1.9647412296485791,0.0100127046730053,-0.0084697293822184,0.0019249278152071,-0.0210779830741698,Fast Moving Consumer Goods,7.0,0.648
2024-09-13,505.8652038574219,511.9196623604126,504.04397524717547,511.42743191583526,8825193,506.6133972167969,503.231787109375,500.2603597005208,499.0404479980469,496.7077697753906,494.281401570638,1.8363327159263108,-0.0108758838971661,0.0109954747153968,0.0119685213705609,-0.0036002251120631,Fast Moving Consumer Goods,7.0,0.648
2024-09-16,503.157958984375,508.9662721354692,501.779719768696,507.8833892081681,7531604,506.4854187011719,503.33515625,500.61476440429686,499.5154495239258,497.3063220214844,495.0033396402995,1.7738337574936276,-0.0053517119825658,0.0093915442246634,0.0115437171317298,-0.0027391780077592,Fast Moving Consumer Goods,7.0,0.648
2024-09-17,499.8600158691406,505.5698770020489,498.3833245371786,503.10872478211223,10486015,505.3336059570312,503.1727203369141,501.084023030599,499.9559967041016,497.82414794921874,495.7170735677083,1.6976980478190125,-0.0065544886180301,0.0064992374061423,0.0114229203209625,-0.0029542097488921,Fast Moving Consumer Goods,7.0,0.648
2024-09-17,499.8600158691406,505.5698770020489,498.3833245371786,503.10872478211223,10486015,505.3336059570312,503.1727203369141,501.084023030599,499.9559967041016,497.82414794921874,495.7170735677083,1.6976980478190125,-0.0065544886180301,0.0064992374061423,0.0114229203209625,-0.0029542097488921,Fast Moving Consumer Goods,7.0,0.648
2024-09-18,499.46624755859375,504.4377931687783,497.25121051614315,499.9584780124717,5429619,503.95537109375,503.2711669921875,501.743613688151,500.0519821166992,498.50736450195313,496.4078379313151,1.6886075848476003,-0.0007877571680987,0.0009855129476394,0.0099537168617211,-0.0044348082643778,Fast Moving Consumer Goods,7.0,0.5740000000000001
2024-09-19,500.35223388671875,506.80044052546475,499.6138882390748,502.07504039788796,13925311,501.74033203125,502.9807495117187,501.9503499348958,500.2341079711914,499.1393872070312,496.9197570800781,1.7090613026640795,0.0017738662671516,0.0034431874077718,0.012887334565605,-0.0014756517461879,Fast Moving Consumer Goods,7.0,0.537
2024-09-20,506.4067077636719,509.31081933076297,500.1061340091814,504.04397758405685,23808194,501.8486328125,504.2310150146485,502.77073567708334,500.6574279785156,499.6020849609375,497.5645802815755,1.8488337757546245,0.0121004233955791,-0.0046656770998334,0.0057347415082944,-0.0124417264974909,Fast Moving Consumer Goods,7.0,0.5185
2024-09-23,508.9170837402344,511.37823603602163,505.61910361184385,507.440392362762,7804918,503.0004577636719,504.74293823242186,503.2235900878906,501.2111877441406,500.212451171875,498.2553446451823,1.9067878549632065,0.0049572328685149,-0.0029016345189664,0.0048360575316106,-0.0064803879330447,Fast Moving Consumer Goods,7.0,0.50925
2024-09-24,507.24346923828125,509.7538324689862,506.1605863032238,508.96627578106046,6755320,504.4771484375,504.9053771972656,503.607529703776,501.9323043823242,500.8602270507813,498.9329813639323,1.868151097634276,-0.0032885799188603,0.0033964095099465,0.0049490301658781,-0.0021348385947356,Fast Moving Consumer Goods,7.0,0.504625
2024-09-25,509.5077209472656,511.23052750255124,504.3393012814088,507.48958814270446,8476223,506.4854431152344,505.2204071044922,504.3425923665365,502.9290710449219,501.33867431640624,499.83704427083336,1.92042319715872,0.0044638360990326,-0.00396094646183,0.0033813158946494,-0.0101439476839484,Fast Moving Consumer Goods,7.0,0.5023124999999999
2024-09-26,514.626953125,515.6114140587638,508.96630275585846,509.6062263974957,15489991,509.34038696289065,505.5403594970703,505.1006286621094,503.7978591918945,502.05536376953125,500.8395538330078,2.038604851972748,0.010047408444011,-0.009756050857843,0.0019129603060736,-0.0109995217599234,Fast Moving Consumer Goods,7.0,0.50115625
2024-09-27,514.5776977539062,520.2875586603653,512.1657566566794,512.1657566566794,17251962,510.9745849609375,506.41160888671874,506.4788716634114,504.8216979980469,502.720859375,501.49750162760415,2.037467751512711,-9.571082663792416e-05,-0.0046872243156957,0.0110962074947713,-0.0046872243156957,Fast Moving Consumer Goods,7.0,0.500578125
2024-09-30,510.0984191894531,516.2020284586056,506.06209360710113,512.5103002296557,10531347,511.2108520507812,507.10565490722655,506.89890950520834,505.2204055786133,503.2111206054688,502.0455179850261,1.9340599484006515,-0.0087047662267619,0.0047282660550782,0.0119655522141219,-0.007912836877177,Fast Moving Consumer Goods,7.0,0.5002890625
2024-10-01,508.1787109375,511.6735349937055,506.0128850154202,510.0984216431326,5089315,511.397900390625,507.9375244140625,507.0695515950521,505.5551223754883,503.8254235839844,502.6165059407552,1.889741915910792,-0.0037634075694716,0.0037776291377713,0.0068771555773325,-0.0042619375339125,Fast Moving Consumer Goods,7.0,0.50014453125
2024-10-03,504.7823181152344,507.68648973948297,500.20458101471934,500.6475703863655,15870147,510.4528198242188,508.46913146972656,506.9645446777344,505.87014923095705,504.4338208007812,502.8576985677083,1.8113334143625213,-0.0066834614460725,-0.0081911500868478,0.0057533148845074,-0.0090687350492137,Fast Moving Consumer Goods,7.0,0.5000722656250001
2024-10-04,495.72528076171875,509.31082934481265,493.75635893556813,502.07506566839953,18228912,506.6724853515625,508.0064361572266,505.91773478190106,505.4935928344727,504.37278442382814,502.8248840332032,1.6022443117415366,-0.0179424615888546,0.0128090802569598,0.0274053979297135,-0.0039718003147332,Fast Moving Consumer Goods,7.0,0.5000361328125
2024-10-07,502.27197265625,506.9481620193131,498.87557046994317,499.12168569957805,16479772,504.2113403320312,507.5929626464844,505.6781860351563,505.9119888305664,504.6996264648437,502.9692728678385,1.7533800396771486,0.0132062901542398,-0.0062720739523086,0.0093100742578431,-0.0067620778606161,Fast Moving Consumer Goods,7.0,0.50001806640625
2024-10-08,500.0569152832031,504.5854112899015,498.1372045526614,502.0750480669117,9502367,502.2030395507812,506.7069458007812,505.47144978841146,505.7249420166016,504.6169323730469,503.04310709635416,1.702243631566323,-0.0044100756037264,0.0040358061693148,0.0090559611682077,-0.0038389844673071,Fast Moving Consumer Goods,7.0,0.5000090332031251
2024-10-09,484.0594177246094,501.87813528703543,482.9272636989434,501.87813528703543,23952459,497.3791809082031,504.3885406494141,504.418076578776,504.6469589233399,503.91993408203126,502.7510498046875,1.3329283380383146,-0.0319913535232958,0.0368110130904704,0.0368110130904704,-0.0023388740807642,Fast Moving Consumer Goods,7.0,0.5
2024-10-09,484.0594177246094,501.87813528703543,482.9272636989434,501.87813528703543,23952459,497.3791809082031,504.3885406494141,504.418076578776,504.6469589233399,503.91993408203126,502.7510498046875,1.3329283380383146,-0.0319913535232958,0.0368110130904704,0.0368110130904704,-0.0023388740807642,Fast Moving Consumer Goods,7.0,0.5
2024-10-10,484.4039611816406,487.94802633779057,481.8443869431517,487.6527000928454,12799333,493.3035095214844,501.87816467285154,503.4139241536458,503.5492858886719,503.3568212890625,502.5787689208984,1.340882405072899,0.0007117792659645,0.0067066728836815,0.0073163422270632,-0.005283966366099,Fast Moving Consumer Goods,7.0,0.5740000000000001
2024-10-11,480.61383056640625,486.27448082584317,479.82624380864075,485.3392309395476,14394986,490.2812194824219,498.4768524169922,502.0980305989584,502.0086059570313,502.4511181640625,502.0241902669271,1.253384145076426,-0.0078243179638515,0.0098320108007969,0.0117779595580214,-0.0016387101403996,Fast Moving Consumer Goods,7.0,0.611
2024-10-14,489.22784423828125,491.2459770162941,481.0568009432557,483.3702900100209,6712103,487.6723937988281,495.9418670654297,500.95277303059896,501.1767379760742,502.2640698242187,501.8617543538412,1.4522456842659617,0.0179229417133571,-0.0119730597864486,0.0041251388321019,-0.016701917912599,Fast Moving Consumer Goods,7.0,0.6295
2024-10-15,490.802978515625,491.63977630436585,486.8159238161744,490.2615370282201,8037662,485.8216064453125,494.0123229980469,499.745166015625,500.5589889526367,501.74427490234376,501.4843780517578,1.4886089451980278,0.0032196333383195,-0.0011031748198481,0.0017049566228624,-0.0081235340329616,Fast Moving Consumer Goods,7.0,0.6387499999999999
2024-10-16,485.5361328125,491.0983309451345,484.6993350303565,488.29261134305926,6682083,486.1169494628906,491.74806518554686,498.2980102539062,499.8427947998047,500.94095703125,500.9527699788412,1.3670195116199348,-0.0107310793407447,0.0056771851655863,0.0114557862056836,-0.0017234510999135,Fast Moving Consumer Goods,7.0,0.643375
2024-10-17,481.30291748046875,487.30813484787245,480.4169086985086,487.30813484787245,7385299,485.4967407226562,489.4001251220704,496.4176900227865,498.9346282958985,499.9387768554688,500.3801411946615,1.2692922791455945,-0.008718641200831,0.0124770017992823,0.0124770017992823,-0.0018408547918185,Fast Moving Consumer Goods,7.0,0.6456875
2024-10-18,479.1371154785156,483.911726643717,470.9660722650574,481.1552482363825,21778099,485.2013977050781,487.74130859375,494.05170084635415,497.8738723754883,498.6471643066406,499.5761647542318,1.2192929714948058,-0.0044998729974268,0.0042120150843487,0.0099650204731749,-0.0170536636580487,Fast Moving Consumer Goods,7.0,0.6468437499999999
2024-10-21,476.1344909667969,480.02312339777336,469.93239953961444,479.1371146286561,7395274,482.5827270507813,485.1275604248047,491.4888203938802,496.36026153564455,497.4579357910157,498.9838460286458,1.1499749329179472,-0.0062667332893216,0.0063062511093501,0.0081670883012079,-0.0130259234414819,Fast Moving Consumer Goods,7.0,0.647421875
2024-10-22,474.313232421875,480.8106801351941,473.3287715575346,476.1344910295771,12299288,479.2847778320312,482.5531921386719,489.1031412760416,494.63006896972655,496.3041467285156,498.001025390625,1.1079296923017428,-0.0038250926565386,0.0038397803038354,0.0136986431522112,-0.0020755500733422,Fast Moving Consumer Goods,7.0,0.6477109375000001
2024-10-23,472.88580322265625,475.78994487558367,472.04900544208425,473.5256968042597,10162570,476.7547119140625,481.4358306884766,486.7502807617187,492.9121856689453,495.22517822265627,496.9099161783854,1.0749763237033692,-0.0030094652681946,0.00135316724935,0.0061413170645767,-0.0017695557254401,Fast Moving Consumer Goods,7.0,0.64785546875
2024-10-24,464.3702087402344,474.90392212175374,462.69661322823436,474.5101437787425,13092399,473.3681701660156,479.4324554443359,484.05614013671874,490.6553100585937,493.8213366699219,495.5103424072266,0.8783868718642792,-0.0180077186170301,0.0218358862124601,0.0226838698591276,-0.0036040113695928,Fast Moving Consumer Goods,7.0,0.6479277343750001
2024-10-25,474.80548095703125,485.83145507537773,466.83137168653263,468.4064850948429,30961625,472.5018432617188,478.8516204833985,482.66148681640624,488.6642364501953,492.7994665527344,494.2896107991537,1.1192936516700194,0.0224718813144929,-0.0134770892898927,0.0232220868556998,-0.0167944760334817,Fast Moving Consumer Goods,7.0,0.648
2024-10-25,474.80548095703125,485.83145507537773,466.83137168653263,468.4064850948429,30961625,472.5018432617188,478.8516204833985,482.66148681640624,488.6642364501953,492.7994665527344,494.2896107991537,1.1192936516700194,0.0224718813144929,-0.0134770892898927,0.0232220868556998,-0.0167944760334817,Fast Moving Consumer Goods,7.0,0.648
2024-10-28,476.6267395019531,478.3495460797567,468.60338916256904,474.46094354444614,8614446,472.60029296875,477.5915100097656,480.95180460611977,486.7666885375976,491.6082678222657,493.3149953206381,1.1613388922862238,0.0038357993282868,-0.0045440085039503,0.0036145823031326,-0.0168336135479264,Fast Moving Consumer Goods,7.0,0.4894
2024-10-29,480.3677062988281,481.5982824190287,473.8210173046714,477.4635346378099,6866704,473.8111877441406,476.547982788086,479.6391906738281,485.2801528930664,490.4662927246094,492.55532023111977,1.2477021653922875,0.0078488395359104,-0.0060457262695581,0.0025617378188929,-0.0136284952304519,Fast Moving Consumer Goods,7.0,0.4101
2024-10-30,483.9117431640625,485.5853387106688,478.94022763860187,480.36770796031675,6393835,476.01637573242186,476.3855438232422,479.629345703125,484.06680450439455,489.5330236816406,492.0237111409505,1.3295191502278316,0.0073777583687728,-0.0073237222568169,0.0034584726869066,-0.010273599671201,Fast Moving Consumer Goods,7.0,0.37045
2024-10-31,481.2044677734375,485.3392155009322,477.168202186314,484.3547546175632,7810874,479.3832275390625,476.3756988525391,479.4160461425781,482.8879119873047,488.4008935546875,491.414985148112,1.267019487271939,-0.0055945643577968,0.0065466699814784,0.0085924965464814,-0.0083878389695747,Fast Moving Consumer Goods,7.0,0.3506249999999999
2024-11-01,482.68115234375,484.453199935033,481.6966914741577,483.3702869698092,1461602,480.95836181640624,476.7301025390625,479.553867594401,482.23570556640624,487.1230615234375,490.82594909667966,1.3011099563303496,0.0030687258103508,0.0014277222607781,0.0036712591380012,-0.0020395676624456,Fast Moving Consumer Goods,7.0,0.3407125
2024-11-04,477.06976318359375,485.7822482492164,472.09821756010734,485.7822482492164,8429731,481.0469665527344,476.82362976074216,478.7433288574219,480.9755950927735,485.622744140625,489.8480509440104,1.1715664557176726,-0.0116254573705832,0.0182624968882587,0.0182624968882587,-0.0104210033985598,Fast Moving Consumer Goods,7.0,0.33575625
2024-11-05,472.7381286621094,477.5127399163142,469.5386307881079,475.44539609395673,7327830,479.52105102539065,476.6661193847656,477.53900553385415,479.6096557617187,484.1283325195312,488.6420857747396,1.0715671358928862,-0.0090796668658654,0.0057267803625427,0.0100999072524938,-0.0067680131557323,Fast Moving Consumer Goods,7.0,0.333278125
2024-11-06,473.6241455078125,476.87285446395987,470.5723107058593,472.73813670553255,11313985,477.4635314941406,476.7399536132813,476.744873046875,479.0878921508789,482.74614990234375,487.5214416503906,1.0920215582325743,0.0018742233638116,-0.0018707002391737,0.0068592553546107,-0.0064435794308608,Fast Moving Consumer Goods,7.0,0.3320390625
2024-11-07,470.4738464355469,475.19927666439344,468.70182887683046,474.26402681523876,8924280,475.3174072265625,477.3503173828125,476.0229349772136,478.3913864135742,481.3738110351562,486.2203125,1.019294331845233,-0.0066514748079153,0.0080560915519691,0.0100439806902081,-0.0037664528477868,Fast Moving Consumer Goods,7.0,0.33141953125
2024-11-08,470.62152099609375,473.23036641450005,467.22514891878234,470.4738578698389,6090462,472.9054809570313,476.9319213867187,475.4552286783854,477.8917709350586,480.3696606445312,484.7534647623698,1.022703519655716,0.0003138847391107,-0.0003137619502445,0.0055434044173852,-0.007216780206147,Fast Moving Consumer Goods,7.0,0.331109765625
2024-11-11,469.53863525390625,474.01792030276613,466.7329156982704,470.621518202255,5488948,471.3992553710938,476.2231109619141,475.0155049641927,476.90731048583984,479.0603271484375,483.2521626790365,0.9977042180919264,-0.0023009694497087,0.0023062701704263,0.0095397582063458,-0.0059754817707783,Fast Moving Consumer Goods,7.0,0.3309548828124999
2024-11-12,465.5023498535156,470.5231065307061,463.82875427999784,470.1785392016451,5041916,469.952099609375,474.7365753173828,474.4281127929688,475.6422790527344,477.67814453125,481.7656270345052,0.9045232738881058,-0.008596279618626,0.0100454688351219,0.0107856741835361,-0.0035952462410649,Fast Moving Consumer Goods,7.0,0.33087744140625
2024-11-13,464.8624572753906,467.32360956921764,460.97382463379876,462.745842268009,11120381,468.19976196289065,472.8316467285157,473.893223063151,474.6085952758789,476.9102661132813,480.3217519124349,0.8897508312325558,-0.0013746280299688,-0.004553207027703,0.0052943666568647,-0.0083651251692459,Fast Moving Consumer Goods,7.0,0.330838720703125
2024-11-14,458.7095642089844,465.6007904464379,455.0670468946998,463.8779838870745,11639562,465.8469055175781,470.5821563720703,473.5158467610677,473.4789276123047,475.882490234375,478.7859934488933,0.747706270791565,-0.0132359431700916,0.0112673030635468,0.0150230707513958,-0.0079407921667512,Fast Moving Consumer Goods,7.0,0.3308193603515624
2024-11-18,459.3002014160156,460.53077748887324,454.82091652815853,458.75875996130276,8135260,463.5826416015625,468.2440612792969,472.4821614583333,472.48708190917966,475.0299450683594,477.5718241373698,0.761341612987078,0.001287606043379,-0.0011788400114861,0.0026792413089822,-0.0097524122002288,Fast Moving Consumer Goods,7.0,0.3308096801757812
2024-11-19,460.0877990722656,466.3883427064883,459.00488609372064,460.72769263669977,6857374,461.6924743652344,466.5458648681641,471.3795654296875,471.6847473144532,473.8643432617188,476.1656850179036,0.7795239479763205,0.0017147775111394,0.0013908075061421,0.0136942202052026,-0.0023537094022675,Fast Moving Consumer Goods,7.0,0.3308048400878906
2024-11-21,450.0462951660156,456.8390693785076,448.32348858818403,453.8364756459176,19559847,458.6012634277344,464.2766815185547,469.3581380208333,470.47140045166014,472.2340759277344,474.4986643473307,0.5477076311419922,-0.021825190597312,0.0084217568739317,0.0150935010141262,-0.0038280652375909,Fast Moving Consumer Goods,7.0,0.3308024200439453
2024-11-22,467.27435302734375,469.0956116731522,448.4219330894456,449.11106772624726,19464568,459.083642578125,463.64170227050784,468.2489786783854,470.19082794189455,471.5036047363281,473.9391621907552,0.9454314140442732,0.0382806347844124,-0.0388707087890047,0.0038976216734536,-0.0403455054097414,Fast Moving Consumer Goods,7.0,0.3308012100219726
2024-11-25,469.39093017578125,474.70704290141606,465.05930836220153,471.5567561042518,13891991,461.2199157714844,463.5334106445313,467.46140950520834,470.4418640136719,471.0271252441406,473.4387278238932,0.994294325758234,0.0045296240521757,0.0046141196798572,0.0113255548496515,-0.0092281753547253,Fast Moving Consumer Goods,7.0,0.3308006050109863
2024-11-26,469.58782958984375,475.1500274327074,466.7328991083471,472.5412121658805,6539846,463.27744140625,463.43004150390624,466.58852132161456,470.1809814453125,470.64515380859376,473.0711944580078,0.9988399095055446,0.0004194785229206,0.0062893081761006,0.011844850936026,-0.0060796517746003,Fast Moving Consumer Goods,7.0,0.3308003025054931
2024-11-27,469.53863525390625,472.63968106029864,465.65000270655946,470.0800767280806,7067013,465.1676086425781,463.43004150390624,466.08644612630206,469.82657623291016,470.3813195800781,472.414887491862,0.9977042180919264,-0.0001047606706086,0.0011531350852129,0.0066044529109206,-0.008281815926061,Fast Moving Consumer Goods,7.0,0.3308001512527465
2024-11-28,467.5204772949219,476.28217333173683,463.2380663539044,469.58785120196785,14412539,468.6624450683594,463.63185424804686,465.7386027018229,469.1842147827148,470.109609375,471.63880411783856,0.9511133937284114,-0.0042981723067219,0.0044219964845344,0.0187407749228658,-0.0091598360905933,Fast Moving Consumer Goods,7.0,0.3308000756263732
2024-11-29,469.34173583984375,471.4583207741302,465.2562290981537,465.8469116490473,8346687,469.0759216308594,464.0797821044922,465.4531087239584,468.4557144165039,469.9678466796875,471.09899088541664,0.9931586343446156,0.0038955695704703,-0.0074462250507997,0.0045096882988659,-0.0087047590906855,Fast Moving Consumer Goods,7.0,0.3308000378131866
2024-12-02,469.7847595214844,471.85210340330434,466.04379002749573,468.60339440899054,5478598,469.1546875,465.1873016357422,465.40716959635415,467.8847290039063,470.1844287109375,470.7150522867839,1.0033861977760643,0.0009439256043315,-0.0025146944181355,0.0044006193047338,-0.0079631563565389,Fast Moving Consumer Goods,7.0,0.3308000189065933
2024-12-03,465.20697021484375,466.04376795962304,455.5592657453077,458.7587635598344,22218251,468.278515625,465.777978515625,465.0461995442709,467.0110198974609,469.80048828125,470.25071411132814,0.8977041937439305,-0.0097444397968624,-0.0138609416192354,0.0017987644174652,-0.0207385208890582,Fast Moving Consumer Goods,7.0,0.3308000094532966
2024-12-04,459.8416748046875,470.7691963852625,459.1525401837095,467.0282270823781,13439484,466.33912353515626,465.7533660888672,464.3997355143229,466.1496154785156,469.1290856933594,469.7076202392578,0.7738419682921822,-0.0115331363321543,0.0156283187702441,0.0237636607974176,-0.0014986345490992,Fast Moving Consumer Goods,7.0,0.3308000047266483
2024-12-05,460.2354736328125,465.40389339018634,455.3131691019803,460.2846846607758,26415053,464.8821228027344,466.77228393554685,464.0486104329427,465.5244827270508,468.3237963867188,469.2383616129557,0.7829331357868035,0.0008563791620067,0.0001069257603609,0.0112299465240641,-0.0106951871657753,Fast Moving Consumer Goods,7.0,0.3308000023633241
2024-12-06,463.8287353515625,467.5697047034182,460.4323633580681,462.69661135373104,7551407,463.7795227050781,466.4277221679688,463.9796956380208,465.0347122192383,467.5204760742188,468.936459350586,0.865886516559175,0.0078074418957474,-0.0024408233288378,0.0080654109302222,-0.0073224699865137,Fast Moving Consumer Goods,7.0,0.3308000011816621
2024-12-09,457.72509765625,464.6655348350646,455.7561758984743,464.1733043956207,11703384,461.3675903320312,465.2611389160156,463.9140645345052,464.3972747802735,466.58130126953125,468.7149556477864,0.7249790565782214,-0.0131592487271971,0.0140875096698613,0.0151628940915684,-0.0043015376868287,Fast Moving Consumer Goods,7.0,0.330800000590831
2024-12-10,458.21734619140625,459.201807109172,455.41162656710134,458.1188940909571,8823805,459.96966552734375,464.1240905761719,463.8418741861979,463.7770660400391,465.6027490234375,468.1620178222656,0.7363430159464979,0.0010754239557253,-0.0002148589556189,0.0021484584246938,-0.0061231196235266,Fast Moving Consumer Goods,7.0,0.3308000002954155
2024-12-11,458.0204162597656,460.92458782136873,457.47897480275685,459.9401269589082,6745816,459.60541381835935,462.9722686767578,463.7040486653646,463.201155090332,464.8407751464844,467.5418070475261,0.7317967276759778,-0.0004297740652497,0.0041913212402606,0.0063407032929205,-0.0011821338913889,Fast Moving Consumer Goods,7.0,0.3308000001477077
2024-12-12,453.44268798828125,460.6292404052638,452.0152076928852,458.2665402985409,12884401,458.2468566894531,461.5644897460937,463.9304748535157,462.5981719970703,464.0689575195312,466.64430643717446,0.6261161326902626,-0.0099945943651737,0.010638284480142,0.0158488660361157,-0.0031480941984732,Fast Moving Consumer Goods,7.0,0.3308000000738538
2024-12-13,462.6966247558594,467.0282467236247,444.63176116363366,452.8520157185007,31753858,458.0204345703125,460.8999786376953,463.62529296875,462.48988037109376,463.6318566894531,465.9371358235677,0.8397508190585579,0.0204081728798707,-0.0212765957446807,0.009361689141456,-0.0390425661776927,Fast Moving Consumer Goods,7.0,0.3308
2024-12-13,462.6966247558594,467.0282467236247,444.63176116363366,452.8520157185007,31753858,458.0204345703125,460.8999786376953,463.62529296875,462.48988037109376,463.6318566894531,465.9371358235677,0.8397508190585579,0.0204081728798707,-0.0212765957446807,0.009361689141456,-0.0390425661776927,Fast Moving Consumer Goods,7.0,0.3308
2024-12-16,462.7950744628906,467.02824430973016,460.72770056705826,462.9427375890153,9007264,459.0344299316406,460.2010101318359,463.18556925455727,462.69415588378905,463.3247058105469,465.3234893798828,0.8420236109322131,0.0002127737739241,0.0003190680590021,0.009146963916486,-0.0044671475776437,Fast Moving Consumer Goods,7.0,0.597125
2024-12-17,462.25360107421875,468.4064816658965,455.8546052588739,462.69662049416445,19844152,459.8416809082031,459.9056732177734,462.696620686849,462.8418258666992,462.9899890136719,464.6425710042318,0.8295232556271089,-0.0011700068098181,0.000958390413652,0.0133106168937986,-0.0138430415695505,Fast Moving Consumer Goods,7.0,0.7302875
2024-12-18,463.1888427734375,466.4375516512094,459.6447776064562,465.35466872085993,12365167,460.8753662109375,460.2403900146484,462.27330118815104,462.9968780517578,462.73599731445313,464.17987365722655,0.8511140739036249,0.0020232220950693,0.0046759026716924,0.0070137891455235,-0.0076514476163986,Fast Moving Consumer Goods,7.0,0.79686875
2024-12-19,459.3002014160156,466.9790141366636,458.06962534315807,461.71214253616097,14599270,462.0468688964844,460.1468627929688,461.725282796224,463.4595733642578,462.4879113769532,463.73194274902346,0.761341612987078,-0.0083953692281054,0.0052513391300708,0.0167185050147469,-0.002679241308982,Fast Moving Consumer Goods,7.0,0.830159375
2024-12-20,457.42974853515625,460.1862570652578,452.16287674189437,459.2510071983129,19481288,460.9934936523438,459.5069641113281,460.9311503092448,462.9673431396485,462.1906030273437,463.1921295166016,0.7181606809572554,-0.0040723972580303,0.0039815046332007,0.0060260805925473,-0.0115140561149076,Fast Moving Consumer Goods,7.0,0.8468046875
2024-12-23,466.8805847167969,470.27698686017874,460.3339256999202,463.8779909705442,18837469,461.810595703125,460.4225128173828,460.7375386555989,462.8418258666992,462.5174438476562,463.0723541259766,0.9363409510728612,0.0206607379863364,-0.0064311814295597,0.0072746699146679,-0.0140221273515749,Fast Moving Consumer Goods,7.0,0.85512734375
2024-12-24,471.01531982421875,472.78733739001206,465.3054286969793,467.52046567590173,11564497,463.562939453125,461.7023101806641,461.1247619628906,462.913200378418,462.9860485839844,463.0854807535807,1.0317946871503372,0.0088560870654536,-0.0074198311630739,0.0037621229951811,-0.0121225167991784,Fast Moving Consumer Goods,7.0,0.859288671875
2024-12-26,469.53863525390625,474.36248762422355,468.60338538757355,473.08267043643343,8848065,464.8328979492188,462.8541320800781,461.77122599283854,462.913200378418,463.36408203125,463.0854807535807,0.9977042180919264,-0.0031351094288474,0.0075479096211341,0.0102736005264163,-0.0019918485852116,Fast Moving Consumer Goods,7.0,0.8613693359375001
2024-12-27,471.1629943847656,474.4117033487016,468.603390027205,472.2951184150244,16279450,467.2054565429688,464.62616271972655,462.4997273763021,463.09532623291017,464.20875,463.2741689046224,1.03520387496082,0.0034594791757253,0.0024028288378994,0.0068950851460185,-0.0054325241754243,Fast Moving Consumer Goods,7.0,0.8624096679687501
2024-12-30,469.58782958984375,473.9686924283094,468.60336873116484,473.2795578098897,13074810,469.63707275390624,465.315283203125,462.8836669921875,463.1076309204101,464.3012890625,463.4316813151042,0.9988399095055446,-0.0033431419990415,0.0078616352201257,0.0093291660524763,-0.0020964360587002,Fast Moving Consumer Goods,7.0,0.8629298339843751
2024-12-31,476.1344909667969,477.1189518310075,467.17589109380793,471.01531249891843,13276195,471.4878540039063,466.6492248535157,464.1109598795573,463.4251174926758,464.57103149414064,464.0125122070313,1.1499749329179472,0.0139412926920853,-0.0107515388298878,0.0020676109017259,-0.0188152718254004,Fast Moving Consumer Goods,7.0,0.8631899169921875
2025-01-01,476.42987060546875,479.2848012429488,474.65782293701153,478.4480034586798,18229128,472.5707641601563,468.0668518066406,465.32512817382815,463.986262512207,464.8447131347656,464.583501180013,1.1567940130621226,0.0006203701774935,0.0042359494601929,0.0059923418190632,-0.0037194302410241,Fast Moving Consumer Goods,7.0,0.8633199584960938
2025-01-02,481.4505920410156,482.38584191513485,474.8054809534092,477.8081047301229,26124980,474.9531555175781,469.8930267333984,466.88713989257815,465.06670837402345,465.32119140625,465.29559427897135,1.2727014669560772,0.0105382171549536,-0.0075656513276909,0.0019425666715964,-0.0138022700510882,Fast Moving Consumer Goods,7.0,0.8633849792480469
2025-01-03,474.1163635253906,483.3702897439964,472.3935569937165,482.63194408756465,37072992,475.5438293457031,471.374642944336,468.2653849283854,465.76075286865233,465.5850268554688,466.0979298909505,1.1033848130776416,-0.0152336057673809,0.01796095055411,0.0195182595044733,-0.0036337208841809,Fast Moving Consumer Goods,7.0,0.8634174896240234
2025-01-06,435.7716064453125,454.5748154312155,434.3933672095806,448.5203869733974,22009958,468.78058471679685,469.2088287353516,466.4703837076823,464.3578964233399,464.2422216796875,465.04783833821614,0.2181647863565327,-0.0808762574549372,0.0292556475445466,0.0431492293389306,-0.0031627559376217,Fast Moving Consumer Goods,7.0,0.86345
2025-01-06,435.7716064453125,454.5748154312155,434.3933672095806,448.5203869733974,22009958,468.78058471679685,469.2088287353516,466.4703837076823,464.3578964233399,464.2422216796875,465.04783833821614,0.2181647863565327,-0.0808762574549372,0.0292556475445466,0.0431492293389306,-0.0031627559376217,Fast Moving Consumer Goods,7.0,0.86345
2025-01-07,434.2456970214844,440.6446926949899,433.31044717493506,438.57731885333885,14294780,460.4028259277344,465.9453399658203,464.5670918782552,463.1839263916016,462.8206591796875,463.87633056640624,0.1829379213612943,-0.0035016265430309,0.0099750483690808,0.0147358873499416,-0.0021537342867511,Fast Moving Consumer Goods,7.0,0.86345
2025-01-08,442.56439208984375,445.0255443760588,430.30787173051056,436.1161851173055,13482926,453.6297302246094,463.1002471923828,463.2544779459635,462.4012786865234,461.9149560546875,462.9755493164063,0.3749817894530736,0.0191566551503394,-0.0145700989229815,0.0055611168232336,-0.0276943210488679,Fast Moving Consumer Goods,7.0,0.86345
2025-01-09,443.1058654785156,453.4919161525875,439.118780732096,442.416730818138,19732649,445.9607849121094,460.45697021484375,461.9156127929688,461.6555511474609,461.24552368164063,462.0944569905599,0.3874821447581778,0.0012234906340181,-0.0015552370529634,0.023439208286841,-0.0089980410033929,Fast Moving Consumer Goods,7.0,0.86345
