Price,Close,High,Low,Open,Volume,MA_5,MA_10,MA_15,MA_20,MA_25,MA_30,Normalised Close,Return Ratio,Percentage Change Open,Percentage Change High,Percentage Change Low,Sector,Sector Encoded,VADER Sentiment Score
Ticker,LICHSGFIN.NS,LICHSGFIN.NS,LICHSGFIN.NS,LICHSGFIN.NS,LICHSGFIN.NS,,,,,,,,,,,,,,
Date,,,,,,,,,,,,,,,,,,,
2023-01-10,382.5625305175781,391.0241637086375,380.1449210344183,390.588982196935,2305146,,,,,,,-1.0627228568492368,,0.0209807574947229,0.0221183009732066,-0.0063195145637733,Financial Services,8.0,0.8404
2023-01-11,389.38018798828125,390.927464001725,379.17788749810336,383.9163963109087,1867439,,,,,,,-1.0124540174272605,0.0178210277453972,-0.0140320228042445,0.0039736896256528,-0.0262013857019477,Financial Services,8.0,0.8404
2023-01-12,386.96258544921875,391.65275396074543,383.19112038751945,391.65275396074543,1292880,,,,,,,-1.030279799133739,-0.0062088483534638,0.0121204702673825,0.0121204702673825,-0.0097463300161722,Financial Services,8.0,0.8404
2023-01-13,389.6219482421875,391.265934536983,385.56038191501926,387.7845708909565,1012622,,,,,,,-1.0106714392566123,0.0068724028962167,-0.004715795297263,0.0042194396445387,-0.0104243776447716,Financial Services,8.0,0.8404
2023-01-16,382.5141906738281,396.1495151325037,381.54714680458636,390.20220123903454,3996299,386.2082885742187,,,,,,-1.0630792824768949,-0.0182427032163527,0.0200986283715733,0.0356465846003148,-0.0025281254730399,Financial Services,8.0,0.8404
2023-01-17,380.67681884765625,384.0614724399974,375.21302680810163,382.5141963239883,1707734,385.8311462402344,,,,,,-1.0766268315705827,-0.0048034082681617,0.0048266072042262,0.0088911470958141,-0.0143528362354555,Financial Services,8.0,0.8404
2023-01-18,383.3361511230469,385.3186085927663,380.04820815082644,382.07900600514427,764164,384.6223388671875,,,,,,-1.057018696709635,0.0069858004052904,-0.0032794848965316,0.0051715901667803,-0.0085771794874756,Financial Services,8.0,0.8404
2023-01-19,378.7427062988281,382.70759186422316,376.8569885564404,381.0152651787844,1382644,382.9783630371094,,,,,,-1.0908876819519444,-0.0119828114587196,0.0060002710076301,0.0104685463230194,-0.0049788885991111,Financial Services,8.0,0.8404
2023-01-20,376.66357421875,381.498793399992,374.342674914121,378.7427125643169,1028638,380.3866882324219,,,,,,-1.1062178092162802,-0.0054895633513208,0.0055198816341062,0.012836970474968,-0.0061617301578545,Financial Services,8.0,0.8404
2023-01-23,380.5317687988281,384.3999443393499,377.2438254917521,378.59768102856725,1225081,379.9902038574219,383.0992462158203,,,,,-1.0776963334697356,0.0102696274469897,-0.0050825921219821,0.0101651842439642,-0.0086403910965295,Financial Services,8.0,0.8404
2023-01-24,381.5471496582031,383.43289702206283,379.12953996701737,382.46585314558854,932693,380.1642700195313,382.9977081298828,,,,,-1.0702095951594863,0.0026683208673486,0.002407837375298,0.0049423704660065,-0.0063363327267718,Financial Services,8.0,0.8404
2023-01-25,377.1471252441406,380.6284892256849,373.9075222403169,380.6284892256849,1832958,378.92646484375,381.7744018554688,,,,,-1.1026524278588052,-0.0115320594532133,0.0092307848808093,0.0092307848808093,-0.0085897592397837,Financial Services,8.0,0.8404
2023-01-27,373.56903076171875,378.6943809192535,367.1865649046112,377.6306267724567,1730143,377.8917297363281,380.43504638671874,,,,,-1.129034899807044,-0.009487264366938,0.0108724109235078,0.0137199546415396,-0.0170851043088168,Financial Services,8.0,0.7803
2023-01-30,376.3251037597656,379.85480786707797,368.6854633398127,371.3448338950507,1639571,377.8240356445313,379.10536193847656,,,,,-1.1087134636584228,0.0073776806188327,-0.0132339559996351,0.0093794011402588,-0.020300639908492,Financial Services,8.0,0.75025
2023-01-31,387.9779968261719,388.7516200862859,376.2283906693193,377.14709411356097,1356899,379.31328125,379.65174255371096,381.8372578938802,,,,-1.0227928358073104,0.0309649634052717,-0.0279162808231713,0.0019939874591925,-0.0302842074884901,Financial Services,8.0,0.735225
2023-02-01,374.1492614746094,394.98907425013675,362.3996845425743,390.4922967163902,2755215,377.8337036132813,378.9989868164063,381.2763732910156,,,,-1.1247566671942535,-0.0356430917853268,0.0436805225202612,0.0556991952714081,-0.0314034481472107,Financial Services,8.0,0.7277125
2023-02-02,381.8372497558594,383.52957640330425,367.91182495925125,372.3118624378741,1242875,378.771728515625,378.8490966796875,380.7735107421875,,,,-1.0680705913611803,0.0205479178308406,-0.0249461971666611,0.0044320627401515,-0.0364695293754389,Financial Services,8.0,0.72395625
2023-02-03,386.5274353027344,387.4944791443606,376.76028659994233,382.46583936316983,1227587,381.3634094238281,379.6275695800781,380.7445007324219,,,,-1.0334883048311974,0.0122832058681384,-0.0105079111302498,0.0025018763308968,-0.0252689662123006,Financial Services,8.0,0.7220781249999999
2023-02-06,375.40643310546875,390.3472428303515,366.6063281978551,386.1889660941453,3867116,381.1796752929688,379.50185546875,379.7967997233073,,,,-1.1154871256971772,-0.028771572679066,0.0287222914628297,0.0397990242236609,-0.0234415399726016,Financial Services,8.0,0.7202
2023-02-06,375.40643310546875,390.3472428303515,366.6063281978551,386.1889660941453,3867116,381.1796752929688,379.50185546875,379.7967997233073,,,,-1.1154871256971772,-0.028771572679066,0.0287222914628297,0.0397990242236609,-0.0234415399726016,Financial Services,8.0,0.7202
2023-02-07,363.7052001953125,383.4328889581302,353.4545294178981,372.3118846125602,9967047,376.3251159667969,377.8191986083984,378.5428670247396,380.4592224121094,,,-1.2017641791759477,-0.0311695055765569,0.0236639025579668,0.0542408762707373,-0.0281840093897742,Financial Services,8.0,0.53055
2023-02-08,373.52069091796875,378.01743896451677,361.7227440214562,365.34915849638793,3527561,376.1994018554688,377.016552734375,378.0657918294271,380.0071304321289,,,-1.129391325434702,0.0269874907408122,-0.0218770542576861,0.012038819149474,-0.0315857921217638,Financial Services,8.0,0.435725
2023-02-09,367.4766845703125,374.1492816246164,365.59093714738754,373.56904937819036,1997820,373.32728881835936,376.0495086669922,377.0084940592448,378.9119552612305,,,-1.173955779700898,-0.0161811821797674,0.0165789152446544,0.0181578786749589,-0.0051316110711349,Financial Services,8.0,0.3883124999999999
2023-02-10,365.44586181640625,368.8788851609824,363.8502453802289,366.5579563318125,1869020,369.11097412109376,375.23719177246096,376.1220377604167,377.8361190795898,,,-1.188929706353755,-0.0055263989231884,0.0030431170020059,0.0093940681870434,-0.004366218372939,Financial Services,8.0,0.3646062499999999
2023-02-13,357.70953369140625,366.8481103762743,356.5490987153175,365.4458849126828,2071372,365.5715942382813,373.375634765625,374.8584350585937,376.2404983520508,,,-1.245972207814486,-0.0211695600725849,0.0216274672398042,0.0255474786779148,-0.0032440705846265,Financial Services,8.0,0.352753125
2023-02-14,359.1600646972656,360.2238187893461,353.0193306088252,357.80620926727,1421641,364.6625671386719,370.4938415527344,373.43365478515625,375.07279205322266,377.2998913574218,,-1.235276963806778,0.0040550526872754,-0.003769504360505,0.0029617827721941,-0.0170974857508626,Financial Services,8.0,0.3468265625
2023-02-15,360.4172668457031,361.86783266958685,356.83919267538846,357.8062365579776,1297604,362.0418823242188,369.1206420898437,372.0249959309896,374.059814453125,376.41408081054686,,-1.2260071972935227,0.0035003951497146,-0.0072444650351429,0.0040246846012088,-0.0099275881026157,Financial Services,8.0,0.34386328125
2023-02-16,359.8370361328125,363.60850138846365,358.6282312744732,362.1579355584565,2373423,360.5139526367187,366.9206207275391,370.8709899902344,372.8848587036133,375.23235473632815,,-1.2302854299063133,-0.0016098860023235,0.0064498625560804,0.0104810369054371,-0.0033593119577973,Financial Services,8.0,0.342381640625
2023-02-17,354.2281494140625,360.03041249708946,352.0039603703033,357.0326001803278,2200466,358.27041015625,363.6906921386719,369.58159790039065,371.659130859375,373.92297729492185,,-1.27164160349123,-0.0155872969025895,0.0079170748313035,0.016380016925884,-0.0062789731630259,Financial Services,8.0,0.3416408203125
2023-02-20,348.3291931152344,355.77541276540944,347.9907218784457,355.7270723795118,1671095,356.39434204101565,360.9829681396485,367.7152038574219,370.2424118041992,372.2712670898438,,-1.315136555858273,-0.0166529856776931,0.0212381833348951,0.0213769612118377,-0.0009716993105332,Financial Services,8.0,0.34127041015625
2023-02-21,346.4434509277344,351.8105323613782,345.28298653091844,349.102821451255,1211677,353.8510192871093,359.2567932128906,364.94623413085935,368.53799591064455,370.8284375,373.39174601236977,-1.3290407555957977,-0.0054136782812692,0.0076762037683182,0.0154919408038207,-0.0033496502638694,Financial Services,8.0,0.341085205078125
2023-02-22,341.6082458496094,347.458849437345,340.59286159449385,346.20170421559845,959201,350.08921508789064,356.0655487060547,362.77683308919273,366.54105072021486,369.2656945800781,372.02660319010414,-1.3646923190087548,-0.013956693553239,0.013446567586695,0.0171266462645967,-0.0029723645943913,Financial Services,8.0,0.3409926025390625
2023-02-23,340.7379150390625,343.445626082583,336.6279785729607,343.445626082583,1265096,346.26939086914064,353.3916717529297,360.03687744140626,364.72059020996096,367.5617651367188,370.4051940917969,-1.3711095554198511,-0.0025477453226642,0.0079466091796978,0.0079466091796978,-0.0120618700904787,Financial Services,8.0,0.3409463012695312
2023-02-24,338.9972229003906,344.17091359999796,336.91808444498884,341.36649222909523,1848286,343.22320556640625,350.74680786132814,356.8681966145833,362.9919998168945,365.97194580078127,368.8063486735026,-1.3839442532582231,-0.0051085953803301,0.0069890523244811,0.0152617495073921,-0.006133202029247,Financial Services,8.0,0.3409231506347656
2023-02-27,338.9488525390625,339.96423672624303,332.56635754466186,338.9971929244198,1109387,341.3471374511719,348.87073974609376,354.4376912434896,361.12318725585936,364.4633569335937,367.1172454833985,-1.38430090390206,-0.0001426866005399,0.0001426185248751,0.0029956855719508,-0.0188302599244383,Financial Services,8.0,0.3409115753173828
2023-02-28,338.9972229003906,342.5752970882634,337.9818386234243,339.43240445442615,1286065,339.85789184570314,346.8544555664063,352.7904927571615,358.6741485595703,362.8019750976562,365.66667989095055,-1.3839442532582231,0.0001427069629113,0.0012837319147107,0.0105548775805877,-0.0029952583926171,Financial Services,8.0,0.3409057876586914
2023-03-01,345.089599609375,346.15335373390195,337.88511120910414,340.39943109112164,1022685,340.5541625976563,345.3216888427734,350.89508666992185,357.2211654663086,361.3436730957032,364.4804392496745,-1.33902314834819,0.0179717599361412,-0.0135911616100932,0.0030825447238371,-0.0208771530884326,Financial Services,8.0,0.3409028938293457
2023-03-02,343.203857421875,346.92698215714825,342.5269444320848,345.0896047393801,687727,341.04735107421874,343.6583709716797,349.2768981933594,355.2894958496093,359.9859423828125,363.1426961263021,-1.352927348085715,-0.0054645002041051,0.0054945399846921,0.0108481436171525,-0.0019723350281524,Financial Services,8.0,0.3409014469146728
2023-03-03,347.0237121582031,349.8764739786319,344.12258043528965,344.7511530728866,1161080,342.65264892578125,342.9379272460937,348.0487548828125,353.31430969238284,358.9241296386719,362.0853963216146,-1.324762297966828,0.0111299877717652,-0.0065487141244126,0.0082206538645066,-0.0083600388713233,Financial Services,8.0,0.3409007234573364
2023-03-06,348.13580322265625,350.84351433187516,346.25005581713174,348.76437585388516,2405419,344.4900390625,342.918588256836,347.41050618489584,351.9507781982422,357.7965576171875,361.1344706217448,-1.3165624833850835,0.0032046543953346,0.0018055386013453,0.0077777438693575,-0.0054167005750869,Financial Services,8.0,0.3409003617286682
2023-03-08,347.31378173828125,348.18411527313145,342.2851715859049,346.29839753292856,987954,346.1533508300781,343.0056213378906,346.6207539876302,351.13120727539064,356.16998901367185,360.02720438639324,-1.3226235191847011,-0.0023612092659405,-0.002923535600202,0.0025058997961273,-0.0144785793618914,Financial Services,8.0,0.3409001808643341
2023-03-09,343.3005676269531,349.1028307417749,342.76870531282896,348.13578688930454,708212,345.79554443359376,343.174853515625,345.4796407063802,349.62020111083984,354.9360412597656,358.7523183186849,-1.3522142718142198,-0.0115550096838722,0.0140845070422535,0.0169014084507042,-0.0015492613886444,Financial Services,8.0,0.340900090432167
2023-03-10,339.67413330078125,341.89832222655787,335.6125375533761,341.4148003286208,1237466,345.089599609375,343.0684753417969,344.1354471842448,348.2300735473633,353.2495166015625,357.5032185872396,-1.3789531693901165,-0.0105634381884055,0.0051245204070284,0.0065480079515125,-0.0119573301267794,Financial Services,8.0,0.3409000452160835
2023-03-13,333.9685974121094,342.1401001864246,330.9707555934827,340.44777345950394,1501896,342.47857666015625,342.56561279296875,342.78481038411456,346.6562103271484,351.1471630859375,356.1832041422526,-1.42102196921417,-0.016797086764389,0.0194005547156261,0.0244678776317157,-0.0089764182676355,Financial Services,8.0,0.3409000226080417
2023-03-14,334.1136474609375,338.22358379005175,331.16417554713104,334.21035774751914,708599,339.6741455078125,342.08209228515625,341.8371073404948,345.476416015625,349.4954516601563,354.7761555989583,-1.419952467315017,0.0004343224181917,0.000289453266326,0.0123010130246019,-0.0088277504861614,Financial Services,8.0,0.3409
2023-03-14,334.1136474609375,338.22358379005175,331.16417554713104,334.21035774751914,708599,339.6741455078125,342.08209228515625,341.8371073404948,345.476416015625,349.4954516601563,354.7761555989583,-1.419952467315017,0.0004343224181917,0.000289453266326,0.0123010130246019,-0.0088277504861614,Financial Services,8.0,0.3409
2023-03-15,331.93780517578125,337.64335805138074,330.7290003499408,337.1114957327456,905877,336.5989501953125,341.3761505126953,340.8700642903646,344.1153030395508,348.224755859375,352.90814921061195,-1.4359956708508474,-0.0065122819785762,0.0155863251377001,0.0171886202373907,-0.0036416605972323,Financial Services,8.0,0.59315
2023-03-16,335.6609191894531,338.2719198225279,327.8761986533081,331.98613492951125,906941,335.0710205078125,340.43328247070315,340.4735758463541,342.87748565673826,346.7103649902344,351.6252044677734,-1.408543922019635,0.0112163000285558,-0.0109479062049155,0.0077786852260899,-0.0231922159867267,Financial Services,8.0,0.7192749999999999
2023-03-17,336.4829406738281,339.8192244600386,333.7752000156304,337.69174556270974,1554137,334.4327819824219,339.7611907958984,340.1899108886719,341.70978088378905,345.470615234375,350.11339416503904,-1.4024828862200174,0.0024489639316963,0.0035924700564637,0.0099151647317672,-0.0080471855505521,Financial Services,8.0,0.7823374999999999
2023-03-20,333.43670654296875,336.1444470208754,330.342183940579,336.1444470208754,1274057,334.32640380859374,338.402490234375,339.8192097981771,340.6702087402344,344.1902490234375,348.3437032063802,-1.4249437761993025,-0.0090531606885005,0.0081207030443053,0.0081207030443053,-0.0092806896831287,Financial Services,8.0,0.8138687499999999
2023-03-21,332.1795654296875,336.33784221694026,329.7619557831832,335.1290373936881,1604798,333.93958740234376,336.80686645507814,339.3679239908854,339.862727355957,343.16905029296873,346.9028076171875,-1.4342130926801997,-0.0037702541100382,0.0088791493245088,0.0125181595137373,-0.007278020378457,Financial Services,8.0,0.8296343749999999
2023-03-22,329.713623046875,333.920240319949,328.98834013609155,332.8565156602698,494154,333.4947509765625,335.0468505859375,338.7490173339844,339.02623596191404,341.99119262695314,345.76975504557294,-1.452395300014336,-0.007423522213423,0.0095321891293158,0.0127583969209423,-0.0021997359529191,Financial Services,8.0,0.8375171874999999
2023-03-23,324.20147705078125,329.90703032693585,323.1377228269941,329.7136392483264,784817,331.20286254882814,333.13694152832034,337.3564758300781,338.15589752197263,340.54256103515627,344.12578125,-1.4930381723115784,-0.0167179807287189,0.0170022735481916,0.0175987886546886,-0.0032811516883389,Financial Services,8.0,0.8414585937499999
2023-03-24,310.0826110839844,323.95969652402255,309.4540384707081,323.95969652402255,2298219,325.9227966308593,330.17778930664065,335.1483927408854,336.6231323242188,338.5523840332031,342.2126454671224,-1.5971412325130063,-0.0435496657672086,0.0447528656686899,0.0447528656686899,-0.0020271133911021,Financial Services,8.0,0.8434292968749999
2023-03-27,310.2276611328125,315.06288047410845,308.68041455306724,311.62988654652304,1385355,321.28098754882814,327.80369567871094,332.69532267252606,335.18465423583984,336.7923645019531,340.3720387776693,-1.5960717306138537,0.0004677787261951,0.0045199883485251,0.0155860355057957,-0.0049874552581655,Financial Services,8.0,0.8444146484374999
2023-03-28,308.14849853515625,312.93537711210325,304.71550487698966,310.22763678637693,1451902,316.4747741699219,325.2071807861328,330.029502360026,333.6446365356445,335.18513671875,338.7200042724609,-1.6114020828943685,-0.0067020541948583,0.0067471957874345,0.0155343238721017,-0.0111407119440334,Financial Services,8.0,0.8449073242187499
2023-03-29,311.91998291015625,313.75738983991147,305.97266911791314,308.92217057600055,1316515,312.9160461425781,323.2053985595703,327.6699157714844,332.2907745361328,333.8041979980469,337.1453348795573,-1.5835936834193187,0.0122391781654899,-0.00961083770968,0.0058906355168801,-0.0190667931459721,Financial Services,8.0,0.8451536621093749
2023-03-31,317.9156799316406,320.6233910282245,312.8386994916677,313.1288008549311,1779112,311.65888671875,321.4308746337891,325.9775899251302,330.9320785522461,332.85649536132814,335.72861531575523,-1.5393854297646017,0.0192219073800454,-0.0150570713521862,0.0085170731345056,-0.0159695817490493,Financial Services,8.0,0.8452768310546874
2023-04-03,322.5574645996094,323.23440709984095,316.9969624580265,320.8167974730658,716360,314.153857421875,320.0383270263672,324.8364786783854,329.89975891113284,332.12927734375,334.4859629313151,-1.5051600188946346,0.0146006786106518,-0.0053964558802082,0.0020986725607849,-0.0172387954142843,Financial Services,8.0,0.8453384155273437
2023-04-05,317.52886962890625,323.2344227214727,316.223354464986,322.9926617471111,876706,315.6140991210938,318.4475433349609,323.74049682617186,328.42501678466795,331.27054321289063,333.2626536051432,-1.5422375098344023,-0.0155897646856355,0.0172072294547274,0.017968612111505,-0.0041114849350422,Financial Services,8.0,0.8453692077636719
2023-04-06,325.6036682128906,330.34217706074617,314.2892436372166,318.15741894352084,2894846,319.1051330566406,317.7899536132812,323.1731648763021,327.2984100341797,330.73673583984373,332.50513610839846,-1.4826993539315283,0.0254301241755476,-0.0228690582948259,0.0145529958979373,-0.0347490697441291,Financial Services,8.0,0.8453846038818359
2023-04-10,322.4607849121094,326.47401100373105,320.67174787989165,326.3289603280023,854220,321.2132934570312,317.0646697998047,322.54136352539064,326.0557601928711,330.0752783203125,331.7057139078776,-1.5058728701499504,-0.0096524812451631,0.01199580103034,0.0124456252648381,-0.0055480762806718,Financial Services,8.0,0.845392301940918
2023-04-11,322.0739440917969,326.5707216268593,321.1552701366807,323.47616948623255,1055348,322.0449462890625,316.85191650390624,321.63556518554685,324.99442901611326,329.1546520996094,331.0545705159505,-1.5087251752359303,-0.0011996522938996,0.0043537374573709,0.013961941403682,-0.0028523696870502,Financial Services,8.0,0.845396150970459
2023-04-12,319.3662414550781,323.7662793055154,318.7860092245561,322.7992354252578,2327960,321.4067016601563,317.7802795410156,320.49445190429685,323.9790344238281,328.2011474609375,330.3421813964844,-1.5286899607407145,-0.0084070837967165,0.0107493952852952,0.0137774043693223,-0.0018168239319171,Financial Services,8.0,0.8453980754852295
2023-04-13,316.6101379394531,318.93103718436885,313.46724555250773,317.6738920343247,1097375,321.22295532226565,318.4185272216797,319.3726806640625,323.1111114501953,326.9846044921875,329.5959452311198,-1.5490116219055148,-0.0086299149937319,0.0033598232254805,0.0073304640843798,-0.0099266953591562,Financial Services,8.0,0.8453999999999999
2023-04-13,316.6101379394531,318.93103718436885,313.46724555250773,317.6738920343247,1097375,321.22295532226565,318.4185272216797,319.3726806640625,323.1111114501953,326.9846044921875,329.5959452311198,-1.5490116219055148,-0.0086299149937319,0.0033598232254805,0.0073304640843798,-0.0099266953591562,Financial Services,8.0,0.8453999999999999
2023-04-17,321.0585632324219,321.5420851650008,313.8057342437376,316.2233439066324,1240102,320.3139343261719,319.70953369140625,318.63128051757815,322.4583572387695,325.9015148925781,328.9996022542318,-1.5162119135461796,0.0140501669400726,-0.0150602409638553,0.0015060240963855,-0.0225903614457831,Financial Services,8.0,0.7874
2023-04-18,321.44537353515625,323.47617154588335,319.4145755244291,322.2190263311572,757227,320.11085205078126,320.6620727539063,318.08006388346354,321.9337356567383,324.8667785644531,328.41454060872394,-1.513359833476379,0.0012047967163372,0.0024067939989071,0.0063177080086516,-0.0063177080086518,Financial Services,8.0,0.7584
2023-04-19,319.99481201171875,323.7662772180396,319.22118871723546,321.5420881125223,807038,319.6950256347656,320.86998596191404,317.79961954752605,321.1504302978516,323.93454833984373,327.5780476888021,-1.524055302500266,-0.0045126221836222,0.0048353162073981,0.0117860198501678,-0.0024176119907061,Financial Services,8.0,0.7439
2023-04-20,321.3003234863281,322.7025488924328,319.5112864373853,321.0585625205747,648193,320.08184204101565,320.744271850586,318.54746704101564,320.3912994384765,323.1995959472656,326.8479298909505,-1.5144293353755318,0.0040797895015921,-0.000752445447705,0.0043642203371896,-0.0055681146832674,Financial Services,8.0,0.73665
2023-04-21,320.2849426269531,322.9926536673337,317.57720207473557,322.9926536673337,1153979,320.8168029785156,321.01987915039064,319.21795247395835,319.7337112426758,322.6522497558594,325.9566375732422,-1.521916073685781,-0.003160223582589,0.0084540691116232,0.0084540691116232,-0.008454161254066,Financial Services,8.0,0.733025
2023-04-24,327.05426025390625,327.5377822060783,320.6717645828677,321.05857624223773,1563495,322.0159423828125,321.16493835449216,320.47833658854165,319.4774459838867,322.3698742675781,325.25391947428386,-1.4720036598914623,0.0211352977490346,-0.018332383155669,0.0014784150856088,-0.0195150971770969,Financial Services,8.0,0.7312125
2023-04-25,327.73114013671875,332.7597797355018,326.23223404130346,327.05422717923614,1915981,323.273095703125,321.6919738769531,321.53241373697915,319.3783218383789,322.2016076660156,324.6011647542318,-1.467012801039535,0.0020696256403662,-0.0020654520568299,0.0153437955169144,-0.0045735845998339,Financial Services,8.0,0.73030625
2023-04-26,328.794921875,330.7290096507353,325.16850729549634,327.7311676959781,1250525,325.0331176757812,322.36407165527345,322.2576965332031,319.60799407958984,321.9269677734375,324.1176432291667,-1.4591691870692696,0.0032458976520738,-0.0032353120691636,0.0058823529411764,-0.0110294117647058,Financial Services,8.0,0.729853125
2023-04-27,328.55316162109375,329.7619664835702,326.66741423089553,328.79492259358904,784612,326.4836853027344,323.282763671875,322.65740966796875,320.5315216064453,321.60977661132813,323.7469441731771,-1.460951765239917,-0.0007352919337305,0.0007358351729211,0.0036791758646064,-0.0057395502782376,Financial Services,8.0,0.7296265625
2023-04-28,332.85650634765625,334.11365155310705,327.5861055386831,328.89162064393514,2562027,328.997998046875,324.9074005126953,323.6792521158854,321.6629638671875,321.5865686035156,323.7098744710286,-1.429221783795914,0.013097864300954,-0.0119116965662673,0.003776838311635,-0.0158338524513275,Financial Services,8.0,0.72951328125
2023-05-02,343.44561767578125,344.6060821013627,332.7597949302172,332.856505217655,1961296,332.27626953125,327.14610595703124,324.86871541341145,323.4278198242188,322.0372106933594,324.02094014485675,-1.351144769915067,0.0318128416485422,-0.0308319917714674,0.003378888434899,-0.0311135801291593,Financial Services,8.0,0.729456640625
2023-05-03,344.0741882324219,346.8786389922779,340.9796656356481,342.0917601549861,1073926,335.5448791503906,329.4089874267578,326.309608968099,325.03553009033203,322.61163330078125,324.4254862467448,-1.3465101116746183,0.0018301894806356,-0.0057616297450846,0.0081507153275957,-0.0089937655965156,Financial Services,8.0,0.7294283203125
2023-05-04,357.85455322265625,359.16006827996716,344.55770071859837,345.23464319626635,2801963,341.3568054199219,333.1949615478516,328.6949829101562,327.0324737548828,323.95775634765624,325.16527404785154,-1.244902930931512,0.0400505631097376,-0.035265472837334,0.0036481722687446,-0.0371571421526236,Financial Services,8.0,0.72941416015625
2023-05-05,352.58416748046875,358.38643015043203,350.8918408683961,356.64573364234263,1129545,346.1630065917969,336.32334594726564,330.909511311849,328.53380889892577,325.65781860351564,325.7019816080729,-1.2837632250581068,-0.0147277314057487,0.0115194229817447,0.0164563902895178,-0.0047997805011094,Financial Services,8.0,0.729407080078125
2023-05-08,358.6282043457031,360.2238207365315,353.2610934705812,355.4853119500153,1253442,351.3173461914063,340.1576721191406,333.71071573893227,330.5887756347656,327.5938403320313,326.5416982014974,-1.2391985457757315,0.017142110799882,-0.0087636509276282,0.0044492217050788,-0.014965668650947,Financial Services,8.0,0.7294035400390626
2023-05-09,356.549072265625,361.57768247931733,354.9050859483236,359.25678318747197,944037,353.938037109375,343.1071533203125,336.0767496744792,332.1360458374023,329.52986328125,327.35401509602866,-1.254528673040067,-0.00579745835627,0.0075942167080713,0.0141035571393832,-0.0046108276396711,Financial Services,8.0,0.7294017700195313
2023-05-10,360.1755065917969,360.94912989467275,352.9710178474362,359.1600928059553,709126,357.15830078125,346.3515899658203,338.65875854492185,334.0217819213867,331.4600842285156,328.3694112141927,-1.2277897754641705,0.010170926271462,-0.0028192194284671,0.0021479064753635,-0.0200027170435157,Financial Services,8.0,0.7294008850097657
2023-05-11,365.3491516113281,366.5096160261718,359.06336663990305,361.67439681738324,1478514,358.6572204589844,350.00701293945315,341.68238118489586,336.18554229736327,333.3574230957031,329.7410003662109,-1.1896427826252498,0.014364233338595,-0.0100581998828731,0.0031763161614735,-0.0172048708576505,Financial Services,8.0,0.7294004425048829
2023-05-12,362.5931091308594,367.7667702012,361.67440565400886,366.2678640145879,1220873,360.6590087890625,353.4110076904297,344.4352335611979,338.34688568115234,334.95884887695314,331.4913503011068,-1.209963993757692,-0.0075435852753826,0.0101346517382443,0.0142685035651723,-0.00253370363009,Financial Services,8.0,0.7294002212524415
2023-05-15,369.21734619140625,370.86133261267724,360.41727038294835,362.64145952999735,1506402,362.7768371582032,357.0470916748047,347.6973937988281,340.97724609375,337.0263879394531,333.4576731363932,-1.1611213068787054,0.0182690649483804,-0.0178103405195916,0.0044526250952974,-0.0238344051254185,Financial Services,8.0,0.7294001106262208
2023-05-16,381.69219970703125,384.883432442651,369.65249259096316,371.34481924115073,7290408,367.8054626464844,360.8717498779297,351.3399230957031,344.0089279174805,339.2699291992187,335.9091298421224,-1.0691400932603334,0.0337872899101492,-0.027109226947322,0.0083607491535566,-0.0315429739599321,Financial Services,8.0,0.7294000553131104
2023-05-17,358.24139404296875,378.11413269037587,353.5512256251329,378.11413269037587,15836838,367.4186401367188,362.2884704589844,353.3739400227865,345.8487289428711,340.70115356445314,337.4531768798828,-1.2420506258455324,-0.0614390487467708,0.0554730385094011,0.0554730385094011,-0.013092201224723,Financial Services,8.0,0.7294000276565552
2023-05-18,353.74462890625,362.64144414056636,350.7951569653079,360.7073564384834,3730009,365.0977355957031,361.8774780273437,355.03725382486977,347.53621978759764,341.9679809570313,338.64747517903646,-1.2752067598325254,-0.0125523326212252,0.0196829208510149,0.0251503895955242,-0.0083378564645959,Financial Services,8.0,0.7294000138282777
2023-05-19,360.513916015625,362.2062426617774,352.48746429860734,353.9380299953094,2809030,364.68189697265626,362.6704528808594,357.1679707845052,349.4968994140625,343.61388793945315,339.912690226237,-1.225294571054386,0.0191360844977493,-0.018240311200721,0.0046942061622916,-0.0222639164826852,Financial Services,8.0,0.7294000069141389
2023-05-22,359.9820556640625,363.9952815441156,357.4677358739143,360.70733851630706,2240712,362.8348388671875,362.8058380126953,358.97634073893227,351.481755065918,345.3487646484375,341.3277964274088,-1.2292161530233394,-0.0014752838321487,0.0020147750167898,0.011148405363289,-0.006984569787819,Financial Services,8.0,0.7294000034570695
2023-05-23,360.75567626953125,362.83484404026325,358.4347770616496,360.22381398649975,910330,358.6475341796875,363.226498413086,360.1303446451823,353.16682586669924,346.93664916992185,342.49953002929686,-1.223511992883738,0.0021490532466726,-0.0014743005253066,0.0057633681394346,-0.006433437809992,Financial Services,8.0,0.7294000017285347
2023-05-24,363.8019104003906,365.9293891763043,358.1930383289751,359.64360411284935,1524854,359.7596374511719,363.5891387939453,361.4455261230469,354.9703643798828,348.63091064453124,343.8775675455729,-1.2010511029044528,0.008444036591079,-0.0114301386789441,0.0058479043542465,-0.0154173793789113,Financial Services,8.0,0.7294000008642674
2023-05-25,362.6897888183594,365.39752934040513,359.2084545229009,365.39752934040513,958131,361.5486694335938,363.3232025146484,361.7678751627604,356.6651077270508,350.33870971679687,345.23142903645834,-1.2092511425023762,-0.0030569426664287,0.007465720308442,0.007465720308442,-0.0095986553875713,Financial Services,8.0,0.7294000004321337
2023-05-26,365.0590515136719,365.8326747849929,361.2392165209136,362.83486247474684,905809,362.4576965332032,363.5697967529297,362.5995340983073,358.4904022216797,352.0890588378906,346.7545227050781,-1.1917817864235556,0.0065324769771752,-0.0060926828952815,0.0021191729615066,-0.010463608495447,Financial Services,8.0,0.7294000002160669
2023-05-29,367.5249938964844,370.9580171824288,365.0590439474017,367.3799432250976,1184824,363.9662841796875,363.4005615234375,363.1926534016927,360.2238265991211,353.97866088867187,348.4516845703125,-1.1735995790894194,0.0067549136847525,-0.0003946688627866,0.0093409246798366,-0.0067096115639342,Financial Services,8.0,0.7294000001080334
2023-05-30,367.0414733886719,370.86130831687854,364.5755234301518,367.5249953030355,1365553,365.2234436035157,361.9354888916016,363.8921468098959,361.4036193847657,355.5781494140625,349.9844482421875,-1.177164735430715,-0.0013156125864699,0.0013173495351888,0.0104070934898456,-0.0067184504676091,Financial Services,8.0,0.7294000000540167
2023-05-31,359.74029541015625,366.99312394665134,359.1117228393603,366.99312394665134,780347,364.4111206054688,362.0853790283203,363.8631327311198,362.1869247436524,356.858515625,351.2609456380208,-1.2309987311939874,-0.0198919700030306,0.0201612903225807,0.0201612903225807,-0.0017472954206568,Financial Services,8.0,0.7294000000270084
2023-06-01,364.6722412109375,366.8480898702965,360.46559456714283,361.6260589902021,926549,364.8076110839844,363.1781402587891,363.81800537109376,362.5278091430664,358.2936083984375,352.7501932779948,-1.1946338664933565,0.0137097396752791,-0.0083532056364371,0.0059665870156002,-0.0115354177488968,Financial Services,8.0,0.7294000000135042
2023-06-02,366.7030334472656,367.8151279533608,364.2370539648782,365.78433000075813,730890,365.1364074707032,363.7970520019532,364.0920003255208,363.23375244140624,359.8196032714844,354.2636169433593,-1.179660164856679,0.0055688149709027,-0.0025053063724918,0.003032684228545,-0.0067247316151314,Financial Services,8.0,0.7294000000067522
2023-06-05,363.4150695800781,369.55580397311485,362.7381565874212,368.3469991521169,2323645,364.3144226074219,364.1403533935547,363.7051818847656,363.473095703125,361.04194580078126,355.7012878417969,-1.2039034079904327,-0.008966284888015,0.0135710651122353,0.0168973025805789,-0.0018626442580905,Financial Services,8.0,0.7294000000033761
2023-06-06,360.75567626953125,364.96232268422375,359.9337126524525,363.608467272279,684871,363.05726318359376,364.1403533935547,362.309413655599,363.6834259033203,361.7343481445312,356.824668375651,-1.223511992883738,-0.0073177849053419,0.0079078201408986,0.0116606520462607,-0.0022784495744555,Financial Services,8.0,0.729400000001688
2023-06-07,364.3337707519531,365.83267691580664,360.36888506170794,361.9161611251983,1662365,363.9759582519531,364.19353942871095,362.7155721028646,363.89133911132814,362.5447314453125,358.0447560628255,-1.1971295209354993,0.0099183317624324,-0.0066357000663569,0.0041141016402621,-0.0108825643092651,Financial Services,8.0,0.729400000000844
2023-06-08,359.74029541015625,367.9601677515173,358.7732516052902,364.7205651028492,1720772,362.98956909179685,363.8985900878906,363.115283203125,363.6108963012695,362.6201611328125,359.0762685139974,-1.2309987311939874,-0.0126078769264686,0.0138440696142052,0.0228494623655912,-0.0026881720430107,Financial Services,8.0,0.729400000000422
2023-06-09,352.00396728515625,362.0128772023625,350.7951624524462,360.70736208066836,3575108,360.049755859375,362.5930816650391,362.5479532877605,363.0814392089844,362.596953125,359.8579620361328,-1.2880412326547184,-0.0215053143162054,0.0247252747252746,0.028434082701966,-0.0034340659340659,Financial Services,8.0,0.7294
2023-06-09,352.00396728515625,362.0128772023625,350.7951624524462,360.70736208066836,3575108,360.049755859375,362.5930816650391,362.5479532877605,363.0814392089844,362.596953125,359.8579620361328,-1.2880412326547184,-0.0215053143162054,0.0247252747252746,0.028434082701966,-0.0034340659340659,Financial Services,8.0,0.7294
2023-06-12,358.0963134765625,359.2567778611982,351.1819560903493,351.7621882826671,2825348,358.9860046386719,361.65021362304685,362.4222371419271,362.5253875732422,362.5756774902344,360.6992889404297,-1.2431203527608643,0.0173076066113507,-0.0176883284064021,0.0032406487890628,-0.0193086528009336,Financial Services,8.0,0.6147
2023-06-13,361.14251708984375,364.33374980898424,358.72490760206017,359.74029178219547,1841448,359.0633728027344,361.06031799316406,362.4480265299479,361.4979034423829,362.7594152832031,361.2891855875651,-1.2206596877977582,0.0085066600761882,-0.0038827477831956,0.0088364913244114,-0.0066943363724247,Financial Services,8.0,0.55735
2023-06-14,360.56231689453125,361.77112174565156,357.80623593160954,359.2568017529539,1119894,358.30908203125,361.1425201416016,362.2320536295573,361.61394958496095,362.7748876953125,361.8387898763021,-1.2249376953943698,-0.0016065685092629,-0.0036207753289959,0.0033525545917598,-0.0076438408391077,Financial Services,8.0,0.528675
2023-06-15,364.0436706542969,369.36241185146145,359.2084513841473,360.22383562614414,2525602,359.1697570800781,361.0796630859375,362.3223124186198,362.12890167236327,362.72266845703126,362.0450937906901,-1.199268524733805,0.0096553455440102,-0.0104927934093382,0.0146101735201307,-0.0132819759273914,Financial Services,8.0,0.5143375
2023-06-16,373.66571044921875,379.99986491124383,364.6238452096694,365.54254860481194,4158485,363.5021057128906,361.7759307861328,362.8960896809896,362.78649139404297,363.1655725097656,362.74781188964846,-1.1283220485517282,0.0264310042188843,-0.0217391149823225,0.0169513934109988,-0.0241977387453594,Financial Services,8.0,0.50716875
2023-06-19,371.876708984375,379.5163791787723,370.7646144345061,375.164681756978,1327636,366.2581848144531,362.6220947265625,363.1862040201823,363.38122406005857,363.2719470214844,363.1894287109375,-1.141512947001579,-0.0047877057348746,0.0088415668235386,0.0205435565331904,-0.002990492609516,Financial Services,8.0,0.503584375
2023-06-20,377.678955078125,378.40423794885123,368.4436983289447,371.8283517256673,1502464,369.5654724121094,364.3144226074219,363.8953694661458,364.2273880004883,363.1114172363281,363.8937581380208,-1.0987310709060307,0.015602606868272,-0.0154909434952431,0.0019203687708153,-0.0244526644257154,Financial Services,8.0,0.5017921875
2023-06-21,392.3297119140625,394.45719073207863,377.4855825296192,378.1141551460368,5015480,375.9189514160156,367.1140167236328,366.0679972330729,365.6537780761719,364.4749499511719,364.96556498209634,-0.99070620371947,0.0387915626193863,-0.0362336991982384,0.0054226808559483,-0.0378358531960862,Financial Services,8.0,0.50089609375
2023-06-22,389.2834777832031,406.54521586578306,387.3493901439636,392.81321133428355,6158348,380.9669128417969,370.0683349609375,367.7087463378906,366.9834625244141,365.89650390625,365.7633758544922,-1.0131670936987551,-0.0077644747220333,0.0090672575450174,0.0443423342312854,-0.0049683270665719,Financial Services,8.0,0.500448046875
2023-06-23,376.8086242675781,392.4747461935831,374.2459640081325,389.71866536247387,3485291,381.5954956054687,372.5488006591797,368.3824523925781,367.57094116210936,366.5482922363281,366.2372263590495,-1.105148307317127,-0.0320456793765401,0.0342615329465709,0.0415758051091743,-0.0068009596766178,Financial Services,8.0,0.5002240234374999
2023-06-26,378.83941650390625,382.079019203435,373.2789145386288,377.1954302050901,2228143,382.988037109375,374.6231109619141,369.4107421875,368.1366622924805,367.3025866699219,366.5579620361328,-1.0901746056804495,0.005389452643966,-0.0043395333938257,0.0085513876286296,-0.0146777281429482,Financial Services,8.0,0.50011201171875
2023-06-27,381.8856201171875,382.65927292384816,376.76029938734735,379.4680104310672,1703586,383.8293701171875,376.6974212646484,370.8194051106771,368.8788696289063,368.1477844238281,366.564409383138,-1.0677139407173435,0.0080408834999085,-0.0063307167349699,0.0020258757227444,-0.0134210885664335,Financial Services,8.0,0.500056005859375
2023-06-28,379.9999084472656,384.8351278981185,378.83944397432595,383.81971410633696,2645002,381.3634094238281,378.64118041992185,371.8638142903646,369.8918502807617,368.7957043457032,367.28969319661456,-1.0816179154386891,-0.0049378965077114,0.0100521225772911,0.0127242647784056,-0.0030538546119168,Financial Services,8.0,0.5000280029296875
2023-06-30,379.2746276855469,387.7362617726379,378.21087349794504,381.8856284967467,2961054,379.36163940429685,380.1642761230469,373.166103108724,370.62196960449216,369.45909790039065,368.14069315592445,-1.0869656499506326,-0.0019086340433142,0.0068841958322731,0.0223100452005622,-0.0028047069588946,Financial Services,8.0,0.5000140014648438
2023-07-03,383.4328918457031,384.351595320686,378.4526218514617,381.0152821871552,1442820,380.6864929199219,381.1409942626953,375.26136474609376,371.4584625244141,370.1940515136719,368.9046590169271,-1.0563053954219614,0.010963728803931,-0.0063051702395964,0.0023959954780106,-0.0129886353000867,Financial Services,8.0,0.5000070007324219
2023-07-04,377.34051513671875,384.88344522329527,374.82619527058137,384.83510483641857,2927676,380.3867126464844,381.6873748779297,376.5443115234375,372.1547348022461,370.58667236328125,369.4832743326823,-1.1012265003319943,-0.0158890299672986,0.0198616088097096,0.019989716937349,-0.0066632650491463,Financial Services,8.0,0.5000035003662109
2023-07-05,380.7735290527344,393.4901502158741,377.1954548797579,384.8834655567956,5918401,380.16429443359374,381.9968322753906,377.85304565429686,373.15562744140624,371.1359545898438,370.1505360921224,-1.0759137552990876,0.009097920255851,0.0107936507936508,0.0333968098958332,-0.0093968563988094,Financial Services,8.0,0.5
2023-07-06,385.1252136230469,386.2373081492207,379.9515231183361,381.49879918215186,1384763,381.18935546875,381.27638244628906,379.4905721028646,374.19519958496096,372.1513513183594,370.8613128662109,-1.0438273482274265,0.0114285375381486,-0.0094161958568739,0.0028876180702683,-0.0134337880816461,Financial Services,8.0,0.5
2023-07-07,377.0020446777344,386.3340117757066,374.1976234608286,385.1252069829165,4024085,380.7348388671875,380.04823913574216,380.3544637044271,375.0582870483398,372.64454345703126,371.33838806152346,-1.1037221547741374,-0.0210922802713802,0.0215467327561205,0.0247530941269809,-0.0074387427243346,Financial Services,8.0,0.5
2023-07-10,377.0503845214844,379.99988591874416,374.439383879921,377.1470948071354,985824,379.4583374023438,380.0724151611328,380.5801086425781,376.31060791015625,373.0584375,371.7380991617839,-1.1033657291464791,0.0001282217017982,0.0002564916775611,0.0078225656791279,-0.0069248056725282,Financial Services,8.0,0.5
2023-07-11,379.9031982421875,383.6746635123421,376.90535627961015,379.08120503298824,2085462,379.9708740234375,380.1787933349609,381.1152079264323,377.4009521484375,373.7179626464844,372.1507059733073,-1.0823309917101842,0.0075661339646255,-0.0021636912060826,0.0099274375356805,-0.0078910679784965,Financial Services,8.0,0.5
2023-07-12,379.80645751953125,383.868053338478,378.21084113060044,381.98230609857376,1520470,379.7774597167969,379.9708770751953,381.257041422526,378.3341491699219,374.4799938964844,372.5762054443359,-1.083044292997858,-0.0002546457179193,0.0057288351368554,0.0106938566697167,-0.0042011302265674,Financial Services,8.0,0.5
2023-07-13,374.1976318359375,387.4944848542319,372.50530508815456,381.25704017909743,2479306,377.591943359375,379.3906494140625,380.0482360839844,379.0159149169922,374.8745483398437,373.0581166585287,-1.1244000165504164,-0.0147675890510769,0.0188654543550266,0.0355343056369856,-0.0045225479901618,Financial Services,8.0,0.5
2023-07-14,379.564697265625,380.1449294568057,375.2130000995223,376.9053267752289,957618,378.10447387695314,379.4196563720704,379.4003173828125,379.7919662475586,375.6675244140625,373.5545318603516,-1.084826871168506,0.0143428631639246,-0.0070063694267515,0.0015286779707404,-0.0114649681528662,Financial Services,8.0,0.5
2023-07-17,377.0020446777344,380.6284590561046,373.4239706863415,380.04822685319823,2524475,378.0948059082031,378.7765716552734,379.4132120768229,379.9587829589844,376.6674475097656,373.8978322347005,-1.1037221547741374,-0.006751556734206,0.0080800149985069,0.0096190841125811,-0.0094908609698695,Financial Services,8.0,0.5
2023-07-18,372.2151794433594,381.4988064923076,370.7646136392061,378.98448652940795,2664818,376.5572021484375,378.2640380859375,378.9715962727865,379.9757064819336,377.2322021484375,374.1911692301432,-1.1390172925594362,-0.0126971863997896,0.0181865422473417,0.0249415595109037,-0.0038971161958589,Financial Services,8.0,0.5
2023-07-19,371.1513977050781,375.8899359226701,370.0876731372118,372.50528263115274,1278376,374.82619018554686,377.3018249511719,378.2559814453125,379.6493286132812,377.6325573730469,374.5376932779948,-1.1468609065297015,-0.0028579751633775,0.0036477969218113,0.0127671301977885,-0.0028660125610292,Financial Services,8.0,0.5
2023-07-20,375.2130126953125,376.711918853665,370.7646050960421,372.3118811538539,1175405,375.0292663574219,376.3106048583985,377.936855061849,378.7934936523437,378.2185852050781,374.9003346761068,-1.1169132782401672,0.0109432835639266,-0.0077319587628865,0.0039948138994039,-0.0118556858338031,Financial Services,8.0,0.5
2023-07-21,373.1338806152344,376.470164237041,371.39318395391916,374.05255457841156,1072845,373.74310302734375,375.9237884521484,377.5274719238281,377.9860137939453,378.5821936035156,375.346787516276,-1.1322434055045028,-0.0055412046217236,0.0024620491756537,0.0089412508355062,-0.0046650726501841,Financial Services,8.0,0.5
2023-07-24,377.533935546875,381.0152995158852,372.3119043492787,373.1338975729369,1673916,373.8494812011719,375.9721435546875,377.1342081705729,378.0222793579102,378.7369226074219,376.1977864583333,-1.0998003477890046,0.0117921613668147,-0.011654682028953,0.0092213272535812,-0.0138319517953584,Financial Services,8.0,0.5
2023-07-25,379.564697265625,381.35373422516756,376.7602761053925,379.03283497227983,1949583,375.319384765625,375.9382934570313,377.28248697916666,378.0585433959961,379.0444421386719,376.9133992513021,-1.084826871168506,0.0053790176922992,-0.0014012427846338,0.0047133913465364,-0.0073885194814888,Financial Services,8.0,0.5
2023-07-26,382.70758056640625,384.73837843134913,380.28997108714907,381.01525393092624,2071360,377.6306213378906,376.2284057617188,377.4114237467448,378.09964141845705,379.2455871582032,377.6322347005208,-1.061653354950084,0.0082802308102479,-0.0044219835754896,0.0053063957132422,-0.0063171193935566,Financial Services,8.0,0.5
2023-07-27,384.1098327636719,386.8175437652943,381.6922231151388,384.93179643470387,2118446,379.4099853515625,377.21962585449216,377.34373168945314,378.3051376342773,378.9167919921875,378.4171518961588,-1.0513140865376758,0.0036640303680169,0.0021399183278334,0.0070493144685739,-0.0062940582154285,Financial Services,8.0,0.5
2023-07-28,399.82427978515625,401.8550482007427,384.1098176865183,384.88344093894784,6780148,384.74806518554686,379.2455841064453,378.865214029948,379.3326202392578,379.3384240722656,379.6098388671875,-0.9354462804293868,0.0409113375422307,-0.0373685131234071,0.0050791523133053,-0.0393034212606649,Financial Services,8.0,0.5
2023-07-31,403.64410400390625,405.48148144802167,398.03526138253557,400.35616075993596,2291805,389.9700988769531,381.9097900390625,380.63812866210935,380.343180847168,380.41184326171873,380.6091186523437,-0.9072814553266794,0.0095537575176839,-0.0081456491284175,0.0045519739441,-0.0138955148006234,Financial Services,8.0,0.5
2023-08-01,404.2243347167969,409.398025285994,401.80672505939975,404.80456693693947,3894870,394.9020263671875,385.11070556640624,382.2595377604167,381.6873718261719,381.4272399902344,381.6873728434245,-0.9030032227138888,0.0014374809569496,0.0014354213002765,0.0127990576639129,-0.0059808612440191,Financial Services,8.0,0.5
2023-08-02,400.6946105957031,404.9495974787848,396.2945435309221,403.2089304167444,3740226,398.4994323730469,388.0650268554688,383.65208129882814,382.6834259033203,382.179599609375,382.4545613606771,-0.9290290440182905,-0.00873209210318,0.0062749030172961,0.0106190269860528,-0.0109810986931906,Financial Services,8.0,0.5
2023-08-03,381.3537292480469,406.9320201056556,377.87236565823366,399.8242717699206,6424734,397.9482116699219,388.67909851074216,384.1291544596354,382.4948516845704,382.23375244140624,382.0886952718099,-1.071635747702476,-0.0482683840416586,0.0484341468439128,0.0670723501460022,-0.0091289617035548,Financial Services,8.0,0.5
2023-08-04,412.5892333984375,419.45525031459965,377.14708385635475,377.14708385635475,29720946,400.5012023925781,392.6246337890625,386.3307902018229,384.2742111206055,383.5663366699219,382.8655537923177,-0.8413260630127091,0.0819069062520531,-0.0859017799619997,0.016641289593545,-0.0859017799619997,Financial Services,8.0,0.5
2023-08-07,426.36962890625,430.76969614471767,409.2046005146579,414.03981977989514,9236996,405.0463073730469,397.508203125,389.621962483724,386.74017333984375,385.2838061523437,384.5175872802735,-0.7397186572534239,0.0333997942561549,-0.0289181224234569,0.0103198420810484,-0.0402585625895186,Financial Services,8.0,0.5
2023-08-08,418.1981506347656,426.36965396619615,414.6200763634537,426.27294367284,4668803,407.8410705566406,401.3715484619141,392.6874938964844,388.65492095947263,386.9181115722656,385.8295450846354,-0.7999696644116135,-0.0191652447019886,0.0193085335882474,0.0195397883013765,-0.0085559304025637,Financial Services,8.0,0.5
2023-08-08,418.1981506347656,426.36965396619615,414.6200763634537,426.27294367284,4668803,407.8410705566406,401.3715484619141,392.6874938964844,388.65492095947263,386.9181115722656,385.8295450846354,-0.7999696644116135,-0.0191652447019886,0.0193085335882474,0.0195397883013765,-0.0085559304025637,Financial Services,8.0,0.5
2023-08-09,416.60247802734375,419.69703014652265,410.51011358801577,419.6486897588439,2666390,411.0226440429688,404.7610382080078,395.7175659179687,390.4947219848633,388.35126953125,386.9867736816406,-0.8117350853670117,-0.003815589822671,0.0073120345945234,0.0074280694004316,-0.0146239275104074,Financial Services,8.0,0.5
2023-08-10,412.87939453125,422.259702418356,407.89909496196884,416.6024898431929,4050619,417.32777709960936,407.6379943847657,398.22865804036456,392.4288101196289,389.4614367675781,388.0827565511068,-0.8391866091820451,-0.0089367771255776,0.0090173919097362,0.0227192444363943,-0.0120623592149358,Financial Services,8.0,0.5
2023-08-11,410.9452819824219,419.35854548615936,410.1716292214505,415.78050106911076,2370301,416.9989868164063,408.7500946044922,400.7494181315104,393.9978393554687,390.8191662597656,389.13844502766926,-0.853447459563407,-0.0046844491985945,0.01176608979026,0.0204729531463445,-0.0018826174551493,Financial Services,8.0,0.5
2023-08-14,408.140869140625,412.3475160384015,406.4969122058439,411.9607043779729,2498699,413.3532348632813,409.1997711181641,402.7898803710938,395.5547805786133,392.0627856445312,389.96204427083336,-0.8741253213396861,-0.0068242974545619,0.0093591098715275,0.0103068504426766,-0.0040279155043762,Financial Services,8.0,0.5
2023-08-16,408.237548828125,410.5101077415466,403.2572789828621,408.1408385423087,3441939,411.3611145019531,409.60109252929686,404.70140380859374,397.3558990478516,393.1961596679688,390.9919453938802,-0.8734124700843703,0.000236878232027,-0.0002368970862526,0.0055667562181507,-0.0121994408881768,Financial Services,8.0,0.5
2023-08-17,410.36505126953125,414.28156693913905,408.5760142986376,410.02658002987533,3055963,410.1136291503906,410.56813659667966,406.5452351888021,399.3165817260742,394.4185034179688,391.9783294677735,-0.8577256921761977,0.0052114325287161,-0.000824805227952,0.0095439795798677,-0.0043596231339851,Financial Services,8.0,0.5
2023-08-18,408.2927551269531,411.5985756023525,404.6909036122893,409.97034465627814,2577718,409.19630126953126,413.2620391845703,408.1574300130208,400.9705688476562,395.78230834960937,392.750580851237,-0.87300541581642,-0.0050498845751292,0.0041087908327037,0.0080966914888596,-0.0088217375141615,Financial Services,8.0,0.5
2023-08-21,415.0030517578125,417.32206194189695,406.0231022899629,407.5526461799654,2331512,410.0078552246094,413.5034210205078,409.1693481445312,403.0640274047852,397.19984252929686,394.0172810872396,-0.8235281833124362,0.0164350127368116,-0.0179526525077098,0.0055879352555647,-0.0216382733327227,Financial Services,8.0,0.5
2023-08-22,417.3220520019531,421.51599559761667,415.20041597068814,415.20041597068814,2451605,411.844091796875,412.5986633300781,410.081211344401,405.0534332275391,398.8126428222656,395.3596700032552,-0.8064294288805555,0.005587911304069,-0.005083929835692,0.0100496572743871,-0.005083929835692,Financial Services,8.0,0.5
2023-08-23,417.4207458496094,420.33184820356786,414.70701759645,417.71677688574835,3074633,413.6807312011719,412.5209228515625,410.9609720865885,406.9462356567383,400.6208654785156,396.6102549235026,-0.8057017265574206,0.0002364932482786,0.0007091909999261,0.0069740241300975,-0.0065011820330969,Financial Services,8.0,0.5
2023-08-24,415.9898681640625,421.17062221720676,414.3616371989435,418.9502990515735,1550681,414.8056945800781,412.4596618652344,411.9806559244792,408.610350036621,402.414404296875,397.8163686116537,-0.816252060145803,-0.0034279026612213,0.0071165937299786,0.0124540390274625,-0.0039141120727411,Financial Services,8.0,0.5
2023-08-25,411.74658203125,420.23315631182624,410.5130692031156,413.4734999906381,3031210,415.4964599609375,412.3463806152344,414.00684611002606,409.9921875,403.8757470703125,399.0680002848307,-0.8475392097493827,-0.010200455485947,0.0041941282204913,0.0206111590258013,-0.0029958058717796,Financial Services,8.0,0.5
2023-08-28,414.4603271484375,416.18724517822267,411.894614338316,413.12812721673396,1547292,415.3879150390625,412.697885131836,414.1315856933594,410.723989868164,405.5288049316407,400.2311879475912,-0.8275298710411413,0.0065908139511441,-0.0032143002464658,0.0041666666666666,-0.0061904907226563,Financial Services,8.0,0.5
2023-08-29,417.7167663574219,420.87457120025863,413.4734943327277,415.4964432971626,2575915,415.46685791015625,413.6554748535156,413.5547281901042,411.42762298583983,407.1361181640625,401.5883453369141,-0.8035190696203738,0.0078570589165657,-0.0053153793169973,0.0075596794219525,-0.0101582516347055,Financial Services,8.0,0.5
2023-08-30,415.4964599609375,422.55217761633855,413.8682290077912,420.08515189488645,1951786,415.0820007324219,414.38136596679686,413.3746154785157,411.99122924804686,408.573388671875,403.0310546875,-0.8198901217291196,-0.0053153394244763,0.0110438773278125,0.0169814146095599,-0.0039187601100124,Financial Services,8.0,0.5
2023-08-31,417.7661437988281,419.4437032288327,412.585389757673,417.322067120705,2294910,415.437255859375,415.12147521972656,413.4521931966146,412.8448059082031,409.9757312011719,404.5848795572917,-0.8031549934426273,0.0054625828535434,-0.0010629790965946,0.0040155466279536,-0.0124010863926059,Financial Services,8.0,0.5
2023-09-01,427.4862060546875,430.10124715569003,417.9141347245366,419.3943500777522,6572052,418.5851806640625,417.0408203125,414.4259806315104,415.1514297485352,411.7107861328125,406.3273193359375,-0.7314857652933553,0.0232667543795506,-0.0189289288457183,0.0061172525895911,-0.0223915326262629,Financial Services,8.0,0.5
2023-09-04,441.89361572265625,449.54139512240454,430.2492668761598,433.1110105640216,9128736,424.0718383789063,419.7298767089844,416.48920288085935,416.6166488647461,413.3935595703125,408.6193105061849,-0.6252551771187543,0.0337026305502022,-0.0198749310832923,0.0173068338795558,-0.0263510230340252,Financial Services,8.0,0.5
2023-09-05,445.10076904296875,453.14329699462286,441.25221493684415,446.0382508640389,5849342,429.5486389160157,422.507748413086,418.9531962076823,417.553205871582,415.051826171875,410.871538289388,-0.6016077768271962,0.0072577498434043,0.0021062237728455,0.0180690048434351,-0.008646478221998,Financial Services,8.0,0.5
2023-09-06,443.32452392578125,448.3572624407721,439.13058018246556,446.7290314810851,2871462,435.1142517089844,425.0981262207032,421.2923278808594,418.8095245361328,416.6158337402344,412.9968658447266,-0.6147046185141929,-0.003990658387328,0.0076794929483166,0.0113522673422719,-0.0094602114635503,Financial Services,8.0,0.5
2023-09-07,445.0514221191406,448.94933464713887,439.0812321611269,445.0020936527341,2413037,440.57130737304686,428.00428161621096,423.60475260416666,420.23197174072266,418.3901062011719,415.0749938964844,-0.6019716279887638,0.0038953364863895,-0.0001108376784229,0.0087583419224639,-0.0134146070797533,Financial Services,8.0,0.5
2023-09-08,446.9757080078125,450.9722774137049,444.2619798614499,447.8144726155505,3161673,444.4692077636719,431.5271942138672,426.18361612955727,421.9367874145508,421.0149853515625,417.170523071289,-0.5877832328170647,0.0043237383210894,0.0018765328690375,0.0089413570677145,-0.0060713101355278,Financial Services,8.0,0.5
2023-09-11,448.85064697265625,452.8472164278882,444.8540474023655,449.936144267614,1571640,445.8606140136719,434.9662261962891,428.4401224772136,423.8320556640625,422.4654418945312,418.8047353108724,-0.5739586888069331,0.0041947222886013,0.0024183930719028,0.0089040073400528,-0.0089040744337709,Financial Services,8.0,0.5
2023-09-12,433.6537780761719,452.94590649183766,432.2722196288119,451.95909623804283,2731664,443.5712158203125,436.559927368164,429.5289042154948,425.1077011108399,422.7568078613281,419.8050577799479,-0.6860102205180765,-0.0338572952918349,0.0422118267782174,0.0444873984524056,-0.0031858558998125,Financial Services,8.0,0.5
2023-09-13,444.85406494140625,446.63034152547635,431.6308131302755,433.2097156110956,2546065,443.8771240234375,439.4956878662109,431.3577921549479,426.9385269165039,423.82304443359374,421.1593821207682,-0.6034268076188546,0.0258277165597921,-0.0261756612965746,0.0039929422344473,-0.0297249207172524,Financial Services,8.0,0.5
2023-09-14,455.6596374511719,464.59025825611326,445.0514271585891,445.0514271585891,8427599,445.9987670898437,443.2850372314453,434.0024434407552,429.203256225586,425.38533081054686,422.9915496826172,-0.5237537539798144,0.024290151223388,-0.0232809962100704,0.0195993238613292,-0.0232809962100704,Financial Services,8.0,0.5
2023-09-14,455.6596374511719,464.59025825611326,445.0514271585891,445.0514271585891,8427599,445.9987670898437,443.2850372314453,434.0024434407552,429.203256225586,425.38533081054686,422.9915496826172,-0.5237537539798144,0.024290151223388,-0.0232809962100704,0.0195993238613292,-0.0232809962100704,Financial Services,8.0,0.5
2023-09-15,452.69921875,459.7549062726283,451.41637742408943,458.81745456986596,2462184,447.1434692382812,445.80633850097655,436.7326192220052,431.4235794067383,426.9781237792969,425.3697326660157,-0.5455818984635351,-0.0064969956911952,0.0135150129853542,0.0155858177580041,-0.0028337608566075,Financial Services,8.0,0.5
2023-09-18,449.88677978515625,453.4393026515753,448.0118463630363,452.6991949758654,1229026,447.3506958007813,446.60565490722655,439.09438273111977,433.1677658081055,428.5357836914063,426.6129842122396,-0.5663189394949115,-0.006212599554754,0.0062513843862053,0.0078964820173546,-0.0041675672777389,Financial Services,8.0,0.5
2023-09-20,450.7255859375,456.54776044438694,446.9757189981652,449.886791194079,2434372,450.7650573730469,447.1681365966797,441.294970703125,434.8379425048828,430.2391723632812,427.4248494466146,-0.5601341447968016,0.0018644827766317,-0.0018609876376916,0.0129173374854612,-0.0083196229731116,Financial Services,8.0,0.5
2023-09-21,449.59075927734375,457.0905232563102,447.37043619827824,450.47888248595814,1578207,451.7123962402344,447.7947601318359,443.5679239908854,436.4464431762696,431.89330078125,428.4712697347005,-0.5685015964319582,-0.0025177773251896,0.0019754036093666,0.016681312558606,-0.0049385425150516,Financial Services,8.0,0.5
2023-09-22,454.3768005371094,459.85358548560293,447.7158312194531,447.8638467368336,2466922,451.45582885742186,448.7272979736328,446.0086344401042,438.36578979492185,433.6537707519531,429.73041381835935,-0.5332125340834943,0.0106453283591916,-0.0143338167630411,0.0120533991656694,-0.0146595717690306,Financial Services,8.0,0.5
2023-09-25,456.7451477050781,460.3469992323298,447.5677939600278,454.82085559795433,2475370,452.2650146484375,449.70424194335936,447.9592305501302,440.61571807861327,435.5918664550781,431.19260559082034,-0.5157499284900462,0.0052122977343235,-0.0042130542968927,0.0078859108746949,-0.0200929419637232,Financial Services,8.0,0.5
2023-09-26,458.0279846191406,467.1066512249142,456.399753683067,456.89315882218386,4196117,453.8932556152344,450.6219757080078,449.0348551432292,442.7941009521484,437.3128637695313,432.76202901204425,-0.5062911483863661,0.0028086492445691,-0.0024776341949944,0.0198212050587316,-0.0035548721710257,Financial Services,8.0,0.5
2023-09-27,460.88970947265625,461.3831145915072,455.6102987929978,457.8799502936888,1394046,455.9260803222657,453.3455688476562,450.087451171875,444.95274810791017,439.0555700683594,434.52032368977865,-0.4851907062257804,0.0062479257809873,-0.0065303241038103,0.0010705492197156,-0.0114548243780471,Financial Services,8.0,0.5
2023-09-28,452.30450439453125,463.60346419470835,450.72560190071215,460.8897358855087,1842072,456.4688293457031,454.0906127929687,450.6861165364583,446.7931503295898,440.4509204101562,435.9892222086589,-0.5484922577237168,-0.0186274609774821,0.0189810877573946,0.0249808695036151,-0.0034907954231688,Financial Services,8.0,0.5
2023-09-29,458.225341796875,462.81400339817355,455.6103006791508,455.6103006791508,2469604,457.23853759765626,454.3471832275391,451.5643778483073,448.8161102294922,442.1403393554688,437.584565226237,-0.5048359687562753,0.0130903790362856,-0.0057068889020185,0.0100139847859672,-0.0057068889020185,Financial Services,8.0,0.5
2023-10-03,471.0045166015625,474.6557265440789,452.8965727474892,457.3865473039097,5517553,460.0904113769531,456.17771301269534,453.166298421224,450.9920257568359,444.5106567382812,439.6749572753906,-0.4106108938001477,0.0278884069453154,-0.0289126087280658,0.0077519637579295,-0.0384453719992485,Financial Services,8.0,0.5
2023-10-04,461.185791015625,471.6459860210307,455.2155707443738,470.7085042077167,3507248,460.72197265625,457.3076141357422,453.9886413574219,451.9566345214844,446.3796752929687,441.2143819173177,-0.4830075992563755,-0.0208463512341293,0.0206483230351064,0.022681086905063,-0.012945369062875,Financial Services,8.0,0.5
2023-10-05,464.8863220214844,467.9947683342721,459.1628044135162,463.60345060751564,2137313,461.5212951660157,458.7236877441407,456.07081095377606,452.94591217041017,448.2664575195312,442.7998575846354,-0.4557223623976799,0.0080239484345561,-0.00275953787668,0.0066864654121703,-0.012311649831039,Financial Services,8.0,0.5
2023-10-06,462.172607421875,469.77102861999214,459.9522842593952,466.71194079929035,3521962,463.4949157714844,459.98187255859375,457.225380452474,453.8883163452148,450.1335034179688,444.2915863037109,-0.4757314760897423,-0.005837372430768,0.0098217274336898,0.0164406567505226,-0.0048040994356316,Financial Services,8.0,0.5
2023-10-09,459.9522705078125,462.1232350216273,451.1696651729297,459.8042549910846,1648827,463.8403015136719,460.539419555664,457.5115559895833,454.6333587646485,451.8209484863281,445.7569997151693,-0.4921027532146671,-0.0048041291898456,-0.0003218062529933,0.0047199778173026,-0.0190946015446045,Financial Services,8.0,0.5
2023-10-10,463.1593933105469,466.51454211181897,458.66938863842597,461.9752089735997,1887474,462.2712768554687,461.18084411621095,458.2089009602865,455.4425430297852,453.2478759765625,447.47076009114585,-0.4684555779392881,0.0069727295816879,-0.0025567533640695,0.0072440478369451,-0.0096942969029031,Financial Services,8.0,0.5
2023-10-10,463.1593933105469,466.51454211181897,458.66938863842597,461.9752089735997,1887474,462.2712768554687,461.18084411621095,458.2089009602865,455.4425430297852,453.2478759765625,447.47076009114585,-0.4684555779392881,0.0069727295816879,-0.0025567533640695,0.0072440478369451,-0.0096942969029031,Financial Services,8.0,0.5
2023-10-11,467.69873046875,471.69529993894554,465.5277358707062,467.40266932443916,3054493,463.57386474609376,462.1479187011719,459.3963643391927,456.3849472045898,454.28008056640624,449.24537353515626,-0.4349855463824826,0.0098008098804972,-0.0006330167798704,0.0085451792143844,-0.0046418654929166,Financial Services,8.0,0.5
2023-10-12,465.6264343261719,473.5702449946557,464.59026546828727,468.7348806697064,1644573,463.7218872070313,462.62159118652346,460.3897542317709,457.9835800170898,455.1011071777344,450.8423624674479,-0.450265270022705,-0.0044308355092201,0.006675837354537,0.0170604804256435,-0.0022253222358049,Financial Services,8.0,0.5
2023-10-13,463.8008117675781,468.19212937182647,462.36992487673984,463.8501402334449,1020788,464.0475280761719,463.77122192382814,461.3370910644532,458.93091735839846,455.92015869140624,452.4525075276693,-0.4637261878874481,-0.0039207880481177,0.0001063570063164,0.0094681110787899,-0.0030851323553856,Financial Services,8.0,0.5
2023-10-16,465.4784240722656,467.35335759313716,458.1760038619344,464.688957774226,1508509,465.1527587890625,464.4965301513672,462.0771993001302,459.42185668945314,456.7372387695313,454.0429168701172,-0.4513565984912283,0.0036170965253251,-0.0016960319903399,0.0040279708444239,-0.01568798859987,Financial Services,8.0,0.5
2023-10-17,469.5243225097656,470.51113279676815,465.77445546518015,466.81059422050873,1780656,466.4257446289063,464.3485107421875,462.92914428710935,460.2631118774414,457.63918334960937,455.4441874186198,-0.4215248535339185,0.0086919140141968,-0.0057797395345806,0.0021017234671203,-0.0079865235192527,Financial Services,8.0,0.5
2023-10-18,464.59027099609375,471.3992860673062,462.1232452790052,469.72169653366194,1012502,465.804052734375,464.6889587402344,463.3666300455729,460.9982864379882,458.2687683105469,456.20074259440105,-0.4579052443509057,-0.010508617503131,0.0110450559512713,0.0146559570793718,-0.0053101105879793,Financial Services,8.0,0.5
2023-10-19,461.28448486328125,463.7515106030248,456.6464644265392,461.48182885342453,1031462,464.9356628417969,464.3287750244141,463.3929484049479,461.52623138427737,459.3739965820312,456.7401997884115,-0.4822798969332406,-0.0071154872135501,0.0004278140640299,0.0053481654395437,-0.0100545771404314,Financial Services,8.0,0.5
2023-10-20,453.5379943847656,461.5311633880433,451.31767133469174,458.86676368193116,1396948,462.8830993652344,463.4653137207032,463.4751810709635,461.7235931396484,459.7213537597656,457.0806488037109,-0.5393973287816043,-0.0167933037696066,0.0117493338223937,0.0176240339337403,-0.004895561292689,Financial Services,8.0,0.5
2023-10-23,445.8902282714844,455.264925873256,442.83111039947335,453.9327259805186,1675517,458.9654602050781,462.0591094970703,462.65284016927086,461.2992645263672,459.3305773925781,457.1086090087891,-0.5957868332906538,-0.0168624596130156,0.0180369454163895,0.021024676046643,-0.0068606972704242,Financial Services,8.0,0.5
2023-10-25,441.10418701171875,449.8374638514056,435.4793564735993,448.01185884411706,1605450,453.2814331054688,459.8535888671875,460.6594848632813,460.5172164916992,458.86677612304686,456.9128916422526,-0.6310758956391177,-0.0107336760402194,0.0156599552572707,0.0197986713725182,-0.0127517051611437,Financial Services,8.0,0.5
2023-10-26,432.07489013671875,439.03189061325185,426.30204393541464,436.66355194773377,1441537,446.7783569335937,456.2912048339844,458.71875813802086,459.2195617675781,458.15430053710935,456.35369974772135,-0.6976518825749822,-0.0204697600722618,0.0106200612804947,0.0161013764866819,-0.0133607537329406,Financial Services,8.0,0.5
2023-10-27,434.245849609375,443.0778136195298,432.42027469207727,434.1965211416328,2352666,441.3706298828125,453.1531463623047,456.6760599772135,457.8873687744141,457.4951110839844,456.3734354654948,-0.681644681627804,0.005024498118762,-0.000113595714931,0.0203386261908999,-0.0042040123559958,Financial Services,8.0,0.5
2023-10-30,444.85406494140625,446.8276855136664,429.2624744665753,434.1965258972256,2207793,439.6338439941407,451.2584716796875,455.5214904785156,457.5148468017578,457.3056433105469,456.3734354654948,-0.6034268076188546,0.0244290540521546,-0.0239573826207126,0.0044365573517239,-0.0350487760000227,Financial Services,8.0,0.5
2023-10-31,453.1432800292969,455.5609470790747,442.0416646878077,446.5316392910086,2248693,441.0844543457032,450.02495727539065,455.0675577799479,457.2607437133789,457.2563024902344,456.2895568847656,-0.542307688041786,0.0186335603991444,-0.0145906185298848,0.0053353258369439,-0.024499128268594,Financial Services,8.0,0.5
2023-11-01,451.31768798828125,459.2121702354052,449.24538037539924,454.3274472989733,3460388,443.1271545410156,448.2042938232422,454.2781107584635,456.27640228271486,457.0392041015625,456.243505859375,-0.55576838089035,-0.0040287302525982,0.0066688263961198,0.0174920736705734,-0.0045916826839187,Financial Services,8.0,0.5
2023-11-02,442.7817687988281,458.86676373981317,435.1833178693712,456.8931432506096,5955955,445.2685302734375,446.0234436035156,452.6169799804687,455.356201171875,456.42935546875,456.0066721598307,-0.6187065312590769,-0.0189133273891865,0.031869818150062,0.0363271391787882,-0.0171607131659234,Financial Services,8.0,0.5
2023-11-03,456.3010559082031,463.80081986953076,443.1271329803866,445.9889068120543,5172857,449.6795715332031,445.5251007080078,451.9952880859375,454.92693786621095,456.2458093261719,456.19252115885416,-0.5190243639279744,0.0305326191411401,-0.0225994416682291,0.0164359995757634,-0.0288711208471689,Financial Services,8.0,0.5
2023-11-03,456.3010559082031,463.80081986953076,443.1271329803866,445.9889068120543,5172857,449.6795715332031,445.5251007080078,451.9952880859375,454.92693786621095,456.2458093261719,456.19252115885416,-0.5190243639279744,0.0305326191411401,-0.0225994416682291,0.0164359995757634,-0.0288711208471689,Financial Services,8.0,0.5
2023-11-06,458.71875,461.2844626688979,456.44906835960387,458.57073448574914,1321009,452.4525085449219,446.0431762695313,451.6564839680989,454.7542449951172,456.50237915039065,456.496787516276,-0.5011979071729588,0.0052984626278911,-0.0003226716026996,0.0055932151648432,-0.0049478719594437,Financial Services,8.0,0.5
2023-11-07,454.9195251464844,459.8042479288964,451.3176737578157,459.16279717449527,1392649,452.80775756835936,446.9461059570313,450.9525573730469,454.5026077270508,456.370146484375,456.5148783365885,-0.5292108463547893,-0.008282253240173,0.0093275223274809,0.0107375535944278,-0.0079175572591851,Financial Services,8.0,0.5
2023-11-08,447.86383056640625,456.8931381813191,446.67964623999933,456.8931381813191,1131309,452.1169860839844,447.6220703125,449.5085245768229,453.7378295898437,455.4445190429688,456.2188344319662,-0.5812348119735664,-0.0155097642331491,0.0201608323750852,0.0201608323750852,-0.0026440722505081,Financial Services,8.0,0.5
2023-11-09,443.62054443359375,450.4788878499508,442.0910005624928,448.9986724462818,1148136,452.2847412109375,448.7766357421875,448.1105428059896,452.53392028808594,454.7419091796875,455.7385864257813,-0.6125219615771461,-0.0094745006031098,0.0121232618285402,0.0154599319224804,-0.0034478652765143,Financial Services,8.0,0.5
2023-11-10,445.9889221191406,447.12374792837574,438.14376827627785,444.06463000974105,1203649,450.222314453125,449.95094299316406,447.09083862304686,451.5520446777344,453.98601318359374,455.2418935139974,-0.595059130967519,0.0053387466276404,-0.0043146634679986,0.0025445156885128,-0.017590467955092,Financial Services,8.0,0.5
2023-11-13,444.8047180175781,447.0250410692465,442.9297845747365,446.0382308240606,859310,447.4395080566407,449.9460083007813,446.5086201985677,450.6022399902344,453.2912976074219,454.9919006347656,-0.603790658780422,-0.0026552320984469,0.0027731558513588,0.0049916805324459,-0.0042151833532654,Financial Services,8.0,0.5
2023-11-15,460.0015869140625,461.77786341340277,448.01184853251465,448.0611769984441,3248840,448.4559204101562,450.6318389892578,447.4493774414062,450.3283981323242,453.2932702636719,455.0511088053385,-0.4917391270692787,0.0341652601263186,-0.0259573233121238,0.0038614573294333,-0.0260645587376805,Financial Services,8.0,0.5
2023-11-16,456.1530456542969,460.5936918532029,455.2649224375275,460.5936918532029,1374292,450.1137634277344,451.11537475585936,448.4526346842448,449.6598342895508,453.01301635742186,454.556059773763,-0.5201156923964977,-0.0083663651805718,0.0097349918875067,0.0097349918875067,-0.0019469851735736,Financial Services,8.0,0.5
2023-11-17,459.70556640625,467.2053304176972,455.0182176634779,455.90634087593867,1982759,453.3307678222656,452.8077545166016,450.2946797688802,449.4155990600586,452.6932897949219,454.5067189534505,-0.4939217840063254,0.0077880018248205,-0.0082644758035274,0.0163142771362909,-0.0101964150215004,Financial Services,8.0,0.5
2023-11-20,458.4720458984375,463.55411263771254,455.6596306768787,460.84038446367595,738396,455.827392578125,453.024853515625,451.9097595214844,449.2749771118164,452.4071142578125,454.29290974934895,-0.503016937964617,-0.0026832838189355,0.0051657207596973,0.0110847908498239,-0.0061343221396356,Financial Services,8.0,0.5
2023-11-21,455.9556579589844,461.48180130918587,454.4261141376606,459.3601653226515,874774,458.0575805664063,452.74854431152346,452.6498657226563,449.39586029052737,452.0933081054688,454.08567810058594,-0.5215710970427676,-0.0054886398461261,0.0074667509970307,0.0121199139735175,-0.0033545889707138,Financial Services,8.0,0.5
2023-11-22,450.4788818359375,456.69577440232655,447.0250459401526,454.91952798766084,1316148,456.1530395507813,452.3044799804687,452.4722391764323,449.62529296875,451.4933264160156,453.7698984781901,-0.5619531755884599,-0.012011641981948,0.0098576122672506,0.0138006304336664,-0.0076670317634174,Financial Services,8.0,0.5
2023-11-23,448.9493408203125,452.74853623762,446.13692555011585,452.40317673790787,962306,454.7122985839844,452.41303100585935,452.3143493652344,450.0175506591797,450.6703271484375,453.296230061849,-0.5732309864837982,-0.00339536674703,0.0076931528873269,0.0084624145128839,-0.0062644379097602,Financial Services,8.0,0.5
2023-11-24,448.6532897949219,454.8208540726346,447.0250588486177,449.19605352039656,1226042,452.5018432617188,452.9163055419922,452.7057840983073,450.84647064208986,450.0328479003906,452.661382039388,-0.575413868437024,-0.000659430805377,0.0012097620541751,0.013746838411754,-0.0036291519160562,Financial Services,8.0,0.5
2023-11-28,451.6630859375,453.4393324298299,447.1237525386942,450.429573063643,1913696,451.1400512695312,453.4837219238281,452.3965861002605,451.7173324584961,449.6479919433594,452.19593709309896,-0.5532216477755567,0.0067085123658714,-0.0027310464641949,0.003932680238065,-0.0100502643234252,Financial Services,8.0,0.5
2023-11-29,472.3860778808594,474.11299581528795,451.9590936961663,453.93271419265614,4324414,454.42613525390624,456.2418579101562,453.3077412923177,453.0939331054688,450.4019152832032,452.4821126302084,-0.4004241863571536,0.0458815267144213,-0.03906415652846,0.0036557341871199,-0.0432421384565973,Financial Services,8.0,0.5
2023-11-30,484.6718444824219,487.48425969598736,471.39926479252784,472.63277759540233,7123100,461.2647277832031,458.70888366699216,455.2912292480469,454.670361328125,451.9531799316407,453.12189331054685,-0.3098371729843426,0.0260078930705936,-0.0248396250454283,0.0058027204294668,-0.0273846724149362,Financial Services,8.0,0.5
2023-12-01,486.201416015625,496.3655494148764,484.3264524725081,487.0895392062781,3804499,468.7151428222657,461.713720703125,457.8470682779948,456.4145477294922,453.7570690917969,453.6777964274089,-0.2985591370728253,0.0031558910438392,0.0018266569396923,0.0209051908621442,-0.0038563514653701,Financial Services,8.0,0.5
2023-12-04,500.85552978515625,503.8653191133485,490.5433807531457,495.3787449497631,3584148,479.1555908203125,465.8287170410157,461.66273396809896,459.31823577880857,456.5082946777344,454.8866383870443,-0.190509518106566,0.0301400063570779,-0.0109348594748319,0.0060092963922817,-0.0205890689405665,Financial Services,8.0,0.5
2023-12-05,491.9249267578125,500.51018827784446,489.4579010468907,500.51018827784446,1911892,487.207958984375,469.1740051269532,464.7251342773437,461.09942932128905,458.8154577636719,455.9079864501953,-0.2563578027192956,-0.017830696670504,0.0174523815587388,0.0174523815587388,-0.0050150451354061,Financial Services,8.0,0.5
2023-12-06,498.4872131347656,503.4706231799411,492.1223048184357,493.4051461524079,1842639,492.4281860351563,473.4271606445312,468.30396728515626,463.08785247802734,460.9607836914063,457.406293741862,-0.2079718986838351,0.0133400159658587,-0.0101949796272583,0.0099970669535072,-0.0127684485150658,Financial Services,8.0,0.5
2023-12-07,511.8584899902344,520.0983315061188,494.88534160212396,500.2141109423255,5010670,497.8655151367187,479.56512145996095,471.761094156901,465.93480072021487,463.30939208984375,459.60523579915366,-0.1093810598212559,0.0268237108257656,-0.0227492154093821,0.016097889703933,-0.0331598453870214,Financial Services,8.0,0.5
2023-12-08,525.2791137695312,536.7261494557168,511.1677384415889,511.1677384415889,7388696,505.6810546875,487.1980987548829,476.36949869791664,469.8055648803711,466.2678491210938,462.4110666910808,-0.0104263697971092,0.0262194025140677,-0.0268645277492106,0.0217922917285608,-0.0268645277492106,Financial Services,8.0,0.5
2023-12-11,522.8120727539062,532.8775496262028,520.5424211626333,527.8448413051143,2154946,510.07236328125,494.6139770507813,480.57659912109375,473.76514129638673,469.46906127929685,465.435639444987,-0.0286166777136923,-0.0046966288035343,0.0096263434099714,0.0192525716157945,-0.0043412379123487,Financial Services,8.0,0.5
2023-12-12,521.2825317382812,526.9073623946379,516.151106223182,523.7988859126692,1803175,515.9438842773437,501.5759216308594,484.76396484375,477.5298217773437,472.0683203125,468.3368621826172,-0.0398944886090306,-0.0029256038552594,0.004827236711725,0.0107903685887955,-0.0098438470554306,Financial Services,8.0,0.5
2023-12-13,524.4403076171875,528.4862054591738,520.5423951713033,522.7627181838823,1916635,521.1345031738281,506.7813446044922,489.32960815429686,481.5116012573242,474.6971826171875,470.9897369384765,-0.0166111644952191,0.0060577051534342,-0.0031988186433026,0.0077146965693177,-0.0074325188000795,Financial Services,8.0,0.5
2023-12-14,526.611328125,537.3181955325447,525.0817240123912,528.8809797148344,2262862,524.0850708007813,510.97529296875,494.4051045735677,484.8420883178711,477.5648547363281,473.438671875,-0.0006035135156826,0.0041396904019002,0.0043099179007703,0.0203316313867885,-0.0029046168035445,Financial Services,8.0,0.5
2023-12-15,533.3215942382812,534.8511380297972,525.8218004451815,533.8643278120301,2470309,525.6935668945313,515.6873107910156,500.02992146809896,488.7005157470703,480.9831652832031,476.17213541666666,0.048873493972122,0.0127423504867872,0.0010176478500256,0.0028679577351458,-0.014062422887285,Financial Services,8.0,0.5
2023-12-18,524.2429809570312,533.2723194505046,523.1575137002749,533.2723194505046,2255645,525.9797485351562,518.0260559082031,505.0692342122396,491.92738647460936,484.2080627441407,478.8875091552735,-0.0180661191091308,-0.0170227745872854,0.017223575367647,0.017223575367647,-0.0020705422794117,Financial Services,8.0,0.5
2023-12-19,522.6640625,528.3875497889453,518.8648069757871,523.9962322186789,1458874,526.2560546875,521.0999694824219,509.8026326497396,495.1369873046875,487.275068359375,481.099609375,-0.0297080061822157,-0.0030118065751664,0.0025488068039476,0.0109506042209384,-0.0072690200011845,Financial Services,8.0,0.5
2023-12-20,506.7763977050781,526.9566795970954,504.60543319899455,523.848203181582,1819791,522.7232727050781,521.9288879394531,512.0953206380208,497.6780242919922,489.753935546875,482.7015309651693,-0.1468530041229455,-0.0303974693016546,0.0336870571593568,0.0398208795504351,-0.0042838705904906,Financial Services,8.0,0.5
2023-12-21,511.759765625,514.0788058236856,498.38849893853984,498.53654456637065,1751819,519.7529602050781,521.9190155029297,513.901182047526,500.7420684814453,491.8242626953125,484.59620564778646,-0.1101089871605699,0.0098334649018559,-0.0258387273616169,0.0045315016037914,-0.0261280147143457,Financial Services,8.0,0.5
2023-12-22,510.4769287109375,517.4833176024865,505.8882972006031,517.039240945327,851386,515.1840270996094,520.4387969970703,515.5195495605469,503.8184478759766,493.9972180175781,486.6833089192708,-0.1195677672642499,-0.0025067170188649,0.0128552572414208,0.0137251822707082,-0.0089889106681503,Financial Services,8.0,0.5
2023-12-26,507.0231018066406,513.0426805575986,505.0988398600812,510.4769377320675,1670024,511.7400512695313,518.8598999023437,515.9307210286458,506.7369384765625,495.8899194335938,488.7967274983724,-0.1450339733312872,-0.0067658824719434,0.006811989262659,0.0118723954184905,-0.0037952155231246,Financial Services,8.0,0.5
2023-12-27,517.0392456054688,518.0753843281013,508.65135843063285,509.58884021972636,1124441,510.615087890625,518.4355712890625,517.6050089518229,510.00574645996096,498.232607421875,491.1650716145833,-0.0711816382126104,0.0197548075484889,-0.0144097482909981,0.0020039846712587,-0.0162229216565822,Financial Services,8.0,0.5
2023-12-28,520.2463989257812,523.3054867444448,515.1643018207764,519.9503678836719,1573264,513.3090881347656,518.0161804199219,519.0556213378907,512.398762512207,500.8042370605469,493.6797943115234,-0.0475342379210523,0.006202920469909,-0.0005690208384346,0.0058800749509848,-0.0097686348535973,Financial Services,8.0,0.5
2023-12-29,529.0289306640625,532.8775145836573,518.7168121307488,521.9732737849592,2097734,516.7629211425781,518.2579406738281,520.2003173828125,514.6166168212891,503.9462390136719,495.9807057698568,0.0172222681907957,0.0168814849202525,-0.0133369962777776,0.0072748080426601,-0.0194925417790845,Financial Services,8.0,0.5
2024-01-01,555.62353515625,561.4950685695659,531.1999798889447,531.1999798889447,6193413,525.7922424316406,520.488134765625,522.2232788085937,518.0877227783203,508.21320678710936,499.2963887532552,0.213313067479789,0.0502706051610536,-0.0439570207558559,0.010567467074023,-0.0439570207558559,Financial Services,8.0,0.5
2024-01-02,552.218994140625,560.902972561402,545.9527731187025,556.2649523207865,2659755,534.8314208984375,523.2857360839844,524.183740234375,520.6558959960937,512.3558349609375,502.3801696777344,0.188210262541961,-0.0061274240564118,0.0073267276625605,0.0157256061687829,-0.0113473478609227,Financial Services,8.0,0.5
2024-01-03,550.245361328125,555.1300840230541,547.8277244435681,552.6137299772168,1506526,541.4726440429688,526.0438659667968,526.1145955403646,523.5719177246094,516.2991259765626,505.4392801920573,0.1736580162086945,-0.0035740038525321,0.0043042046613084,0.0088773537011541,-0.0043937433270159,Financial Services,8.0,0.5
2024-01-04,564.4554443359375,566.4290647706786,546.7915173529589,551.5775830452753,4223351,550.314453125,531.8117706298829,528.7822713216145,526.870329284668,519.9819006347657,509.0559397379557,0.2784336497693837,0.0258249937328207,-0.0228146639737216,0.0034965034965035,-0.0312937489756337,Financial Services,8.0,0.5
2024-01-05,567.218505859375,578.2214639713332,560.8042393903683,566.4290697245974,3054472,557.9523681640625,537.3576446533203,531.4894165039062,529.638330078125,523.2837670898438,512.9472605387369,0.2988066146230135,0.0048950923428299,-0.0013917672407065,0.0193980943821427,-0.0113082813814205,Financial Services,8.0,0.5
2024-01-08,554.3900146484375,571.3631638591906,552.6137681539668,569.3895432586407,1572620,557.7056640625,541.7489532470703,532.8939778645833,531.0938751220704,526.0113110351563,516.4619496663412,0.2042179135214974,-0.0226164891984641,0.0270559140927439,0.030615899930154,-0.0032039655252396,Financial Services,8.0,0.5
2024-01-08,554.3900146484375,571.3631638591906,552.6137681539668,569.3895432586407,1572620,557.7056640625,541.7489532470703,532.8939778645833,531.0938751220704,526.0113110351563,516.4619496663412,0.2042179135214974,-0.0226164891984641,0.0270559140927439,0.030615899930154,-0.0032039655252396,Financial Services,8.0,0.5
2024-01-09,554.9821166992188,563.2712867807426,553.0578246379318,558.5346095584263,1506124,558.2582885742188,546.5448547363281,534.9432535807292,532.7023773193359,528.1763745117188,520.0062438964844,0.208583677427949,0.0010680243783913,0.0064010942917154,0.0149359228560805,-0.0034673046272765,Financial Services,8.0,0.5
2024-01-10,560.2615356445312,562.4818587712599,547.4823304913358,554.9821247463576,2197107,560.2615234375,550.8670837402344,537.4497517903645,534.6513275146484,530.9098388671875,523.6261922200521,0.2475105763435504,0.0095127730902611,-0.009423118601387,0.0039630118890356,-0.0228093565953874,Financial Services,8.0,0.5
2024-01-11,570.57373046875,580.2444594129414,560.5575817796924,561.9884687681465,2308206,561.4851806640625,555.8998168945312,541.7029073079427,536.9579986572265,533.7932995605469,526.8991139729818,0.3235457934154531,0.0184060374809694,-0.0150467174392174,0.0169491310724145,-0.0175545212725248,Financial Services,8.0,0.5
2024-01-12,566.231689453125,574.3235452640366,563.91270953938,571.3631146183457,1089975,561.2878173828125,559.6200927734375,545.3343688964844,538.9390167236328,535.9682275390625,529.6177754720052,0.2915304914563802,-0.0076099560560873,0.0090624125438416,0.0142907151995093,-0.0040954611989038,Financial Services,8.0,0.5
2024-01-15,570.4749755859375,573.4354063055949,565.4422674545667,570.3763186539958,1277690,564.5048095703125,561.1052368164062,549.334238688151,540.7966857910156,537.7760620117188,532.4268941243489,0.32281764105996,0.0074939043713903,-0.0001729382289562,0.0051894138154207,-0.0088219612546573,Financial Services,8.0,0.5
2024-01-16,576.2478637695312,581.5766030391269,566.2810439986022,568.8961152814489,4329890,568.757958984375,563.5081237792969,553.9492228190104,543.3969299316407,539.9134936523437,534.9399719238281,0.3653830515912362,0.0101194415717611,-0.0127579622421344,0.0092473041630689,-0.0172960637211407,Financial Services,8.0,0.5
2024-01-17,567.66259765625,577.6293571127958,566.3797563742369,574.3235668595175,2747008,570.2381713867187,565.2498474121094,557.3241129557292,545.6468566894531,541.7686962890625,537.4645609537761,0.3020810500609417,-0.0148985647549661,0.011734028683181,0.0175575412184918,-0.0022598657852563,Financial Services,8.0,0.5
2024-01-18,568.55078125,571.8565716793073,553.0578474173233,566.5277719408944,1344935,569.8335815429688,565.6593811035157,560.5444051106771,548.7355758666993,543.533115234375,539.8000132242838,0.3086299209367982,0.0015646329305772,-0.0035581857871304,0.0058144154195678,-0.027249868162373,Financial Services,8.0,0.5
2024-01-19,576.642578125,582.2180804450392,569.882951622051,572.4486343251841,2037879,571.9157592773438,566.6017883300781,563.7186482747396,551.9797164916993,545.534365234375,541.959482828776,0.3682934108514178,0.0142323203869487,-0.0072730387226223,0.0096689050228797,-0.0117223853377744,Financial Services,8.0,0.5
2024-01-23,553.3538818359375,576.5932526115562,547.1369889233057,574.1262268343118,3715271,568.4915405273438,566.4981750488281,563.5673380533855,554.1235641479492,546.3356567382813,542.8953084309895,0.1965781642094758,-0.040386709501729,0.037538988485009,0.0419973032420306,-0.01123493141858,Financial Services,8.0,0.5
2024-01-24,569.7843017578125,571.3138457048292,547.2849783212394,554.3900246575191,1503671,567.198828125,567.9783935546875,564.738358561198,557.2616241455078,548.1573095703125,544.4610493977865,0.3177250748950898,0.0296924273258218,-0.0270177276783535,0.0026844262684984,-0.039487440013987,Financial Services,8.0,0.5
2024-01-25,571.560546875,578.7642501332773,559.5707774477095,572.3499830815018,2560166,567.97841796875,569.1082946777344,566.1593709309896,559.9876892089844,550.1131689453125,546.1369832356771,0.3308219165820864,0.0031173991837045,0.001381194364828,0.0126035698189166,-0.0209772516539926,Financial Services,8.0,0.5
2024-01-29,592.086181640625,600.7701002586633,570.3763549804687,571.5605393897741,6752824,572.685498046875,571.2595397949219,568.0014200846355,563.5796783447265,553.5255603027343,548.391845703125,0.4821641983703986,0.0359115668109855,-0.0346666463216146,0.0146666463216145,-0.0366666666666667,Financial Services,8.0,0.5
2024-01-30,609.207275390625,619.6675000352415,596.230756919159,597.020193062309,6018763,579.1984375,575.5570983886719,570.8006713867187,567.5885955810547,557.4234606933594,551.1450439453125,0.6084036752208828,0.0289165568812276,-0.0200048207246075,0.0171702227914289,-0.021300662345415,Financial Services,8.0,0.5
2024-01-31,617.3484497070312,619.6674898627285,610.1940756100951,613.5985829160396,5030287,591.9973510742187,580.2444458007812,574.997900390625,570.6748413085937,561.6983215332032,553.9459391276042,0.668431241313249,0.0133635539910223,-0.0060741495224798,0.0037564525460422,-0.0115888751325631,Financial Services,8.0,0.5
2024-02-01,621.3450927734375,626.4271293800812,611.7730213830014,617.101760550068,5463844,602.3095092773438,584.7541687011719,579.4220987955729,574.1311462402343,566.271201171875,557.182676188151,0.6978998101575287,0.0064738853208474,-0.0068292681035412,0.0081790886670714,-0.0154054027331417,Financial Services,8.0,0.5
2024-02-02,625.8843994140625,633.9269270224274,616.7564046256035,626.5258501669201,2873863,613.1742797851563,590.5763488769531,583.7969563802084,577.9130981445312,570.6250073242187,560.6233540852865,0.7313696166981551,0.007305612764017,0.0010248709721125,0.0128498611179543,-0.0145841545132046,Financial Services,8.0,0.5
2024-02-05,631.9533081054688,647.1008213488465,617.7925448818381,631.5585599134757,4528404,621.147705078125,596.9166015625,587.8889282226562,581.2879913330078,575.0932836914062,564.7959177652995,0.776117684166478,0.0096965329333784,-0.0006246477183202,0.0239693550917368,-0.0224079264116571,Financial Services,8.0,0.5
2024-02-06,639.9464721679688,642.0681383805428,626.1311281273341,637.7754774869878,2829812,627.2955444335937,603.2469909667968,592.8032470703125,584.9243896484375,579.5299853515625,569.0688079833984,0.8350539217903209,0.012648345945783,-0.0033924629252602,0.0033153807464338,-0.0215882806476483,Financial Services,8.0,0.5
2024-02-06,639.9464721679688,642.0681383805428,626.1311281273341,637.7754774869878,2829812,627.2955444335937,603.2469909667968,592.8032470703125,584.9243896484375,579.5299853515625,569.0688079833984,0.8350539217903209,0.012648345945783,-0.0033924629252602,0.0033153807464338,-0.0215882806476483,Financial Services,8.0,0.5
2024-02-07,637.4794311523438,660.9655034119327,627.9073595363855,650.307964596586,3261779,631.3217407226563,611.6595458984375,597.2702107747396,589.0788604736329,582.8042211914062,573.3022247314453,0.8168636138737377,-0.0038550740146551,0.0201238390092879,0.0368420863668246,-0.0150154987724941,Financial Services,8.0,0.368325
2024-02-08,639.0582885742188,646.9527705095649,633.97625196641,641.673359807349,1639613,634.8643798828125,618.5869445800781,601.4575724283854,593.2826690673828,586.27779296875,577.7033976236979,0.8285050509144645,0.0024767190041268,0.0040920699721533,0.0123533049746671,-0.0079523835284995,Financial Services,8.0,0.3024875
2024-02-09,641.6240234375,648.235664022931,623.812110836313,641.4266493455242,2017131,638.0123046875,625.5932922363281,606.3883341471354,597.3507934570313,589.932939453125,581.8562235514323,0.8474230611541825,0.0040148682978599,-0.0003076164307539,0.0103045402664463,-0.0277606697233057,Financial Services,8.0,0.26956875
2024-02-12,612.2664184570312,644.8804844702936,608.2204603811982,642.4627873638997,1869679,634.0749267578125,627.6113159179688,609.3027099609375,599.4354278564454,591.8453784179687,584.9235575358073,0.6309597470439176,-0.0457551524071455,0.0493190023110627,0.0532677687851195,-0.0066081659125274,Financial Services,8.0,0.253109375
2024-02-13,622.6773071289062,624.256179536709,606.0495774568946,607.8751524427992,2821807,630.62109375,628.9583190917969,612.3716918945313,602.2577087402344,594.06373046875,588.0451700846354,0.7077226664389552,0.0170038538094436,-0.0237717908082408,0.0025356189951466,-0.0267036063168581,Financial Services,8.0,0.2448796875
2024-02-14,628.203369140625,632.1999987614012,610.8355331621485,612.809153624708,1260746,628.7658813476562,630.0438110351563,617.3616577148438,605.1441284179688,597.0162646484375,590.4644978841146,0.7484681461138567,0.0088746802693015,-0.0245051463779574,0.0063619996598291,-0.0276468367277868,Financial Services,8.0,0.24076484375
2024-02-15,629.53564453125,635.7032089219274,620.999711322504,631.3612194988422,1914588,626.8613525390625,630.8628662109375,621.3450805664063,607.8085174560547,599.9984057617188,593.0417195638021,0.7582914524276414,0.0021207708459881,0.0028998754613036,0.0097970058474921,-0.0135590943624833,Financial Services,8.0,0.238707421875
2024-02-16,633.2854614257812,639.8971019744188,631.065138421172,632.5453537575781,1798377,625.1936401367187,631.6029724121094,625.4600748697917,611.0896606445312,602.9193627929687,595.8097229003906,0.7859400904155464,0.0059564806649246,-0.0011686793922867,0.0104402215925691,-0.00350603817686,Financial Services,8.0,0.2376787109374999
2024-02-19,626.4765014648438,637.3808035788514,624.650926482654,636.4926502074436,1148627,628.0356567382812,631.0552917480469,627.752762858073,613.9859466552734,605.1554736328125,597.8770914713542,0.7357353806046067,-0.0107518021108644,0.0159880677394599,0.017405763964827,-0.0029140358463903,Financial Services,8.0,0.2371643554687499
2024-02-20,630.5224609375,631.4599427799824,618.3847061451721,626.4765025199763,1502356,629.6046875,630.112890625,629.1737752278646,616.6799407958985,607.7271044921876,599.9872233072916,0.7655675755942747,0.0064582781049183,-0.006416834717526,0.001486833381143,-0.0192503131042797,Financial Services,8.0,0.2369071777343749
2024-02-21,632.4467163085938,638.4169063033099,629.140865817386,629.140865817386,2367781,630.4533569335938,629.609619140625,630.1803263346354,620.6345825195312,610.2059741210937,602.5891133626302,0.7797557457497947,0.003051842702372,-0.0052270814377897,0.0094398308043441,-0.0052270814377897,Financial Services,8.0,0.2367785888671875
2024-02-22,633.7788696289062,635.5057875298024,627.1672290480233,632.9401050262319,868334,631.302001953125,629.0816772460937,631.0092447916667,623.8343109130859,612.5072143554687,605.2156717936198,0.789578151998863,0.0021063487025245,-0.0013234341548267,0.0027247956403269,-0.0104320937439177,Financial Services,8.0,0.2367142944335937
2024-02-23,633.8282470703125,640.2425140549866,629.535646334156,636.986052093407,1038739,631.4105590820312,628.302099609375,631.5388346354167,626.9476959228516,615.1538403320312,607.6678955078125,0.7899422281766095,7.790957346867962e-05,0.0049821146938315,0.0101198818675598,-0.0067724983163779,Financial Services,8.0,0.2366821472167968
2024-02-26,650.4559936523438,652.7256451578468,634.5189841876218,634.9630608415525,3011803,636.2064575195312,632.1210571289063,632.7723470052083,629.8661865234375,618.430048828125,610.3306376139323,0.9125440934761352,0.0262338364673524,-0.0238185718357326,0.0034893236862325,-0.0245012877431336,Financial Services,8.0,0.2366660736083984
2024-02-27,640.9826049804688,657.3143030595907,636.4926302549269,653.1697480699333,2940335,638.298486328125,633.9515869140625,632.8414225260417,631.4549530029296,621.0036499023438,612.822334798177,0.8426936711023426,-0.0145642268874815,0.0190132196954642,0.0254791595781598,-0.0070048308497836,Financial Services,8.0,0.2366580368041992
2024-02-28,629.7329711914062,647.6928691597981,627.3646025517792,643.2522231330847,1130316,637.7557373046875,634.1045471191406,632.3249918619791,632.0741790771484,624.0588134765625,614.7976013183594,0.7597464070415532,-0.0175506069925334,0.0214682294879702,0.0285198628466492,-0.0037609093821883,Financial Services,8.0,0.2366540184020996
2024-02-29,639.4037475585938,643.4003172377426,625.144326641273,632.6934495475372,2116417,638.880712890625,635.091357421875,632.3480224609375,632.9771118164062,626.8435913085938,616.9027974446615,0.8310522340616159,0.0153569478010515,-0.0104946178946842,0.0062504633330797,-0.0223011218995303,Financial Services,8.0,0.2366520092010497
2024-03-01,640.1931762695312,646.2620836510708,637.9235246463145,641.7720486430419,877615,640.1536987304687,635.78212890625,632.2526326497396,633.6925506591797,629.588896484375,619.3204833984375,0.8368729525819792,0.0012346325994361,0.0024662436777456,0.0094798064185934,-0.0035452605671967,Financial Services,8.0,0.2366510046005249
2024-03-04,649.074462890625,652.4296419409825,640.1931703539232,641.4266832062428,1558962,639.877392578125,638.0419250488281,634.7065022786459,634.5486083984375,631.868427734375,622.0046061197917,0.9023576110493204,0.0138728230014038,-0.0117825921702775,0.0051691743277271,-0.0136830102622577,Financial Services,8.0,0.2366505023002624
2024-03-05,647.3475341796875,663.0871699607204,644.2884464486298,651.2947752417588,2375311,641.1503784179688,639.7244323730469,636.3511840820313,634.9186614990234,633.3940380859375,624.3614379882813,0.8896243955077122,-0.0026606018410379,0.0060975609756097,0.0243140429985231,-0.0047255725395388,Financial Services,8.0,0.2366502511501312
2024-03-06,631.7066040039062,647.7915989914894,614.7827841679111,647.3475223341087,2796433,641.5451049804688,639.6504211425781,636.5847330729167,634.6300201416016,633.9683642578125,626.9731953938802,0.7742986533748197,-0.0241615660058105,0.0247597828344148,0.0254627621203145,-0.0267906330703651,Financial Services,8.0,0.2366501255750656
2024-03-07,629.190185546875,639.453036144952,626.427128918198,632.1012878037435,1314041,639.502392578125,639.191552734375,636.5617024739583,634.1366149902344,634.28216796875,628.9533915201823,0.75574426928049,-0.0039835240617742,0.0046267445420151,0.0163112057909116,-0.0043914490278887,Financial Services,8.0,0.2366500627875328
2024-03-11,626.2297973632812,633.5322177345126,624.7495819012847,630.5717868105196,1351832,636.709716796875,638.4317077636719,636.0913248697917,633.3669036865234,634.2959838867188,630.7756998697917,0.7339163498129484,-0.0047050768616498,0.0069335401565369,0.0116609276690089,-0.002363693756236,Financial Services,8.0,0.2366500313937664
2024-03-12,615.8682861328125,630.571783742487,611.674342344228,626.1804658472389,1854808,630.0684814453125,634.9729370117187,635.384110514323,633.5469970703125,633.6525830078125,631.568436686198,0.6575175065956573,-0.0165458610786256,0.0167441317350161,0.023874419158683,-0.0068098063872055,Financial Services,8.0,0.2366500156968832
2024-03-13,582.662109375,617.6938723611609,577.2346531377075,616.7563906014235,3102446,617.131396484375,629.1408874511719,632.1934204101562,631.5462371826172,631.3612084960937,630.6835978190104,0.4126774021419942,-0.0539176598397722,0.0585146703000736,0.0601236332730441,-0.0093149290986406,Financial Services,8.0,0.2366500078484416
2024-03-14,583.9943237304688,587.6948623569673,570.1296510558783,578.7642411843749,1799972,607.5889404296875,624.5670227050781,628.9632609049479,629.3357849121094,629.2218041992187,629.5717936197917,0.4225002584234207,0.0022864269600399,-0.0089557078443586,0.0063366003334759,-0.0237411086224691,Financial Services,8.0,0.2366500039242208
2024-03-15,576.8892822265625,586.9054309493566,567.6626299346236,577.5800614885003,3195333,597.128759765625,618.315576171875,625.1706217447917,626.703466796875,626.7350439453126,628.0899332682292,0.3701124416430762,-0.0121662852106511,0.0011974208625815,0.0173623414949499,-0.0159938008491468,Financial Services,8.0,0.2366500019621104
2024-03-18,567.5145874023438,579.9484334949104,566.2810745100328,577.2840336014946,1642367,585.3857177734375,611.0477172851563,620.7497111002605,623.4149230957031,623.7706665039062,626.1442728678386,0.3009897215924184,-0.0162504229373722,0.0172144406787286,0.0219092977847132,-0.0021735351296555,Financial Services,8.0,0.2366500009810552
2024-03-19,563.2219848632812,567.9093338393664,557.5971540459548,567.1198976367868,1575894,574.8564575195312,602.4624694824219,614.9341105143229,620.252197265625,621.8088891601562,623.8532287597657,0.2693389458434502,-0.0075638629109267,0.0069207397407466,0.0083223828296101,-0.0099868807832348,Financial Services,8.0,0.2366500004905276
2024-03-20,562.5311889648438,567.5639575389395,552.0710240722145,565.9356964822956,1023212,570.8302734375,593.9808349609375,609.7040161132812,616.8526336669922,619.4030444335938,621.2727193196614,0.2642454796138637,-0.0012265073399171,0.0060521222364875,0.0089466480664954,-0.0185948176702481,Financial Services,8.0,0.2366500002452637
2024-03-21,583.5502319335938,586.1653032539631,567.5639536653084,567.6132821330265,1697503,570.741455078125,589.1651977539062,606.625166829427,614.4078094482422,617.6169189453125,619.4750793457031,0.4192258229854925,0.0373651157146126,-0.0273103306766928,0.0044813131368388,-0.0273948623331273,Financial Services,8.0,0.2366500001226318
2024-03-22,587.6455078125,591.0993437106423,580.2444308879093,580.2444308879093,1290405,572.8927001953125,585.0107299804688,603.1746175130208,612.1011413574219,615.9413134765625,617.7613199869792,0.4494216441205489,0.0070178635099442,-0.0125944584382872,0.0058774139378672,-0.0125944584382872,Financial Services,8.0,0.2366500000613159
2024-03-26,584.9317626953125,590.9019525291823,582.2673630334691,587.6454908225367,2247918,576.3761352539062,580.8809265136719,599.4905232747395,609.6563171386719,614.0071655273438,615.8715779622396,0.4294123054123074,-0.0046179968724501,0.0046393926613244,0.0102066432610183,-0.0045550606613771,Financial Services,8.0,0.2366500000306579
2024-03-27,583.599609375,589.76717347378,581.675317330157,586.1159634812785,1075990,580.45166015625,577.6540588378906,595.1255330403645,606.3134979248047,612.29208984375,614.9160176595052,0.4195898991632391,-0.0022774508160987,0.0043117816836331,0.0105681429522974,-0.0032972812420211,Financial Services,8.0,0.236650000015329
2024-03-28,602.8917236328125,606.3948879124019,583.9942835871084,583.9942835871084,2992847,588.5237670898438,579.6770202636719,592.1618123372396,604.4089538574219,611.1868603515625,614.2564982096354,0.5618370269932598,0.0330571061870195,-0.0313446665544433,0.0058106027040487,-0.0313446665544433,Financial Services,8.0,0.2366500000076645
2024-04-01,627.8087158203125,629.5849622885823,606.0988895344993,609.2073057964415,1573234,597.3754638671875,584.0584594726563,591.901953125,604.3127410888671,611.0013403320313,614.2433430989583,0.7455582368860332,0.0413291329284784,-0.0296291044630782,0.0028292797208921,-0.0345803199903755,Financial Services,8.0,0.2366500000038322
2024-04-02,630.67041015625,634.4696657777444,622.3319116819216,629.5849429673191,1608600,605.9804443359375,589.436572265625,592.000634765625,603.87607421875,610.877001953125,614.2811686197916,0.7666584540304399,0.0045582265168114,-0.0017211322609252,0.0060241539167076,-0.0132216421446861,Financial Services,8.0,0.2366500000019161
2024-04-03,632.9401245117188,635.5058070942756,623.6640839807177,629.3875714395804,1187104,615.5821166992188,595.9791259765625,592.4479899088542,603.5134216308594,610.8414770507812,614.2696573893229,0.7833938073331113,0.0035988914636195,-0.0056127790521718,0.0040535944605126,-0.0146554787281926,Financial Services,8.0,0.236650000000958
2024-04-04,635.3577880859375,652.2816088369165,633.3841674843129,637.7261568999353,3145305,625.9337524414062,603.1927062988282,593.7472900390625,602.827587890625,610.237548828125,614.5657002766927,0.8012200390719478,0.0038197350437908,0.0037276143590412,0.0266366778976034,-0.0031063137001441,Financial Services,8.0,0.236650000000479
2024-04-05,635.8018188476562,639.1569977201444,627.6606344539377,639.1569977201444,1830294,632.515771484375,610.5197692871094,597.2899373372396,602.2503021240234,610.0303173828125,614.7416788736979,0.8044940244775179,0.0006988672682464,0.005277082847245,0.005277082847245,-0.0128045943757659,Financial Services,8.0,0.23665
2024-04-05,635.8018188476562,639.1569977201444,627.6606344539377,639.1569977201444,1830294,632.515771484375,610.5197692871094,597.2899373372396,602.2503021240234,610.0303173828125,614.7416788736979,0.8044940244775179,0.0006988672682464,0.005277082847245,0.005277082847245,-0.0128045943757659,Financial Services,8.0,0.11085
2024-04-08,638.2688598632812,647.1994806106702,627.7099781057092,640.6372285635263,5285739,634.6078002929687,615.9916320800781,600.9082397460937,602.5784149169922,610.3717529296875,614.9357503255209,0.8226843323941011,0.0038802044009504,0.003710612955099,0.01399194181164,-0.0165430000138715,Financial Services,8.0,0.379425
2024-04-09,642.7588500976562,650.6533323169203,638.2195469136273,642.4134905926112,3264890,637.02548828125,621.5029663085937,605.2995442708333,603.2568481445312,610.50595703125,615.2350830078125,0.8557905127893392,0.0070346377784069,-0.0005373080510561,0.0122821836184203,-0.0070622180983417,Financial Services,8.0,0.5137125
2024-04-10,640.4891967773438,647.1994945995872,636.0485505409904,646.1633558571286,2938995,638.535302734375,627.0587097167969,610.1645182291667,603.9698181152344,610.5177978515625,615.4571146647136,0.8390556095190259,-0.0035311117380455,0.0088591019307346,0.0104768321714194,-0.0069332102066619,Financial Services,8.0,0.5808562500000001
2024-04-12,639.9464721679688,650.1599345631041,635.7031999729406,639.0089903477588,3207293,639.4530395507812,632.6933959960937,615.2794840494792,605.1737274169922,610.1526782226563,615.1067972819011,0.8350539217903209,-0.0008473595059928,-0.0014649378674345,0.0159598698318232,-0.0066306673754338,Financial Services,8.0,0.6144281250000001
2024-04-15,630.029052734375,646.1140486971535,616.3616938403563,624.6509245136283,3059341,638.298486328125,635.40712890625,619.7793416341145,607.5420745849609,609.4599389648438,614.7416788736979,0.7619295140109581,-0.0154972640133418,-0.0085363178053539,0.0255305622700545,-0.0216932200740604,Financial Services,8.0,0.6312140625
2024-04-16,645.4232177734375,652.9230116465857,625.1936080932924,626.6244949703503,5288396,639.7293579101563,637.1685791015625,623.9042073567708,610.6135192871094,610.008603515625,615.2646870930989,0.8754357753198341,0.0244340558141733,-0.0291261954720788,0.0116199629431068,-0.0313431700674368,Financial Services,8.0,0.63960703125
2024-04-18,633.9269409179688,657.2156391750677,630.6704188460692,649.5185311226447,3395430,637.9629760742188,637.4942321777344,626.9896362304687,613.4654022216797,610.1980737304688,615.0821268717448,0.7906699304997445,-0.0178119976767,0.0245952478089956,0.0367371959667393,-0.0051370621150504,Financial Services,8.0,0.6438035156249999
2024-04-19,634.4696655273438,638.1702039837634,616.0163017119746,628.5981324638011,2471599,636.7590698242187,637.6471862792969,630.2921630859375,616.8131561279297,610.5276684570313,614.8913431803386,0.7946716182284496,0.0008561311632995,-0.0092542376453292,0.0058324907516955,-0.0290847062010939,Financial Services,8.0,0.6459017578124999
2024-04-22,654.4525756835938,656.7222272328149,636.2459143626709,638.6636115427597,4657549,639.6602905273437,639.5566650390625,635.015694173177,621.3746856689453,612.0710400390625,615.0706136067708,0.9420122122880568,0.0314954539861902,-0.0241254519081723,0.0034680153055406,-0.0278196801378701,Financial Services,8.0,0.6469508789062499
2024-04-23,662.3470458984375,665.8995386744906,652.3802263248645,660.1760513219085,4555962,646.1238891601563,642.2111877441406,638.9793823242187,626.365478515625,615.2584375,615.5705973307291,1.0002207475887648,0.0120627078388342,-0.003277729688647,0.0053634915382378,-0.0150477300914864,Financial Services,8.0,0.647475439453125
2024-04-24,664.5673828125,672.5111933734555,661.1628753634852,665.6528500083627,3744615,649.9527221679688,644.8410400390625,641.4299601236979,630.4163360595703,618.4813598632812,616.665956624349,1.0165920247136897,0.0033522258879417,0.0016333440730553,0.0119533560725426,-0.00512289278268,Financial Services,8.0,0.6477377197265626
2024-04-25,652.5282592773438,666.0968998294246,647.8409107229885,666.0968998294246,2711612,653.6729858398437,645.8179809570313,642.8871500651042,633.6604736328125,621.5069189453125,617.4438924153645,0.9278235921001786,-0.0181157303932157,0.0207939508506616,0.0207939508506616,-0.0071833648393195,Financial Services,8.0,0.6478688598632814
2024-04-26,652.626953125,663.5312548786857,648.3343525086572,657.0675993750593,1345850,657.304443359375,647.0317565917969,644.1996053059896,637.0452331542969,624.9114135742187,618.3237976074219,0.9285512944233136,0.0001512483884844,0.0068042642566261,0.0167083227278188,-0.0065774185325757,Financial Services,8.0,0.6479344299316407
2024-04-29,658.0543823242188,661.2615155938489,643.7456338904843,657.2156177149777,1647600,658.0248046875,648.8425476074219,645.7127115885417,640.7679718017578,628.7047094726563,619.7300008138021,0.9685695218074384,0.008316281105508,-0.0012746129070344,0.0048736599220002,-0.0217440211904623,Financial Services,8.0,0.6479672149658204
2024-04-30,664.9620971679688,672.461891592865,654.8472915837657,663.0378652653146,3980481,658.5478149414063,652.3358520507812,647.6567301432292,643.8714904785156,632.8019458007813,622.4733337402344,1.0195023839738713,0.0104971793050784,-0.0028937467426328,0.0112785291926222,-0.0152111009443716,Financial Services,8.0,0.6479836074829102
2024-05-02,660.2747192382812,673.9914059103488,657.2156315319068,666.1462523167596,2269415,657.6892822265625,653.8210021972657,649.1237874348958,645.4947906494141,635.8709252929688,625.0160135904948,0.9849407989323632,-0.0070490903912429,0.0088925607893211,0.020774211509857,-0.0046330529054687,Financial Services,8.0,0.6479918037414552
2024-05-03,645.4232177734375,666.9850573998573,635.999192139198,663.1364734174416,2650534,656.2682739257813,654.9706298828125,649.3014119466146,646.2324310302735,638.1820336914062,627.300478108724,0.8754357753198341,-0.0224929124682783,0.0274444041618315,0.0334072884777885,-0.0146013117822909,Financial Services,8.0,0.6479959018707275
2024-05-06,625.68701171875,649.2224717457716,618.7300116718127,649.2224717457716,2354753,650.8802856445312,654.0923645019532,648.314599609375,645.869775390625,639.8122436523438,629.2395589192708,0.7299142120518852,-0.0305787048113529,0.0376153885029035,0.0376153885029035,-0.0111189778861264,Financial Services,8.0,0.6479979509353637
2024-05-07,614.9308471679688,628.1540687194058,606.0001659920782,627.5620066462517,2023998,642.2555786132813,650.1401916503906,646.6468912760416,644.8484283447266,641.0654931640624,630.9631876627604,0.6506054596067706,-0.0171909666483794,0.0205407803762895,0.0215035911962067,-0.0145230658325571,Financial Services,8.0,0.6479989754676818
2024-05-08,627.216552734375,635.2590801321725,607.0856603525281,614.5360654793171,1932062,634.7064697265625,646.6271423339844,646.4593912760416,644.4191650390625,642.038486328125,633.1193664550781,0.7411920229472235,0.0199790035302138,-0.0202170800495885,0.0128225687965914,-0.0320956012625711,Financial Services,8.0,0.6479994877338409
2024-05-09,611.9210205078125,633.3841437460756,609.6513689470314,627.2165795971495,1441646,625.0357299804688,641.3625061035157,644.2259114583334,643.101773071289,641.402978515625,634.0650594075521,0.6284130139291243,-0.0243863656975904,0.0249959693763153,0.0350749892861199,-0.0037090596412222,Financial Services,8.0,0.6479997438669205
2024-05-10,618.2366333007812,630.7198072910808,614.2893922262351,615.720279161782,2207795,619.5984130859375,637.9333435058594,643.1798909505209,641.8756622314453,640.9056274414063,635.0847635904948,0.6749801121891055,0.010320960681703,-0.0040702119600458,0.0201915792722464,-0.0063846767757382,Financial Services,8.0,0.6479998719334603
2024-05-13,616.8057250976562,623.6640682742269,601.9542431127823,619.2234222184769,1290217,617.8221557617187,634.351220703125,642.002294921875,640.6914886474609,640.2602514648438,636.1472290039062,0.664429553584544,-0.0023144992160774,0.0039197060313242,0.0111191302180031,-0.0240780546946489,Financial Services,8.0,0.6479999359667301
2024-05-14,625.3909912109375,630.2757139575434,604.1252425301827,615.7695913461538,2703123,619.9141845703125,631.0848815917968,640.0648559570312,639.9637145996094,639.8615795898437,637.5402750651042,0.7277315551148384,0.013918914439262,-0.0153846153846154,0.0078106701491615,-0.0340039255115878,Financial Services,8.0,0.647999967983365
2024-05-15,622.6773071289062,632.2000507356838,614.8321530992451,627.611358690942,2552119,619.0063354492188,626.8564025878907,637.4202067057291,639.5961273193359,639.3365991210937,638.199794514974,0.7077226664389552,-0.0043391800012609,0.0079239302694136,0.0152932241110341,-0.0125990684739005,Financial Services,8.0,0.648
2024-05-15,622.6773071289062,632.2000507356838,614.8321530992451,627.611358690942,2552119,619.0063354492188,626.8564025878907,637.4202067057291,639.5961273193359,639.3365991210937,638.199794514974,0.7077226664389552,-0.0043391800012609,0.0079239302694136,0.0152932241110341,-0.0125990684739005,Financial Services,8.0,0.648
2024-05-16,644.53515625,648.4823973563796,616.7564228718061,627.1179307760524,12146190,625.5291625976563,625.2824462890625,636.0847249348958,639.551724243164,639.5872509765625,638.7573425292969,0.868887804508694,0.0351030122197286,-0.0270229254448796,0.0061241672670659,-0.043098864520928,Financial Services,8.0,0.5740000000000001
2024-05-17,643.4002685546875,661.1135241905216,638.07146923228,647.347509466066,2802622,630.5618896484375,625.0801513671875,635.4761922200521,640.025390625,639.6129077148438,639.1816711425781,0.8605199028411792,-0.0017607847831225,0.0061349693251533,0.0275306935690664,-0.0082822460338382,Financial Services,8.0,0.537
2024-05-21,643.054931640625,645.275254731217,629.6342759327531,636.3445736716297,3289447,635.8117309570313,626.816943359375,634.838057454427,640.4546539306641,639.715537109375,639.5188313802083,0.857973619758744,-0.0005367372861659,-0.0104351240287904,0.0034527735988703,-0.0208701543951024,Financial Services,8.0,0.5185
2024-05-22,646.9034423828125,649.2224825906072,635.7524986893106,647.2981905718337,2439158,640.1142211914063,630.0142028808593,634.0946614583333,640.077197265625,639.9938159179687,639.9036865234375,0.886349960069784,0.0059847309348344,0.0006102119159656,0.0035848320720828,-0.01723741591547,Financial Services,8.0,0.50925
2024-05-23,645.4725952148438,654.2552310051514,640.8346349740171,649.2718510201408,1479811,644.6732788085938,631.8398071289063,632.795361328125,639.2334747314453,640.6115576171875,640.2260457356771,0.8757998514975807,-0.0022118403987747,0.0058860063672145,0.01360652002179,-0.0071853712693764,Financial Services,8.0,0.504625
2024-05-24,640.5385131835938,648.3836667661162,637.8247849791445,644.3870972746781,938672,643.8739501953125,634.7015563964844,631.4796142578125,638.03203125,640.4161694335937,640.3017008463542,0.8394192356644143,-0.0076441386788972,0.0060083570493774,0.0122477468896142,-0.0042366355005907,Financial Services,8.0,0.5023124999999999
2024-05-27,632.2493286132812,644.3870824386131,628.1047135867951,641.4759802039314,838874,641.6437622070313,636.1028259277343,630.6013549804687,637.0180847167969,640.3490649414063,639.9513834635417,0.7783003411035248,-0.0129409620182145,0.0145933750706972,0.0191977330398336,-0.0065553490354455,Financial Services,8.0,0.50115625
2024-05-28,636.8873901367188,638.2688884152291,629.9797180538047,631.6572473755587,1323026,640.41025390625,638.1109924316406,631.348046875,636.2311065673828,640.4457739257813,639.8313232421875,0.8124982999996443,0.0073358109111957,-0.0082120369191756,0.0021691405732082,-0.0108459865745358,Financial Services,8.0,0.500578125
2024-05-29,638.2688598632812,645.2258601038387,631.7559362827845,635.012398073033,2015125,638.6833374023438,639.398779296875,632.9039143880208,635.241830444336,639.7984252929688,639.7754028320312,0.8226843323941011,0.002169095742759,-0.0051020220396555,0.0108997958039933,-0.0102040440793113,Financial Services,8.0,0.5002890625
2024-05-30,622.9733276367188,639.7491026638162,618.4340243684935,634.0749434634744,1576306,634.1834838867187,639.4283813476562,632.6210327148438,633.1423919677734,638.2234765625,639.5402119954427,0.7099053233760019,-0.0239640897251964,0.0178203710082904,0.02692856063475,-0.0072865130284875,Financial Services,8.0,0.50014453125
2024-05-31,624.3548583984375,630.5717509391378,617.0524384426194,624.6508894279722,2597394,630.9467529296875,637.4103515625,633.4499552408854,631.3463989257813,636.6149755859375,638.8379333496093,0.7200918058028168,0.0022176403072658,0.0004741390661939,0.0099573062611342,-0.0116959447941991,Financial Services,8.0,0.5000722656250001
2024-06-03,671.9684448242188,676.4584193691944,642.9561996826397,661.1628606526043,5954520,638.890576171875,640.2671691894532,637.0320760091146,632.6736602783203,637.3925830078125,640.1059834798177,1.0711624984310808,0.0762604563499628,-0.016080493444065,0.0066818234986469,-0.0431750112152489,Financial Services,8.0,0.5000361328125
2024-06-04,569.3895263671875,666.0476044576931,537.6142235949532,666.0476044576931,10513971,625.3910034179687,632.9006286621094,633.87099609375,629.8587860107422,634.0630859375,637.9366455078125,0.3148142656025499,-0.1526543682923459,0.1697573868406086,0.1697573868406086,-0.0558059137036938,Financial Services,8.0,0.50001806640625
2024-06-05,614.092041015625,615.7696305808599,572.7447253566817,585.1785111129005,4306196,620.5556396484375,629.6194885253906,633.1177327473958,629.816845703125,632.3045922851562,636.5912943522136,0.6444206649086607,0.078509548522341,-0.0470833815968456,0.0027318210515485,-0.0673308118284036,Financial Services,8.0,0.5000090332031251
2024-06-06,642.4628295898438,645.3739320019316,621.0984228718888,625.588397661658,2171720,624.4535400390625,629.3185119628906,634.436767578125,630.5791595458984,631.4046215820313,635.9284871419271,0.8536078558522925,0.0461995705518301,-0.0262652267975699,0.0045311608361005,-0.0332539187233512,Financial Services,8.0,0.5000045166015625
2024-06-07,653.3670654296875,662.643106198226,639.7984240146085,645.6206287865813,1904908,630.2559814453125,630.6013671875,635.0255615234375,632.6514617919922,631.1283154296875,635.5551432291667,0.9340083867982886,0.0169725552010614,-0.0118561786367541,0.0141972885677028,-0.0207672564673206,Financial Services,8.0,0.5000022583007813
2024-06-10,665.5048828125,669.057375759885,654.2552214289141,657.5116833357037,3121182,628.9632690429687,633.9269226074218,636.4992024739583,635.0148742675781,631.93158203125,635.9876973470052,1.0235045217349343,0.0185773327506645,-0.0120107300235215,0.0053380418974113,-0.0169039501799649,Financial Services,8.0,0.5000011291503906
2024-06-11,671.129638671875,678.9254638752811,663.1858280664511,674.0407410063175,4311375,649.3112915039062,637.3511474609375,638.370849609375,637.731069946289,633.749287109375,636.6044535319011,1.0649777037329708,0.008451862645401,0.0043376155167329,0.0116159751472659,-0.0118364771091681,Financial Services,8.0,0.5000005645751953
2024-06-12,705.964111328125,710.0593379270246,673.1526689174464,674.9289154079402,10108963,667.6857055664062,644.1206726074219,642.3082275390625,641.7597259521484,637.3906176757813,638.2014444986979,1.3218237714374654,0.0519042382410428,-0.0439614357474894,0.0058008991295537,-0.04647749352152,Financial Services,8.0,0.5000002822875976
2024-06-13,709.8126220703125,716.4242629896569,697.3788366393993,712.4770218712566,4302152,681.1556640625,652.8046020507812,646.5975626627604,646.1164916992187,640.6944604492187,639.6964619954427,1.3502001117485052,0.0054514254767814,0.0037536664157546,0.0093146285565621,-0.0175169968021243,Financial Services,8.0,0.5000001411437989
2024-06-14,721.999755859375,725.0095151273543,707.7403354568448,710.5527206254231,2561548,694.8822021484375,662.569091796875,652.0283121744792,649.9897216796875,645.0976098632813,641.7539632161458,1.4400598728305396,0.0171695084169062,-0.015854624798767,0.004168643055006,-0.0197498964325238,Financial Services,8.0,0.5000000705718994
2024-06-18,738.9728393554688,749.7784237520971,723.9733715825598,727.1311162315185,3805256,709.5757934570313,669.26953125,659.143212890625,654.7683502197266,649.9270581054687,644.8722839355469,1.5652080212125004,0.0235084338441239,-0.0160245715313144,0.0146224378233617,-0.0202977254021832,Financial Services,8.0,0.5
2024-06-19,726.6871337890625,741.9333048401894,719.7300729442323,740.1077298652369,2666976,720.6872924804687,684.9992919921875,665.1298624674479,658.9499603271485,654.322314453125,648.238954671224,1.4746214578720476,-0.016625381762504,0.0184681900258745,0.0209803784080102,-0.0095736672927658,Financial Services,8.0,0.76335
2024-06-20,729.9435424804688,736.4564659358971,725.0094913081391,728.3646099672532,1283939,725.4831787109375,696.5844421386719,671.2415079752604,663.1019653320312,658.5044165039062,652.0727111816407,1.498632034276636,0.0044811701487362,-0.0021630885422317,0.0089225030107074,-0.0067594969818665,Financial Services,8.0,0.631675
2024-06-21,722.098388671875,733.5947519891043,717.707071084902,733.5947519891043,2238812,727.94033203125,704.547998046875,677.8498453776042,666.9332550048828,662.481259765625,655.235439046224,1.4407871251213162,-0.0107476172498692,0.0159207713208917,0.0159207713208917,-0.0060813286054407,Financial Services,8.0,0.5658375
2024-06-24,724.2200927734375,727.0324779956584,712.2303237100325,722.049098098855,2494394,728.3843994140625,711.63330078125,684.5075276692709,671.117333984375,665.6686572265625,658.9787414550781,1.4564311499554643,0.0029382479380197,-0.0029977001414978,0.0038833294605935,-0.0165554217330391,Financial Services,8.0,0.53291875
2024-06-25,759.6958618164062,766.1101285675979,713.1184652841554,725.2068910844782,6460950,732.52900390625,721.0523986816406,690.3560221354167,677.4896606445312,670.3204809570312,663.6940490722657,1.7180057076470825,0.0489847898407685,-0.0453983922585363,0.0084432034891639,-0.061310583449653,Financial Services,8.0,0.5164593749999999
2024-06-26,768.52783203125,777.7051555655017,749.3343600888433,759.8439136357227,5092505,740.8971435546875,730.7922180175781,703.6319091796875,684.0716827392578,675.3393969726562,668.7514526367188,1.7831267399690354,0.0116256658206967,-0.0112994195312032,0.0119414328951441,-0.0249743355314505,Financial Services,8.0,0.5
2024-06-26,768.52783203125,777.7051555655017,749.3343600888433,759.8439136357227,5092505,740.8971435546875,730.7922180175781,703.6319091796875,684.0716827392578,675.3393969726562,668.7514526367188,1.7831267399690354,0.0116256658206967,-0.0112994195312032,0.0119414328951441,-0.0249743355314505,Financial Services,8.0,0.5
2024-06-27,777.2117309570312,790.1883098724601,762.2122632996502,765.7154276508134,5870141,750.35078125,737.9169799804688,714.5065551757813,691.0188262939453,680.551728515625,673.8121439615885,1.8471559937901063,0.011299394197383,-0.0147917264347795,0.0166963240498827,-0.0192990752197104,Financial Services,8.0,0.6101
2024-06-28,786.2904052734375,799.2176558528803,772.1790305628494,774.6460562195997,3419490,763.1891845703125,745.5647583007812,724.0950602213542,699.1846801757813,686.1844409179688,679.2659138997395,1.914096056903717,0.0116810824577069,-0.0148092218546,0.0164408092642911,-0.0179467721034707,Financial Services,8.0,0.6651499999999999
2024-07-01,805.58251953125,810.4179138245025,784.5141448894728,789.7442271427125,3206810,779.461669921875,753.9230346679688,734.2427571614584,708.2460632324219,692.786201171875,684.6341593424479,2.056343184733738,0.024535609398799,-0.0196606703901091,0.0060023575189618,-0.026152968977078,Financial Services,8.0,0.6926749999999999
2024-07-02,784.958251953125,808.4936531194646,777.6065032959905,807.2108117971069,3268240,784.5141479492188,758.5215759277344,742.2063151041667,713.8955535888672,698.8945581054687,689.3527587890625,1.9042736506546487,-0.0256016821096438,0.0283487176402226,0.0299829973221876,-0.0093657830067293,Financial Services,8.0,0.7064374999999999
2024-07-03,789.004150390625,798.3295196188469,784.760878216178,790.3857088800356,1670552,788.6094116210937,764.7532775878906,750.0646158854166,724.8762847900391,704.979228515625,694.2177327473959,1.9341053956119592,0.0051542848647466,0.00175101549051,0.011819163718727,-0.0053780099538719,Financial Services,8.0,0.71331875
2024-07-04,782.54052734375,792.9020349567505,774.7447022857311,792.9020349567505,1270061,789.6751708984375,770.0129760742187,755.1697102864583,733.2987091064454,710.7500952148438,698.7389689127605,1.8864469688834544,-0.0081921280688763,0.0132408575031526,0.0132408575031526,-0.0099621997655264,Financial Services,8.0,0.716759375
2024-07-05,785.2049560546875,793.3954693766061,773.1658585280732,783.7740690949868,1698197,789.4580810546875,776.3236328125,760.1958658854167,740.4358154296875,717.2393603515625,703.3967142740886,1.9060926814463075,0.0034048443727018,-0.0018223101480284,0.0104310514837711,-0.0153324268189869,Financial Services,8.0,0.7184796874999999
2024-07-08,771.8336791992188,789.4482184820519,769.909387120645,788.2640341083049,1801676,782.7083129882812,781.0849914550781,763.5181274414062,746.3591461181641,723.1385131835938,707.7732198079427,1.8075018425837284,-0.0170290275836433,0.0212874293411668,0.0228216774643836,-0.0024931434458396,Financial Services,8.0,0.7193398437499999
2024-07-09,761.2747802734375,781.3070163251733,757.870272861046,774.6460471301056,1892159,777.9716186523438,781.2428833007813,765.0049235026041,751.1476409912109,726.7107666015625,712.0740681966146,1.7296475947201673,-0.0136802775135909,0.0175643108154264,0.0263140676281703,-0.0044721137500031,Financial Services,8.0,0.719769921875
2024-07-10,769.56396484375,770.6988207461152,741.7852918857866,764.7779591270669,1827229,774.0835815429688,781.3464965820312,767.86337890625,756.0693572998047,734.717744140625,716.4966206868489,1.7907664892810569,0.0108885579623892,-0.0062191135959112,0.0014746739117332,-0.0360966394308801,Financial Services,8.0,0.7199849609375
2024-07-11,780.3201904296875,786.2903802832527,771.2415242553643,774.5967031339566,3014084,773.6395141601563,781.6573425292969,771.2218221028646,759.7871612548828,741.3668701171875,721.2316650390625,1.8700756917585293,0.0139770390471978,-0.0073347932886105,0.0076509488371403,-0.011634539623182,Financial Services,8.0,0.72009248046875
2024-07-12,769.4159545898438,785.5009494227023,766.060775688705,784.5141391847341,1647253,770.4817138671875,779.9698974609375,774.3763264973958,762.7673278808594,746.4449951171875,726.1130859375,1.7896751608125336,-0.013974053181732,0.0196229159336041,0.0209054604819483,-0.0043606827764928,Financial Services,8.0,0.720146240234375
2024-07-15,792.7046508789062,796.750608986343,755.7979841744614,769.9093585093996,3307875,774.655908203125,778.6821105957031,778.941963704427,766.3025726318359,752.0184985351563,731.7247456868489,1.961390407454476,0.0302680184237628,-0.0287563499775516,0.0051039918877109,-0.0465579035817752,Financial Services,8.0,0.7201731201171875
2024-07-16,796.3558959960938,815.845399026977,791.0270963918043,794.0862443980147,4814069,781.6721313476562,779.821875,781.3859659830729,769.1717254638672,757.2525390625,735.8709940592448,1.988312243183962,0.004606059915429,-0.0028500468314359,0.0244733581164806,-0.006691480066992,Financial Services,8.0,0.7201865600585937
2024-07-18,785.2049560546875,803.2142437613082,777.6065048118975,799.3163310883718,4410032,784.8003295898437,779.4419555664062,782.4977742513021,772.0976165771484,761.8155517578125,743.0648417154948,1.9060926814463075,-0.0140024579430764,0.0179715817187244,0.0229357794646503,-0.0096770291427717,Financial Services,8.0,0.7201932800292968
2024-07-19,761.4227905273438,785.9943906743721,758.9064363508697,785.5009855327057,1654193,781.020849609375,777.3301818847656,781.4451782226563,773.6715789794922,764.0338989257813,747.9758666992187,1.7307389231886907,-0.0302878443952248,0.0316226350260491,0.032270639193779,-0.0033048054350083,Financial Services,8.0,0.7201966400146484
2024-07-22,783.3793334960938,788.7081332144896,751.1106848317528,759.8439319051073,1877865,783.813525390625,777.1476196289062,781.2511067708333,776.7356262207031,766.9765673828125,752.6730834960938,1.8926317635815644,0.0288362040667884,-0.030043429261724,0.0068023235877494,-0.0411916006519232,Financial Services,8.0,0.7201983200073242
2024-07-23,760.041259765625,793.3954338698516,740.3050549429919,790.2376290522068,4674751,777.2808471679688,775.9683776855469,778.2150227864583,778.5266845703125,768.4982275390626,756.2288899739583,1.7205524407618755,-0.0297915361467537,0.0397299079472257,0.0438846887266515,-0.0259672808140958,Financial Services,8.0,0.7201991600036621
2024-07-24,771.7349853515625,781.2577288667766,754.9098817328224,761.8175538532536,2885808,772.3566650390625,777.0143981933594,777.3334716796875,779.1286407470703,769.8087133789063,759.7698933919271,1.8067741402605928,0.0153856457602624,-0.0128508253306555,0.0123393959013999,-0.0218016598159994,Financial Services,8.0,0.720199580001831
2024-07-25,756.7847900390625,768.6758412733385,745.5844577822044,768.6758412733385,2947125,766.6726318359375,775.7364807128906,775.1855143229167,778.5414886474609,771.0126196289062,762.6250651041667,1.696541414324929,-0.0193721881167399,0.0157125927883172,0.0157125927883172,-0.0147998908068435,Financial Services,8.0,0.7201997900009155
2024-07-26,780.8629760742188,786.487806813893,756.8834978999447,757.7716512594114,1776371,770.5606689453125,775.7907592773438,775.0736775716146,778.7240509033203,773.0493969726563,765.1216939290365,1.8740778295195928,0.0318164243680339,-0.0295715452292266,0.0072033518197431,-0.0307089449865207,Financial Services,8.0,0.7201998950004578
2024-07-29,781.1096801757812,798.8722655588808,778.5933259591997,786.9812135012189,2155386,770.10673828125,776.9601318359375,774.8006591796875,778.4650146484375,775.4098486328126,767.4982625325521,1.8758968603112511,0.0003159377626056,0.0075169127645637,0.022740193642335,-0.0032215120109833,Financial Services,8.0,0.7201999475002289
2024-07-30,763.7911376953125,784.3661074287785,760.3373018013415,784.3661074287785,3815235,770.8567138671875,774.0687805175781,774.2644897460938,776.3754455566407,776.9926904296875,768.89130859375,1.7482015287821389,-0.0221717166231653,0.0269379529534075,0.0269379529534075,-0.0045219638242893,Financial Services,8.0,0.7201999737501144
2024-07-31,757.1301879882812,766.7022597586275,755.1072389585464,765.7647779457885,3049275,767.9357543945313,770.1462097167969,773.98818359375,774.9840423583985,776.8900634765625,769.4965535481771,1.6990881474397226,-0.0087209046796879,0.0114043662430758,0.0126425704881476,-0.0026718641811256,Financial Services,8.0,0.7201999868750572
2024-08-01,747.55810546875,768.5771521027667,746.0285616014374,761.2747922674906,1632602,766.0904174804688,766.3815246582031,772.5211263020833,772.9117401123046,776.0512744140625,770.1922526041667,1.6285100227427949,-0.0126425846854219,0.0183486563765362,0.0281169403157455,-0.0020460534855059,Financial Services,8.0,0.7201999934375285
2024-08-02,738.7261352539062,750.8639496148046,731.2264013830505,735.1736424161573,2233217,757.6630493164063,764.1118591308593,769.7481892903646,770.7210205078125,774.5118505859375,770.4850056966146,1.563388990420842,-0.0118144263974045,-0.0048089443004853,0.0164307363468689,-0.0101522519820934,Financial Services,8.0,0.7202
2024-08-02,738.7261352539062,750.8639496148046,731.2264013830505,735.1736424161573,2233217,757.6630493164063,764.1118591308593,769.7481892903646,770.7210205078125,774.5118505859375,770.4850056966146,1.563388990420842,-0.0118144263974045,-0.0048089443004853,0.0164307363468689,-0.0101522519820934,Financial Services,8.0,0.7202
2024-08-05,677.0999145507812,714.4506604854952,660.1760937359065,700.9806757365034,12392927,736.8610961914062,753.4839172363281,763.5937866210937,765.3157684326172,770.1442309570313,768.9850565592448,1.108998518910517,-0.083422282984402,0.0352691835762017,0.0551628277187039,-0.0249945694146228,Financial Services,8.0,0.6483749999999999
2024-08-06,643.2522583007812,695.7012488869289,641.4266833709273,680.4056895142375,6818431,712.7533203125,741.8050170898438,753.630293782552,758.8866973876953,763.6510205078125,766.2861287434896,0.8594285743726557,-0.0499891604217024,0.0577587264312151,0.081537203965202,-0.0028380388973314,Financial Services,8.0,0.6124624999999999
2024-08-07,628.7462158203125,661.1629105515761,624.8483030329766,646.4100843074233,5105582,687.0765258789063,727.5061401367187,742.4563151041667,752.2602691650391,757.4025390625,761.9211405436198,0.752470733907278,-0.022551094525168,0.0280937968971553,0.0515576776696304,-0.0061995009898395,Financial Services,8.0,0.59450625
2024-08-08,631.55859375,642.1668045043945,625.6377319335937,632.2493730079383,4362479,663.8766235351562,714.9835205078125,732.2132242838542,745.3600006103516,751.104716796875,757.3554992675781,0.7732073249062964,0.0044729938072362,0.0010937690734864,0.0167968749999998,-0.009375,Financial Services,8.0,0.585528125
2024-08-09,629.7329711914062,640.58788370115,626.6244948806603,636.4925971622455,2405546,642.0779907226563,699.8705200195312,723.4339029947917,737.8306396484375,744.9924145507813,752.439540608724,0.7597464070415532,-0.002890662207213,0.0107341147439852,0.0172373259878819,-0.0049361816086347,Financial Services,8.0,0.5810390624999999
2024-08-12,638.1209106445312,640.58793641795,618.0886131802743,634.0256237686076,3170034,634.2821899414063,685.5716430664063,713.7500081380208,731.2658874511719,739.109052734375,747.500557454427,0.8215934539579359,0.0133198352902749,-0.0064177286899863,0.0038660788766926,-0.0313926359880973,Financial Services,8.0,0.57879453125
2024-08-13,633.2361450195312,645.9166325508435,630.2263858242127,645.7686471524545,3857891,632.2789672851562,672.5161437988281,705.2963338216146,723.2924621582031,733.5651513671875,741.7556783040365,0.785576464270158,-0.0076549217295922,0.0197911983254472,0.0200248953428283,-0.0047529807307915,Financial Services,8.0,0.577672265625
2024-08-14,635.0617065429688,638.7129164116619,623.3680295002478,635.2097521683667,1845937,633.5420654296875,660.3092956542969,696.1847819010417,715.2277526855469,728.5166284179687,736.7591267903646,0.799036932102543,0.0028829079606332,0.0002331200635663,0.0057493781014903,-0.0184134500982224,Financial Services,8.0,0.5771111328125
2024-08-16,649.56787109375,651.5908201350669,637.6768191873551,640.3905474752517,2437248,637.1439208984375,650.5102722167969,689.0369873046875,708.4458984375,723.7167846679688,732.111250813802,0.905995672632637,0.0228421339238783,-0.0141283521351593,0.0031142997234616,-0.0183060961533897,Financial Services,8.0,0.5768305664062501
2024-08-19,659.2879028320312,662.9391127969578,645.7192619171891,654.2551946574823,3232620,643.0549072265625,642.5664489746093,680.931982421875,703.3391540527343,718.8754931640625,728.0028299967448,0.97766467576573,0.0149638431499306,-0.0076335515226815,0.0055381115734756,-0.0205807521365959,Financial Services,8.0,0.5766902832031251
2024-08-20,665.8009033203125,668.0705549024655,649.5678622814592,664.1233138099841,3143214,648.5909057617188,641.4365478515625,673.2447306315104,697.4602325439453,714.7308911132812,724.022694905599,1.025687178671981,0.0098788411865348,-0.0025196564047335,0.0034089043298595,-0.0243812241135451,Financial Services,8.0,0.5766201416015626
2024-08-21,669.9454956054688,673.2019573493913,661.7549224345413,668.5639371782934,2392035,655.9327758789062,644.1058715820312,666.9883544921875,692.9554443359375,709.8205249023438,720.6264221191407,1.056246625952426,0.0062249724572126,-0.0020621952625068,0.0048607860867539,-0.0122257306372739,Financial Services,8.0,0.5765850708007814
2024-08-22,673.3499755859375,676.4584520836214,669.0573749273456,673.794052261338,1492805,663.5904296875,648.5662475585938,661.403006998698,688.0361938476562,704.9002880859375,717.6955952962239,1.0813489808578958,0.00508172680136,0.0006595035145195,0.0046164351531741,-0.006374991927276,Financial Services,8.0,0.5765675354003907
2024-08-23,672.5999755859375,678.8499755859375,670.6500244140625,676.0999755859375,1556763,668.1968505859375,652.6703857421875,656.4057983398437,683.826953125,700.3960888671875,714.4634623209636,1.0758189832408998,-0.0011138338563796,0.0052036873729455,0.0092922988802597,-0.0028991246545561,Financial Services,8.0,0.5765587677001953
2024-08-26,665.8499755859375,675.8499755859375,660.0499877929688,672.0499877929688,2941811,669.5092651367188,656.2820861816406,651.5473876953125,678.076303100586,696.5731762695312,710.6477884928386,1.026049004687937,-0.0100356827906806,0.0093114251473469,0.0150183980876474,-0.0087106525578301,Financial Services,8.0,0.5765543838500977
2024-08-27,684.0999755859375,686.9500122070312,661.9000244140625,665.0499877929688,4318499,673.1690795898437,660.8799926757813,652.0140584309896,673.2258178710938,692.602001953125,707.8039225260417,1.1606122800348369,0.0274085765099567,-0.0278467891723753,0.0041661112743831,-0.0324513257771432,Financial Services,8.0,0.5765521919250489
2024-08-28,674.9000244140625,690.0,671.5,690.0,2289104,674.1599853515625,665.0463806152344,654.1239095052083,668.7812622070312,689.1963525390624,703.8771016438802,1.0927780026255738,-0.0134482553723162,0.0223736480066762,0.0223736480066762,-0.0050378193674157,Financial Services,8.0,0.5765510959625244
2024-08-29,675.9500122070312,681.9000244140625,667.0499877929688,673.9000244140625,1357363,674.6799926757812,669.1352111816407,657.270829264323,664.7222534179688,685.3649536132813,699.8635721842448,1.1005199092828963,0.0015557678989274,-0.0030327505820665,0.0088024441150669,-0.0131666902187089,Financial Services,8.0,0.5765505479812623
2024-08-30,674.4000244140625,683.6500244140625,673.25,677.6500244140625,1790107,675.0400024414063,671.6184265136719,660.1269246419271,661.0643493652344,682.0695629882813,696.1700744628906,1.0890913375475766,-0.0022930509134956,0.0048190982834315,0.013715895114382,-0.0017052555937577,Financial Services,8.0,0.5765502739906312
2024-09-02,675.5999755859375,680.75,670.0999755859375,674.5999755859375,1104837,676.9900024414062,673.2496337890625,663.1847249348958,657.9080413818359,677.85904296875,693.3093139648438,1.0979389737088834,0.0017792869638721,-0.0014801658320557,0.0076228901719481,-0.0081409120763066,Financial Services,8.0,0.5765501369953157
2024-09-03,694.0499877929688,695.2000122070312,678.0,683.5,3808579,678.9800048828125,676.0745422363282,666.913330078125,658.7555450439453,674.3766552734374,690.3316691080729,1.2339770050934538,0.027309077669859,-0.0152006166393244,0.0016569763479421,-0.0231251178953357,Financial Services,8.0,0.5765500684976579
2024-09-04,691.2000122070312,699.7000122070312,680.9500122070312,689.8499755859375,4494906,682.2400024414062,678.1999938964843,670.777587890625,661.1529327392578,671.4730102539063,688.0369608561198,1.2129631941618126,-0.0041062972927933,-0.0019531779474121,0.0122974534865227,-0.0148292821455128,Financial Services,8.0,0.576550034248829
2024-09-05,707.4000244140625,719.5,694.75,695.0,6112607,688.5300048828125,681.6049987792969,675.6001424153645,665.0856231689453,669.4838037109375,685.8924621582031,1.3324112326953954,0.023437517246714,-0.0175290132684592,0.0171048560479762,-0.0178824200982188,Financial Services,8.0,0.5765500171244144
2024-09-06,694.5999755859375,716.0,691.5499877929688,706.9000244140625,2956463,692.5699951171875,683.8049987792969,678.6022827148438,668.2376922607422,667.365478515625,683.8196350097656,1.2380322466727791,-0.0180944987084602,0.0177081043196829,0.0308091349931451,-0.0043909989924717,Financial Services,8.0,0.5765500085622073
2024-09-09,699.9000244140625,705.7999877929688,682.4000244140625,694.5999755859375,2367930,697.4300048828125,687.2100036621093,681.3097574869792,671.746044921875,665.8124340820312,681.1208699544271,1.2771112565254366,0.0076303613798058,-0.0075725798589049,0.0084297230648699,-0.0250035710666685,Financial Services,8.0,0.5765500042811036
2024-09-10,686.6500244140625,705.0,684.0,703.0,2357859,695.9500122070312,687.4650085449218,682.6996988932292,674.1725006103516,666.1944384765625,677.9722147623698,1.1794146319585093,-0.0189312752361918,0.0238112211528565,0.026723913104927,-0.0038593523918153,Financial Services,8.0,0.5765500021405519
2024-09-11,676.2999877929688,696.0,672.0,685.0,2656730,692.9700073242187,687.6050048828125,683.1233317057291,676.3256927490235,667.51634765625,675.0558430989583,1.1031003948245512,-0.0150732341849484,0.0128641318409938,0.0291291033012142,-0.0063581071574484,Financial Services,8.0,0.576550001070276
2024-09-12,703.7000122070312,706.5999755859375,683.0,683.0,4432592,692.2300048828125,690.3800048828125,685.1466674804688,679.7576080322266,670.5144995117188,673.2748372395833,1.305129821111744,0.040514601373097,-0.0294159611310923,0.0041210222091812,-0.0294159611310923,Financial Services,8.0,0.576550000535138
2024-09-13,723.2999877929688,730.7999877929688,703.1500244140625,712.4500122070312,5263604,697.9700073242187,695.2700012207031,688.5266682942708,683.4442138671875,674.1841552734375,672.4662333170573,1.4496469121562934,0.0278527429955068,-0.015000657775544,0.0103691416100877,-0.0278583764951947,Financial Services,8.0,0.576550000267569
2024-09-16,680.75,735.5499877929688,678.0,726.9500122070312,11877313,694.1400024414063,695.7850036621094,689.5200032552083,684.5173187255859,676.2248364257813,670.5336954752604,1.1359118040251983,-0.0588275798577061,0.0678663418391938,0.0804994312052422,-0.0040396621373485,Financial Services,8.0,0.5765500001337844
2024-09-17,674.9000244140625,684.8499755859375,670.0,680.5,4411019,691.7900024414063,693.8700073242187,688.9066731770833,684.9722747802734,677.6960009765625,670.4603658040364,1.0927780026255738,-0.0085934272286999,0.0082974890848452,0.0147428519957655,-0.0072603707761258,Financial Services,8.0,0.57655
2024-09-17,674.9000244140625,684.8499755859375,670.0,680.5,4411019,691.7900024414063,693.8700073242187,688.9066731770833,684.9722747802734,677.6960009765625,670.4603658040364,1.0927780026255738,-0.0085934272286999,0.0082974890848452,0.0147428519957655,-0.0072603707761258,Financial Services,8.0,0.57655
2024-09-17,674.9000244140625,684.8499755859375,670.0,680.5,4411019,691.7900024414063,693.8700073242187,688.9066731770833,684.9722747802734,677.6960009765625,670.4603658040364,1.0927780026255738,-0.0085934272286999,0.0082974890848452,0.0147428519957655,-0.0072603707761258,Financial Services,8.0,0.57655
2024-09-17,674.9000244140625,684.8499755859375,670.0,680.5,4411019,691.7900024414063,693.8700073242187,688.9066731770833,684.9722747802734,677.6960009765625,670.4603658040364,1.0927780026255738,-0.0085934272286999,0.0082974890848452,0.0147428519957655,-0.0072603707761258,Financial Services,8.0,0.57655
2024-09-18,674.5999755859375,686.4500122070312,672.2999877929688,674.9000244140625,3120584,691.45,692.2100036621093,688.886669921875,685.2049987792968,679.3505541992188,671.5052897135416,1.0905656435528888,-0.0004445826304207,0.0004447803720484,0.0175660199376692,-0.0034094098372462,Financial Services,8.0,0.3953
2024-09-19,663.6500244140625,682.25,644.0,679.0,5325417,683.4400024414062,687.8350036621093,688.0666707356771,684.7200012207031,680.4940869140624,672.66875,1.0098280383706355,-0.0162317692975962,0.0231296240808398,0.0280267835480898,-0.0296090163356982,Financial Services,8.0,0.304675
2024-09-20,667.7999877929688,669.75,658.5499877929688,665.0,1992776,672.3400024414062,685.1550048828125,687.6266682942709,684.4800018310547,681.2233715820313,673.876796468099,1.0404270884985978,0.0062532407537696,-0.0041928539145718,0.0029200542717526,-0.0138514527838951,Financial Services,8.0,0.2593625
2024-09-23,680.75,683.4000244140625,666.5999755859375,669.0999755859375,2433332,672.3400024414062,683.2400024414062,687.9700032552083,685.2250030517578,682.08185546875,675.5773640950521,1.1359118040251983,0.0193920521769251,-0.0171135136453359,0.0038928011958319,-0.0207859337701983,Financial Services,8.0,0.23670625
2024-09-24,685.9500122070312,689.8499755859375,681.5499877929688,682.0,2218270,674.55,683.1700012207032,687.4300048828125,685.3175048828125,682.8878198242187,677.1716674804687,1.1742532108428414,0.0076386517914524,-0.0057584548972047,0.0056854921051143,-0.0064144971729142,Financial Services,8.0,0.2253781249999999
2024-09-25,665.0999755859375,687.4000244140625,660.0499877929688,685.5999755859375,3717511,672.65,682.05,685.6900024414062,684.8275024414063,682.6939990234375,678.2337951660156,1.020519007070941,-0.030395854289745,0.0308224338482947,0.0335288673082256,-0.0075928251065109,Financial Services,8.0,0.2197140624999999
2024-09-26,666.4500122070312,667.5499877929688,656.7999877929688,665.9500122070312,1965881,673.2099975585937,678.325,682.9600016276041,684.3525024414063,682.4180004882812,679.2800720214843,1.0304732728009485,0.0020298250949481,-0.0007502438155027,0.001650499761107,-0.0144797422722001,Financial Services,8.0,0.21688203125
2024-09-27,664.0,671.3499755859375,663.0499877929688,667.0,1474940,672.45,672.3950012207031,680.9200032552084,683.8325012207031,682.0740014648437,679.761142985026,1.0124085239122902,-0.0036762130124624,0.0045180722891566,0.0110692403402672,-0.0014307412756494,Financial Services,8.0,0.215466015625
2024-09-30,662.4500122070312,670.5499877929688,659.25,664.0,1207831,668.7900024414063,670.5650024414062,678.4233357747396,683.1750030517578,681.9380029296875,679.8665466308594,1.0009799521769704,-0.0023343189653143,0.002339780759917,0.0122273008327851,-0.0048305715873866,Financial Services,8.0,0.2147580078124999
2024-10-01,659.25,668.75,657.5,664.4000244140625,1014301,663.45,669.0,676.5966674804688,681.4350036621094,680.94400390625,679.648183186849,0.9773852056713164,-0.0048305715873866,0.0078119445036974,0.0144103147516116,-0.0026545316647705,Financial Services,8.0,0.2144040039062499
2024-10-03,636.5999755859375,655.9000244140625,630.0499877929688,654.9000244140625,2143072,657.75,665.2,673.95,678.7050018310547,679.412001953125,678.5366658528645,0.8103790976250973,-0.0343572611514031,0.0287465434023639,0.0303173885772787,-0.0102890167203353,Financial Services,8.0,0.214227001953125
2024-10-04,634.8499755859375,643.75,627.6500244140625,633.25,3148592,651.4299926757812,662.3199951171875,669.3599975585937,675.0774993896484,677.7680004882812,677.2533325195312,0.7974757698521069,-0.0027489790561007,-0.0025202420216852,0.0140190986159338,-0.0113411852386539,Financial Services,8.0,0.2141385009765625
2024-10-07,607.5,637.8499755859375,601.0,637.0,3979196,640.1299926757813,656.2899963378907,661.6399983723958,670.7225006103515,675.0919995117188,675.0833333333334,0.5958153700986002,-0.0430810059663225,0.0485596707818929,0.0499588075488683,-0.0106995884773662,Financial Services,8.0,0.2140942504882812
2024-10-08,615.25,617.9000244140625,604.8499755859375,608.2999877929688,1256006,630.689990234375,649.7399963378906,657.2733317057292,666.4899993896485,672.6780004882812,673.3966674804688,0.6529586788075576,0.0127572016460905,-0.0112962408891202,0.0043072318798251,-0.0169037373654002,Financial Services,8.0,0.2140721252441406
2024-10-09,617.2000122070312,628.2000122070312,615.0999755859375,622.0,1151776,622.2799926757813,642.8649963378906,653.4266642252604,663.0174987792968,669.6040014648438,671.1666687011718,0.6673367626182186,0.0031694631564912,0.0077770377479491,0.0178224234971502,-0.0034025220018779,Financial Services,8.0,0.2140610626220703
2024-10-10,616.0999755859375,624.9000244140625,613.5499877929688,620.0999755859375,826195,618.1799926757812,637.9649963378906,649.5266642252604,660.0074981689453,666.6,669.2066670735677,0.6592258294272098,-0.0017823016839551,0.006492452781216,0.0142834753722491,-0.0041389188346316,Financial Services,8.0,0.2140555313110351
2024-10-11,619.5,621.6500244140625,613.7999877929688,617.0499877929688,566594,615.1099975585937,633.2699951171875,646.583329264323,655.7974975585937,663.0839990234375,667.325,0.6842953319705344,0.0055186244908205,-0.0039548219645378,0.0034705801679781,-0.0092009882276533,Financial Services,8.0,0.2140527656555175
2024-10-14,617.75,623.5999755859375,613.6500244140625,622.5,754905,617.1599975585938,628.6449951171875,643.2466634114584,650.5199981689453,660.01,665.4366658528646,0.671392004197544,-0.0028248587570621,0.007689194658033,0.0094698107421085,-0.0066369495523067,Financial Services,8.0,0.2140513828277587
2024-10-15,625.9500122070312,627.9000244140625,617.75,620.0,1311955,619.3,624.9949951171875,639.593330891927,647.7799987792969,657.0519995117188,663.7816670735677,0.7318534014831706,0.0132739979069708,-0.0095055708778599,0.0031152842383623,-0.0131001071125773,Financial Services,8.0,0.2140506914138794
2024-10-16,626.0999755859375,633.5,623.25,628.0,884581,621.0799926757812,621.6799926757812,635.6033284505208,645.3399963378906,654.6299975585938,661.5166666666667,0.7329591309871549,0.0002395772441596,0.0030346981123652,0.0118192376658969,-0.0045519496838669,Financial Services,8.0,0.2140503457069397
2024-10-17,611.7999877929688,628.5999755859375,610.0999755859375,627.0,1408387,620.2199951171875,619.1999938964843,632.0499959309896,642.1999969482422,652.0499975585938,658.8699991861979,0.627520599762905,-0.0228397833422466,0.0248447409452627,0.0274599348286581,-0.0027787058531398,Financial Services,8.0,0.2140501728534698
2024-10-18,618.5999755859375,619.9000244140625,601.2999877929688,611.7999877929688,956834,620.039990234375,617.5749938964843,628.8599934895833,639.9474945068359,648.64599609375,655.9099975585938,0.6776591548171961,0.0111147236493078,-0.0109925445543831,0.0021015985765171,-0.0279663570574542,Financial Services,8.0,0.2140500864267349
2024-10-21,607.75,623.8499755859375,604.25,620.0499877929688,1393400,618.039990234375,617.5999938964844,625.1099934895833,636.9449951171875,644.0239965820313,653.0149983723958,0.5976587026375988,-0.0175395667865334,0.0202385648588543,0.0264911157316947,-0.0057589469354175,Financial Services,8.0,0.2140500432133674
2024-10-22,587.5499877929688,612.9000244140625,584.5499877929688,609.0,2188291,610.3599853515625,614.8299926757812,620.1166585286459,632.2849945068359,640.29599609375,649.2699971516927,0.448717343480038,-0.0332373709700226,0.036507552808578,0.0431453274576973,-0.0051059485360028,Financial Services,8.0,0.21405
2024-10-22,587.5499877929688,612.9000244140625,584.5499877929688,609.0,2188291,610.3599853515625,614.8299926757812,620.1166585286459,632.2849945068359,640.29599609375,649.2699971516927,0.448717343480038,-0.0332373709700226,0.036507552808578,0.0431453274576973,-0.0051059485360028,Financial Services,8.0,0.21405
2024-10-23,600.5999755859375,610.1500244140625,580.1500244140625,587.0,3069525,605.2599853515625,613.1699890136719,616.2066569010417,628.0174926757812,637.323994140625,646.4016621907552,0.5449392120092947,0.0222108553554546,-0.0226439829150334,0.015900847846036,-0.0340492041344562,Financial Services,8.0,0.4135999999999999
2024-10-24,600.25,609.8499755859375,595.25,600.5999755859375,1472019,602.9499877929687,611.5849914550781,613.7833251953125,624.7749938964844,634.3499951171875,643.8666625976563,0.5423587264676399,-0.0005827099569827,0.0005830497058516,0.0159932954367971,-0.0083298625572677,Financial Services,8.0,0.5133749999999999
2024-10-25,598.25,610.5999755859375,588.5,601.5,2102682,598.8799926757813,609.4599914550781,611.3433268229167,621.3649932861329,631.733994140625,640.3516621907552,0.5276120661556509,-0.0033319450229071,0.0054325114918512,0.0206435028599039,-0.0162975344755537,Financial Services,8.0,0.5632625
2024-10-28,618.4500122070312,627.4000244140625,592.0,600.25,3084307,601.0199951171875,609.5299926757813,612.0733276367188,619.0874938964844,629.7599951171875,636.8566630045573,0.6765534253132117,0.0337651687539176,-0.0294284288912564,0.0144716824810009,-0.0427682297436464,Financial Services,8.0,0.58820625
2024-10-29,637.4500122070312,642.8499755859375,610.6500244140625,625.0,3947335,611.0,610.6799926757812,613.5533284505208,617.8374938964844,628.0279956054687,635.413330078125,0.8166466982771076,0.0307219655994437,-0.0195309623791923,0.0084711950356861,-0.0420424931833943,Financial Services,8.0,0.600678125
2024-10-30,633.0,657.5999755859375,630.5,642.4000244140625,4990391,617.4800048828125,611.3699951171875,614.6066609700521,616.5249938964844,625.9099951171875,634.0166625976562,0.7838352890764603,-0.006980958697646,0.0148499595798776,0.0388625206728869,-0.0039494470774091,Financial Services,8.0,0.6069140625
2024-10-31,631.0499877929688,636.0,621.4500122070312,633.0,1536695,623.6400024414063,613.2949951171875,615.6033284505208,616.2474945068359,624.5479956054687,632.5649963378906,0.7694572052657994,-0.0030805880047887,0.003090107352432,0.0078440889038653,-0.0152127022765857,Financial Services,8.0,0.61003203125
2024-11-01,634.0499877929688,637.4500122070312,627.4500122070312,629.9500122070312,194439,630.8,614.8399963378906,616.5733276367188,616.2074951171875,623.2519946289062,631.5783284505209,0.7915771957337829,0.0047539815514333,-0.0064663286253011,0.0053623917349125,-0.010409235412039,Financial Services,8.0,0.611591015625
2024-11-04,622.8499755859375,637.7999877929688,612.9000244140625,637.7999877929688,1041101,631.6799926757812,616.3499938964844,616.9133260091146,616.9749938964844,621.6059936523437,630.0799947102864,0.7089958079801727,-0.0176642416570604,0.0240025893763056,0.0240025893763056,-0.0159748760727087,Financial Services,8.0,0.6123705078124999
2024-11-05,632.0999755859375,634.7999877929688,608.1500244140625,622.8499755859375,2571586,630.6099853515625,620.8049926757812,617.3233235677084,617.8174926757813,620.3919921875,628.4583272298177,0.777199111923122,0.014851088323955,-0.0146337610461471,0.0042714955091216,-0.0378894986503901,Financial Services,8.0,0.61276025390625
2024-11-06,634.4500122070312,639.3499755859375,628.8499755859375,634.0,956131,630.8999877929688,624.1899963378906,617.8799926757813,618.6799926757812,619.3999926757813,626.7416605631511,0.794526707809124,0.0037178242554357,-0.0007092949773391,0.0077231669708082,-0.0088266002259392,Financial Services,8.0,0.612955126953125
2024-11-07,638.7000122070312,644.2000122070312,631.3499755859375,633.0499877929688,1774477,632.4299926757812,628.0349975585938,619.6733276367188,619.8099945068359,619.483994140625,625.8616617838542,0.8258633609721007,0.0066987152939216,-0.0088461316832276,0.0086112414198877,-0.0115078072344099,Financial Services,8.0,0.6130525634765625
2024-11-08,635.0,641.9500122070312,631.25,640.5999755859375,2190023,632.6199951171875,631.7099975585937,620.7666625976562,620.584994506836,619.4899951171875,624.8133280436198,0.7985819493884494,-0.005793036067505,0.0088188591904527,0.010944901113435,-0.0059055118110236,Financial Services,8.0,0.6131012817382813
2024-11-11,625.9500122070312,632.4000244140625,620.25,630.9000244140625,1469847,633.2400024414062,632.4599975585937,621.9799967447917,620.9949951171875,620.2279956054688,623.5449951171875,0.7318534014831706,-0.0142519492802657,0.0079079992179855,0.0103043567077971,-0.0091061779628913,Financial Services,8.0,0.6131256408691406
2024-11-12,616.9500122070312,638.4000244140625,612.5499877929688,628.0,2155005,630.210009765625,630.4099975585938,623.9399983723958,620.5449951171875,620.29599609375,622.0283284505208,0.66549343007922,-0.0143781449388697,0.0179106695426414,0.0347678284830526,-0.0071318977664368,Financial Services,8.0,0.6131378204345703
2024-11-13,606.8499755859375,619.3499755859375,601.4500122070312,615.7000122070312,2156821,624.6900024414062,627.7949951171875,624.3566650390625,619.5824951171875,619.8819946289062,620.281660970052,0.5910225254842605,-0.0163709156678069,0.0145835659176696,0.0205981717111065,-0.0088983498329918,Financial Services,8.0,0.6131439102172851
2024-11-14,608.1500244140625,617.2999877929688,605.0499877929688,606.8499755859375,1130270,618.5800048828125,625.5049987792969,624.8833333333333,619.3999969482422,619.5639965820312,619.333329264323,0.6006082147129399,0.0021422903195633,-0.0021377107225762,0.015045569368713,-0.0050974866342898,Financial Services,8.0,0.6131469551086426
2024-11-18,611.1500244140625,618.5499877929688,602.0,608.1500244140625,1026308,613.810009765625,623.2150024414062,625.7433349609375,619.0274993896485,619.2299975585937,618.5433308919271,0.6227282051809234,0.0049329933068578,-0.0049087783361806,0.0121082599743016,-0.0149718138730912,Financial Services,8.0,0.6131484775543212
2024-11-19,616.4500122070312,625.4000244140625,612.0999755859375,614.5,1439885,611.910009765625,622.5750061035156,625.6100016276042,619.4625,619.177998046875,618.8416646321615,0.6618067650012227,0.0086721550867155,-0.0031632933221134,0.0145186341630332,-0.007056592643286,Financial Services,8.0,0.61315
2024-11-19,616.4500122070312,625.4000244140625,612.0999755859375,614.5,1439885,611.910009765625,622.5750061035156,625.6100016276042,619.4625,619.177998046875,618.8416646321615,0.6618067650012227,0.0086721550867155,-0.0031632933221134,0.0145186341630332,-0.007056592643286,Financial Services,8.0,0.61315
2024-11-21,611.25,614.6500244140625,600.3499755859375,613.1500244140625,1113675,610.7700073242188,620.4900085449219,623.8633341471354,620.6475006103516,618.5899975585937,618.7083312988282,0.6234653581835796,-0.0084354158553976,0.0031084243992842,0.0055624121293456,-0.0178323507796523,Financial Services,8.0,0.556575
2024-11-22,617.4500122070312,618.5499877929688,606.2999877929688,614.0,1018524,612.8900146484375,618.7900085449219,622.8266682942708,621.4900024414062,618.2439990234375,618.7166646321615,0.6691800951572172,0.0101431692548568,-0.0055875166229237,0.0017814811955476,-0.0180581815428386,Financial Services,8.0,0.5282875
2024-11-25,627.5,634.4000244140625,624.5,629.9000244140625,1043306,616.760009765625,617.6700073242188,622.5900024414062,622.8525024414063,618.8719995117187,619.0966654459636,0.7432819732184904,0.0162766014969305,0.0038247401020916,0.0109960548431276,-0.0047808764940239,Financial Services,8.0,0.51414375
2024-11-26,621.5,633.4000244140625,620.0,627.5,1951915,618.8300048828125,616.3200073242188,621.7533365885416,624.0150024414063,618.9880004882813,619.1633321126302,0.6990419922825234,-0.0095617529880478,0.0096540627514079,0.0191472637394409,-0.0024135156878519,Financial Services,8.0,0.5070718750000001
2024-11-27,627.5499877929688,628.9500122070312,619.5999755859375,622.9500122070312,910998,621.05,616.4800048828125,622.0666707356771,624.4700012207031,619.78,619.4899983723958,0.7436505497198186,0.0097344936330953,-0.0073300544584745,0.0022309368835879,-0.0126683329801194,Financial Services,8.0,0.5035359375
2024-11-28,634.7000122070312,639.6500244140625,627.0,628.9000244140625,1570957,625.7400024414062,618.2550048828125,622.2400065104167,624.3325012207031,621.6660009765625,619.7816650390625,0.7963700403481226,0.0113935535863978,-0.0091381561074822,0.0077989792214099,-0.0121317347706614,Financial Services,8.0,0.5017679687500001
2024-11-29,638.7999877929688,639.9500122070312,630.9500122070312,638.0,831686,630.0099975585938,621.4500061035156,622.5300048828125,624.6225006103516,623.1940014648437,620.2049987792968,0.8266005139747569,0.0064597061715513,-0.0012523290674013,0.0018002887226653,-0.0122886282654119,Financial Services,8.0,0.500883984375
2024-12-02,626.8499755859375,639.0,623.8499755859375,639.0,1028942,629.8799926757813,623.3200012207031,621.7400024414062,624.4125,624.2580004882813,620.7066650390625,0.7384891286041508,-0.0187069699990416,0.0193826671249455,0.0193826671249455,-0.0047858341179575,Financial Services,8.0,0.5004419921875001
2024-12-03,635.3499755859375,643.9500122070312,626.8499755859375,626.8499755859375,1006739,632.6499877929688,625.7399963378906,621.7633341471354,624.4774993896484,625.7419995117187,621.2649983723958,0.8011624349301042,0.0135598633342128,-0.0133784533353622,0.0135359045432599,-0.0133784533353622,Financial Services,8.0,0.50022099609375
2024-12-04,638.25,645.0,634.0999755859375,639.0,1077571,634.789990234375,627.9199951171875,622.5833333333334,625.2475006103516,626.5339990234374,622.2816650390625,0.8225452723954315,0.0045644519170525,0.0011750881316099,0.0105757931844887,-0.0065021925798081,Financial Services,8.0,0.500110498046875
2024-12-05,638.7000122070312,642.4000244140625,632.0999755859375,642.4000244140625,891937,635.589990234375,630.6649963378907,624.0333333333333,625.5775024414063,626.5839990234375,623.9866658528646,0.8258633609721007,0.0007050720047493,0.0057930360675051,0.0057930360675051,-0.0103335470407888,Financial Services,8.0,0.5000552490234376
2024-12-06,641.25,648.9000244140625,634.5499877929688,639.9000244140625,1071453,636.0799926757812,633.0449951171875,626.3266682942708,625.9175018310547,626.9139990234376,625.3416666666667,0.844665262863415,0.0039924655460037,-0.0021052250852826,0.0119298626340156,-0.010448362116228,Financial Services,8.0,0.5000276245117188
2024-12-09,630.1500244140625,643.9000244140625,628.9500122070312,641.25,824080,636.7400024414062,633.3099975585938,627.7933349609375,625.4900024414062,626.8780004882813,626.3383341471355,0.7628214781448193,-0.0173099034478557,0.0176148141805734,0.0218202006939303,-0.0019043277958246,Financial Services,8.0,0.5000138122558594
2024-12-10,630.4500122070312,635.0,623.2999877929688,632.0,640264,635.760009765625,634.2049987792968,629.080000813802,625.2625030517578,626.7340014648438,627.4116678873698,0.7650333871851459,0.0004760577344223,0.0024585419350577,0.0072170476720914,-0.0113411440647486,Financial Services,8.0,0.5000069061279298
2024-12-11,636.8499755859375,641.7999877929688,630.4500122070312,630.5,1278597,635.4800048828125,635.1349975585938,630.4399983723958,625.8075012207031,627.2940014648437,628.025,0.8122224301640959,0.0101514208184432,-0.009970912819923,0.0077726503835962,-0.0100494050785162,Financial Services,8.0,0.5000034530639649
2024-12-12,632.2999877929688,639.9000244140625,630.8499755859375,638.0,639651,634.2,634.8949951171875,631.843330891927,626.575,627.302001953125,627.8533325195312,0.7786738679607925,-0.0071445206365635,0.0090147276879239,0.012019669093497,-0.0022932345959589,Financial Services,8.0,0.5000017265319825
2024-12-13,624.3499755859375,631.25,609.2000122070312,630.0499877929688,1514800,630.8199951171875,633.4499938964843,632.3033284505208,627.45,626.8980004882812,627.5649983723958,0.7200558032141645,-0.0125731652071995,0.0091295145830381,0.0110515330886127,-0.0242651781393734,Financial Services,8.0,0.5000008632659912
2024-12-16,625.9500122070312,635.5499877929688,621.0999755859375,624.9500122070312,913845,629.9799926757812,633.3599975585937,632.1999959309895,628.3399993896485,626.3880004882812,627.3949991861979,0.7318534014831706,0.0025627239267402,-0.0015975716598743,0.01533664893158,-0.0077482810552124,Financial Services,8.0,0.5000004316329956
2024-12-17,604.8499755859375,627.4500122070312,602.5,625.0499877929688,2426995,624.8599853515625,630.3099975585938,631.0899943033854,628.0249969482422,625.1819995117188,626.4216654459635,0.5762758651722715,-0.0337088205281717,0.0333967314580163,0.0373646979140578,-0.0038852206014574,Financial Services,8.0,0.5000002158164978
2024-12-18,598.9500122070312,610.0,593.9000244140625,608.7999877929688,2950682,617.2799926757813,626.3799987792969,629.1833292643229,627.1499969482422,624.1019995117188,625.625,0.5327734872713187,-0.0097544244309355,0.0164454051009064,0.018448931576529,-0.0084314011020057,Financial Services,8.0,0.5000001079082489
2024-12-19,591.8499755859375,594.5,584.0,588.0499877929688,1272910,609.189990234375,621.6949951171875,626.32666015625,626.1799957275391,623.097998046875,624.2833333333333,0.4804225731443428,-0.0118541388703396,-0.0064205253860266,0.0044775272845773,-0.0132634551148979,Financial Services,8.0,0.5000000539541245
2024-12-20,582.25,601.9500122070312,577.4500122070312,592.5,2125670,600.7699951171875,615.7949951171875,622.5566609700521,624.4199951171875,622.1139990234375,622.5433329264323,0.4096387836597387,-0.0162202855148104,0.017604121940747,0.033834284597735,-0.0082438605289286,Financial Services,8.0,0.5000000269770623
2024-12-23,583.25,587.4000244140625,577.0999755859375,583.5499877929688,1457232,592.2299926757812,611.1049926757812,619.6499959309896,622.2074951171875,621.117998046875,620.694999186198,0.4170121138157332,0.0017174753112924,0.0005143382648413,0.0071153440446849,-0.0105444053391555,Financial Services,8.0,0.5000000134885312
2024-12-24,585.0499877929688,593.2000122070312,583.0999755859375,585.0,701040,588.2699951171875,606.564990234375,616.2966634114583,620.3849945068359,620.0739965820312,619.0299987792969,0.4302840180900517,0.0030861342356943,-8.544191780490706e-05,0.0139304753168314,-0.0033330693918778,Financial Services,8.0,0.5000000067442656
2024-12-26,588.2000122070312,589.8499755859375,581.5,585.5499877929688,1207304,586.1199951171875,601.6999938964843,612.9599975585937,618.4174957275391,618.9439965820312,617.7716654459635,0.4535101880943777,0.0053841970426246,-0.0045053117291159,0.0028051059922886,-0.0113907039578112,Financial Services,8.0,0.5000000033721328
2024-12-27,596.5999755859375,604.5,588.8499755859375,591.0,1065043,587.0699951171875,598.1299926757813,610.1533284505208,616.5124938964843,618.3579956054688,617.093330891927,0.5154458913853167,0.0142807942954439,-0.0093864830960437,0.0132417444474477,-0.0129902787749672,Financial Services,8.0,0.5000000016860664
2024-12-30,590.7999877929688,602.8499755859375,587.5999755859375,596.5999755859375,1115570,588.7799926757813,594.7749938964844,606.7899943033855,614.1124938964844,617.2919946289062,616.5583312988281,0.4726806664870202,-0.0097217365576866,0.0098171765619623,0.0203960528807447,-0.0054164053370844,Financial Services,8.0,0.5000000008430332
2024-12-31,598.0499877929688,599.4000244140625,585.75,590.0,660447,591.739990234375,591.9849914550781,604.6499918619792,612.672494506836,616.113994140625,616.2216634114583,0.5261373101179804,0.0122714965297876,-0.0134603928723019,0.002257397623359,-0.0205668222456794,Financial Services,8.0,0.5000000004215166
2025-01-01,600.2999877929688,604.3499755859375,595.6500244140625,598.3499755859375,777096,594.789990234375,591.5299926757813,602.639990234375,610.9199951171875,615.2659936523437,615.8599955240885,0.5427273029689681,0.0037622273153174,-0.0032483962130344,0.0067466064889634,-0.0077460660893932,Financial Services,8.0,0.5
2025-01-01,600.2999877929688,604.3499755859375,595.6500244140625,598.3499755859375,777096,594.789990234375,591.5299926757813,602.639990234375,610.9199951171875,615.2659936523437,615.8599955240885,0.5427273029689681,0.0037622273153174,-0.0032483962130344,0.0067466064889634,-0.0077460660893932,Financial Services,8.0,0.5
2025-01-02,606.0499877929688,608.0499877929688,597.0,599.8499755859375,1316441,598.3599853515625,592.239990234375,600.5866577148438,609.3099945068359,614.4059936523438,615.5133280436198,0.5851239513659365,0.0095785442560812,-0.0102301993761432,0.0033000578174802,-0.0149327414821437,Financial Services,8.0,0.5
2025-01-03,609.4500122070312,617.5,607.0,608.4500122070312,883434,600.9299926757812,593.9999938964844,599.0633260091146,607.8474945068359,613.3959936523438,615.4533284505209,0.6101934539092612,0.0056101385736253,-0.0016408236606291,0.0132086104384787,-0.004020037998127,Financial Services,8.0,0.5
2025-01-06,594.2999877929688,611.6500244140625,590.1500244140625,610.0,2364439,601.6299926757813,595.2049926757812,597.0599934895833,605.4999938964844,611.6159936523437,614.6816609700521,0.4984873220330009,-0.0248585185177025,0.0264176552742931,0.0291940719795837,-0.0069829437391002,Financial Services,8.0,0.5
2025-01-07,585.1500244140625,598.25,579.4500122070312,594.9500122070312,1887588,599.05,595.3949951171875,594.3399943033854,603.2499938964844,609.9479956054688,613.2699951171875,0.431021621125066,-0.0153962032085616,0.0167478208734279,0.0223873793717348,-0.0097411124826303,Financial Services,8.0,0.5
2025-01-08,582.8499755859375,590.0999755859375,576.2999877929688,587.9000244140625,1739749,595.5599975585938,595.1749938964844,592.8733276367187,600.8699920654296,607.8479956054688,611.9816609700521,0.4140626017403921,-0.0039306993628311,0.0086644060043894,0.0124388784484577,-0.0112378623442234,Financial Services,8.0,0.5
2025-01-09,573.4500122070312,587.4000244140625,565.7000122070312,584.0499877929688,2416674,589.0400024414063,593.6999938964843,591.1733276367188,597.6999938964843,605.25599609375,610.1783284505208,0.3447535682934586,-0.0161275864676094,0.0184845677222003,0.024326465969269,-0.0135146914901486,Financial Services,8.0,0.5
