Price,Close,High,Low,Open,Volume,MA_5,MA_10,MA_15,MA_20,MA_25,MA_30,Normalised Close,Return Ratio,Percentage Change Open,Percentage Change High,Percentage Change Low,Sector,Sector Encoded,VADER Sentiment Score
Ticker,NMDC.NS,NMDC.NS,NMDC.NS,NMDC.NS,NMDC.NS,,,,,,,,,,,,,,
Date,,,,,,,,,,,,,,,,,,,
2023-01-10,36.322025299072266,36.897626277282626,36.189192485135145,36.57292872266124,16783131,,,,,,,-1.1387970623543051,,0.0069077487150857,0.0158471608747285,-0.003657087203794,Metals & Mining,12.0,0.5
2023-01-11,37.901241302490234,38.063591760071,36.4400973184992,36.52865027095492,53624364,,,,,,,-1.0537541166920454,0.0434781923754209,-0.0362149360908961,0.0042835129405141,-0.0385513490792986,Metals & Mining,12.0,0.5
2023-01-12,37.930763244628906,38.16690785597247,37.39943871362564,38.16690785597247,27810552,,,,,,,-1.0521643196562318,0.0007789175532024,0.0062256751813978,0.0062256751813978,-0.0140077468933742,Metals & Mining,12.0,0.5
2023-01-13,38.6982307434082,38.9048576737809,37.97503479806447,38.122626427781704,30806244,,,,,,,-1.0108351432452936,0.0202333787440455,-0.0148741765338857,0.0053394412716889,-0.018688088097333,Metals & Mining,12.0,0.5
2023-01-16,37.65034103393555,38.639195931180595,37.38467877632336,38.34401602028693,27673113,37.70052032470703,,,,,,-1.067265439943052,-0.0270784914282199,0.0184241355403964,0.0262641684003275,-0.0070560385461776,Metals & Mining,12.0,0.5
2023-01-17,37.16328811645508,37.81268653757213,36.941902367848776,37.81268653757213,13825260,37.86877288818359,,,,,,-1.0934939069205196,-0.0129362152932817,0.0174741917098963,0.0174741917098963,-0.0059571087443222,Metals & Mining,12.0,0.5
2023-01-18,37.901241302490234,38.03407410925242,37.10425459615293,37.16328989779007,23815269,37.86877288818359,,,,,,-1.0537541166920454,0.0198570477327706,-0.0194703756220162,0.0035047086110464,-0.0210279842809513,Metals & Mining,12.0,0.5
2023-01-18,37.901241302490234,38.03407410925242,37.10425459615293,37.16328989779007,23815269,37.86877288818359,,,,,,-1.0537541166920454,0.0198570477327706,-0.0194703756220162,0.0035047086110464,-0.0210279842809513,Metals & Mining,12.0,0.5
2023-01-19,38.12262725830078,38.225939036698556,37.56178175561987,37.75364986500864,20211168,37.90714569091797,,,,,,-1.0418321796235033,0.00584112678642,-0.0096786979237324,0.002709985796566,-0.0147116172996391,Metals & Mining,12.0,0.5740000000000001
2023-01-20,37.620819091796875,38.40304694881698,37.50274511405277,38.078349421658075,16840650,37.691663360595705,,,,,,-1.0688552369788658,-0.0131630006270001,0.0121616259535657,0.0207924196204081,-0.0031385275651759,Metals & Mining,12.0,0.611
2023-01-23,37.01570129394531,38.15214783382834,36.956665987478374,37.72413510578525,15854322,37.564735412597656,37.63262786865234,,,,,-1.1014416595395395,-0.0160846523935335,0.0191387380780441,0.0307017427782441,-0.0015948720246614,Metals & Mining,12.0,0.6295
2023-01-24,36.73527908325195,37.207568276657234,36.440099181893345,37.207568276657234,15138303,37.47913360595703,37.67395324707032,,,,,-1.1165427798263596,-0.0075757638215874,0.0128565565633773,0.0128565565633773,-0.0080353248627743,Metals & Mining,12.0,0.6387499999999999
2023-01-25,36.55816650390625,37.045214479680325,36.33678075327454,36.72051695519043,21135546,37.21051864624023,37.53964576721192,,,,,-1.1260805349078682,-0.0048213211867621,0.0044408805695119,0.0133225493056943,-0.0060557126301193,Metals & Mining,12.0,0.643375
2023-01-27,36.29250717163086,36.897625794333855,35.65786751882251,36.67624002605553,13331811,36.84449462890625,37.37582015991211,,,,,-1.1403866539634442,-0.0072667575450482,0.0105733354989767,0.0166733761280621,-0.0174867955472757,Metals & Mining,12.0,0.6456875
2023-01-30,36.13015365600586,37.148529455309905,35.87925025689117,36.46961338180002,25619268,36.54636154174805,37.11901245117188,,,,,-1.1491296132403832,-0.004473472027083,0.0093954686444499,0.0281863124358665,-0.0069444321079709,Metals & Mining,12.0,0.6468437499999999
2023-01-31,36.351539611816406,37.03045568917791,36.189189160381694,36.44009593899828,19118064,36.41352920532226,36.98913230895996,37.22626164754232,,,,-1.137207676171841,0.006127456802934,0.0024361093952975,0.018676405032947,-0.0044661231179858,Metals & Mining,12.0,0.647421875
2023-02-01,35.702144622802734,36.88287099304043,35.06750495886771,36.86810878868957,21145560,36.20690231323242,36.843017959594725,37.18493626912435,,,,-1.1721784861462234,-0.0178643049496197,0.0326580987838511,0.0330715810692103,-0.0177759535355667,Metals & Mining,12.0,0.6477109375000001
2023-02-02,35.30364227294922,36.05635576982897,34.91990949097404,35.65786078654887,14346432,35.955997467041016,36.583258056640624,37.01176300048828,,,,-1.1936383837229487,-0.0111618602765671,0.0100334835386395,0.0213211285980117,-0.0108694955327373,Metals & Mining,12.0,0.64785546875
2023-02-03,35.023231506347656,35.71690653531017,34.38859178757452,35.64311239757345,14350224,35.702142333984376,36.27331848144532,36.817927551269534,,,,-1.2087388877297447,-0.0079428282338001,0.0176991346761774,0.0198061400712494,-0.0181205357551919,Metals & Mining,12.0,0.6479277343750001
2023-02-06,35.14130401611328,35.451242759556685,34.860879548435165,35.023230022657394,9293625,35.50437240600586,36.02536697387696,36.5807991027832,,,,-1.2023805212931888,0.0033712625787893,-0.0033599775751561,0.0088197849260598,-0.0079799106928284,Metals & Mining,12.0,0.6479638671875001
2023-02-07,34.74280548095703,35.31840642988485,34.1672011539506,35.31840642988485,16621209,35.18262557983398,35.79807739257812,36.3869633992513,36.71535263061524,,,-1.2238402134432396,-0.0113398903744017,0.0165674861589204,0.0165674861589204,-0.016567583389946,Metals & Mining,12.0,0.64798193359375
2023-02-08,35.5545539855957,35.74641871431894,34.66901095609722,34.919914364044644,11202993,35.153107452392575,35.6800048828125,36.27971445719401,36.676979064941406,,,-1.180126444191918,0.0233645065043351,-0.0178497421682795,0.0053963475058911,-0.0249065993025041,Metals & Mining,12.0,0.6479909667968751
2023-02-09,35.3922004699707,36.012077834572935,35.20033237975448,35.687380328261206,8108844,35.17081909179687,35.563408279418944,36.11244506835938,36.55152702331543,,,-1.1888694034688572,-0.0045663212563649,0.0083402516478441,0.0175145189157757,-0.005421196977538,Metals & Mining,12.0,0.6479954833984376
2023-02-10,35.0675048828125,35.39220581625123,34.91991662041198,35.39220581625123,6569625,35.179673767089845,35.44090805053711,35.90877024332682,36.40836410522461,,,-1.206354705742711,-0.009174213042608,0.0092593109924359,0.0092593109924359,-0.004208690150432,Metals & Mining,12.0,0.6479977416992189
2023-02-13,34.91991424560547,35.42172105979833,34.801840265636145,35.11178235175652,12069636,35.13539581298828,35.31988410949707,35.7287099202474,36.21944828033448,,,-1.2143026637884058,-0.0042087578714324,0.0054945182511492,0.0143702189720014,-0.0033812792075852,Metals & Mining,12.0,0.6479988708496094
2023-02-14,34.22624206542969,35.185579294911335,33.69491418014723,35.09702295832484,24105294,35.032083129882814,35.1073543548584,35.542745971679686,36.04824333190918,36.37869873046875,,-1.2516578611764966,-0.0198646587530803,0.0254419077394034,0.0280292889779631,-0.0155239913358506,Metals & Mining,12.0,0.6479994354248046
2023-02-15,34.9051513671875,35.61358847714438,34.18195881035822,34.24099411016179,37758987,34.90220260620117,35.027655029296874,35.42073745727539,35.9353364944458,36.32202377319336,,-1.21509766501965,0.0198359288308647,-0.0190274853714013,0.0202960618191974,-0.0207187915967359,Metals & Mining,12.0,0.6479997177124024
2023-02-16,35.87925338745117,35.98256516983326,34.97895148580655,35.09702209424322,23567544,34.999613189697264,35.08521614074707,35.37547658284505,35.83423709869385,36.2411442565918,,-1.1626409364913897,0.0279071134806587,-0.0218017717582031,0.0028794295485039,-0.0250925483850649,Metals & Mining,12.0,0.6479998588562013
2023-02-17,35.77593994140625,36.528650169423535,35.56930963009336,35.9235281950889,23923602,35.141300201416016,35.16048698425293,35.34103876749675,35.71690273284912,36.15495132446289,,-1.168204507123376,-0.0028794759168833,0.0041253494366428,0.0210395653964667,-0.0057756780576921,Metals & Mining,12.0,0.6479999294281007
2023-02-20,35.03798294067383,36.056358716952836,34.831356020531395,36.056358716952836,24609405,35.164913940429685,35.15015487670898,35.26822738647461,35.58776092529297,36.00854141235352,,-1.2079445027785247,-0.02062718692901,0.0290649087307142,0.0290649087307142,-0.0058972264611319,Metals & Mining,12.0,0.648
2023-02-20,35.03798294067383,36.056358716952836,34.831356020531395,36.056358716952836,24609405,35.164913940429685,35.15015487670898,35.26822738647461,35.58776092529297,36.00854141235352,,-1.2079445027785247,-0.02062718692901,0.0290649087307142,0.0290649087307142,-0.0058972264611319,Metals & Mining,12.0,0.648
2023-02-21,35.215091705322266,36.29250276383351,35.12653538191904,35.31840347486798,39832896,35.362683868408205,35.19738349914551,35.192464192708336,35.49773044586182,35.91113143920899,36.20936292012532,-1.198406953123691,0.0050547648518556,0.002933735638408,0.0305951512927171,-0.0025147264742133,Metals & Mining,12.0,0.6793750000000001
2023-02-22,34.1376838684082,35.24461267982273,34.00485443788565,35.17081855175464,35399832,35.209190368652344,35.05569648742676,35.08816680908203,35.36785068511963,35.79010726928711,36.13655153910319,-1.2564268414305884,-0.0305950598092927,0.0302637603455731,0.0324254221722084,-0.0038909912879437,Metals & Mining,12.0,0.6950625
2023-02-23,34.550941467285156,34.772327253439514,33.72443363148781,34.31479685392577,44899794,34.94352798461914,34.971570587158205,35.037986755371094,35.267489433288574,35.656095275878904,36.02487487792969,-1.234172353475968,0.0121056132709516,-0.0068346795580949,0.0064075181963993,-0.0239214273388159,Metals & Mining,12.0,0.7029062500000001
2023-02-24,34.154502868652344,35.11509759657359,34.01727704459869,35.02361371387116,40512774,34.61924057006836,34.880270385742186,34.980071512858075,35.16058921813965,35.49737030029297,35.898999532063804,-1.2555211152216592,-0.0114740317281421,0.0254464498740076,0.0281249805220529,-0.0040177959720678,Metals & Mining,12.0,0.706828125
2023-02-27,34.18499755859375,34.30697955897265,33.6208399677932,34.29173224516109,38749404,34.44864349365234,34.80677871704101,34.916317749023435,35.06333141326904,35.35993743896484,35.74855842590332,-1.2538789343837868,0.0008928453755769,0.0031222669062473,0.003568290451676,-0.0165030753573572,Metals & Mining,12.0,0.7087890625
2023-02-28,33.88004684448242,34.47470253615352,33.559849773512646,34.26123665887823,53584392,34.181634521484376,34.77215919494629,34.8588005065918,34.93975677490234,35.23451126098633,35.62288195292155,-1.2703009481891858,-0.0089206007281011,0.0112511596027469,0.0175517966194296,-0.00945090402146,Metals & Mining,12.0,0.70976953125
2023-03-01,34.9473762512207,35.05410744497737,33.98678154786536,34.12400736840965,28806156,34.343572998046874,34.77638168334961,34.818321990966794,34.90201835632324,35.162995147705075,35.549018224080406,-1.2128237971569518,0.0315031856844112,-0.0235602488980067,0.0030540545587578,-0.0274868904735526,Metals & Mining,12.0,0.710259765625
2023-03-02,34.73391342163086,35.221834472819225,34.65767335808561,34.7644080510943,16966575,34.380167388916014,34.66184768676758,34.77443618774414,34.873531913757326,35.09002502441406,35.44344062805176,-1.2243190630220588,-0.0061081217672925,0.0008779497171329,0.0140473964239373,-0.0021949747677372,Metals & Mining,12.0,0.7105048828125
2023-03-03,34.5966796875,35.03885873810793,34.45945038252691,34.91687674592228,24626685,34.46860275268555,34.54392166137696,34.74304784138997,34.85220432281494,35.02219192504883,35.3259090423584,-1.2317092876458342,-0.0039510012150083,0.0092551383923114,0.0127809678443708,-0.0039665455243865,Metals & Mining,12.0,0.71062744140625
2023-03-06,34.79490280151367,34.91688131979147,33.98678464826329,34.688168108133944,38639100,34.59058380126953,34.519613647460936,34.73471374511719,34.83488426208496,34.96878189086914,35.231711832682294,-1.221034701346314,0.0057295415572868,-0.0030675381962868,0.0035056433114246,-0.0232251878345591,Metals & Mining,12.0,0.71075
2023-03-06,34.79490280151367,34.91688131979147,33.98678464826329,34.688168108133944,38639100,34.59058380126953,34.519613647460936,34.73471374511719,34.83488426208496,34.96878189086914,35.231711832682294,-1.221034701346314,0.0057295415572868,-0.0030675381962868,0.0035056433114246,-0.0232251878345591,Metals & Mining,12.0,0.71075
2023-03-08,34.901634216308594,35.023612723128,34.48994977602047,34.61192828283987,26469408,34.794901275634764,34.48826789855957,34.77973988850911,34.842825698852536,34.91078567504883,35.1612429300944,-1.2152870684137604,0.0030674439702782,-0.0083006409291102,0.0034949225031533,-0.0117955634322635,Metals & Mining,12.0,0.605375
2023-03-09,34.810150146484375,35.298071199791984,34.73391357249464,35.06935798793613,22927740,34.7674560546875,34.55551452636719,34.773406473795575,34.805605506896974,34.87510589599609,35.097071965535484,-1.2202136109273778,-0.0026211973129175,0.0074463293137485,0.0140166316793921,-0.0021900673702618,Metals & Mining,12.0,0.5526875
2023-03-10,34.9168815612793,34.97787431072668,34.16975266200061,34.61193177358909,18451227,34.80404968261719,34.5921085357666,34.70924835205078,34.781839561462405,34.859635467529294,35.04236246744792,-1.214465977994824,0.0030661003858295,-0.008733591719954,0.0017467983027161,-0.0213973546855114,Metals & Mining,12.0,0.52634375
2023-03-13,34.901634216308594,35.43529716341612,34.688164849601996,35.069354663185266,29443683,34.8650405883789,34.66682167053223,34.650961303710936,34.773546028137204,34.854771575927735,34.99600003560384,-1.2152870684137604,-0.0004366754500668,0.0048055184418356,0.0152904859354165,-0.0061163143646393,Metals & Mining,12.0,0.513171875
2023-03-14,35.49628448486328,36.014700090402485,34.94737425427897,35.00836350436919,44665284,35.00531692504883,34.79795036315918,34.681514739990234,34.8023645401001,34.868970794677736,34.97487106323242,-1.1832643366485731,0.0170378918324925,-0.0137456916287155,0.0146047850658925,-0.0154638785030694,Metals & Mining,12.0,0.5065859375
2023-03-15,35.67925262451172,35.9384604047563,35.49628140025501,35.84697653757086,17172915,35.160840606689455,34.97787094116211,34.712458801269534,34.8750150680542,34.90642868041992,34.95246149698893,-1.1734112516213389,0.0051545715925975,0.0047008807842547,0.007264944223257,-0.0051282246907551,Metals & Mining,12.0,0.5032929687500001
2023-03-16,34.50519943237305,35.37430682213509,34.33747548422112,35.31331756458405,23606655,35.099850463867185,34.93365325927734,34.736959838867186,34.855017471313474,34.86445449829102,34.91256332397461,-1.2366356247327768,-0.0329057675196956,0.023420184363659,0.0251877225478847,-0.00486083114751,Metals & Mining,12.0,0.501646484375
2023-03-17,35.08460235595703,35.252326294533866,34.74915796868972,34.79489990924167,27882996,35.13339462280273,34.96872215270996,34.77253723144531,34.81528491973877,34.85215057373047,34.9052619934082,-1.205433983386526,0.0167917569849019,-0.0082572532467699,0.0047805569199605,-0.0095610143693235,Metals & Mining,12.0,0.5008232421875001
2023-03-20,34.36796951293945,35.05410911806852,33.864801167155434,34.459453397668725,23530101,35.0266616821289,34.9458511352539,34.78676834106445,34.74488639831543,34.82416915893555,34.88341992696126,-1.2440256439298774,-0.0204258505126224,0.0026618937931386,0.0199645080827581,-0.0146406189517416,Metals & Mining,12.0,0.50041162109375
2023-03-21,33.95627975463867,34.74915392481514,33.81905394895225,34.7339066130722,28696569,34.71866073608398,34.8619888305664,34.77152048746745,34.69080123901367,34.78562377929688,34.843919118245445,-1.266195701521179,-0.0119788792918295,0.0229008261226644,0.0233498538681391,-0.0040412497092727,Metals & Mining,12.0,0.500205810546875
2023-03-22,34.108760833740234,34.52044528454478,33.91054226520892,34.12400814748215,27842871,34.404562377929686,34.78270149230957,34.7867680867513,34.63548469543457,34.780924530029296,34.82278429667155,-1.257984386478468,0.0044905119230775,0.000447020453667,0.0120697568818537,-0.0058113682140935,Metals & Mining,12.0,0.5001029052734375
2023-03-23,33.83430099487305,34.13925071722185,33.773308258494545,33.88004292974247,12315540,34.270382690429685,34.685116577148435,34.712563069661456,34.62031555175781,34.73809051513672,34.765442530314125,-1.272764424872669,-0.0080466083246182,0.0013519397039223,0.0090130345058705,-0.0018026894182842,Metals & Mining,12.0,0.5000514526367188
2023-03-24,33.04142761230469,34.03252034067648,32.934696428418654,34.01727302869276,24074802,33.86174774169922,34.49757118225098,34.59973068237305,34.54483985900879,34.62457748413086,34.6870834350586,-1.3154617429373765,-0.0234340110259261,0.0295339967703049,0.0299954572181591,-0.00323022313498,Metals & Mining,12.0,0.5000257263183594
2023-03-27,32.75172424316406,33.43786373215445,32.660240373919706,33.087168586945936,19313448,33.53849868774414,34.28258018493652,34.47673365275065,34.474700927734375,34.50360885620117,34.60989074707031,-1.3310626663238394,-0.0087678829298749,0.0102420361533144,0.0209497211168536,-0.0027932535265972,Metals & Mining,12.0,0.5000128631591797
2023-03-28,32.56875228881836,33.05667322701744,32.4010283757231,32.94994204861144,19206693,33.26099319458008,33.98982696533203,34.32832361857096,34.39388866424561,34.40483963012695,34.53151868184408,-1.3409159567777489,-0.005586635774875,0.011704156069987,0.0149812597631071,-0.005149841529325,Metals & Mining,12.0,0.5000064315795898
2023-03-29,33.6055908203125,33.84955131787232,32.21806439985159,32.62974534018699,27047847,33.16035919189453,33.78246078491211,34.24192072550456,34.38016586303711,34.34045959472656,34.510830307006835,-1.2850807811567124,0.0318353777356743,-0.0290381884771289,0.0072595211571866,-0.0412885590341186,Metals & Mining,12.0,0.5000032157897949
2023-03-31,34.01727294921875,34.23073531649211,33.7275670424329,33.77330897827719,18831666,33.19695358276367,33.73366813659668,34.18906224568685,34.33366069793701,34.335643157958984,34.48123435974121,-1.2629111344187598,0.0122504059252371,-0.0071717674519573,0.0062751169851862,-0.0085164353773543,Metals & Mining,12.0,0.5000016078948974
2023-04-03,33.97153091430664,34.50519735541517,33.72757040890053,34.15450216583282,31653174,33.382974243164064,33.62236099243164,34.12603886922201,34.2955415725708,34.31246673583984,34.4176436106364,-1.2653744056755685,-0.0013446708376768,0.0053860172503772,0.0157092255410775,-0.007181322090591,Metals & Mining,12.0,0.5000008039474487
2023-04-05,34.03252410888672,34.21549536283663,33.23964983839924,34.017276795214755,16862199,33.63913421630859,33.588816452026364,34.06809819539388,34.267333793640134,34.30758758544922,34.35952974955241,-1.262089838573149,0.0017954208402892,-0.0004480218282716,0.0053763644848818,-0.0232975452526144,Metals & Mining,12.0,0.5000004019737243
2023-04-06,33.849552154541016,34.108759971487345,33.697075531089986,33.88004678125396,15253470,33.895294189453125,33.5781436920166,33.958316040039065,34.22006626129151,34.29416976928711,34.31991539001465,-1.2719431290270582,-0.0053763850650714,0.0009008871542441,0.0076576439110009,-0.0045045388711464,Metals & Mining,12.0,0.5000002009868622
2023-04-10,33.80380630493164,34.06301409189959,33.60558776433593,33.864795551303885,8696949,33.93493728637695,33.54764823913574,33.83328628540039,34.165174865722655,34.29112014770508,34.27287254333496,-1.2744066057105417,-0.0013514462289049,0.001804212396145,0.0076680059230529,-0.005863793526908,Metals & Mining,12.0,0.5000001004934311
2023-04-11,34.56618881225586,34.627178070022744,33.75807067718488,33.864801878276936,15023736,34.04472045898437,33.62083702087402,33.83735224405925,34.15297679901123,34.27587265014648,34.28715604146321,-1.2333512630570318,0.0225531557140946,-0.0202911271991385,0.0017644195053769,-0.0233788613335482,Metals & Mining,12.0,0.5000000502467156
2023-04-12,34.53569030761719,34.94737473111569,34.413708315886225,34.764403488462335,23043357,34.157552337646486,33.770263290405275,33.800758107503256,34.133917236328124,34.26794372558594,34.286647669474284,-1.234993649321579,-0.0008823218783049,0.0066225165562914,0.011920550011641,-0.0035320559874275,Metals & Mining,12.0,0.5000000251233578
2023-04-13,33.9410400390625,34.550943114937006,33.880050778441074,34.52044848462629,12561819,34.13925552368164,33.88919486999512,33.77229614257813,34.08588752746582,34.24171813964844,34.279532241821286,-1.267016381086766,-0.0172184271765817,0.0170710280208548,0.0179694869447892,-0.0017969178478689,Metals & Mining,12.0,0.5000000125616789
2023-04-17,33.98678207397461,34.18499715116247,33.758068879640696,33.91054201593904,11367030,34.16670150756836,34.030997848510744,33.774329630533856,34.01041240692139,34.20939331054687,34.27292505900065,-1.2645531098299576,0.0013476910212375,-0.0022432267306043,0.0058321225221156,-0.0067294748245392,Metals & Mining,12.0,0.5000000062808394
2023-04-18,34.24598693847656,34.337470812356074,34.00202296169236,34.108757637771205,8192847,34.25513763427735,34.09503746032715,33.783478037516275,33.938749122619626,34.183167419433595,34.28512306213379,-1.250594572708042,0.0076266374362178,-0.0040071644292772,0.0026713750152349,-0.0071238705201426,Metals & Mining,12.0,0.5
2023-04-18,34.24598693847656,34.337470812356074,34.00202296169236,34.108757637771205,8192847,34.25513763427735,34.09503746032715,33.783478037516275,33.938749122619626,34.183167419433595,34.28512306213379,-1.250594572708042,0.0076266374362178,-0.0040071644292772,0.0026713750152349,-0.0071238705201426,Metals & Mining,12.0,0.5
2023-04-19,34.550941467285156,34.94737862219278,34.2154970599771,34.306980946546595,24082242,34.252088165283205,34.14840431213379,33.83125406901042,33.941036224365234,34.172799072265626,34.271908569335935,-1.234172353475968,0.0089048252385439,-0.0070608935785312,0.011473989942734,-0.0097086907928592,Metals & Mining,12.0,0.5
2023-04-20,34.21549606323242,34.7186644044798,34.10876137545743,34.7186644044798,18516147,34.18804931640625,34.172800827026364,33.909525299072264,33.897580909729,34.14474365234375,34.25462799072265,-1.2522365481192397,-0.0097087196414127,0.0147058613535075,0.0147058613535075,-0.0031194838612813,Metals & Mining,12.0,0.5
2023-04-21,33.49885940551758,34.1545043972207,32.827967099348335,34.139257082754575,37897173,34.099613189697266,34.11943435668945,33.95933430989583,33.85412540435791,34.08863265991211,34.218033981323245,-1.290828414089266,-0.0209447981227702,0.0191169994621225,0.0195721586746062,-0.0200273178870902,Metals & Mining,12.0,0.5
2023-04-24,33.49885940551758,33.68183066899766,32.91945447603166,33.49885940551758,14583957,34.00202865600586,34.08436508178711,34.021341451009114,33.831254386901854,34.00873565673828,34.17483253479004,-1.290828414089266,0.0,0.0,0.0054620147290731,-0.0172962584329209,Metals & Mining,12.0,0.5
2023-04-25,33.17865753173828,33.6208365673236,33.1176682826606,33.45311264247391,16862151,33.7885627746582,34.021850204467775,33.99287923177084,33.78474922180176,33.90871185302734,34.11739997863769,-1.308071723740276,-0.009558590335961,0.0082720378446019,0.0133272129881185,-0.0018382072577631,Metals & Mining,12.0,0.5
2023-04-26,33.07193374633789,33.285396165876115,32.94995173100062,33.23965421883221,12696786,33.49276123046875,33.87242469787598,33.929856618245445,33.746630859375,33.85138122558594,34.05945943196615,-1.3138189458194798,-0.0032166396515079,0.0050713839045739,0.0064544886058215,-0.0036883847274512,Metals & Mining,12.0,0.5
2023-04-27,33.117671966552734,33.239650478276545,32.99568996494246,33.239650478276545,9155694,33.273196411132815,33.73062286376953,33.87293268839518,33.750443077087404,33.77270401000977,33.99948577880859,-1.311355879989346,0.0013829920126732,0.0036831849728748,0.0036831849728748,-0.0036832903512503,Metals & Mining,12.0,0.5
2023-04-28,33.0871696472168,33.36162824351664,33.010933087070185,33.23964625739604,16229469,33.19085845947266,33.64523582458496,33.80990905761719,33.76721534729004,33.72147201538086,33.93900362650553,-1.3129984716805678,-0.0009210284879548,0.0046083304134196,0.0082950158392569,-0.0023041124689558,Metals & Mining,12.0,0.5
2023-05-02,33.49885940551758,33.66658335453153,33.132920368444,33.20915694077462,21749457,33.19085845947266,33.596443557739256,33.786529541015625,33.813720703125,33.703175201416016,33.872422790527345,-1.290828414089266,0.0124425800904191,-0.0086481292164605,0.0050068555165889,-0.0109239252788799,Metals & Mining,12.0,0.5
2023-05-02,33.49885940551758,33.66658335453153,33.132920368444,33.20915694077462,21749457,33.19085845947266,33.596443557739256,33.786529541015625,33.813720703125,33.703175201416016,33.872422790527345,-1.290828414089266,0.0124425800904191,-0.0086481292164605,0.0050068555165889,-0.0109239252788799,Metals & Mining,12.0,0.5
2023-05-03,33.59034729003906,33.63608923412899,33.08717543538995,33.49885991197257,16190301,33.273196411132815,33.53087959289551,33.772298940022786,33.812958526611325,33.682438659667966,33.80279261271159,-1.285901666148974,0.0027310746140334,-0.0027236210830609,0.0013617585937699,-0.0149796562180326,Metals & Mining,12.0,0.5
2023-05-04,33.92578887939453,34.09351281698351,33.742817628378035,33.84955231225697,24692295,33.44396743774414,33.46836433410645,33.72960561116536,33.80838432312012,33.686098175048826,33.78347892761231,-1.2678376769323771,0.009986249515644,-0.0022471567988759,0.0049438478257715,-0.0053932791855468,Metals & Mining,12.0,0.5
2023-05-05,33.01093673706055,33.94103683323365,32.934700168484525,33.92578951951845,28774668,33.422620391845705,33.347908401489256,33.62795537312825,33.760354614257814,33.684878540039065,33.71435674031576,-1.317103718348574,-0.0269662746999418,0.0277136268426707,0.028175513575442,-0.002309433663857,Metals & Mining,12.0,0.5
2023-05-08,33.07193374633789,33.34638891848818,32.79747508430074,33.23965421883221,18469329,33.41957321166992,33.30521583557129,33.57001495361328,33.71232509613037,33.697686920166014,33.671155548095705,-1.3138189458194798,0.0018477818355534,0.0050713839045739,0.0082987337316096,-0.0082988392557341,Metals & Mining,12.0,0.5
2023-05-09,33.39212417602539,33.544597302293184,33.16341099673755,33.20915293461788,28499433,33.39822616577148,33.29454231262207,33.53037109375,33.68945369720459,33.730621795654294,33.652350362141924,-1.296576252448494,0.0096816361614462,-0.0054794729572452,0.0045661403708263,-0.006849315068493,Metals & Mining,12.0,0.5
2023-05-10,33.117671966552734,33.57509836528996,32.9651953370115,33.39212710781778,12301296,33.30369110107422,33.28844375610352,33.45515009562175,33.65514698028564,33.711105041503906,33.61931406656901,-1.311355879989346,-0.0082190701024556,0.0082872715673441,0.013812154405032,-0.0046040865944692,Metals & Mining,12.0,0.5
2023-05-11,32.93470001220703,33.33113714669404,32.858459954106365,33.31588634316479,20594904,33.10547332763672,33.27472038269043,33.3474006652832,33.5735725402832,33.66780212402344,33.58932736714681,-1.3212091704432554,-0.005524903880034,0.0115740034315319,0.0120370652940537,-0.0023148854573568,Metals & Mining,12.0,0.5
2023-05-12,32.53826141357422,33.041429720919815,32.49251947470393,32.98044046909277,18096606,33.010938262939455,33.21677932739258,33.23558502197265,33.473701095581056,33.61047134399414,33.57255516052246,-1.3425579321889465,-0.0120371097500774,0.0135895108192254,0.0154638965170919,-0.0014057892733999,Metals & Mining,12.0,0.5
2023-05-15,32.55350875854492,32.904203936667784,32.11132970259152,32.644996126261695,29037108,32.90725326538086,33.16341323852539,33.17256164550781,33.404324531555176,33.55131072998047,33.565947977701825,-1.3417368417700102,0.0004685974083526,0.0028103688728411,0.0107728841374374,-0.0135831458056678,Metals & Mining,12.0,0.5
2023-05-16,32.62974166870117,32.91944756248843,32.53825780111731,32.78221827122679,17503110,32.75477676391601,33.07650146484375,33.114620463053384,33.336472511291504,33.50251831054688,33.56798095703125,-1.3376315951020037,0.0023417724559795,0.004672933180831,0.0088785837389926,-0.0028036957360165,Metals & Mining,12.0,0.5
2023-05-17,32.35529327392578,32.812719686308526,32.218067444142896,32.69074117094596,23747334,32.602301025390624,32.95299606323242,33.05972951253255,33.24193782806397,33.44457778930664,33.52630437215169,-1.352411017216181,-0.0084109888935665,0.0103676358047575,0.014137606743666,-0.0042412173062721,Metals & Mining,12.0,0.5
2023-05-18,31.958858489990234,32.61450345676464,31.85212380289901,32.599252652991794,27078084,32.40713272094727,32.756303024291995,32.98552449544271,33.11233367919922,33.34028457641602,33.45769055684408,-1.3737595735351973,-0.0122525480013195,0.0200380799959465,0.0205152811380844,-0.0033397527988885,Metals & Mining,12.0,0.5
2023-05-19,32.21806335449219,32.263805291946824,31.63865501040842,32.08083405224215,15998397,32.34309310913086,32.677015686035155,32.925550587972005,33.012462043762206,33.24757949829102,33.3992416381836,-1.3598010364132815,0.0081105795622562,-0.0042593901669418,0.0014197606153834,-0.017983959423898,Metals & Mining,12.0,0.5
2023-05-22,32.065589904785156,32.61450367807959,31.958858706856123,32.21806653457025,23122488,32.24550933837891,32.576381301879884,32.857445271809894,32.94079856872558,33.172561492919925,33.33367716471354,-1.3680119406026436,-0.0047325454677204,0.0047551481272558,0.0171184679565967,-0.0033285275039679,Metals & Mining,12.0,0.5
2023-05-23,32.24856185913086,32.53826432108239,32.172321797648266,32.172321797648266,23384316,32.169273376464844,32.46202507019043,32.77409210205078,32.87828369140625,33.10303268432617,33.280310821533206,-1.3581586501487344,0.0057061777091585,-0.0023641383394281,0.0089834226784131,-0.0023641383394281,Metals & Mining,12.0,0.5
2023-05-24,32.05034255981445,32.675492902453904,31.98935330391396,32.66024558847878,25211427,32.10828323364258,32.3552921295166,32.671425120035806,32.82186794281006,33.01520690917969,33.2218620300293,-1.36883303102158,-0.0061466089614251,0.0190295322905234,0.0195052624312128,-0.0019029205627575,Metals & Mining,12.0,0.5
2023-05-25,31.806379318237305,32.15707448935834,31.669150014345124,32.06558712346816,30598308,32.07778739929199,32.242460060119626,32.53013114929199,32.75859022140503,32.905424423217774,33.12986838022868,-1.3819707858645716,-0.0076118762575422,0.0081495539821545,0.0110259381494564,-0.0043145213895344,Metals & Mining,12.0,0.5
2023-05-26,32.47727584838867,32.58400705120154,31.821630847164016,31.867372791226675,30198756,32.129629898071286,32.236361503601074,32.49455375671387,32.72657041549682,32.83589561462402,33.061254564921065,-1.3458420884380164,0.0210931437193382,-0.0187793785417583,0.0032863348302705,-0.0201878077547315,Metals & Mining,12.0,0.5
2023-05-29,32.59925079345703,32.873709407529326,32.41628303725716,32.62974541949034,31013829,32.236362075805665,32.240935707092284,32.46304155985514,32.702174472808835,32.7999112701416,33.01652825673421,-1.3392735705132015,0.0037557012366975,0.0009354394745608,0.0084191693794195,-0.0056126368473656,Metals & Mining,12.0,0.5
2023-05-30,32.690738677978516,32.8737099269557,32.46202548922861,32.59925130854677,19373547,32.32479743957519,32.24703540802002,32.41628252665202,32.661768436431885,32.76758644104004,32.97332681020101,-1.3343468225729094,0.0028064413228738,-0.0027985714955218,0.0055970362364567,-0.0069962686069242,Metals & Mining,12.0,0.5
2023-05-31,32.56875228881836,32.66023964590933,32.12657328422185,32.59924691122007,20217204,32.42847938537598,32.26838130950928,32.37968788146973,32.61068868637085,32.74319023132324,32.917418988545734,-1.3409159567777489,-0.0037315274629242,0.0009363153408914,0.0028090531770963,-0.01357678675177,Metals & Mining,12.0,0.5
2023-06-01,32.59925079345703,32.78222203954314,32.477272289323786,32.477272289323786,30453648,32.58705368041992,32.33242053985596,32.35732460021973,32.54436178207398,32.72428291320801,32.852362632751465,-1.3392735705132015,0.0009364345421713,-0.0037417578982437,0.0056127439015511,-0.0037417578982437,Metals & Mining,12.0,0.5
2023-06-02,33.20915222167969,33.331134209961355,32.59924926004352,32.629743884642416,28289133,32.733428955078125,32.431529426574706,32.40205065409342,32.55427255630493,32.72794212341309,32.81881783803304,-1.306429542902403,0.0187090627354254,-0.0174472486731841,0.0036731437004897,-0.0183655083262862,Metals & Mining,12.0,0.5
2023-06-05,33.239646911621094,33.636084011958225,33.20915228696225,33.544596648095606,21289977,32.861508178710935,32.548935127258304,32.44779319763184,32.56265821456909,32.73404121398926,32.810177421569826,-1.304787362064531,0.0009182616207076,0.009174277250457,0.0119266339197643,-0.0009174172258785,Metals & Mining,12.0,0.5
2023-06-06,33.30064392089844,33.39212780660576,33.14816728816637,33.2701458024428,19609332,32.983489227294925,32.65414333343506,32.492520014444985,32.55808420181275,32.726112594604494,32.80357023874919,-1.3015025895354366,0.0018350679066936,-0.0009158417034842,0.0027472107123402,-0.0045787893199379,Metals & Mining,12.0,0.5
2023-06-07,33.39212417602539,33.49885536441285,33.270142185125,33.33113492551828,19445415,33.148163604736325,32.78832149505615,32.56164207458496,32.571806812286376,32.71818367004394,32.810685793558754,-1.296576252448494,0.0027471016880109,-0.0018264561483303,0.0031962982595783,-0.0036530168089147,Metals & Mining,12.0,0.5
2023-06-08,33.117671966552734,33.69707687701378,33.05667922080436,33.48361099161064,20243424,33.25184783935547,32.919450759887695,32.6388963063558,32.58095541000366,32.685858993530275,32.812210400899254,-1.311355879989346,-0.0082190701024556,0.0110496602970004,0.0174953393779071,-0.0018416978648128,Metals & Mining,12.0,0.5
2023-06-09,32.79746627807617,33.19390335911911,32.5077638680306,33.19390335911911,16209312,33.16951065063476,32.951469802856444,32.67752316792806,32.59391565322876,32.6773201751709,32.801536877950035,-1.3285993950670307,-0.0096687257727522,0.0120874300984628,0.0120874300984628,-0.0088330728840241,Metals & Mining,12.0,0.5
2023-06-12,32.93470001220703,33.11767126580768,32.629746759577145,32.91945269856417,10038291,33.10852127075195,32.98501472473144,32.735463841756186,32.61297521591187,32.671830825805664,32.79645455678304,-1.3212091704432554,0.0041842785344243,-0.0004629558987089,0.0055555767483179,-0.0092593299018013,Metals & Mining,12.0,0.5
2023-06-13,33.163414001464844,33.43786914349967,33.01093737149595,33.04143199951243,24222471,33.08107528686524,33.03228225708008,32.79645398457845,32.63965883255005,32.662682418823245,32.78527304331462,-1.3088926087325372,0.0069444685748782,-0.0036782100282867,0.0082758410223597,-0.0045977362271013,Metals & Mining,12.0,0.5
2023-06-14,33.224403381347656,33.63608784087776,33.163414125087336,33.37688001188493,18559068,33.04753112792969,33.097847366333006,32.874724706014,32.68311433792114,32.66695167541504,32.7730749130249,-1.3056082470567925,0.0018390561321617,0.0045892962707909,0.0123910264032378,-0.0018356764923749,Metals & Mining,12.0,0.5
2023-06-15,32.85845947265625,33.346383971737595,32.78222290555901,33.270143914754016,16487712,32.99568862915039,33.12376823425293,32.944863382975264,32.72809438705444,32.663902053833006,32.73749726613362,-1.325314827964611,-0.0110143109115045,0.012529024449255,0.014849281034839,-0.0023201503759079,Metals & Mining,12.0,0.5
2023-06-16,32.62974166870117,33.071924165014046,32.568752423645265,32.91944756248843,33459642,32.96214370727539,33.065827178955075,32.9550277709961,32.748678302764894,32.667561264038085,32.72479076385498,-1.3376315951020037,-0.0069606977206405,0.0088785837389926,0.0135515169198234,-0.0018691304906777,Metals & Mining,12.0,0.5
2023-06-19,32.37053680419922,32.84321396563244,32.34004217892343,32.69073734936733,30205554,32.84931106567383,32.97891616821289,32.93978017171224,32.7639256477356,32.66024238586426,32.70141086578369,-1.3515901322239194,-0.0079438221464862,0.0098917279965087,0.0146020797953496,-0.0009420487976532,Metals & Mining,12.0,0.5
2023-06-20,32.690738677978516,32.995688433016284,32.38578892294075,32.41628354945589,23502837,32.75477600097656,32.917925643920896,32.93978017171224,32.78603448867798,32.66268226623535,32.67803134918213,-1.3343468225729094,0.0098917690403502,-0.0083955009773917,0.0093283225577032,-0.0093283225577032,Metals & Mining,12.0,0.5
2023-06-21,32.55350875854492,32.87370931072427,32.385788315855606,32.87370931072427,18051489,32.62059707641602,32.83406410217285,32.93876393636068,32.8111927986145,32.670610885620114,32.659225908915204,-1.3417368417700102,-0.0041978225327173,0.0098361302480274,0.0098361302480274,-0.0051521463917554,Metals & Mining,12.0,0.5
2023-06-21,32.55350875854492,32.87370931072427,32.385788315855606,32.87370931072427,18051489,32.62059707641602,32.83406410217285,32.93876393636068,32.8111927986145,32.670610885620114,32.659225908915204,-1.3417368417700102,-0.0041978225327173,0.0098361302480274,0.0098361302480274,-0.0051521463917554,Metals & Mining,12.0,0.5
2023-06-22,32.24856185913086,32.62974820699764,32.09608522605222,32.43153312084792,18585441,32.498617553710936,32.74715309143066,32.915384674072264,32.83330192565918,32.682199020385745,32.636354637146,-1.3581586501487344,-0.009367558553393,0.0056737805089206,0.0118202588236924,-0.0047281684604942,Metals & Mining,12.0,0.69125
2023-06-23,31.928361892700195,32.2333116415036,31.836874525138814,32.2333116415036,17722992,32.35834159851074,32.66024265289307,32.8299986521403,32.80585622787476,32.670610961914065,32.61602465311686,-1.375401857086407,-0.0099291239041719,0.009551061524178,0.009551061524178,-0.0028653949698026,Metals & Mining,12.0,0.786875
2023-06-26,31.958858489990234,32.03509505942222,31.653905232489404,31.958858489990234,18136608,32.27600593566895,32.56265850067139,32.74461275736491,32.773836612701416,32.66634170532227,32.59620297749837,-1.3737595735351973,0.0009551569664778,0.0,0.0023854597139587,-0.0095420572545275,Metals & Mining,12.0,0.8346875
2023-06-27,31.867372512817383,32.29430430011223,31.791135940045663,32.01984914824743,25019214,32.11133270263672,32.43305435180664,32.649061330159505,32.73266830444336,32.651094131469726,32.570790672302245,-1.3786862187621518,-0.0028626171739364,0.0047847256741584,0.0133971442773681,-0.002392308080657,Metals & Mining,12.0,0.85859375
2023-06-28,31.867372512817383,32.20282041278616,31.806383254600007,31.98935451913874,27346866,31.97410545349121,32.29735126495361,32.54741121927897,32.69759931564331,32.64377532958984,32.55452664693197,-1.3786862187621518,0.0,0.0038278024418956,0.0105263745805794,-0.0019138464645256,Metals & Mining,12.0,0.870546875
2023-06-30,31.91311264038086,32.17232046294041,31.760639503514298,32.0046000123872,36123750,31.90701560974121,32.20281658172608,32.46710726420085,32.6632924079895,32.648044662475584,32.55300178527832,-1.3762230502186803,0.0014353278590846,0.0028667642995932,0.0081222983630737,-0.0047777582395278,Metals & Mining,12.0,0.8765234375000001
2023-07-03,32.782222747802734,32.84321549107335,32.23331248757143,32.32479636764788,33593049,32.07778778076172,32.21806468963623,32.466091028849284,32.641945934295656,32.660242538452145,32.571807098388675,-1.3294202800592922,0.0272336364432893,-0.0139534888672402,0.0018605432505245,-0.0167441440580198,Metals & Mining,12.0,0.8825000000000001
2023-07-03,32.782222747802734,32.84321549107335,32.23331248757143,32.32479636764788,33593049,32.07778778076172,32.21806468963623,32.466091028849284,32.641945934295656,32.660242538452145,32.571807098388675,-1.3294202800592922,0.0272336364432893,-0.0139534888672402,0.0018605432505245,-0.0167441440580198,Metals & Mining,12.0,0.8825000000000001
2023-07-04,32.66024398803711,32.9499464292547,32.477272739415255,32.93469911602674,19178832,32.218064880371095,32.24703540802002,32.44779396057129,32.61297578811646,32.66268226623535,32.59162890116374,-1.335989003410782,-0.0037208813052129,0.0084033397940983,0.0088701860685336,-0.0056022621474864,Metals & Mining,12.0,0.69125
2023-07-05,32.782222747802734,32.8584593145331,32.56875687107138,32.66024424103414,11852043,32.401034927368165,32.256183815002444,32.422381210327146,32.58705472946167,32.666341629028324,32.6094175974528,-1.3294202800592922,0.0037347779707433,-0.0037208735877058,0.0023255459923161,-0.0065116352351569,Metals & Mining,12.0,0.5956250000000001
2023-07-06,32.644996643066406,32.797469775197776,32.46202539462247,32.78222246198464,19326843,32.55655975341797,32.26533260345459,32.383754094441734,32.54969835281372,32.66939140319824,32.62923940022787,-1.336810093829718,-0.0041859914683645,0.004203578895064,0.0046706432167378,-0.005604878764256,Metals & Mining,12.0,0.5478125
2023-07-07,32.59925079345703,32.919451346579294,32.523014228373754,32.614501596359936,14706429,32.6937873840332,32.300401496887204,32.36647351582845,32.52377729415893,32.66939140319824,32.65566844940186,-1.3392735705132015,-0.0014013127374326,0.0004678267914661,0.009822328591261,-0.0023385986864022,Metals & Mining,12.0,0.52390625
2023-07-10,32.87371063232422,33.1481657667358,32.446778872178925,32.6754920658363,29074305,32.7120849609375,32.39493637084961,32.38273811340332,32.52758951187134,32.655973739624024,32.66888294219971,-1.324493532119,0.0084192069506785,-0.0060296985851366,0.0083487725946493,-0.0129870267740782,Metals & Mining,12.0,0.511953125
2023-07-11,32.93470001220703,33.071929324879115,32.78222338589209,32.90420538492132,19516980,32.76697616577148,32.49252052307129,32.420348993937175,32.52758951187134,32.64377586364746,32.680064582824706,-1.3212091704432554,0.0018552630265852,-0.0009259117974176,0.0041667090521917,-0.0046296649509006,Metals & Mining,12.0,0.5059765625
2023-07-12,34.03252410888672,34.200244559278275,32.96519470241757,33.08717321179324,69666234,33.01703643798828,32.70903568267822,32.50980135599772,32.57104501724243,32.673051071166995,32.72479076385498,-1.262089838573149,0.0333333564985497,-0.0277778660809534,0.0049282401109873,-0.0313620407071258,Metals & Mining,12.0,0.50298828125
2023-07-13,33.98678207397461,34.61192891257063,33.60559225345595,34.38321571823671,45652857,33.28539352416992,32.920976638793945,32.6053529103597,32.60916395187378,32.69683738708496,32.772058423360185,-1.2645531098299576,-0.0013440682438292,0.0116643477278677,0.0183938225524071,-0.011215825602111,Metals & Mining,12.0,0.501494140625
2023-07-14,34.45945358276367,34.52044632946397,33.88004866325972,34.24599118391544,28832772,33.65743408203125,33.17561073303223,32.752745691935225,32.68921365737915,32.7505086517334,32.834065183003744,-1.2390991014162602,0.0139075099184223,-0.0061945961602537,0.0017699858923707,-0.0168141064138569,Metals & Mining,12.0,0.5007470703125
2023-07-17,34.61193084716797,34.9626260600287,34.53569427475763,34.76440748187523,29927676,34.005078125,33.35858154296875,32.93165028889974,32.78832311630249,32.82308723449707,32.88082447052002,-1.2308879918002231,0.0044248311726151,0.0044053201013412,0.0101322059843831,-0.0022026096361675,Metals & Mining,12.0,0.5003735351562499
2023-07-18,33.97153091430664,34.749157860821285,33.80381046613681,34.68816511705499,24999231,34.21244430541992,33.4897102355957,33.06582845052083,32.86837282180786,32.864560470581054,32.90522060394287,-1.2653744056755685,-0.0185022885804629,0.02109514006172,0.0228905476316687,-0.0049370883105888,Metals & Mining,12.0,0.500186767578125
2023-07-19,34.07826232910156,34.29172818708833,33.864796471114786,34.245986251066746,14934303,34.22159194946289,33.619314193725586,33.21322110493978,32.937749004364015,32.901154403686526,32.931141217549644,-1.259626772743015,0.0031417899612517,0.0049217275325084,0.0062639889301068,-0.006263988930107,Metals & Mining,12.0,0.5000933837890624
2023-07-20,33.849552154541016,34.322225848364255,33.81905752782807,34.322225848364255,17351133,34.19414596557617,33.739769744873044,33.34536641438802,33.00255117416382,32.92616035461426,32.9463888168335,-1.2719431290270582,-0.0067113214973181,0.0139639570906355,0.0139639570906355,-0.0009008871542441,Metals & Mining,12.0,0.5000466918945312
2023-07-21,33.849552154541016,34.06301803141793,33.62083896430763,33.81905752782807,13179366,34.07216567993164,33.864799880981444,33.4744623819987,33.08260068893433,32.96580406188965,32.97078482309977,-1.2719431290270582,0.0,-0.0009008871542441,0.0063063131796348,-0.0067567567567567,Metals & Mining,12.0,0.5000233459472656
2023-07-24,33.849552154541016,34.00202528810572,33.651333591020574,33.83430484118455,13097697,33.91968994140625,33.96238403320312,33.54561767578125,33.178660202026364,33.014596481323245,33.00585435231527,-1.2719431290270582,0.0,-0.0004504435771219,0.0045044357712202,-0.0058558696025126,Metals & Mining,12.0,0.5000116729736328
2023-07-25,34.21549606323242,34.383216517057235,33.864800861825785,34.12400868944151,25133688,33.968482971191406,34.090463638305664,33.64930114746094,33.29149208068848,33.08839485168457,33.04854755401611,-1.2522365481192397,0.0108108936573423,-0.0026738578807051,0.0049018857863365,-0.010249601547747,Metals & Mining,12.0,0.5000058364868164
2023-07-26,34.276485443115234,34.459453211585746,34.184998068993494,34.44420938743302,15745113,34.00812759399414,34.11485977172852,33.74891866048177,33.41194772720337,33.15182472229004,33.08564993540446,-1.2489521864434947,0.0017825075448299,0.0048932655186055,0.0053379967667386,-0.0026691001991313,Metals & Mining,12.0,0.5000029182434083
2023-07-27,34.21549606323242,34.62717703068889,34.154503317409656,34.459453086977604,15366816,34.08131637573242,34.1377311706543,33.85361862182617,33.52935390472412,33.21830421447754,33.11868635813395,-1.2522365481192397,-0.0017793358652254,0.0071300156892166,0.0120320034728023,-0.0017826059195531,Metals & Mining,12.0,0.5000014591217041
2023-07-28,34.322227478027344,34.38321673434908,33.819059133600085,34.1545035332561,23798820,34.17585144042969,34.12400856018066,33.96848373413086,33.64980964660644,33.3012508392334,33.16747862497966,-1.246488915186686,0.0031193882034524,-0.0048867441624708,0.0017769609026914,-0.0146601308073428,Metals & Mining,12.0,0.5000007295608521
2023-07-31,35.755496978759766,35.8469843557844,34.39846504689259,34.489952423917224,72673929,34.55704040527344,34.238365173339844,34.16060282389323,33.7984733581543,33.45433624267578,33.271670468648274,-1.1693053886733082,0.0417592215321684,-0.0353944053859558,0.0025586940402193,-0.0379530994261751,Metals & Mining,12.0,0.5000003647804261
2023-08-01,35.633514404296875,36.19767195716976,35.526779724905175,35.99945340105907,38733261,34.84064407348633,34.40456352233887,34.34052378336589,33.947136878967285,33.60132247924805,33.38043638865153,-1.1758743174514728,-0.0034115754155327,0.0102695174158311,0.0158322175711318,-0.0029953452859207,Metals & Mining,12.0,0.500000182390213
2023-08-02,34.68816375732422,35.67925654345546,34.21549356839638,35.648761917710836,35771037,34.922979736328124,34.46555366516113,34.38423309326172,34.04243392944336,33.71415412902832,33.44701722462972,-1.2267827451322169,-0.0265298178632265,0.0276923900356009,0.0285714975593649,-0.0136262672257488,Metals & Mining,12.0,0.5000000911951066
2023-08-03,34.50519943237305,34.99312047255451,34.29173354105784,34.7796545812393,28073898,34.98092041015625,34.531118392944336,34.41879425048828,34.13544406890869,33.819667205810546,33.512073580423994,-1.2366356247327768,-0.00527454627553,0.0079540229699051,0.0141405077555845,-0.0061864847856794,Metals & Mining,12.0,0.5000000455975533
2023-08-04,34.53569030761719,34.9016327929239,34.48994836942539,34.67291961207875,16674615,35.02361297607422,34.59973220825195,34.423876698811846,34.2322660446167,33.9245703125,33.588311195373535,-1.234993649321579,0.0008836603104961,0.0039735503544082,0.0105960669106994,-0.0013244831009416,Metals & Mining,12.0,0.5000000227987766
2023-08-07,34.33747482299805,34.74915928331306,34.12400893579346,34.68816653704997,27601896,34.74000854492188,34.64852447509766,34.40557963053386,34.30545425415039,33.986780395507814,33.6686149597168,-1.24566782476775,-0.005739438906638,0.0102130898052248,0.0119893632958496,-0.006216703129888,Metals & Mining,12.0,0.5000000113993883
2023-08-08,33.9410400390625,34.52044848462629,33.81906151781964,34.36797184318598,20388915,34.401513671875,34.62107887268066,34.40354690551758,34.35577125549317,34.03801223754883,33.734687678019206,-1.267016381086766,-0.0115452515357951,0.012578630579149,0.0170710280208548,-0.0035938356957381,Metals & Mining,12.0,0.5000000056996942
2023-08-09,34.352718353271484,34.42895491534507,33.88004468864307,34.093510552335204,17782167,34.334424591064455,34.62870216369629,34.421843973795575,34.371780967712404,34.100832061767576,33.81753253936768,-1.2448469397754884,0.0121292191911381,-0.0075454815036958,0.0022192293864371,-0.0137594253755293,Metals & Mining,12.0,0.500000002849847
2023-08-10,34.67292022705078,34.96262266395659,34.306977735253575,34.35271967425667,29851533,34.36796875,34.674444580078124,34.47673517862956,34.40608787536621,34.18194900512695,33.91105079650879,-1.2276036301244784,0.0093210054146647,-0.0092348885152252,0.0083552938434008,-0.0105541295455036,Metals & Mining,12.0,0.5000000014249235
2023-08-11,34.68816375732422,34.871135001678155,34.245988194141006,34.82539306306123,28179768,34.39846343994141,34.711038208007814,34.5326426188151,34.41752338409424,34.26550552368164,34.003552500406904,-1.2267827451322169,0.0004396379126308,0.0039560844643451,0.0052747457499908,-0.0127471597019848,Metals & Mining,12.0,0.5000000007124618
2023-08-14,36.19767379760742,36.334903109549415,34.39846287823163,35.06935514460712,104715831,34.770503234863284,34.75525588989258,34.6891840616862,34.49681053161621,34.39846405029297,34.117400868733725,-1.1454935610974832,0.043516573862013,-0.0311710266054411,0.0037911085864048,-0.0497051531387277,Metals & Mining,12.0,0.5000000003562308
2023-08-16,35.755496978759766,36.3196580857708,35.450547198413034,36.21292339422316,43805040,35.13339462280273,34.76745414733887,34.79185078938802,34.586008834838864,34.51129592895508,34.22057596842448,-1.1693053886733082,-0.0122156142220631,0.0127931773885041,0.0157783041680603,-0.0085287523909368,Metals & Mining,12.0,0.5000000001781154
2023-08-17,35.587772369384766,35.953711365154135,35.22182988372921,35.67925624585556,31428702,35.38040542602539,34.85741500854492,34.87926991780599,34.66148433685303,34.573505859375,34.31409428914388,-1.1783375887082812,-0.0046908761882022,0.002570654760889,0.0102827171077495,-0.0102828151719428,Metals & Mining,12.0,0.5000000000890577
2023-08-18,35.14559555053711,35.831735205405124,34.88638770179409,35.664014737909895,27623061,35.47494049072266,34.92145462036133,34.94127655029297,34.72628650665283,34.6198583984375,34.39744758605957,-1.2021494162841062,-0.0124249647957186,0.0147506160943362,0.0195227778650497,-0.0073752583981766,Metals & Mining,12.0,0.5000000000445288
2023-08-21,36.13668441772461,36.228168298776964,35.17608970712946,35.37430478274289,38809569,35.764644622802734,35.08155403137207,35.06224034627279,34.840643119812015,34.686947631835935,34.51536204020182,-1.1487779227732282,0.0281995183653205,-0.0210971107965782,0.0025316069397745,-0.0265822591660898,Metals & Mining,12.0,0.5
2023-08-21,36.13668441772461,36.228168298776964,35.17608970712946,35.37430478274289,38809569,35.764644622802734,35.08155403137207,35.06224034627279,34.840643119812015,34.686947631835935,34.51536204020182,-1.1487779227732282,0.0281995183653205,-0.0210971107965782,0.0025316069397745,-0.0265822591660898,Metals & Mining,12.0,0.5
2023-08-22,36.868568420410156,36.96005579751429,36.04520296579252,36.212923425691336,54345357,35.89882354736328,35.33466339111328,35.13644510904948,34.99159393310547,34.777213134765624,34.64852396647135,-1.1093649663842655,0.0202532139978665,-0.017783304934505,0.0024814464196416,-0.0223324498317604,Metals & Mining,12.0,0.7147749999999999
2023-08-23,37.31074142456055,37.84440432589363,37.08202825400551,37.20400675036232,60900111,36.20987243652344,35.67163352966308,35.248260243733725,35.14635620117188,34.91078155517578,34.7943920135498,-1.0855533442351153,0.0119932241227355,-0.002860695609977,0.0143031974428089,-0.0061299551234456,Metals & Mining,12.0,0.8221624999999999
2023-08-24,36.914306640625,37.61569350820659,36.76183351064177,37.61569350820659,30969618,36.475179290771486,35.927792358398435,35.39666976928711,35.27824726104736,35.02422332763672,34.890451431274414,-1.1069019005541316,-0.0106252186045969,0.0190004074682983,0.0190004074682983,-0.0041304617060158,Metals & Mining,12.0,0.87585625
2023-08-25,36.41114044189453,37.00579615294752,36.28915844095298,36.88381415200597,20067108,36.72828826904297,36.10161437988281,35.52373250325521,35.38802947998047,35.12668685913086,34.97126337687175,-1.1339980898057016,-0.0136306555512199,0.012981568398434,0.016331696943191,-0.0033501285447571,Metals & Mining,12.0,0.902703125
2023-08-28,37.31074142456055,37.38697798478355,36.4721253025634,36.80757314731667,35623839,36.96309967041016,36.36387214660645,35.708735911051434,35.53745517730713,35.26513442993164,35.06630630493164,-1.0855533442351153,0.0247067510588308,-0.0134858825644418,0.0020432871959177,-0.0224765332978644,Metals & Mining,12.0,0.9161265625
2023-08-29,37.447975158691406,37.87490692628384,37.37173509955148,37.569953669496996,37489161,37.07898101806641,36.48890228271485,35.91610260009766,35.622079086303714,35.409071350097655,35.160841115315755,-1.07816311961134,0.0036781293775235,0.003257279206384,0.0114006636081991,-0.0020358926969175,Metals & Mining,12.0,0.92283828125
2023-08-30,37.67668914794922,37.905402350401545,37.50896520218111,37.905402350401545,36415587,37.15217056274414,36.681021499633786,36.16514587402344,35.72423782348633,35.54751907348633,35.284346389770505,-1.065846557900622,0.0061075128438481,0.0060704166853464,0.0060704166853464,-0.0044516636031761,Metals & Mining,12.0,0.926194140625
2023-08-31,38.410240173339844,38.59753177968652,37.7547213372716,37.86397626276144,31771695,37.45135726928711,36.9632682800293,36.43564732869466,35.91034164428711,35.712869262695314,35.42874565124512,-1.026343830054798,0.0194696254363038,-0.0142218301190826,0.0048760852705282,-0.0170662519450538,Metals & Mining,12.0,0.9278720703125
2023-09-01,40.73577117919922,40.86062987529319,38.26977263614816,38.410242241544346,118169760,38.31628341674805,37.52228584289551,36.839837392171226,36.221870231628415,35.97368026733398,35.65828628540039,-0.901110798893034,0.0605445577888758,-0.0570881284516432,0.003065087329382,-0.0605364393913883,Metals & Mining,12.0,0.92871103515625
2023-09-04,43.076908111572266,43.77924900469573,41.51614938053441,41.54736405503449,140126880,39.46951675415039,38.21630821228028,37.39908701578776,36.64893112182617,36.32386749267578,35.96586481730143,-0.7750373672049082,0.0574712805134887,-0.0355072850766388,0.0163043478260869,-0.0362319117007047,Metals & Mining,12.0,0.929130517578125
2023-09-05,44.73130798339844,44.949814263107896,42.60867810357102,43.357840960164765,86687829,40.9261833190918,39.0025821685791,37.96799596150717,37.16862277984619,36.682899932861325,36.32859001159668,-0.6859456672101958,0.0384057246527805,-0.0307048258848907,0.004884862293554,-0.0474528909509018,Metals & Mining,12.0,0.9293402587890623
2023-09-06,44.356727600097656,44.918602457623265,43.373451064790984,44.70009616396728,52729332,42.26219100952149,39.70718078613281,38.54141133626302,37.689407157897946,37.03182846069336,36.66663106282552,-0.7061173341096261,-0.0083740091713795,0.0077410706886518,0.0126671846172072,-0.022167472410758,Metals & Mining,12.0,0.9294451293945312
2023-09-07,44.606449127197266,44.85617367075384,44.04457783492137,44.32551348105932,30561720,43.50143280029297,40.47639503479004,39.14265645345052,38.20209369659424,37.42855987548828,37.010963185628256,-0.6926694877011143,0.0056298455862433,-0.0062980948189094,0.0055983954886091,-0.0125961896378188,Metals & Mining,12.0,0.9294975646972656
2023-09-08,44.450374603271484,45.44925846250263,44.2474756495607,44.637662647659475,40717227,44.24435348510743,41.28031845092774,39.76297505696615,38.69096641540527,37.826366882324216,37.35212580362956,-0.7010743146714311,-0.0034989228459034,0.004213418808268,0.0224718884406798,-0.0045646174081028,Metals & Mining,12.0,0.9295237823486328
2023-09-11,45.10588836669922,45.808229226100664,44.16943388749729,44.637661127098255,54092700,44.650149536132815,42.0598331451416,40.360921986897786,39.211852645874025,38.2491748046875,37.71158116658528,-0.6657740003107656,0.0147470919936744,-0.0103806233854524,0.0155709350781785,-0.0207612467709048,Metals & Mining,12.0,0.9295368911743164
2023-09-12,42.60867691040039,45.57411358124579,42.37456330100259,45.386825551559696,57860838,44.225623321533206,42.5759033203125,40.74359588623047,39.53240280151367,38.58002288818359,37.94002049763997,-0.8002522589692082,-0.0553633138981133,0.0652014763800652,0.0695970137040693,-0.0054945054945054,Metals & Mining,12.0,0.9295434455871584
2023-09-13,44.38794708251953,44.59084247229272,42.3433536964973,42.76475538600915,44137557,44.23186721801758,43.24702911376953,41.21540959676107,39.96402530670166,38.99789916992187,38.231834920247394,-0.704436122203553,0.0417583999583154,-0.0365682984503153,0.0045709568274467,-0.0460619046477013,Metals & Mining,12.0,0.9295467227935792
2023-09-14,46.885154724121094,47.103661014029534,44.57523312925501,44.653273386409026,116522718,44.687608337402345,44.094520568847656,41.88013280232747,40.52889442443848,39.49919662475586,38.63840128580729,-0.5699580689717851,0.0562586874531305,-0.0476031560702907,0.0046604579038751,-0.0492676543024757,Metals & Mining,12.0,0.9295483613967896
2023-09-15,46.791507720947266,48.1493638125093,46.4637465208228,47.71235483282705,81095100,45.1558349609375,44.70009422302246,42.572157287597655,41.11119003295899,39.98394012451172,39.04794489542643,-0.57500108840998,-0.0019973700358857,0.0196797914136788,0.0290192848595507,-0.0070047155154552,Metals & Mining,12.0,0.9295491806983948
2023-09-18,46.46375274658203,46.79151399062379,46.01113279798395,46.79151399062379,30096213,45.427407836914064,45.03877868652344,43.18235804239909,41.627543449401855,40.45496368408203,39.44554697672526,-0.5926511428769754,-0.0070045824622682,0.0070541276730142,0.0070541276730142,-0.0097413558277722,Metals & Mining,12.0,0.92955
2023-09-18,46.46375274658203,46.79151399062379,46.01113279798395,46.79151399062379,30096213,45.427407836914064,45.03877868652344,43.18235804239909,41.627543449401855,40.45496368408203,39.44554697672526,-0.5926511428769754,-0.0070045824622682,0.0070541276730142,0.0070541276730142,-0.0097413558277722,Metals & Mining,12.0,0.92955
2023-09-20,46.21403121948242,47.30656273290315,45.652159911032136,46.19842388159717,41281590,46.14847869873047,45.18705101013184,43.76676177978516,42.09481658935547,40.85561798095703,39.84143218994141,-0.6060989892854872,-0.0053745449374615,-0.0003377185991658,0.02364068843577,-0.0121580241676345,Metals & Mining,12.0,0.90935
2023-09-21,44.934207916259766,46.04234310316079,44.6376613765093,45.870662400694094,36568677,46.257730865478514,45.244799041748045,44.2505963643392,42.47598991394043,41.22276641845704,40.20787111918131,-0.6750192278074442,-0.0276933924492421,0.0208405695317812,0.0246612823122678,-0.0065995719854039,Metals & Mining,12.0,0.89925
2023-09-22,44.70009231567383,45.277570888433374,44.044573491140405,44.949813262311764,30363030,45.82071838378906,45.254163360595705,44.66991984049479,42.86527919769287,41.5872592163086,40.55278358459473,-0.6876266736895941,-0.0052101864357382,0.0055865868212172,0.0129189570500518,-0.0146648203745111,Metals & Mining,12.0,0.8942
2023-09-25,44.668880462646484,45.027852783214,44.263082559143704,44.700095136409715,28517037,45.396192932128905,45.276013946533205,44.93212712605794,43.27816619873047,41.96819061279297,40.88598225911458,-0.6893074747423177,-0.0006982503035323,0.0006988013453645,0.00803629544438,-0.0090845774351143,Metals & Mining,12.0,0.891675
2023-09-26,44.65327453613281,45.839450038052696,44.40354999355864,44.65327453613281,41440311,45.03409729003906,45.23075256347656,45.037218221028645,43.64529285430908,42.308854217529294,41.218152618408205,-0.6901478752686795,-0.0003493690988454,0.0,0.0265641325130601,-0.0055925247401978,Metals & Mining,12.0,0.8904125
2023-09-27,44.465980529785156,44.87177485204394,44.13821931792225,44.71570148667146,27581574,44.68448715209961,45.41648292541504,45.01952972412109,43.99619312286377,42.6127507019043,41.49376284281413,-0.7002339141450693,-0.0041944069789574,0.0056160002300866,0.0091259501628884,-0.0073710555340921,Metals & Mining,12.0,0.88978125
2023-09-28,44.29429626464844,45.05906647200111,44.169434000034556,44.622057476578405,23996295,44.55650482177735,45.40711784362793,45.015367635091145,44.32707347869873,42.892092895507815,41.77838948567708,-0.7094793470684226,-0.0038610250598593,0.007399625675768,0.0172656588284718,-0.0028189242214812,Metals & Mining,12.0,0.8894656249999999
2023-09-29,46.18281173706055,46.494965606858244,44.73130803105918,44.746915367320035,43218834,44.853048706054686,45.33688354492188,45.1204584757487,44.715702056884766,43.26283309936523,42.13155746459961,-0.6077802011915602,0.0426356355483932,-0.0310915753227783,0.006759091923093,-0.0314295221838252,Metals & Mining,12.0,0.8893078125
2023-10-03,46.21403121948242,46.807120775993866,45.964310241027775,46.69786583850646,38584362,45.16207885742188,45.27913589477539,45.23803558349609,44.98961505889893,43.65494873046875,42.50050532023112,-0.6060989892854872,0.0006759978712344,0.0104694311718054,0.0128335386647986,-0.0054035748854857,Metals & Mining,12.0,0.8892289062500001
2023-10-04,45.511688232421875,46.588612359085786,44.84056201694037,46.19842178508036,44544651,45.333761596679686,45.183929443359375,45.265088907877605,45.11135406494141,43.9829866027832,42.813005447387695,-0.6439211215052623,-0.015197613549983,0.0150891689438421,0.0236625835799413,-0.0147462386377353,Metals & Mining,12.0,0.889189453125
2023-10-05,45.63655090332031,46.37010647395844,45.49608129520215,45.85505719800939,27332367,45.56787567138672,45.12618141174316,45.46694717407227,45.1566162109375,44.31052963256836,43.10527153015137,-0.637197095587669,0.0027435297557142,0.0047879668897847,0.0160738608882196,-0.003078006670919,Metals & Mining,12.0,0.8891697265625
2023-10-06,45.511688232421875,46.1047777620185,45.449258883713966,45.91748614360427,15230532,45.811354064941405,45.183929443359375,45.54186325073242,45.214364242553714,44.62392959594727,43.37863642374675,-0.6439211215052623,-0.0027360233941201,0.0089163449422056,0.0130315871072019,-0.0013717212244267,Metals & Mining,12.0,0.8891598632812501
2023-10-09,44.684486389160156,44.94981468006348,43.90410528054884,44.94981468006348,27540597,45.511688995361325,45.18236885070801,45.39515202840169,45.21826610565186,44.87489944458008,43.63764241536458,-0.6884670742159559,-0.0181755912687157,0.0059378167311259,0.0059378167311259,-0.0174642515036409,Metals & Mining,12.0,0.8891549316406251
2023-10-10,46.90076446533203,47.18170011753271,44.71570502652706,44.71570502652706,49325799,45.64903564453125,45.40555725097656,45.40243581136068,45.34078559875488,45.12149917602539,43.98729654947917,-0.5691174630187485,0.0495983786603288,-0.0465889940966764,0.005990001557615,-0.0465889940966764,Metals & Mining,12.0,0.8891524658203125
2023-10-11,46.9163703918457,48.00890186452982,46.72908234420602,47.540674600849556,69607749,45.929972076416014,45.63186683654785,45.43261032104492,45.43130970001221,45.27507766723633,44.307484181722,-0.5682770624923869,0.0003327435424897,0.0133067456793793,0.0232867859034977,-0.0039919551763158,Metals & Mining,12.0,0.8891512329101563
2023-10-12,49.63208770751953,49.91302333857572,47.11926722003121,47.29095149490069,175951353,46.72907943725586,46.14847755432129,45.66048075358073,45.78248023986816,45.47110885620117,44.71362126668294,-0.4220319639048308,0.0578842159568642,-0.0471698113207545,0.0056603629634064,-0.0506289500110552,Metals & Mining,12.0,0.88915
2023-10-12,49.63208770751953,49.91302333857572,47.11926722003121,47.29095149490069,175951353,46.72907943725586,46.14847755432129,45.66048075358073,45.78248023986816,45.47110885620117,44.71362126668294,-0.4220319639048308,0.0578842159568642,-0.0471698113207545,0.0056603629634064,-0.0506289500110552,Metals & Mining,12.0,0.88915
2023-10-13,49.91302490234375,51.22406265140108,48.945355713783066,49.31993537616339,107727240,47.60934677124023,46.71035041809082,45.992401885986325,46.05873413085938,45.69336074829101,45.12149912516277,-0.4069031110169207,0.0056603944706048,-0.0118824600861349,0.0262664455144205,-0.0193871076828935,Metals & Mining,12.0,0.6945749999999999
2023-10-16,51.58303451538086,51.73911145714629,50.006672049940825,50.38125170897124,90752613,48.98905639648437,47.25037269592285,46.45126469930013,46.29362812042236,45.97242416381836,45.56059226989746,-0.3169708050691717,0.0334583932010638,-0.0232980245869651,0.0030257417624177,-0.0305597078622816,Metals & Mining,12.0,0.5972875
2023-10-17,51.56742477416992,52.300980293372625,51.19284156031351,51.863967734636915,57844365,49.92238845825195,47.7857120513916,46.91116765340169,46.532423973083496,46.257106170654296,45.92164738972982,-0.3178114110222083,-0.0003026138604987,0.0057505869599974,0.014225172624291,-0.0072639503620129,Metals & Mining,12.0,0.54864375
2023-10-18,50.45928955078125,51.97322627543753,50.02227696164935,51.5674283609164,42484908,50.63097229003906,48.28047218322754,47.29823532104492,46.73220081329346,46.47124221801758,46.16772677103678,-0.3774860111941371,-0.0214890549264685,0.0219610466179858,0.0300031319928253,-0.0086606964351351,Metals & Mining,12.0,0.524321875
2023-10-19,51.005558013916016,51.208456974918164,49.58526885919156,50.022277884091665,33544575,50.90566635131836,48.81737289428711,47.73420715332031,46.97177715301514,46.8071174621582,46.37686843872071,-0.3480687059446788,0.0108259245819347,-0.019277901627036,0.0039779774774111,-0.0278457723045977,Metals & Mining,12.0,0.5121609375
2023-10-20,49.33554458618164,50.72461540053743,48.726847743880725,50.693400727438465,40050501,50.79017028808594,49.199758529663086,48.07029037475586,47.19184398651123,47.00502136230469,46.542829004923504,-0.4380012173191026,-0.0327417931057383,0.0275228773219449,0.0281555788226741,-0.0123378964883547,Metals & Mining,12.0,0.50608046875
2023-10-23,47.181697845458984,49.569659704897084,46.947584217850576,49.31993516797702,51812334,49.90990295410156,49.44947967529297,48.13688278198242,47.31592426300049,47.016883087158206,46.62867062886556,-0.5539888155575133,-0.0436570987264611,0.045319211053441,0.0506120374739318,-0.0049619585199166,Metals & Mining,12.0,0.503040234375
2023-10-25,47.74357223510742,48.305443507038056,47.010016685307264,47.71235756136577,54703158,49.14513244628906,49.533760452270506,48.238852183024086,47.469658851623535,47.05496566772461,46.73844388326009,-0.5237311097816932,0.0119087361266401,-0.0006537984545424,0.0117685218266401,-0.0153644881490612,Metals & Mining,12.0,0.5015201171875
2023-10-26,47.4626350402832,47.69674865794683,46.57300257870336,47.13487383217994,28422876,48.54580154418945,49.588386917114256,48.36891530354818,47.61012687683105,47.09492095947266,46.81700210571289,-0.5388599626696032,-0.005884293563975,-0.0069056681708691,0.0049325878654846,-0.0187438489419051,Metals & Mining,12.0,0.50076005859375
2023-10-27,48.19619369506836,48.64881362342318,47.57188948333641,47.75918110408505,29616945,47.98392868041992,49.44479751586914,48.53955815633138,47.796637535095215,47.17420745849609,47.00325266520182,-0.4993568239704298,0.0154554978703259,-0.0090673673059792,0.0093911965583526,-0.0129533924542225,Metals & Mining,12.0,0.500380029296875
2023-10-30,48.66442108154297,48.789279780824835,47.60310427619433,48.196193814654855,18802833,47.84970397949219,49.31993713378906,48.74974034627279,48.01514377593994,47.323415985107424,47.1458017985026,-0.4741421376328046,0.0097150283160746,-0.0096215521829293,0.002565708098585,-0.0218088858710612,Metals & Mining,12.0,0.5001900146484375
2023-10-31,48.133766174316406,49.2106867830278,47.946474546452045,49.00778781719897,25804383,48.04011764526367,48.975010299682616,48.97969233194987,48.112691497802736,47.460762939453126,47.18742218017578,-0.5027186315025517,-0.0109043711079473,0.0181581810930251,0.0223734956623034,-0.0038910653113259,Metals & Mining,12.0,0.5000950073242187
2023-11-01,47.96208190917969,48.4771312068546,47.68114268109276,48.16498087511328,13740702,48.08381958007813,48.61447601318359,49.05044682820638,48.2000940322876,47.59249099731446,47.226441319783525,-0.511964064425905,-0.003566815538908,0.0042304036408968,0.0107386768291293,-0.0058575277991249,Metals & Mining,12.0,0.5000475036621094
2023-11-02,49.91302490234375,50.10031651967915,48.10254522191901,48.24301482799317,33625743,48.57389755249024,48.55984954833984,49.250223795572914,48.42016086578369,47.80288101196289,47.34141705830892,-0.4069031110169207,0.0406767787282116,-0.0334584024434103,0.0037523595835322,-0.036272690023636,Metals & Mining,12.0,0.5000237518310546
2023-11-03,49.772560119628906,50.33443141346767,49.41358421302207,50.33443141346767,25067283,48.88917083740235,48.436549758911134,49.25958862304688,48.62696132659912,48.01514419555664,47.460034688313804,-0.414467332034201,-0.002814190944942,0.0112887762351041,0.0112887762351041,-0.0072123255413029,Metals & Mining,12.0,0.5000118759155273
2023-11-06,50.053497314453125,50.64658330159183,49.7725616588458,50.14714134222534,22768914,49.166986083984376,48.50834503173828,49.26895345052083,48.854051780700686,48.24551223754883,47.63067766825358,-0.3993384791462909,0.0056444192171144,0.0018708788155983,0.0118490419043595,-0.0056127078162468,Metals & Mining,12.0,0.5000059379577637
2023-11-07,50.89630126953125,51.36452852526674,50.06910168962014,50.10031636369711,48076854,49.71949310302735,48.87980537414551,49.22317123413086,49.16464252471924,48.43405181884766,47.83721796671549,-0.3539523313359103,0.0168380632782429,-0.0156393467890494,0.0091996322729996,-0.0162526462488995,Metals & Mining,12.0,0.5000029689788819
2023-11-08,50.69340133666992,51.5049971361582,50.52172063256235,51.286490849549075,19033761,50.26575698852539,49.17478828430176,49.1649030049642,49.35427436828613,48.61322662353516,48.03803532918294,-0.364878770738662,-0.0039865359132254,0.0116995407141902,0.0160098904016763,-0.0033866479577369,Metals & Mining,12.0,0.5000014844894409
2023-11-09,50.89630126953125,51.4737834568266,50.474899597201684,50.755835236184886,19959702,50.46241226196289,49.51815490722656,49.19403711954752,49.55327091217041,48.82861114501953,48.24613622029622,-0.3539523313359103,0.0040024919912911,-0.0027598475693253,0.0113462505700989,-0.0082796128956001,Metals & Mining,12.0,0.5000007422447205
2023-11-10,52.65995788574219,52.94089351913728,50.3968583372726,50.70901221641416,73074960,51.03989181518555,49.96453132629394,49.30433044433594,49.704664421081546,49.1095474243164,48.51926879882812,-0.2589770059499664,0.0346519604022137,-0.037047991446576,0.0053349004570921,-0.0429757189206246,Metals & Mining,12.0,0.5000003711223602
2023-11-13,54.70454788208008,55.500536348833485,53.096970756338564,53.98660324398512,78027435,51.97010192871094,50.56854400634766,49.66226399739583,49.94424057006836,49.477261810302736,48.86627718607585,-0.1488730331027871,0.0388262748096778,-0.013124039332937,0.0145506817544533,-0.0293865352695497,Metals & Mining,12.0,0.5
2023-11-13,54.70454788208008,55.500536348833485,53.096970756338564,53.98660324398512,78027435,51.97010192871094,50.56854400634766,49.66226399739583,49.94424057006836,49.477261810302736,48.86627718607585,-0.1488730331027871,0.0388262748096778,-0.013124039332937,0.0145506817544533,-0.0293865352695497,Metals & Mining,12.0,0.5
2023-11-15,53.003326416015625,54.626514550479556,52.051264522678096,54.54847786161275,89859765,52.39150695800781,51.05550003051758,50.05037256876628,50.0152551651001,49.81001541137695,49.09362767537435,-0.2404861401032597,-0.0310983552908904,0.0291519712077965,0.030624269158576,-0.0179623045894313,Metals & Mining,12.0,0.5
2023-11-16,52.722389221191406,53.6744510866724,52.47266825183363,53.36230076804781,33888945,52.79730453491211,51.53153076171875,50.38229370117188,50.07300338745117,50.04288040161133,49.310572942097984,-0.2556149929911698,-0.0053003691243674,0.0121373776171584,0.0180580182261222,-0.0047365260384937,Metals & Mining,12.0,0.5
2023-11-17,52.722389221191406,53.253045834540366,52.44145357720023,52.722389221191406,20917053,53.16252212524414,51.81246719360352,50.73294397989909,50.18615837097168,50.275121154785154,49.550929641723634,-0.2556149929911698,0.0,0.0,0.0100651093622226,-0.0053285833237287,Metals & Mining,12.0,0.5
2023-11-20,53.28425979614258,54.00220439955215,52.78481432530379,53.315474468265585,39013038,53.28738250732422,52.16363716125488,51.07214838663737,50.300093460083005,50.42120803833008,49.80585327148437,-0.2253574926420244,0.0106571531231997,0.0005858141267689,0.0134738589999432,-0.0093732271546904,Metals & Mining,12.0,0.5
2023-11-21,52.972110748291016,53.76809567669535,52.17612581988668,53.64323697684709,36456999,52.940895080566406,52.45549850463867,51.35932769775391,50.48192176818848,50.54357147216797,50.05453402201335,-0.242167146582658,-0.0058581849320192,0.0126694258370236,0.0150264906789656,-0.0150264906789657,Metals & Mining,12.0,0.5
2023-11-22,53.53398132324219,53.59641424461842,52.53509744870861,53.06575406051826,33752805,53.04702606201172,52.71926651000977,51.71934204101562,50.79953594207764,50.62160934448242,50.34951718648275,-0.2119096462335127,0.0106069130909475,-0.0087463560742239,0.0011662297447907,-0.0186588751638373,Metals & Mining,12.0,0.5
2023-11-23,53.814918518066406,54.31436043658015,53.34669127292348,54.00220655829128,34383183,53.26553192138672,53.03141822814941,52.10953114827474,51.10310325622559,50.71150909423828,50.57998898824056,-0.1967807933456026,0.0052478292830099,0.0034802252866368,0.009280733526449,-0.0087006959786761,Metals & Mining,12.0,0.5
2023-11-24,54.064640045166016,55.3600668651125,53.83052642013564,54.43921970184035,70943223,53.53398208618164,53.34825210571289,52.38630549112956,51.43320350646973,50.85572311401367,50.81826464335124,-0.1833329469370909,0.0046403773149962,0.0069283667913335,0.0239607036847795,-0.0043302540224959,Metals & Mining,12.0,0.5
2023-11-28,56.70232009887695,56.93643372733828,54.23632154534868,54.47043517381002,66480168,54.21759414672852,53.75248832702637,52.848289489746094,51.85850982666015,51.08359359741211,51.05393905639649,-0.0412902618346932,0.0487875264037159,-0.0393614391999304,0.0041288192097446,-0.0434902584096751,Metals & Mining,12.0,0.5
2023-11-29,56.34334182739258,57.27979630177905,55.71904122599514,57.10811560115443,45844743,54.89184036254883,53.91636772155762,53.26761245727539,52.24245586395264,51.36390548706055,51.26828295389812,-0.0606217336344364,-0.006330927391655,0.0135734542708654,0.0166204993174756,-0.0110802906102015,Metals & Mining,12.0,0.5
2023-11-30,56.65549850463867,56.96764882078779,55.157172700374346,56.28091526742734,52592415,55.516143798828125,54.281584930419925,53.65155893961589,52.66854248046875,51.74285751342774,51.43736508687337,-0.0438116688404533,0.0055402584781425,-0.0066115954690728,0.0055096208556626,-0.0264462557705965,Metals & Mining,12.0,0.5
2023-11-30,56.65549850463867,56.96764882078779,55.157172700374346,56.28091526742734,52592415,55.516143798828125,54.281584930419925,53.65155893961589,52.66854248046875,51.74285751342774,51.43736508687337,-0.0438116688404533,0.0055402584781425,-0.0066115954690728,0.0055096208556626,-0.0264462557705965,Metals & Mining,12.0,0.5
2023-12-01,56.82718276977539,57.654382357635285,56.530636218613644,57.10811841145817,32549223,56.11859664916992,54.69206428527832,54.06047770182292,53.11179752349854,52.10620193481445,51.61269035339355,-0.0345662359171,0.0030303195571152,0.0049436841312535,0.0145564067677108,-0.0052183926196579,Metals & Mining,12.0,0.5740000000000001
2023-12-04,57.45148468017578,58.060181560940585,57.21737104484941,57.84167526314993,31693020,56.795965576171874,55.16497383117676,54.49748992919922,53.48872051239014,52.50575592041016,51.845763524373375,-0.000946722609158,0.0109859732608887,0.0067916536038412,0.0105949721604816,-0.0040749797264535,Metals & Mining,12.0,0.611
2023-12-05,57.12372589111328,58.122609762827956,56.40577766178205,57.7480265247897,26717388,56.88024673461914,55.54892044067383,54.79507446289063,53.856278800964354,52.86285720825195,52.04970245361328,-0.0185969825028282,-0.0057049663883724,0.0109289200579534,0.0174863221215419,-0.0125683018418608,Metals & Mining,12.0,0.6295
2023-12-06,57.52952575683594,58.35672537484377,56.67110789102291,57.12372783056535,28795671,57.11748352050781,56.00466194152832,54.98340632120768,54.2300802230835,53.21746139526367,52.32283515930176,0.003255896302675,0.0071038760058504,-0.0070537332079844,0.0143786969756054,-0.0149213443796035,Metals & Mining,12.0,0.6387499999999999
2023-12-07,57.46708679199219,57.87288467560118,57.10811448902289,57.52951970874836,17617320,57.27980117797851,56.39797248840332,55.28099034627279,54.55861949920654,53.590794219970704,52.66568145751953,-0.000106527509471,-0.0010853377291456,0.0010864117226292,0.0070613964664298,-0.0062465721338657,Metals & Mining,12.0,0.643375
2023-12-08,57.31101608276367,58.9966334673734,56.468205604313596,57.74802508653696,36814326,57.37656784057617,56.74758224487304,55.58689880371094,54.88950023651123,53.96475158691406,52.984596252441406,-0.0085111490531131,-0.0027158277536049,0.0076252182153286,0.0294117518728946,-0.0147059071022743,Metals & Mining,12.0,0.6456875
2023-12-11,57.68559646606445,57.85728074574364,56.65549793257027,57.43587550120857,15838959,57.4233901977539,57.10967788696289,55.91777928670248,55.22896499633789,54.27565444946289,53.32536163330078,0.0116605178463171,0.0065359229150612,-0.0043290003077768,0.0029762070637544,-0.0178571185287158,Metals & Mining,12.0,0.6468437499999999
2023-12-12,57.13933181762695,58.341114615917306,56.9052181927057,57.90410203975892,16766730,57.42651138305664,57.15337905883789,56.17478408813477,55.45293369293213,54.57032531738281,53.62346623738607,-0.0177565819764664,-0.0094696888288025,0.013384304607777,0.0210324965319179,-0.0040972412080084,Metals & Mining,12.0,0.647421875
2023-12-13,59.823829650878906,59.90186990294589,57.545126450785204,57.65437780247268,65798970,57.885372161865234,57.501427841186526,56.63156534830729,55.70889778137207,54.961138610839846,53.9954465230306,0.1268073047050165,0.0469816105274057,-0.036264008189826,0.0013045011080436,-0.0380902261421878,Metals & Mining,12.0,0.6477109375000001
2023-12-14,59.886268615722656,61.04122945452524,59.66776231798754,60.71347179406786,58425753,58.36920852661133,57.82450485229492,57.05505116780599,56.05304489135742,55.3207373046875,54.38719660441081,0.1301697285171626,0.0010437139382104,0.0138129023141044,0.0192859041897186,-0.003648687800825,Metals & Mining,12.0,0.64785546875
2023-12-15,60.85392761230469,61.74356361588985,60.541780895766365,60.80710917711413,39687279,59.07779083251953,58.22717933654785,57.52431844075521,56.459621810913085,55.72715835571289,54.816924794514975,0.182279491391787,0.0161582783324052,-0.0007693576573862,0.014619204355271,-0.0051294424006118,Metals & Mining,12.0,0.6479277343750001
2023-12-18,61.04122543334961,61.57188201905261,59.71458039680176,60.85393025072575,28694427,59.74891662597656,58.58615341186523,57.98942413330078,56.875563621521,56.13295532226562,55.18786481221517,0.1923657356948516,0.0030778263358477,-0.0030683391641336,0.0086934130488978,-0.0217335911448305,Metals & Mining,12.0,0.6479638671875001
2023-12-19,60.43252944946289,61.4938426359129,59.93308752968755,61.04122629860244,21005178,60.40755615234375,58.9170337677002,58.23810475667317,57.232977104187015,56.44385818481445,55.54319712320964,0.1595866229132714,-0.0099718834208423,0.0100723377737907,0.0175619520830669,-0.0082644549934486,Metals & Mining,12.0,0.64798193359375
2023-12-20,57.24858474731445,62.00889763293729,56.764750147345936,60.791503892090205,48951585,59.89250717163086,58.88893966674805,58.29845428466797,57.446800804138185,56.54561965942383,55.78303337097168,-0.0118731620119097,-0.0526859413490383,0.0618865804353696,0.0831516256102058,-0.0084514683132181,Metals & Mining,12.0,0.6479909667968751
2023-12-21,60.44813919067383,60.76028591914003,56.1560538007474,56.49941877435055,73561743,60.00488128662109,59.18704490661621,58.55129699707031,57.79250869750977,56.84341217041016,56.101427968343096,0.1604272288663079,0.0558887954607378,-0.0653241021012686,0.005163876550138,-0.0710044254031996,Metals & Mining,12.0,0.6479954833984376
2023-12-22,60.99440383911133,61.60310071941675,59.85505033841075,61.322161499404665,41088369,60.03297653198242,59.55538368225098,58.82911173502604,58.15148296356201,57.17429275512696,56.44479471842448,0.1898443286890915,0.0090369142169024,0.0053735693713456,0.0099795529096573,-0.0186796399175557,Metals & Mining,12.0,0.6479977416992189
2023-12-26,63.00777816772461,63.97544731637089,60.822715342758485,61.10365454331865,93768723,60.42628707885742,60.087601852417,59.19953130086263,58.59863986968994,57.58570831298828,56.848510615030925,0.2982672950568724,0.0330091648067268,-0.0302204534071531,0.0153579316202894,-0.0346792553000291,Metals & Mining,12.0,0.6479988708496094
2023-12-27,62.88292694091797,63.66330100030098,61.91525767740109,63.554053204519526,33151062,60.91636657714844,60.66196136474609,59.58347803751628,58.907670211792,57.9696549987793,57.18927625020345,0.2915438854193034,-0.0019815208603974,0.0106726308117324,0.0124099512752677,-0.015388425930397,Metals & Mining,12.0,0.6479994354248046
2023-12-28,64.66219329833984,64.7558373298732,62.804887855644225,63.257511391594576,78062277,62.39908828735352,61.14579772949219,60.05898920694987,59.32361278533936,58.43725830078125,57.52119776407878,0.3873598167582839,0.0282949036245338,-0.0217233878885659,0.0014482037610648,-0.0287232051366761,Metals & Mining,12.0,0.6479997177124024
2023-12-29,65.44255828857422,66.37901276308597,63.585260248263566,65.13041156012407,68433558,63.3979721069336,61.70142669677735,60.590687306722,59.76296577453613,58.91360137939453,57.9358388264974,0.4293835407565184,0.012068334685678,-0.0047697818760952,0.0143095639749042,-0.0283805842693488,Metals & Mining,12.0,0.6479998588562013
2024-01-01,66.00443267822266,67.08135680395911,65.31770269844608,65.83275554171425,51615849,64.39997787475586,62.21647720336914,61.170248413085936,60.22182826995849,59.40118194580078,58.37857360839844,0.4596412465323385,0.0085857644374293,-0.0026009940475566,0.0163159364006135,-0.0104043009220977,Metals & Mining,12.0,0.6479999294281007
2024-01-02,67.97099304199219,68.67333393285807,65.72350076230515,66.50387476687992,106314534,65.39262084960937,62.9094539642334,61.85594151814779,60.74780368804932,59.95743606567383,58.88686040242513,0.5655432167477088,0.029794368104892,-0.0215844761044743,0.0103329502694182,-0.0330654618845799,Metals & Mining,12.0,0.648
2024-01-02,67.97099304199219,68.67333393285807,65.72350076230515,66.50387476687992,106314534,65.39262084960937,62.9094539642334,61.85594151814779,60.74780368804932,59.95743606567383,58.88686040242513,0.5655432167477088,0.029794368104892,-0.0215844761044743,0.0103329502694182,-0.0330654618845799,Metals & Mining,12.0,0.648
2024-01-03,67.86174011230469,68.53286634857973,66.4882729644335,67.93978037289799,45354606,66.38838348388671,63.652375030517575,62.57076873779297,61.28470439910889,60.40381286621093,59.372776412963866,0.5596597967831521,-0.0016073463811247,0.0011499890875794,0.0098896113651727,-0.0202391973090908,Metals & Mining,12.0,0.648
2024-01-04,69.78146362304688,70.07801373835314,68.37678188092787,68.37678188092787,59333100,67.41223754882813,64.90566291809083,63.23461100260417,61.89730129241944,60.94133773803711,59.93308817545573,0.6630395382860634,0.0282887457286716,-0.0201297259929509,0.0042496975544707,-0.0201297259929509,Metals & Mining,12.0,0.648
2024-01-05,69.5161361694336,70.95203260249698,68.70454750349751,69.60978733570931,45965283,68.226953125,65.8124626159668,63.87660217285156,62.4997537612915,61.455763244628905,60.46582667032877,0.6487512913511899,-0.0038022626617085,0.0013471860122873,0.0206555846194276,-0.0116748241582066,Metals & Mining,12.0,0.648
2024-01-08,67.17499542236328,69.87511097419312,66.95649271965345,69.81268163056174,45995325,68.46106567382813,66.43052177429199,64.29800669352214,62.99295272827148,61.86967575073242,60.91116256713868,0.5226776542363893,-0.0336776592612136,0.0392658933821132,0.0401952472769493,-0.0032527386319267,Metals & Mining,12.0,0.648
2024-01-09,67.89295196533203,68.87623205852438,67.58079808051617,68.36117922026536,30473721,68.4454574584961,66.91903915405274,64.75478846232096,63.50332050323486,62.28733444213867,61.37210629781087,0.5613405978358758,0.010687853991721,0.0068965517241379,0.0144828007139008,-0.0045977362271013,Metals & Mining,12.0,0.648
2024-01-10,65.81714630126953,67.58080045150578,65.42695928999616,67.58080045150578,55437963,68.03653869628906,67.21246109008788,65.11376291910807,63.937211227417,62.63507125854492,61.67593383789063,0.4495556185092981,-0.0305746856481135,0.0267962719344188,0.0267962719344188,-0.0059283489668078,Metals & Mining,12.0,0.648
2024-01-11,65.42695617675781,66.61312806398568,65.3020903376437,66.31658509217873,25756722,67.16563720703125,67.28893737792968,65.65898768107097,64.21736755371094,62.9509684753418,61.97872098286947,0.4285433456568314,-0.0059283962681346,0.0135972841685847,0.0181297122247794,-0.0019084769705129,Metals & Mining,12.0,0.648
2024-01-12,65.97321319580078,66.55069534563648,65.0991880891793,65.83275074385628,27971124,66.4570526123047,67.34200286865234,66.02732594807942,64.52171478271484,63.291213531494144,62.28931147257487,0.4579600346262655,0.0083491125212549,-0.0021290830799407,0.0087532821559228,-0.0132481815616208,Metals & Mining,12.0,0.648
2024-01-15,65.3645248413086,67.08135327266326,65.05237096988928,66.95649458192779,40496259,66.09495849609375,67.27801208496093,66.31866734822592,64.74724464416504,63.613353881835934,62.57388954162597,0.4251813326980347,-0.0092262954160754,0.0243552560732929,0.0262654465174001,-0.0047755854139099,Metals & Mining,12.0,0.648
2024-01-16,66.41023254394531,66.80042670139117,64.11592176275443,65.48938890731873,53173383,65.79841461181641,67.12193603515625,66.54549763997396,65.01569499969483,63.96233932495117,62.872514470418295,0.4814941253378418,0.0159980923165199,-0.013865990245061,0.0058755125904379,-0.0345475492752217,Metals & Mining,12.0,0.648
2024-01-17,64.4280776977539,65.95761826692956,64.00666885173231,65.50499474467466,45128694,65.52060089111328,66.77856979370117,66.64850769042968,65.21547241210938,64.25388916015625,63.11599286397298,0.3747523708761339,-0.0298471300319535,0.0167150268237523,0.0237402794531764,-0.0065407639197077,Metals & Mining,12.0,0.648
2024-01-18,63.554054260253906,65.16163513748477,61.36899113960477,64.42807950851356,56021649,65.1460205078125,66.15582885742188,66.57463175455729,65.53074588775635,64.40309814453126,63.31681048075358,0.3276850111596802,-0.0135658779329135,0.0137524703723939,0.0252947022175455,-0.0343811759309846,Metals & Mining,12.0,0.648
2024-01-19,65.81714630126953,65.97321967686264,63.88180786559027,64.47489383742526,38519142,65.11480712890625,65.78592987060547,66.59960428873698,65.79919624328613,64.64033325195312,63.59514579772949,0.4495556185092981,0.0356089327007882,-0.0203936593923457,0.0023713178763282,-0.0294047758743671,Metals & Mining,12.0,0.648
2024-01-23,63.195064544677734,67.3935058111348,62.89852158775586,67.03453351007995,59548896,64.68091506958008,65.38793678283692,66.41231307983398,65.90922927856445,64.73397872924805,63.79128074645996,0.3083529230799128,-0.0398388855176059,0.0607558358087882,0.066436220877484,-0.0046925018442258,Metals & Mining,12.0,0.648
2024-01-24,66.11368560791016,66.33219546616144,63.507221085360484,63.95984456626342,53581488,64.62160568237304,65.21001014709472,66.28849258422852,66.06452465057373,64.93687713623046,64.07221705118815,0.4655246664968953,0.0461843196816265,-0.0325778395477779,0.0033050624275761,-0.0394239785391395,Metals & Mining,12.0,0.648
2024-01-25,67.78369903564453,67.95538332013412,66.23854761981931,66.70677488857962,54609993,65.29272994995117,65.40666542053222,66.28328984578451,66.30956325531005,65.23092391967774,64.42702929178874,0.555457177871319,0.025259723646908,-0.0158876568022439,0.0025328255455534,-0.0227953245073374,Metals & Mining,12.0,0.648
2024-01-29,68.96987915039062,69.29763681451601,67.8617403117819,68.53286655002971,50979381,66.37589492797852,65.76095771789551,66.22918421427408,66.5249475479126,65.69977569580078,64.73189760843913,0.6193346023817557,0.0174994892816683,-0.0063362819500959,0.0047521855651029,-0.0160669969595336,Metals & Mining,12.0,0.648
2024-01-30,68.5796890258789,69.75025728418598,68.3767900514669,69.25081530361373,26510319,66.92840347290038,66.02160530090332,66.16675440470378,66.68180408477784,66.02503768920899,65.02167828877766,0.598322329529289,-0.0056573989880553,0.0097860793373032,0.0170687309163117,-0.0029585869707785,Metals & Mining,12.0,0.648
2024-01-31,68.62650299072266,69.28201824651686,68.17388667497532,68.82940193076952,21678369,68.01469116210937,66.34780311584473,66.26352157592774,66.81290760040284,66.33032165527344,65.28076413472493,0.6008433256816996,0.0006826214220085,0.0029565682528556,0.0095519256734211,-0.0065953574205657,Metals & Mining,12.0,0.648
2024-02-01,70.35894775390625,70.76474566550937,68.26753599169908,69.2976345356095,46716180,68.86374359130859,66.74267463684082,66.42792129516602,66.93230533599854,66.62436843872071,65.59135487874349,0.69413785001492,0.025244543837791,-0.0150842679172645,0.0057675380965398,-0.029724886869006,Metals & Mining,12.0,0.648
2024-02-02,73.52728271484375,74.13597957455725,71.07689865586514,71.57634058431653,116794920,70.01246032714843,67.6525951385498,66.94193038940429,67.21558246612548,67.05014266967774,66.02784665425618,0.8647570289870646,0.0450310168369679,-0.0265335812570884,0.0082785169972101,-0.033326188164491,Metals & Mining,12.0,0.648
2024-02-05,75.36897277832031,77.10141923709567,74.04233134755496,74.9163564588523,94601658,71.29227905273437,68.83408699035644,67.60473149617513,67.49495792388916,67.47841384887695,66.63185958862304,0.9639345624314922,0.0250477101216846,-0.0060053401656311,0.0229862023444438,-0.0176019571696611,Metals & Mining,12.0,0.648
2024-02-06,76.02450561523438,76.3210486142946,73.35561147911092,75.61870767612625,59841120,72.78124237060547,69.85482292175293,68.2748176574707,67.8203763961792,67.90169174194335,67.15107180277506,0.9992359039255316,0.0086976485515087,-0.005337725458708,0.0039006238404371,-0.0351057085412817,Metals & Mining,12.0,0.648
2024-02-07,75.9932861328125,77.11702870498225,74.91636200014422,76.91412974825978,52172340,74.25459899902344,71.1346450805664,68.98340174357097,68.26129093170167,68.30124588012696,67.65103454589844,0.9975546920194585,-0.0004106502524314,0.0121174338195868,0.0147873927994874,-0.0141713062754801,Metals & Mining,12.0,0.648
2024-02-08,76.28982543945312,76.91412604453137,75.08804266654361,76.39908036733054,27368601,75.4407745361328,72.1522590637207,69.64204126993815,68.68113460540772,68.63399917602538,68.09376945495606,1.0135237400070556,0.0039021777018875,0.0014321035242652,0.0081832747877201,-0.0157528578154015,Metals & Mining,12.0,0.648
2024-02-09,75.38459014892578,76.50833273430713,72.96541354936903,76.27421910030426,38488728,75.81223602294922,72.91234817504883,70.3724754333496,69.15950679779053,68.93491317749023,68.51049156188965,0.9647755792378784,-0.0118657407500005,0.01180120432599,0.0149067943881016,-0.0320911289001843,Metals & Mining,12.0,0.648
2024-02-12,71.81045532226562,76.38347300633089,71.23297312761188,75.15047550312714,47138400,75.10053253173828,73.19640579223633,70.92290217081705,69.47868175506592,69.01607284545898,68.74876696268717,0.7723035214602303,-0.0474120084701566,0.0465116140243426,0.0636817809265073,-0.0080417564832607,Metals & Mining,12.0,0.648
2024-02-13,70.79595947265625,73.19952509386428,69.96875989468043,73.19952509386428,48703704,74.05482330322266,73.41803283691407,71.2548230489095,69.71981906890869,69.06726577758789,68.92721366882324,0.7176715298731469,-0.0141274114619743,0.0339506045134732,0.0339506045134732,-0.0116842766753562,Metals & Mining,12.0,0.648
2024-02-14,73.52728271484375,74.07355022657345,69.70343156647861,70.35894686488952,45496641,73.5616226196289,73.90811080932617,71.94363759358724,70.12795696258544,69.3213572692871,69.17797533671062,0.8647570289870646,0.0385802136524815,-0.0430906152515085,0.0074294532799239,-0.0520058814521262,Metals & Mining,12.0,0.648
2024-02-15,77.08580780029297,78.78703243060723,75.85281039463696,77.66328994925959,187542936,73.72081909179687,74.58079681396484,72.67511240641277,70.66173572540283,69.68907150268555,69.48180249532064,1.056388480811676,0.0483973425109428,0.0074914198274047,0.0220692327013247,-0.0159951285566124,Metals & Mining,12.0,0.648
2024-02-16,76.27421569824219,77.41356914254295,75.275331856994,77.41356914254295,59836356,73.89874420166015,74.8554901123047,73.24114685058593,71.25404262542725,70.10735427856446,69.76221834818521,1.012683134054019,-0.0105284244299986,0.0149375963275493,0.0149375963275493,-0.0130959568984622,Metals & Mining,12.0,0.648
2024-02-16,76.27421569824219,77.41356914254295,75.275331856994,77.41356914254295,59836356,73.89874420166015,74.8554901123047,73.24114685058593,71.25404262542725,70.10735427856446,69.76221834818521,1.012683134054019,-0.0105284244299986,0.0149375963275493,0.0149375963275493,-0.0130959568984622,Metals & Mining,12.0,0.648
2024-02-19,76.8829116821289,78.1627347150617,76.35225509398134,76.72683831637394,39536532,74.91323547363281,75.00688400268555,73.76868235270182,71.920485496521,70.5655924987793,69.99893328348796,1.0454622468355992,0.0079803637220585,-0.0020300137226884,0.016646391310259,-0.0069021395852117,Metals & Mining,12.0,0.473525
2024-02-20,75.21290588378906,77.6008678090565,74.66663835611676,77.4916128746058,56029344,75.79662475585937,74.92572402954102,74.21089680989583,72.39027347564698,70.93518020629882,70.1888256072998,0.9555301463145248,-0.0217214171758277,0.0302967551119159,0.0317493639849131,-0.00726294937356,Metals & Mining,12.0,0.3862875
2024-02-21,72.60643768310547,76.39908122725267,72.20063978463385,76.39908122725267,63622833,75.61245574951172,74.58703918457032,74.47622578938802,72.86084213256837,71.2248567199707,70.36987368265788,0.8151682622648508,-0.0346545339533993,0.0522356372956951,0.0522356372956951,-0.0055890071379447,Metals & Mining,12.0,0.3426687499999999
2024-02-22,74.60420227050781,74.79149744759593,72.20063679709065,73.35560109796255,53701776,75.11613464355469,74.41847686767578,74.75924275716146,73.28536796569824,71.5526155090332,70.59358202616373,0.9227506226795952,0.0275149787147207,-0.0167363383635944,0.0025105177910622,-0.03221756148135,Metals & Mining,12.0,0.3208593749999999
2024-02-23,74.38569641113281,75.1816812324024,73.66774469447505,75.1816812324024,48621681,74.73843078613281,74.31858749389649,74.81647033691407,73.61546783447265,71.95092025756836,70.87920036315919,0.910983782750482,-0.0029288679822983,0.0107007779677177,0.0107007779677177,-0.0096517442370858,Metals & Mining,12.0,0.3099546875
2024-02-26,73.3399887084961,74.66663010675099,72.82493591263108,74.33887248419158,45095202,74.02984619140625,74.47154083251954,74.68120473225912,73.83397331237794,72.34235763549805,71.14296811421713,0.8546709901106748,-0.0140579137265456,0.0136199063196715,0.0180889228593679,-0.0070228098604185,Metals & Mining,12.0,0.3045023437499999
2024-02-27,72.0120620727539,74.01195525993855,71.16411034950562,73.4359881898797,62647536,73.38967742919922,74.5931510925293,74.41370849609375,74.00559196472167,72.59015426635742,71.34426307678223,0.783160321220245,-0.0181064472346769,0.0197734390064707,0.0277716417169688,-0.0117751345933074,Metals & Mining,12.0,0.3017761718749999
2024-02-28,71.37210083007812,73.40399181951094,71.03612064315129,72.63603082897637,57629769,73.14281005859375,74.37763290405273,74.10562947591146,74.14287185668945,72.91723571777344,71.54451560974121,0.748697531412495,-0.0088868617875325,0.0177090205304086,0.0284689810976743,-0.004707444267708,Metals & Mining,12.0,0.3004130859374999
2024-02-29,72.2840576171875,73.46798957941566,70.79613589926849,71.67608542962482,491520069,72.67878112792968,73.89745788574218,73.83857828776041,74.23912734985352,73.16405059814453,71.74030977884928,0.7978076539825643,0.0127774967599812,-0.0084108751999295,0.0163788807830655,-0.0205843690430186,Metals & Mining,12.0,0.2997315429687499
2024-03-01,73.93196105957031,75.05190481846182,72.6680310184896,72.76403163837445,46149936,72.5880340576172,73.663232421875,73.74173634847006,74.25936126708984,73.40998107910156,72.05710589090982,0.8865495123501943,0.0227976056782813,-0.0157973548172868,0.0151483031538839,-0.0170958543905295,Metals & Mining,12.0,0.299390771484375
2024-03-04,76.81180572509766,77.40377538408403,74.82791493025493,75.67587404203677,49682751,73.2823974609375,73.65612182617187,74.07515970865886,74.33150291442871,73.72365814208985,72.49903093973795,1.0416330936184437,0.0389526346150472,-0.014788503828777,0.0077067535829711,-0.0258279411102881,Metals & Mining,12.0,0.2992203857421874
2024-03-05,77.64376068115234,77.91574534945676,76.49182647701825,76.76381114532266,41868192,74.40873718261719,73.8992073059082,74.53167978922527,74.4124656677246,74.08622100830078,72.89325141906738,1.0864350079658631,0.0108310818656207,-0.0113331648043586,0.0035029816422897,-0.0148361464466483,Metals & Mining,12.0,0.2991351928710937
2024-03-06,77.09978485107422,78.45970807806133,75.38787890987217,77.73974743015901,39410871,75.55427398681641,74.34854202270508,74.7698465983073,74.4677906036377,74.42515228271485,73.35674209594727,1.0571411641479238,-0.0070060469161454,0.0083004457187649,0.0176384827741598,-0.0222037706656219,Metals & Mining,12.0,0.2990925964355468
2024-03-07,76.41182708740234,78.0117373042568,75.9158580694196,76.31583379267848,45042561,76.37982788085938,74.52930450439453,74.72491455078125,74.47389068603516,74.66726745605469,73.700013478597,1.0200936959185938,-0.0089229530925505,-0.0012562622617839,0.0209379919030652,-0.0064907362758835,Metals & Mining,12.0,0.2990712982177734
2024-03-11,73.2280044555664,75.99585149867664,73.0520130804594,75.19590002396015,44313108,76.2390365600586,74.4135353088379,74.52183380126954,74.36606140136719,74.6552963256836,73.88149032592773,0.8486404846470041,-0.0416666209040411,0.0268735381091509,0.0377976576541796,-0.0024033343038016,Metals & Mining,12.0,0.2990606491088867
2024-03-12,71.51609802246094,73.8999645387607,70.73214177232573,73.27600444191535,47253039,75.17989501953124,74.23114624023438,74.16404622395834,74.35134353637696,74.50118133544922,73.96636428833008,0.7564519775305846,-0.023377756171742,0.0246085352545615,0.0333332855429426,-0.010961955025692,Metals & Mining,12.0,0.2990553245544434
2024-03-13,65.74040985107422,71.72408729387244,65.08445198713493,71.35610932350717,66596313,72.79922485351562,73.6039810180664,73.53254648844401,74.09856605529785,74.08981750488282,73.87172164916993,0.4454232555202261,-0.080760672507227,0.0854223374200819,0.091019776973606,-0.0099780008281857,Metals & Mining,12.0,0.2990526622772217
2024-03-14,64.62047576904297,66.71636247312523,63.08456097543275,65.11645214525868,87923217,70.30336303710938,72.92881851196289,73.00014902750651,73.65322570800781,73.63490509033203,73.73818740844726,0.385113270643326,-0.0170357027674196,0.0076752201266414,0.0324337863369046,-0.0237682371621598,Metals & Mining,12.0,0.29905
2024-03-14,64.62047576904297,66.71636247312523,63.08456097543275,65.11645214525868,87923217,70.30336303710938,72.92881851196289,73.00014902750651,73.65322570800781,73.63490509033203,73.73818740844726,0.385113270643326,-0.0170357027674196,0.0076752201266414,0.0324337863369046,-0.0237682371621598,Metals & Mining,12.0,0.60115
2024-03-15,63.46854019165039,65.4364284626857,60.90867859335287,64.92445687540813,75762474,67.71470565795899,72.04726676940918,72.25777155558268,72.97236232757568,73.12205368041992,73.50850715637208,0.3230799613920312,-0.0178261698584463,0.0229391865538648,0.0310057276422783,-0.0403327631385208,Metals & Mining,12.0,0.550575
2024-03-18,64.86045837402344,65.42043024728179,62.412589070388435,63.48453250749308,58324524,66.04119644165038,71.14011650085449,71.62275568644206,72.40167446136475,72.70108840942383,73.21961301167806,0.3980366627512263,0.0219308365714729,-0.021213631556471,0.0086334862148094,-0.0377405489415315,Metals & Mining,12.0,0.5252875
2024-03-19,64.09249877929688,66.76435982066536,63.900512185054176,64.8604598039059,71376654,64.55647659301758,69.86818580627441,71.00625635782878,71.76215381622315,72.39237014770508,72.84373054504394,0.3566809862992466,-0.0118401814291545,0.0119820733975983,0.0416875779889478,-0.0029954612146393,Metals & Mining,12.0,0.5126437500000001
2024-03-20,65.85240173339844,66.06039086149173,64.47647590872553,64.76446310879892,69987957,64.57887496948243,68.68904991149903,70.59561233520508,71.29412860870362,72.19462783813476,72.50466041564941,0.4514541718372462,0.0274587976381105,-0.0165208647818799,0.0031584137042612,-0.0208940872079852,Metals & Mining,12.0,0.506321875
2024-03-21,66.49237060546875,66.90834890086616,65.5324229464961,65.82041017371566,48410466,64.95325393676758,67.62830848693848,70.27029698689779,70.98842525482178,71.91323135375977,72.18796323140462,0.4859173724983458,0.009718231305537,-0.0101058275653932,0.0062560304529613,-0.0144369594621386,Metals & Mining,12.0,0.5031609375
2024-03-22,65.1804428100586,66.1403903998273,64.63647348569884,65.91639872284452,53612352,65.29563446044922,66.5051700592041,69.79672266642253,70.51723728179931,71.43701675415039,71.81765047709148,0.4152682630817761,-0.0197305011607189,0.0112910542036446,0.0147275401697726,-0.0083455911145758,Metals & Mining,12.0,0.5015804687500001
2024-03-26,65.10044860839844,65.98039817675175,64.62047478496584,64.79646616340037,36748233,65.34363250732422,65.69241447448731,69.20795516967773,70.0529748916626,70.99006607055664,71.47484575907389,0.410960465712476,-0.0012272730624624,-0.0046694370238004,0.013516797305753,-0.0073728189850089,Metals & Mining,12.0,0.500790234375
2024-03-27,63.6765251159668,65.64441325659696,63.51652897041919,65.34043083340282,28450188,65.2604377746582,64.9084571838379,68.33226979573568,69.56980171203614,70.46181060791015,71.20371475219727,0.3342802345522114,-0.0218727139807749,0.026130598590387,0.030904452418631,-0.002512639395071,Metals & Mining,12.0,0.5003951171875001
2024-03-28,64.55648040771484,65.16444530859798,64.01251104125947,64.26849317897049,35871051,65.00125350952149,64.79006423950196,67.45978444417318,69.19702262878418,70.03555358886719,70.99573211669922,0.381667032747886,0.0138191474824589,-0.0044610119220492,0.0094175657818309,-0.0084262550098744,Metals & Mining,12.0,0.50019755859375
2024-04-01,68.02828979492188,68.22027638893677,65.05244632095736,65.53242012981369,59846145,65.30843734741211,65.13084564208984,66.85501810709636,69.02983207702637,69.85242767333985,70.81243235270182,0.5686287254023052,0.0537794093680505,-0.036688702194811,0.0028221581726315,-0.0437442052848233,Metals & Mining,12.0,0.500098779296875
2024-04-02,69.02023315429688,69.30821303687425,67.19633126936463,67.8362938877999,58434363,66.07639541625977,65.68601493835449,66.36224517822265,68.86664085388183,69.62906890869141,70.54357986450195,0.6220462344883252,0.0145813361230351,-0.0171535100997158,0.0041723979971726,-0.0264256117601754,Metals & Mining,12.0,0.5000493896484375
2024-04-03,69.66020202636719,70.63615224781879,68.50826774500683,69.02023935048028,50070930,66.98834609985352,66.16598930358887,66.12439168294271,68.65305290222167,69.44004913330077,70.32311274210612,0.6565094351494248,0.0092721922662828,-0.0091869196079086,0.0140101549100042,-0.0165364763215061,Metals & Mining,12.0,0.5000246948242187
2024-04-04,69.37220764160156,70.62014242092516,68.14027540633951,70.54014434825504,31888464,68.12748260498047,66.69396018981934,65.98146565755208,68.28107299804688,69.281337890625,70.07275594075521,0.6410005429132456,-0.0041342743257709,0.0168358013440685,0.0179889731312981,-0.0177582965447286,Metals & Mining,12.0,0.5000123474121094
2024-04-05,69.72418975830078,70.30015683452086,68.50826007781605,69.34020926621449,19133949,69.16102447509766,67.08113899230958,66.24705098470052,67.8850944519043,69.18982299804688,69.88979873657226,0.6599552621915153,0.0050738203189044,-0.0055071345169784,0.0082606492555405,-0.0174391367572682,Metals & Mining,12.0,0.5000061737060547
2024-04-08,71.70807647705078,72.0600591857461,69.484199042691,70.28415774686626,55396662,69.89698181152343,67.60270957946777,66.71955769856771,67.61550903320312,69.20326202392579,69.8598533630371,0.7667902803635552,0.0284533491981355,-0.0198571597529914,0.0049085504170225,-0.0310129283006427,Metals & Mining,12.0,0.5000030868530274
2024-04-09,72.95601654052734,73.32399449549848,71.4360970879934,71.74007951373642,45282690,70.68413848876953,68.38026695251465,67.35205612182617,67.44271850585938,69.23014038085938,69.80491383870442,0.8339935627380344,0.0174030614790782,-0.016666713513826,0.0050438328793174,-0.02083336679559,Metals & Mining,12.0,0.5000015434265137
2024-04-10,77.14778900146484,78.2197250931791,73.19600285081765,73.59597856719945,142738023,72.18165588378906,69.58500099182129,68.17121149698893,67.63870773315429,69.35877349853516,69.8969835917155,1.059726253422853,0.057456158651548,-0.0460390437656995,0.0138945795542357,-0.0512235827078876,Metals & Mining,12.0,0.5000007717132569
2024-04-12,76.44383239746094,77.8517561638324,76.1878502529314,77.01979954647207,47515149,73.59598083496094,70.8617317199707,68.99463373819987,67.8850944519043,69.34405456542969,70.00044504801433,1.0218172257196632,-0.0091247800243574,0.0075345143087077,0.0184177548693678,-0.0033486304454045,Metals & Mining,12.0,0.5000003858566284
2024-04-15,77.08379364013672,78.93968594837516,74.10795028166835,74.73191767372846,75937155,75.06790161132812,72.1144630432129,69.74339319864909,68.45226364135742,69.32165588378906,70.16950276692708,1.0562800155274132,0.0083716530504171,-0.0305106411522494,0.0240762969827692,-0.0386053049277906,Metals & Mining,12.0,0.5000001929283142
2024-04-16,76.93980407714844,78.57171212006061,75.56387816309189,76.76381270165061,40394247,76.11424713134765,73.00561447143555,70.43988876342773,69.0682300567627,69.31525665283203,70.35509287516275,1.0485259802626732,-0.0018679615544156,-0.0022873904815426,0.0212101923378416,-0.0178831481384705,Metals & Mining,12.0,0.5000000964641571
2024-04-18,75.25989532470703,78.98768998507438,74.74792374588719,77.27578387404881,55739916,76.5750228881836,73.62958068847657,71.11185226440429,69.65779781341553,69.26917938232423,70.45428746541342,0.9580605920939737,-0.0218340658985424,0.02678569430165,0.0495322860108145,-0.0068027144684555,Metals & Mining,12.0,0.5000000482320786
2024-04-19,75.40389251708984,75.9958548769784,73.38799654811851,74.23595569531261,35154534,76.22624359130859,74.20394973754883,71.79874852498372,70.18496952056884,69.35621490478516,70.50335184733073,0.9658150382120632,0.0019133323500058,-0.0154890786508471,0.0078505543961724,-0.0267346406356202,Metals & Mining,12.0,0.5000000241160393
2024-04-22,76.09184265136719,77.03579503235916,75.67587170462893,76.1558455054536,17859648,76.15584564208984,74.87591323852538,72.62643636067709,70.78493671417236,69.53924468994141,70.47935307820639,1.0028620955880438,0.0091235360843132,0.0008411263527898,0.0124054346445112,-0.0054666956699173,Metals & Mining,12.0,0.5000000120580197
2024-04-23,75.08390045166016,76.52382182321492,74.85990877671493,76.47582151463557,21895293,75.75586700439453,75.41188430786133,73.32826436360678,71.24651165008545,69.91298431396484,70.39402440388997,0.948583027028164,-0.0132463896862789,0.0185382093178756,0.0191774982771679,-0.002983218420964,Metals & Mining,12.0,0.5000000060290098
2024-04-24,79.38766479492188,79.72365231907456,75.41988327440876,75.51587657110134,96506550,76.24543914794921,76.17984313964844,74.08555603027344,71.8912763595581,70.503671875,70.4702870686849,1.180346634030003,0.0573194029262309,-0.0487706526426029,0.0042322384090855,-0.0499798240792557,Metals & Mining,12.0,0.5
2024-04-24,79.38766479492188,79.72365231907456,75.41988327440876,75.51587657110134,96506550,76.24543914794921,76.17984313964844,74.08555603027344,71.8912763595581,70.503671875,70.4702870686849,1.180346634030003,0.0573194029262309,-0.0487706526426029,0.0042322384090855,-0.0499798240792557,Metals & Mining,12.0,0.5
2024-04-25,80.71559143066406,80.95557831566721,78.93968262258598,79.96363301257544,70101912,77.33657836914062,76.9558006286621,74.86524658203125,72.66803379058838,71.19355392456055,70.61374588012696,1.2518573029204327,0.0167271154677814,-0.009316148277679,0.0029732407425806,-0.0220020540839822,Metals & Mining,12.0,0.6101
2024-04-26,82.53948974609375,83.03546608267412,81.06757060436644,81.27555973598804,54712098,78.76369781494141,77.494970703125,75.72386576334635,73.53998584747315,71.90071517944335,70.92412872314453,1.3500767263538724,0.0225966047339991,-0.0153130339670597,0.0060089581133355,-0.017832908178318,Metals & Mining,12.0,0.6651499999999999
2024-04-29,81.56355285644531,83.6754347665804,81.14757456303278,83.43544785298235,29066490,79.85803985595703,78.00694274902344,76.5366221110026,74.43433723449706,72.5995573425293,71.25904388427735,1.297521187595062,-0.0118238783962754,0.0229501404853174,0.0258924707933219,-0.0051000511729139,Metals & Mining,12.0,0.6926749999999999
2024-04-30,81.40355682373047,83.40344271099113,81.29156098760298,83.19545358267668,31582803,81.1219711303711,78.43891906738281,77.31524658203125,75.27669105529785,73.22160354614257,71.78114878336588,1.2889051820031123,-0.0019616118610777,0.022012511846704,0.0245675491992465,-0.0013758101058164,Metals & Mining,12.0,0.7064374999999999
2024-05-02,82.71548461914062,83.32345681939894,80.69959607043984,81.27556318095161,43262532,81.78753509521485,79.01648712158203,78.0490737915039,76.01105079650878,73.87052810668945,72.3843157450358,1.359554291419682,0.0161163448699296,-0.0174081243048875,0.0073501618597495,-0.0243713563183828,Metals & Mining,12.0,0.71331875
2024-05-03,86.0593032836914,86.36328571200832,82.60349340937945,82.71548192456747,116924001,82.85627746582031,80.09642791748047,78.92262624104818,76.86300430297851,74.70568252563477,73.13734118143718,1.5396235082832213,0.0404255464372508,-0.038854850452381,0.0035322436589435,-0.0401561451516752,Metals & Mining,12.0,0.716759375
2024-05-06,86.20330047607422,87.41923023995889,82.55549653678176,86.93925642288458,79577118,83.5890396118164,81.1763687133789,79.52632700602213,77.69015922546387,75.5497966003418,73.84876925150553,1.5473779544013109,0.001673232142121,0.0085374451180628,0.0141053736593548,-0.0423162908977586,Metals & Mining,12.0,0.7184796874999999
2024-05-07,83.45144653320312,86.55527372086543,82.63549252952534,86.55527372086543,60243729,83.96661834716797,81.9123291015625,79.99350128173828,78.39412117004395,76.34079345703125,74.49406750996907,1.399186848923942,-0.0319228373817876,0.0371932101431864,0.0371932101431864,-0.0097775896952624,Metals & Mining,12.0,0.7193398437499999
2024-05-08,85.371337890625,85.88330943783738,82.63548879086217,82.63548879086217,34629336,84.76017456054687,82.94107284545899,80.54600423177084,79.17647857666016,77.17338775634765,75.14469871520996,1.5025756292005417,0.0230060884164302,-0.0320464592375009,0.0059969957114682,-0.0320464592375009,Metals & Mining,12.0,0.719769921875
2024-05-09,80.95558166503906,85.78731732808434,80.58759638867602,85.43533459583223,32960373,84.40819396972657,83.09786453247071,80.81372273763021,79.63885383605957,77.69047943115234,75.62680575052897,1.2647811058816825,-0.0517241071147703,0.0553359365550425,0.0596837866354542,-0.0045455207509423,Metals & Mining,12.0,0.7199849609375
2024-05-10,81.7235336303711,82.23550517396234,79.49965609354996,80.95557997689356,28341060,83.5410400390625,83.1986587524414,81.24463195800782,80.07722969055176,78.19861145019532,76.17824211120606,1.3061363714803127,0.0094860903910183,-0.0093969707300093,0.006264677025676,-0.0272122048329377,Metals & Mining,12.0,0.72009248046875
2024-05-13,81.83553314208984,82.26750663384014,78.7796989632074,81.72353730207347,25894860,82.66748657226563,83.12826309204101,81.67340799967448,80.31161689758301,78.68562469482421,76.7360782623291,1.3121676986506825,0.0013704682940573,-0.0013685478143329,0.0052785565776209,-0.0373411654027676,Metals & Mining,12.0,0.720146240234375
2024-05-14,84.81137084960938,85.2113465837484,82.09151681553433,82.09151681553433,33347736,82.93947143554688,83.45304489135742,82.2547098795573,80.72999382019043,79.30319122314454,77.4405731201172,1.4724206367620916,0.0363636380586979,-0.0320694502025912,0.0047160626002411,-0.0320694502025912,Metals & Mining,12.0,0.7201731201171875
2024-05-15,85.53133392333984,86.21929689226944,84.85937349965015,84.95536679963163,25732044,82.97147064208984,83.86582260131836,82.95120544433594,81.15237083435059,79.93547698974609,78.13973490397136,1.5111916347924912,0.0084889922957044,-0.0067339897238647,0.008043402778521,-0.0078563070732881,Metals & Mining,12.0,0.7201865600585937
2024-05-16,84.79537963867188,86.92326412074803,83.64343804471741,86.20330337095879,33029949,83.7394302368164,84.07381210327148,83.3117197672526,81.54514961242675,80.45896911621094,78.69863789876302,1.471559488141581,-0.0086044990871718,0.0166037788649138,0.0250943446582048,-0.0135849570915665,Metals & Mining,12.0,0.7201932800292968
2024-05-17,88.5231704711914,88.8591506745356,84.81137104193199,85.11535347942527,50378568,85.09935760498047,84.32019882202148,83.8322250366211,82.20831336975098,81.0816552734375,79.34873580932617,1.6723061323777606,0.0439621928506518,-0.0384963278385421,0.0037953927944043,-0.0419302585922107,Metals & Mining,12.0,0.7201966400146484
2024-05-21,90.299072265625,91.626997860285,89.32312941975363,89.93109429579279,40420551,86.7920654296875,84.72977600097656,84.34953053792317,82.95307235717773,81.60770660400391,80.03669815063476,1.76794087738962,0.0200614345936868,-0.0040751024412494,0.0147058608836396,-0.0108078944930964,Metals & Mining,12.0,0.7201983200073242
2024-05-22,87.41922760009766,91.19502249023776,86.60327360047512,91.13102695973626,57357078,87.31363677978516,85.12655410766601,84.73990885416667,83.51944160461426,82.04672241210938,80.63826548258463,1.612857296121371,-0.0318922951617482,0.0424597592719344,0.0431918125313646,-0.0093338047249187,Metals & Mining,12.0,0.7201991600036621
2024-05-23,85.13135528564453,87.70721569529992,84.36339426424723,87.62721761945713,40769301,87.2336410522461,85.10255584716796,84.98842875162761,84.02181434631348,82.36862487792969,81.15183766682942,1.4896522370926413,-0.0261712712095681,0.0293177798642829,0.0302574815238463,-0.0090208950488398,Metals & Mining,12.0,0.720199580001831
2024-05-24,85.72332000732422,86.7952560781462,85.29133921118523,85.43533280989823,23062833,87.41922912597656,85.57932968139649,85.18895111083984,84.33859710693359,82.71996551513672,81.61901245117187,1.5215303484788114,0.0069535451384915,-0.0033594965454135,0.0125046028400486,-0.0050392448181204,Metals & Mining,12.0,0.7201997900009155
2024-05-27,84.02742004394531,86.4432917976688,83.73943280947086,86.4432917976688,30147801,86.52007904052735,85.80971832275391,85.05349222819011,84.50418853759766,83.07066650390625,81.98805923461914,1.4302038116896014,-0.0197834143991857,0.02875099285995,0.02875099285995,-0.0034273006873689,Metals & Mining,12.0,0.7202
2024-05-28,82.82747650146484,85.00336109958342,82.45949854898512,82.55549184217737,53815368,85.02575988769532,85.9089126586914,84.82843729654948,84.51858787536621,83.36760986328125,82.17738215128581,1.365585207736702,-0.0142803806406636,-0.0032837491950229,0.0262700819827594,-0.0044427038951646,Metals & Mining,12.0,0.6101
2024-05-29,82.60350036621094,83.24346304162715,81.38756322671864,82.23551505331355,33252177,84.06261444091797,85.68812561035156,84.77190755208333,84.57058525085449,83.628076171875,82.38270441691081,1.3535237859560114,-0.002704128445226,-0.0044548392170546,0.0077474038337241,-0.0147201648126484,Metals & Mining,12.0,0.55505
2024-05-30,79.81964874267578,82.60349839873183,79.41966567172548,82.55549808659559,30370719,83.00027313232422,85.11695709228516,84.40179494222005,84.49138984680175,83.81750610351563,82.47389958699544,1.2036095615309224,-0.0337013759851984,0.0342753869130607,0.0348767465142658,-0.005011085331129,Metals & Mining,12.0,0.527525
2024-05-31,83.24345397949219,83.78742329295075,80.0596288470726,80.8915780373993,73790568,82.50429992675781,84.96176452636719,84.5543197631836,84.51778831481934,83.97173767089843,82.6840212504069,1.3879861649104122,0.0428942658950321,-0.0282529836240612,0.00653467975503,-0.038247153141963,Metals & Mining,12.0,0.5137625
2024-06-03,85.72332000732422,87.38722569295592,84.091404761608,87.35522792922178,46031172,82.84347991943359,84.68177947998046,84.8209721883138,84.50098915100098,84.17204681396484,83.03280207316081,1.5215303484788114,0.0297905229694453,0.0190369192625545,0.0194101871636509,-0.0190370046981006,Metals & Mining,12.0,0.50688125
2024-06-04,75.93185424804688,85.72332423362361,67.56431045220694,85.72332423362361,96043173,81.46435546875,83.24505767822265,84.42739359537761,83.9874168395996,83.90774139404297,83.05040079752604,0.9942465008494438,-0.1142217282116553,0.1289507556814153,0.1289507556814153,-0.1101980700814396,Metals & Mining,12.0,0.503440625
2024-06-05,78.33172607421875,79.03569158395571,71.6280951294942,76.79581131272805,52977693,80.61000061035156,82.33630752563477,83.99541727701823,83.73143081665039,83.77846832275391,83.12506357828777,1.123482887048543,0.0316056001784469,-0.0196078248044149,0.0089869781379507,-0.0855800233276221,Metals & Mining,12.0,0.5017203125
2024-06-06,80.69959259033203,82.39550340662431,79.0356868624061,79.89963382900713,28757364,80.7859893798828,81.89313125610352,83.67330118815104,83.49784355163574,83.75030975341797,83.31225331624348,1.2509957434465726,0.0302287034230516,-0.0099127980160427,0.0210151100130269,-0.0206185145986136,Metals & Mining,12.0,0.50086015625
2024-06-07,82.71548461914062,83.13146290001556,81.01958105353268,81.75553699368128,24951177,80.6803955078125,81.59234771728515,83.53464152018229,83.58583869934083,83.75030975341797,83.42318064371744,1.359554291419682,0.0249802008176445,-0.0116054162032585,0.0050290254937184,-0.0205028547365303,Metals & Mining,12.0,0.5
2024-06-10,81.49955749511719,82.87548344583342,81.22757281405184,82.87548344583342,15575433,79.8356430053711,81.33956146240234,83.06640065511068,83.57463989257812,83.567919921875,83.44931284586589,1.294074949699622,-0.0147001148530062,0.0168826186669623,0.0168826186669623,-0.0033372534701386,Metals & Mining,12.0,0.4317
2024-06-11,81.67554473876953,83.65943548505946,80.79558788240132,81.56354889817375,19927716,80.98438110351563,81.22436828613282,82.49149881998697,83.5666404724121,83.38680969238281,83.42051467895507,1.303552103912082,0.0021593644071366,-0.0013712285721997,0.0242898991691478,-0.0107738106820426,Metals & Mining,12.0,0.3975499999999999
2024-06-12,84.1874008178711,84.45938548045378,81.70754108984181,82.07551904677976,28480617,82.1555160522461,81.38275833129883,82.27604370117187,83.53544197082519,83.41624786376953,83.50797627766927,1.438818995574852,0.0307540780674982,-0.0250854848893615,0.0032307050691715,-0.0294564234545516,Metals & Mining,12.0,0.380475
2024-06-13,84.90736389160156,85.78732075740788,84.04341689436498,85.56332907381388,25016742,82.9970703125,81.8915298461914,82.26111094156902,83.50424346923828,83.3976889038086,83.62476984659831,1.4775899936052517,0.0085519099857711,0.0077256571414672,0.0103637284856674,-0.0101751715945339,Metals & Mining,12.0,0.3719375
2024-06-14,85.5633316040039,85.97930989399157,84.18740566752759,84.90736640239409,19120215,83.56663970947265,82.12351760864257,82.25044504801433,83.54264106750489,83.58199890136719,83.71969807942709,1.5129147537402112,0.0077256869408853,-0.0076664289399773,0.0048616420397566,-0.01608078964064,Metals & Mining,12.0,0.36766875
2024-06-18,85.09934997558594,86.66726232113145,84.9073560753483,85.94730167383176,22399191,84.2865982055664,82.06112060546874,82.32190704345703,83.3714500427246,83.71703155517578,83.68769963582356,1.487928707291572,-0.0054226690302958,0.009964255878442,0.0184244926194538,-0.0022561147681235,Metals & Mining,12.0,0.3655343749999999
2024-06-19,83.86742401123047,85.78731921286828,83.3714476663585,85.45133169352648,16411611,84.7249740600586,82.85467758178712,82.3912368774414,83.04986763000488,83.79830718994141,83.60983708699544,1.4215878060976517,-0.0144763263727501,0.0188858511033309,0.0228920254112099,-0.0059138139834311,Metals & Mining,12.0,0.3644671874999999
2024-06-20,87.43523406982422,88.18719257270261,82.95547349542177,83.83543038886832,67604979,85.37454071044922,83.76502838134766,82.71335245768229,83.05066795349121,83.90326171875,83.74263000488281,1.6137192664485804,0.0425410712282756,-0.0411710875970339,0.0086001771583055,-0.0512351870737257,Metals & Mining,12.0,0.36393359375
2024-06-21,86.2992935180664,88.05919262622535,85.7713193913272,87.99519709398167,28691421,85.65292663574219,84.32499847412109,83.14532877604167,83.1090648651123,83.93398010253907,83.77356185913087,1.552547311244471,-0.0129917940272301,0.019651418995223,0.0203929723687774,-0.0061179426298394,Metals & Mining,12.0,0.363666796875
2024-06-24,84.47538757324219,85.65931951160019,83.86742272175616,85.57932876197447,19733784,85.43533782958984,84.50098876953125,83.22745768229167,83.0466682434082,83.92118041992188,83.89088872273763,1.4543274769576815,-0.0211346567332256,0.0130681991577148,0.0140151110562412,-0.0071969465775922,Metals & Mining,12.0,0.3635333984375
2024-06-25,82.57148742675781,85.53132825139967,81.78753120983414,85.29134135545084,29378100,84.92976531982421,84.60818176269531,83.0173355102539,82.97387161254883,83.68311309814453,83.91915384928386,1.3517998453015925,-0.0225379273321906,0.0329393839623584,0.0358457975856045,-0.0094942726763769,Metals & Mining,12.0,0.3634666992187499
2024-06-26,79.75565338134766,81.91553560339582,79.43566838865999,81.88353783650899,58485729,84.10741119384765,84.41619262695312,83.27225545247396,82.82028045654297,83.26137634277343,83.84982452392578,1.2001633236354825,-0.0341017720906123,0.026680045425582,0.0270812429022528,-0.0040120665949242,Metals & Mining,12.0,0.363433349609375
2024-06-27,78.55570983886719,81.08356975322567,77.19577926817576,79.99563115572737,59956431,82.33150634765624,83.85302352905273,83.28718770345053,82.61789093017578,82.90683563232422,83.64130249023438,1.1355447196825832,-0.0150452474728405,0.0183299383305648,0.0321792002076439,-0.0173116705772363,Metals & Mining,12.0,0.3634166748046875
2024-06-28,78.73169708251953,80.28361429582847,78.53971049531009,78.98768652261762,38809188,80.81798706054687,83.23545684814454,83.15599466959635,82.56349334716796,82.65084930419921,83.41464792887369,1.1450218738950433,0.0022402858304422,0.0032514152442286,0.0197114665479947,-0.0024384916663008,Metals & Mining,12.0,0.3634083374023438
2024-07-01,80.50760650634766,80.71559563911602,78.28692208424738,78.39571741391651,73200099,80.02443084716796,82.72988433837891,83.00880279541016,82.42670097351075,82.44222076416015,83.27172215779622,1.2406570297602526,0.0225564733091778,-0.0262321684133614,0.0025834718207895,-0.0275835355001541,Metals & Mining,12.0,0.3634
2024-07-01,80.50760650634766,80.71559563911602,78.28692208424738,78.39571741391651,73200099,80.02443084716796,82.72988433837891,83.00880279541016,82.42670097351075,82.44222076416015,83.27172215779622,1.2406570297602526,0.0225564733091778,-0.0262321684133614,0.0025834718207895,-0.0275835355001541,Metals & Mining,12.0,0.3634
2024-07-02,78.18772888183594,80.68359849423112,77.5637688025561,80.50760712485821,71762511,79.14767913818359,82.03872222900391,82.7880142211914,82.04992141723633,82.20863311767579,82.92720743815104,1.115728440930453,-0.0288156327728959,0.0296706180905736,0.0319215003183832,-0.0079802814099233,Metals & Mining,12.0,0.4317
2024-07-03,80.3860092163086,80.73159093495966,78.75090073234477,79.00368966552327,34674402,79.27375030517578,81.69058074951172,82.70204518636068,82.27262916564942,82.11097442626954,82.59677200317383,1.2341088490762369,0.0281154135810094,-0.0171960215995506,0.0042990281769199,-0.0203407097815236,Metals & Mining,12.0,0.46585
2024-07-04,80.51081085205078,81.72354010903207,80.26122241607051,81.11557522603684,39878085,79.6647705078125,80.99813842773438,82.45693918863932,82.38158340454102,82.02726684570312,82.3664914449056,1.240829588167034,0.00155252931398,0.0075115921400592,0.0150629368173902,-0.0031000611388565,Metals & Mining,12.0,0.482925
2024-07-05,80.72518920898438,81.27555954690959,79.67564935061989,79.99563431940537,42363861,80.06346893310547,80.44072799682617,82.17812754313151,82.38286323547364,82.06348846435547,82.21961924235026,1.252374156434079,0.00266272758484,-0.009037512289879,0.0068178265460661,-0.0130013923615266,Metals & Mining,12.0,0.4914625
2024-07-08,80.03722381591797,81.08357045697018,79.83563570866615,81.01637442121958,26695356,79.96939239501953,79.99691162109374,81.80972035725911,82.2489501953125,81.9352392578125,82.03008270263672,1.2153262773513993,-0.0085223137883935,0.0122336902583428,0.0130732500599815,-0.0025186794049162,Metals & Mining,12.0,0.49573125
2024-07-09,80.41801452636719,81.33637023595506,79.99883571225266,80.3156202047085,31229676,80.41544952392579,79.78156433105468,81.4976313273112,82.194873046875,81.72302703857422,81.90976918538412,1.2358323788773062,0.004757670147643,-0.0012732759228358,0.0114197759668235,-0.0052124989230751,Metals & Mining,12.0,0.497865625
2024-07-10,78.3669204711914,80.82758447682185,76.65821492586107,80.47560906319252,37216932,80.01163177490234,79.64269104003907,81.1309310913086,82.0294418334961,81.8204296875,81.761083984375,1.1253781535496952,-0.0255054053156618,0.026907891484345,0.0313992688603224,-0.0218039133738637,Metals & Mining,12.0,0.4989328125
2024-07-11,78.77649688720703,79.13168012976692,78.15573000184554,78.73169708732789,21017598,79.66476898193359,79.66476974487304,80.55368194580078,81.75889663696289,81.83822052001953,81.63351720174154,1.1474344047631913,0.005226394166735,-0.0005686949997698,0.004508746346876,-0.0078801026942123,Metals & Mining,12.0,0.49946640625
2024-07-12,78.79889678955078,79.6372543718034,78.1397384151479,79.1028865525154,14538876,79.27951049804688,79.67148971557617,80.05365549723307,81.45347328186035,81.76219268798827,81.59949213663737,1.1486406701972651,0.0002843475304039,0.0038577921182891,0.0106392045626175,-0.0083650711019889,Metals & Mining,12.0,0.499733203125
2024-07-15,79.07408905029297,79.43566600239811,77.96054628938809,79.03569026641841,17760150,79.08688354492188,79.5281379699707,79.69356892903646,81.1290111541748,81.61653686523438,81.46051330566407,1.1634601505130169,0.003492336466044,-0.0004856051373558,0.0045726350622283,-0.0140822711241939,Metals & Mining,12.0,0.4998666015625
2024-07-16,78.94608306884766,80.22601555421122,78.76689120260944,79.35566029235305,20174739,78.79249725341796,79.60397338867188,79.45187530517578,80.82134780883788,81.5143978881836,81.23460540771484,1.1565668530154374,-0.001618810699974,0.0051880626319131,0.0162127421096667,-0.0022698005939312,Metals & Mining,12.0,0.49993330078125
2024-07-18,77.40377044677734,78.84369180187896,77.02299046277648,78.84369180187896,18943977,78.59986724853516,79.30574951171874,79.29508310953776,80.49816513061523,81.3435269165039,81.28366928100586,1.0735112050046136,-0.0195362779521979,0.0186027288695413,0.0186027288695413,-0.0049193983936828,Metals & Mining,12.0,0.499966650390625
2024-07-19,73.19921112060547,77.38778410112265,72.95922420056793,77.38778410112265,34677240,77.48441009521484,78.57458953857422,78.93798319498698,79.7863639831543,80.90399932861328,81.11258544921876,0.8470899241060659,-0.054319825790178,0.0572215590358746,0.0572215590358746,-0.0032785451695938,Metals & Mining,12.0,0.4999833251953125
2024-07-22,74.84071350097656,75.3878833325295,71.9960690139067,72.9560166007588,20965680,76.6927734375,77.98614196777343,78.67858428955078,79.2134349822998,80.50133331298828,80.91728947957357,0.935487076513482,0.022425137583334,-0.0251827756852314,0.0073111252680106,-0.0380093181104258,Metals & Mining,12.0,0.4999916625976562
2024-07-23,75.09030151367188,75.57986950714015,70.67773728806876,75.16389856908825,39099774,75.89601593017578,77.49144973754883,78.3174306233724,78.74418067932129,80.082412109375,80.66311670939128,0.9489277329883778,0.003334922945277,0.000980113995187,0.0065197233677258,-0.0587634373102059,Metals & Mining,12.0,0.4999958312988281
2024-07-24,74.46953582763672,75.97985377092552,74.1655533984148,75.00390362948029,17058228,75.00070648193359,76.89660186767578,78.06955108642578,78.33908309936524,79.65721954345703,80.4287826538086,0.91549865020792,-0.0082669222725405,0.0071756564064047,0.0202810172844973,-0.0040819702425096,Metals & Mining,12.0,0.4999979156494141
2024-07-25,73.55438995361328,75.17989696379,72.80882516530255,73.59278141353789,32279262,74.23083038330078,76.41534881591797,77.61410980224609,78.02901992797851,79.24469818115234,80.15807749430338,0.8662167909377678,-0.0122888623361583,0.0005219465479737,0.0220993881018092,-0.0101362378068925,Metals & Mining,12.0,0.499998957824707
2024-07-26,76.33182525634766,76.57821316068551,74.2551418531372,74.37993239775443,25187640,74.85735321044922,76.17088165283204,77.33551076253255,77.91782569885254,78.80056182861328,79.89622497558594,1.015785487695944,0.0377602928184973,-0.0255711539981929,0.0032278529107669,-0.0272059969250867,Metals & Mining,12.0,0.4999994789123535
2024-07-29,78.13653564453125,78.70930223123436,76.55582114767289,76.82780581292099,30854370,75.51651763916016,76.10464553833008,77.16293385823568,77.88806762695313,78.47405151367188,79.6705307006836,1.1129716149554412,0.0236429612697295,-0.0167492687104033,0.0073303299407694,-0.0202301584504533,Metals & Mining,12.0,0.4999997394561767
2024-07-30,77.7653579711914,78.35092659945613,76.92379989569783,77.69176091356537,15006963,76.05152893066406,75.97377243041993,77.0114761352539,77.7509552001953,78.20565032958984,79.41059824625651,1.092983188649879,-0.0047503727965167,-0.0009463990078113,0.0075299419116883,-0.0108217604528398,Metals & Mining,12.0,0.4999998697280884
2024-07-31,77.31098175048828,78.69650917704584,77.08699006626082,78.23573109657335,19700181,76.61981811523438,75.81026229858398,76.80434061686198,77.70711784362793,77.99523010253907,79.15098597208659,1.0685144065682353,-0.0058429129956741,0.0119614228812872,0.0179214827594504,-0.0028972815912539,Metals & Mining,12.0,0.4999999348640442
2024-08-01,77.66936492919922,79.72045172739365,77.24378512667231,77.6597634023942,38141133,77.44281311035157,75.83682174682617,76.7578369140625,77.57128562927247,77.91177856445313,78.94438400268555,1.087813831806719,0.0046356050666589,-0.0001236205138765,0.0264079254422144,-0.0054793779106454,Metals & Mining,12.0,0.4999999674320221
2024-08-02,75.4870834350586,76.87581143733557,75.0519094053394,76.73181782252702,16851843,77.27386474609375,76.06560897827148,76.53854268391927,77.32009925842286,77.78903350830078,78.54611231486003,0.9702949831347956,-0.0280970688524351,0.0164893691851171,0.018396895721527,-0.0057648806910598,Metals & Mining,12.0,0.499999983716011
2024-08-05,71.76889038085938,74.04076116276738,70.91133703119999,73.90636907485072,25596654,76.00033569335938,75.75842666625977,76.0698755900065,76.87228431701661,77.51052124023437,78.06176554361979,0.7700651924122621,-0.0492560168574796,0.0297828025854696,0.0316553700336144,-0.0119488171700657,Metals & Mining,12.0,0.4999999918580055
2024-08-06,71.27291107177734,74.06956270159048,70.9913248710188,71.91607422664141,18329937,74.70184631347657,75.3766876220703,75.54979705810547,76.43406867980957,77.14113342285157,77.62168299357096,0.7433560270159026,-0.0069107841357166,0.0090239495650228,0.0392386334128642,-0.003950816607939,Metals & Mining,12.0,0.4999999959290028
2024-08-07,73.1384048461914,73.48398654380347,71.71767927558419,72.31604989098497,21138498,73.8673309326172,75.24357452392579,75.16261850992838,76.07008819580078,76.93916046142579,77.30724690755208,0.8438154229107085,0.0261739522963411,-0.0112438185784312,0.0047250373909413,-0.0194251648445843,Metals & Mining,12.0,0.4999999979645014
2024-08-08,71.19290924072266,73.51278744184579,71.00732367187685,73.33999658447486,18491904,72.57203979492188,75.00742645263672,74.74856109619141,75.71138763427734,76.57143646240235,77.02182210286459,0.7390478187932531,-0.0266001919177768,0.030158724606861,0.0325858042024802,-0.0026067984975624,Metals & Mining,12.0,0.4999999989822506
2024-08-09,70.88572692871094,72.3800496381259,69.92257883135336,71.99606913795967,22589694,71.65176849365234,74.46281661987305,74.59432881673177,75.31684913635254,76.18643310546875,76.76615600585937,0.7225056303831311,-0.0043147880215577,0.0156638332899567,0.0210807277312368,-0.0135873347017545,Metals & Mining,12.0,0.4999999994911253
2024-08-12,73.47759246826172,73.81997368955544,69.47141212822858,70.07617649427551,28976304,71.9935089111328,73.99692230224609,74.50345408121744,75.05078392028808,75.89652923583985,76.59101918538411,0.8620811411219,0.0365639974625271,-0.0462918810990633,0.0046596684756867,-0.0545224769274196,Metals & Mining,12.0,0.4999999997455626
2024-08-13,71.82328033447266,75.17989648145034,71.39130683681049,75.17989648145034,42773148,72.10358276367188,73.40271453857422,74.28565266927083,74.68824348449706,75.56797149658203,76.30154164632161,0.7729941659407066,-0.0225145119514311,0.0467343754190328,0.0467343754190328,-0.0060143938796797,Metals & Mining,12.0,0.4999999998727813
2024-08-14,67.49711608886719,72.23285871079315,67.21552988807629,71.99927282107133,70788720,70.97532501220704,72.42132797241212,73.8208246866862,74.11579513549805,75.05113555908203,75.94518788655598,0.5400242935047936,-0.0602334539088026,0.0667014680490434,0.0701621476048079,-0.004171825658746,Metals & Mining,12.0,0.5
2024-08-14,67.49711608886719,72.23285871079315,67.21552988807629,71.99927282107133,70788720,70.97532501220704,72.42132797241212,73.8208246866862,74.11579513549805,75.05113555908203,75.94518788655598,0.5400242935047936,-0.0602334539088026,0.0667014680490434,0.0701621476048079,-0.004171825658746,Metals & Mining,12.0,0.5
2024-08-16,69.5802001953125,69.75619156955545,67.24433399088367,68.79624394555323,45608541,70.652783203125,71.61241149902344,73.55587870279948,73.7246166229248,74.69966674804688,75.58499425252279,0.6522012269267753,0.0308618238400394,-0.0112669444404973,0.0025293312429246,-0.0335708462733941,Metals & Mining,12.0,0.5
2024-08-19,70.35136413574219,70.78333765176885,69.50021181618588,70.30016331429594,20968632,70.54591064453125,71.0988395690918,73.15718129475911,73.58222427368165,74.36266143798828,75.24634602864583,0.6937294617855366,0.0110830945910621,-0.0007277871875724,0.0061402294231731,-0.0120985901270374,Metals & Mining,12.0,0.5
2024-08-19,70.35136413574219,70.78333765176885,69.50021181618588,70.30016331429594,20968632,70.54591064453125,71.0988395690918,73.15718129475911,73.58222427368165,74.36266143798828,75.24634602864583,0.6937294617855366,0.0110830945910621,-0.0007277871875724,0.0061402294231731,-0.0120985901270374,Metals & Mining,12.0,0.5
2024-08-20,71.86167907714844,72.11126750783012,70.28416506480418,70.66814557574082,29725110,70.2227279663086,71.10811843872071,72.73885752360026,73.43327255249024,74.08517272949219,74.95089569091797,0.7750619908486405,0.0214681685275087,-0.0166087616756946,0.0034731783877988,-0.0219520895225768,Metals & Mining,12.0,0.556575
2024-08-21,71.2505111694336,72.76402959687672,71.06811878535251,71.99606860225843,30325380,70.10817413330078,71.10587844848632,72.30453440348307,73.24128303527831,73.77222961425781,74.65800526936849,0.7421497615818288,-0.0085047819027261,0.0104638888983112,0.0212422114957742,-0.0025598747445805,Metals & Mining,12.0,0.5848625000000001
2024-08-22,72.42484283447266,72.92081917791407,71.59928731424401,71.83608102869223,23108352,71.09371948242188,71.03452224731446,71.97879180908203,73.13904838562011,73.51138000488281,74.39156621297201,0.8053891308405228,0.0164817296853703,-0.0081292797158847,0.0068481521537433,-0.011398789254061,Metals & Mining,12.0,0.59900625
2024-08-23,70.95932006835938,72.60402998392529,70.8441310513401,72.60402998392529,14065443,71.36954345703126,71.01116333007812,71.53145548502604,73.00929489135743,73.25360198974609,74.14464619954427,0.7264687217922172,-0.0202350838297673,0.0231782085000458,0.0231782085000458,-0.0016233106082231,Metals & Mining,12.0,0.606078125
2024-08-26,73.34639739990234,73.65997402554538,70.95932316770617,71.35610569871007,25270356,71.96855010986329,71.25723037719726,71.3887430826823,72.86002349853516,73.25948944091797,73.96364288330078,0.8550161069242382,0.033640081799591,-0.027135507287982,0.00427528326897,-0.0325452144456566,Metals & Mining,12.0,0.6096140624999999
2024-08-27,73.48399353027344,74.58792743857093,73.22160306154368,73.61198459375967,22519920,72.29301300048829,71.25787048339843,71.50308329264323,72.62739639282226,73.20522064208984,73.78647944132487,0.8624258470821139,0.0018759766702771,0.0017417543241373,0.0150227805439384,-0.0035707159630847,Metals & Mining,12.0,0.61138203125
2024-08-28,72.3896484375,73.8839637667998,72.25524904225908,73.59597657156993,15852960,72.52084045410156,71.31450729370117,71.57753245035808,72.35861091613769,73.09719451904297,73.56366475423177,0.8034938643393705,-0.014892292051637,0.0166643734305667,0.0206426659274352,-0.0018566106914713,Metals & Mining,12.0,0.6122660156249999
2024-08-29,71.6504898071289,72.54324138713315,70.57214532665225,72.2424594594467,16571922,72.36596984863282,71.72984466552734,71.47833811442057,72.07558631896973,72.98443267822266,73.32047831217447,0.7636891592816786,-0.0102108332658815,0.0082619065677189,0.0124598112644782,-0.0150500643244642,Metals & Mining,12.0,0.6127080078125
2024-08-30,71.247314453125,72.36725091639067,71.0585210413391,71.83608360383023,18513903,72.42356872558594,71.8965560913086,71.48196512858073,71.75448379516601,72.89214965820312,73.11526311238607,0.7419776140283965,-0.005626972754676,0.0082637381524408,0.0157189989806914,-0.0026498319724052,Metals & Mining,12.0,0.61292900390625
2024-09-02,69.24742126464844,70.96892891843382,68.63625587341939,70.71613997376508,34795296,71.60377349853516,71.78616180419922,71.37274475097657,71.4425006866455,72.60877349853516,72.98353678385416,0.6342806255291471,-0.028069734330721,0.0212097242365678,0.0248602420472259,-0.0088258216705761,Metals & Mining,12.0,0.613039501953125
2024-09-03,68.78984832763672,69.56740353771106,68.421863044593,68.79624202157835,25014414,70.66494445800781,71.47897872924804,71.0602284749349,71.29354858398438,72.23490600585937,72.78184127807617,0.6096396958940711,-0.006607797498523,9.294531238368542e-05,0.0113033424113824,-0.0053494126239537,Metals & Mining,12.0,0.6130947509765625
2024-09-04,67.54511260986328,68.78664637181728,66.91474420244738,68.14987694677545,31024059,69.69603729248047,71.10843887329102,70.77501729329427,71.10715866088867,71.82609619140625,72.53033498128255,0.5426089719263736,-0.0180947588639086,0.0089534877290864,0.0183808082329366,-0.0093325539488974,Metals & Mining,12.0,0.6131223754882813
2024-09-05,68.06028747558594,68.3386731632332,67.4363200600882,67.82030057145751,18993435,68.97799682617188,70.67198333740234,70.81256205240885,70.8532527923584,71.45606842041016,72.31669336954752,0.5703518443500253,0.0076271227601362,-0.0035260930129705,0.0040902808079839,-0.009167863355287,Metals & Mining,12.0,0.6131361877441406
2024-09-06,67.50991821289062,68.06028857922006,66.36117716910009,68.06028857922006,26006859,68.230517578125,70.32704315185546,70.67454325358072,70.66910324096679,71.0496905517578,72.1152109781901,0.5407137054252213,-0.0080864962977527,0.0081524371662524,0.0081524371662524,-0.017015885579479,Metals & Mining,12.0,0.6131430938720703
2024-09-09,66.45077514648438,67.64430863936988,65.564424595391,67.50991656007452,24391737,67.67118835449219,69.63748092651367,70.41450398763021,70.44735565185547,70.68823822021484,71.78584264119466,0.4836774000369797,-0.0156887031482732,0.0159387367755359,0.0179611673491313,-0.0133384531503131,Metals & Mining,12.0,0.6131465469360351
2024-09-10,67.4939193725586,67.9002961516177,66.49237239236702,66.49237239236702,20925657,67.41200256347656,69.0384735107422,70.12332000732422,70.1481719970703,70.51723937988281,71.43108876546223,0.5398521459513613,0.0156979993653152,-0.0148390697932824,0.0060209391132843,-0.0148390697932824,Metals & Mining,12.0,0.6131482734680176
2024-09-11,66.169189453125,67.83629574508275,65.82360772551539,67.35632193716043,17829423,67.1368179321289,68.41642761230469,69.78456522623698,69.86546745300294,70.31309051513672,71.04454981486002,0.4685136246143638,-0.0196273965380679,0.0179408648322103,0.0251946004739676,-0.0052226985167231,Metals & Mining,12.0,0.6131491367340087
2024-09-12,68.94983673095703,69.37220869092619,66.71635759440393,66.87634641834536,38040009,67.31472778320312,68.1463623046875,69.55289815266927,69.93810348510742,70.14554779052735,70.76584498087566,0.6182552906326713,0.0420232936327846,-0.030072447026995,0.0061257862236463,-0.0323928125496244,Metals & Mining,12.0,0.6131495683670043
2024-09-13,70.616943359375,71.00412437159265,69.11942745255081,69.38821160774296,42725088,67.9361328125,68.0833251953125,69.53007303873697,69.98994064331055,70.12250915527343,70.53076426188152,0.708031266880943,0.0241785435246646,-0.017399956627674,0.0054828344841726,-0.0212061841759876,Metals & Mining,12.0,0.6131497841835021
2024-09-16,70.10816955566406,71.51609313014978,69.9353787021284,70.94012605963714,24643884,68.66761169433593,68.16940002441406,69.31419118245442,69.97778091430663,70.09140686035157,70.35146713256836,0.6806331004175052,-0.0072046987522774,0.0118667554615374,0.0200821613716197,-0.00246463221948,Metals & Mining,12.0,0.6131498920917511
2024-09-17,69.16093444824219,70.6977764229176,68.83230593280621,70.45613520593066,14344563,69.00101470947266,68.20650863647461,69.02598724365234,69.84274368286133,69.91874053955078,70.26453526814778,0.6296231919594394,-0.0135110517565259,0.0187273461242454,0.0222212436390016,-0.0047516494399293,Metals & Mining,12.0,0.6131499460458756
2024-09-18,68.34258270263672,69.0385106317042,67.48234050540196,68.98051909571697,20855862,69.435693359375,68.28625564575195,68.75618286132813,69.69734725952148,69.77951263427734,70.1668576558431,0.5855538291341428,-0.0118325721324354,0.0093343910612211,0.0101829328296754,-0.0125872064416664,Metals & Mining,12.0,0.6131499730229377
2024-09-19,68.42635345458984,69.27692792088207,66.26768788867956,68.52300847075634,28288293,69.33099670410157,68.32286224365234,68.54124043782552,69.49742279052734,69.81668212890625,70.00978927612304,0.5900649989114356,0.0012257475301689,0.0014125408017049,0.0124305099329413,-0.0315472834211872,Metals & Mining,12.0,0.6131499865114689
2024-09-20,68.47789764404297,70.33370044224083,68.24592413784443,68.94829717314295,42949458,68.90318756103515,68.41966018676757,68.35661265055339,69.37335166931152,69.77259002685547,69.91928888956706,0.5928407241405239,0.0007532797942729,0.0068693628934868,0.0271007560402125,-0.0033875675828187,Metals & Mining,12.0,0.6131499932557345
2024-09-23,69.3961410522461,69.59267365621055,68.35224917756972,68.68732285056274,17708706,68.76078186035156,68.71419677734374,68.3665273030599,69.17583885192872,69.73438110351563,69.86963602701823,0.642289389870565,0.0134093399446383,-0.0102140867047594,0.002832039375453,-0.0150425060939695,Metals & Mining,12.0,0.6131499966278673
2024-09-24,72.14762878417969,72.69534793118484,70.25316239506947,70.52702196857206,70821039,69.35812072753906,69.17956771850587,68.59037933349609,69.10902061462403,69.74581909179688,69.82530390421549,0.790460774387159,0.0396490019504411,-0.0224623711536725,0.0075916444689205,-0.0262581933881329,Metals & Mining,12.0,0.6131499983139337
2024-09-25,72.75011444091797,73.8455600722633,72.42793105608551,72.75011444091797,44226318,70.23962707519532,69.83766021728516,68.9373794555664,69.12704391479492,69.80580322265625,69.85619837443033,0.8229054525422623,0.0083507340004276,0.0,0.0150576482217765,-0.0044286306256481,Metals & Mining,12.0,0.6131499991569669
2024-09-26,75.4854965209961,75.79801957306398,71.49036346812898,72.73401053370334,81666573,71.65145568847656,70.49122619628906,69.43239339192708,69.31879425048828,69.9282293701172,70.12247772216797,0.9702095256381036,0.0375996945310593,-0.0364505251220999,0.00414017349652,-0.0529258365778368,Metals & Mining,12.0,0.6131499995784835
2024-09-27,75.77224731445312,77.26075820080915,75.48872002670812,76.4198440517396,53403048,73.11032562255859,71.00675659179687,69.98321533203125,69.54504089355468,70.12074645996094,70.328879292806,0.9856514487783176,0.0037987534913713,0.0085466217545187,0.0196445392490305,-0.0037418355373356,Metals & Mining,12.0,0.6131499997892418
2024-09-30,78.90713500976562,79.64494896736142,77.35741007856313,78.29175663704532,134889675,75.0125244140625,71.88665313720703,70.81363932291667,70.02802658081055,70.34317596435547,70.61407165527343,1.154469446666341,0.0413725051904925,-0.0077987671538719,0.0093504086481466,-0.0196398580560641,Metals & Mining,12.0,0.6131499998946208
2024-10-01,78.78470611572266,79.70938495241016,77.13188104152908,78.85558793416594,48932499,76.33993988037109,72.84903030395508,71.5663584391276,70.52776947021485,70.55520446777344,70.84483922322592,1.147876482967232,-0.0015515567005165,0.0008996900786704,0.0117367809347324,-0.0209790091971128,Metals & Mining,12.0,0.6131499999473105
2024-10-03,77.13188171386719,79.06501150745478,76.27485474261793,76.72269628148426,45073830,77.21629333496094,73.72796020507812,72.29720458984374,71.00710792541504,70.74489379882813,71.04088490804037,1.058869624189187,-0.020979000663247,-0.005305010370431,0.0250626556831434,-0.0111111897208541,Metals & Mining,12.0,0.6131499999736552
2024-10-04,76.21686553955078,77.96956826783118,75.42428259491227,76.68081994889523,26794155,77.36256713867188,74.50701141357422,72.78167317708333,71.41493682861328,70.927548828125,71.1672856648763,1.0095947494259765,-0.0118630085768009,0.0060872932265063,0.0229962583198974,-0.0103990493315054,Metals & Mining,12.0,0.6131499999868275
2024-10-07,73.69734954833984,77.87935467848011,72.54069721295686,76.76135844891914,39737070,76.94758758544921,75.02895660400391,72.98703358968099,71.72430839538575,71.0255502319336,71.25855331420898,0.8739153610003282,-0.033057197686823,0.0415755643772446,0.0567456652887794,-0.0156946259597071,Metals & Mining,12.0,0.6131499999934138
2024-10-08,70.55601501464844,72.24105844438694,67.98173364818095,72.17017662520529,93521157,75.27736358642578,75.14494400024414,73.01688995361329,71.92957038879395,71.0778939819336,71.16554056803385,0.704750192031994,-0.0426247965896104,0.0228777321142885,0.0238823497810733,-0.0364856400398042,Metals & Mining,12.0,0.61315
2024-10-08,70.55601501464844,72.24105844438694,67.98173364818095,72.17017662520529,93521157,75.27736358642578,75.14494400024414,73.01688995361329,71.92957038879395,71.0778939819336,71.16554056803385,0.704750192031994,-0.0426247965896104,0.0228777321142885,0.0238823497810733,-0.0364856400398042,Metals & Mining,12.0,0.648
2024-10-09,72.2281723022461,73.57169686102182,69.02883761702577,71.42269913148262,72717858,73.96605682373047,75.15299835205079,73.22137247721354,72.16628303527833,71.21542694091796,71.12367986043294,0.7947981531976217,0.0236997127353421,-0.0111517866933263,0.0186011152705569,-0.044294830995202,Metals & Mining,12.0,0.6643
2024-10-10,72.9305419921875,74.48026694273939,72.60513603415235,72.65345985501042,27971820,73.12578887939453,75.17104110717773,73.52723642985026,72.50435066223145,71.43084411621093,71.14170964558919,0.83262172340412,0.0097243176388607,-0.0037992606335869,0.0212493272121561,-0.004461861233254,Metals & Mining,12.0,0.67245
2024-10-11,75.2889633178711,75.88823622077378,72.9305425621371,72.9305425621371,47584797,72.9402084350586,75.15138778686523,73.98474375406902,72.82130699157715,71.71999114990234,71.26299209594727,0.9596259433554932,0.032337910308362,-0.0313249200387671,0.0079596381261426,-0.0313249200387671,Metals & Mining,12.0,0.676525
2024-10-14,76.3747329711914,77.00300163425364,75.3405088178939,75.39206258414703,31763556,73.4756851196289,75.21163635253906,74.51119944254557,73.10919647216797,72.07458374023437,71.43390604654948,1.0180961269334208,0.0144213654362084,-0.0128664330311314,0.0082261323689238,-0.0135414437872746,Metals & Mining,12.0,0.6785625
2024-10-15,74.7734603881836,76.72269564765183,74.4802654005879,76.68081697025661,21701715,74.31917419433594,74.79826889038085,74.86968739827473,73.34246101379395,72.40749114990234,71.61810735066732,0.9318654042378138,-0.0209659991035492,0.025508470146641,0.0260685442314541,-0.0039211103254227,Metals & Mining,12.0,0.67958125
2024-10-16,74.55436706542969,75.41138662397093,74.02597601740612,74.74768446070885,28947474,74.78441314697265,74.37523498535157,75.03013661702474,73.61213264465331,72.68990905761719,71.81025797526041,0.9200669286007904,-0.0029300947370429,0.0025929721207278,0.0114952294852037,-0.0070873252476255,Metals & Mining,12.0,0.6800906250000001
2024-10-17,72.17662048339844,75.05376450297526,71.53869149642,75.05376450297526,31497708,74.63362884521484,73.87970886230468,74.99190368652344,73.8038345336914,72.93020629882812,71.96464157104492,0.7920220171151838,-0.0318927874465692,0.0398625482920553,0.0398625482920553,-0.008838443566711,Metals & Mining,12.0,0.6803453125000001
2024-10-18,74.5672607421875,74.87656121440062,70.76866040022055,71.73522529767469,31355718,74.48928833007812,73.71474838256836,74.9306879679362,74.11087989807129,73.15490325927735,72.18154067993164,0.920761270761412,0.0331220863872248,-0.0379796095005344,0.0041479393118988,-0.0509419322120523,Metals & Mining,12.0,0.6804726562500001
2024-10-21,72.68245697021484,75.32762760764079,72.33127780958942,74.58659105579316,17979288,73.7508331298828,73.61325912475586,74.72470194498698,74.32110786437988,73.23752380371094,72.35395863850911,0.8192620050390718,-0.0252765590852166,0.0261979873129307,0.0363935225595075,-0.0048316908269808,Metals & Mining,12.0,0.6805363281250001
2024-10-22,69.40258026123047,72.90154796966095,68.98051927707239,72.49236989669768,20126418,72.6766571044922,73.49791564941407,74.0910649617513,74.3214298248291,73.2093002319336,72.45235214233398,0.6426361500975263,-0.0451261122106599,0.0445198092612304,0.0504155277117999,-0.0060813442752336,Metals & Mining,12.0,0.6805681640625001
2024-10-23,70.32726287841797,72.58579859140049,70.0437356065158,70.88142713738866,48592896,71.83123626708985,73.30782470703124,73.52723541259766,74.23041152954102,73.25595336914063,72.54679692586264,0.6924315760545287,0.0133234616595954,0.0078797927900127,0.0321146539840044,-0.004031541400841,Metals & Mining,12.0,0.6805840820312501
2024-10-24,69.54434204101562,71.01030225654307,69.28015018978601,69.9148639961608,17078295,71.30478057861328,72.96920471191406,73.02139943440756,74.0701229095459,73.30402374267578,72.65930201212565,0.6502702161842182,-0.011132536734095,0.0053278519038493,0.0210795037022977,-0.0037988978466975,Metals & Mining,12.0,0.680592041015625
2024-10-25,70.1822738647461,70.61400252344701,67.65953903368849,69.75053783174064,51228402,70.427783203125,72.45853576660156,72.61909332275391,73.80496177673339,73.37426055908203,72.70038324991862,0.6846237190010066,0.0091730226357484,-0.0061516392848354,0.0061515342112303,-0.0359454701613026,Metals & Mining,12.0,0.6805960205078125
2024-10-28,73.446044921875,73.82944980012044,69.28659754622444,70.52702205701046,41540253,70.58050079345703,72.16566696166993,72.60233968098959,73.68865165710449,73.57298645019532,72.79468663533528,0.8603822625217993,0.0465042079345958,-0.0397437720161721,0.0052202249781219,-0.0566326938377006,Metals & Mining,12.0,0.6805980102539062
2024-10-29,72.85965728759766,73.7005713797292,69.78920327543459,73.20117608860083,33370899,71.27191619873047,71.97428665161132,72.75591583251953,73.38627777099609,73.71152709960937,72.8864028930664,0.8288044849340993,-0.0079839239117788,0.0046873511860632,0.0115415598074009,-0.0421420320444703,Metals & Mining,12.0,0.680599005126953
2024-10-30,72.25395202636719,73.5040442585723,72.02519370206778,72.36349733140145,11504781,71.65725402832031,71.74424514770507,72.75763448079427,73.05974006652832,73.71578002929688,72.9895034790039,0.7961864266655153,-0.0083133147173555,0.0015161150630802,0.0173013682593989,-0.0031660320007952,Metals & Mining,12.0,0.6805995025634766
2024-10-31,71.48391723632812,72.52136396561679,70.44647050703946,72.28294530958887,32381775,72.04516906738282,71.67497482299805,72.66119283040365,72.77734184265137,73.66513214111328,73.09421463012696,0.754718998102477,-0.0106573380201827,0.0111777320571162,0.0145130089312093,-0.0145130089312093,Metals & Mining,12.0,0.6805997512817383
2024-11-01,71.79644012451172,72.4537045563578,71.42914811453788,72.00908558397737,2838057,72.36800231933594,71.39789276123047,72.42835795084635,72.55632057189942,73.5175698852539,73.20655085245768,0.7715487838572351,0.0043719328803761,0.0029617827721941,0.0091545546089226,-0.0051157412447868,Metals & Mining,12.0,0.6805998756408691
2024-11-04,72.97564697265625,73.2978377176128,71.57413087455889,72.38926438890422,45335373,72.27392272949218,71.42721176147461,72.20175221761068,72.52023544311524,73.40570587158203,73.35647583007812,0.8350506884062471,0.0164243080311435,-0.0080353187409457,0.0044150447213886,-0.0192052575926117,Metals & Mining,12.0,0.6805999378204346
2024-11-05,75.62725830078125,76.19753542655796,72.91121329090096,72.96275968259893,67111656,72.8274429321289,72.04967956542968,72.25867207845052,72.77379760742187,73.27451080322265,73.56417973836263,0.9778435917247956,0.0363355645085072,-0.0352319874877018,0.0075406293787436,-0.0359135723138099,Metals & Mining,12.0,0.6805999689102173
2024-11-06,77.66670989990234,77.90512855083577,74.19996068621838,76.59704485478012,51877836,73.90999450683594,72.78362426757812,72.46616160074869,73.04572448730468,73.22979095458984,73.74814910888672,1.0876708548410998,0.0269671497412993,-0.0137725036441072,0.0030697663289807,-0.0446362311233725,Metals & Mining,12.0,0.6805999844551087
2024-11-07,76.97400665283203,78.6944910212743,76.60026949732504,77.96956733517975,36177126,75.00801239013671,73.52659072875977,72.7859873453776,73.24789772033691,73.22347595214843,73.88894551595052,1.050367835828393,-0.0089189209632167,0.0129337256255595,0.0223514981648544,-0.0048553683478191,Metals & Mining,12.0,0.6805999922275543
2024-11-08,76.02677917480469,79.33565207231092,74.56404147869446,77.31875008378056,69222918,75.85408020019531,74.11104125976563,72.88328857421875,73.2847885131836,73.21587249755859,73.90698827107748,0.9993583382236766,-0.012305809704041,0.0169936293895247,0.0435224658129775,-0.0192397693547825,Metals & Mining,12.0,0.6805999961137772
2024-11-11,75.04731750488281,75.64659037118187,73.15285126941743,75.51770964904678,38684466,76.26841430664062,74.2711685180664,73.04094594319662,73.21841773986816,73.26987121582032,73.8828239440918,0.9466129852174064,-0.0128831140889165,0.0062679408112535,0.0079852669785307,-0.0252436236024309,Metals & Mining,12.0,0.6805999980568886
2024-11-12,72.4150390625,74.83467383446137,71.78354784423901,74.74768653490037,94780671,75.62597045898437,74.22670669555664,73.24177652994791,73.10049667358399,73.34423217773437,73.6664207458496,0.8048611842864406,-0.035074917130936,0.0322121965630248,0.0334134290789103,-0.0087204429692562,Metals & Mining,12.0,0.6806
2024-11-12,72.4150390625,74.83467383446137,71.78354784423901,74.74768653490037,94780671,75.62597045898437,74.22670669555664,73.24177652994791,73.10049667358399,73.34423217773437,73.6664207458496,0.8048611842864406,-0.035074917130936,0.0322121965630248,0.0334134290789103,-0.0087204429692562,Metals & Mining,12.0,0.6806
2024-11-13,71.9156494140625,73.04008338478296,71.04251699668814,72.39248670036055,46414905,74.4757583618164,74.19287643432617,73.34766896565755,72.96856079101562,73.33173126220703,73.4374521891276,0.7779683674428636,-0.0068962145833614,0.0066305079656947,0.0156354559804696,-0.0121410628213506,Metals & Mining,12.0,0.7605
2024-11-14,70.49479675292969,73.62001963227307,70.26926102362916,72.07673993188864,29963523,73.17991638183594,74.09396438598633,73.4110326131185,72.88446960449218,73.23430145263671,73.21621602376302,0.7014535047557647,-0.0197572110202619,0.0224405665641302,0.0443326745135059,-0.00319932448477,Metals & Mining,12.0,0.80045
2024-11-18,71.75455474853516,73.90999775653488,70.61078528102924,70.90075770563541,47659770,72.32547149658203,74.08977584838867,73.51585133870442,72.74383430480957,73.09292510986329,73.06747233072916,0.7692931989685887,0.0178702266497862,-0.0118988550049803,0.0300391106258481,-0.0159400259887929,Metals & Mining,12.0,0.820425
2024-11-19,71.27449035644531,72.5890191494396,70.72032611284371,72.08963124055711,34126065,71.57090606689454,73.91966018676757,73.37108103434245,72.67343597412109,72.88891540527344,72.98671035766601,0.743441073659245,-0.0066903682110806,0.0114366427600571,0.0184431875474702,-0.0077750712889032,Metals & Mining,12.0,0.8304125
2024-11-21,70.11784362792969,71.84799574123385,69.33814358980884,71.83510545573243,26724375,71.11146697998046,73.36871871948242,73.18829345703125,72.70919914245606,72.70269073486328,72.97210464477538,0.6811540624646462,-0.0162280603162675,0.0244910815699801,0.0246749190189727,-0.0111198519204073,Metals & Mining,12.0,0.83540625
2024-11-22,71.12950897216797,71.62245914651322,70.33692603219379,70.5592392086413,25378566,70.95423889160156,72.71499862670899,73.1133305867513,72.74931144714355,72.56569641113282,72.93548253377278,0.7356336274590725,0.0144280726829897,-0.0080173443029082,0.006930318815193,-0.0111428147252402,Metals & Mining,12.0,0.837903125
2024-11-25,73.07230377197266,73.50726239445338,72.10573888775528,72.49236631630319,44506926,71.46974029541016,72.32482833862305,73.21922302246094,72.9257095336914,72.60152374267578,72.9402079264323,0.8402557894908119,0.0273134853294836,-0.0079364879131114,0.0059524416232727,-0.0132275134944918,Metals & Mining,12.0,0.8391515625
2024-11-26,73.0465316772461,73.71667901414268,72.63090847579764,73.1367415497345,22968969,71.72813568115234,72.02680358886718,73.3025624593099,73.06892242431641,72.54069458007812,72.86546020507812,0.8388679268762678,-0.0003526930642146,0.0012349644865685,0.0091742526511404,-0.0056898416927565,Metals & Mining,12.0,0.83977578125
2024-11-27,73.36872100830078,73.89388212530743,72.69856631013026,73.00464420555227,17865060,72.14698181152343,71.85894393920898,73.32876739501953,73.0650562286377,72.56814514160156,72.7652598063151,0.8562182638248172,0.0044107409846407,-0.0049622890755764,0.0071578338805611,-0.0091340654295268,Metals & Mining,12.0,0.840087890625
2024-11-28,73.3719482421875,74.3610638091391,73.0884209528551,73.7650134621208,18007374,72.797802734375,71.95463485717774,73.17841339111328,73.09067077636719,72.72691986083984,72.7185427347819,0.8563920547916475,4.398650872425087e-05,0.0053571593688077,0.0134808409841689,-0.0038642464337531,Metals & Mining,12.0,0.8402439453125
2024-11-29,74.12586212158203,74.80889972210514,73.20439850080378,73.62002168921155,27932256,73.3970733642578,72.17565612792968,72.94235687255859,73.18426628112793,72.8788638305664,72.70425923665364,0.8969913502272341,0.0102752332118263,-0.0068240748625735,0.0092145653483635,-0.0124310678406257,Metals & Mining,12.0,0.8403219726562501
2024-12-02,74.6671371459961,74.91200093774225,73.94865862680237,74.72835125035643,13526058,73.7160400390625,72.59289016723633,72.78856557210287,73.34342727661132,73.08377563476563,72.78727645874024,0.9261397519594576,0.0073021076439725,0.0008198265890473,0.003279405118578,-0.0096224195363067,Metals & Mining,12.0,0.8404
2024-12-02,74.6671371459961,74.91200093774225,73.94865862680237,74.72835125035643,13526058,73.7160400390625,72.59289016723633,72.78856557210287,73.34342727661132,73.08377563476563,72.78727645874024,0.9261397519594576,0.0073021076439725,0.0008198265890473,0.003279405118578,-0.0096224195363067,Metals & Mining,12.0,0.8404
2024-12-03,75.93333435058594,76.08154312813646,74.74446368190554,74.89266508515126,17718759,74.29340057373047,73.01076812744141,72.78233591715495,73.55027198791504,73.31381805419922,72.83281224568685,0.9943262063992429,0.0169578914230239,-0.0137050384305511,0.0019518275974321,-0.0156567689124693,Metals & Mining,12.0,0.7442
2024-12-04,75.41461181640625,76.35862607921207,74.98288313816819,76.2136398712893,14661744,74.70257873535157,73.4247802734375,72.80682220458985,73.67222023010254,73.39256072998047,72.92388407389323,0.9663922871680828,-0.0068312887694979,0.0105951358183511,0.0125176572559173,-0.0057247351387166,Metals & Mining,12.0,0.6960999999999999
2024-12-05,75.76580047607422,76.19753654080665,75.29540830415552,75.89145126019228,12102192,75.18134918212891,73.98957595825195,73.03020629882812,73.67914733886718,73.50880645751953,73.13599141438802,0.9853042776980068,0.0046567720924284,0.0016584103029142,0.005698297411492,-0.0062085026352655,Metals & Mining,12.0,0.67205
2024-12-06,76.8934555053711,77.16409987025156,75.53704798124323,76.01710785725078,23250720,75.73486785888672,74.56597061157227,73.3620600382487,73.64048461914062,73.69438659667969,73.35486450195313,1.0460300461645808,0.0148834305479683,-0.0113969081290552,0.003519732116364,-0.0176400906320709,Metals & Mining,12.0,0.6600250000000001
2024-12-09,77.8181381225586,78.07910738731177,75.94622252526167,77.14798344531498,39372222,76.36506805419921,75.04055404663086,73.85028279622396,73.68269119262695,73.9477554321289,73.63065770467122,1.0958254721215832,0.0120255047859425,-0.0086118055945795,0.003353578883398,-0.0240550036592853,Metals & Mining,12.0,0.6540125000000001
2024-12-10,78.60427856445312,80.06057103142585,78.01789596707073,78.01789596707073,55704825,76.89925689697266,75.59632873535156,74.30693105061849,73.81156616210937,74.22006896972657,73.91139119466146,1.1381602121053742,0.010102277706213,-0.0074599323101932,0.0185268854770876,-0.0074599323101932,Metals & Mining,12.0,0.65100625
2024-12-11,77.69570922851562,79.30665569966409,77.34452269132471,78.6139503394174,37007970,77.35547637939453,76.02902755737304,74.73501230875651,73.94398574829101,74.40887145996093,74.05304667154948,1.089232508422474,-0.0115587771115092,0.0118184275556463,0.0207340467980079,-0.0045200248595197,Metals & Mining,12.0,0.6495031250000001
2024-12-12,77.57971954345703,77.96956215534904,76.5809363561447,77.8406888084196,19115433,77.7182601928711,76.4498046875,75.232470703125,74.20221977233886,74.48696990966796,74.21038208007812,1.0829863049503263,-0.0014928711792494,0.0033638851300097,0.0050250582779385,-0.0128742820055292,Metals & Mining,12.0,0.6487515625
2024-12-13,75.3050765991211,76.84191128515779,73.8487840736998,76.35862882424485,51242721,77.4005844116211,76.5677261352539,75.5108418782552,74.3716911315918,74.39250457763671,74.31208623250326,0.9604936656295954,-0.0293200717625922,0.0139904541991535,0.0204081153016799,-0.0193385704017501,Metals & Mining,12.0,0.64837578125
2024-12-16,74.95388793945312,75.61759013081429,74.26440517809351,75.31151223082722,17309907,76.827734375,76.59640121459961,75.6362808227539,74.59464569091797,74.31169982910156,74.42775192260743,0.9415816750996716,-0.0046635456137636,0.0047712573851135,0.0088548067299363,-0.0091987591346371,Metals & Mining,12.0,0.648187890625
2024-12-17,73.30105590820312,75.37594934688448,73.13674164502928,74.89266689686379,16910646,75.76708984375,76.33317337036132,75.6532491048177,74.67197074890137,74.2026708984375,74.4779057820638,0.8525744054682772,-0.0220513181729163,0.0217133432655305,0.0283064604318905,-0.0022416356918463,Metals & Mining,12.0,0.6480939453125001
2024-12-18,68.82908630371094,73.70057433131372,68.07838942567385,73.29784141055576,106766601,73.99376525878907,75.6746208190918,75.35060679117838,74.54970054626465,73.95394165039062,74.33968709309896,0.6117527146704479,-0.061008256280681,0.064925387606139,0.0707765900902295,-0.0109066808576335,Metals & Mining,12.0,0.6480469726562501
2024-12-19,68.9869613647461,69.5604536809116,67.56610979780416,68.46501543968753,39105261,72.27521362304688,74.99673690795899,75.05827433268229,74.49315643310547,73.81681854248046,74.11834386189778,0.620254503031242,0.0022937259451407,-0.0075658633853858,0.0083130537252302,-0.0205959436222976,Metals & Mining,12.0,0.6480234863281251
2024-12-20,68.6744384765625,70.63656402601201,68.01395148426708,69.10938972792539,57495276,70.94908599853515,74.17483520507812,74.694846089681,74.37040290832519,73.68717010498047,73.81860148111979,0.6034247172764838,-0.0045301732675429,0.006333524685627,0.0285714101633194,-0.0096176540638309,Metals & Mining,12.0,0.6480117431640626
2024-12-23,68.9676284790039,70.15650658116829,67.04416634351219,69.43158288758895,60663189,69.75183410644532,73.28978424072265,74.31487884521485,74.16516914367676,73.62608337402344,73.55172220865886,0.6192134006436592,0.0042692741134165,0.0067271329871272,0.0172382047691594,-0.0278893471895628,Metals & Mining,12.0,0.6480058715820314
2024-12-24,68.4456787109375,69.33491662221692,67.67886900693803,69.10938826037841,40001385,68.78075866699218,72.2739242553711,73.81570180257161,73.93512649536133,73.49372833251954,73.29901885986328,0.591105690445669,-0.0075680399569677,0.0096968802405177,0.0129918780560989,-0.0112031865041165,Metals & Mining,12.0,0.6480029357910158
2024-12-26,69.09327697753906,69.71510049021818,68.70665691987104,69.23504061507263,28683231,68.8335968017578,71.41368103027344,73.39427947998047,73.72135429382324,73.40647979736327,73.10055084228516,0.6259797444562488,0.009461492365888,0.0020517718037842,0.0089997687167342,-0.0055956248506451,Metals & Mining,12.0,0.6480014678955079
2024-12-27,67.00228118896484,69.68933053598519,66.81863149101711,69.43802158736807,33184338,68.43666076660156,70.35593719482422,72.81004486083984,73.4028709411621,73.28185729980468,72.92012557983398,0.5133767561108562,-0.0302633755416458,0.0363530965689626,0.040103848694974,-0.0027409469452209,Metals & Mining,12.0,0.648
2024-12-27,67.00228118896484,69.68933053598519,66.81863149101711,69.43802158736807,33184338,68.43666076660156,70.35593719482422,72.81004486083984,73.4028709411621,73.28185729980468,72.92012557983398,0.5133767561108562,-0.0302633755416458,0.0363530965689626,0.040103848694974,-0.0027409469452209,Metals & Mining,12.0,0.648
2024-12-30,64.64385986328125,67.32124884897688,64.28623555873861,67.12793143839487,39389278,67.63054504394532,69.28981552124023,71.99340515136718,72.92877082824707,73.02243133544921,72.67773259480795,0.3863725361594829,-0.0351991198483555,0.0384270305078828,0.0414175296982293,-0.0055322238693512,Metals & Mining,12.0,0.648
2024-12-31,63.71595764160156,65.55243246114897,63.358333341402115,64.61486331055184,38155586,66.58021087646485,68.16602249145508,71.05325978597006,72.38121185302734,72.64817749023437,72.451771291097,0.3364037300889999,-0.0143540658562492,0.014108014730102,0.0288228394820253,-0.0056127901617842,Metals & Mining,12.0,0.648
2025-01-01,63.773956298828125,64.06392134857428,62.82671943799186,64.06392134857428,21999690,65.64586639404297,67.21331253051758,70.06457163492838,71.77324295043945,72.27727447509766,72.18575134277344,0.3395270372517485,0.0009102689400479,0.00454676276296,0.00454676276296,-0.0148530358756129,Metals & Mining,12.0,0.648
2025-01-02,65.4267807006836,65.62009073172953,63.71595669127662,63.77395560003439,30423550,64.91256713867188,66.87308197021484,69.24664306640625,71.27385139465332,71.95959686279296,71.99082768758139,0.4285338960297933,0.0259169180928773,-0.0252622104121338,0.0029546009902321,-0.0261486808778458,Metals & Mining,12.0,0.648
2025-01-03,65.39778137207031,66.29667960435683,65.19479626392962,65.66841835051845,19978769,64.59166717529297,66.51416397094727,68.43451385498047,70.75545043945313,71.64063018798828,71.83349227905273,0.4269722424484191,-0.0004432333106216,0.0041383204868739,0.0137450875767846,-0.0031038531259316,Metals & Mining,12.0,0.648
2025-01-06,62.730064392089844,65.62009142008125,62.546414698656235,65.62009142008125,22191351,64.20890808105469,65.9197265625,67.59617970784505,70.04728088378906,71.1847982788086,71.55351079305014,0.2833120277091178,-0.0407921633427121,0.0460708442753621,0.0460708442753621,-0.0029276184428206,Metals & Mining,12.0,0.648
2025-01-07,63.764286041259766,64.22823305206835,61.86981976946439,62.82671693177377,38761765,64.21857376098633,65.39939231872559,66.85020624796549,69.34458827972412,70.74868423461913,71.2432435353597,0.3390062806312823,0.0164868577641749,-0.0147036714075231,0.0072759696628357,-0.0297104600303926,Metals & Mining,12.0,0.648
2025-01-08,63.79328155517578,64.34422323727102,62.643066997661,63.7642857889031,31517108,64.22243881225586,64.93415260314941,66.21635462443034,68.60403842926026,70.26308212280273,70.93480186462402,0.3405677287859819,0.0004547296882968,-0.0004545269590434,0.0086363590124882,-0.0180303400213067,Metals & Mining,12.0,0.648
2025-01-09,62.60440444946289,63.880269804580045,62.391766368864076,63.79328250446756,14824626,63.65796356201172,64.2852653503418,65.80137583414714,67.84947319030762,69.750673828125,70.57599131266277,0.2765450676165039,-0.0186363998955691,0.0189903260874302,0.0203798018100642,-0.0033965354749195,Metals & Mining,12.0,0.648
