Price,Close,High,Low,Open,Volume,MA_5,MA_10,MA_15,MA_20,MA_25,MA_30,Normalised Close,Return Ratio,Percentage Change Open,Percentage Change High,Percentage Change Low,Sector,Sector Encoded,VADER Sentiment Score
Ticker,POLICYBZR.NS,POLICYBZR.NS,POLICYBZR.NS,POLICYBZR.NS,POLICYBZR.NS,,,,,,,,,,,,,,
Date,,,,,,,,,,,,,,,,,,,
2023-01-10,466.04998779296875,469.70001220703125,454.5,465.0,975925,,,,,,,-1.2599522011332631,,-0.0022529510148494,0.0078318302964615,-0.0247827230887076,Financial Services,8.0,0.5
2023-01-10,466.04998779296875,469.70001220703125,454.5,465.0,975925,,,,,,,-1.2599522011332631,,-0.0022529510148494,0.0078318302964615,-0.0247827230887076,Financial Services,8.0,0.5
2023-01-11,467.70001220703125,476.8999938964844,462.0,466.0,933792,,,,,,,-1.2564967680218466,0.0035404451395361,-0.003634834643277,0.0196706894362463,-0.0121873253330343,Financial Services,8.0,0.5
2023-01-12,465.79998779296875,477.95001220703125,459.0,471.8999938964844,1322618,,,,,,,-1.2604757438581415,-0.0040624852778952,0.0130957626950967,0.0260842093870186,-0.0145985143219692,Financial Services,8.0,0.5
2023-01-13,464.29998779296875,468.20001220703125,461.0,468.0,351770,,,,,,,-1.263617000207412,-0.0032202662930654,0.0079690120704485,0.0083997943497717,-0.0071074475118018,Financial Services,8.0,0.5
2023-01-16,450.79998779296875,467.5,449.04998779296875,464.29998779296875,542020,462.9299926757813,,,,,,-1.2918883073508456,-0.0290760291943398,0.0299467621241371,0.0370452809654928,-0.0038819876827584,Financial Services,8.0,0.5
2023-01-17,441.95001220703125,455.29998779296875,438.04998779296875,451.95001220703125,1106941,458.10999755859376,,,,,,-1.3104216686843215,-0.0196317121241846,0.0226269933788698,0.0302069809191083,-0.0088245826594423,Financial Services,8.0,0.5
2023-01-18,445.0,449.0,434.0,449.0,2116735,453.5699951171875,,,,,,-1.3040344730044149,0.0069012053597138,0.0089887640449437,0.0089887640449437,-0.0247191011235955,Financial Services,8.0,0.5
2023-01-19,438.75,457.95001220703125,436.8999938964844,445.04998779296875,753789,448.1599975585938,,,,,,-1.3171230411263748,-0.0140449438202247,0.0143589465366809,0.0437607115829772,-0.0042165381276709,Financial Services,8.0,0.5
2023-01-20,434.3999938964844,443.8999938964844,432.0,440.1499938964844,1198308,442.17999877929685,,,,,,-1.3262326973210636,-0.0099145438256766,0.0132366484364412,0.0218692452428159,-0.0055248479056293,Financial Services,8.0,0.5
2023-01-23,419.54998779296875,437.95001220703125,406.6000061035156,435.8999938964844,2174182,435.92999877929685,449.4299957275391,,,,,-1.3573311479606454,-0.0341850974036945,0.0389703410302175,0.0438565723976189,-0.0308663617357639,Financial Services,8.0,0.5
2023-01-24,420.6499938964844,426.20001220703125,412.8500061035156,421.6499938964844,1414819,431.6699951171875,444.8899963378906,,,,,-1.3550275471893756,0.0026218713753328,0.0023772733020557,0.0131939103555833,-0.0185427027365848,Financial Services,8.0,0.5
2023-01-25,405.95001220703125,424.5,396.5,422.79998779296875,1582388,423.85999755859376,438.7149963378906,,,,,-1.3858118210668111,-0.0349458740110443,0.0415075134357778,0.0456952512259278,-0.0232787582777848,Financial Services,8.0,0.5
2023-01-27,401.5,409.79998779296875,395.0,405.95001220703125,917475,416.4099975585938,432.2849975585938,,,,,-1.3951309071332565,-0.0109619708664075,0.0110834675143991,0.0206724478031601,-0.0161892901618928,Financial Services,8.0,0.5
2023-01-30,420.3999938964844,424.45001220703125,395.45001220703125,399.8999938964844,1221074,413.60999755859376,427.8949981689453,,,,,-1.355551089914254,0.0470734592689523,-0.048763083486266,0.0096337259023464,-0.0593481970782249,Financial Services,8.0,0.5
2023-01-31,428.54998779296875,438.95001220703125,404.0,420.3999938964844,1252394,415.4099975585938,425.6699981689453,438.0899963378906,,,,-1.338483609865023,0.0193862845261866,-0.0190176038470023,0.024267937720924,-0.0572861707904861,Financial Services,8.0,0.5
2023-02-01,402.45001220703125,432.0,390.70001220703125,427.95001220703125,2364947,411.7700012207032,421.7199981689453,433.8499979654948,,,,-1.3931414192151086,-0.0609029899180543,0.063361906389711,0.0734252376609878,-0.0291961725521218,Financial Services,8.0,0.5
2023-02-02,420.8999938964844,425.8999938964844,391.3999938964844,392.0,912435,414.75999755859374,419.30999755859375,430.72999674479166,,,,-1.3545040044644971,0.0458441573607455,-0.0686623766109914,0.0118793064207782,-0.0700879078825912,Financial Services,8.0,0.5
2023-02-03,427.95001220703125,438.8999938964844,416.25,422.0,1486286,420.05,418.22999877929686,428.2066650390625,,,,-1.339740061277512,0.0167498655566166,-0.0139035215266047,0.025587057780374,-0.0273396702261831,Financial Services,8.0,0.5
2023-02-06,442.1499938964844,444.3999938964844,425.04998779296875,427.75,772849,424.4,419.0049987792969,426.72999877929686,,,,-1.3100028728498334,0.033181402697527,-0.0325681196319448,0.0050887708493936,-0.038674672259566,Financial Services,8.0,0.5
2023-02-07,451.5,458.0,438.5,439.95001220703125,1356987,428.9900024414063,422.2,426.7766662597657,435.8149978637695,,,-1.2904223621575763,0.0211466837783212,-0.0255813683122231,0.0143964562569214,-0.0287929125138427,Financial Services,8.0,0.5
2023-02-08,481.75,492.79998779296875,450.1000061035156,451.0,4488873,444.85,428.3100006103516,429.42999877929685,436.5999984741211,,,-1.22707369244729,0.0669988925802879,-0.0638297872340425,0.0229371827565516,-0.0656979634592306,Financial Services,8.0,0.5
2023-02-09,510.29998779296875,520.0,475.0,482.25,6069534,462.72999877929686,438.7449981689453,433.7833312988281,438.729997253418,,,-1.167285138829787,0.0592630779303969,-0.0549676434723898,0.0190084507918244,-0.0691749728343911,Financial Services,8.0,0.5
2023-02-10,525.9000244140625,535.4000244140625,495.79998779296875,511.8999938964844,6080396,482.3200012207032,451.1850006103516,439.5933329264323,441.73499908447263,,,-1.1346159961065456,0.0305703252876085,-0.0266210874075855,0.0180642699353066,-0.0572352827985319,Financial Services,8.0,0.5
2023-02-13,526.1500244140625,545.9000244140625,511.29998779296875,530.0,7785779,499.1200073242188,461.7600036621094,445.7100016276042,444.82750091552737,,,-1.1340924533816672,0.0004753755246133,0.0073172582101939,0.0375368223578327,-0.0282239588178889,Financial Services,8.0,0.5
2023-02-14,502.8500061035156,533.0499877929688,497.54998779296875,526.1500244140625,2213328,509.3900085449219,469.1900054931641,451.2633361816406,447.4300018310547,450.53,,-1.1828866736857484,-0.0442839821902403,0.0463359213040366,0.0600576341312328,-0.0105399587276843,Financial Services,8.0,0.5
2023-02-14,502.8500061035156,533.0499877929688,497.54998779296875,526.1500244140625,2213328,509.3900085449219,469.1900054931641,451.2633361816406,447.4300018310547,450.53,,-1.1828866736857484,-0.0442839821902403,0.0463359213040366,0.0600576341312328,-0.0105399587276843,Financial Services,8.0,0.5
2023-02-15,496.45001220703125,508.70001220703125,490.6000061035156,497.95001220703125,1662947,512.3300109863281,478.5900054931641,456.31667073567706,450.1550018310547,451.7460009765625,,-1.1962893546608306,-0.0127274412226354,0.0030214522371176,0.0246751932697937,-0.0117836760190792,Financial Services,8.0,0.6101
2023-02-16,500.0,507.8500061035156,496.1000061035156,500.70001220703125,1353170,510.2700134277344,486.5000061035156,462.586669921875,452.9050018310547,453.0380004882812,,-1.188855073531167,0.0071507457058704,0.0014000244140623,0.0157000122070312,-0.0077999877929687,Financial Services,8.0,0.6651499999999999
2023-02-17,484.79998779296875,506.0,481.0,498.45001220703125,1075257,502.0500061035156,492.18500366210935,468.14000244140624,455.2075012207032,453.7980004882813,,-1.2206864967673834,-0.0304000244140625,0.0281559916620535,0.0437293992178988,-0.0078382588462265,Financial Services,8.0,0.6926749999999999
2023-02-20,490.45001220703125,494.5,482.04998779296875,484.79998779296875,890856,494.9100036621094,497.015005493164,472.81000366210935,458.01000213623047,454.84400146484376,,-1.2088543800579123,0.0116543410815334,-0.0115200821152747,0.0082576974047645,-0.0171271775002355,Financial Services,8.0,0.7064374999999999
2023-02-21,498.1000061035156,508.79998779296875,489.25,492.0,1061277,493.9600036621094,501.6750061035156,477.4466715494792,461.9375030517578,456.7360021972656,457.7683339436849,-1.192833985458438,0.0155979074443475,-0.0122465489435226,0.0214815931707286,-0.017767528598818,Financial Services,8.0,0.71331875
2023-02-22,516.4000244140625,524.9000244140625,487.5,499.0,3884825,497.9500061035157,505.1400085449219,485.0433390299479,466.7250045776367,459.71400268554686,459.44666849772136,-1.1545106196519248,0.0367396468305678,-0.0336948559090515,0.0164601076648758,-0.0559644133380011,Financial Services,8.0,0.716759375
2023-02-23,521.5499877929688,529.8499755859375,497.1499938964844,512.7000122070312,1991242,502.2600036621094,506.2650085449219,491.7533386230469,472.5050033569336,462.7760021972656,461.2416676839193,-1.1437257162102588,0.0099728178455252,-0.0169686047226034,0.0159140791625584,-0.0467836151233312,Financial Services,8.0,0.7184796874999999
2023-02-24,576.7999877929688,586.0,521.0,521.5499877929688,11455996,520.6600036621094,511.3550048828125,501.676670328776,481.270002746582,468.2980017089844,464.94166768391926,-1.0280227740121326,0.1059342369727591,-0.0957871032754441,0.0159500908490541,-0.0967406188867623,Financial Services,8.0,0.7193398437499999
2023-02-27,549.4000244140625,588.4000244140625,545.0999755859375,567.0,5034699,532.4500061035156,513.6800048828125,508.82667236328126,487.7200042724609,472.8980029296875,467.77833557128906,-1.085402979967976,-0.047503404921605,0.0320349013539049,0.0709865276063532,-0.0078268085858042,Financial Services,8.0,0.719769921875
2023-02-28,558.25,570.7000122070312,545.2999877929688,551.5,2612326,544.4800048828125,519.220004272461,515.9433390299479,494.2050048828125,478.4460034179688,471.3600026448568,-1.0668696186345,0.0161084368268385,-0.0120913569189431,0.0223018579615428,-0.0231975140296126,Financial Services,8.0,0.7199849609375
2023-03-01,574.7000122070312,583.0,560.2000122070312,562.25,2176463,556.1400024414063,527.0450042724609,522.1400065104167,502.8175048828125,484.6080041503906,475.7850026448568,-1.0324204817738918,0.0294671065061016,-0.0216634973770388,0.0144422961835239,-0.0252305545362968,Financial Services,8.0,0.72009248046875
2023-03-02,561.7000122070312,575.7999877929688,548.25,571.9000244140625,1741060,564.1700073242188,533.2150054931641,525.5666748046875,509.85750579833984,490.83800415039065,479.6750030517578,-1.059644703467569,-0.022620497170473,0.0181591810314429,0.0251023238018739,-0.0239451876708769,Financial Services,8.0,0.720146240234375
2023-03-03,598.0499877929688,601.25,566.5499877929688,570.0,4307763,568.4200073242188,544.540005493164,530.3766723632813,518.3625045776367,498.7000036621094,484.9850026448568,-0.9835216423974686,0.0647142154103063,-0.0469024134529019,0.0053507437042854,-0.0526711824144449,Financial Services,8.0,0.7201731201171875
2023-03-06,595.2000122070312,616.7000122070312,592.0999755859375,605.0499877929688,3212131,577.5800048828125,555.015005493164,534.9800048828125,526.015005493164,505.6920043945312,490.3450032552083,-0.9894899783338632,-0.0047654471099564,0.0165490177821288,0.03612231108712,-0.005208394753889,Financial Services,8.0,0.7201865600585937
2023-03-08,571.5499877929688,594.0,563.75,594.0,4272399,580.2400024414062,562.3600036621094,539.5600036621094,532.0175048828125,511.41200439453127,495.411669921875,-1.0390171712345788,-0.0397345832140813,0.0392791753766308,0.0392791753766308,-0.0136470789249568,Financial Services,8.0,0.7201932800292968
2023-03-09,567.9500122070312,577.4500122070312,564.0,574.4500122070312,1338689,578.8900024414063,567.5150024414063,544.326670328776,536.327505493164,518.0320043945312,500.32167053222656,-1.0465561353456083,-0.006298618953416,0.0114446691791434,0.0167268241849021,-0.0069548589173924,Financial Services,8.0,0.7201966400146484
2023-03-10,579.0499877929688,583.0,557.8499755859375,564.0,2999701,582.3599975585937,573.2650024414063,549.596669514974,539.765005493164,524.3580041503906,506.0916697184245,-1.023310889488227,0.0195439305350191,-0.0259908265438901,0.0068215392285675,-0.0366117134167197,Financial Services,8.0,0.7201983200073242
2023-03-13,567.0499877929688,589.9000244140625,558.0999755859375,575.0999755859375,2088372,576.1599975585938,572.2900024414063,555.0800028483073,541.8225036621094,529.9220031738281,511.6100026448568,-1.04844094028239,-0.0207235994352363,0.0141962577660927,0.0402963356194203,-0.0157834624807344,Financial Services,8.0,0.7201991600036621
2023-03-14,554.7999877929688,589.7000122070312,547.0499877929688,573.0,2945791,568.0799926757812,572.8299987792968,559.3700012207031,543.2550018310546,534.4280029296875,516.0900024414062,-1.0740945338014316,-0.0216030337072725,0.0328046369997809,0.062905596939353,-0.0139689981444124,Financial Services,8.0,0.720199580001831
2023-03-15,564.25,579.9000244140625,557.0,563.0,1943368,566.6199951171875,573.4299987792969,563.7800008138021,546.3250015258789,538.9380029296875,520.6133361816406,-1.0543045932374184,0.017033187481896,-0.0022153300841825,0.0277359759221311,-0.0128489144882587,Financial Services,8.0,0.7201997900009155
2023-03-16,581.7999877929688,591.2999877929688,562.0999755859375,567.0499877929688,3083121,569.389990234375,574.1399963378906,568.1399983723958,550.5925003051758,542.9400024414062,526.5916687011719,-1.0175519195145646,0.03110321274784,-0.0253523552930164,0.0163286356124512,-0.033860454830469,Financial Services,8.0,0.7201998950004578
2023-03-17,588.75,607.2000122070312,581.0,588.9000244140625,9030654,571.3299926757812,576.8449951171875,572.6199991861979,555.0300003051758,546.0780029296875,532.1866689046224,-1.0029974061993354,0.0119457070348107,0.0002548185376858,0.0313376003516454,-0.0131634819532908,Financial Services,8.0,0.7201999475002289
2023-03-20,581.7999877929688,598.8499755859375,578.5499877929688,588.75,1997900,574.2799926757813,575.2199951171875,572.9533325195313,559.8800003051758,548.3140014648437,537.3150014241536,-1.0175519195145646,-0.0118046916467622,0.0119457070348107,0.0293055829334873,-0.005586112183207,Financial Services,8.0,0.7201999737501144
2023-03-21,589.0999755859375,597.0,581.0,587.0,1053555,581.139990234375,574.6099914550781,575.5999959309896,564.8124984741211,550.8319995117188,542.2133341471355,-1.002264497511725,0.0125472463838662,-0.003564718507837,0.0134103288770379,-0.0137497469387619,Financial Services,8.0,0.7201999868750572
2023-03-22,575.2999877929688,593.7999877929688,572.2000122070312,593.7999877929688,2690368,583.3499877929687,574.9849914550781,576.7366617838542,568.6724975585937,553.7299987792969,546.340000406901,-1.031164030361403,-0.0234255446696341,0.032157136089941,0.032157136089941,-0.0053884506374317,Financial Services,8.0,0.7201999934375285
2023-03-23,580.2999877929688,594.2000122070312,576.5499877929688,579.0,1354790,583.0499877929688,576.2199890136719,577.1099934895833,571.8674957275391,557.0839978027344,549.625,-1.020693175863835,0.0086911178621462,-0.0022401995869635,0.0239531702678952,-0.0064621748731413,Financial Services,8.0,0.7201999967187642
2023-03-24,578.7000122070312,590.5499877929688,575.0,583.7999877929688,1023188,581.039990234375,576.1849914550781,578.2433268229166,574.7249969482422,560.2319982910157,551.9050008138021,-1.0240437981758377,-0.0027571525410893,0.0088128140286145,0.0204768884326516,-0.0063936618783196,Financial Services,8.0,0.7201999983593821
2023-03-27,580.7000122070312,584.25,572.5,582.0,1090003,580.8199951171875,577.5499938964844,577.0866617838542,574.9199981689453,564.0679992675781,553.7316670735677,-1.0198554563768103,0.0034560220456406,0.0022386563899456,0.0061132903708345,-0.0141209093071411,Financial Services,8.0,0.720199999179691
2023-03-28,594.2999877929688,599.7000122070312,581.5,586.0,2222092,581.8599975585937,581.4999938964844,577.02666015625,577.1649963378907,568.2219982910157,556.0033325195312,-0.9913747832706444,0.0234199677975705,-0.0139659901791217,0.0090863613073868,-0.0215379237016369,Financial Services,8.0,0.7201999995898455
2023-03-29,623.8499755859375,629.7999877929688,586.5,594.2999877929688,2210413,591.5699951171875,587.4599914550781,580.5133260091146,580.4449951171875,573.2519970703125,560.036664835612,-0.9294920587536274,0.0497223429243327,-0.0473671378526777,0.0095375690308279,-0.0598701243048976,Financial Services,8.0,0.7201999997949227
2023-03-31,638.9000244140625,655.5999755859375,621.1500244140625,623.0,2198965,603.2900024414063,593.1699951171875,585.2433268229166,583.654995727539,578.1519970703125,564.7849985758463,-0.8979746844615094,0.0241244680886451,-0.0248865609743003,0.0261385984249893,-0.027782124466623,Financial Services,8.0,0.7201999998974613
2023-04-03,622.7000122070312,646.9500122070312,612.1500244140625,641.5999755859375,1734011,612.0900024414062,596.5649963378906,588.1533284505208,586.7049957275391,582.197998046875,568.8749989827473,-0.9319002785972392,-0.0253560989012143,0.0303516348296175,0.0389433106224792,-0.0169423279045338,Financial Services,8.0,0.7202
2023-04-03,622.7000122070312,646.9500122070312,612.1500244140625,641.5999755859375,1734011,612.0900024414062,596.5649963378906,588.1533284505208,586.7049957275391,582.197998046875,568.8749989827473,-0.9319002785972392,-0.0253560989012143,0.0303516348296175,0.0389433106224792,-0.0169423279045338,Financial Services,8.0,0.7202
2023-04-05,601.0999755859375,632.0,598.0,622.7000122070312,3313309,616.1699951171875,598.4949951171875,590.4233276367188,586.8574951171875,583.1699975585938,572.751665242513,-0.9771344467175618,-0.0346877086842135,0.0359341831615258,0.0514057988173131,-0.0051571713722259,Financial Services,8.0,0.6101
2023-04-06,593.5,609.9000244140625,590.75,603.9500122070312,1706637,616.0099975585938,598.9349975585938,593.0033284505208,586.772494506836,584.9339965820312,576.186664835612,-0.9930500944266458,-0.0126434468384884,0.0176074342157224,0.0276327285830875,-0.0046335299073293,Financial Services,8.0,0.55505
2023-04-10,589.5999755859375,607.3499755859375,581.5999755859375,595.9000244140625,1082946,609.1599975585938,600.3649963378906,594.6933268229167,587.6749938964844,586.1879956054687,579.2366638183594,-1.001217412061968,-0.0065712290043176,0.010685293570211,0.0301051572845814,-0.0135685215930507,Financial Services,8.0,0.527525
2023-04-11,596.7000122070312,613.9500122070312,591.0999755859375,592.0999755859375,3117575,600.7199951171875,602.0049987792969,595.6866617838542,589.1124938964844,587.0679956054687,581.913330078125,-0.9863487219845928,0.0120421250255952,-0.007709127747592,0.0289089989058268,-0.0093850117421327,Financial Services,8.0,0.5137625
2023-04-12,592.1500244140625,603.0,587.0,599.7999877929688,498068,594.6099975585937,603.35,595.913330078125,589.7674957275391,588.28599609375,584.2666646321615,-0.99587717401377,-0.0076252517175918,0.0129189615190439,0.0183230180504909,-0.0086971615329383,Financial Services,8.0,0.50688125
2023-04-13,583.7000122070312,595.0999755859375,580.0999755859375,593.0,684726,591.1300048828125,603.65,596.0399983723959,590.5999969482422,587.7119970703125,584.4966654459636,-1.0135729436782694,-0.0142700529572596,0.0159328209670657,0.0195305176297697,-0.0061676144351644,Financial Services,8.0,0.503440625
2023-04-17,595.4500122070312,598.9000244140625,566.2999877929688,574.0,915266,591.5200073242188,603.7650024414063,596.4633341471355,592.6324981689453,587.7219970703125,586.0316650390625,-0.9889664356089848,0.0201302034508651,-0.0360231955114535,0.0057939577400356,-0.0489546121697406,Financial Services,8.0,0.5017203125
2023-04-18,594.8499755859375,604.2999877929688,591.0,595.4500122070312,449873,592.5700073242188,600.8650024414062,597.7666666666667,594.1624969482422,588.6539965820313,587.2516642252605,-0.9902230148395216,-0.0010077027605889,0.0010087192497616,0.0158863790785614,-0.0064721791106155,Financial Services,8.0,0.50086015625
2023-04-19,582.75,596.0,580.0,596.0,355458,589.7800048828125,595.25,597.930000813802,594.2099975585937,589.24599609375,587.5199971516927,-1.015562431596417,-0.0203412222956196,0.0227370227370227,0.0227370227370227,-0.0047190047190047,Financial Services,8.0,0.500430078125
2023-04-20,585.2000122070312,591.7000122070312,580.0,584.7999877929688,332047,588.3900024414063,591.5,598.3633341471354,594.0324981689453,589.4919970703126,588.3033304850261,-1.0104316873289991,0.0042042251514907,-0.0006835687042346,0.0111073135071986,-0.0088858716653471,Financial Services,8.0,0.5002150390625
2023-04-21,593.5999755859375,600.0,580.2999877929688,587.0,301176,590.3699951171875,590.75,599.2233317057292,594.6224975585938,590.5539965820312,588.1549967447917,-0.9928407284639136,0.0143540041074615,-0.0111185577112309,0.0107817127312801,-0.0224056407344701,Financial Services,8.0,0.50010751953125
2023-04-24,586.7999877929688,597.5,582.0499877929688,593.25,545824,588.639990234375,590.0799987792968,598.7233317057292,594.5074981689453,591.8339965820312,587.8749959309896,-1.0070810650169966,-0.0114555055132145,0.0109918410722715,0.0182345133429115,-0.0080947513613034,Financial Services,8.0,0.5000537597656249
2023-04-25,586.5,597.5999755859375,584.2000122070312,586.7999877929688,601984,586.9699951171875,589.7700012207031,596.2333333333333,595.0674987792969,592.7239965820313,588.3733296712239,-1.007709290723241,-0.0005112266516859,0.0005114881380541,0.0189257895753409,-0.0039215478140984,Financial Services,8.0,0.5000268798828125
2023-04-26,578.5999755859375,586.75,577.0,585.8499755859375,381859,586.139990234375,587.9599975585937,592.213330078125,594.9824981689453,592.59599609375,588.7283284505208,-1.0242532919566176,-0.0134697773470801,0.0125302459486937,0.0140857669511809,-0.0027652534625796,Financial Services,8.0,0.5000134399414062
2023-04-27,581.25,584.0,573.0,579.0,429510,585.3499877929687,586.8699951171875,589.4499959309895,595.1099975585937,592.29599609375,588.8016621907552,-1.0187036879456874,0.0045800631280339,-0.0038709677419355,0.0047311827956988,-0.0141935483870967,Financial Services,8.0,0.5000067199707031
2023-04-28,600.0999755859375,614.7999877929688,585.0,585.0499877929688,2929927,586.6499877929688,588.5099914550781,589.3833292643229,596.0799957275391,593.0279956054687,589.9033284505208,-0.9792286176170754,0.0324300655241935,-0.0250791341530616,0.0244959386853467,-0.0251624332615476,Financial Services,8.0,0.5000033599853515
2023-05-02,595.9500122070312,606.9500122070312,593.1500244140625,601.9000244140625,802694,588.4799926757812,588.5599914550781,589.5466634114583,596.1624969482422,593.3019970703125,591.2749959309896,-0.987919350159228,-0.0069154533373447,0.0099840793441652,0.0184579239444309,-0.0046983601570865,Financial Services,8.0,0.5000016799926758
2023-05-03,598.25,601.6500244140625,586.0999755859375,594.0,703177,590.8299926757812,588.8999938964844,590.1233317057291,594.8824981689453,594.2199975585937,592.4083292643229,-0.9831027826539562,0.0038593636141578,-0.0071040534893439,0.0056832836006059,-0.0203092760786669,Financial Services,8.0,0.5000008399963378
2023-05-04,597.1500244140625,608.5,594.0,594.0,884307,594.5400024414063,590.3399963378906,590.1533325195312,592.7949981689453,594.8939990234375,592.9199971516927,-0.985406319516202,-0.0018386553881111,-0.0052750971870986,0.0190069080162467,-0.0052750971870986,Financial Services,8.0,0.5000004199981689
2023-05-05,596.8499755859375,602.7999877929688,583.5,596.0,535291,597.6599975585938,591.5049926757813,590.4666625976563,591.5024963378906,595.6199975585937,593.1899963378906,-0.9860346730404944,-0.0005024680831578,-0.0014241025730177,0.0099690247975465,-0.022367389012342,Financial Services,8.0,0.5000002099990845
2023-05-08,614.5499877929688,617.9000244140625,595.0,599.0,2593240,600.55,593.5999938964844,592.5233276367187,592.1749969482422,596.9739965820313,594.2816630045573,-0.9489678225554944,0.0296557140505113,-0.0253030479242435,0.0054512028112223,-0.0318118756509597,Financial Services,8.0,0.5000001049995422
2023-05-09,610.4500122070312,621.7000122070312,607.0,613.5499877929688,757346,603.45,595.9649963378906,593.5233276367187,593.0224975585937,597.6199975585937,594.993330891927,-0.9575538721162808,-0.0066715086931524,0.0050781808894224,0.0184290273978806,-0.0056515883987913,Financial Services,8.0,0.5000000524997711
2023-05-10,614.5,618.0,595.0499877929688,612.2999877929688,553571,606.7,598.7649963378906,594.833329264323,594.2674987792968,597.2459985351562,596.2999979654948,-0.9490725055368604,0.0066344298664625,-0.0035801663255187,0.0056956875508542,-0.0316517692547294,Financial Services,8.0,0.5000000262498856
2023-05-11,617.0999755859375,625.9000244140625,609.5499877929688,618.5,510475,610.689990234375,602.6149963378906,597.1233276367187,595.2874969482422,596.3739965820313,597.5266642252604,-0.9436277123253444,0.0042310424506712,0.0022687157177945,0.0142603292436842,-0.0122346266272332,Financial Services,8.0,0.5000000131249428
2023-05-12,606.4500122070312,620.9500122070312,602.0,619.9000244140625,323807,612.6099975585937,605.1349975585938,598.5399943033855,596.0024963378906,595.7239965820313,598.4516642252604,-0.9659305557143352,-0.0172580842655099,0.0221782701563202,0.0239096375762788,-0.0073378054538023,Financial Services,8.0,0.5000000065624715
2023-05-15,599.3499755859375,605.5,591.3499755859375,591.3499755859375,2483314,609.5699951171875,605.0599975585938,598.9233276367188,596.7849945068359,595.6539965820313,599.073329671224,-0.9807992457917104,-0.0117075380957695,-0.0133477939866085,0.0102611573614399,-0.0133477939866085,Financial Services,8.0,0.5000000032812357
2023-05-16,627.5,631.1500244140625,599.0,599.0,1970686,612.9799926757812,608.2149963378906,601.6366617838542,598.3874938964843,597.0139965820313,600.1799967447917,-0.9218482838431836,0.0469675908246136,-0.045418326693227,0.0058167719746016,-0.045418326693227,Financial Services,8.0,0.5000000016406179
2023-05-17,636.5499877929688,641.9000244140625,614.0999755859375,622.5,3036700,617.389990234375,612.0449951171875,604.9733276367188,600.4724945068359,598.8919970703125,600.603330485026,-0.9028960627661952,0.0144222913035358,-0.0220720887006573,0.0084047391778974,-0.0352682627249265,Financial Services,8.0,0.5000000008203089
2023-05-18,633.7999877929688,644.0999755859375,628.1500244140625,632.0,1487041,620.7299926757812,615.7099914550781,608.6533284505208,603.0249938964844,600.37599609375,600.4333292643229,-0.9086550327398576,-0.0043201634635713,-0.0028399934169085,0.0162511643915228,-0.0089144264558613,Financial Services,8.0,0.5000000004101545
2023-05-19,629.7000122070312,639.0499877929688,628.8499755859375,635.0,922072,625.3799926757813,618.9949951171875,611.8833292643229,605.2499938964844,601.8779956054688,600.6666625976562,-0.917241082300644,-0.0064688792440885,0.008416686819479,0.0148483014208096,-0.0013499072647537,Financial Services,8.0,0.5000000002050773
2023-05-22,619.0999755859375,632.6500244140625,613.3499755859375,630.0,641501,629.3299926757812,619.4499938964843,613.1499959309896,606.5249938964844,603.293994140625,601.2666625976562,-0.939439370526317,-0.0168334705663126,0.0176062426811538,0.0218866893271976,-0.0092876760244708,Financial Services,8.0,0.5000000001025386
2023-05-23,619.5499877929688,655.0,611.0,651.0,6076775,627.739990234375,620.3599914550781,614.7233276367188,608.1624938964844,604.2579931640626,602.1349955240886,-0.9384969680579264,0.0007268813192979,0.0507626710139501,0.0572189700677991,-0.0138003195245415,Financial Services,8.0,0.5000000000512693
2023-05-24,622.9000244140625,625.5,611.0,611.0,2418173,625.0099975585938,621.1999938964843,616.3666625976563,609.9824951171875,605.3799951171875,603.2449971516927,-0.9314814188537268,0.0054072095667819,-0.019104228524082,0.0041739853652811,-0.019104228524082,Financial Services,8.0,0.5000000000256346
2023-05-25,622.75,628.8499755859375,619.4000244140625,624.0,1172253,622.8,621.7649963378906,618.0733276367188,612.1899963378906,606.9799951171875,604.113330078125,-0.9317955956158732,-0.0002408483033912,0.0020072260136492,0.0097952237429748,-0.0053793265129465,Financial Services,8.0,0.5000000000128173
2023-05-26,604.9500122070312,613.9500122070312,600.0,605.0,4558279,617.85,621.6149963378906,618.613330078125,613.3749969482421,607.7699951171875,604.5399963378907,-0.9690718120636056,-0.0285828788325471,8.263127855201446e-05,0.0148772622834825,-0.0081825144344938,Financial Services,8.0,0.5
2023-05-26,604.9500122070312,613.9500122070312,600.0,605.0,4558279,617.85,621.6149963378906,618.613330078125,613.3749969482421,607.7699951171875,604.5399963378907,-0.9690718120636056,-0.0285828788325471,8.263127855201446e-05,0.0148772622834825,-0.0081825144344938,Financial Services,8.0,0.5
2023-05-26,604.9500122070312,613.9500122070312,600.0,605.0,4558279,617.85,621.6149963378906,618.613330078125,613.3749969482421,607.7699951171875,604.5399963378907,-0.9690718120636056,-0.0285828788325471,8.263127855201446e-05,0.0148772622834825,-0.0081825144344938,Financial Services,8.0,0.5
2023-05-26,604.9500122070312,613.9500122070312,600.0,605.0,4558279,617.85,621.6149963378906,618.613330078125,613.3749969482421,607.7699951171875,604.5399963378907,-0.9690718120636056,-0.0285828788325471,8.263127855201446e-05,0.0148772622834825,-0.0081825144344938,Financial Services,8.0,0.5
2023-05-29,603.2000122070312,608.2000122070312,591.0,606.0,1607853,614.6700073242188,622.0,617.8566650390625,613.5299987792969,608.1539965820313,605.1899963378906,-0.9727366111377544,-0.002892800999566,0.0046418894832642,0.008289124500687,-0.0202254840187966,Financial Services,8.0,0.6562250000000001
2023-05-30,599.5499877929688,604.7999877929688,595.0999755859375,604.7000122070312,1114218,610.6700073242188,619.2049987792968,617.1299967447917,613.7099975585937,608.6639965820312,605.3266621907552,-0.9803803860481982,-0.0060511013597422,0.0085898165606181,0.0087565676038556,-0.0074222538531146,Financial Services,8.0,0.7343375000000001
2023-05-31,605.9500122070312,608.0,595.2000122070312,599.5,1533238,607.2800048828125,616.1450012207031,616.5599975585938,614.0949981689453,609.4419970703125,605.6966634114583,-0.966977641164092,0.0106747136091553,-0.0106444625416188,0.0033830972054973,-0.0177407373272353,Financial Services,8.0,0.7733937500000001
2023-06-01,598.5999755859375,612.5,595.25,605.0,628794,602.45,612.625,615.3266642252604,614.1674957275391,610.2419970703126,606.2249959309896,-0.9823698739663456,-0.0121297738642218,0.0106916549867845,0.0232208903791826,-0.005596351023333,Financial Services,8.0,0.792921875
2023-06-02,594.0499877929688,602.0499877929688,588.0999755859375,600.0,966304,600.2699951171875,609.0599975585938,614.4999959309896,614.0274963378906,610.7539965820313,606.5199951171875,-0.991898325995523,-0.0076010490787524,0.0100160126745172,0.0134668801689936,-0.0100160126745173,Financial Services,8.0,0.8026859375
2023-06-05,599.8499755859375,608.75,589.25,593.0499877929688,2819384,599.5999877929687,607.1349975585938,614.5333292643229,613.2924957275391,610.7439965820313,606.7283284505208,-0.9797521603419538,0.0097634675736919,-0.0113361474864218,0.0148370838981344,-0.0176710444567133,Financial Services,8.0,0.8075679687499999
2023-06-06,624.0499877929688,628.6500244140625,597.7000122070312,600.0499877929688,6010572,604.4999877929688,607.5849975585937,614.3033284505208,613.9724945068359,611.8679956054688,607.9699951171875,-0.9290731990101152,0.0403434411802593,-0.0384584576067039,0.0073712630575675,-0.0422241424587275,Financial Services,8.0,0.810008984375
2023-06-07,643.7999877929688,666.0,630.3499755859375,632.2999877929688,4003979,612.0699829101562,609.6749938964844,614.7866617838541,615.4374938964844,613.6899951171876,609.8799947102865,-0.8877133237447216,0.0316481057388501,-0.0178626906151762,0.0344827782354202,-0.0208916005934384,Financial Services,8.0,0.8112294921875001
2023-06-08,628.4500122070312,640.6500244140625,623.0999755859375,635.0999755859375,1887307,618.039990234375,610.2449951171875,614.4299967447917,616.004995727539,614.9419946289063,611.5416625976562,-0.919858795925036,-0.0238427708558355,0.0105815311476444,0.0194128601639873,-0.0085130663014949,Financial Services,8.0,0.8118397460937501
2023-06-09,616.2000122070312,630.0,609.0,629.4000244140625,1670086,622.4699951171875,611.3699951171875,613.5299967447917,616.4924957275391,615.71599609375,612.7066630045573,-0.9455123894440776,-0.0194924015626631,0.0214216357441361,0.0223953059389623,-0.0116845375923364,Financial Services,8.0,0.812144873046875
2023-06-12,610.4500122070312,624.5,605.75,621.2000122070312,1353005,624.5900024414062,612.0949951171875,612.9533325195313,617.0474975585937,615.5519970703125,613.0516642252604,-0.9575538721162808,-0.0093313857288079,0.0176099595135303,0.0230157875534675,-0.0076992581096668,Financial Services,8.0,0.8122974365234374
2023-06-13,636.75,646.0,613.6500244140625,614.9000244140625,6255095,627.1300048828125,615.8149963378906,614.1,617.5099975585938,616.6039965820313,614.4116638183593,-0.9024772030226828,0.0430829507200488,-0.0343148419095995,0.0145268943855516,-0.0362779357454848,Financial Services,8.0,0.8123737182617188
2023-06-14,637.4000244140625,650.4000244140625,629.6500244140625,638.9500122070312,1586840,625.8500122070312,618.9599975585937,615.0666666666667,617.5524993896485,617.5199975585938,615.7166646321615,-0.9011159408107796,0.0010208471363368,0.0024317347561975,0.0203953553531008,-0.0121587695374255,Financial Services,8.0,0.8124118591308593
2023-06-15,644.8499755859375,674.9500122070312,626.0,632.5,4013660,629.1300048828125,623.5849975585937,616.5399983723959,618.1049987792969,618.6299975585938,617.3066630045573,-0.885514469863842,0.0116880308856647,-0.0191517035799153,0.0466775804616315,-0.0292315674956948,Financial Services,8.0,0.8124309295654297
2023-06-16,653.25,660.2000122070312,635.0,651.0,2124834,636.5400024414063,629.5049987792969,619.7599975585938,619.2824981689453,620.5019970703125,619.1866638183594,-0.8679233831807085,0.0130263235358424,-0.0034443168771527,0.0106391308182645,-0.0279372368924607,Financial Services,8.0,0.8124404647827148
2023-06-19,661.5,671.0,651.5999755859375,653.25,1292331,646.75,635.6700012207032,623.6466634114583,621.4024993896485,622.987998046875,620.7516642252605,-0.8506464732597213,0.0126291618828932,-0.0124716553287982,0.0143613000755857,-0.0149660233016817,Financial Services,8.0,0.8124452323913574
2023-06-20,659.0499877929688,672.8499755859375,654.9000244140625,655.0,833473,651.2099975585937,639.1700012207032,627.613330078125,623.3774993896484,624.2499975585938,622.3716634114584,-0.8557772175271393,-0.0037037221572656,-0.0061451906046328,0.0209392125765486,-0.0062968871189933,Financial Services,8.0,0.8124476161956786
2023-06-21,663.5999755859375,673.6500244140625,660.2000122070312,663.25,1661605,656.4499877929687,641.15,631.4566609700521,625.4124969482422,625.3319970703125,624.0083292643229,-0.846248765497962,0.0069038583980644,-0.0005273893894111,0.0151447395989596,-0.0051235134177095,Financial Services,8.0,0.8124488080978394
2023-06-22,657.2000122070312,665.75,649.0999755859375,663.9000244140625,1435167,658.9199951171875,644.025,635.363330078125,627.1349975585938,626.267998046875,625.3449971516927,-0.8596513825640202,-0.0096443092440672,0.0101947840574911,0.013009719467679,-0.0123250707100445,Financial Services,8.0,0.8124494040489196
2023-06-23,656.9500122070312,690.0,648.8499755859375,658.4500122070312,4207650,659.6599975585938,648.1,639.5566650390625,629.7349975585937,627.357998046875,627.028330485026,-0.8601749252888986,-0.0003804016971339,0.0022832787459134,0.0503082231202598,-0.0123297609720435,Financial Services,8.0,0.8124497020244599
2023-06-26,698.5,708.0,660.4500122070312,660.4500122070312,5246194,667.0599975585938,656.9049987792969,646.1333333333333,634.4999969482421,630.5339990234374,630.3333312988282,-0.7731621499777183,0.0632468026804369,-0.054473855108044,0.0136005726556907,-0.054473855108044,Financial Services,8.0,0.81244985101223
2023-06-27,716.6500244140625,731.9000244140625,697.0,702.0,5150226,678.5800048828125,664.8950012207031,652.3066691080729,640.3549987792969,634.4180004882812,633.3049987792969,-0.7351528970243273,0.0259842869206335,-0.0204423692387932,0.0212795639161087,-0.0274192754407962,Financial Services,8.0,0.81245
2023-06-27,716.6500244140625,731.9000244140625,697.0,702.0,5150226,678.5800048828125,664.8950012207031,652.3066691080729,640.3549987792969,634.4180004882812,633.3049987792969,-0.7351528970243273,0.0259842869206335,-0.0204423692387932,0.0212795639161087,-0.0274192754407962,Financial Services,8.0,0.81245
2023-06-28,693.0999755859375,721.7999877929688,688.5999755859375,721.7999877929688,2529197,684.4800048828125,670.4649963378906,655.5933349609375,644.7124969482422,637.2259985351562,635.1899983723958,-0.784470723962311,-0.0328612963452832,0.0414081852805847,0.0414081852805847,-0.0064925698434713,Financial Services,8.0,0.7357750000000001
2023-06-30,696.7999877929688,701.7999877929688,688.8499755859375,696.0,1933699,692.4,675.6599975585938,660.15,649.6224975585938,640.187998046875,637.2899983723959,-0.776722266070501,0.0053383528168548,-0.0011480881271289,0.007175660286443,-0.0114093173741463,Financial Services,8.0,0.6974375
2023-07-03,688.75,698.8499755859375,683.9500122070312,696.5499877929688,1683794,698.7599975585938,679.2099975585937,664.9866658528646,654.3574981689453,643.5399975585938,639.2583312988281,-0.7935803162479759,-0.0115527955424714,0.01132484616039,0.0146642113770416,-0.0069691292819873,Financial Services,8.0,0.67826875
2023-07-04,690.9000244140625,709.0,685.0,695.0,1309761,697.2400024414062,682.15,670.35,658.9100006103515,647.047998046875,641.6516662597656,-0.7890777976868024,0.0031216325431034,0.0059342530627561,0.0261976768654592,-0.0085396210820316,Financial Services,8.0,0.668684375
2023-07-05,691.5999755859375,702.0,687.1500244140625,687.1500244140625,1316315,692.2299926757812,685.4049987792969,674.0066650390625,662.2875,650.7299975585937,644.0533325195313,-0.7876119803115813,0.0010131005169215,-0.0064342847440168,0.0150376298166456,-0.0064342847440168,Financial Services,8.0,0.6638921875
2023-07-06,712.0499877929688,716.9000244140625,693.5999755859375,694.0,1200891,696.0199951171875,690.25,678.983329264323,665.7,654.9739965820313,647.0249979654948,-0.7447861598529187,0.0295691337896673,-0.0253493267360561,0.0068113709770947,-0.0259111193361829,Financial Services,8.0,0.6614960937500001
2023-07-07,702.3499755859375,711.9000244140625,699.2999877929688,711.9000244140625,777157,697.1299926757813,694.7649963378906,682.8166625976562,669.3949981689453,659.1239965820313,649.6783304850261,-0.7650996431418102,-0.0136226562366736,0.0135972793622691,0.0135972793622691,-0.0043425470192752,Financial Services,8.0,0.660298046875
2023-07-10,700.5,707.9500122070312,695.75,704.5999755859375,1065601,699.4799926757812,699.1199951171875,685.9666625976563,673.6099975585937,663.3819970703125,652.863330078125,-0.7689738081786911,-0.0026339797113172,0.0058529273175409,0.010635277954363,-0.0067808708065667,Financial Services,8.0,0.6596990234375
2023-07-11,696.3499755859375,705.9500122070312,693.4000244140625,705.9500122070312,1754766,700.5699829101562,698.9049926757813,688.2899943033855,677.904995727539,667.2419970703126,655.9683288574219,-0.7776646685388917,-0.0059243746096538,0.0137862238208823,0.0137862238208823,-0.0042363054143755,Financial Services,8.0,0.65939951171875
2023-07-12,734.4000244140625,742.4500122070312,696.5499877929688,701.5,2104350,709.1299926757813,700.6799926757812,693.313330078125,682.7874969482422,671.6559985351563,660.463330078125,-0.697981363557961,0.0546421342172204,-0.0447985066998215,0.0109613119898672,-0.0515387191759589,Financial Services,8.0,0.6592497558593751
2023-07-13,762.8499755859375,779.9000244140625,735.0,735.0,3169793,719.289990234375,707.6549926757813,699.9299967447917,689.0599945068359,676.417998046875,665.6933288574219,-0.6384023037212376,0.0387390389788911,-0.0365078016349758,0.0223504612620968,-0.0365078016349758,Financial Services,8.0,0.6591748779296875
2023-07-14,741.8499755859375,761.5999755859375,733.4500122070312,759.9500122070312,1699668,727.189990234375,712.1599914550782,705.5733276367188,693.9099945068359,680.9539965820312,670.4683288574219,-0.6823798926110232,-0.0275283485247149,0.0243985134687074,0.0266226334838128,-0.0113229947500795,Financial Services,8.0,0.6591374389648438
2023-07-17,741.3499755859375,749.9000244140625,730.0,746.8499755859375,885175,735.3599853515625,717.4199890136719,711.1999918619791,698.3149932861328,685.9599951171875,675.3783284505208,-0.68342697806078,-0.0006739907211091,0.0074188982007492,0.0115330803395081,-0.0153098751732835,Financial Services,8.0,0.659118719482422
2023-07-18,736.9500122070312,751.0999755859375,733.0499877929688,746.9500122070312,699996,743.4799926757812,722.0249877929688,713.7633260091146,702.0874938964844,691.0199951171875,679.948329671224,-0.6926412533278109,-0.0059350691627509,0.0135694413927096,0.0192007098779056,-0.0052921152716758,Financial Services,8.0,0.659109359741211
2023-07-19,745.1500244140625,760.5999755859375,735.4500122070312,742.75,800478,745.6299926757813,727.3799926757813,715.6633260091146,706.3924957275391,695.35599609375,683.9849975585937,-0.6754690263881898,0.0111269585062814,-0.0032208606796325,0.0207340141792571,-0.0130175292078379,Financial Services,8.0,0.6591046798706055
2023-07-20,776.4500122070312,782.0,746.0,746.0,1579201,748.35,733.8199951171875,721.2199951171875,712.0349975585938,700.9179956054687,688.4066650390625,-0.609921502797024,0.0420049476849726,-0.0392169640392923,0.0071479009668544,-0.0392169640392923,Financial Services,8.0,0.6591023399353028
2023-07-21,754.2999877929688,769.4500122070312,748.9500122070312,769.4500122070312,913573,750.8400024414062,739.0149963378906,725.0533284505208,716.8899963378906,705.29599609375,692.6016642252604,-0.6563074393484692,-0.028527302551135,0.0200848795694541,0.0200848795694541,-0.007092636447723,Financial Services,8.0,0.6591011699676514
2023-07-24,744.8499755859375,758.5999755859375,732.4500122070312,754.4500122070312,791428,751.5400024414063,743.4499938964843,728.7933268229167,721.2849945068359,708.9599951171875,696.8899963378906,-0.6760973799124824,-0.0125281882009323,0.0128885506286575,0.0184600932411704,-0.0166475985572152,Financial Services,8.0,0.6591005849838257
2023-07-25,718.5,755.9500122070312,711.4000244140625,755.9500122070312,797108,747.85,745.6649963378907,730.6333251953125,722.2849945068359,711.2399951171875,700.4916625976563,-0.7312787319874464,-0.0353762186341071,0.0521224943730427,0.0521224943730427,-0.0098816640026966,Financial Services,8.0,0.6591002924919129
2023-07-26,712.25,731.8499755859375,697.0999755859375,719.9500122070312,1769165,741.2699951171875,743.4499938964843,732.0099934895833,722.0649932861328,713.3679956054688,703.0083292643229,-0.7443673001094063,-0.0086986778009742,0.0108108279494998,0.0275183932410494,-0.0212706555479993,Financial Services,8.0,0.6591001462459565
2023-07-27,706.9000244140625,716.5999755859375,701.2000122070312,715.7999877929688,461360,727.3599975585937,737.8549987792969,731.6666625976562,722.754995727539,715.0999975585937,705.3249959309895,-0.7555710632945849,-0.0075113732340294,0.0125901302468949,0.0137218147359878,-0.0080633922905235,Financial Services,8.0,0.6591000731229782
2023-07-28,716.0499877929688,718.5,699.7999877929688,707.0,584590,719.7099975585937,735.275,732.5799967447916,723.717495727539,717.4539965820312,707.698329671224,-0.7364094762548643,0.0129437870461109,-0.0126387653756728,0.0034215658805927,-0.0226939463403752,Financial Services,8.0,0.6591000365614892
2023-07-31,731.5499877929688,738.9000244140625,699.75,718.4500122070312,1989226,717.05,734.2950012207032,734.6499959309896,725.8574951171875,720.4379956054687,710.3083292643229,-0.7039498273124036,0.0216465334323579,-0.017907150303507,0.0100472103666739,-0.0434693299481925,Financial Services,8.0,0.6591000182807446
2023-08-01,763.9000244140625,768.0,725.5,735.0,1713410,726.1300048828125,736.9900024414062,739.1533325195312,729.5074951171875,723.0539965820312,713.7216634114583,-0.6362033220223099,0.0442212250166135,-0.0378322077371705,0.0053671625276912,-0.0502683900861459,Financial Services,8.0,0.6591000091403723
2023-08-02,746.9000244140625,770.0,736.6500244140625,760.1500244140625,1396489,733.060009765625,737.1650024414063,739.9866658528646,732.2724975585937,724.2639965820313,716.6499979654948,-0.6718042273140411,-0.0222542210455348,0.0177399913869256,0.0309278013534131,-0.0137233895634707,Financial Services,8.0,0.6591000045701861
2023-08-03,721.5,752.9000244140625,714.2000122070312,748.0499877929688,631719,735.9800048828125,731.6700012207032,737.2300008138021,732.7449981689454,725.3999975585938,718.5799987792968,-0.7249962192889056,-0.0340072614591071,0.0367983198793746,0.0435204773583679,-0.0101177931988478,Financial Services,8.0,0.659100002285093
2023-08-04,781.0,788.7000122070312,728.25,730.9500122070312,3143664,748.9700073242187,734.3400024414062,739.8400024414062,736.6774993896485,728.767998046875,722.7066650390625,-0.6003930507678467,0.0824670824670824,-0.0640844914122519,0.0098591705595789,-0.0675416133162611,Financial Services,8.0,0.6591000011425465
2023-08-07,798.1500244140625,807.9500122070312,773.0499877929688,778.0999755859375,2340566,762.2900146484375,739.6700073242188,743.6266723632813,741.5600006103516,733.1439990234375,727.4133321126302,-0.5644779687139693,0.0219590581486075,-0.0251206517757662,0.0122783781158974,-0.0314477677796478,Financial Services,8.0,0.6591000005712733
2023-08-08,760.1500244140625,818.0,749.0499877929688,818.0,5335222,761.5400146484375,743.835009765625,745.17333984375,744.7500030517579,735.9139990234376,729.4683329264323,-0.6440564628954859,-0.0476100968961274,0.0761033660829377,0.0761033660829377,-0.0146024288161403,Financial Services,8.0,0.6591
2023-08-08,760.1500244140625,818.0,749.0499877929688,818.0,5335222,761.5400146484375,743.835009765625,745.17333984375,744.7500030517579,735.9139990234376,729.4683329264323,-0.6440564628954859,-0.0476100968961274,0.0761033660829377,0.0761033660829377,-0.0146024288161403,Financial Services,8.0,0.6591
2023-08-09,744.7999877929688,754.0,720.0499877929688,754.0,3983166,761.1200073242187,747.0900085449218,745.1500040690104,745.2700012207031,738.0419995117187,730.4066650390625,-0.6762020628938484,-0.0201934304125371,0.012352325936918,0.012352325936918,-0.0332303979667621,Financial Services,8.0,0.7357750000000001
2023-08-10,731.2000122070312,754.9500122070312,727.2999877929688,745.0,805825,763.060009765625,749.5200073242188,742.1333374023437,743.6875030517579,738.8080004882812,731.6766662597656,-0.7046827360000141,-0.018259903073089,0.0188730683295741,0.0324808528494326,-0.0053337313306256,Financial Services,8.0,0.7741125
2023-08-11,727.4500122070312,750.0,715.0499877929688,739.4000244140625,1261387,752.3500122070312,750.660009765625,740.343339029948,742.9675048828125,739.812001953125,732.6983337402344,-0.7125358768731901,-0.0051285557130683,0.0164272623637407,0.0309986767675674,-0.0170458783503786,Financial Services,8.0,0.7932812499999999
2023-08-14,731.2999877929688,741.0,715.5499877929688,727.4500122070312,863531,738.9800048828125,750.635009765625,739.4400065104167,742.4650054931641,741.0440014648437,734.1166666666667,-0.7044733700372819,0.0052924263129186,-0.0052645639959006,0.0132640672349872,-0.0215369892833346,Financial Services,8.0,0.8028656249999999
2023-08-16,718.5999755859375,733.5499877929688,706.0,731.2999877929688,1323555,730.6699951171875,746.1050048828125,739.4466715494792,741.5475036621094,741.9340014648437,735.0399983723959,-0.7310693660247143,-0.0173663509080033,0.0176732711362477,0.0208043594697331,-0.0175340606930353,Financial Services,8.0,0.8076578125
2023-08-17,710.1500244140625,734.0,709.0,722.0499877929688,1109054,723.7400024414062,742.4300048828125,739.3066731770833,739.7975036621094,740.9640014648437,735.6583333333333,-0.7487650078711657,-0.0117589082367905,0.016756971019926,0.0335844184552636,-0.0016194105111964,Financial Services,8.0,0.8100539062500001
2023-08-18,726.7999877929688,735.0,708.0,712.9000244140625,756133,722.8599975585937,742.9600036621093,740.6333374023437,737.3150024414062,739.522001953125,736.15,-0.7138971390850931,0.0234456985235534,-0.0191248811397417,0.0112823505018646,-0.0258667970675915,Financial Services,8.0,0.811251953125
2023-08-21,721.25,727.5,712.6500244140625,727.5,343025,721.6199951171875,736.9850036621094,740.9800048828125,735.6625030517578,738.6980029296875,736.7800008138021,-0.725519762013784,-0.0076361968714695,0.0086655112651645,0.0086655112651645,-0.0119237096512131,Financial Services,8.0,0.8118509765624999
2023-08-22,718.2000122070312,744.1500244140625,712.0499877929688,726.9000244140625,1348972,719.0,728.9900024414062,740.0900065104166,734.3300048828125,737.7720043945312,737.3700012207031,-0.7319069576936909,-0.0042287525725736,0.0121136341675853,0.0361320130408893,-0.008563108200407,Financial Services,8.0,0.81215048828125
2023-08-23,741.5499877929688,749.8499755859375,723.5,726.5,1388930,723.5900024414062,727.1299987792969,738.6000040690104,735.4825042724609,737.9560034179688,738.8766682942709,-0.6830081183172676,0.032511800597417,-0.0202953112274482,0.0111927556194444,-0.0243408914976721,Financial Services,8.0,0.8123002441406251
2023-08-24,750.9500122070312,754.5,735.25,746.9500122070312,862203,731.75,727.7450012207031,738.8700032552083,737.4175048828125,738.1880029296875,739.4283345540365,-0.6633228607346207,0.0126761844363847,-0.0053265862374035,0.0047273290302445,-0.02090686723726,Financial Services,8.0,0.8123751220703126
2023-08-25,752.5,760.9000244140625,745.0,759.0,618039,736.8900024414063,729.875,740.936669921875,739.6975036621094,737.2300024414062,739.0833353678386,-0.6600769214039841,0.0020640359115427,0.0086378737541528,0.0111628231416112,-0.0099667774086378,Financial Services,8.0,0.8124125610351562
2023-08-28,753.9000244140625,772.6500244140625,751.3499755859375,752.5,859721,743.4200073242188,732.5200012207031,739.1300048828125,741.5900054931641,737.21400390625,739.4850036621094,-0.6571450310174459,0.0018604975602159,-0.0018570425371063,0.0248706716975803,-0.0033824761182451,Financial Services,8.0,0.8124312805175782
2023-08-29,761.9500122070312,767.5999755859375,758.5,759.0,303940,752.1700073242188,735.5850036621093,736.7166707356771,743.1100067138672,737.8980053710937,740.1716715494791,-0.640286980839971,0.0106777921903176,-0.0038716610798211,0.0074151365422789,-0.0045278721067778,Financial Services,8.0,0.8124406402587891
2023-08-30,774.7999877929688,777.5,761.0999755859375,761.9000244140625,760591,758.8200073242188,741.2050048828125,737.6933349609375,743.6550048828125,740.1500048828125,741.4333374023438,-0.6133769359084406,0.0168645913512315,-0.0166494109217167,0.0034847860732707,-0.0176819984807381,Financial Services,8.0,0.8124453201293946
2023-08-31,774.6500244140625,783.2000122070312,769.7000122070312,775.0499877929688,961268,763.560009765625,747.6550048828125,739.6833374023438,745.0425048828125,742.646005859375,742.416670735677,-0.6136909848525388,-0.0001935510857885,0.0005163149374567,0.0110372265197253,-0.0063899981295106,Financial Services,8.0,0.8124476600646973
2023-09-01,769.9000244140625,782.9500122070312,768.0,782.0,304865,767.0400146484375,751.9650085449218,742.2633382161458,747.4625061035156,745.166005859375,742.1983378092448,-0.6236382966252284,-0.0061318012654719,0.0157162945866202,0.0169502368867964,-0.0024678846003525,Financial Services,8.0,0.8124488300323487
2023-09-04,758.7000122070312,781.0,755.4500122070312,769.1500244140625,319288,768.0000122070312,755.710009765625,744.3466715494792,746.3475067138672,746.8720068359376,742.3450052897135,-0.6470930362633902,-0.0145473592049241,0.013773575904701,0.0293923651432388,-0.0042836430047573,Financial Services,8.0,0.8124494150161743
2023-09-05,758.2999877929688,775.4000244140625,752.6500244140625,760.9500122070312,443582,767.2700073242188,759.7200073242187,746.1466715494792,744.3550048828125,747.9420068359375,742.7933390299479,-0.6479307557504149,-0.0005272497793941,0.0034946913579352,0.0225504904343509,-0.0074508287878922,Financial Services,8.0,0.8124497075080872
2023-09-06,769.5999755859375,777.7999877929688,758.2999877929688,758.2999877929688,524249,766.2300048828125,762.5250061035156,749.5466715494791,744.8275024414063,748.1700048828125,744.4966715494792,-0.6242666501495209,0.0149017380652442,-0.0146829367872126,0.0106549018544188,-0.0146829367872126,Financial Services,8.0,0.8124498537540437
2023-09-07,772.0499877929688,806.9000244140625,766.4500122070312,775.6500244140625,1388593,765.7099975585937,764.6350036621094,753.6733357747396,746.1900024414062,749.1760034179688,746.4900044759114,-0.619135905882103,0.0031834878959889,0.0046629579405668,0.0451396116470621,-0.0072533847218182,Financial Services,8.0,0.8124499268770218
2023-09-08,799.25,806.0,775.5499877929688,775.9500122070312,1422798,771.5799926757812,769.3100036621094,758.5033365885416,749.5925018310547,752.2860034179688,749.5683369954427,-0.5621744318517236,0.0352308951973264,-0.0291523150365576,0.0084454175789803,-0.0296528147726383,Financial Services,8.0,0.812449963438511
2023-09-11,796.2000122070312,814.9000244140625,782.0,810.0,727165,779.0799926757812,773.5400024414063,763.5000040690104,753.0300018310547,752.89400390625,752.2400044759114,-0.5685616275316304,-0.0038160622996168,0.0173323129633165,0.0234865761370635,-0.0178347299539338,Financial Services,8.0,0.8124499817192554
2023-09-12,788.4000244140625,803.0,770.7000122070312,791.6500244140625,978554,785.1,776.1850036621094,768.1800048828125,755.8850036621094,752.50400390625,754.1350056966146,-0.5848961349842269,-0.0097965180524772,0.0041222728302365,0.0185184869784702,-0.0224505475125852,Financial Services,8.0,0.8124499908596277
2023-09-13,758.0,786.0,757.0,785.0,1207084,782.7800048828125,774.5050048828125,769.2766723632812,757.8550048828125,752.4180029296875,753.9383382161458,-0.6485589814566594,-0.0385591368248063,0.0356200527704484,0.0369393139841689,-0.0013192612137202,Financial Services,8.0,0.8124499954298139
2023-09-14,766.4500122070312,775.3499755859375,758.5,758.5,776536,781.660009765625,773.6850036621094,770.3100056966146,760.6700042724609,753.28400390625,754.5900044759114,-0.6308632117921599,0.0111477733601995,-0.0103725123366347,0.0116119293328449,-0.0103725123366347,Financial Services,8.0,0.8124499977149069
2023-09-15,772.2999877929688,799.9500122070312,763.2000122070312,773.7999877929688,2641026,776.2700073242188,773.925,771.6300048828125,762.9450042724609,754.9280029296875,756.2833374023437,-0.6186123631572246,0.0076325598444342,0.0019422504515202,0.0358021816018396,-0.0117829544604071,Financial Services,8.0,0.8124499988574534
2023-09-18,772.5499877929688,788.5499877929688,766.0,772.0,614008,771.5400024414063,775.3099975585938,772.8733357747395,765.5100036621094,756.732001953125,756.0016703287761,-0.6180888204323461,0.0003237084085867,-0.0007119122408375,0.020710633943195,-0.0084783999695357,Financial Services,8.0,0.8124499994287266
2023-09-20,765.4500122070312,779.4500122070312,749.0499877929688,760.0,847508,766.95,776.025,773.1066691080729,767.8725036621094,758.0980029296875,754.911669921875,-0.6329573826916735,-0.0091903122103733,-0.0071200106082919,0.0182898945414262,-0.021425336929287,Financial Services,8.0,0.8124499997143633
2023-09-21,760.7999877929688,775.0,751.0,767.6500244140625,783195,767.5099975585938,775.1450012207031,772.1733357747396,768.8350036621093,759.7860034179688,754.9333353678386,-0.6426953285016309,-0.0060748897248757,0.0090037286159339,0.0186645799617117,-0.0128811618693605,Financial Services,8.0,0.8124499998571817
2023-09-22,750.2000122070312,769.0499877929688,746.0499877929688,757.5,1009184,764.2599975585938,772.9600036621093,770.5433349609375,768.7975036621094,761.3880029296874,755.1133361816406,-0.6648934889092558,-0.0139326705520689,0.0097307220397033,0.0251265999456362,-0.0055318906245461,Financial Services,8.0,0.8124499999285908
2023-09-25,742.25,759.9000244140625,725.1500244140625,753.9500122070312,2221590,758.25,767.2600036621094,768.7,768.2850036621094,762.0060034179687,755.4816691080729,-0.6815421731239985,-0.0105971901861783,0.015762899571615,0.0237790830772146,-0.023038027060879,Financial Services,8.0,0.8124499999642953
2023-09-26,749.8499755859375,753.9000244140625,735.0,735.1500244140625,1137646,753.7099975585937,762.625,768.1099975585937,768.0825012207031,763.1500024414063,756.2283345540365,-0.6656265254149144,0.0102391048648534,-0.0196038563052407,0.0054011455090869,-0.0198039288783514,Financial Services,8.0,0.8124499999821477
2023-09-27,742.7999877929688,759.0,735.25,749.7999877929688,1107078,749.1799926757812,758.0649963378906,767.0766642252604,767.125,764.1340014648438,756.6116678873698,-0.6803904046928756,-0.0094018644028891,0.009423801985779,0.0218093867437521,-0.0101642271365695,Financial Services,8.0,0.8124499999910739
2023-09-28,761.6500244140625,770.1500244140625,743.0,744.0999755859375,1062247,749.35,758.4299987792969,766.5466674804687,766.4675018310547,764.9380029296875,758.0466695149739,-0.6409152065462155,0.0253770017916957,-0.0230421430651515,0.0111599812611298,-0.0244863438800647,Financial Services,8.0,0.812449999995537
2023-09-29,765.25,779.5,759.0499877929688,761.75,431925,752.3599975585937,758.3099975585938,766.0933349609375,765.9975006103516,765.5100024414063,759.8833353678385,-0.6333762424351858,0.0047265482446573,-0.0045736687357073,0.0186213655668081,-0.008101943426372,Financial Services,8.0,0.8124499999977686
2023-10-03,760.4000244140625,769.4000244140625,755.9500122070312,762.0,595582,755.9900024414062,757.1200012207031,763.5033365885416,765.5225006103516,765.8260034179688,761.0033365885416,-0.6435329201706075,-0.0063377662018131,0.0021041235330974,0.0118358754748004,-0.0058521989270847,Financial Services,8.0,0.8124499999988843
2023-10-04,758.7000122070312,764.9000244140625,754.4000244140625,759.0,818441,757.760009765625,755.7350036621094,761.0033365885416,765.5225006103516,766.0180029296876,762.2516703287761,-0.6470930362633902,-0.0022356814208958,0.0003953971110348,0.0081718888984798,-0.00566757311689,Financial Services,8.0,0.8124499999994421
2023-10-05,767.0,777.0,758.7999877929688,760.0,973253,762.6000122070312,755.8900024414063,759.5766682942708,765.9575012207031,766.2200024414062,763.8783365885416,-0.629711443361037,0.0109397491227453,-0.0091264667535854,0.013037809647979,-0.0106910198266378,Financial Services,8.0,0.812449999999721
2023-10-06,761.9000244140625,775.0,760.0,767.0,1418483,762.6500122070313,756.0000061035156,759.836669921875,765.5725036621094,765.70400390625,764.5566711425781,-0.6403916638213372,-0.0066492510898794,0.0066937595780491,0.0171938248669987,-0.0024937975497818,Financial Services,8.0,0.8124499999998605
2023-10-09,757.0999755859375,768.0,747.7000122070312,758.0,672327,761.0200073242188,756.6900024414062,759.2133341471355,764.8250030517578,765.002001953125,764.761669921875,-0.6504437863934408,-0.0063001032606823,0.0011887788179705,0.0143970740530359,-0.0124157491507398,Financial Services,8.0,0.8124499999999302
2023-10-10,752.9500122070312,762.4500122070312,746.7000122070312,760.0,1385952,759.5300048828125,757.7600036621094,757.9233357747396,762.5100036621094,764.3240014648437,764.776670328776,-0.6591345189355934,-0.0054813941523304,0.0093631551612622,0.0126170394395157,-0.0083006838417867,Financial Services,8.0,0.812449999999965
2023-10-11,747.8499755859375,758.25,736.2000122070312,758.25,1484589,757.3599975585937,757.5600036621094,756.2766682942708,760.0925018310547,763.89,764.5750020345052,-0.6698148672139416,-0.0067734066517173,0.0139065651582246,0.0139065651582246,-0.0155779417787351,Financial Services,8.0,0.8124499999999826
2023-10-12,733.9000244140625,754.1500244140625,725.25,747.8499755859375,2105994,750.7400024414062,756.6700073242188,754.1733357747396,757.3675018310547,762.9140014648438,763.6400024414063,-0.6990284490077178,-0.018653408607716,0.0190079720776852,0.027592314111404,-0.0117863797878581,Financial Services,8.0,0.81245
2023-10-12,733.9000244140625,754.1500244140625,725.25,747.8499755859375,2105994,750.7400024414062,756.6700073242188,754.1733357747396,757.3675018310547,762.9140014648438,763.6400024414063,-0.6990284490077178,-0.018653408607716,0.0190079720776852,0.027592314111404,-0.0117863797878581,Financial Services,8.0,0.625
2023-10-13,738.5999755859375,741.3499755859375,720.0499877929688,733.0,997699,746.0799926757812,754.3650024414062,752.6933349609375,756.3975006103516,761.6740014648437,762.4333353678386,-0.6891859480344423,0.0064040755082783,-0.0075818789209882,0.0037232603451122,-0.0251150668915915,Financial Services,8.0,0.5625
2023-10-16,738.5,745.9500122070312,728.0499877929688,739.0,1067495,742.3599975585937,751.6900024414062,751.9133341471354,755.0,760.332001953125,761.2283345540365,-0.6893953139971745,-0.0001353582307638,0.000677048070413,0.0100880327786476,-0.0141503212011255,Financial Services,8.0,0.53125
2023-10-17,744.7000122070312,749.8499755859375,736.0,744.0,903461,740.7099975585937,750.1200012207031,752.0766682942708,753.6200012207031,758.1500024414063,760.3883341471354,-0.6764114288565806,0.008395412602615,-0.0009399922056623,0.0069154871686434,-0.0116825729346337,Financial Services,8.0,0.515625
2023-10-18,743.8499755859375,746.9500122070312,728.25,743.0,822534,739.9099975585938,748.6349975585938,751.6766682942708,752.1850006103516,756.0560009765625,759.8933329264323,-0.678191550811996,-0.0011414483780852,-0.0011426707183366,0.0041675562584402,-0.0209719380223805,Financial Services,8.0,0.5078125
2023-10-19,735.75,740.0,716.25,740.0,575973,740.2799926757813,745.5099975585938,751.2066691080729,750.7,753.95,759.1416666666667,-0.6951542839708369,-0.0108892597321887,0.0057764186204554,0.0057764186204554,-0.0265035677879714,Financial Services,8.0,0.50390625
2023-10-20,724.3499755859375,737.9000244140625,721.2000122070312,732.2000122070312,1004014,737.4299926757812,741.7549926757813,748.7199991861979,748.8774993896484,752.6039990234375,757.6333333333333,-0.7190278833525111,-0.0154944266585966,0.0108373533315075,0.0187064944913737,-0.004348676033789,Financial Services,8.0,0.501953125
2023-10-23,700.4000244140625,725.0,666.2000122070312,716.5,1725806,729.8099975585938,736.0849975585937,744.3966674804688,746.3875,749.9619995117188,755.2450012207031,-0.7691831741414232,-0.0330640601630469,0.0229868289901993,0.0351227508972709,-0.0488292561606378,Financial Services,8.0,0.5009765625
2023-10-25,695.9000244140625,703.3499755859375,665.0999755859375,685.0,1659790,720.05,730.3799987792969,740.0966674804688,744.0700012207031,746.9060009765625,751.8000020345052,-0.7786069431892344,-0.0064248998331554,-0.0156632045288979,0.0107054906028316,-0.0442593012610657,Financial Services,8.0,0.50048828125
2023-10-26,672.25,687.2999877929688,661.2999877929688,676.3499755859375,1589636,705.7300048828125,722.8200012207031,734.3333333333334,740.1900024414062,742.8940014648438,747.6683349609375,-0.8281341360899502,-0.0339848018168636,0.0060988852152286,0.0223874864900985,-0.0162886012748698,Financial Services,8.0,0.500244140625
2023-10-27,668.5499877929688,699.3499755859375,662.7999877929688,678.0,825172,692.2900024414063,716.2849975585938,727.7699991861979,736.4775024414063,739.0180004882812,743.6733337402344,-0.8358825939817601,-0.0055039229557921,0.0141350869487377,0.0460698352484401,-0.0086007031710254,Financial Services,8.0,0.5001220703125
2023-10-30,706.2999877929688,725.0,664.2999877929688,668.8499755859375,2603689,688.6800048828125,713.0549987792969,724.063330078125,733.7100006103516,736.8380004882813,741.95,-0.7568276425251219,0.0564654860358626,-0.0530228130458478,0.02647601943965,-0.0594648176778831,Financial Services,8.0,0.50006103515625
2023-10-31,700.7000122070312,716.2000122070312,697.0,701.5,1943244,688.7400024414062,709.275,720.3033325195313,730.4825012207032,734.8580004882813,739.7583333333333,-0.7685549484351788,-0.0079286077909135,0.001141697986345,0.0221207360210811,-0.0052804511810655,Financial Services,8.0,0.500030517578125
2023-11-01,702.5,712.6500244140625,690.5999755859375,704.0,654341,690.0599975585938,705.0549987792969,716.9399983723958,727.5875,733.2680004882812,737.4316670735677,-0.7647854663796639,0.0025688422457696,0.0021352313167259,0.0144484333296264,-0.0169395365324732,Financial Services,8.0,0.5000152587890625
2023-11-02,699.6500244140625,718.0,691.9000244140625,702.5,510952,695.5400024414063,700.6350036621094,713.7266682942708,724.6350006103515,731.2600024414063,735.0016682942709,-0.7707538023160584,-0.0040569047486654,0.00407343026726,0.0262273636041177,-0.0110769666684288,Financial Services,8.0,0.5000076293945312
2023-11-03,702.0499877929688,713.0,693.9000244140625,704.9500122070312,917690,702.2400024414062,697.2650024414063,711.6033325195312,721.3875,729.6300024414063,732.8883341471354,-0.7657278688480547,0.0034302341101412,0.0041307947645996,0.0155971973469506,-0.0116088078065883,Financial Services,8.0,0.5000038146972656
2023-11-06,724.6500244140625,734.9000244140625,704.9000244140625,715.0,3307284,705.910009765625,697.2950073242188,710.6733357747396,719.525,728.1500024414063,731.6833353678386,-0.7183995298282185,0.0321914920789919,-0.0133168068570277,0.0141447590625392,-0.0272545357546485,Financial Services,8.0,0.5
2023-11-06,724.6500244140625,734.9000244140625,704.9000244140625,715.0,3307284,705.910009765625,697.2950073242188,710.6733357747396,719.525,728.1500024414063,731.6833353678386,-0.7183995298282185,0.0321914920789919,-0.0133168068570277,0.0141447590625392,-0.0272545357546485,Financial Services,8.0,0.5
2023-11-07,714.4500122070312,746.3499755859375,706.7999877929688,720.0,2250538,708.660009765625,698.7000061035156,709.0700032552083,717.3925018310547,726.1180029296875,730.4916687011719,-0.7397600985668669,-0.0140757770832599,0.0077681960922977,0.0446496785413481,-0.010707571255308,Financial Services,8.0,0.5064500000000001
2023-11-08,726.2000122070312,730.9000244140625,699.4500122070312,715.5499877929688,1349197,713.4000122070313,701.7300048828125,707.836669921875,716.0550018310547,724.7500024414062,729.9566691080729,-0.7151535904975821,0.0164462170890062,-0.0146654148100265,0.0064720629689156,-0.0368355818649778,Financial Services,8.0,0.5096750000000001
2023-11-09,731.1500244140625,739.9000244140625,720.0499877929688,729.0499877929688,1070975,719.7000122070312,707.6200073242187,706.9900065104167,715.220004272461,723.6480029296876,729.3333374023438,-0.7047874189813802,0.0068163207433547,-0.002872237640663,0.0119674481403624,-0.01518161287075,Financial Services,8.0,0.5112875000000001
2023-11-10,746.5499877929688,750.9500122070312,727.0,731.0,793607,728.6000122070312,715.4200073242188,707.7100056966145,715.8525024414063,722.8300024414062,729.4583374023438,-0.6725372638196997,0.0210626586400618,-0.0208291314007509,0.0058938108445629,-0.0261871115298849,Financial Services,8.0,0.51209375
2023-11-13,749.9000244140625,755.0499877929688,741.2000122070312,752.7999877929688,330964,733.6500122070313,719.7800109863281,709.4133422851562,716.4175048828125,722.3500024414062,729.0666707356771,-0.6655217146155002,0.0044873574119229,0.0038671333304358,0.0068675332860939,-0.011601562773423,Financial Services,8.0,0.5124968750000001
2023-11-15,764.6500244140625,770.0,749.9500122070312,749.9500122070312,651155,743.6900146484375,726.1750122070313,713.6966756184896,717.7250061035156,722.6520043945312,729.0466715494791,-0.6346326938476747,0.0196692885982034,-0.0192244971394536,0.0069966329891077,-0.0192244971394536,Financial Services,8.0,0.5126984375000001
2023-11-16,783.9000244140625,797.7000122070312,760.0,760.0,1717260,755.2300170898437,734.3150146484375,719.5633422851563,719.6850067138672,723.8900048828125,729.8300048828125,-0.594319904032038,0.0251749158247276,-0.0304886129221987,0.0176042701405498,-0.0304886129221987,Financial Services,8.0,0.5127992187500001
2023-11-17,802.7000122070312,809.0,775.2999877929688,783.0,1434117,769.5400146484375,744.6200134277344,728.260009765625,722.6275085449219,726.0840063476562,731.2966715494791,-0.5549495166847921,0.0239826345292195,-0.0245421850098966,0.007848495947629,-0.0341348249624736,Financial Services,8.0,0.5128496093750001
2023-11-20,829.4500122070312,832.0,798.2000122070312,809.3499755859375,2127209,786.12001953125,757.3600158691406,738.9866780598958,727.3125091552735,729.906005859375,733.3783386230468,-0.4989304451228034,0.0333250275236082,-0.0242329692269348,0.003074311598578,-0.0376755675930956,Financial Services,8.0,0.5128748046875
2023-11-21,816.8499755859375,846.5,805.5499877929688,835.6500244140625,2151939,799.510009765625,766.5800109863281,746.3566772460938,731.9375091552735,733.036005859375,735.2100036621093,-0.5253170751475035,-0.0151908330045919,0.0230153019404077,0.0362980048971588,-0.0138336146547144,Financial Services,8.0,0.51288740234375
2023-11-22,821.4000244140625,825.0,805.5499877929688,820.4500122070312,533754,810.860009765625,777.2750122070313,754.4033447265625,737.9875091552734,736.3520068359375,737.3533386230469,-0.5157884953002781,0.0055702380658837,-0.001156576794247,0.004382731286751,-0.0192963673605929,Financial Services,8.0,0.512893701171875
2023-11-23,803.75,829.0,799.0,829.0,291016,814.8300048828125,785.0300109863281,761.1533447265625,743.3800079345704,738.7140063476562,739.0466715494791,-0.5527506628039124,-0.0214877330039684,0.0314152410575427,0.0314152410575427,-0.005909797822706,Financial Services,8.0,0.5128968505859375
2023-11-24,823.3499755859375,825.0,808.0,810.25,453876,818.9599975585937,794.2500061035156,769.4000081380208,750.9350067138672,741.8940063476563,741.5633382161458,-0.5117049643006651,0.0243856616932348,-0.0159105799166567,0.0020040377275631,-0.0186433182013683,Financial Services,8.0,0.5128984252929687
2023-11-28,819.2000122070312,838.7999877929688,813.3499755859375,828.0,611177,816.9099975585938,801.5150085449219,777.210009765625,758.4675079345703,745.2320068359375,744.4066711425781,-0.5203956968428177,-0.0050403394691946,0.0107421724387679,0.0239257510911561,-0.007141157878322,Financial Services,8.0,0.5128992126464844
2023-11-29,812.3499755859375,826.0,804.5,826.0,363655,816.0099975585938,807.7600036621094,783.0566731770833,763.7700073242188,748.7520068359376,746.8650044759114,-0.5347408441953146,-0.0083618609851321,0.0168031326697792,0.0168031326697792,-0.0096632926963227,Financial Services,8.0,0.5128996063232423
2023-11-30,833.0499877929688,841.7000122070312,808.0,812.0,2271579,818.339990234375,814.6,790.9633382161459,770.3875061035156,754.0580053710937,750.016670735677,-0.4913914810117736,0.0254816431699903,-0.0252685770379005,0.01038355985933,-0.0300702096633296,Financial Services,8.0,0.5128998031616212
2023-12-01,861.2999877929688,873.5,823.3499755859375,829.0499877929688,1509734,829.8499877929687,822.3399963378906,799.9700032552083,778.327505493164,760.67400390625,753.9033365885417,-0.4322311531005146,0.0339115304170927,-0.0374434000430428,0.0141646492278411,-0.0440613174792628,Financial Services,8.0,0.5128999015808107
2023-12-04,840.2000122070312,891.0,824.0,885.75,1031462,833.2199951171875,826.0899963378906,807.2400024414062,785.3550048828125,767.3920043945312,757.1150044759114,-0.4764181079530322,-0.0244978240856649,0.0542132672354032,0.0604617794036062,-0.0192811377906043,Financial Services,8.0,0.5128999507904053
2023-12-05,821.9500122070312,846.7000122070312,815.5999755859375,836.5999755859375,828009,833.7699951171875,825.3399963378906,812.266670735677,791.3500061035156,773.5280053710937,759.9883382161458,-0.5146367268691553,-0.0217210184894678,0.0178234237621937,0.0301113201927492,-0.0077255751892297,Financial Services,8.0,0.5128999753952026
2023-12-06,843.6500244140625,850.0,818.0,822.0499877929688,1111132,840.0300048828125,828.0200012207031,818.516670735677,797.3000061035157,779.0220068359375,763.9650065104166,-0.4691931927861006,0.0264006471011104,-0.0256030771007155,0.0075267888368137,-0.0304036314488074,Financial Services,8.0,0.5128999876976013
2023-12-07,836.5,848.0,816.4000244140625,847.0,2398094,840.7200073242187,829.5299987792969,823.3066691080729,803.4025054931641,784.4540063476562,768.5016723632813,-0.4841665658448421,-0.0084751072211826,0.0125523012552302,0.0137477585176331,-0.0240286617883292,Financial Services,8.0,0.5128999938488006
2023-12-08,818.9000244140625,852.5999755859375,811.7999877929688,825.0,2714442,832.2400146484375,831.0450012207032,825.6400024414063,808.0375061035156,789.1100073242187,772.6016723632813,-0.5210239225490622,-0.0210400186323221,0.0074489869386706,0.0411527050521067,-0.0086702117589677,Financial Services,8.0,0.5128999969244004
2023-12-11,809.0499877929688,824.7000122070312,799.9000244140625,820.0,1671145,826.010009765625,829.6150024414062,826.0633341471354,811.932504272461,793.486005859375,777.1616719563802,-0.5416515826000999,-0.0120283750487632,0.0135344074806824,0.0193437051482501,-0.011309515502085,Financial Services,8.0,0.5128999984622002
2023-12-12,798.25,811.0499877929688,767.0,810.0999755859375,1287622,821.2700073242188,827.5200012207031,823.9833333333333,814.5175048828125,797.3340063476562,781.4850056966146,-0.5642686027512371,-0.0133489746689575,0.0148449427947854,0.0160350614381068,-0.0391481365487003,Financial Services,8.0,0.5128999992311001
2023-12-13,795.1500244140625,802.0,786.0999755859375,799.8499755859375,750410,811.5700073242188,825.8000061035157,822.536669921875,816.7800048828125,800.1540063476563,784.4466735839844,-0.5707604814125101,-0.0038834645611493,0.0059107728448331,0.0086146958128878,-0.0113815614038292,Financial Services,8.0,0.5128999996155501
2023-12-14,808.4000244140625,823.9000244140625,798.9000244140625,798.9000244140625,717511,805.9500122070312,823.335009765625,821.6700032552084,818.9675048828125,803.9120068359375,788.0366739908854,-0.5430127169939549,0.0166635220941655,-0.0117516077598905,0.0191736758187688,-0.0117516077598905,Financial Services,8.0,0.5129
2023-12-14,808.4000244140625,823.9000244140625,798.9000244140625,798.9000244140625,717511,805.9500122070312,823.335009765625,821.6700032552084,818.9675048828125,803.9120068359375,788.0366739908854,-0.5430127169939549,0.0166635220941655,-0.0117516077598905,0.0191736758187688,-0.0117516077598905,Financial Services,8.0,0.5129
2023-12-15,789.3499755859375,854.7999877929688,781.0499877929688,810.0,1266684,800.0400024414063,816.1400085449219,820.7100016276041,819.2400024414062,806.4380053710937,790.9316731770833,-0.5829067748841273,-0.0235651264878828,0.0261607969250063,0.0829163415865661,-0.0105149655408649,Financial Services,8.0,0.5064500000000001
2023-12-18,800.8499755859375,804.7999877929688,787.25,796.4500122070312,1451834,798.4,812.2050048828125,819.2100016276041,819.1475006103516,809.2260034179687,794.3050048828125,-0.558823809539721,0.0145689495859723,-0.0054941168921021,0.0049322748672637,-0.0169819267035465,Financial Services,8.0,0.503225
2023-12-19,799.8499755859375,808.5499877929688,792.0499877929688,807.0,842100,798.7199951171875,809.9950012207031,817.919999186198,817.6674987792969,811.3580029296875,797.5650044759115,-0.5609179804392346,-0.0012486733227011,0.0089392068916731,0.0108770550385501,-0.0097518135038446,Financial Services,8.0,0.5016125
2023-12-20,756.5999755859375,816.5999755859375,735.5499877929688,803.9000244140625,1428836,791.0099853515625,801.2899963378907,814.2033325195313,814.6549987792969,811.6260009765625,798.6300028483073,-0.6514908718431976,-0.0540726402702166,0.0625165878329485,0.0793021437167427,-0.0278218192865614,Financial Services,8.0,0.50080625
2023-12-21,761.2999877929688,778.7999877929688,725.25,744.3499755859375,2429269,781.5899780273437,793.7699951171875,809.419999186198,811.6499969482422,811.4919995117187,800.1916687011719,-0.6416482430518741,0.0062120173918739,-0.0222645638760219,0.0229869962966018,-0.0473531963365436,Financial Services,8.0,0.5004031250000001
2023-12-22,773.2999877929688,787.2999877929688,758.4000244140625,764.0,1381447,778.37998046875,789.2099914550781,803.5533325195313,810.1274963378906,811.067998046875,801.7616678873698,-0.616518192257711,0.0157625117462412,-0.0120263648516422,0.0181042289163311,-0.019268024846905,Financial Services,8.0,0.5002015625
2023-12-26,790.5999755859375,811.7999877929688,777.2999877929688,777.6500244140625,850847,776.32998046875,787.364990234375,800.2466634114584,808.4899963378906,810.5839965820312,803.7433329264323,-0.5802890612597353,0.0223716385181172,-0.0163799033288325,0.0268150934248629,-0.0168226514086491,Financial Services,8.0,0.50010078125
2023-12-27,784.1500244140625,811.5,776.1500244140625,794.0,843783,773.189990234375,785.9549926757812,797.7266642252604,806.7374969482422,808.7719970703125,804.9966674804688,-0.5937963613071596,-0.008158299229765,0.0125613406609248,0.0348784986729728,-0.0102021293769363,Financial Services,8.0,0.500050390625
2023-12-28,784.1500244140625,788.0,763.0999755859375,781.0499877929688,966166,778.7,784.8549926757812,793.7599975585938,805.3274993896484,807.4639990234375,806.1383341471354,-0.5937963613071596,0.0,-0.0039533718352048,0.0049097436282226,-0.0268444151919196,Financial Services,8.0,0.5000251953125
2023-12-29,794.6500244140625,808.7000122070312,783.5499877929688,784.2000122070312,1464694,785.3700073242187,783.4799926757812,790.9699991861979,803.4075012207031,806.3939990234375,807.1383341471354,-0.5718075668622669,0.0133902948072288,-0.0131504585490154,0.0176807240436802,-0.0139684594224713,Financial Services,8.0,0.50001259765625
2024-01-01,800.9000244140625,802.7000122070312,786.0,794.6500244140625,694439,790.8900146484375,784.6349975585938,789.7699991861979,800.3875030517578,806.28,807.705000813802,-0.558718998740307,0.0078650976001774,-0.0078037205762011,0.0022474562843042,-0.0186041003369469,Financial Services,8.0,0.500006298828125
2024-01-02,788.5999755859375,804.9000244140625,783.0,800.9500122070312,854345,790.4900146484375,783.4099975585938,788.4066650390625,797.8075012207031,804.89,807.2349995930989,-0.5844774030587626,-0.0153577830605308,0.0156607113916247,0.020669603516046,-0.0071011612469004,Financial Services,8.0,0.5000031494140624
2024-01-03,782.6500244140625,794.4500122070312,767.25,786.0,1253829,790.1900146484375,781.6900024414062,787.3666666666667,795.8425018310547,803.4280004882812,805.675,-0.59693761765643,-0.0075449548010119,0.0042802983216483,0.0150769659808072,-0.0196767698635055,Financial Services,8.0,0.5000015747070312
2024-01-04,783.7999877929688,795.7000122070312,779.9000244140625,789.0,229143,790.1200073242187,784.4100036621094,786.6099975585937,792.85,802.2860009765625,804.5733337402344,-0.5945293978128182,0.0014693200575406,0.0066343611737906,0.0151824758859344,-0.0049757124772198,Financial Services,8.0,0.5000007873535156
2024-01-05,798.7999877929688,803.6500244140625,784.0999755859375,784.0999755859375,875428,790.95,788.1600036621094,785.9699951171875,790.9649993896485,800.9160009765625,803.819999186198,-0.5631168343201143,0.0191375353835321,-0.0184026194687939,0.0060716533490368,-0.0184026194687939,Financial Services,8.0,0.5000003936767579
2024-01-08,812.6500244140625,825.0,800.25,805.0,1169762,793.3,792.0950073242187,787.5233317057292,790.6524993896485,798.9700024414062,804.1166666666667,-0.5341124906710222,0.0173385538717401,-0.0094136764710962,0.0151971638650254,-0.0152587510509252,Financial Services,8.0,0.5000001968383789
2024-01-09,822.25,827.1500244140625,810.1500244140625,821.7999877929688,614074,800.0300048828125,795.260009765625,788.95,791.3125,798.252001953125,804.080000813802,-0.5140085011629109,0.0118131733188087,-0.0005472936540361,0.0059592878249468,-0.0147156893717694,Financial Services,8.0,0.5000000984191895
2024-01-10,828.1500244140625,833.0,807.0999755859375,822.25,1031631,809.1300048828125,799.660009765625,790.836669921875,792.8075012207031,798.5000024414062,804.3783345540364,-0.5016528417285614,0.0071754629541654,-0.0071243424984946,0.0058563973228993,-0.0254181587967934,Financial Services,8.0,0.5000000492095947
2024-01-11,833.4500122070312,838.25,824.7000122070312,825.3499755859375,689897,819.060009765625,804.5900085449218,795.9600056966145,794.7225006103515,798.092001953125,805.0816691080729,-0.490553761524749,0.0063997918694968,-0.0097186831873027,0.005759178982142,-0.0104985300520056,Financial Services,8.0,0.5000000246047973
2024-01-12,852.0499877929688,857.0,826.1500244140625,830.0,667069,829.710009765625,810.3300048828125,802.0100056966146,796.9049987792969,798.7140014648437,805.7150024414062,-0.4516022339210153,0.0223168460177755,-0.0258787490274883,0.0058095326306535,-0.0303972346106052,Financial Services,8.0,0.5000000123023987
2024-01-15,852.0499877929688,852.0499877929688,852.0499877929688,852.0499877929688,0,837.5900024414062,815.4450012207031,807.2600056966146,800.0399993896484,800.04,805.406669108073,-0.4516022339210153,0.0,0.0,0.0,0.0,Financial Services,8.0,0.5000000061511993
2024-01-16,881.8499755859375,892.9000244140625,859.0,863.0,2258184,849.5099975585938,824.7700012207031,813.343339029948,804.0899993896485,802.9519995117188,806.7950012207032,-0.3891959666791197,0.0349744595034365,-0.0213754902849692,0.0125305314214958,-0.0259114092175997,Financial Services,8.0,0.5000000030755997
2024-01-17,879.0499877929688,898.9000244140625,862.9500122070312,875.0,2185056,859.689990234375,834.4099975585938,819.6700032552084,808.05,806.1839990234375,808.6983337402344,-0.3950596196341482,-0.0031751294103153,-0.004607232636607,0.0225812375823259,-0.0183151991462506,Financial Services,8.0,0.5
2024-01-17,879.0499877929688,898.9000244140625,862.9500122070312,875.0,2185056,859.689990234375,834.4099975585938,819.6700032552084,808.05,806.1839990234375,808.6983337402344,-0.3950596196341482,-0.0031751294103153,-0.004607232636607,0.0225812375823259,-0.0183151991462506,Financial Services,8.0,0.5
2024-01-18,862.9500122070312,876.9000244140625,842.0,876.9000244140625,801476,865.589990234375,842.325,824.9233357747396,813.3675018310547,808.8959985351562,809.3416666666667,-0.4287757199890979,-0.0183151991462507,0.0161654927976111,0.0161654927976111,-0.0242772025154165,Financial Services,8.0,0.5
2024-01-19,897.0,904.4000244140625,862.4000244140625,865.0,950221,874.5799926757812,852.1450012207031,831.7466674804688,820.1525024414062,812.4399975585937,811.3583333333333,-0.3574692264242696,0.0394576595530539,-0.0356744704570791,0.0082497485106605,-0.0385729939642558,Financial Services,8.0,0.5
2024-01-23,860.2000122070312,933.5,845.0,869.7000122070312,1963968,876.2099975585937,856.9,835.7,824.4975036621094,815.2739990234375,812.7349995930989,-0.4345346899627603,-0.0410256274169105,0.0110439431122835,0.0852127258228021,-0.0176703231705754,Financial Services,8.0,0.5
2024-01-24,922.9500122070312,930.0,859.0,859.2999877929688,1109910,884.4300048828125,866.9700012207031,844.656669108073,831.1150054931641,820.1580004882812,816.5316670735677,-0.3031254660182821,0.0729481505574513,-0.0689636747085116,0.0076385369735358,-0.0692887061717556,Financial Services,8.0,0.5
2024-01-25,888.1500244140625,917.9500122070312,881.5499877929688,916.0999755859375,892138,886.2500122070312,872.9700012207031,851.6900024414062,836.3150054931641,823.6900024414062,819.5283345540364,-0.3760025877577457,-0.0377051707380687,0.0314698535197524,0.0335528761738521,-0.0074312181947503,Financial Services,8.0,0.5
2024-01-29,900.0999755859375,908.5499877929688,889.9500122070312,900.0,819526,893.6800048828125,879.6349975585938,859.4433349609375,842.1125030517578,829.4300024414063,823.0266662597656,-0.3509773477629966,0.0134548790670345,-0.000111071646094,0.0093878596114065,-0.011276484450851,Financial Services,8.0,0.5
2024-01-30,909.25,926.0,897.0999755859375,903.75,1016517,896.1300048828125,885.3549987792969,866.8066691080729,847.8425018310547,835.3480029296875,826.3883321126302,-0.331815632905228,0.0101655645619878,-0.0060489414352488,0.0184217761891669,-0.0133626883850013,Financial Services,8.0,0.5
2024-01-31,1002.4000244140625,1045.300048828125,950.0,958.9000244140625,11393383,924.5700073242188,900.3900024414063,879.4566691080729,857.9175018310547,844.5120043945312,833.490000406901,-0.1367435624883174,0.1024470986132114,-0.0433958489031633,0.0427973098256249,-0.0522745641837869,Financial Services,8.0,0.5
2024-02-01,997.7999877929688,1048.0,983.2999877929688,1030.0,2887518,939.5400024414064,911.9850036621094,891.1600016276042,868.3775024414062,852.8000048828125,840.055000813802,-0.1463768253169087,-0.0045890228542069,0.0322710088203692,0.0503106963531523,-0.0145319705125197,Financial Services,8.0,0.5
2024-02-01,997.7999877929688,1048.0,983.2999877929688,1030.0,2887518,939.5400024414064,911.9850036621094,891.1600016276042,868.3775024414062,852.8000048828125,840.055000813802,-0.1463768253169087,-0.0045890228542069,0.0322710088203692,0.0503106963531523,-0.0145319705125197,Financial Services,8.0,0.5
2024-02-02,981.25,1007.6500244140625,962.2999877929688,997.5,3103717,958.1599975585938,922.2050048828124,901.3666666666668,878.3075012207031,860.68400390625,846.1016682942708,-0.1810353281402491,-0.016586478247585,0.0165605095541401,0.0269044834792993,-0.0193121143511146,Financial Services,8.0,0.619175
2024-02-05,964.7000122070312,986.6500244140625,956.2999877929688,981.25,1714997,971.0800048828124,932.3800048828124,910.1166666666668,887.3525024414063,867.9060034179688,853.0383361816406,-0.2156938309635895,-0.0168662295979299,0.01715557954136,0.0227531998852308,-0.0087073953641246,Financial Services,8.0,0.6787625
2024-02-06,909.2000122070312,973.7000122070312,852.0,966.2000122070312,8912365,971.0700073242188,933.6000061035156,913.9266682942708,892.8725036621094,872.4880029296875,857.9683369954427,-0.3319203158865941,-0.057530837874696,0.0626924760610547,0.0709414860690882,-0.062912463087392,Financial Services,8.0,0.70855625
2024-02-07,915.4000244140625,924.0,890.0,890.0,2370592,953.6700073242188,939.1200073242188,918.1500040690104,898.0100036621094,877.0680029296875,862.7050048828125,-0.3189364307460002,0.0068191950327641,-0.0277474587465963,0.0093947731664549,-0.0277474587465963,Financial Services,8.0,0.723453125
2024-02-08,919.3499755859375,924.7000122070312,896.0499877929688,915.5999755859375,1063090,937.9800048828124,938.7600036621094,920.6500040690104,902.8650024414062,882.2980029296875,866.9966715494792,-0.31066455794736,0.0043150000726767,-0.0040789689449982,0.0058193688618786,-0.0253439804336957,Financial Services,8.0,0.7309015625
2024-02-09,933.5999755859375,943.0,902.7000122070312,910.0,908009,928.45,943.3049987792969,924.286669921875,908.1375,888.3360009765624,871.9783365885417,-0.2808226226292912,0.0155000819909936,-0.0252784663700594,0.0100685782560812,-0.033097648015161,Financial Services,8.0,0.7346257812500001
2024-02-12,939.9500122070312,967.0,930.0499877929688,941.0499877929688,1030185,923.5,947.2900024414064,929.4200032552084,913.4625,894.582001953125,877.1716695149739,-0.267524560726551,0.0068016675098008,0.001170249025642,0.0287781131354576,-0.0105325009686599,Financial Services,8.0,0.7364878906250001
2024-02-13,927.9500122070312,958.0,911.1500244140625,940.0499877929688,1075804,927.25,949.1600036621094,931.4833374023438,917.2575012207031,899.7480029296875,881.6150024414062,-0.2926546115207142,-0.0127666363574203,0.0130394691812751,0.0323831967214462,-0.0181044103367289,Financial Services,8.0,0.7374189453125001
2024-02-14,941.25,950.0,907.2000122070312,928.0,1108571,932.4199951171876,943.0450012207032,936.886669921875,921.7175018310548,904.892001953125,886.2933349609375,-0.264802164120793,0.0143326554426527,-0.0140770252324037,0.0092961487383798,-0.0361752858358234,Financial Services,8.0,0.7378844726562501
2024-02-15,939.2999877929688,969.9000244140625,922.8499755859375,941.25,1704307,936.4099975585938,937.1950012207031,937.9766682942708,924.5900024414062,909.5740014648436,891.3166687011719,-0.2688858229384541,-0.0020717261163678,0.0020760270758792,0.0325774907045333,-0.0175130548502221,Financial Services,8.0,0.7381172363281251
2024-02-16,931.2999877929688,965.8499755859375,923.0,941.0499877929688,850621,935.95,932.2,940.8533325195312,927.2025024414064,913.7,896.2716674804688,-0.2856391901345629,-0.0085169808410167,0.0104692366882832,0.0370986666442965,-0.0089122601758412,Financial Services,8.0,0.7382336181640625
2024-02-19,1000.8499755859375,1029.8499755859375,972.0,985.4000244140625,5143281,948.1299926757812,935.8149963378906,947.569999186198,934.0975006103516,920.3959985351562,903.5066670735677,-0.1399896296370019,0.0746805419355701,-0.015436830243044,0.0289753716415113,-0.0288254746362436,Financial Services,8.0,0.7382918090820313
2024-02-20,996.2000122070312,1004.6500244140625,979.0,1004.6500244140625,1121846,961.7799926757812,944.5149963378906,953.3666666666668,939.0575012207032,926.1619995117188,910.0866678873698,-0.1497274476289113,-0.0046460143801112,0.0084822446330938,0.0084822446330938,-0.0172656213574274,Financial Services,8.0,0.7383209045410157
2024-02-21,977.9000244140625,1010.0,965.0,994.9500122070312,630302,969.1099975585936,950.7649963378906,951.7333333333332,944.9425018310546,931.1960009765623,915.5950012207032,-0.1880507495264005,-0.018369792781297,0.0174353076667368,0.0328254164889414,-0.0131915575130412,Financial Services,8.0,0.7383354522705079
2024-02-22,1021.6500244140625,1025.9000244140625,960.3499755859375,979.9000244140625,2591455,985.5800048828124,960.9950012207032,953.3233357747396,949.8775024414062,936.7880029296877,922.241668701172,-0.0964307726726806,0.0447387247241496,-0.0408652659935524,0.0041599372568286,-0.0600010251683612,Financial Services,8.0,0.738342726135254
2024-02-23,1024.949951171875,1053.4000244140625,1001.6500244140625,1018.0,2697962,1004.3099975585938,970.1299987792968,956.2366658528646,956.7174987792968,942.6240014648438,928.8016662597656,-0.0895201620859434,0.0032299972387365,-0.0067807712600296,0.0277575243646377,-0.0227327458586368,Financial Services,8.0,0.738346363067627
2024-02-26,1098.8499755859375,1135.0,1017.5499877929688,1022.4000244140625,5565651,1023.9099975585938,986.0199951171876,965.1799967447917,966.6549987792968,952.06,937.6483317057292,0.0652391185153304,0.0721011053559922,-0.0695726922422779,0.0328980527071371,-0.0739864309043801,Financial Services,8.0,0.7383481815338135
2024-02-27,1135.449951171875,1161.5,1069.050048828125,1094.300048828125,2330957,1051.7599853515626,1006.769989013672,980.2633260091146,977.9649963378906,961.597998046875,947.0949971516928,0.1418857223103088,0.0333075273232102,-0.0362410534266878,0.0229424897162919,-0.0584789336379115,Financial Services,8.0,0.7383490907669068
2024-02-28,1161.699951171875,1177.0,1113.050048828125,1146.800048828125,2804836,1088.519970703125,1028.814984130859,996.683321126302,985.9299926757812,973.6579956054688,957.4166625976562,0.1968577084225407,0.0231185883384009,-0.0128259472927751,0.0131703963770428,-0.041878199525337,Financial Services,8.0,0.7383495453834534
2024-02-29,1167.4000244140625,1180.0,1139.0,1169.0,2265124,1117.669970703125,1051.6249877929688,1013.2199910481772,994.409994506836,983.43599609375,966.9349975585938,0.2087946359314258,0.0049066656466994,0.0013705461302697,0.0107931945540789,-0.0243275859346644,Financial Services,8.0,0.7383497726917267
2024-03-01,1119.75,1160.9000244140625,1103.050048828125,1150.0,1993885,1136.62998046875,1070.469989013672,1025.6299926757813,1001.334994506836,992.6999951171877,974.9583312988282,0.1090073414423838,-0.0408172206763305,0.0270149586961374,0.0367492961947422,-0.0149139997069658,Financial Services,8.0,0.7383498863458634
2024-03-04,1106.0,1153.0,1100.5,1120.9000244140625,1060115,1138.0599853515623,1080.9849914550782,1036.6999918619792,1008.3999938964844,1000.93599609375,983.0599975585938,0.0802124915740718,-0.0122795266800625,0.0134719931411053,0.0424954792043399,-0.0049728752260397,Financial Services,8.0,0.7383499431729317
2024-03-05,1061.699951171875,1127.5,1055.050048828125,1108.0999755859375,2450672,1123.3099853515623,1087.5349853515625,1045.6166544596354,1016.0249908447264,1007.033994140625,988.5499959309896,-0.0125593815288188,-0.0400542936963155,0.0437035194009827,0.0619761249451851,-0.00626344791333,Financial Services,8.0,0.7383499715864659
2024-03-06,1067.949951171875,1081.4000244140625,1050.800048828125,1065.6500244140625,1416647,1104.5599853515623,1096.5399780273438,1054.0633178710937,1023.6524871826172,1009.6559912109376,995.4749938964844,0.0005291865931411,0.0058867856149954,-0.002153590395588,0.0125942917338295,-0.0160587135426442,Financial Services,8.0,0.738349985793233
2024-03-07,1101.5,1108.0,1048.0,1066.199951171875,2255852,1091.37998046875,1104.5249755859377,1064.8766520182292,1032.7599884033202,1013.8039916992188,1001.42666015625,0.0707887225262607,0.0314153755906914,-0.0320472526810031,0.0059010440308671,-0.0485701316386745,Financial Services,8.0,0.7383499928966165
2024-03-11,1122.0999755859375,1150.0,1076.0,1110.949951171875,2151038,1091.8499755859375,1114.2399780273438,1077.5966512044272,1042.1849884033204,1019.4379907226562,1009.2249918619792,0.1139285919290215,0.0187017481488311,-0.0099367477556892,0.0248641164077145,-0.0410836615176513,Financial Services,8.0,0.7383499964483082
2024-03-12,1124.0999755859375,1155.0,1095.3499755859375,1116.9000244140625,4541569,1095.469970703125,1116.7649780273437,1085.8133178710937,1051.3924865722656,1025.8139892578124,1016.6916585286458,0.1181169337280487,0.0017823723763612,-0.0064050808008621,0.0274886799085249,-0.0255760169241299,Financial Services,8.0,0.7383499982241541
2024-03-13,1075.6500244140625,1152.9000244140625,1035.050048828125,1129.9000244140625,2923830,1098.2599853515626,1110.7849853515625,1091.1099853515625,1058.7774871826173,1032.4719897460936,1022.2383260091144,0.0166544559010534,-0.0431011050833093,0.0504346197821652,0.0718170392289818,-0.0377445959786534,Financial Services,8.0,0.7383499991120771
2024-03-14,1138.199951171875,1145.0,1050.699951171875,1063.0,2119244,1112.3099853515623,1108.4349853515623,1101.7966471354166,1068.624984741211,1041.383986816406,1026.764990234375,0.1476446922839712,0.0581508161001393,-0.0660691920557984,0.0059743886134626,-0.0768757720556139,Financial Services,8.0,0.7383499995560385
2024-03-15,1099.800048828125,1141.0,1084.199951171875,1140.0,1443781,1111.9699951171874,1101.6749877929688,1107.0066487630208,1076.649987792969,1048.6019897460938,1030.1649922688805,0.067228734251526,-0.0337373958804109,0.0365520543617992,0.0374613105498358,-0.0141844853279216,Financial Services,8.0,0.7383499997780193
2024-03-18,1134.8499755859375,1158.0,1094.0,1099.800048828125,2857316,1114.5199951171876,1103.1849853515623,1114.3333170572917,1086.8274871826172,1056.6519897460937,1035.2849914550782,0.1406292708978198,0.0318693627947729,-0.0308850751304953,0.0203991936485787,-0.0359959258622234,Financial Services,8.0,0.7383499998890097
2024-03-19,1098.5999755859375,1133.0,1095.1500244140625,1133.0,1172039,1109.4199951171877,1102.4449829101563,1114.316650390625,1091.7149871826173,1062.99798828125,1039.7483235677084,0.064715575790452,-0.0319425481604153,0.0313126025655656,0.0313126025655656,-0.0031403160827806,Financial Services,8.0,0.7383499999445049
2024-03-20,1114.199951171875,1125.0,1090.0,1098.5999755859375,1005618,1117.12998046875,1107.6949829101563,1112.8999837239585,1097.6149841308593,1070.4479858398438,1046.5816548665364,0.0973845906956449,0.0141998688627471,-0.014001055707757,0.0096930975600617,-0.0217195765862513,Financial Services,8.0,0.7383499999722525
2024-03-21,1139.4000244140625,1151.0,1120.949951171875,1120.949951171875,1973422,1117.3699951171875,1114.839990234375,1111.4133219401042,1105.689984130859,1078.3739868164062,1054.048321533203,0.1501578507450452,0.022617191120573,-0.0161927969517777,0.0101807752653881,-0.0161927969517777,Financial Services,8.0,0.7383500000000001
2024-03-21,1139.4000244140625,1151.0,1120.949951171875,1120.949951171875,1973422,1117.3699951171875,1114.839990234375,1111.4133219401042,1105.689984130859,1078.3739868164062,1054.048321533203,0.1501578507450452,0.022617191120573,-0.0161927969517777,0.0101807752653881,-0.0161927969517777,Financial Services,8.0,0.7383500000000001
2024-03-22,1152.0999755859375,1166.8499755859375,1118.050048828125,1135.0,1322362,1127.82998046875,1119.899987792969,1110.3933186848958,1112.2124816894532,1086.885986328125,1061.8066548665363,0.1767537189144294,0.0111461742142808,-0.0148424407154775,0.0128027083695565,-0.029554663205765,Financial Services,8.0,0.5935
2024-03-26,1143.5,1210.949951171875,1124.0,1160.5999755859375,2091811,1129.5599853515623,1122.039990234375,1111.976652018229,1118.1399841308594,1095.3739868164062,1068.8033223470052,0.1587439003058317,-0.0074646087736992,0.0149540669750218,0.0589855279159379,-0.0170529077393966,Financial Services,8.0,0.521075
2024-03-27,1107.25,1152.0,1101.050048828125,1145.0,2142011,1131.289990234375,1120.3549926757812,1112.0599853515623,1118.5599853515623,1099.629987792969,1074.379988606771,0.0828302051984638,-0.0317009182334936,0.034093474825017,0.0404154436667418,-0.0055994140184014,Financial Services,8.0,0.4848625
2024-03-28,1124.25,1131.550048828125,1102.199951171875,1122.199951171875,1129272,1133.3,1125.214990234375,1116.2299886067708,1117.9999877929688,1104.7519873046874,1080.923321533203,0.118431110490195,0.0153533529013321,-0.001823481279186,0.0064932611324215,-0.0196131188153213,Financial Services,8.0,0.46675625
2024-04-01,1172.199951171875,1183.0,1108.050048828125,1124.25,1308850,1139.8599853515625,1128.614990234375,1123.1799886067708,1118.524987792969,1112.523984375,1088.6216532389324,0.2188465028674334,0.0426506125611518,-0.0409059487879507,0.009213486843544,-0.0547260749154765,Financial Services,8.0,0.457703125
2024-04-02,1167.800048828125,1204.949951171875,1161.1500244140625,1179.0,1972586,1143.0,1135.414990234375,1127.599991861979,1118.544989013672,1118.3699853515625,1096.2383219401042,0.2096323554184505,-0.0037535425072755,0.0095906411231221,0.0318118691474875,-0.0056944888987936,Financial Services,8.0,0.4531765625
2024-04-03,1190.699951171875,1196.0,1150.5999755859375,1164.050048828125,1146968,1152.439990234375,1140.9999877929688,1132.1733235677084,1122.0924865722657,1124.9999853515626,1104.8849873860677,0.257588664508435,0.0196094377344219,-0.0223817111250583,0.0044512043717719,-0.0336776494753959,Financial Services,8.0,0.4509132812499999
2024-04-04,1231.199951171875,1255.0,1181.699951171875,1199.0,1959796,1177.22998046875,1154.2599853515626,1139.313321940104,1128.3524841308597,1130.293984375,1112.563319905599,0.3424025859387355,0.0340136068370039,-0.0261533077070272,0.0193307746686244,-0.0402046799570493,Financial Services,8.0,0.449781640625
2024-04-05,1278.300048828125,1287.699951171875,1223.949951171875,1232.0,2469457,1208.039990234375,1170.6699951171877,1152.8233235677085,1139.1824890136718,1136.00798828125,1121.9666544596355,0.4410382398147028,0.0382554414588949,-0.0362200164746691,0.0073534397126615,-0.0425174807010882,Financial Services,8.0,0.4492158203124999
2024-04-08,1285.25,1307.25,1270.050048828125,1274.050048828125,2253288,1230.65,1185.2549926757813,1162.62666015625,1150.0474914550782,1140.949990234375,1132.2116536458334,0.4555926253118839,0.0054368699885807,-0.0087142199353238,0.0171172923555729,-0.0118264549090644,Financial Services,8.0,0.44893291015625
2024-04-09,1303.050048828125,1330.0,1272.050048828125,1295.25,2083395,1257.7,1200.35,1176.17666015625,1160.1249938964845,1146.3759912109374,1141.5916544596355,0.4928689695776643,0.0138494836242948,-0.0059859932741185,0.020682207253752,-0.0237903371615536,Financial Services,8.0,0.44865
2024-04-09,1303.050048828125,1330.0,1272.050048828125,1295.25,2083395,1257.7,1200.35,1176.17666015625,1160.1249938964845,1146.3759912109374,1141.5916544596355,0.4928689695776643,0.0138494836242948,-0.0059859932741185,0.020682207253752,-0.0237903371615536,Financial Services,8.0,0.44865
2024-04-10,1331.5999755859375,1400.3499755859375,1308.0,1351.0,3436007,1285.8800048828125,1219.1599975585937,1189.2933268229167,1170.5999938964844,1154.849990234375,1151.813321940104,0.5526573953771198,0.0219100768872909,0.0145689582230024,0.0516296194506524,-0.0177230219424966,Financial Services,8.0,0.66725
2024-04-12,1264.1500244140625,1339.75,1256.0999755859375,1339.75,3026942,1292.47001953125,1234.85,1200.3299967447915,1177.602496337891,1161.1759912109376,1157.3233235677085,0.4114056704593662,-0.0506533136140944,0.0598030092361689,0.0598030092361689,-0.0063679537022167,Financial Services,8.0,0.7765500000000001
2024-04-15,1228.800048828125,1249.9000244140625,1185.300048828125,1211.0,2636356,1282.57001953125,1245.3050048828125,1207.9700032552084,1185.2599975585938,1167.8599951171875,1160.4349934895831,0.3373767802887799,-0.0279634338513914,-0.0144857162441525,0.0171712034077959,-0.0354003892183149,Financial Services,8.0,0.8312
2024-04-16,1230.0999755859375,1255.9000244140625,1202.449951171875,1215.0,1401420,1271.5400146484376,1251.0950073242188,1214.0166666666669,1189.854998779297,1174.34599609375,1162.7149943033853,0.3400990490764898,0.001057883061652,-0.0122754051586293,0.0209739446713146,-0.0224778676228262,Financial Services,8.0,0.858525
2024-04-18,1214.5,1247.9000244140625,1205.0999755859375,1230.0999755859375,1419344,1253.8300048828123,1255.7650024414063,1218.176668294271,1195.5899963378906,1178.86599609375,1164.2849934895833,0.307430034171297,-0.012681876185313,0.0128447719933615,0.0275010493322869,-0.0077398307238061,Financial Services,8.0,0.8721875
2024-04-19,1197.449951171875,1213.699951171875,1180.25,1201.0,1287456,1227.0,1256.4400024414062,1221.773331705729,1198.7199951171874,1181.8799951171875,1166.8749918619792,0.2717243180801517,-0.0140387392574104,0.0029646740764828,0.0135705045410015,-0.0143638163374113,Financial Services,8.0,0.87901875
2024-04-22,1201.699951171875,1221.8499755859375,1192.949951171875,1221.8499755859375,1147140,1214.5099853515626,1253.4900024414062,1228.0699951171875,1203.8749938964845,1184.983994140625,1170.064990234375,0.2806245444030845,0.0035492088799542,0.0167679331220846,0.0167679331220846,-0.0072813517146831,Financial Services,8.0,0.882434375
2024-04-23,1191.6500244140625,1214.949951171875,1178.0,1214.949951171875,2265085,1207.07998046875,1244.825,1232.563330078125,1207.7474975585938,1189.623994140625,1174.396659342448,0.2595782802446306,-0.00836309159205,0.0195526591536547,0.0195526591536547,-0.0114547259131507,Financial Services,8.0,0.8841421875
2024-04-24,1227.800048828125,1239.1500244140625,1192.6500244140625,1202.0,1056137,1206.6199951171875,1239.0800048828123,1236.2700032552084,1212.167498779297,1193.207998046875,1179.7249959309895,0.3352826093892662,0.0303361084827213,-0.0210132332644471,0.0092441563239638,-0.0286284598600655,Financial Services,8.0,0.88499609375
2024-04-25,1262.949951171875,1274.9000244140625,1212.3499755859375,1228.0,1876111,1216.3099853515623,1235.0699951171875,1242.613330078125,1217.7099975585938,1199.733994140625,1185.1066609700522,0.4088925119982922,0.028628360438085,-0.0276732669726503,0.0094620323086431,-0.0400649095706338,Financial Services,8.0,0.885423046875
2024-04-26,1257.699951171875,1275.0,1218.75,1275.0,1302882,1228.3599853515625,1227.6799926757812,1247.0799967447915,1223.4199951171877,1204.6479931640624,1189.62666015625,0.3978981147758458,-0.004156934322796,0.0137553069092557,0.0137553069092557,-0.0309691919249761,Financial Services,8.0,0.8856365234375
2024-04-29,1238.5999755859375,1277.4000244140625,1227.300048828125,1240.0,1210908,1235.739990234375,1225.1249877929688,1247.573331705729,1229.9874938964845,1210.2479931640626,1193.4433268229166,0.3578995017223554,-0.0151864326369265,0.0011303281460184,0.0313257303349856,-0.0091231446637699,Financial Services,8.0,0.88574326171875
2024-04-30,1264.9000244140625,1277.949951171875,1240.300048828125,1244.8499755859375,1053777,1250.389990234375,1228.7349853515625,1246.6799967447917,1237.0199951171876,1216.27599609375,1199.75166015625,0.4129762986340014,0.0212336907367395,-0.0158510937158158,0.0103169630057187,-0.0194481580450066,Financial Services,8.0,0.885796630859375
2024-05-02,1292.0999755859375,1318.0,1255.449951171875,1264.949951171875,2035177,1263.2499755859376,1234.9349853515623,1247.1366617838542,1243.0149963378906,1222.383994140625,1204.881660970052,0.4699376448463327,0.0215036371625297,-0.021012324841002,0.0200449074401671,-0.0283646970873461,Financial Services,8.0,0.8858233154296875
2024-05-03,1293.8499755859375,1310.699951171875,1254.050048828125,1301.5,874727,1269.42998046875,1242.8699829101563,1246.5233235677083,1249.3174926757813,1228.053994140625,1211.349991861979,0.4736024439204815,0.0013543843611686,0.0059126054476277,0.0130231293456621,-0.0307608513419714,Financial Services,8.0,0.8858366577148438
2024-05-06,1282.9000244140625,1301.199951171875,1246.4000244140625,1293.8499755859375,816820,1274.4699951171874,1251.414990234375,1243.27666015625,1253.9274963378907,1233.6299951171875,1216.2849934895833,0.4506713748252461,-0.0084630763832693,0.0085353113753943,0.0142644995007858,-0.0284511647871162,Financial Services,8.0,0.8858433288574219
2024-05-07,1243.800048828125,1293.9000244140625,1231.449951171875,1282.9000244140625,1029011,1275.510009765625,1255.625,1241.9199951171877,1254.5575012207032,1239.0919970703126,1221.1249959309896,0.3687893437814838,-0.0304778040703488,0.031435901311289,0.0402797665373468,-0.0099293272000479,Financial Services,8.0,0.88585
2024-05-08,1243.550048828125,1279.800048828125,1159.050048828125,1225.0,4688486,1271.2400146484374,1260.8150024414062,1242.9033284505208,1252.820001220703,1243.8639990234376,1225.4366658528645,0.3682658010566054,-0.0002009969369558,-0.0149170102527083,0.0291504150027259,-0.0679506225580784,Financial Services,8.0,0.692925
2024-05-09,1233.4000244140625,1265.5,1214.300048828125,1249.0,1803308,1259.5000244140624,1261.375,1243.1233317057292,1250.2275024414062,1246.312001953125,1228.569999186198,0.3470099152993232,-0.0081621358333164,0.0126479449303955,0.0260255999274743,-0.0154856293237152,Financial Services,8.0,0.5964625
2024-05-10,1202.25,1244.5,1190.0999755859375,1233.4000244140625,1235977,1241.180029296875,1255.3050048828125,1242.3066650390624,1245.1875,1247.69,1230.2416666666666,0.2817764406522554,-0.0252554108946613,0.0259097728542836,0.0351424412559784,-0.0101060714610625,Financial Services,8.0,0.54823125
2024-05-13,1246.5,1254.1500244140625,1192.6500244140625,1213.300048828125,1309581,1233.9000244140625,1254.185009765625,1245.5766682942708,1240.9325012207032,1249.922001953125,1233.675,0.374443502955732,0.0368059887710542,-0.0266345376429001,0.0061372037016145,-0.0432009431094564,Financial Services,8.0,0.524115625
2024-05-14,1229.4000244140625,1301.699951171875,1225.050048828125,1245.0,1188778,1231.02001953125,1253.2650146484375,1247.42333984375,1239.195001220703,1249.8500048828123,1237.746667480469,0.3386332317012688,-0.0137183919662555,0.0126890965317594,0.0588091144640012,-0.003538291442617,Financial Services,8.0,0.5120578124999999
2024-05-15,1271.6500244140625,1305.0999755859375,1233.0,1235.0,2823297,1236.6400146484375,1253.9400146484377,1252.7566731770833,1241.3375,1249.58400390625,1242.660001627604,0.4271119522057182,0.0343663568903348,-0.0288208419851599,0.0263043687568738,-0.0303936017552244,Financial Services,8.0,0.50602890625
2024-05-16,1338.25,1348.0,1258.050048828125,1273.0,1875538,1257.610009765625,1258.5550170898437,1260.1200032552083,1246.7450012207032,1251.70400390625,1248.1950032552083,0.5665836829861044,0.0523728811444208,-0.0487577059592752,0.0072856342237996,-0.0599289752825518,Financial Services,8.0,0.503014453125
2024-05-17,1326.25,1354.949951171875,1293.300048828125,1340.0,2406951,1282.410009765625,1261.79501953125,1264.3400065104167,1252.332501220703,1252.632001953125,1253.476668294271,0.5414536321919413,-0.0089669344292919,0.0103675777568332,0.0216399254830348,-0.024844449516965,Financial Services,8.0,0.5
2024-05-21,1286.300048828125,1375.0,1268.0,1375.0,2078024,1290.37001953125,1262.1350219726562,1266.2466796875,1256.7750061035156,1250.8200048828126,1256.6633382161458,0.4577916070108116,-0.030122489102262,0.0689574343503169,0.0689574343503169,-0.0142268896318531,Financial Services,8.0,0.455525
2024-05-22,1293.6500244140625,1323.800048828125,1257.800048828125,1292.0,1929384,1303.22001953125,1267.12001953125,1269.9166829427083,1261.372509765625,1252.0000048828124,1258.7450073242187,0.4731837119950173,0.0057140443962772,-0.0012754797533512,0.0233061676999684,-0.0277122675448293,Financial Services,8.0,0.4332875
2024-05-23,1265.5,1295.949951171875,1255.0,1293.5999755859375,1577188,1301.9900146484374,1269.3150146484377,1269.956681315104,1265.065008544922,1253.4680029296876,1258.318339029948,0.4142327500464903,-0.0217601545107322,0.0222046428968292,0.0240615971330502,-0.0082971157645199,Financial Services,8.0,0.42216875
2024-05-24,1275.6500244140625,1289.9000244140625,1231.199951171875,1263.0,2196283,1289.47001953125,1273.5400146484376,1268.860017903646,1267.4575073242188,1255.2900048828126,1257.99833984375,0.4354886358037725,0.0080205645310647,-0.0099165320988983,0.0111707754691929,-0.034845037738783,Financial Services,8.0,0.416609375
2024-05-27,1252.199951171875,1287.0999755859375,1237.9000244140625,1277.300048828125,2069936,1274.660009765625,1278.535009765625,1266.083349609375,1266.920007324219,1256.7980029296875,1256.3033365885417,0.3863801748285211,-0.0183828423104986,0.0200448000598945,0.0278709677167781,-0.0114198429287829,Financial Services,8.0,0.4138296875
2024-05-28,1201.8499755859375,1238.949951171875,1190.0,1235.0,8964786,1257.7699951171876,1274.0700073242188,1260.6800130208333,1264.127508544922,1256.97400390625,1251.9783365885417,0.2809387211652308,-0.0402092138230937,0.0275824978886412,0.0308690571532026,-0.009859779362362,Financial Services,8.0,0.41243984375
2024-05-29,1180.300048828125,1198.300048828125,1161.300048828125,1194.949951171875,2674260,1235.1,1269.160009765625,1256.4466796875,1261.2125122070313,1256.1180078125,1249.1833374023438,0.2358094916623704,-0.0179306296089961,0.0124120153670206,0.0152503594470503,-0.0160976016385531,Financial Services,8.0,0.411744921875
2024-05-30,1190.0,1219.5999755859375,1174.4000244140625,1180.0,3222504,1220.0,1260.9950073242187,1252.8766764322916,1257.467510986328,1256.0520068359374,1247.8900024414063,0.2561228471332139,0.0082182078883295,-0.0084033613445377,0.0248739290638129,-0.0131092231814601,Financial Services,8.0,0.4113974609375
2024-05-31,1294.4000244140625,1345.0,1194.199951171875,1225.0,38766409,1223.75,1256.610009765625,1256.9433430989584,1257.5825134277345,1258.716005859375,1250.0333374023437,0.4747543401696525,0.0877311129529937,-0.0536155926337207,0.0390914513531801,-0.0774104383129513,Financial Services,8.0,0.41122373046875
2024-06-03,1284.75,1328.8499755859375,1277.4000244140625,1292.9000244140625,1246729,1230.260009765625,1252.460009765625,1262.4433430989584,1257.1275146484377,1259.5880078125,1252.3750040690104,0.4545455398621271,-0.0074552103152429,0.0063436656268243,0.0343257253052635,-0.0057209383817377,Financial Services,8.0,0.411136865234375
2024-06-04,1240.449951171875,1297.949951171875,1193.050048828125,1285.5,2567311,1237.9800048828124,1247.875,1262.0400065104166,1255.0050109863282,1258.8980078125,1253.8083374023438,0.3617736667592363,-0.034481454623954,0.0363175062287401,0.0463541474975903,-0.0382118619932795,Financial Services,8.0,0.4110934326171875
2024-06-05,1293.3499755859375,1312.0,1227.199951171875,1259.050048828125,1638056,1260.589990234375,1247.8449951171874,1266.3033365885417,1257.482507324219,1261.0880078125,1256.8633382161458,0.4725553584707248,0.0426458353794015,-0.0265202206713409,0.014419936417916,-0.0511462679574366,Financial Services,8.0,0.4110717163085938
2024-06-06,1289.3499755859375,1360.5,1259.699951171875,1293.3499755859375,4490960,1280.4599853515624,1250.2299926757812,1267.4833333333331,1259.772503662109,1262.066005859375,1260.1200032552083,0.4641786748726704,-0.0030927437085912,0.0031023384463029,0.0551828640487845,-0.0229961026683916,Financial Services,8.0,0.41105
2024-06-06,1289.3499755859375,1360.5,1259.699951171875,1293.3499755859375,4490960,1280.4599853515624,1250.2299926757812,1267.4833333333331,1259.772503662109,1262.066005859375,1260.1200032552083,0.4641786748726704,-0.0030927437085912,0.0031023384463029,0.0551828640487845,-0.0229961026683916,Financial Services,8.0,0.41105
2024-06-07,1292.0999755859375,1302.550048828125,1252.75,1271.0,1021648,1279.9999755859376,1251.8749877929688,1264.4066650390623,1262.707501220703,1262.066005859375,1262.2633341471353,0.4699376448463327,0.0021328576818332,-0.0163299868312195,0.0080876661555919,-0.030454280883407,Financial Services,8.0,0.5871999999999999
2024-06-10,1293.75,1332.0999755859375,1282.449951171875,1294.0,1159150,1281.7999755859375,1256.0299926757812,1262.2399983723958,1267.2825012207031,1262.0620068359376,1263.2900024414062,0.4733930779577494,0.0012770098639729,0.0001932367149759,0.0296424932065217,-0.008734337258454,Financial Services,8.0,0.675275
2024-06-11,1299.449951171875,1317.449951171875,1283.0,1290.0,562593,1293.5999755859375,1265.789990234375,1263.1166585286458,1269.929998779297,1262.72400390625,1264.6816691080728,0.4853297498305385,0.0044057593599033,-0.0072722702119868,0.0138520148342513,-0.0126591648697512,Financial Services,8.0,0.7193125
2024-06-12,1311.550048828125,1328.0,1295.0,1314.8499755859375,625482,1297.239990234375,1278.914990234375,1264.3099934895831,1274.0375,1265.43400390625,1267.1133382161458,0.5106694222235298,0.0093117073461258,0.0025160509587576,0.0125423739540653,-0.0126186940734076,Financial Services,8.0,0.74133125
2024-06-13,1316.5999755859375,1349.75,1306.4000244140625,1328.0,546196,1302.689990234375,1291.5749877929688,1267.716658528646,1276.2849975585937,1268.3560009765624,1268.836669921875,0.5212448318844158,0.0038503500208205,0.008658684965408,0.0251785090602856,-0.0077471907648605,Financial Services,8.0,0.752340625
2024-06-14,1372.050048828125,1378.699951171875,1304.9000244140625,1325.0,1475020,1318.6800048828125,1299.339990234375,1274.1433268229166,1277.975,1273.902001953125,1271.5016723632812,0.6373667616441024,0.0421161129199551,-0.0342917875833397,0.0048466907963231,-0.0489413811627467,Financial Services,8.0,0.7578453125
2024-06-18,1365.1500244140625,1404.5,1351.75,1386.25,826217,1332.960009765625,1307.3799926757813,1281.6733317057292,1279.9200012207032,1280.4180029296874,1273.878340657552,0.6229169313102394,-0.005028988862291,0.0154561588166795,0.0288246528822551,-0.0098157888689295,Financial Services,8.0,0.76059765625
2024-06-19,1354.0999755859375,1379.8499755859375,1331.050048828125,1379.8499755859375,902996,1343.8900146484375,1318.7449951171875,1291.823331705729,1283.3099975585938,1284.722001953125,1276.2516723632812,0.5997762406161757,-0.0080943842292115,0.0190163211463449,0.0190163211463449,-0.0170223227039336,Financial Services,8.0,0.7619738281249999
2024-06-20,1355.0,1370.0,1345.550048828125,1354.0999755859375,795109,1352.5800048828123,1324.9099975585937,1303.4699951171874,1286.3774963378903,1289.7460009765623,1279.9583374023437,0.6016610455529572,0.0006646661474704,-0.0006642246598247,0.011070110701107,-0.0069741337061808,Financial Services,8.0,0.7626619140625
2024-06-21,1335.199951171875,1366.300048828125,1322.0,1360.0,1187004,1356.3,1329.4949951171875,1313.149991861979,1289.8624938964845,1292.287998046875,1283.0133341471353,0.5601963594881495,-0.0146125821609778,0.0185740336541793,0.0232924646446803,-0.009886123168511,Financial Services,8.0,0.76300595703125
2024-06-24,1285.050048828125,1342.4000244140625,1273.050048828125,1340.75,955142,1338.9,1328.7900024414062,1312.52666015625,1290.3324951171876,1290.16,1284.735001627604,0.4551738933864196,-0.0375598443512033,0.043344577296946,0.0446285929783332,-0.0093381576935024,Financial Services,8.0,0.763177978515625
2024-06-25,1326.300048828125,1335.0,1272.800048828125,1288.800048828125,1311446,1331.1300048828125,1332.045007324219,1315.2966634114584,1294.0375,1290.162001953125,1288.8700032552083,0.5415584429913555,0.0320999170714145,-0.0282741450798661,0.0065595648432359,-0.0403377803139424,Financial Services,8.0,0.7632639892578125
2024-06-26,1345.199951171875,1361.1500244140625,1316.8499755859375,1330.0,1799720,1329.35,1336.6200073242187,1322.2799967447916,1301.2049987792968,1292.517998046875,1292.160001627604,0.5811380684832855,0.0142500954896664,-0.0112993991403534,0.0118570278182752,-0.021074915711408,Financial Services,8.0,0.7633069946289062
2024-06-27,1384.0999755859375,1415.0,1360.25,1379.449951171875,4899306,1335.1699951171877,1343.875,1328.3299967447915,1311.3949951171876,1296.13599609375,1297.3166666666666,0.6626013676015836,0.0289176522643898,-0.0033596015433018,0.0223249945517709,-0.0172313965801791,Financial Services,8.0,0.76335
2024-06-27,1384.0999755859375,1415.0,1360.25,1379.449951171875,4899306,1335.1699951171877,1343.875,1328.3299967447915,1311.3949951171876,1296.13599609375,1297.3166666666666,0.6626013676015836,0.0289176522643898,-0.0033596015433018,0.0223249945517709,-0.0172313965801791,Financial Services,8.0,0.76335
2024-06-28,1397.25,1458.0,1384.0999755859375,1395.4000244140625,2642033,1347.5800048828123,1351.9400024414062,1335.523331705729,1321.7574951171875,1301.40599609375,1301.503332519531,0.6901397660574066,0.0095007764222347,-0.001324011870415,0.0434782608695651,-0.0094113611837984,Financial Services,8.0,0.705675
2024-07-01,1517.1500244140625,1543.0,1400.199951171875,1400.199951171875,3895938,1394.0,1366.45,1350.5266682942708,1332.8949951171876,1311.06599609375,1307.4666666666667,0.941230908036306,0.0858114327529522,-0.0770853714927465,0.0170385098177228,-0.0770853714927465,Financial Services,8.0,0.6768375
2024-07-02,1485.6500244140625,1516.75,1461.050048828125,1516.75,2134391,1425.8699951171875,1378.5,1363.3200032552083,1342.9399963378903,1320.4039990234376,1312.7800008138022,0.8752645247016276,-0.0207626137778731,0.0209335813111188,0.0209335813111188,-0.0165583920719415,Financial Services,8.0,0.6624187500000001
2024-07-03,1462.75,1488.6500244140625,1430.050048828125,1487.5,1095139,1449.3800048828125,1389.3650024414062,1374.2066731770833,1354.054998779297,1330.84,1318.6616658528646,0.8273079599755471,-0.0154141446758931,0.0169201845838318,0.0177063916691591,-0.022355119584259,Financial Services,8.0,0.6552093750000001
2024-07-04,1420.25,1472.0,1405.550048828125,1472.0,2532801,1456.610009765625,1395.8900024414063,1381.4533365885416,1360.4,1340.437998046875,1322.8816650390625,0.7383056967462193,-0.0290548624166809,0.0364372469635627,0.0364372469635627,-0.0103502560618728,Financial Services,8.0,0.6516046875000001
2024-07-05,1379.449951171875,1420.300048828125,1375.0,1411.300048828125,826222,1453.05,1400.3150024414062,1385.6433349609374,1364.9049987792969,1348.01599609375,1326.6799967447917,0.6528634217916262,-0.0287273711164407,0.0230889838585246,0.0296133235001001,-0.0032258880926376,Financial Services,8.0,0.64980234375
2024-07-08,1410.9000244140625,1438.4000244140625,1380.300048828125,1381.1500244140625,1550003,1431.8,1412.9,1388.2333333333331,1370.8450012207031,1352.67599609375,1331.188330078125,0.7187252499629864,0.0227989955093839,-0.0210858313737396,0.0194911046311878,-0.021688266394811,Financial Services,8.0,0.648901171875
2024-07-09,1425.0999755859375,1435.0,1408.949951171875,1423.949951171875,516323,1419.689990234375,1422.7799926757812,1392.2299967447916,1377.4125,1358.2899951171876,1336.9516642252604,0.748462374481641,0.010064463056319,-0.0008069780603214,0.0069468981711209,-0.0113325553931206,Financial Services,8.0,0.6484505859375
2024-07-10,1420.5999755859375,1438.800048828125,1362.550048828125,1426.1500244140625,672931,1411.2599853515626,1430.3199951171875,1396.663330078125,1383.4700012207031,1365.49599609375,1344.2433308919271,0.7390386054338298,-0.0031576731998397,0.0039068343823078,0.0128115398810144,-0.0408629647722394,Financial Services,8.0,0.64822529296875
2024-07-11,1470.8499755859375,1475.0,1415.4000244140625,1419.0,1360719,1421.37998046875,1438.9949951171875,1404.3866617838542,1391.4349975585938,1372.59599609375,1353.928328450521,0.844270693134388,0.0353723784764067,-0.0352517091794369,0.0028215144188374,-0.0376992569550035,Financial Services,8.0,0.6481126464843749
2024-07-12,1464.199951171875,1474.0,1419.25,1468.0,697745,1438.32998046875,1445.689990234375,1412.986661783854,1398.8149963378903,1379.5899951171875,1363.0683268229166,0.8303444055254033,-0.0045212119009033,0.0025953073042268,0.006693108287759,-0.0306993256869727,Financial Services,8.0,0.6480563232421874
2024-07-15,1442.9000244140625,1487.0,1429.5999755859375,1464.199951171875,665275,1444.72998046875,1438.264990234375,1423.5099934895834,1402.3574951171877,1385.6219970703123,1368.0183268229166,0.7857387187474214,-0.0145471434695548,0.0147618867540473,0.030563431173165,-0.0092175816779308,Financial Services,8.0,0.6480281616210937
2024-07-16,1422.550048828125,1448.800048828125,1404.300048828125,1443.0,734692,1444.2199951171874,1431.954992675781,1429.92666015625,1405.227496337891,1390.7739990234377,1372.611661783854,0.743122392069539,-0.0141035243201976,0.0143755583072253,0.018452777827834,-0.0128290741088751,Financial Services,8.0,0.6480140808105468
2024-07-18,1454.5999755859375,1482.0,1386.0,1422.5,762255,1451.0199951171876,1431.139990234375,1437.2199951171874,1410.2524963378903,1396.98,1379.7499959309896,0.810240416017292,0.0225299115375341,-0.022067906039258,0.0188368107204355,-0.0471607154800785,Financial Services,8.0,0.6480070404052733
2024-07-19,1413.050048828125,1454.550048828125,1400.0,1452.0,519367,1439.460009765625,1430.4199951171877,1439.15,1413.1549987792969,1401.04,1383.7399983723958,0.7232277685241598,-0.0285645039565434,0.0275644526562786,0.0293690942047077,-0.0092353762267286,Financial Services,8.0,0.6480035202026366
2024-07-22,1465.800048828125,1475.0,1394.1500244140625,1423.699951171875,770848,1439.780029296875,1439.0550048828125,1443.7200032552084,1419.6850036621097,1407.0080029296876,1389.621667480469,0.833695283473502,0.0373305956457429,-0.0287215829266127,0.0062764025551984,-0.0488811720748304,Financial Services,8.0,0.6480017601013184
2024-07-23,1450.300048828125,1473.0,1434.050048828125,1465.0,543452,1441.2600341796874,1442.9950073242187,1439.263338216146,1427.9475036621093,1410.1380029296874,1394.8950032552084,0.8012356345310413,-0.0105744299929529,0.010135799956535,0.0156518998880383,-0.011204577985866,Financial Services,8.0,0.6480008800506591
2024-07-24,1497.75,1510.199951171875,1415.300048828125,1428.550048828125,1159657,1456.3000244140626,1450.260009765625,1440.0700032552083,1436.520001220703,1415.442001953125,1401.6950032552083,0.900603941458523,0.0327173340511266,-0.0462026046882824,0.0083124361020696,-0.055049207926473,Financial Services,8.0,0.6480004400253296
2024-07-25,1476.050048828125,1490.050048828125,1454.0999755859375,1480.75,291915,1460.5900390625,1455.8050170898437,1440.9566731770833,1443.0625061035155,1420.3200048828126,1407.5816731770833,0.8551605351935163,-0.0144883666645802,0.0031841407922492,0.0094847732372727,-0.0148708190888339,Financial Services,8.0,0.6480002200126649
2024-07-26,1498.9000244140625,1512.0,1466.0,1475.199951171875,359770,1477.7600341796874,1458.6100219726563,1446.2000081380208,1448.802508544922,1426.076005859375,1413.8266723632812,0.9030122891201828,0.0154804883507024,-0.0158116437762099,0.0087397260474784,-0.0219494455121671,Financial Services,8.0,0.6480001100063324
2024-07-29,1493.25,1521.699951171875,1466.449951171875,1499.0,1019431,1483.2500244140624,1461.5150268554687,1453.7866780598958,1453.602508544922,1432.3980078125,1419.7150065104167,0.8911801724107118,-0.0037694471425945,0.0038506613092248,0.0190523697785869,-0.017947462801356,Financial Services,8.0,0.6480000550031662
2024-07-30,1456.199951171875,1497.3499755859375,1450.0,1484.0,603034,1484.4300048828125,1462.84501953125,1456.8066731770834,1450.5550048828125,1439.24400390625,1422.5200032552084,0.8135910383292946,-0.0248116851351916,0.019090818404267,0.0282584986910259,-0.0042576235268279,Financial Services,8.0,0.6480000275015831
2024-07-31,1453.0,1485.0,1439.5999755859375,1460.050048828125,743445,1475.4800048828124,1465.8900146484375,1458.6666748046875,1448.9225036621094,1444.312001953125,1425.4483357747397,0.8068897937052896,-0.0021974668858489,0.004852063887216,0.0220233998623538,-0.0092223154948812,Financial Services,8.0,0.6480000137507915
2024-08-01,1441.25,1465.3499755859375,1424.199951171875,1458.6500244140625,1764030,1468.5199951171876,1464.5550170898437,1460.0433430989583,1447.8475036621094,1448.15400390625,1428.3533365885417,0.7822832856360048,-0.008086717136958,0.0120728703653512,0.0167215788974415,-0.0118300425520381,Financial Services,8.0,0.6480000068753957
2024-08-02,1500.800048828125,1510.0,1430.0999755859375,1430.1500244140625,1001534,1468.9,1473.3300170898438,1462.0400146484376,1451.8750061035155,1452.8220068359376,1433.2133382161458,0.906991264956478,0.0413183339657415,-0.0470749081259881,0.0061300312317145,-0.0471082562246666,Financial Services,8.0,0.6480000034376978
2024-08-05,1473.5,1518.949951171875,1429.1500244140625,1484.449951171875,1205266,1464.95,1474.100012207031,1462.660017903646,1456.5775085449218,1455.8720068359376,1437.82333984375,0.8498202971453183,-0.0181903304503766,0.0074312529161011,0.0308448939069392,-0.0300983885890312,Financial Services,8.0,0.648
2024-08-06,1434.8499755859375,1528.0,1416.0,1486.449951171875,1062147,1460.6800048828125,1472.5550048828125,1462.1233479817708,1457.7750061035156,1452.5800048828123,1442.816670735677,0.7688805407518985,-0.0262300810411011,0.035961930838704,0.0649196961347988,-0.0131372449431446,Financial Services,8.0,0.7095750000000001
2024-08-07,1513.5,1551.949951171875,1432.0,1512.0,2670502,1472.7800048828126,1474.1300048828125,1468.186678059896,1462.1950073242188,1453.69400390625,1449.0566691080728,0.933587133125862,0.0548141100131007,-0.0009910802775024,0.0254046588515857,-0.0538486950776345,Financial Services,8.0,0.7403625
2024-08-08,1476.0,1510.0,1455.0,1510.0,1006758,1479.7300048828124,1474.125,1469.6133463541669,1464.9650085449218,1454.22400390625,1453.4166707356771,0.8550557243941023,-0.0247770069375619,0.0230352303523035,0.0230352303523035,-0.0142276422764228,Financial Services,8.0,0.75575625
2024-08-09,1462.449951171875,1489.949951171875,1432.199951171875,1489.949951171875,987790,1472.0599853515623,1470.4799926757812,1472.9066731770831,1464.545007324219,1455.912001953125,1456.0283365885416,0.8266796064512546,-0.0091802498835535,0.0188040623051504,0.0188040623051504,-0.0206844685356654,Financial Services,8.0,0.7634531250000001
2024-08-12,1428.0999755859375,1462.4000244140625,1421.300048828125,1435.0,1000263,1462.97998046875,1463.964990234375,1470.3933349609374,1462.740008544922,1457.8580029296877,1457.0566691080728,0.7547448871801817,-0.0234879665853949,0.0048316116042446,0.0240179605171213,-0.0047615201134798,Financial Services,8.0,0.7673015625
2024-08-13,1482.6500244140625,1490.0,1437.9000244140625,1449.3499755859375,911312,1472.539990234375,1466.6099975585937,1472.55,1464.727508544922,1460.7280029296876,1455.906669108073,0.8689820120030869,0.0381976400536969,-0.0224598174078775,0.0049573233500213,-0.030182443100613,Financial Services,8.0,0.77115
2024-08-14,1574.050048828125,1709.949951171875,1484.050048828125,1484.050048828125,10969737,1484.65,1478.7150024414063,1477.636669921875,1472.302508544922,1466.686005859375,1458.8533365885417,1.0603892833458488,0.0616463918720019,-0.0571773432915965,0.0863377263289226,-0.0571773432915965,Financial Services,8.0,0.68615
2024-08-16,1691.949951171875,1700.0,1562.050048828125,1585.0,3054093,1527.839990234375,1503.7849975585937,1492.0299967447916,1484.170007324219,1477.5400048828126,1466.4933349609375,1.3072918278896248,0.0749022576706033,-0.0632110607632333,0.0047578528091503,-0.0767752629170732,Financial Services,8.0,0.64365
2024-08-19,1652.5,1703.8499755859375,1590.1500244140625,1703.8499755859375,2067265,1565.85,1518.954992675781,1502.2699951171876,1496.1425048828123,1484.806005859375,1474.235001627604,1.224676888158252,-0.0233162636663993,0.0310741153318834,0.0310741153318834,-0.0377306962698562,Financial Services,8.0,0.6224000000000001
2024-08-20,1661.050048828125,1763.199951171875,1643.050048828125,1653.0,2188330,1612.4400146484377,1537.7099975585938,1513.4566650390625,1505.9050048828126,1492.680009765625,1483.621671549479,1.2425821516035316,0.005174008368003,-0.0048463613927854,0.0614971851184238,-0.0108365187507137,Financial Services,8.0,0.611775
2024-08-21,1683.550048828125,1700.800048828125,1671.050048828125,1680.0,931841,1652.62001953125,1562.5800048828123,1528.6133382161458,1517.5675048828125,1502.3060107421877,1492.7100056966146,1.2897009968425874,0.0135456484383922,-0.0021086684239628,0.0102462056367182,-0.007424786693274,Financial Services,8.0,0.6064624999999999
2024-08-22,1696.050048828125,1706.0,1656.949951171875,1685.0,645564,1677.02001953125,1580.835009765625,1544.8166748046874,1527.482507324219,1513.2460107421875,1501.7416748046876,1.3158781330865077,0.007424786693274,-0.006515166716784,0.005866543371612,-0.023053622552746,Financial Services,8.0,0.6038062499999999
2024-08-23,1685.949951171875,1726.0999755859375,1675.0,1704.550048828125,674244,1675.82001953125,1601.8300048828123,1561.1300048828125,1537.9775024414062,1522.500009765625,1510.5866739908854,1.2947268024925431,-0.0059550705259131,0.0110324138882778,0.0238144817917962,-0.0064948257593672,Financial Services,8.0,0.60115
2024-08-23,1685.949951171875,1726.0999755859375,1675.0,1704.550048828125,674244,1675.82001953125,1601.8300048828123,1561.1300048828125,1537.9775024414062,1522.500009765625,1510.5866739908854,1.2947268024925431,-0.0059550705259131,0.0110324138882778,0.0238144817917962,-0.0064948257593672,Financial Services,8.0,0.60115
2024-08-26,1819.3499755859375,1849.9000244140625,1670.050048828125,1701.0999755859375,2525922,1709.1900146484377,1637.5200073242188,1582.3666666666666,1554.0,1538.7520068359374,1522.2033406575522,1.574089251614876,0.0791245459696703,-0.064995741109083,0.0167917383890288,-0.0820622358321846,Financial Services,8.0,0.6697500000000001
2024-08-27,1777.949951171875,1803.050048828125,1767.0999755859375,1803.050048828125,1082557,1732.5699951171875,1672.5050048828125,1602.663330078125,1568.2349975585937,1551.2380029296876,1532.6616739908854,1.487390525247794,-0.0227553933930327,0.0141174376926112,0.0141174376926112,-0.006102520253051,Financial Services,8.0,0.7040500000000001
2024-08-28,1737.9000244140625,1782.8499755859375,1726.0,1782.3499755859375,701465,1743.439990234375,1698.0300048828126,1622.8666666666666,1582.320001220703,1562.742001953125,1542.4950073242187,1.403519134103932,-0.022525902223184,0.0255768171629213,0.0258645207091414,-0.0068473584480641,Financial Services,8.0,0.7212000000000001
2024-08-29,1726.550048828125,1797.0,1718.0,1780.0,1921009,1749.539990234375,1713.2800048828126,1637.0700032552083,1595.9975036621097,1571.89400390625,1552.628340657552,1.379750345521672,-0.0065308564511725,0.0309576610351687,0.0408038858877517,-0.0049521001918989,Financial Services,8.0,0.7297750000000001
2024-08-30,1772.25,1810.0,1698.0,1749.1500244140625,2607086,1766.8,1721.310009765625,1656.8200032552083,1612.5475036621094,1583.742001953125,1563.2166748046875,1.475453853375005,0.0264689408817852,-0.0130342646838411,0.0213006065735645,-0.0418958950486669,Financial Services,8.0,0.7340625000000001
2024-09-02,1749.5,1783.5,1719.0,1783.0,1043919,1752.8300048828123,1731.010009765625,1675.9566731770833,1624.9825012207032,1593.7660009765625,1574.4316731770834,1.4278114654110703,-0.0128367893920158,0.019148328093741,0.0194341240354387,-0.0174335524435552,Financial Services,8.0,0.7362062500000001
2024-09-03,1718.75,1743.449951171875,1712.449951171875,1735.050048828125,1667552,1740.9900146484374,1736.7800048828126,1695.333341471354,1637.2450012207032,1602.7860009765625,1582.8633382161458,1.3634157102510276,-0.0175764504144041,0.0094836647727272,0.0143708806818181,-0.0036654829545454,Financial Services,8.0,0.737278125
2024-09-04,1729.550048828125,1748.75,1709.0999755859375,1718.75,1194203,1739.32001953125,1741.3800048828125,1711.7933430989583,1651.9800048828124,1613.7200048828124,1592.1716715494792,1.3860328582202128,0.0062836647727272,-0.0062444268874686,0.0111011249341319,-0.011823926839263,Financial Services,8.0,0.7378140625
2024-09-05,1720.75,1755.0,1716.199951171875,1728.0,759833,1738.160009765625,1743.85,1721.57333984375,1662.3425048828126,1624.4300048828125,1599.6050048828124,1.3676040520500548,-0.0050880567660285,0.0042132790934186,0.0199041115792533,-0.0026442242209065,Financial Services,8.0,0.73808203125
2024-09-06,1715.0,1739.0,1710.9000244140625,1721.75,420041,1726.710009765625,1746.7550048828125,1723.110009765625,1674.2925048828124,1635.3800048828125,1607.5700032552083,1.3555625693778517,-0.0033415661775388,0.003935860058309,0.0139941690962099,-0.0023906563183309,Financial Services,8.0,0.738216015625
2024-09-09,1741.199951171875,1760.0,1680.550048828125,1715.0,627026,1725.05,1738.9400024414062,1729.02333984375,1688.2300048828124,1644.9960009765623,1615.6466674804688,1.4104297446906693,0.0152769394588192,-0.0150470663373506,0.0107971797354302,-0.0348322444547112,Financial Services,8.0,0.7382830078125
2024-09-10,1745.1500244140625,1776.699951171875,1735.050048828125,1751.0,609220,1730.3300048828123,1735.660009765625,1734.6300048828125,1704.0825073242188,1655.862001953125,1624.0433349609375,1.4187018731254055,0.0022685925528133,0.0033521333433219,0.0180786329636075,-0.0057874540553203,Financial Services,8.0,0.73831650390625
2024-09-11,1782.6500244140625,1792.9000244140625,1738.550048828125,1753.0,1011015,1740.95,1740.135009765625,1741.236669921875,1719.0825073242188,1669.77400390625,1634.9250040690104,1.4972332818571654,0.0214881239293972,-0.0166325549087,0.0057498666926329,-0.0247384371480502,Financial Services,8.0,0.738333251953125
2024-09-12,1812.75,1835.0,1781.449951171875,1800.0,826262,1759.35,1748.7550048828125,1749.0166666666669,1731.0175048828123,1681.74400390625,1646.9166707356771,1.5602677748053055,0.0168849606898196,-0.0070335126189491,0.0122741690801269,-0.0172666108553992,Financial Services,8.0,0.7383416259765625
2024-09-13,1814.0999755859375,1837.300048828125,1804.0,1836.800048828125,772939,1779.1699951171877,1752.9400024414062,1757.5600016276042,1737.1250061035155,1695.2680029296876,1659.3450032552084,1.5630948543924297,0.0007447113975658,0.0125131324335394,0.0127887512013742,-0.0055674856523137,Financial Services,8.0,0.7383458129882813
2024-09-16,1797.199951171875,1839.25,1751.8499755859375,1839.25,664916,1790.3699951171875,1757.7099975585938,1756.0833333333333,1744.3600036621094,1708.6580029296874,1669.225,1.5277033150634307,-0.0093159278107613,0.023397535038161,0.023397535038161,-0.0252336839628594,Financial Services,8.0,0.7383479064941407
2024-09-17,1848.5,1871.4000244140625,1776.4000244140625,1801.0,1671977,1811.039990234375,1770.6849975585938,1760.786669921875,1753.7325012207032,1725.47400390625,1681.725,1.6351343844629165,0.0285444303482617,-0.0256965106843386,0.012388436253212,-0.0390045851154652,Financial Services,8.0,0.7383489532470704
2024-09-18,1805.5999755859375,1885.0,1798.949951171875,1835.0,719866,1815.62998046875,1778.289990234375,1765.3,1759.8349975585938,1738.392001953125,1694.0833333333333,1.5452944017465642,-0.0232080196992493,0.0162826898602066,0.0439743162869152,-0.0036829998360542,Financial Services,8.0,0.7383494766235352
2024-09-19,1877.449951171875,1900.0,1821.4000244140625,1839.5,1711588,1828.569970703125,1793.9599853515624,1775.3599934895833,1768.9049926757812,1750.527998046875,1706.214998372396,1.6957605297493967,0.0397928536538783,-0.0202135620969214,0.0120109986495509,-0.0298542854486357,Financial Services,8.0,0.7383497383117676
2024-09-20,1931.449951171875,1966.5,1855.0,1864.0,1787519,1852.0399658203123,1815.60498046875,1785.9733235677083,1781.1799926757812,1760.107998046875,1721.3966634114583,1.8088457583231308,0.0287624178563556,-0.0349219254327304,0.0181470137535062,-0.039581637166156,Financial Services,8.0,0.7383498691558839
2024-09-23,1920.4000244140625,1932.25,1885.0,1930.300048828125,785448,1876.67998046875,1833.524987792969,1797.3666585286458,1786.2324951171877,1770.8239990234374,1736.6616658528646,1.7857053232651634,-0.0057210525963192,0.0051551886524701,0.0061705766690733,-0.0184336721329002,Financial Services,8.0,0.738349934577942
2024-09-24,1838.75,1933.9000244140625,1796.75,1933.9000244140625,1693004,1874.72998046875,1842.8849853515624,1805.3666585286453,1789.2724975585938,1777.9319970703125,1750.35,1.614716218192659,-0.0425171960925041,0.0517471240865057,0.0517471240865057,-0.0228416043507817,Financial Services,8.0,0.7383499672889711
2024-09-25,1722.050048828125,1830.0,1685.0,1830.0,3892371,1858.019995117188,1836.8249877929688,1804.8666585286453,1788.479998779297,1779.4719970703125,1758.330000813802,1.3703265764738608,-0.0634670026767505,0.0626868837205609,0.0626868837205609,-0.0215150824758769,Financial Services,8.0,0.7383499836444856
2024-09-26,1685.9000244140625,1750.0,1545.050048828125,1722.0,10662189,1819.710009765625,1824.139990234375,1802.5433268229167,1786.4474975585938,1779.06599609375,1762.0583333333334,1.2946222473292253,-0.0209924354049192,0.021412880398103,0.0380212199167715,-0.083545864847407,Financial Services,8.0,0.7383500000000001
2024-09-26,1685.9000244140625,1750.0,1545.050048828125,1722.0,10662189,1819.710009765625,1824.139990234375,1802.5433268229167,1786.4474975585938,1779.06599609375,1762.0583333333334,1.2946222473292253,-0.0209924354049192,0.021412880398103,0.0380212199167715,-0.083545864847407,Financial Services,8.0,0.7383500000000001
2024-09-27,1640.800048828125,1740.0,1600.0,1718.800048828125,4251091,1761.580029296875,1806.8099975585933,1797.5966634114584,1779.875,1777.26,1760.3533365885417,1.200175190888381,-0.0267512752433894,0.0475377850309721,0.0604582814601477,-0.0248659480826227,Financial Services,8.0,0.6931750000000001
2024-09-30,1619.949951171875,1713.699951171875,1603.199951171875,1660.0,5179483,1701.4900146484374,1789.0849975585938,1789.513330078125,1773.3974975585938,1769.2839990234374,1759.2683349609374,1.156511523124646,-0.0127072751315075,0.0247230161642664,0.0578721582924095,-0.0103398256149105,Financial Services,8.0,0.6705875000000001
2024-10-01,1730.449951171875,1740.0,1595.4000244140625,1645.0,4776243,1679.8300048828123,1777.2799926757812,1788.5333251953125,1773.9824951171877,1767.3839990234376,1761.5816650390625,1.3879174075208982,0.0682119839073201,-0.0493801921945258,0.0055188240617174,-0.0780432434155957,Financial Services,8.0,0.65929375
2024-10-03,1706.9000244140625,1779.0,1693.75,1724.0,2436688,1676.8,1767.4099975585937,1783.4833251953123,1772.8499938964844,1766.1439990234376,1762.3599975585937,1.3385998362190106,-0.0136091348622156,0.0100181471330211,0.0422403037990979,-0.0077040390333209,Financial Services,8.0,0.653646875
2024-10-04,1713.550048828125,1726.449951171875,1631.4000244140625,1699.949951171875,1808106,1682.3300048828123,1751.0200073242188,1776.8699951171875,1772.4899963378907,1765.6239990234376,1762.9433308919272,1.3525261238279953,0.0038959659727846,-0.007936796281819,0.0075281736606247,-0.0479414210692263,Financial Services,8.0,0.6508234374999999
2024-10-07,1690.75,1747.800048828125,1681.550048828125,1705.0,1582055,1692.3199951171875,1726.9500122070312,1768.6466634114583,1771.2774963378906,1762.3639990234376,1763.1033325195312,1.3047789250646469,-0.0133057384835171,0.0084282123318053,0.0337424508816353,-0.0054413432925476,Financial Services,8.0,0.6494117187499999
2024-10-08,1661.550048828125,1681.0,1646.4000244140625,1675.0,2869109,1700.6400146484375,1701.0650146484377,1759.6033365885417,1767.2950012207032,1758.8460009765624,1757.8433349609377,1.2436292370532884,-0.0172704132319237,0.0080948215681864,0.0117059074961918,-0.0091180066617599,Financial Services,8.0,0.6487058593749999
2024-10-09,1655.199951171875,1688.6500244140625,1641.25,1667.0,763358,1685.5900146484375,1682.710009765625,1746.7166666666667,1762.7974975585937,1756.3039990234374,1753.7516682942708,1.2303310473325002,-0.0038217913813241,0.0071290775593428,0.0202090830286123,-0.0084279552823804,Financial Services,8.0,0.6483529296874999
2024-10-10,1631.9000244140625,1690.0,1615.6500244140625,1690.0,1709381,1670.5900146484375,1673.6950073242188,1735.136669921875,1755.2599975585938,1752.397998046875,1750.2183349609377,1.181537018755491,-0.0140768048847006,0.0356026562391886,0.0356026562391886,-0.0099577178484537,Financial Services,8.0,0.64817646484375
2024-10-11,1639.050048828125,1656.0,1605.0,1631.9000244140625,1109869,1655.6900146484377,1669.010009765625,1719.2433430989583,1746.575,1749.13,1747.301668294271,1.1965103918142324,0.0043814108138332,-0.0043622977951006,0.0103413261748741,-0.0207742581457288,Financial Services,8.0,0.6480882324218751
2024-10-14,1652.6500244140625,1673.8499755859375,1642.449951171875,1654.0,2282889,1648.07001953125,1670.1950073242188,1700.6566813151042,1738.5025024414062,1746.6360009765624,1743.3150024414062,1.224991064920398,0.0082974742569094,0.0008168550909113,0.0128278527569025,-0.0061719499540163,Financial Services,8.0,0.6480441162109376
2024-10-15,1676.1500244140625,1687.949951171875,1652.0,1652.75,1009190,1650.9900146484374,1675.8150146484377,1684.3733479817708,1732.4500061035155,1744.03400390625,1740.8700032552083,1.2742040810589677,0.0142195865142904,-0.0139605787508445,0.0070398989266711,-0.0144080327311421,Financial Services,8.0,0.6480220581054688
2024-10-16,1704.550048828125,1719.949951171875,1676.0,1676.0,731981,1660.8600341796875,1673.2250244140623,1675.4266845703123,1725.252508544922,1742.4100048828125,1740.3966715494792,1.333678585732373,0.0169436052861618,-0.0167493168345236,0.0090345850239701,-0.0167493168345236,Financial Services,8.0,0.6480110290527343
2024-10-17,1685.050048828125,1730.0,1671.050048828125,1700.0,1063409,1671.4900390625,1671.0400268554688,1672.9600179036458,1719.225012207031,1738.506005859375,1738.9133382161458,1.2928422531918575,-0.0114399691657081,0.0088721110582277,0.0266757365474905,-0.008308358561656,Financial Services,8.0,0.6480055145263672
2024-10-18,1683.5999755859375,1710.0,1654.800048828125,1680.0,674150,1680.4000244140625,1668.04501953125,1672.8066813151042,1709.5325134277343,1733.3400048828123,1737.6750040690104,1.2898055520059055,-0.0008605520311969,-0.0021382606546336,0.0156806989765336,-0.0171061577426011,Financial Services,8.0,0.6480027572631837
2024-10-21,1675.9000244140625,1702.699951171875,1632.5999755859375,1689.9000244140625,1119617,1685.0500244140626,1666.5600219726562,1675.1466796875,1696.7550170898437,1727.8120068359376,1736.371671549479,1.2736805383340892,-0.0045735039697866,0.00835372026735,0.0159913636657309,-0.0258368925337678,Financial Services,8.0,0.6480013786315919
2024-10-22,1621.5,1702.449951171875,1610.0999755859375,1688.4000244140625,724686,1674.12001953125,1662.5550170898437,1675.2500162760416,1681.810015869141,1720.7840087890625,1732.3816731770833,1.1597575902733304,-0.0324601847494346,0.0412581094135444,0.0499228807720475,-0.0070305423460145,Financial Services,8.0,0.6480006893157959
2024-10-23,1640.300048828125,1710.0,1605.300048828125,1621.5,990313,1661.27001953125,1661.065026855469,1669.2400227864584,1671.887518310547,1712.4560107421876,1728.8866739908854,1.1991281054386245,0.0115942330114862,-0.0114613474781983,0.0424921959989397,-0.0213375595672297,Financial Services,8.0,0.6480003446578979
2024-10-24,1647.300048828125,1669.0999755859375,1610.25,1648.0,413123,1653.72001953125,1662.605029296875,1665.266691080729,1668.1500183105468,1706.124013671875,1724.3750081380208,1.2137873017352196,0.0042675119134459,0.0004249081230665,0.0132337316285038,-0.022491378455602,Financial Services,8.0,0.648000172328949
2024-10-25,1639.75,1656.800048828125,1615.550048828125,1639.5,756828,1644.9500244140625,1662.6750244140626,1660.3466878255208,1665.8425170898438,1696.616015625,1718.6083414713542,1.1979762091894537,-0.0045832869570398,-0.0001524622655892,0.0103979562909741,-0.0147583175312547,Financial Services,8.0,0.6480000861644746
2024-10-28,1661.8499755859375,1674.9000244140625,1626.949951171875,1639.0,456811,1642.1400146484375,1663.59501953125,1658.42001953125,1666.8950134277345,1685.8320166015626,1713.533341471354,1.2442573349414847,0.013477649389198,-0.0137497222502777,0.0078527237836398,-0.021000706999293,Financial Services,8.0,0.6480000430822372
2024-10-29,1704.9000244140625,1720.0,1633.550048828125,1664.5,647355,1658.82001953125,1666.47001953125,1661.3100179036458,1671.1425170898438,1677.2120166015625,1710.4566772460937,1.3344114944199834,0.0259048948223779,-0.0236964184618081,0.0088568100004144,-0.04184994695537,Financial Services,8.0,0.6480000215411186
2024-10-30,1703.4000244140625,1719.9000244140625,1649.25,1692.0,783012,1671.4400146484377,1666.3550170898438,1664.5233561197915,1669.790020751953,1671.798017578125,1705.620011393229,1.331270238070713,-0.0008798169854654,-0.006692511594852,0.0096865091954403,-0.0317893763284928,Financial Services,8.0,0.6480000107705592
2024-10-31,1701.1500244140625,1714.0,1661.0,1691.0,614924,1682.210009765625,1667.9650146484375,1669.1400227864583,1669.5025207519532,1670.9620166015625,1702.1383463541667,1.3265583535468075,-0.00132088761756,-0.0059665663042026,0.007553699204374,-0.0236016952284332,Financial Services,8.0,0.6480000053852797
2024-11-01,1706.300048828125,1717.0,1701.199951171875,1716.949951171875,31497,1695.52001953125,1670.2350219726563,1673.6233561197917,1669.1400207519532,1671.778017578125,1696.433349609375,1.3373433848065217,0.0030273781501642,0.0062415179270869,0.0062708497132282,-0.0029889805487333,Financial Services,8.0,0.6480000026926398
2024-11-04,1714.5,1725.0,1664.1500244140625,1706.800048828125,892716,1706.0500244140626,1674.09501953125,1677.746687825521,1670.3275207519532,1674.726015625,1689.2016845703124,1.3545154839280948,0.0048056912250027,-0.0044910767989938,0.0061242344706911,-0.0293671481982721,Financial Services,8.0,0.6480000013463199
2024-11-05,1641.949951171875,1712.050048828125,1600.6500244140625,1700.5,2087823,1693.460009765625,1676.1400146484375,1675.4666829427083,1669.3475158691406,1675.606015625,1679.9200154622397,1.202583282913945,-0.04231557236986,0.0356588511034317,0.0426932000005353,-0.0251529754170255,Financial Services,8.0,0.648
2024-11-05,1641.949951171875,1712.050048828125,1600.6500244140625,1700.5,2087823,1693.460009765625,1676.1400146484375,1675.4666829427083,1669.3475158691406,1675.606015625,1679.9200154622397,1.202583282913945,-0.04231557236986,0.0356588511034317,0.0426932000005353,-0.0251529754170255,Financial Services,8.0,0.648
2024-11-06,1663.300048828125,1695.949951171875,1596.5999755859375,1695.0,3336155,1685.4400146484377,1678.4400146484377,1672.7166829427083,1669.7525207519532,1672.92001953125,1674.0716837565103,1.2472940361274372,0.0130028918609926,0.0190584682506376,0.0196295926082328,-0.0401010468851852,Financial Services,8.0,0.648
2024-11-07,1739.0,1764.75,1654.949951171875,1663.300048828125,2433199,1693.010009765625,1687.610009765625,1676.3133463541667,1675.10751953125,1674.2040185546875,1674.6366821289062,1.405822670966178,0.045511903414666,-0.0435307367290828,0.0148073605520413,-0.0483324030063974,Financial Services,8.0,0.648
2024-11-08,1678.699951171875,1739.0,1664.9000244140625,1739.0,625061,1687.489990234375,1691.5050048828125,1675.986678059896,1677.0900146484375,1672.8100146484376,1674.3966796875,1.2795440634710695,-0.0346751287108251,0.0359206830178497,0.0359206830178497,-0.0082206035379812,Financial Services,8.0,0.648
2024-11-11,1666.5,1699.0999755859375,1653.0,1663.0999755859375,340568,1677.889990234375,1691.9700073242188,1675.360009765625,1677.7825134277343,1671.8400146484375,1675.2533447265623,1.2539952807514425,-0.0072674995691507,-0.0020402186703045,0.0195619415457171,-0.008100810081008,Financial Services,8.0,0.648
2024-11-12,1685.0999755859375,1711.0,1661.0,1679.9000244140625,478459,1686.5199951171876,1689.9900024414062,1679.600008138021,1678.230010986328,1672.78201171875,1677.4250122070312,1.2929468083551758,0.0111611014617086,-0.0030858413430733,0.0153700224255577,-0.0143018075693446,Financial Services,8.0,0.648
2024-11-13,1632.8499755859375,1690.050048828125,1625.050048828125,1685.0999755859375,476493,1680.42998046875,1682.9349975585938,1679.1033365885417,1674.6450073242188,1671.8880126953125,1674.1716796875,1.1835263788555903,-0.0310070623446729,0.0319992655670955,0.0350308197920397,-0.0047768789995624,Financial Services,8.0,0.648
2024-11-14,1724.5,1745.0,1636.0999755859375,1636.0999755859375,1346952,1677.52998046875,1685.2699951171876,1684.25,1676.6175048828125,1675.59201171875,1674.7583455403646,1.3754571929232309,0.056128870247969,-0.0512612492978037,0.0118875036242389,-0.0512612492978037,Financial Services,8.0,0.648
2024-11-18,1719.8499755859375,1807.699951171875,1675.550048828125,1683.8499755859375,1402978,1685.7599853515626,1686.6249877929688,1689.589998372396,1678.4300048828125,1678.8240087890624,1674.9683430989585,1.3657192471132733,-0.0026964479060959,-0.0209320583254566,0.0510800225792995,-0.0257580180752219,Financial Services,8.0,0.648
2024-11-19,1712.6500244140625,1753.9000244140625,1691.0999755859375,1751.0,939422,1694.989990234375,1686.439990234375,1692.976668294271,1680.2675048828123,1681.2240087890625,1675.6983439127605,1.350641318891214,-0.0041863832741702,0.0223921846490837,0.0240854812203168,-0.0125828677902234,Financial Services,8.0,0.648
2024-11-21,1724.949951171875,1770.0,1680.0,1742.5,892569,1702.9599853515624,1694.739990234375,1694.313330078125,1685.4400024414062,1683.176005859375,1677.8116739908853,1.3763994675735731,0.007181809816644,0.0101742365430383,0.0261167280810201,-0.0260586987705571,Financial Services,8.0,0.648
2024-11-22,1729.25,1752.9000244140625,1672.300048828125,1725.0,625706,1722.239990234375,1701.3349853515624,1696.0366617838542,1689.8875,1684.16400390625,1680.280008951823,1.3854045046959202,0.002492854256556,-0.0024577128813069,0.0136764634460386,-0.0329333243729217,Financial Services,8.0,0.648
2024-11-25,1806.300048828125,1819.0,1712.4000244140625,1763.0,4395079,1738.6,1708.064990234375,1703.0466634114584,1697.8375,1689.01400390625,1686.0933430989585,1.5467604747578814,0.0445569170612259,-0.0239716811480001,0.0070309200180305,-0.0519847322569592,Financial Services,8.0,0.648
2024-11-26,1850.800048828125,1865.0,1784.050048828125,1811.0,839786,1764.7900146484376,1725.275,1712.6799967447917,1708.3900024414063,1695.7020068359377,1693.1516764322917,1.6399510797862362,0.024635995569435,-0.0215042402086196,0.0076723313147013,-0.0360654842441052,Financial Services,8.0,0.648
2024-11-27,1843.9000244140625,1865.0,1806.699951171875,1850.800048828125,868323,1791.0400146484376,1743.0150024414063,1721.3066650390624,1717.4925048828125,1702.4220068359375,1699.5266764322917,1.6255012494523733,-0.0037281306635103,0.0037420816327908,0.0114431234375858,-0.0201746693148445,Financial Services,8.0,0.648
2024-11-28,1878.8499755859375,1912.9000244140625,1790.050048828125,1828.199951171875,1572269,1821.82001953125,1762.3900024414063,1737.1,1726.1900024414062,1712.716005859375,1706.283341471354,1.698692420135935,0.0189543634194489,-0.0269579929596384,0.0181228140993567,-0.0472629150340326,Financial Services,8.0,0.648
2024-11-29,1893.9000244140625,1920.199951171875,1830.0,1854.0,1340040,1854.7500244140624,1788.4950073242187,1752.4733317057292,1735.7150024414063,1722.8600048828123,1712.5950073242188,1.730209794428053,0.0080102451093422,-0.021067650826187,0.0138866499914371,-0.0337399142459127,Financial Services,8.0,0.648
2024-12-02,1945.0999755859375,2005.0,1848.1500244140625,1888.4000244140625,1249088,1882.510009765625,1810.5550048828125,1766.213330078125,1747.9125,1734.772001953125,1721.263338216146,1.837431242228711,0.0270341361802956,-0.0291501474903853,0.0307953447976463,-0.0498431712450513,Financial Services,8.0,0.648
2024-12-03,1926.25,2015.0999755859375,1876.0,2000.0,2954528,1897.6,1831.1950073242188,1782.7166666666667,1758.9099975585937,1746.232001953125,1729.3516723632813,1.7979561719000987,-0.0096910060267,0.0382868267358857,0.0461258796033419,-0.026086956521739,Financial Services,8.0,0.648
2024-12-04,2004.699951171875,2018.8499755859375,1914.949951171875,1940.0,1896974,1929.7599853515624,1860.4,1805.263330078125,1773.4199951171877,1759.9460009765626,1740.311669921875,1.9622437767125016,0.0407267754299156,-0.0322741321632964,0.007058425080417,-0.0447697920816206,Financial Services,8.0,0.648
2024-12-05,2017.4000244140625,2049.0,1984.5999755859375,2018.800048828125,2075271,1957.469995117188,1889.6450073242188,1827.4166666666667,1792.1924987792968,1772.4460009765626,1753.5083374023438,1.988839900517982,0.0063351491751987,0.0006939746193712,0.0156637132960852,-0.0162585746164306,Financial Services,8.0,0.648
2024-12-06,2142.300048828125,2150.0,2013.9000244140625,2025.0,3433089,2007.15,1930.9500122070312,1861.3800048828125,1816.1424987792968,1790.002001953125,1770.2416707356772,2.250401896994449,0.0619113824241866,-0.0547542576457906,0.0035942449686667,-0.0599355932817625,Financial Services,8.0,0.648
2024-12-09,2131.14990234375,2210.0,2097.60009765625,2117.449951171875,2101814,2044.3599853515625,1963.4349975585933,1888.489998372396,1835.7499938964845,1807.2019970703125,1786.369999186198,2.2270515847015573,-0.005204754810361,-0.006428431503954,0.0369988509815917,-0.0157425832179159,Financial Services,8.0,0.648
2024-12-10,2172.64990234375,2200.0,2048.300048828125,2121.10009765625,2341928,2093.6399658203127,1995.6199829101563,1918.67666015625,1860.447491455078,1825.8559912109367,1804.1333292643228,2.3139596770313715,0.0194730553464869,-0.023726696432725,0.0125883593241349,-0.0572341882516287,Financial Services,8.0,0.648
2024-12-10,2172.64990234375,2200.0,2048.300048828125,2121.10009765625,2341928,2093.6399658203127,1995.6199829101563,1918.67666015625,1860.447491455078,1825.8559912109367,1804.1333292643228,2.3139596770313715,0.0194730553464869,-0.023726696432725,0.0125883593241349,-0.0572341882516287,Financial Services,8.0,0.648
2024-12-11,2165.0,2200.0,2132.0,2174.050048828125,905083,2125.6999755859374,2027.72998046875,1948.8333251953125,1885.372491455078,1843.8759912109367,1820.904996744792,2.2979394741589694,-0.0035210009378398,0.0041801611215357,0.0161662817551964,-0.0152424942263279,Financial Services,8.0,0.648
2024-12-12,2140.0,2196.699951171875,2125.60009765625,2152.89990234375,926181,2150.219970703125,2053.8449829101564,1976.503328450521,1908.1174926757808,1863.7979931640623,1835.408329264323,2.2455852016711297,-0.0115473441108545,0.0060279917494159,0.0264953042859228,-0.0067289263288551,Financial Services,8.0,0.648
2024-12-13,2104.050048828125,2144.89990234375,2090.14990234375,2136.85009765625,1111171,2142.569970703125,2074.8599853515625,2001.489998372396,1931.6774963378907,1881.4279931640624,1848.763330078125,2.1702998600880545,-0.0167990426036799,0.0155890059965033,0.0194148677871881,-0.0066063763512264,Financial Services,8.0,0.648
2024-12-16,2108.75,2124.89990234375,2072.699951171875,2094.10009765625,1272989,2138.089990234375,2091.224987792969,2021.6533284505208,1950.8899963378904,1896.2179931640624,1862.3499959309893,2.1801423610613297,0.0022337639613148,-0.0069471973177237,0.0076585191908713,-0.0170954588396562,Financial Services,8.0,0.648
2024-12-17,2133.449951171875,2179.550048828125,2101.5,2110.0,1325933,2130.25,2111.9449829101563,2040.4966552734368,1971.5699951171875,1914.4079931640624,1876.5883260091143,2.231868280024877,0.0117130770228215,-0.01099156376225,0.0216082395703389,-0.0149757209698428,Financial Services,8.0,0.648
2024-12-18,2147.64990234375,2172.0,2095.39990234375,2147.14990234375,1089931,2126.77998046875,2126.239978027344,2060.746647135417,1993.319989013672,1933.6539892578128,1891.02665608724,2.261605404543532,0.0066558632716343,-0.0002328126197171,0.0113380200514416,-0.0243289187604456,Financial Services,8.0,0.648
2024-12-19,2144.14990234375,2154.0,2056.199951171875,2101.0,964655,2127.6099609375,2138.9149658203123,2078.433308919271,2014.2799865722657,1952.015986328125,1907.766654459636,2.2542758063952344,-0.0016296883380202,-0.0201244802411357,0.004593940771344,-0.0410185645489328,Financial Services,8.0,0.648
2024-12-20,2092.14990234375,2155.39990234375,2060.0,2155.0,1434504,2125.229931640625,2133.899951171875,2091.649967447917,2032.424981689453,1970.3879833984367,1922.061649576823,2.145378919620528,-0.0242520357103574,0.0300409151303362,0.0302320593419924,-0.0153669210355021,Financial Services,8.0,0.648
2024-12-23,2116.39990234375,2141.75,2076.39990234375,2092.14990234375,1102384,2126.759912109375,2132.424951171875,2103.069962565104,2047.9299743652343,1986.063979492188,1934.6416463216144,2.196162563933732,0.0115909476528587,-0.0114581369868449,0.0119779336732044,-0.0189000197721154,Financial Services,8.0,0.648
2024-12-24,2058.5,2110.25,2045.0,2110.199951171875,1059235,2111.769921875,2121.0099609375,2111.8866292317707,2058.314971923828,1999.60998046875,1947.3016479492187,2.074910273360772,-0.0273577324775106,0.0251153515530118,0.0251396648044692,-0.0065581734272528,Financial Services,8.0,0.648
2024-12-26,2037.199951171875,2067.300048828125,2025.050048828125,2047.8499755859375,742457,2089.679931640625,2108.229956054688,2114.0532958984377,2067.9799682617186,2012.5919775390623,1959.6583129882813,2.0303043309466937,-0.0103473640165776,0.0052277757065211,0.0147752299124763,-0.0059640205355202,Financial Services,8.0,0.648
2024-12-27,2052.75,2074.0,2033.6500244140625,2037.199951171875,738273,2071.399951171875,2099.504956054688,2116.4099609375,2076.674969482422,2025.7039794921875,1971.913313802084,2.0628687906885683,0.0076330498727825,-0.0075752277813299,0.0103519668737059,-0.0093045795084337,Financial Services,8.0,0.648
2024-12-30,2107.85009765625,2151.5,2031.949951171875,2035.0,4039739,2074.539990234375,2099.8849609375,2114.1132975260416,2087.372473144532,2040.8479833984368,1987.746651204427,2.1782578117606444,0.0268420887376689,-0.0345613275523022,0.0207082573814356,-0.0360083226832731,Financial Services,8.0,0.648
2024-12-31,2108.85009765625,2121.60009765625,2032.0,2045.5,1718180,2073.030029296875,2099.894970703125,2112.626643880208,2095.559979248047,2052.949985351562,2000.5583211263024,2.180351982660158,0.0004744170380578,-0.0300401141487755,0.0060459489340518,-0.0364417071377715,Financial Services,8.0,0.648
2025-01-01,2119.199951171875,2134.699951171875,2090.60009765625,2103.0,728019,2085.17001953125,2098.469970703125,2109.0633138020835,2105.2074768066404,2063.6859814453123,2013.8699869791667,2.2020263447068085,0.0049078184965008,-0.0076443712462888,0.0073140809537244,-0.0134955899276091,Financial Services,8.0,0.648
2025-01-02,2203.25,2230.0,2115.0,2130.949951171875,2784644,2118.380029296875,2104.02998046875,2111.613313802083,2115.134979248047,2078.05998046875,2030.223319498698,2.3780415110653648,0.0396612168576386,-0.0328151815854419,0.0121411551117667,-0.0400544649948939,Financial Services,8.0,0.648
2025-01-03,2215.85009765625,2246.89990234375,2175.0,2212.0,730651,2151.000048828125,2111.2,2116.669986979167,2125.057482910156,2091.5399853515623,2046.586657714844,2.404428268908113,0.0057188687875865,-0.0017375262254076,0.014012592602876,-0.0184354066637711,Financial Services,8.0,0.648
2025-01-06,2120.0,2236.949951171875,2100.0,2220.0,1437924,2153.430029296875,2113.985009765625,2117.7333170572915,2123.94248046875,2100.583984375,2059.611657714844,2.2037017836808577,-0.0432565802883654,0.0471698113207548,0.0551650713074882,-0.0094339622641509,Financial Services,8.0,0.648
2025-01-07,2079.550048828125,2152.449951171875,2069.449951171875,2120.0,1403657,2147.57001953125,2110.3000244140626,2115.786653645833,2121.3624877929688,2105.961987304688,2068.719991048177,2.118992673049972,-0.0190801656471108,0.019451299666805,0.0350556132971315,-0.0048568668313329,Financial Services,8.0,0.648
2025-01-08,2002.8499755859375,2084.85009765625,1968.449951171875,2080.10009765625,1748241,2124.3000244140626,2104.7350219726563,2107.0799886067707,2112.872491455078,2109.025986328125,2073.788321940104,1.9583696116756208,-0.0368830138449467,0.0385700991147441,0.0409417195845251,-0.0171755372760751,Financial Services,8.0,0.648
2025-01-09,1919.550048828125,1997.300048828125,1915.0,1991.25,1033509,2067.560034179688,2092.970031738281,2091.873331705729,2100.599993896484,2105.619990234375,2076.309989420573,1.783925329127796,-0.0415906971431761,0.0373524781058183,0.0405042838281117,-0.0023703725937767,Financial Services,8.0,0.648
