Price,Close,High,Low,Open,Volume,MA_5,MA_10,MA_15,MA_20,MA_25,MA_30,Normalised Close,Return Ratio,Percentage Change Open,Percentage Change High,Percentage Change Low,Sector,Sector Encoded,VADER Sentiment Score
Ticker,SUZLON.NS,SUZLON.NS,SUZLON.NS,SUZLON.NS,SUZLON.NS,,,,,,,,,,,,,,
Date,,,,,,,,,,,,,,,,,,,
2023-01-10,10.050000190734863,10.25,9.949999809265137,10.25,70863324,,,,,,,-1.2503614763402913,,0.0199004781561613,0.0199004781561613,-0.0099502865245632,Capital Goods,1.0,0.648
2023-01-11,10.100000381469727,10.300000190734863,10.050000190734863,10.149999618530273,58400770,,,,,,,-1.2481651917261982,0.0049751432622815,0.0049504193239715,0.019801960565474,-0.0049505137471675,Capital Goods,1.0,0.648
2023-01-12,10.0,10.199999809265137,9.899999618530273,10.149999618530273,75308002,,,,,,,-1.252557760954384,-0.009901027494335,0.0149999618530274,0.0199999809265136,-0.0100000381469727,Capital Goods,1.0,0.648
2023-01-13,10.050000190734863,10.100000381469727,9.850000381469727,10.0,64749356,,,,,,,-1.2503614763402913,0.0050000190734863,-0.0049751432622815,0.0049751432622815,-0.0199004781561613,Capital Goods,1.0,0.648
2023-01-16,10.0,10.149999618530273,9.949999809265137,10.100000381469727,46621802,10.04000015258789,,,,,,-1.252557760954384,-0.0049751432622815,0.0100000381469727,0.0149999618530274,-0.0050000190734863,Capital Goods,1.0,0.648
2023-01-17,10.0,10.050000190734863,9.899999618530273,10.0,46626799,10.030000114440918,,,,,,-1.252557760954384,0.0,0.0,0.0050000190734862,-0.0100000381469727,Capital Goods,1.0,0.648
2023-01-18,9.800000190734863,10.0,9.75,9.949999809265137,39381363,9.970000076293946,,,,,,-1.261342857520111,-0.0199999809265136,0.0153060832255988,0.0204081434053664,-0.0051020601797675,Capital Goods,1.0,0.648
2023-01-19,9.649999618530273,9.800000190734863,9.600000381469727,9.800000190734863,51419762,9.9,,,,,,-1.26793171136239,-0.0153061805393028,0.0155441013610564,0.0155441013610564,-0.0051812682939942,Capital Goods,1.0,0.648
2023-01-20,10.0,10.25,9.600000381469727,9.649999618530273,112834934,9.889999961853029,,,,,,-1.252557760954384,0.0362694710161069,-0.0350000381469726,0.0249999999999999,-0.0399999618530273,Capital Goods,1.0,0.648
2023-01-23,9.75,10.100000381469727,9.699999809265137,10.050000190734863,54689324,9.839999961853028,9.94000005722046,,,,,-1.2635391421342042,-0.025,0.0307692503317809,0.035897475022536,-0.0051282246907552,Capital Goods,1.0,0.648
2023-01-24,9.649999618530273,9.850000381469727,9.600000381469727,9.75,36745668,9.769999885559082,9.9,,,,,-1.26793171136239,-0.0102564493815104,0.0103627342407042,0.0207254684814084,-0.0051812682939942,Capital Goods,1.0,0.648
2023-01-25,9.5,9.75,9.399999618530273,9.649999618530273,47479501,9.70999984741211,9.839999961853028,,,,,-1.274520523314024,-0.0155440025346984,0.0157894335295025,0.0263157894736842,-0.0105263559441817,Capital Goods,1.0,0.648
2023-01-27,9.100000381469727,9.699999809265137,8.949999809265137,9.5,96786728,9.6,9.75,,,,,-1.292090716445478,-0.0421052230031866,0.0439560001936691,0.0659340002905037,-0.0164835786721542,Capital Goods,1.0,0.648
2023-01-30,8.949999809265137,9.350000381469727,8.800000190734863,9.0,94496123,9.389999961853029,9.639999961853029,,,,,-1.2986795702877567,-0.0164835786721542,0.0055866136089861,0.0446928023160966,-0.0167597342711663,Capital Goods,1.0,0.648
2023-01-31,9.800000190734863,9.949999809265137,8.899999618530273,9.0,122433631,9.4,9.619999980926512,9.760000038146972,,,,-1.261342857520111,0.0949721116853876,-0.0816326709351701,0.0153060832255988,-0.0918367912947053,Capital Goods,1.0,0.648
2023-02-01,9.199999809265137,10.199999809265137,8.899999618530273,10.100000381469727,144996475,9.310000038146972,9.539999961853027,9.703333346048993,,,,-1.2876981891079369,-0.0612245275298035,0.0978261511808094,0.1086956544273969,-0.0326087170602698,Capital Goods,1.0,0.6744749999999999
2023-02-02,9.199999809265137,9.600000381469727,9.050000190734863,9.149999618530273,86094874,9.25,9.479999923706057,9.64333330790202,,,,-1.2876981891079369,0.0,-0.0054348034534206,0.043478323967111,-0.0163043067000079,Capital Goods,1.0,0.6877125
2023-02-03,9.050000190734863,9.300000190734863,8.699999809265137,9.199999809265137,103617993,9.239999961853028,9.419999980926514,9.579999987284342,,,,-1.2942870010595708,-0.0163043067000079,0.0165745431346884,0.0276243088100642,-0.03867407448544,Capital Goods,1.0,0.69433125
2023-02-06,9.050000190734863,9.25,9.0,9.050000190734863,45864843,9.260000038146972,9.325,9.513333320617676,,,,-1.2942870010595708,0.0,0.0,0.0220994259723763,-0.0055248828376879,Capital Goods,1.0,0.697640625
2023-02-07,8.949999809265137,9.149999618530273,8.899999618530273,9.050000190734863,35950091,9.089999961853028,9.244999980926512,9.443333307902018,9.592500019073489,,,-1.2986795702877567,-0.0110497656753758,0.011173227217972,0.0223463478801524,-0.005586613608986,Capital Goods,1.0,0.6992953125
2023-02-08,9.0,9.25,8.949999809265137,9.050000190734863,47849321,9.05,9.180000019073486,9.376666641235351,9.540000009536744,,,-1.296483285673664,0.005586613608986,0.0055555767483181,0.0277777777777776,-0.0055555767483181,Capital Goods,1.0,0.70012265625
2023-02-09,9.199999809265137,9.350000381469727,8.949999809265137,9.0,72874809,9.05,9.15,9.336666615804036,9.494999980926512,,,-1.2876981891079369,0.0222222010294596,-0.0217391101534285,0.0163044103602618,-0.0271739136068491,Capital Goods,1.0,0.700536328125
2023-02-10,9.149999618530273,9.649999618530273,9.050000190734863,9.300000190734863,71596394,9.06999988555908,9.154999923706054,9.303333282470703,9.452499961853029,,,-1.2898944737220297,-0.0054348034534206,0.016393505842428,0.0546448110213486,-0.0109288996682463,Capital Goods,1.0,0.7007431640624999
2023-02-13,9.050000190734863,9.25,8.949999809265137,9.199999809265137,45209836,9.06999988555908,9.164999961853027,9.239999961853028,9.402499961853028,,,-1.2942870010595708,-0.0109288996682463,0.0165745431346884,0.0220994259723763,-0.0110497656753758,Capital Goods,1.0,0.7008465820312499
2023-02-14,8.800000190734863,9.149999618530273,8.75,9.050000190734863,38860144,9.039999961853027,9.064999961853028,9.176666641235352,9.34249997138977,9.482000007629397,,-1.305268382239391,-0.0276243088100642,0.0284090902933404,0.0397726613874291,-0.0056818397330838,Capital Goods,1.0,0.700898291015625
2023-02-15,9.0,9.050000190734863,8.800000190734863,8.850000381469727,40241204,9.039999961853027,9.044999980926514,9.133333333333333,9.29249997138977,9.44,,-1.296483285673664,0.0227272505602565,-0.0166666242811415,0.0055555767483181,-0.0222222010294596,Capital Goods,1.0,0.7009241455078125
2023-02-16,8.899999618530273,9.050000190734863,8.850000381469727,9.050000190734863,35573041,8.979999923706055,9.014999961853029,9.093333307902018,9.24749994277954,9.391999969482422,,-1.3008758549018498,-0.0111111534966362,0.0168539975993122,0.0168539975993122,-0.0056178920453485,Capital Goods,1.0,0.7009370727539062
2023-02-17,8.899999618530273,9.149999618530273,8.850000381469727,8.899999618530273,61270881,8.929999923706054,8.999999904632569,9.079999923706056,9.20999994277954,9.347999954223631,,-1.3008758549018498,0.0,0.0,0.0280898888444316,-0.0056178920453485,Capital Goods,1.0,0.7009435363769531
2023-02-20,8.550000190734863,9.100000381469727,8.449999809265137,8.899999618530273,118491096,8.829999923706055,8.949999904632568,9.053333282470703,9.137499952316285,9.287999954223633,,-1.3162497634192107,-0.039325780089551,0.040935604676908,0.0643275062532591,-0.0116959507881755,Capital Goods,1.0,0.7009467681884765
2023-02-21,8.399999618530273,8.649999618530273,8.350000381469727,8.600000381469727,39042076,8.749999809265137,8.894999885559082,8.959999910990398,9.069999933242798,9.223999938964845,9.359999974568684,-1.3228386172614894,-0.0175439261822633,0.0238096157169167,0.0297619061134841,-0.0059522903965673,Capital Goods,1.0,0.7009483840942382
2023-02-22,8.300000190734863,8.5,8.199999809265137,8.399999618530273,41332864,8.609999847412109,8.824999904632568,8.899999936421713,9.002499961853028,9.15599994659424,9.301666641235352,-1.3272311445990306,-0.0119046943257965,0.0120481235539051,0.0240963620083276,-0.0120482384544226,Capital Goods,1.0,0.7009491920471191
2023-02-23,8.149999618530273,8.350000381469727,8.050000190734863,8.300000190734863,57513590,8.45999984741211,8.719999885559082,8.829999923706055,8.934999942779541,9.089999923706054,9.236666615804037,-1.3338199984413095,-0.0180723576816338,0.0184049790460776,0.0245399720614367,-0.0122698690154593,Capital Goods,1.0,0.7009495960235596
2023-02-24,8.399999618530273,8.550000190734863,8.149999618530273,8.199999809265137,57101906,8.359999847412109,8.644999885559082,8.786666552225748,8.899999904632569,9.039999923706056,9.183333269755046,-1.3228386172614894,0.0306748480615369,-0.0238095021842549,0.0178572117876876,-0.029761906113484,Capital Goods,1.0,0.7009497980117798
2023-02-27,8.100000381469727,8.399999618530273,8.050000190734863,8.399999618530273,47631704,8.269999885559082,8.549999904632568,8.723333231608073,8.857499933242797,8.963999938964843,9.118333276112876,-1.3360162411647576,-0.0357141965100513,0.0370369411027253,0.0370369411027253,-0.0061728627629756,Capital Goods,1.0,0.7009498990058899
2023-02-28,8.199999809265137,8.300000190734863,8.050000190734863,8.149999618530273,33919586,8.229999923706055,8.489999866485595,8.673333231608073,8.777499914169312,8.90199993133545,9.058333269755046,-1.3316237138272164,0.0123456077883869,-0.0060975843777908,0.0121951687555816,-0.018292636831624,Capital Goods,1.0,0.700949949502945
2023-03-01,8.399999618530273,8.600000381469727,8.199999809265137,8.25,55018196,8.249999809265137,8.429999828338623,8.633333206176758,8.737499904632568,8.851999931335449,9.004999923706055,-1.3228386172614894,0.0243902212094149,-0.0178570982550256,0.0238096157169167,-0.0238095021842549,Capital Goods,1.0,0.7009499747514725
2023-03-02,8.25,8.449999809265137,8.199999809265137,8.399999618530273,45131745,8.269999885559082,8.364999866485595,8.569999885559081,8.689999914169311,8.80199993133545,8.95333325068156,-1.3294274292131236,-0.0178570982550256,0.0181817719430634,0.0242424011230468,-0.0060606291799834,Capital Goods,1.0,0.7009499873757362
2023-03-03,8.5,8.75,8.300000190734863,8.300000190734863,96295154,8.289999961853027,8.324999904632568,8.526666577657064,8.662499904632568,8.77799991607666,8.914999930063884,-1.3184460480333036,0.0303030303030303,-0.0235293893253102,0.0294117647058822,-0.0235293893253102,Capital Goods,1.0,0.70095
2023-03-06,8.600000381469727,8.899999618530273,8.5,8.550000190734863,75423846,8.389999961853027,8.329999923706055,8.49666659037272,8.639999914169312,8.763999938964844,8.868333276112875,-1.3140534788051177,0.0117647507611443,-0.0058139754089543,0.0348836306690114,-0.0116279508179087,Capital Goods,1.0,0.7681
2023-03-08,8.600000381469727,8.699999809265137,8.449999809265137,8.550000190734863,39328106,8.470000076293946,8.35,8.483333269755045,8.622499942779541,8.715999946594238,8.829999955495198,-1.3140534788051177,0.0,-0.0058139754089543,0.0116278399255513,-0.0174419262268631,Capital Goods,1.0,0.801675
2023-03-09,8.699999809265137,8.949999809265137,8.649999618530273,8.699999809265137,74757405,8.530000114440918,8.389999961853027,8.463333257039388,8.607499933242797,8.695999946594238,8.79833329518636,-1.3096609514675768,0.0116278399255513,0.0,0.028735632813895,-0.0057471484863269,Capital Goods,1.0,0.8184625000000001
2023-03-10,8.399999618530273,8.649999618530273,8.350000381469727,8.600000381469727,51783687,8.560000038146972,8.414999961853027,8.429999923706054,8.567499923706055,8.663999938964844,8.761666615804037,-1.3228386172614894,-0.034482781300222,0.0238096157169167,0.0297619061134841,-0.0059522903965673,Capital Goods,1.0,0.8268562500000001
2023-03-13,8.100000381469727,8.5,8.0,8.399999618530273,50754201,8.480000114440918,8.385000038146973,8.376666641235351,8.514999961853027,8.625999946594238,8.728333282470704,-1.3360162411647576,-0.0357141965100513,0.0370369411027253,0.0493826666286767,-0.0123457255259513,Capital Goods,1.0,0.8310531250000001
2023-03-14,7.949999809265137,8.199999809265137,7.699999809265137,8.149999618530273,52110143,8.35,8.369999980926513,8.336666615804036,8.459999942779541,8.58199993133545,8.69499994913737,-1.3426050950070365,-0.018518588288927,0.0251572093161627,0.0314465416349625,-0.0314465416349625,Capital Goods,1.0,0.8331515625000001
2023-03-15,7.949999809265137,8.149999618530273,7.75,7.800000190734863,59556915,8.219999885559082,8.344999980926513,8.306666628519695,8.417499923706055,8.541999931335448,8.633333269755045,-1.3426050950070365,0.0,-0.0188678769973629,0.0251572093161627,-0.0251572093161627,Capital Goods,1.0,0.8342007812500001
2023-03-16,7.900000095367432,8.0,7.699999809265137,8.0,56722948,8.059999942779541,8.295000028610229,8.279999955495198,8.362499928474426,8.497999935150146,8.589999945958455,-1.344801358675807,-0.0062892723392815,0.0126582156234666,0.0126582156234666,-0.0253164916060666,Capital Goods,1.0,0.8347253906250001
2023-03-17,8.0,8.149999618530273,7.900000095367432,7.949999809265137,40883551,7.980000019073486,8.27000002861023,8.269999980926514,8.317499947547912,8.449999942779542,8.549999952316284,-1.3404088103929437,0.0126582156234666,-0.0062500238418579,0.0187499523162841,-0.012499988079071,Capital Goods,1.0,0.8349876953125001
2023-03-20,7.75,8.0,7.699999809265137,8.0,42986085,7.909999942779541,8.19500002861023,8.226666673024495,8.259999966621399,8.39399995803833,8.506666612625121,-1.3513901915727633,-0.03125,0.032258064516129,0.032258064516129,-0.0064516375141758,Capital Goods,1.0,0.8351188476562501
2023-03-21,7.800000190734863,7.900000095367432,7.75,7.849999904632568,27594112,7.880000019073487,8.115000009536743,8.206666660308837,8.222499966621399,8.34399995803833,8.464999945958455,-1.3491939069586705,0.0064516375141759,0.0064102195737247,0.0128205002804169,-0.0064102807066922,Capital Goods,1.0,0.8351844238281251
2023-03-22,7.800000190734863,7.949999809265137,7.800000190734863,7.849999904632568,22956081,7.850000095367432,8.034999990463257,8.180000019073486,8.192499995231628,8.30399995803833,8.42666662534078,-1.3491939069586705,0.0,0.0064102195737247,0.0192307198541417,0.0,Capital Goods,1.0,0.8352172119140626
2023-03-23,7.75,7.900000095367432,7.699999809265137,7.800000190734863,23864906,7.820000076293946,7.940000009536743,8.136666711171468,8.164999985694886,8.25399995803833,8.384999958674113,-1.3513901915727633,-0.0064102807066922,0.0064516375141758,0.0193548510151524,-0.0064516375141758,Capital Goods,1.0,0.8352336059570313
2023-03-24,7.550000190734863,7.800000190734863,7.5,7.75,36581412,7.730000114440918,7.855000066757202,8.09000005722046,8.135000014305115,8.199999980926513,8.329999971389771,-1.3601752881384903,-0.0258064270019531,0.0264900402930545,0.0331125819449371,-0.0066225416518825,Capital Goods,1.0,0.8352418029785157
2023-03-27,7.199999809265137,7.599999904632568,7.150000095367432,7.599999904632568,46753705,7.6200000762939455,7.765000009536743,8.003333377838135,8.075000023841858,8.131999988555908,8.2649999777476,-1.3755492385464962,-0.0463576652487024,0.0555555702727521,0.0555555702727521,-0.0069444048919784,Capital Goods,1.0,0.8352459014892579
2023-03-28,7.050000190734863,7.349999904632568,6.949999809265137,7.25,55049453,7.470000076293945,7.6750000476837155,7.900000031789144,8.022500014305114,8.071999988555909,8.198333311080933,-1.3821380504981302,-0.0208332809033203,0.0283687665041452,0.0425531497562179,-0.0141844508885471,Capital Goods,1.0,0.835247950744629
2023-03-29,7.949999809265137,8.100000381469727,7.050000190734863,7.099999904632568,131787323,7.5,7.6750000476837155,7.856666660308837,8.010000014305115,8.053999996185302,8.169999965031941,-1.3426050950070365,0.127659516905128,-0.1069182295629688,0.0188679969563994,-0.1132075019022503,Capital Goods,1.0,0.8352489753723145
2023-03-31,7.900000095367432,8.25,7.849999904632568,8.050000190734863,61243637,7.530000019073486,7.6750000476837155,7.803333346048991,7.985000038146973,8.037999992370606,8.133333301544189,-1.344801358675807,-0.0062892723392815,0.0189873536147666,0.0443037848617,-0.0063291379912999,Capital Goods,1.0,0.8352494876861573
2023-04-03,8.100000381469727,8.199999809265137,7.900000095367432,7.900000095367432,38896680,7.640000057220459,7.685000085830689,7.783333396911621,7.977500057220459,8.036000022888183,8.106666660308838,-1.3360162411647576,0.0253164916060666,-0.0246913921831205,0.012345607788387,-0.0246913921831205,Capital Goods,1.0,0.8352497438430786
2023-04-05,8.100000381469727,8.300000190734863,8.0,8.149999618530273,34055807,7.820000171661377,7.720000123977661,7.783333396911621,7.957500076293945,8.024000053405763,8.080000019073486,-1.3360162411647576,0.0,0.0061727450254112,0.0246913333143383,-0.0123457255259513,Capital Goods,1.0,0.8352498719215393
2023-04-06,8.149999618530273,8.300000190734863,8.050000190734863,8.149999618530273,32437850,8.040000057220459,7.755000066757202,7.796666717529296,7.935000038146972,8.026000022888184,8.066666666666666,-1.3338199984413095,0.0061727450254112,0.0,0.0184049790460776,-0.0122698690154593,Capital Goods,1.0,0.8352499359607697
2023-04-10,8.050000190734863,8.199999809265137,8.0,8.199999809265137,22032132,8.060000133514404,7.780000066757202,7.803333409627279,7.907500028610229,8.020000038146973,8.055000019073486,-1.3382125257788506,-0.0122698690154593,0.0186334925436293,0.0186334925436293,-0.0062112036708286,Capital Goods,1.0,0.8352499679803849
2023-04-11,8.149999618530273,8.350000381469727,8.0,8.100000381469727,44136206,8.110000038146973,7.820000028610229,7.820000044504801,7.880000019073487,8.010000038146973,8.05,-1.3338199984413095,0.0124222888728008,-0.0061348760001002,0.0245399720614367,-0.0184048620308185,Capital Goods,1.0,0.8352499839901925
2023-04-12,8.100000381469727,8.25,8.050000190734863,8.149999618530273,37352480,8.110000038146973,7.875000047683716,7.826666736602784,7.865000057220459,8.004000053405761,8.048333358764648,-1.3360162411647576,-0.0061348760001001,0.0061727450254112,0.0185184705513625,-0.0061728627629756,Capital Goods,1.0,0.8352499919950962
2023-04-13,8.050000190734863,8.25,8.0,8.149999618530273,49318062,8.1,7.960000085830688,7.846666749318441,7.8625000476837155,7.986000061035156,8.036666711171469,-1.3382125257788506,-0.0061728627629756,0.0124222888728007,0.0248446962144579,-0.0062112036708286,Capital Goods,1.0,0.8352499959975481
2023-04-17,8.149999618530273,8.199999809265137,7.949999809265137,8.0,45874702,8.1,8.07000002861023,7.870000044504802,7.872500038146972,7.968000030517578,8.03833335240682,-1.3338199984413095,0.0124222888728008,-0.0184048620308185,0.0061349930153591,-0.0245398550461777,Capital Goods,1.0,0.8352499979987741
2023-04-18,8.050000190734863,8.199999809265137,8.0,8.149999618530273,39250925,8.1,8.080000066757203,7.886666711171468,7.877500057220459,7.946000022888183,8.033333365122477,-1.3382125257788506,-0.0122698690154593,0.0124222888728007,0.0186334925436293,-0.0062112036708286,Capital Goods,1.0,0.8352499989993871
2023-04-19,8.0,8.149999618530273,7.949999809265137,8.0,36980183,8.070000076293946,8.09000005722046,7.903333377838135,7.882500052452087,7.918000030517578,8.020000044504801,-1.3404088103929437,-0.0062112036708285,0.0,0.0187499523162841,-0.0062500238418579,Capital Goods,1.0,0.8352499994996936
2023-04-20,7.949999809265137,8.100000381469727,7.949999809265137,8.050000190734863,18933562,8.039999961853027,8.075,7.9300000190734865,7.880000042915344,7.900000038146973,8.010000038146973,-1.3426050950070365,-0.0062500238418579,0.0125786646375996,0.0188679969563994,0.0,Capital Goods,1.0,0.8352499997498468
2023-04-21,7.949999809265137,8.050000190734863,7.949999809265137,8.0,12324483,8.019999885559082,8.059999942779541,7.980000019073486,7.890000033378601,7.894000015258789,7.991666698455811,-1.3426050950070365,0.0,0.0062893323187998,0.0125786646375996,0.0,Capital Goods,1.0,0.8352499998749234
2023-04-24,7.949999809265137,8.100000381469727,7.900000095367432,8.0,31696681,7.979999923706055,8.039999961853027,8.039999993642171,7.897500014305114,7.894000015258789,7.970000012715658,-1.3426050950070365,0.0,0.0062893323187998,0.0188679969563994,-0.0062892723392815,Capital Goods,1.0,0.8352499999374617
2023-04-25,8.149999618530273,8.300000190734863,7.900000095367432,7.949999809265137,82252903,7.999999809265136,8.049999904632568,8.053333314259847,7.914999985694886,7.902000007629394,7.954999987284342,-1.3338199984413095,0.0251572093161627,-0.0245398550461777,0.0184049790460776,-0.0306747895539074,Capital Goods,1.0,0.8352499999687308
2023-04-26,8.199999809265137,8.75,8.100000381469727,8.25,140422847,8.039999771118165,8.054999923706054,8.07333329518636,7.937499976158142,7.913999996185303,7.938333320617676,-1.3316237138272164,0.0061349930153591,0.0060975843777908,0.0670731955522023,-0.0121950524538331,Capital Goods,1.0,0.8352499999843654
2023-04-27,8.199999809265137,8.25,8.100000381469727,8.199999809265137,45358977,8.089999771118164,8.064999866485596,8.079999923706055,7.969999957084656,7.921999988555908,7.931666660308838,-1.3316237138272164,0.0,0.0,0.0060975843777908,-0.0121950524538331,Capital Goods,1.0,0.8352499999921827
2023-04-28,8.300000190734863,8.449999809265137,8.149999618530273,8.25,57266827,8.15999984741211,8.089999866485595,8.09333324432373,8.024999976158142,7.943999996185303,7.938333320617676,-1.3272311445990306,0.0121951687555817,-0.0060241192272112,0.0180722427811164,-0.0180723576816338,Capital Goods,1.0,0.8352499999960914
2023-05-02,8.100000381469727,8.399999618530273,7.900000095367432,8.350000381469727,91311768,8.189999961853028,8.084999942779541,8.089999961853028,8.077499985694885,7.956000003814697,7.943333339691162,-1.3360162411647576,-0.0240963620083277,0.0308641960773139,0.0370369411027253,-0.0246913921831205,Capital Goods,1.0,0.8352499999980457
2023-05-03,8.100000381469727,8.300000190734863,8.0,8.100000381469727,58132884,8.180000114440919,8.089999961853028,8.093333307902018,8.085000014305114,7.968000011444092,7.948333358764648,-1.3360162411647576,0.0,0.0,0.0246913333143383,-0.0123457255259513,Capital Goods,1.0,0.8352499999990228
2023-05-04,8.600000381469727,8.699999809265137,8.199999809265137,8.199999809265137,197115631,8.260000228881836,8.15,8.123333358764649,8.12000002861023,8.00200002670288,7.971666701634725,-1.3140534788051177,0.061728392154628,-0.0465116923792775,0.0116278399255513,-0.0465116923792775,Capital Goods,1.0,0.8352499999995114
2023-05-05,8.649999618530273,8.899999618530273,8.5,8.649999618530273,122285005,8.350000190734864,8.219999980926513,8.159999974568684,8.147499990463256,8.046000003814697,7.993333355585734,-1.3118572360816696,0.0058138645165969,0.0,0.0289017353786285,-0.0173409971266287,Capital Goods,1.0,0.8352499999997558
2023-05-08,8.550000190734863,8.800000190734863,8.449999809265137,8.699999809265137,70124868,8.400000190734863,8.280000019073487,8.193333307902018,8.169999980926514,8.100000019073486,8.02000002861023,-1.3162497634192107,-0.0115606280006288,0.0175438146414101,0.0292397654295857,-0.0116959507881755,Capital Goods,1.0,0.8352499999998779
2023-05-09,8.399999618530273,8.800000190734863,8.300000190734863,8.600000381469727,83194488,8.460000038146973,8.325,8.209999974568685,8.182499980926513,8.153999996185302,8.040000009536744,-1.3228386172614894,-0.0175439261822633,0.0238096157169167,0.0476191179011715,-0.0119046943257965,Capital Goods,1.0,0.835249999999939
2023-05-10,8.350000381469727,8.449999809265137,8.199999809265137,8.399999618530273,45546501,8.510000038146973,8.345000076293946,8.229999987284343,8.197499990463257,8.170000019073486,8.058333349227905,-1.3250348599849378,-0.0059522903965673,0.0059879323085427,0.0119759788295732,-0.0179641395630915,Capital Goods,1.0,0.8352499999999695
2023-05-11,8.350000381469727,8.5,8.300000190734863,8.399999618530273,35885308,8.460000038146973,8.360000133514404,8.253333346048992,8.20750002861023,8.188000030517578,8.078333361943562,-1.3250348599849378,0.0,0.0059879323085427,0.0179640253506037,-0.0059880465210304,Capital Goods,1.0,0.8352499999999847
2023-05-12,8.25,8.399999618530273,8.199999809265137,8.399999618530273,32986632,8.380000114440918,8.365000152587891,8.27333335876465,8.215000009536743,8.194000015258789,8.101666688919067,-1.3294274292131236,-0.011976093042061,0.0181817719430634,0.0181817719430634,-0.0060606291799834,Capital Goods,1.0,0.8352499999999924
2023-05-15,8.25,8.350000381469727,8.199999809265137,8.25,51475490,8.320000076293946,8.360000133514404,8.293333371480307,8.225,8.2,8.136666695276896,-1.3294274292131236,0.0,0.0,0.0121212583599668,-0.0060606291799834,Capital Goods,1.0,0.8352499999999963
2023-05-16,8.199999809265137,8.350000381469727,8.199999809265137,8.25,25372907,8.280000114440918,8.370000076293945,8.310000038146972,8.227500009536744,8.202000007629394,8.175000015894572,-1.3316237138272164,-0.0060606291799834,0.0060975843777908,0.0182927531333725,0.0,Capital Goods,1.0,0.8352499999999982
2023-05-17,8.649999618530273,8.800000190734863,8.199999809265137,8.25,137647805,8.339999961853028,8.425,8.343333371480306,8.257499980926514,8.225999984741211,8.198333342870077,-1.3118572360816696,0.0548780267966206,-0.0462427325052573,0.0173411073779996,-0.0520231016312572,Capital Goods,1.0,0.8352499999999992
2023-05-18,8.5,9.0,8.399999618530273,8.850000381469727,133866221,8.369999885559082,8.414999961853027,8.363333384195963,8.282499980926513,8.24,8.218333339691162,-1.3184460480333036,-0.0173409971266287,0.0411765154670267,0.0588235294117647,-0.0117647507611442,Capital Goods,1.0,0.8352499999999996
2023-05-19,8.5,8.649999618530273,8.350000381469727,8.600000381469727,58371953,8.419999885559083,8.4,8.38333339691162,8.309999990463258,8.25599998474121,8.231666660308838,-1.3184460480333036,0.0,0.0117647507611442,0.017647013944738,-0.017647013944738,Capital Goods,1.0,0.83525
2023-05-22,9.25,9.600000381469727,8.5,8.600000381469727,317257961,8.619999885559082,8.469999980926513,8.446666717529297,8.375,8.303999977111816,8.269999980926514,-1.2855019044938438,0.088235294117647,-0.0702702290302997,0.0378378790778082,-0.081081081081081,Capital Goods,1.0,0.8514
2023-05-23,9.449999809265137,9.649999618530273,9.149999618530273,9.449999809265137,161014013,8.869999885559082,8.575,8.536666679382325,8.45,8.35599998474121,8.313333320617676,-1.2767168079281168,0.0216216010016364,0.0,0.0211640014076031,-0.0317460525703642,Capital Goods,1.0,0.859475
2023-05-24,10.050000190734863,10.199999809265137,9.550000190734863,9.550000190734863,277827881,9.15,8.744999980926513,8.666666666666666,8.545000028610229,8.43599998474121,8.379999987284343,-1.2503614763402913,0.0634921051407285,-0.0497512428368859,0.0149253348938798,-0.0497512428368859,Capital Goods,1.0,0.8635125
2023-05-25,9.800000190734863,10.300000190734863,9.699999809265137,10.199999809265137,165323748,9.410000038146972,8.889999961853027,8.746666653951008,8.625000047683717,8.507999992370605,8.435000006357829,-1.261342857520111,-0.0248756214184429,0.0408162868107331,0.0510204071702682,-0.0102041203595352,Capital Goods,1.0,0.8655312500000001
2023-05-26,10.0,10.149999618530273,9.449999809265137,9.800000190734863,149372185,9.710000038146973,9.064999961853028,8.836666679382324,8.71500005722046,8.59,8.498333326975505,-1.252557760954384,0.0204081434053665,-0.0199999809265136,0.0149999618530274,-0.0550000190734862,Capital Goods,1.0,0.8665406250000001
2023-05-29,10.350000381469727,10.449999809265137,10.100000381469727,10.149999618530273,179747106,9.93000011444092,9.275,8.956666692097981,8.817500066757201,8.686000022888184,8.575,-1.2371838105463784,0.0350000381469726,-0.0193237444993265,0.0096617801072207,-0.0241545884817154,Capital Goods,1.0,0.8670453125
2023-05-30,10.649999618530273,10.75,10.199999809265137,10.350000381469727,294083000,10.170000076293944,9.519999980926514,9.10666669209798,8.94500002861023,8.794000015258788,8.658333333333333,-1.2240061866431102,0.0289854324641045,-0.0281689434559762,0.0093897075165836,-0.0422535047308516,Capital Goods,1.0,0.8672976562500001
2023-05-31,11.75,11.850000381469727,10.649999618530273,10.899999618530273,751320632,10.510000038146972,9.830000019073486,9.333333333333334,9.127500009536742,8.938000030517578,8.781666660308838,-1.1756880926956448,0.1032864244948704,-0.0723404579974235,0.008510670763381,-0.0936170537421043,Capital Goods,1.0,0.8674238281250001
2023-06-01,11.149999618530273,12.0,11.050000190734863,11.850000381469727,316019955,10.779999923706054,10.094999980926511,9.51999994913737,9.25499997138977,9.056000022888185,8.88666664759318,-1.2020434242834706,-0.0510638622527426,0.0627803396312334,0.0762332206771652,-0.0089685588535106,Capital Goods,1.0,0.8674869140625001
2023-06-02,11.0,11.399999618530273,10.850000381469727,11.25,258642228,10.979999923706057,10.344999980926511,9.703333282470703,9.372499990463258,9.16800003051758,8.988333320617675,-1.2086322362351043,-0.0134528810459318,0.0227272727272727,0.0363636016845703,-0.0136363289572976,Capital Goods,1.0,0.8675184570312501
2023-06-05,11.399999618530273,11.5,11.0,11.100000381469727,272291792,11.189999771118163,10.55999994277954,9.913333257039389,9.514999961853029,9.292000007629394,9.103333314259848,-1.1910620431036505,0.0363636016845703,-0.0263157234297543,0.0087719635803478,-0.0350876870101021,Capital Goods,1.0,0.8675342285156251
2023-06-06,12.199999809265137,12.399999618530273,11.350000381469727,11.550000190734863,533178450,11.499999809265136,10.83499994277954,10.179999923706054,9.704999971389771,9.455999984741212,9.244999980926512,-1.155921614950098,0.0701754576758487,-0.0532786580895385,0.0163934272452406,-0.0696720853347792,Capital Goods,1.0,0.8675421142578126
2023-06-07,14.449999809265137,14.600000381469727,12.5,12.550000190734863,346243409,12.039999771118165,11.274999904632567,10.56666660308838,10.00999994277954,9.709999961853027,9.454999987284342,-1.0570891843317185,0.1844262323915174,-0.1314878646096604,0.0103806625733249,-0.1349480854674354,Capital Goods,1.0,0.8675460571289063
2023-06-08,13.350000381469727,14.199999809265137,13.199999809265137,14.199999809265137,522427881,12.479999923706057,11.629999923706055,10.889999961853029,10.25999994277954,9.899999961853029,9.626666673024497,-1.1054072363885394,-0.0761245288799316,0.063670367303902,0.063670367303902,-0.0112359975968836,Capital Goods,1.0,0.8675480285644532
2023-06-09,14.0,14.199999809265137,13.300000190734863,13.5,293778902,13.079999923706056,12.029999923706054,11.256666628519694,10.547499942779542,10.113999977111815,9.820000012715658,-1.0768556620772656,0.0486891086110001,-0.0357142857142857,0.0142857006617955,-0.0499999863760811,Capital Goods,1.0,0.86755
2023-06-12,15.300000190734863,15.399999618530273,14.100000381469727,14.149999618530273,461323199,13.860000038146971,12.524999904632567,11.659999974568684,10.899999952316284,10.383999977111817,10.05333334604899,-1.019752471564073,0.0928571564810616,-0.0751634351547909,0.0065359102319466,-0.0784313591049373,Capital Goods,1.0,0.8400000000000001
2023-06-13,15.100000381469727,15.75,14.75,15.399999618530273,390548184,14.44000015258789,12.969999980926511,12.036666679382323,11.244999980926512,10.652000007629397,10.286666679382323,-1.0285375681298,-0.0130718827955472,0.0198674986411719,0.0430463312655231,-0.0231788326243512,Capital Goods,1.0,0.826225
2023-06-14,14.399999618530273,15.350000381469727,14.149999618530273,15.25,222177502,14.43000011444092,13.234999942779542,12.326666641235352,11.532499980926511,10.893999977111816,10.496666653951008,-1.0592854689458115,-0.0463576652487024,0.0590278058324338,0.0659722769517971,-0.0173611115710234,Capital Goods,1.0,0.8193375
2023-06-15,14.449999809265137,14.600000381469727,14.0,14.399999618530273,178864927,14.65,13.564999961853028,12.636666615804035,11.829999971389771,11.137999954223632,10.691666634877524,-1.0570891843317185,0.0034722355596816,-0.0034602208577749,0.0103806625733249,-0.0311418557235276,Capital Goods,1.0,0.8158937500000001
2023-06-16,14.75,15.149999618530273,14.550000190734863,14.550000190734863,282491085,14.8,13.939999961853028,12.953333282470703,12.142499971389771,11.397999954223632,10.894999980926514,-1.0439115185378058,0.0207612591484262,-0.0135593091027211,0.0271186182054423,-0.0135593091027211,Capital Goods,1.0,0.814171875
2023-06-19,14.550000190734863,15.050000190734863,14.25,14.949999809265137,163607569,14.65,14.255000019073488,13.233333269755043,12.407499980926511,11.649999961853029,11.094999980926511,-1.0526966151035326,-0.0135593091027211,0.0274913823564748,0.0343642607179064,-0.0206185695396688,Capital Goods,1.0,0.8133109375
2023-06-20,14.25,14.699999809265137,13.649999618530273,14.649999618530273,196840707,14.479999923706057,14.460000038146973,13.47333329518636,12.647499990463256,11.891999969482422,11.289999993642173,-1.0658742808974455,-0.0206185695396689,0.028070148668791,0.0315789339835184,-0.0421052899277001,Capital Goods,1.0,0.81288046875
2023-06-21,14.0,14.550000190734863,13.850000381469727,14.300000190734863,134315767,14.4,14.41500005722046,13.62333329518636,12.844999980926511,12.10599998474121,11.478333314259848,-1.0768556620772656,-0.0175438596491228,0.0214285850524902,0.039285727909633,-0.0107142584664481,Capital Goods,1.0,0.812665234375
2023-06-22,13.600000381469727,14.100000381469727,13.300000190734863,14.050000190734863,150787608,14.230000114440918,14.44000005722046,13.786666679382323,13.034999990463255,12.31,11.653333314259848,-1.0944258552087194,-0.0285714013235909,0.0330882203413958,0.0367647048511308,-0.0220588369353003,Capital Goods,1.0,0.8125576171875
2023-06-23,13.850000381469727,14.149999618530273,13.25,13.600000381469727,133077725,14.050000190734863,14.425000095367432,13.97666670481364,13.227500009536744,12.524000015258787,11.839999993642172,-1.0834444740288995,0.0183823524255653,-0.0180505410190805,0.0216605941370169,-0.043321325988733,Capital Goods,1.0,0.8125038085937499
2023-06-26,14.0,14.25,13.649999618530273,13.949999809265137,93075149,13.94000015258789,14.295000076293944,14.150000063578288,13.409999990463255,12.714000015258788,12.031666660308838,-1.0768556620772656,0.0108302970685085,-0.0035714421953473,0.0178571428571427,-0.0250000272478375,Capital Goods,1.0,0.8124769042968749
2023-06-27,14.100000381469727,14.399999618530273,14.0,14.050000190734863,81222094,13.910000228881836,14.195000076293946,14.276666768391928,13.58250002861023,12.900000038146972,12.228333346048991,-1.0724630928490797,0.0071428843906947,-0.0035461127221367,0.0212765410598716,-0.0070922254442735,Capital Goods,1.0,0.8124634521484375
2023-06-28,14.75,15.0,14.199999809265137,14.199999809265137,204357357,14.060000228881837,14.230000114440918,14.296666781107584,13.732500028610229,13.08800003051758,12.431666692097982,-1.0439115185378058,0.0460992624783546,-0.0372881485243975,0.0169491525423728,-0.0372881485243975,Capital Goods,1.0,0.8124567260742188
2023-06-30,15.300000190734863,15.649999618530273,14.949999809265137,15.050000190734863,260744421,14.400000190734865,14.31500015258789,14.426666768391929,13.94000005722046,13.308000030517578,12.658333365122475,-1.019752471564073,0.0372881485243975,-0.0163398690773475,0.0228757793092941,-0.0228758416409481,Capital Goods,1.0,0.8124533630371094
2023-07-03,16.799999237060547,16.799999237060547,15.75,15.75,389920926,14.989999961853028,14.520000076293943,14.613333384195965,14.230000019073486,13.58,12.935000006357829,-0.9538642263757984,0.0980391521324313,-0.0624999574252518,0.0,-0.0624999574252518,Capital Goods,1.0,0.81245
2023-07-04,18.299999237060547,18.450000762939453,17.149999618530273,17.450000762939453,701973517,15.849999809265135,14.894999980926514,14.813333320617676,14.575,13.897999954223632,13.23666664759318,-0.8879759392968788,0.0892857183404522,-0.046448005986782,0.0081968050345668,-0.0628415118292099,Capital Goods,1.0,0.7838750000000001
2023-07-05,17.399999618530273,18.149999618530273,17.399999618530273,17.950000762939453,264737406,16.509999656677245,15.20999994277954,14.96666660308838,14.834999990463256,14.167999954223632,13.501666641235351,-0.9275088947879724,-0.0491803090738727,0.0316092618659284,0.0431034492208426,0.0,Capital Goods,1.0,0.7695875000000001
2023-07-06,17.649999618530273,17.950000762939453,16.649999618530273,16.799999237060547,415023310,17.0899995803833,15.574999904632568,15.183333269755046,14.994999980926512,14.403999938964844,13.7549999554952,-0.9165275136081528,0.0143678164069475,-0.0481586628804985,0.0169972323452185,-0.0566572250205674,Capital Goods,1.0,0.7624437500000001
2023-07-07,17.850000381469727,18.299999237060547,17.450000762939453,17.549999237060547,267551084,17.599999618530273,15.999999904632569,15.409999974568684,15.219999980926511,14.67199996948242,14.02333329518636,-0.9077423751517808,0.0113314882301457,-0.0168067864424593,0.0252100193822948,-0.0224089417356829,Capital Goods,1.0,0.7588718750000001
2023-07-10,17.350000381469727,18.100000381469727,17.200000762939453,18.049999237060547,142507601,17.70999984741211,16.34999990463257,15.583333333333334,15.3875,14.92599998474121,14.26833330790202,-0.9297051375114208,-0.0280112038831693,0.040345754478394,0.0432276647556169,-0.0086455109643961,Capital Goods,1.0,0.7570859375000001
2023-07-11,17.950000762939453,18.200000762939453,17.049999237060547,17.5,369539889,17.64000015258789,16.744999980926515,15.810000038146972,15.52000002861023,15.188000030517578,14.521666653951009,-0.903349805923595,0.0345821537912208,-0.0250696793210476,0.0139275760096992,-0.0501393586420952,Capital Goods,1.0,0.7561929687500001
2023-07-12,18.0,18.549999237060547,17.600000381469727,18.0,201949606,17.760000228881836,17.13499994277954,16.060000038146974,15.665000009536744,15.420000038146974,14.766666666666667,-0.9011535632001468,0.0027854726983509,0.0,0.0305555131700303,-0.0222222010294596,Capital Goods,1.0,0.7557464843750001
2023-07-13,17.549999237060547,18.350000381469727,17.450000762939453,18.149999618530273,149133001,17.74000015258789,17.414999866485594,16.29666665395101,15.822499990463257,15.544000015258788,14.959999974568683,-0.9209200828363384,-0.0250000423855251,0.0341880574104356,0.0455841127741936,-0.0056979190010405,Capital Goods,1.0,0.7555232421875001
2023-07-14,17.700000762939453,17.899999618530273,17.299999237060547,17.649999618530273,81517693,17.710000228881835,17.654999923706054,16.570000012715656,15.985000038146971,15.718000030517578,15.17833334604899,-0.914331187103415,0.0085470958632377,-0.0028249232911827,0.0112993698853156,-0.0225989552902413,Capital Goods,1.0,0.75541162109375
2023-07-17,18.200000762939453,18.450000762939453,18.100000381469727,18.25,129569292,17.88000030517578,17.795000076293945,16.86000003814697,16.157500076293946,15.886000061035157,15.418333371480308,-0.8923684247437751,0.0282485863529965,0.0027472107123402,0.0137362631604429,-0.0054945262240514,Capital Goods,1.0,0.7553558105468751
2023-07-18,17.899999618530273,18.299999237060547,17.799999237060547,18.299999237060547,89012544,17.870000076293945,17.755000114440918,17.120000012715657,16.325000047683716,15.990000038146972,15.635000038146972,-0.9055461324283328,-0.0164835786721542,0.0223463478801524,0.0223463478801524,-0.005586613608986,Capital Goods,1.0,0.7553279052734376
2023-07-19,17.850000381469727,18.100000381469727,17.799999237060547,18.0,48709437,17.84000015258789,17.800000190734863,17.370000012715657,16.5050000667572,16.100000038146973,15.823333390553792,-0.9077423751517808,-0.0027932535265971,0.0084033397940983,0.0140056019415846,-0.0028011845008746,Capital Goods,1.0,0.7553139526367189
2023-07-20,18.700000762939453,18.700000762939453,17.850000381469727,17.950000762939453,242575898,18.07000045776368,17.905000305175783,17.63333339691162,16.740000104904176,16.27200008392334,15.965000089009605,-0.8704056623841353,0.0476190679722405,-0.0401069502353382,0.0,-0.0454545639994997,Capital Goods,1.0,0.7553069763183595
2023-07-21,19.600000381469727,19.600000381469727,19.100000381469727,19.25,86292023,18.450000381469728,18.08000030517578,17.920000076293945,17.040000104904173,16.478000106811525,16.173333422342935,-0.8308727068930415,0.0481283198829561,-0.0178571619723346,0.0,-0.0255102035851341,Capital Goods,1.0,0.7553034881591798
2023-07-24,20.0,20.549999237060547,19.200000762939453,20.549999237060547,517944819,18.81000022888184,18.34500026702881,18.133333460489908,17.34750008583069,16.688000106811522,16.373333422342935,-0.8133025137615875,0.0204081434053665,0.0274999618530273,0.0274999618530273,-0.0399999618530273,Capital Goods,1.0,0.7553017440795899
2023-07-25,19.0,20.799999237060547,19.0,20.25,276540698,19.030000305175783,18.450000190734865,18.18000017801921,17.59750008583069,16.86600009918213,16.49666674931844,-0.8572280384808671,-0.05,0.0657894736842106,0.094736801950555,0.0,Capital Goods,1.0,0.755300872039795
2023-07-26,18.049999237060547,18.049999237060547,18.049999237060547,18.049999237060547,41086178,19.070000076293944,18.45500011444092,18.223333485921223,17.79500002861023,17.018000068664552,16.5950000445048,-0.8989573204766986,-0.050000040154708,0.0,0.0,0.0,Capital Goods,1.0,0.7553004360198976
2023-07-27,17.850000381469727,18.399999618530273,17.450000762939453,17.649999618530273,250669150,18.9,18.48500022888184,18.236666870117187,17.950000047683716,17.17200008392334,16.710000069936118,-0.9077423751517808,-0.0110802694761437,-0.0112045242949728,0.0308122815297811,-0.0224089417356829,Capital Goods,1.0,0.7553002180099488
2023-07-28,18.049999237060547,18.25,17.700000762939453,17.799999237060547,97658422,18.589999771118165,18.520000076293947,18.25000012715657,18.0875,17.350000038146973,16.83000005086263,-0.8989573204766986,0.01120441744071,-0.0138504160978963,0.0110803751464325,-0.0193904980008238,Capital Goods,1.0,0.7553001090049745
2023-07-31,18.950000762939453,18.950000762939453,18.049999237060547,18.200000762939453,123353716,18.37999992370605,18.595000076293942,18.35666681925456,18.195000076293944,17.554000053405762,16.970000076293946,-0.8594242812043154,0.0498615824886578,-0.0395778348181798,0.0,-0.0474934823031268,Capital Goods,1.0,0.7553000545024873
2023-08-01,19.299999237060547,19.850000381469727,19.100000381469727,19.549999237060547,167771796,18.439999771118163,18.73500003814697,18.446666717529297,18.245000076293945,17.766000022888182,17.128333377838135,-0.8440504145775991,0.0184695757271728,0.0129533683877014,0.0284974697487576,-0.0103626354143463,Capital Goods,1.0,0.7553000272512437
2023-08-02,18.5,19.350000381469727,18.350000381469727,19.350000381469727,229699866,18.52999992370605,18.8,18.480000050862632,18.30000009536743,17.942000007629396,17.2700000445048,-0.879190800840507,-0.0414507393101011,0.0459459665659311,0.0459459665659311,-0.0081080874881228,Capital Goods,1.0,0.7553000000000001
2023-08-03,17.950000762939453,18.450000762939453,17.700000762939453,18.450000762939453,122802683,18.55,18.725,18.50666681925456,18.31500015258789,18.07000003814697,17.401666736602785,-0.903349805923595,-0.0297296884897592,0.0278551520193985,0.0278551520193985,-0.0139275760096992,Capital Goods,1.0,0.6341000000000001
2023-08-04,18.399999618530273,18.799999237060547,18.0,18.0,241151653,18.620000076293945,18.604999923706053,18.55333340962728,18.34250011444092,18.19400001525879,17.56166671117147,-0.8835833700686929,0.0250695730620754,-0.0217391101534285,0.0217391101534285,-0.0217391101534285,Capital Goods,1.0,0.5735000000000001
2023-08-07,18.649999618530273,19.0,18.25,18.600000381469727,119709706,18.559999847412108,18.469999885559083,18.58333333333333,18.407500076293942,18.268000030517577,17.721666685740153,-0.872601988888873,0.0135869568034246,-0.0026809242940074,0.0187667768701707,-0.0214477011641781,Capital Goods,1.0,0.5432000000000001
2023-08-08,18.600000381469727,18.950000762939453,18.350000381469727,18.649999618530273,107177129,18.420000076293945,18.429999923706056,18.63000005086263,18.44000005722046,18.280000076293945,17.875000031789146,-0.8747982316123212,-0.0026809242940074,0.0026881309696293,0.0188172244242754,-0.0134408599393934,Capital Goods,1.0,0.5280500000000001
2023-08-09,19.5,19.5,18.899999618530273,18.950000762939453,204669757,18.620000076293945,18.575,18.74000002543132,18.51500005722046,18.364000091552736,18.05500001907349,-0.8352652761212274,0.0483870752726918,-0.028205089080028,0.0,-0.0307692503317807,Capital Goods,1.0,0.520475
2023-08-10,20.450000762939453,20.450000762939453,19.899999618530273,19.950000762939453,198521194,19.120000076293945,18.835000038146973,18.85666669209798,18.660000133514405,18.476000137329105,18.245000044504803,-0.7935359941253959,0.0487179878430488,-0.0244498768384461,0.0,-0.0268949204836177,Capital Goods,1.0,0.5166875
2023-08-11,20.200000762939453,21.25,19.799999237060547,20.75,193133275,19.480000305175786,19.050000190734863,18.896666717529296,18.785000133514405,18.57000015258789,18.408333396911623,-0.8045173753052157,-0.012224938419223,0.0272276839746272,0.0519801582872689,-0.0198020549886701,Capital Goods,1.0,0.5147937499999999
2023-08-14,20.049999237060547,20.200000762939453,19.299999237060547,19.549999237060547,110526997,19.76000022888184,19.16000003814697,18.9,18.87750005722046,18.678000106811524,18.51666673024496,-0.8111062710381394,-0.0074258178323493,-0.0249376568092729,0.0074813731464709,-0.0374064852139094,Capital Goods,1.0,0.513846875
2023-08-16,20.25,20.5,20.049999237060547,20.049999237060547,66006572,20.09000015258789,19.25500011444092,18.98333333333333,18.995000076293945,18.770000076293947,18.58166675567627,-0.8023211325817676,0.0099751007755536,-0.0098765808858989,0.0123456790123457,-0.0098765808858989,Capital Goods,1.0,0.5133734375000001
2023-08-17,19.700000762939453,20.0,19.399999618530273,19.850000381469727,130822363,20.13000030517578,19.375000190734863,19.0933334350586,19.08750009536743,18.838000106811524,18.65833346048991,-0.8264801376648556,-0.0271604561511381,0.0076141935391422,0.0152283870782847,-0.0152284838980085,Capital Goods,1.0,0.51313671875
2023-08-18,19.799999237060547,20.049999237060547,19.5,19.799999237060547,70016385,20.0,19.56000003814697,19.22333335876465,19.142500019073488,18.928000106811524,18.73000011444092,-0.8220876522179592,0.0050760644796123,0.0,0.0126262631127815,-0.0151514772030407,Capital Goods,1.0,0.513018359375
2023-08-21,19.899999618530273,20.149999618530273,19.799999237060547,20.100000381469727,71793107,19.939999771118163,19.710000038146973,19.34666671752929,19.15749998092652,19.01600006103516,18.79833342234293,-0.8176950829897733,0.0050505245112611,0.0100502897876046,0.0125628143111724,-0.0050251448938023,Capital Goods,1.0,0.5129591796874999
2023-08-22,20.850000381469727,20.850000381469727,19.950000762939453,19.950000762939453,189624524,20.1,19.93000011444092,19.47333335876465,19.2,19.122000045776367,18.9150000890096,-0.7759658009939419,0.0477387327211223,-0.0431654485402379,0.0,-0.0431654485402379,Capital Goods,1.0,0.51292958984375
2023-08-23,21.850000381469727,21.850000381469727,21.0,21.0,204874807,20.420000076293945,20.25500011444092,19.6433334350586,19.342500019073487,19.280000076293945,19.045000076293945,-0.7320402762746623,0.0479616298179419,-0.0389016186100658,0.0,-0.0389016186100658,Capital Goods,1.0,0.5129147949218751
2023-08-24,21.5,22.850000381469727,21.25,22.75,269657749,20.77999992370605,20.45500011444092,19.8433334350586,19.51500005722046,19.42600006103516,19.16166674296061,-0.747414226682668,-0.0160183238150673,0.058139534883721,0.0627907154171965,-0.0116279069767442,Capital Goods,1.0,0.5129073974609375
2023-08-25,22.399999618530273,22.549999237060547,21.549999237060547,21.649999618530273,166449370,21.3,20.65,20.14000002543132,19.74250001907349,19.57400001525879,19.323333422342937,-0.7078812711915742,0.041860447373501,-0.0334821434273403,0.0066964116555692,-0.0379464462475511,Capital Goods,1.0,0.5129036987304687
2023-08-28,23.5,23.5,23.25,23.399999618530273,192627964,22.020000076293947,20.979999923706053,20.480000050862632,20.01500005722046,19.73,19.51666673024496,-0.6595631772441087,0.0491071607233313,-0.0042553353816905,0.0,-0.0106382978723403,Capital Goods,1.0,0.5129018493652344
2023-08-29,24.649999618530273,24.649999618530273,23.950000762939453,24.0,203593052,22.77999992370605,21.439999961853022,20.88000005086263,20.3,19.91599998474121,19.73166669209798,-0.609048840573195,0.0489361539800116,-0.026369153289627,0.0,-0.0283975199360492,Capital Goods,1.0,0.5129009246826173
2023-08-30,25.850000381469727,25.850000381469727,25.350000381469727,25.850000381469727,88452282,23.57999992370605,22.0,21.363333384195965,20.62750005722046,20.19,19.996666717529298,-0.5563381773975435,0.0486815732864097,0.0,0.0,-0.0193423594824555,Capital Goods,1.0,0.5129004623413087
2023-08-31,24.549999237060547,27.049999237060547,24.549999237060547,26.5,413958502,24.189999771118163,22.48499984741211,21.7,20.93000001907349,20.45,20.22000001271566,-0.6134414098013808,-0.0502901789255318,0.0794297687796152,0.1018329970546807,0.0,Capital Goods,1.0,0.5129002311706543
2023-09-01,25.0,25.75,23.950000762939453,24.549999237060547,209113483,24.70999984741211,23.00499992370605,22.003333282470702,21.28249998092652,20.735999984741213,20.429999987284344,-0.5936748901651892,0.0183299705468069,-0.0180000305175781,0.03,-0.0419999694824219,Capital Goods,1.0,0.5129001155853272
2023-09-04,24.100000381469727,25.700000762939453,23.850000381469727,25.450000762939453,189499859,24.82999992370605,23.425,22.26333325703939,21.567500019073485,20.978000030517578,20.579999987284346,-0.633207845656283,-0.0359999847412109,0.0560166124523271,0.0663900562715322,-0.0103734438192052,Capital Goods,1.0,0.5129000577926637
2023-09-05,23.600000381469727,24.899999618530273,23.5,24.600000381469727,131411045,24.620000076293945,23.7,22.5,21.81500005722046,21.16400001525879,20.7,-0.6551706080159229,-0.0207468876384103,0.0423728806710181,0.0550847125443811,-0.004237304231073,Capital Goods,1.0,0.5129000288963319
2023-09-06,23.799999237060547,24.399999618530273,23.399999618530273,23.799999237060547,107987698,24.20999984741211,23.89499988555908,22.73666661580404,22.075,21.34400001525879,20.859999974568684,-0.6463855533408406,0.00847452764229,0.0,0.0252101008698952,-0.0168067071996963,Capital Goods,1.0,0.5129000144481659
2023-09-07,24.100000381469727,24.950000762939453,23.549999237060547,24.100000381469727,170673034,24.120000076293945,24.15499992370605,23.02999992370605,22.30500001907349,21.568000030517577,21.061666679382324,-0.633207845656283,0.0126050905052983,0.0,0.0352697248139168,-0.0228216238881087,Capital Goods,1.0,0.512900007224083
2023-09-08,24.049999237060547,24.299999237060547,23.649999618530273,24.200000762939453,87741294,23.929999923706056,24.31999988555908,23.31333325703939,22.48499994277954,21.81199996948242,21.26833330790202,-0.6354041721610206,-0.0020747362496983,0.0062370698809735,0.0103950107247718,-0.0166320012981073,Capital Goods,1.0,0.5129000036120415
2023-09-11,24.0,24.399999618530273,23.75,24.299999237060547,93344063,23.90999984741211,24.36999988555908,23.58666661580404,22.674999904632568,22.03599998474121,21.466666666666665,-0.6376004148844688,-0.0020789704218991,0.0124999682108561,0.0166666507720947,-0.0104166666666666,Capital Goods,1.0,0.5129000018060208
2023-09-12,22.799999237060547,24.200000762939453,22.799999237060547,24.149999618530273,146034046,23.749999618530275,24.184999847412108,23.71666653951009,22.812499904632567,22.201999969482426,21.59499994913737,-0.6903110780601203,-0.0500000317891438,0.0592105450282363,0.0614035777511454,0.0,Capital Goods,1.0,0.5129000009030105
2023-09-13,22.149999618530273,22.5,21.700000762939453,22.200000762939453,236321372,23.41999969482422,23.814999771118163,23.73666648864746,22.907499885559083,22.34399993896484,21.689999961853022,-0.7188626523713941,-0.0285087561526635,0.0022573880483207,0.0158013718960483,-0.0203159757715913,Capital Goods,1.0,0.5129000004515052
2023-09-14,23.25,23.25,21.75,22.350000381469727,178268509,23.249999618530275,23.684999847412108,23.85333315531413,23.08499984741211,22.493999938964844,21.84833329518636,-0.6705445584239286,0.0496614176259166,-0.0387096610120547,0.0,-0.0645161290322581,Capital Goods,1.0,0.5129000002257527
2023-09-15,24.200000762939453,24.399999618530273,23.149999618530273,23.600000381469727,225766744,23.27999992370605,23.604999923706053,23.97333323160808,23.304999923706056,22.643999938964843,22.056666628519693,-0.6288152764280971,0.0408602478683635,-0.0247934034113165,0.0082644152597344,-0.0433884756738182,Capital Goods,1.0,0.5129000001128763
2023-09-18,24.75,25.100000381469727,24.5,24.700000762939453,142270040,23.429999923706056,23.669999885559083,24.05666656494141,23.54749994277954,22.825999908447265,22.26833330790202,-0.6046562713450091,0.0227272404843404,-0.0020201711943654,0.0141414295543322,-0.01010101010101,Capital Goods,1.0,0.5129000000564381
2023-09-20,25.850000381469727,25.950000762939453,24.5,24.950000762939453,166418138,24.04000015258789,23.89499988555908,24.136666615804035,23.79749994277954,23.057999954223632,22.508333333333333,-0.5563381773975435,0.0444444598573626,-0.0348162323113707,0.0038684866535403,-0.0522243853596791,Capital Goods,1.0,0.5129000000282191
2023-09-21,25.5,26.25,25.149999618530273,25.850000381469727,166438893,24.710000228881835,24.064999961853022,24.11333325703939,23.979999923706053,23.26799995422364,22.73833332061768,-0.5717121278055494,-0.013539666394768,0.0137255051556755,0.0294117647058822,-0.0137255051556755,Capital Goods,1.0,0.5129000000141095
2023-09-22,25.049999237060547,25.850000381469727,24.5,25.649999618530273,95275738,25.070000076293944,24.15999984741211,24.14666659037272,24.157499885559083,23.48199989318848,22.92333329518636,-0.5914786474417411,-0.0176470887427236,0.0239521117662171,0.0319361744021775,-0.0219560580363947,Capital Goods,1.0,0.5129
2023-09-25,25.5,26.049999237060547,25.100000381469727,25.75,71458712,25.32999992370605,24.304999923706056,24.179999923706056,24.312499904632567,23.709999923706054,23.091666603088377,-0.5717121278055494,0.0179641028600788,0.0098039215686274,0.021568597531786,-0.0156862595502067,Capital Goods,1.0,0.6341000000000001
2023-09-26,26.0,26.100000381469727,24.950000762939453,25.600000381469727,110565689,25.57999992370605,24.50499992370605,24.30666656494141,24.437499904632567,23.953999938964845,23.2849999109904,-0.5497493654459096,0.0196078431372549,-0.0153846007127028,0.0038461685180664,-0.0403845860407903,Capital Goods,1.0,0.6947000000000001
2023-09-27,25.649999618530273,25.899999618530273,25.049999237060547,25.100000381469727,94771055,25.539999771118165,24.789999961853027,24.443333180745444,24.487499904632568,24.145999908447266,23.47166659037272,-0.5651233158539153,-0.013461553133451,-0.0214424657013722,0.0097465888389094,-0.0233918280854971,Capital Goods,1.0,0.7250000000000001
2023-09-28,25.649999618530273,26.399999618530273,25.450000762939453,25.700000762939453,75375280,25.56999969482422,25.13999996185303,24.56666653951009,24.477499866485594,24.297999877929687,23.651666577657064,-0.5651233158539153,0.0,0.0019493623841249,0.0292397665167285,-0.0077972264547846,Capital Goods,1.0,0.7401500000000001
2023-09-29,25.799999237060547,26.200000762939453,25.549999237060547,25.850000381469727,76660245,25.719999694824217,25.39499988555908,24.67999979654948,24.539999866485594,24.469999847412108,23.85499986012777,-0.5585345039022813,0.0058479384312313,0.0019380289103789,0.015503935570057,-0.0096899227671637,Capital Goods,1.0,0.7477250000000001
2023-10-03,26.950000762939453,27.049999237060547,25.75,25.950000762939453,215807142,26.00999984741211,25.669999885559083,24.873333231608072,24.63749990463257,24.65199989318848,24.09333324432373,-0.5080200834500781,0.0445737038715482,-0.0371057503410225,0.0037105184152204,-0.044526928718668,Capital Goods,1.0,0.7515125
2023-10-04,28.100000381469727,28.25,27.100000381469727,27.350000381469727,346015638,26.429999923706056,26.00499992370605,25.14666659037272,24.83749990463257,24.835999908447267,24.36666660308838,-0.4575057467791643,0.0426715987374555,-0.026690391096741,0.0053380646439133,-0.035587188128988,Capital Goods,1.0,0.75340625
2023-10-05,29.5,29.5,28.549999237060547,28.600000381469727,285672016,27.2,26.36999988555908,25.59333330790201,25.13249988555908,25.02999992370605,24.65499992370605,-0.3960100289284307,0.0498220498051483,-0.030508461645094,0.0,-0.0322034156928627,Capital Goods,1.0,0.7543531250000001
2023-10-06,29.100000381469727,29.799999237060547,28.399999618530273,28.850000381469727,273969163,27.89000015258789,26.729999923706053,26.05666669209798,25.39749994277954,25.159999923706053,24.89666659037272,-0.4135802220598846,-0.0135593091027211,-0.0085910651794766,0.024054943175759,-0.0240550087203846,Capital Goods,1.0,0.7548265625000001
2023-10-09,27.649999618530273,28.350000381469727,27.649999618530273,28.200000762939453,151080200,28.26000022888184,26.989999961853027,26.35,25.57499990463257,25.283999938964843,25.101666577657063,-0.477272266415356,-0.0498282042588144,0.0198915425677106,0.0253164836382251,0.0,Capital Goods,1.0,0.7550632812500001
2023-10-10,26.350000381469727,27.399999618530273,26.299999237060547,26.5,80186599,28.14000015258789,27.075,26.493333307902017,25.689999961853022,25.33799995422364,25.233333269755047,-0.5343754150379038,-0.0470162479202828,0.005692585061052,0.0398481678125115,-0.0018975766104483,Capital Goods,1.0,0.755181640625
2023-10-11,27.649999618530273,27.649999618530273,26.450000762939453,26.5,45365872,28.05,27.239999961853027,26.68666661580404,25.87249994277954,25.479999923706053,25.371666590372723,-0.477272266415356,0.0493358337093138,-0.0415913068497684,0.0,-0.0433995975459838,Capital Goods,1.0,0.7552408203125001
2023-10-12,27.149999618530273,28.600000381469727,27.049999237060547,28.25,70399620,27.57999992370605,27.38999996185303,26.77333323160808,26.089999961853028,25.62199989318848,25.45499992370605,-0.4992350287749958,-0.018083182889627,0.040515668395036,0.0534070270096729,-0.0036832553545037,Capital Goods,1.0,0.7552704101562501
2023-10-13,26.799999237060547,27.450000762939453,26.600000381469727,27.200000762939453,39585232,27.11999969482422,27.50499992370605,26.85999984741211,26.32249994277954,25.74199989318848,25.48666655222575,-0.5146089791830016,-0.0128913586146368,0.0149254304950039,0.0242537889695177,-0.0074626440777748,Capital Goods,1.0,0.7552852050781251
2023-10-16,28.100000381469727,28.100000381469727,27.049999237060547,27.600000381469727,73809145,27.20999984741211,27.73500003814697,27.06333325703939,26.564999961853022,25.90199989318848,25.604999923706053,-0.4575057467791643,0.0485075067693085,-0.0177935940644939,0.0,-0.0373665882617422,Capital Goods,1.0,0.7552926025390626
2023-10-17,29.5,29.5,28.649999618530273,28.899999618530273,111721555,27.839999771118165,27.989999961853027,27.32999992370605,26.82999992370605,26.11999992370605,25.75499992370605,-0.3960100289284307,0.0498220498051483,-0.0203389959820246,0.0,-0.028813572253211,Capital Goods,1.0,0.7552963012695313
2023-10-18,30.950000762939453,30.950000762939453,29.799999237060547,30.25,131127521,28.5,28.275,27.659999974568684,27.13999996185303,26.397999954223632,25.983333269755047,-0.3323179845729594,0.0491525682352357,-0.0226171484873647,0.0,-0.0371567527473523,Capital Goods,1.0,0.7552981506347657
2023-10-19,31.600000381469727,32.099998474121094,30.0,31.0,135200931,29.39000015258789,28.48500003814697,28.05666669209798,27.427499961853027,26.75,26.249999936421712,-0.3037664102616855,0.0210016026658262,-0.0189873536147666,0.0158227242599835,-0.050632922853,Capital Goods,1.0,0.7552990753173829
2023-10-20,32.5,33.150001525878906,31.0,31.450000762939453,373269936,30.530000305175783,28.825,28.513333384195963,27.777499961853028,27.16400001525879,26.539999961853027,-0.2642334547705917,0.0284810002425833,-0.0323076688326322,0.0200000469501202,-0.0461538461538461,Capital Goods,1.0,0.7552995376586915
2023-10-23,31.799999237060547,34.099998474121094,31.399999618530273,33.25,130338329,31.270000076293947,29.239999961853027,28.91333338419596,28.114999961853027,27.50599998474121,26.79666659037272,-0.2949813555866032,-0.0215384850135216,0.0455975093625029,0.0723270217686065,-0.0125786046580813,Capital Goods,1.0,0.7552997688293458
2023-10-25,31.899999618530273,33.099998474121094,30.299999237060547,32.099998474121094,98053560,31.75,29.794999885559083,29.243333307902017,28.43499994277954,27.813999938964844,27.05833326975505,-0.2905887863584174,0.0031446661593998,0.0062695566765662,0.0376175194338797,-0.0501567523700002,Capital Goods,1.0,0.755299884414673
2023-10-26,31.399999618530273,31.950000762939453,30.299999237060547,31.25,99436973,31.839999771118165,30.169999885559083,29.463333257039388,28.70499992370605,28.07999992370605,27.304999923706056,-0.3125515487180572,-0.0156739813786567,-0.0047770579730119,0.0175159602258276,-0.0350318597080675,Capital Goods,1.0,0.7552999422073365
2023-10-27,32.099998474121094,32.900001525878906,31.950000762939453,32.0,80529369,31.93999938964844,30.664999771118165,29.63666648864746,29.027499866485595,28.32999984741211,27.61499989827474,-0.2818037316833351,0.0222929574552518,-0.0031152174104217,0.0249222146350807,-0.0046728261156325,Capital Goods,1.0,0.7552999711036683
2023-10-30,31.549999237060547,32.79999923706055,31.25,32.70000076293945,42405596,31.749999237060543,31.139999771118163,29.79999974568685,29.32249984741211,28.57199981689453,27.928333218892416,-0.3059627367664232,-0.017133933433173,0.0364501284845688,0.0396196523051473,-0.0095086923713186,Capital Goods,1.0,0.7552999855518342
2023-10-31,30.600000381469727,32.0,30.0,32.0,49276497,31.509999465942386,31.389999771118163,29.996666463216147,29.562499904632567,28.793999862670898,28.17333323160808,-0.3476919349809652,-0.0301108994790368,0.0457516209502424,0.0457516209502424,-0.0196078553591477,Capital Goods,1.0,0.7552999927759172
2023-11-01,31.299999237060547,31.600000381469727,30.600000381469727,30.700000762939453,39955174,31.38999938964844,31.56999969482422,30.3266663869222,29.779999828338624,29.02599983215332,28.40999984741211,-0.3169441179462431,0.0228757793092942,-0.01916928079061,0.0095847013329624,-0.0223641812349308,Capital Goods,1.0,0.7552999963879586
2023-11-02,32.650001525878906,32.849998474121094,31.350000381469727,31.899999618530273,52429624,31.639999771118163,31.739999771118164,30.65999984741211,30.00749988555908,29.291999893188475,28.67333323160808,-0.2576445590376681,0.043131064591845,-0.0229709608666991,0.0061254805174715,-0.0398162659618492,Capital Goods,1.0,0.7552999981939794
2023-11-03,34.25,34.25,33.0,33.20000076293945,76623253,32.070000076293944,32.00499973297119,31.13333320617676,30.24499988555908,29.635999908447264,28.95333321889241,-0.1873637865118523,0.0490045451560824,-0.0306569120309648,0.0,-0.0364963503649634,Capital Goods,1.0,0.7552999990969897
2023-11-06,35.95000076293945,35.95000076293945,35.95000076293945,35.95000076293945,15536896,32.95000038146973,32.349999809265135,31.743333307902017,30.58749990463257,30.047999954223634,29.301666577657063,-0.112690360976561,0.0496350587719548,0.0,0.0,0.0,Capital Goods,1.0,0.7552999995484949
2023-11-07,37.349998474121094,37.400001525878906,35.0,37.0,145813507,34.3,32.90499973297119,32.35999984741211,31.07249984741211,30.50999992370605,29.711666552225747,-0.0511947269071169,0.0389429118628805,-0.0093707761290432,0.0013387698474058,-0.0629183017436895,Capital Goods,1.0,0.7552999997742476
2023-11-08,37.400001525878906,39.20000076293945,36.79999923706055,37.79999923706055,113882054,35.52000045776367,33.454999923706055,32.88666661580404,31.624999904632567,30.92799995422364,30.108333269755047,-0.0489983166210897,0.0013387698474059,0.0106951255310741,0.048128319882956,-0.0160428412924846,Capital Goods,1.0,0.7552999998871238
2023-11-09,37.29999923706055,38.45000076293945,37.0,38.0,49396345,36.45,34.04499988555908,33.30999984741211,32.10749988555908,31.295999908447264,30.4849999109904,-0.0533909696305651,-0.0026738578807052,0.0187667768701707,0.0308311407346166,-0.0080428751527285,Capital Goods,1.0,0.7552999999435619
2023-11-10,37.900001525878906,38.25,37.099998474121094,37.5,45379797,37.18000030517578,34.625000190734866,33.72999992370605,32.644999980926514,31.631999969482425,30.89333330790202,-0.0270355542614499,0.0160858525761632,-0.0105541295455034,0.0092347878635863,-0.0211082590910069,Capital Goods,1.0,0.755299999971781
2023-11-13,38.650001525878906,39.25,37.79999923706055,38.599998474121094,45335763,37.72000045776368,35.3350004196167,34.14000002543131,33.23750009536743,32.01400001525879,31.32666670481364,0.0059085892780098,0.0197889174090899,-0.0012937399685309,0.0155238926373484,-0.0219922963844961,Capital Goods,1.0,0.7552999999858905
2023-11-15,40.5,40.54999923706055,39.54999923706055,39.95000076293945,143082003,38.35000076293945,36.32500038146973,34.72000007629394,33.857500076293945,32.528000030517575,31.81666673024496,0.0871707429836456,0.0478654178805759,-0.013580228075569,0.0012345490632232,-0.0234568089614679,Capital Goods,1.0,0.7552999999929453
2023-11-16,42.099998474121094,42.5,40.5,40.5,115717878,39.29000015258789,37.40500030517578,35.4,34.4875,33.157999954223634,32.321666653951006,0.1574515155094614,0.0395061351634837,-0.0380047157271185,0.0095012242369745,-0.0380047157271185,Capital Goods,1.0,0.7552999999964727
2023-11-17,42.29999923706055,44.0,40.29999923706055,42.900001525878906,161956692,40.29000015258789,38.37000007629395,36.12666664123535,35.054999923706056,33.74399993896484,32.79499994913737,0.1662366539658331,0.0047506121184872,0.0141844515281379,0.0401891440567692,-0.0472813247298531,Capital Goods,1.0,0.7552999999982364
2023-11-20,41.349998474121094,43.0,40.20000076293945,42.5,130271353,40.97999954223633,39.079999923706055,36.74333330790202,35.54249982833862,34.31199989318848,33.18999989827474,0.1245073719700017,-0.0224586472830742,0.0278114043123516,0.0399033031866147,-0.0278113120584845,Capital Goods,1.0,0.7553000000000001
2023-11-21,39.29999923706055,41.5,39.29999923706055,41.5,111694707,41.109999084472655,39.41499977111816,37.259999974568686,35.88249979019165,34.81199989318848,33.52999986012777,0.0344600798079942,-0.0495767669337047,0.0559796642658663,0.0559796642658663,0.0,Capital Goods,1.0,0.7553000000000001
2023-11-22,37.349998474121094,38.5,37.349998474121094,37.75,42657149,40.47999877929688,39.41499977111816,37.70999984741211,36.15999975204468,35.18199981689453,33.853333155314125,-0.0511947269071169,-0.0496183409871563,0.0107095459764492,0.0307898680819416,0.0,Capital Goods,1.0,0.7553000000000001
2023-11-23,39.20000076293945,39.20000076293945,35.5,35.5,102656993,39.89999923706055,39.59499969482422,38.23666661580403,36.52499980926514,35.569999847412106,34.28166650136312,0.0300675943610978,0.0495315224738277,-0.0943877727277371,0.0,-0.0943877727277371,Capital Goods,1.0,0.7553000000000001
2023-11-24,40.599998474121094,41.150001525878906,39.45000076293945,40.0,117045798,39.55999908447266,39.92499961853027,38.76666641235352,36.98499975204468,35.955999755859374,34.71333312988281,0.0915632284305419,0.0357142266309655,-0.014778288095344,0.0135468737051405,-0.0283250678424202,Capital Goods,1.0,0.7553000000000001
2023-11-28,38.95000076293945,41.70000076293945,38.70000076293945,41.349998474121094,116147704,39.07999954223633,40.029999542236325,39.07999979654948,37.3274998664856,36.24999977111816,35.106666501363115,0.0190862131812779,-0.0406403392412285,0.0616173983099177,0.0706033362293692,-0.0064184851117607,Capital Goods,1.0,0.7553000000000001
2023-11-29,39.599998474121094,40.29999923706055,37.599998474121094,39.45000076293945,98361673,39.13999938964844,40.12499923706055,39.323332977294925,37.72999982833862,36.53399971008301,35.53333314259847,0.0476377037112622,0.0166880025275919,-0.0037878211353887,0.0176767876240426,-0.0505050524511261,Capital Goods,1.0,0.7553000000000001
2023-11-30,40.75,41.0,38.099998474121094,40.349998474121094,811525884,39.81999969482422,40.14999923706055,39.54999974568685,38.23749980926514,36.89199974060059,35.95499979654948,0.0981521241634655,0.0290404436916946,-0.0098159883651265,0.0061349693251533,-0.0650307122915069,Capital Goods,1.0,0.7553000000000001
2023-12-01,39.400001525878906,40.400001525878906,39.0,40.0,63576805,39.85999984741211,39.87999954223633,39.68333307902018,38.642499923706055,37.19199981689453,36.28499984741211,0.0388527328174695,-0.033128796910947,0.0152283870782847,0.0253807096769571,-0.0101523225986723,Capital Goods,1.0,0.7553000000000001
2023-12-04,40.099998474121094,41.0,39.70000076293945,41.0,40525430,39.75999984741211,39.659999465942384,39.869999694824216,39.01499977111816,37.53999977111816,36.589999771118165,0.0696004660709021,0.0177664193180909,0.0224439291801901,0.0224439291801901,-0.0099750056459424,Capital Goods,1.0,0.6959500000000001
2023-12-05,39.650001525878906,40.5,38.849998474121094,40.5,52174216,39.9,39.48999977111816,39.98666636149088,39.28499984741211,37.84199989318848,36.85833314259847,0.0498341139972895,-0.0112218694604838,0.0214375395059269,0.0214375395059269,-0.0201766209576477,Capital Goods,1.0,0.6662750000000001
2023-12-06,38.95000076293945,39.5,38.400001525878906,39.5,49075379,39.77000045776367,39.454999923706055,40.006666310628255,39.43499984741211,38.13799995422363,37.07333316802978,0.0190862131812779,-0.0176544952333122,0.0141206476582118,0.0141206476582118,-0.0141206476582117,Capital Goods,1.0,0.6514375000000001
2023-12-07,39.04999923706055,40.0,38.0,38.95000076293945,51193825,39.43000030517578,39.625,39.90999959309896,39.51999988555908,38.475999908447264,37.31499983469645,0.0234786986281742,0.0025673548693801,-0.0025607804372551,0.0243278049039716,-0.0268885853412268,Capital Goods,1.0,0.6440187500000001
2023-12-08,38.75,39.599998474121094,38.0,39.599998474121094,35448583,39.3,39.579999923706055,39.686666361490886,39.58749980926514,38.77399993896484,37.54333318074544,0.0103010747249061,-0.0076824389992774,0.0219354444934476,0.0219354444934476,-0.0193548387096774,Capital Goods,1.0,0.6403093750000001
2023-12-11,39.20000076293945,39.5,38.0,38.849998474121094,59585051,39.12000045776367,39.44000015258789,39.47999979654948,39.68249988555908,39.03599990844727,37.80333321889241,0.0300675943610978,0.0116129229145665,-0.0089286296430193,0.0076530416127995,-0.0306122637649017,Capital Goods,1.0,0.6384546875000001
2023-12-12,38.5,39.5,38.400001525878906,39.5,33308747,38.89000015258789,39.39500007629395,39.289999898274736,39.71249980926514,39.20599990844727,38.01666660308838,-0.0006803064549137,-0.0178571619723346,0.0259740259740259,0.0259740259740259,-0.0025973629641842,Capital Goods,1.0,0.6375273437500001
2023-12-13,38.20000076293945,38.75,37.5,38.599998474121094,38010747,38.74000015258789,39.25500030517578,39.21666666666667,39.68999977111817,39.295999908447264,38.23833332061768,-0.0138579303581818,-0.0077921879755986,0.0104711440626386,0.0143978854993673,-0.0183246269360961,Capital Goods,1.0,0.637063671875
2023-12-14,37.349998474121094,38.599998474121094,37.099998474121094,38.20000076293945,58576341,38.4,38.91500015258789,39.21666666666667,39.53249969482422,39.295999908447264,38.46333325703939,-0.0511947269071169,-0.0222513683728249,0.0227577596665045,0.0334672035091538,-0.0066934407018307,Capital Goods,1.0,0.6368318359375
2023-12-15,38.54999923706055,39.20000076293945,36.0,37.29999923706055,135917707,38.35999984741211,38.829999923706055,39.17333323160808,39.3549997329712,39.34199981689453,38.704999923706055,0.0015159362685344,0.0321285357955477,-0.0324254221722084,0.0168612591113626,-0.066147841440398,Capital Goods,1.0,0.63671591796875
2023-12-18,37.849998474121094,38.75,37.5,38.75,34128022,38.08999938964844,38.60499992370605,38.98999989827474,39.13249969482422,39.36399978637695,38.87833315531413,-0.0292319645474771,-0.0181582562073437,0.0237781126066427,0.0237781126066427,-0.0092469878000231,Capital Goods,1.0,0.636657958984375
2023-12-19,37.5,37.900001525878906,36.79999923706055,37.849998474121094,46279926,37.88999938964844,38.38999977111816,38.89333318074544,38.93999977111817,39.34799972534179,38.98666648864746,-0.0446058311741933,-0.0092469878000231,0.0093332926432292,0.0106667073567707,-0.0186666870117186,Capital Goods,1.0,0.6366289794921876
2023-12-20,35.650001525878906,38.150001525878906,35.650001525878906,37.900001525878906,60110787,37.37999954223633,38.05999984741211,38.63000005086263,38.757499885559085,39.2279997253418,38.97666651407878,-0.1258679848798291,-0.0493332926432291,0.0631136017867119,0.0701262242074578,0.0,Capital Goods,1.0,0.6366144897460938
2023-12-21,37.099998474121094,37.25,33.900001525878906,34.29999923706055,68214659,37.32999954223633,37.86499977111816,38.38666661580404,38.74499988555908,39.09199966430664,38.96833318074544,-0.0621761080869368,0.0406731244370245,-0.0754716806528623,0.0040431679797383,-0.0862532905621095,Capital Goods,1.0,0.6366072448730469
2023-12-22,37.25,38.0,36.5,37.5,27363287,37.06999969482422,37.714999771118165,38.243333180745445,38.64749984741211,38.8979997253418,38.96333312988281,-0.0555872123540133,0.0040431679797383,0.0067114093959732,0.0201342281879195,-0.0201342281879194,Capital Goods,1.0,0.6366036224365235
2023-12-26,36.900001525878906,37.650001525878906,36.54999923706055,37.25,24483621,36.88000030517578,37.48499984741211,38.03000005086263,38.4625,38.68199981689453,38.94999987284343,-0.0709610789807295,-0.0093959321911703,0.0094850531069932,0.0203252024115501,-0.0094851564863186,Capital Goods,1.0,0.6366018112182618
2023-12-27,37.04999923706055,37.29999923706055,36.20000076293945,37.29999923706055,29736305,36.79000015258789,37.339999771118165,37.856666564941406,38.367499923706056,38.50999984741211,38.92166646321615,-0.064372350810385,0.0040649784547147,0.006747638465534,0.006747638465534,-0.0229419295984992,Capital Goods,1.0,0.6366009056091309
2023-12-28,38.150001525878906,38.5,37.099998474121094,37.20000076293945,49428774,37.29000015258789,37.33499984741211,37.8033332824707,38.295000076293945,38.46399993896485,38.90499979654948,-0.0160541730816299,0.0296896710248253,-0.0249017228032094,0.009174271562838,-0.0275230146726349,Capital Goods,1.0,0.6366004528045655
2023-12-29,38.20000076293945,38.70000076293945,38.0,38.54999923706055,28153967,37.51000061035156,37.420000076293945,37.746666717529294,38.16750011444092,38.49800003051758,38.82833315531413,-0.0138579303581818,0.0013105959386824,0.0091622635374566,0.0130890049741854,-0.0052356219619107,Capital Goods,1.0,0.6366002264022828
2024-01-01,38.5,38.599998474121094,38.0,38.5,35078873,37.76000061035156,37.41500015258789,37.73000005086263,38.122500038146974,38.47,38.70833320617676,-0.0006803064549137,0.0078533830122746,0.0,0.0025973629641842,-0.0129870129870129,Capital Goods,1.0,0.6366001132011414
2024-01-02,38.25,38.79999923706055,37.099998474121094,38.70000076293945,30864924,38.03000030517578,37.45500030517578,37.66666666666666,38.03000011444092,38.37600006103516,38.57333323160808,-0.0116616876347336,-0.0064935064935064,0.0117647258284825,0.0143790650211907,-0.0300653993693831,Capital Goods,1.0,0.6366000566005707
2024-01-03,37.79999923706055,38.25,37.70000076293945,38.25,21788140,38.18000030517578,37.48500022888184,37.61999994913737,37.9375,38.33,38.454999923706055,-0.0314282072709253,-0.0117647258284824,0.0119047823286264,0.0119047823286264,-0.0026454623317306,Capital Goods,1.0,0.6366000283002854
2024-01-04,38.70000076293945,39.29999923706055,37.75,37.79999923706055,38232279,38.29000015258789,37.79000015258789,37.65333328247071,37.925,38.29400009155273,38.43499997456868,0.008104832001458,0.0238095646572529,-0.0232558529234133,0.0155038362349511,-0.0245478228478281,Capital Goods,1.0,0.6366000141501427
2024-01-05,40.599998474121094,40.599998474121094,38.70000076293945,38.900001525878906,75799676,38.76999969482422,38.14000015258789,37.86999994913737,38.00249996185303,38.28800003051758,38.54333330790202,0.0915632284305419,0.0490955471246695,-0.0418718475894964,0.0,-0.0467979749406326,Capital Goods,1.0,0.6366000070750714
2024-01-08,42.599998474121094,42.599998474121094,40.0,41.5,92602484,39.58999938964844,38.675,38.13999989827474,38.194999885559085,38.41599990844727,38.6566665649414,0.1794142778691012,0.0492610855952328,-0.0258215613502739,0.0,-0.0610328302171314,Capital Goods,1.0,0.6366000035375357
2024-01-09,43.54999923706055,44.0,41.5,43.25,103582158,40.64999923706055,39.339999771118165,38.51999994913737,38.412499809265135,38.55399993896484,38.75499992370605,0.2211435598649327,0.0223004881917206,-0.0068886163562834,0.0103329683311799,-0.0470723139603644,Capital Goods,1.0,0.6366000017687679
2024-01-10,43.54999923706055,44.20000076293945,42.29999923706055,44.099998474121094,54417493,41.79999923706055,39.98999977111816,38.92333323160808,38.66499977111816,38.70999984741211,38.90833320617676,0.2211435598649327,0.0,0.0126291445854378,0.0149254084332053,-0.0287026411457721,Capital Goods,1.0,0.636600000884384
2024-01-11,43.599998474121094,44.0,42.70000076293945,43.900001525878906,48037394,42.77999877929688,40.534999465942384,39.45333302815755,38.93499965667725,38.89599975585938,39.04166653951009,0.2233398025883809,0.001148088127129,0.0068808041802084,0.0091743472449048,-0.0206421500614464,Capital Goods,1.0,0.636600000442192
2024-01-12,44.900001525878906,45.400001525878906,43.150001525878906,43.79999923706055,88210161,43.63999938964844,41.20499954223633,39.97333323160807,39.312499809265134,39.12999984741211,39.179999923706056,0.2804431187735077,0.0298165847994107,-0.0244989365575934,0.0111358570825841,-0.0389754997890446,Capital Goods,1.0,0.6366000002210961
2024-01-15,43.849998474121094,45.70000076293945,43.70000076293945,45.20000076293945,73414515,43.88999938964844,41.73999938964844,40.413333129882815,39.57749977111816,39.33399978637695,39.32833315531413,0.2343211837682008,-0.0233853678413045,0.0307868263579322,0.0421893353065947,-0.003420700488055,Capital Goods,1.0,0.6366000001105481
2024-01-16,42.04999923706055,44.20000076293945,41.650001525878906,44.0,73662300,43.58999938964844,42.11999931335449,40.756666310628255,39.787499809265135,39.4479997253418,39.39333318074544,0.1552552727860132,-0.0410490148163368,0.046373384026624,0.0511296448249163,-0.0095124308784554,Capital Goods,1.0,0.6366000000552741
2024-01-17,40.900001525878906,42.650001525878906,40.349998474121094,41.5,62350656,43.05999984741211,42.42999954223633,41.01333312988281,39.95749988555908,39.54399978637695,39.43499984741211,0.104741019896389,-0.0273483408334546,0.0146698887955163,0.0427872844672807,-0.013447506876248,Capital Goods,1.0,0.6366000000276371
2024-01-18,42.900001525878906,42.900001525878906,40.099998474121094,40.900001525878906,77361249,42.92000045776367,42.84999961853028,41.32999979654948,40.319999885559085,39.73199981689453,39.56666653951009,0.1925920693349484,0.0488997536768923,-0.0466200449618521,0.0,-0.0652681340831362,Capital Goods,1.0,0.6366000000138186
2024-01-19,41.849998474121094,44.45000076293945,41.45000076293945,43.5,118653572,42.30999984741211,42.97499961853028,41.573332977294925,40.55749988555908,39.91199981689453,39.65999984741211,0.1464701343296415,-0.0244755947415155,0.0394265611956765,0.0621266997279852,-0.0095578906993029,Capital Goods,1.0,0.6366
2024-01-23,41.150001525878906,43.0,40.20000076293945,42.5,61821069,41.77000045776367,42.829999923706055,41.74999974568685,40.75249996185303,40.01599990844726,39.73999989827474,0.115722401076209,-0.0167263315116975,0.0328067660768394,0.0449574339130374,-0.0230862874292241,Capital Goods,1.0,0.5554
2024-01-24,41.20000076293945,41.599998474121094,40.349998474121094,41.599998474121094,33524849,41.60000076293945,42.59500007629394,41.94666646321615,40.96749992370606,40.15,39.80666656494141,0.1179186437996571,0.001215048243172,0.009708682130449,0.009708682130449,-0.0206311231329626,Capital Goods,1.0,0.5148
2024-01-25,42.54999923706055,43.0,40.900001525878906,41.650001525878906,53839790,41.93000030517578,42.49500007629395,42.26333312988281,41.242499923706056,40.35199996948242,39.94166653951009,0.1772180351456531,0.0327669526485896,-0.0211515329569678,0.0105758113045395,-0.0387778552471632,Capital Goods,1.0,0.4945
2024-01-29,43.25,43.849998474121094,42.54999923706055,43.0,64987571,42.0,42.46000022888184,42.56666641235351,41.49749984741211,40.655999908447264,40.10999984741211,0.2079659359616646,0.016451252067938,-0.0057803468208093,0.0138727970895049,-0.0161849887384845,Capital Goods,1.0,0.48435
2024-01-30,43.79999923706055,44.849998474121094,42.75,43.5,88270852,42.39000015258789,42.35,42.77999979654948,41.777499771118165,40.92399993896484,40.32499987284343,0.2321249410447526,0.0127167453655617,-0.00684929776909,0.0239725857385886,-0.0239725857385885,Capital Goods,1.0,0.479275
2024-01-31,45.95000076293945,45.95000076293945,44.20000076293945,44.400001525878906,145374835,43.35,42.56000022888183,43.00333328247071,42.14999980926514,41.27199996948242,40.57166659037272,0.3265648862162356,0.0490867936833141,-0.0337323005729018,0.0,-0.0380848742316332,Capital Goods,1.0,0.4767375
2024-02-01,48.20000076293945,48.20000076293945,47.0,47.29999923706055,195541083,44.75,43.17500038146973,43.31333338419597,42.64749984741211,41.723999938964845,40.91666666666666,0.4253973168346148,0.0489662668692427,-0.0186722305318075,0.0,-0.0248962809947115,Capital Goods,1.0,0.47546875
2024-02-02,48.599998474121094,50.599998474121094,48.0,49.900001525878906,219513812,45.95999984741211,43.94500007629394,43.65,43.187499809265134,42.18599990844727,41.28666661580404,0.4429674261847792,0.0082987075695068,0.0267490348266172,0.0411522646665303,-0.0123456480032727,Capital Goods,1.0,0.4742
2024-02-05,48.25,50.0,47.5,49.599998474121094,112297989,46.95999984741211,44.47999992370605,43.960000101725264,43.66499977111816,42.58999984741211,41.70666656494141,0.427593559558063,-0.0072016149199565,0.0279792429869656,0.0362694300518133,-0.0155440414507772,Capital Goods,1.0,0.654725
2024-02-06,48.0,48.79999923706055,47.20000076293945,48.79999923706055,53168885,47.8,45.09500007629394,44.16666666666666,44.03499984741211,42.98199981689453,42.06999994913737,0.4166121783782431,-0.005181347150259,0.0166666507720947,0.0166666507720947,-0.0166666507720947,Capital Goods,1.0,0.7449875
2024-02-07,49.25,49.95000076293945,48.20000076293945,48.20000076293945,64866228,48.45999984741211,45.90499992370606,44.52666676839193,44.367499923706056,43.41199981689453,42.46999994913737,0.4715190842773427,0.0260416666666666,-0.0213197814631582,0.0142132134606995,-0.0213197814631582,Capital Goods,1.0,0.79011875
2024-02-08,49.349998474121094,49.75,48.5,49.5,53850076,48.68999938964844,46.71999969482422,45.01333338419597,44.65749988555908,43.85599975585937,42.88499984741211,0.475911569724239,0.002030425870479,0.0030395446913249,0.0081054009776446,-0.0172238804539544,Capital Goods,1.0,0.812684375
2024-02-09,47.349998474121094,49.400001525878906,46.900001525878906,49.349998474121094,90732188,48.43999938964844,47.19999961853027,45.44333318074544,44.84749984741211,44.237999725341794,43.228333155314125,0.3880605202856796,-0.0405268502905585,0.0422386497244153,0.0432946804185903,-0.0095036317369288,Capital Goods,1.0,0.8239671875000001
2024-02-12,45.0,48.20000076293945,45.0,47.95000076293945,65398403,47.78999938964844,47.37499961853028,45.583333079020186,44.91749992370605,44.48999969482422,43.45666643778483,0.2848356042204041,-0.0496303812006556,0.0655555725097656,0.0711111280653211,0.0,Capital Goods,1.0,0.8296085937500001
2024-02-13,43.900001525878906,44.650001525878906,42.75,43.650001525878906,135410453,46.96999969482422,47.38499984741211,45.71999994913737,44.867499923706056,44.62199981689453,43.64666646321614,0.236517594054228,-0.0244444105360243,-0.0056947606221067,0.0170842818663201,-0.0261959336197513,Capital Goods,1.0,0.832429296875
2024-02-14,46.04999923706055,46.04999923706055,42.04999923706055,42.45000076293945,59861806,46.32999954223633,47.39499969482422,46.04666646321615,44.97749996185303,44.75999984741211,43.898333104451496,0.3309573716631319,0.0489748892130271,-0.0781758639253973,0.0,-0.0868621078451797,Capital Goods,1.0,0.8338396484375
2024-02-15,47.04999923706055,47.75,46.5,46.95000076293945,44781950,45.869999694824216,47.279999542236325,46.436666361490886,45.22749996185303,44.89999984741211,44.19166641235351,0.3748828963824115,0.0217155269612949,-0.0021253661156773,0.0148778060423022,-0.0116896757912658,Capital Goods,1.0,0.8345448242187501
2024-02-16,46.849998474121094,47.70000076293945,46.0,47.70000076293945,23858185,45.76999969482422,47.10499954223633,46.72333297729492,45.52499980926514,45.03199981689453,44.49333305358887,0.3660977579260398,-0.0042508133088749,0.0181430590502127,0.0181430590502127,-0.0181429776265759,Capital Goods,1.0,0.8348974121093751
2024-02-19,46.150001525878906,47.599998474121094,46.04999923706055,47.5,19476010,46.0,46.89499969482422,46.91666641235352,45.687499809265134,45.13399993896484,44.74166641235352,0.3353500246726073,-0.0149412373754686,0.0292524036724912,0.0314192177746537,-0.002166896760822,Capital Goods,1.0,0.8350737060546876
2024-02-20,45.79999923706055,46.849998474121094,45.599998474121094,46.650001525878906,20108565,46.37999954223633,46.67499961853027,47.04999974568685,45.88499984741211,45.16999984741211,44.91499977111816,0.319975990483312,-0.0075840146748877,0.0185590022484225,0.0229257479159716,-0.0043668289578838,Capital Goods,1.0,0.8351618530273438
2024-02-21,44.75,46.0,43.75,45.95000076293945,30440623,46.119999694824216,46.22499961853028,46.96999969482422,46.06499977111817,45.20599990844727,44.98666648864746,0.2738542230405841,-0.0229257479159717,0.0268156595070268,0.0279329608938547,-0.0223463687150837,Capital Goods,1.0,0.835205926513672
2024-02-22,44.79999923706055,45.29999923706055,43.79999923706055,44.849998474121094,23276564,45.66999969482422,45.76999969482422,46.743332926432295,46.244999694824216,45.31599990844727,45.02833315531413,0.2760504657640323,0.0011173013868278,0.0011160544176791,0.0111607144757801,-0.0223214289515601,Capital Goods,1.0,0.835227963256836
2024-02-23,44.900001525878906,45.599998474121094,44.79999923706055,45.150001525878906,25286705,45.28000030517578,45.525,46.496666463216144,46.36249980926514,45.475999908447264,45.07333323160808,0.2804431187735077,0.0022321939848524,0.0055679285412921,0.0155901319477402,-0.0022272223924251,Capital Goods,1.0,0.835238981628418
2024-02-26,43.75,45.75,43.349998474121094,45.75,30050547,44.8,45.4,46.19666646321615,46.38749980926514,45.50999984741211,45.0783332824707,0.2299286983213045,-0.0256125052738825,0.0457142857142858,0.0457142857142858,-0.0091428920200893,Capital Goods,1.0,0.835244490814209
2024-02-27,44.54999923706055,45.0,43.5,44.20000076293945,22624252,44.55,45.464999771118165,45.96666641235352,46.42499980926514,45.61799987792969,45.06666653951009,0.2650690845842124,0.0182856968470982,-0.0078563070732879,0.0101010273994595,-0.0235690068471891,Capital Goods,1.0,0.8352472454071045
2024-02-28,43.20000076293945,44.650001525878906,42.349998474121094,44.599998474121094,36887600,44.24000015258789,45.179999923706056,45.563333129882814,46.287499809265135,45.69999984741211,45.04499994913737,0.2057696932382165,-0.0303029965710537,0.0324073538531664,0.033564831882674,-0.019675978560342,Capital Goods,1.0,0.8352486227035523
2024-02-29,45.25,45.349998474121094,41.04999923706055,43.0,117200579,44.33000030517578,45.0,45.289999898274736,46.13999977111816,45.86199981689453,45.15166664123535,0.295816985400224,0.0474536852050059,-0.0497237569060773,0.0022099110303004,-0.0928176964185514,Capital Goods,1.0,0.8352493113517762
2024-03-01,44.29999923706055,46.0,44.099998474121094,45.599998474121094,22093410,44.20999984741211,44.74500007629395,45.08666661580404,45.92499980926514,45.93199981689453,45.26499989827474,0.2540877034043925,-0.0209944919986619,0.0293453557437759,0.0383747357159605,-0.0045146899860922,Capital Goods,1.0,0.8352496556758882
2024-03-04,42.79999923706055,43.79999923706055,41.75,42.79999923706055,55074786,44.01999969482422,44.40999984741211,44.93999989827474,45.652499771118165,45.91399978637696,45.26166648864746,0.188199416325473,-0.0338600457298682,0.0,0.0233644863977964,-0.0245326928919977,Capital Goods,1.0,0.8352498278379441
2024-03-05,40.70000076293945,41.650001525878906,40.70000076293945,41.650001525878906,53278004,43.25,43.9,44.72666651407878,45.287499809265135,45.78999984741211,45.22333323160807,0.0959558814400173,-0.0490653857839956,0.0233415416494169,0.0233415416494169,0.0,Capital Goods,1.0,0.8352499139189721
2024-03-06,38.70000076293945,39.0,38.70000076293945,39.0,29049668,42.35,43.295000076293945,44.23666661580403,44.75999984741211,45.49999984741211,45.14166653951009,0.008104832001458,-0.0491400482188972,0.0077519181174754,0.0077519181174754,0.0,Capital Goods,1.0,0.835249956959486
2024-03-07,40.599998474121094,40.599998474121094,37.20000076293945,37.20000076293945,58288425,41.41999969482422,42.875,43.80666656494141,44.32249984741211,45.195999755859376,45.121666463216144,0.0915632284305419,0.0490955471246695,-0.0837437891370571,0.0,-0.0837437891370571,Capital Goods,1.0,0.835249978479743
2024-03-11,39.349998474121094,42.0,39.0,41.5,39527748,40.42999954223633,42.31999969482422,43.30666656494141,43.92249984741211,44.82599975585938,45.01499977111816,0.0366563225314423,-0.0307881784970204,0.0546379062071089,0.0673443870047849,-0.0088944977812711,Capital Goods,1.0,0.8352499892398715
2024-03-12,39.29999923706055,40.0,37.400001525878906,39.349998474121094,47404379,39.72999954223633,41.87499961853028,42.84999974568685,43.63749980926514,44.4679997253418,44.88333307902018,0.0344600798079942,-0.0012706286912165,0.001272245242524,0.017811724593606,-0.0483459986785422,Capital Goods,1.0,0.8352499946199358
2024-03-13,37.349998474121094,39.29999923706055,37.349998474121094,38.5,38160910,39.05999908447266,41.154999542236325,42.28666636149089,43.30999965667725,44.04199966430664,44.66833305358887,-0.0511947269071169,-0.0496183409871563,0.0307898680819416,0.05220885790104,0.0,Capital Goods,1.0,0.8352499973099679
2024-03-14,39.04999923706055,39.20000076293945,35.5,35.5,67013191,39.12999877929688,40.73999938964844,41.90666631062825,42.95999965667725,43.63399963378906,44.43833300272624,0.0234786986281742,0.0455154171992093,-0.0909090731477251,0.0038412683433945,-0.0909090731477251,Capital Goods,1.0,0.835249998654984
2024-03-15,39.400001525878906,40.0,37.5,39.0,144957453,38.88999938964844,40.154999542236325,41.54666646321615,42.57749977111816,43.235999755859375,44.14499969482422,0.0388527328174695,0.0089629269054168,-0.0101523225986723,0.0152283870782847,-0.048223387114108,Capital Goods,1.0,0.835249999327492
2024-03-18,38.54999923706055,38.900001525878906,37.70000076293945,38.849998474121094,22647157,38.72999954223633,39.57999954223633,41.12333297729492,42.162499809265135,42.88399978637696,43.80999972025553,0.0015159362685344,-0.0215736613172478,0.007782081530423,0.0090791775809395,-0.0220492474952875,Capital Goods,1.0,0.835249999663746
2024-03-19,37.150001525878906,38.400001525878906,36.79999923706055,38.400001525878906,20548501,38.3,39.01499977111816,40.68333307902018,41.71249980926514,42.569999847412106,43.43999977111817,-0.0599796978009096,-0.0363164134601521,0.0336473741226965,0.0336473741226965,-0.0094213263645371,Capital Goods,1.0,0.83525
2024-03-20,36.29999923706055,37.70000076293945,35.599998474121094,37.150001525878906,26893468,38.09000015258789,38.57499961853027,40.13333307902018,41.23749980926514,42.265999755859376,43.04999974568685,-0.0973164943498448,-0.0228802760136158,0.0234160415064292,0.0385675359587769,-0.0192837679793884,Capital Goods,1.0,0.730125
2024-03-21,37.29999923706055,38.099998474121094,36.5,37.0,54916534,37.74000015258789,38.43499946594238,39.73999964396159,40.86499977111816,41.915999755859374,42.6516663869222,-0.0533909696305651,0.0275482099453888,-0.0080428751527285,0.021447701164178,-0.0214477011641781,Capital Goods,1.0,0.6775625000000001
2024-03-22,37.349998474121094,37.95000076293945,36.349998474121094,37.0,17891396,37.32999954223633,38.10999946594238,39.21333287556966,40.49249973297119,41.5279997253418,42.2516663869222,-0.0511947269071169,0.0013404621470037,-0.0093707761290432,0.0160643189646738,-0.0267737628073231,Capital Goods,1.0,0.65128125
2024-03-26,37.099998474121094,37.650001525878906,36.79999923706055,37.5,25064700,37.03999938964844,37.88499946594239,38.73333282470704,40.1024995803833,41.1379997253418,41.909999720255534,-0.0621761080869368,-0.0066934407018307,0.0107817127312801,0.0148248807110185,-0.0080862331374436,Capital Goods,1.0,0.638140625
2024-03-27,38.5,38.95000076293945,37.099998474121094,37.400001525878906,92336818,37.30999908447266,37.80499954223633,38.446666208903,39.8399995803833,40.83199966430664,41.69333305358887,-0.0006803064549137,0.0377358917374476,-0.0285713889382102,0.0116883315049207,-0.0363636759968547,Capital Goods,1.0,0.6315703125000001
2024-03-28,40.400001525878906,40.400001525878906,38.599998474121094,39.0,44688873,38.12999954223633,38.10999984741211,38.426666259765625,39.63249969482422,40.61599975585938,41.5766663869222,0.0827782575367492,0.0493506889838676,-0.0346535018069766,0.0,-0.0445545293013117,Capital Goods,1.0,0.62828515625
2024-04-01,41.349998474121094,41.75,38.400001525878906,39.95000076293945,32553386,38.93999938964844,38.339999771118165,38.6033327738444,39.5399995803833,40.479999694824215,41.41999969482422,0.1245073719700017,0.0235147750584526,-0.0338572614956159,0.0096735560009573,-0.0713421295550577,Capital Goods,1.0,0.626642578125
2024-04-02,42.5,43.0,40.400001525878906,41.79999923706055,31126883,39.96999969482422,38.64999961853027,38.72999954223633,39.4024995803833,40.3879997253418,41.26833305358887,0.1750217924222049,0.0278114043123516,-0.0164706061868106,0.0117647058823529,-0.0494117288028492,Capital Goods,1.0,0.6258212890625
2024-04-03,43.5,43.54999923706055,41.599998474121094,42.5,28078702,41.25,39.14499969482422,39.006666310628255,39.36249961853027,40.33199966430664,41.15666643778483,0.2189473171414846,0.0235294117647058,-0.0229885057471264,0.0011494077485183,-0.0436781959972162,Capital Goods,1.0,0.62541064453125
2024-04-04,42.95000076293945,44.599998474121094,42.70000076293945,44.5,30712841,42.14000015258789,39.72499961853028,39.24999974568685,39.369999694824216,40.299999694824216,41.04999974568685,0.1947883120583965,-0.0126436606220815,0.0360884565664083,0.0384167097059842,-0.0058207216661033,Capital Goods,1.0,0.625205322265625
2024-04-05,42.650001525878906,43.0,42.0,43.0,15830518,42.59000015258789,40.35999984741211,39.6033332824707,39.46749973297119,40.22399978637695,40.9449998219808,0.1816106881551284,-0.0069848482358912,0.0082062945275329,0.0082062945275329,-0.0152403634847352,Capital Goods,1.0,0.625
2024-04-08,41.5,43.150001525878906,41.400001525878906,43.150001525878906,20072402,42.62000045776367,40.77999992370606,39.766666666666666,39.60749969482422,40.155999755859376,40.83666648864746,0.1310962677029252,-0.0269636924908693,0.0397590729127448,0.0397590729127448,-0.0024096017860504,Capital Goods,1.0,0.6308
2024-04-09,40.900001525878906,42.5,40.79999923706055,41.5,20548936,42.300000762939455,41.13500022888184,39.86666666666667,39.62249984741211,39.98199981689453,40.70666656494141,0.104741019896389,-0.0144577945571347,0.0146698887955163,0.0391197656339625,-0.0024450436451716,Capital Goods,1.0,0.6337
2024-04-10,42.150001525878906,42.650001525878906,41.099998474121094,41.150001525878906,28693252,42.03000106811523,41.64000053405762,40.10666681925456,39.7625,39.89599990844727,40.61499989827474,0.1596479257954886,0.0305623460480577,-0.0237247915492014,0.0118623957746006,-0.0249111035289795,Capital Goods,1.0,0.6351500000000001
2024-04-12,42.150001525878906,42.75,41.79999923706055,42.150001525878906,37205677,41.87000122070312,42.00500068664551,40.44000015258789,39.90500011444092,39.87,40.56166661580404,0.1596479257954886,0.0,0.0,0.0142348387283619,-0.008303731343959,Capital Goods,1.0,0.6358750000000001
2024-04-15,40.75,41.20000076293945,40.04999923706055,40.04999923706055,37643079,41.49000091552735,42.04000053405762,40.73666687011719,40.07500019073486,39.87199996948242,40.43499997456868,0.0981521241634655,-0.033214744370041,-0.01717793283287,0.0110429635077167,-0.01717793283287,Capital Goods,1.0,0.6362375
2024-04-16,40.5,41.25,39.54999923706055,39.849998474121094,20994202,41.290000915527344,41.95500068664551,40.95000025431315,40.14750022888184,39.94399993896484,40.34499994913737,0.0871707429836456,-0.0061349693251533,-0.0160494203920718,0.0185185185185186,-0.0234568089614679,Capital Goods,1.0,0.63641875
2024-04-18,41.150001525878906,41.70000076293945,40.70000076293945,41.0,23917024,41.34000091552734,41.8200008392334,41.203333791097,40.23500022888184,39.96600006103515,40.208333333333336,0.115722401076209,0.0160494203920717,-0.0036452374317549,0.01336571607937,-0.010935619593026,Capital Goods,1.0,0.636509375
2024-04-19,39.349998474121094,40.70000076293945,39.099998474121094,40.45000076293945,54049625,40.78000030517578,41.40500068664551,41.35333379109701,40.27500019073487,39.96600006103515,40.04333330790202,0.0366563225314423,-0.0437424783721041,0.0279543159205402,0.0343075563193782,-0.006353240398838,Capital Goods,1.0,0.6365546875000001
2024-04-22,40.849998474121094,41.29999923706055,38.599998474121094,38.849998474121094,62114928,40.51999969482422,41.19500045776367,41.51000035603841,40.46000003814697,40.028000030517575,39.9783332824707,0.1025446096103618,0.038119442393028,-0.0489596101519324,0.0110159309607937,-0.0550795614209238,Capital Goods,1.0,0.6365773437500001
2024-04-23,41.849998474121094,42.099998474121094,40.54999923706055,41.0,69215858,40.73999938964844,41.11500015258789,41.60666681925456,40.7375,40.20800003051758,40.01666653951009,0.1464701343296415,0.0244798050759661,-0.02031059749373,0.0059737158689405,-0.0310633042881574,Capital Goods,1.0,0.636588671875
2024-04-24,41.79999923706055,42.5,41.45000076293945,41.900001525878906,34252835,40.99999923706055,41.14500007629395,41.63666687011719,40.9625,40.31800003051758,40.11999982198079,0.1442738916061933,-0.001194724943454,0.0023923992976941,0.0167464300410518,-0.0083731693901749,Capital Goods,1.0,0.6365943359375
2024-04-25,42.150001525878906,42.29999923706055,41.25,42.20000076293945,22866483,41.19999923706055,41.27000007629395,41.61333363850911,41.20250015258789,40.42800003051758,40.17166659037272,0.1596479257954886,0.0083732606508768,0.0011862214768805,0.0035586644306417,-0.0213523485954403,Capital Goods,1.0,0.6365971679687501
2024-04-26,41.650001525878906,42.150001525878906,41.25,42.04999923706055,18201395,41.65999984741211,41.22000007629394,41.49000040690104,41.43000030517578,40.55200012207031,40.24833335876465,0.1376851634358488,-0.0118623957746007,0.0096037862311506,0.0120048014809635,-0.0096038778205174,Capital Goods,1.0,0.6365985839843751
2024-04-29,41.599998474121094,42.0,41.400001525878906,41.849998474121094,17815539,41.80999984741211,41.16499977111816,41.40000025431315,41.58500022888184,40.73,40.325,0.1354887531498216,-0.0012005534195897,0.0060096156050468,0.0096154216478576,-0.0048076191244719,Capital Goods,1.0,0.6365992919921876
2024-04-30,41.599998474121094,42.099998474121094,41.0,41.95000076293945,30499261,41.75999984741211,41.24999961853028,41.33000005086263,41.64500007629395,40.94199996948242,40.46666666666667,0.1354887531498216,0.0,0.0084135168667396,0.0120192312100935,-0.0144230407723294,Capital Goods,1.0,0.6365996459960939
2024-05-02,41.70000076293945,42.04999923706055,41.04999923706055,41.599998474121094,31530269,41.74000015258789,41.369999694824216,41.3433334350586,41.66250019073486,41.11800003051758,40.55500005086263,0.139881406159297,0.0024039012616928,-0.0023981363786265,0.0083932486263202,-0.0155875662826507,Capital Goods,1.0,0.636599822998047
2024-05-03,41.349998474121094,42.29999923706055,41.04999923706055,42.0,23725164,41.57999954223633,41.38999938964844,41.37333323160807,41.60500011444092,41.278000030517575,40.61999994913737,0.1245073719700017,-0.0083933401058692,0.0157195054380887,0.022974626311873,-0.0072551208737843,Capital Goods,1.0,0.6365999114990235
2024-05-06,40.79999923706055,42.0,40.400001525878906,42.0,17232143,41.40999908447266,41.534999465942384,41.28333307902018,41.47000007629394,41.426000061035154,40.69499994913737,0.1003483668869136,-0.0133010703109158,0.0294117839553642,0.0294117839553642,-0.0098038656534655,Capital Goods,1.0,0.6366
2024-05-07,39.75,40.79999923706055,39.0,40.75,27831110,41.03999938964844,41.42499961853027,41.12333297729492,41.310000038146974,41.47600006103516,40.7816665649414,0.0542265994441858,-0.0257352758993873,0.0251572327044025,0.0264150751461773,-0.0188679245283018,Capital Goods,1.0,0.43725
2024-05-08,39.95000076293945,40.20000076293945,39.04999923706055,39.75,24940794,40.70999984741211,41.23499984741211,41.06999969482422,41.175,41.45800003051758,40.90333328247071,0.0630117379005575,0.0050314657343258,-0.0050062768240292,0.0062578221583393,-0.0225281979647372,Capital Goods,1.0,0.337575
2024-05-09,39.599998474121094,40.400001525878906,39.45000076293945,40.0,21071854,40.28999938964844,41.01499977111816,41.00999959309896,41.079999923706055,41.38800003051758,40.97999992370605,0.0476377037112622,-0.0087610083137481,0.0101010490225224,0.0202020980450445,-0.0037878211353887,Capital Goods,1.0,0.2877375
2024-05-10,39.900001525878906,40.099998474121094,39.0,39.849998474121094,14667345,40.0,40.78999977111816,40.926666259765625,41.02999992370606,41.284000091552734,41.06500002543132,0.0608154951771094,0.0075758349322631,-0.0012532092693124,0.0050124546514733,-0.0225564283574066,Capital Goods,1.0,0.26281875
2024-05-13,39.0,39.900001525878906,37.900001525878906,39.900001525878906,23030136,39.64000015258789,40.52499961853027,40.903333028157554,40.87249984741211,41.104000091552734,41.12833340962728,0.0212824559047261,-0.0225564283574067,0.0230769622020232,0.0230769622020232,-0.028205089080028,Capital Goods,1.0,0.250359375
2024-05-14,40.20000076293945,40.75,39.04999923706055,39.04999923706055,15680138,39.73000030517578,40.38499984741211,40.85999984741211,40.77499980926514,40.994000091552735,41.18500010172526,0.0739931190803775,0.0307692503317808,-0.0286070025883954,0.0136815728015506,-0.0286070025883954,Capital Goods,1.0,0.2441296875
2024-05-15,42.20000076293945,42.20000076293945,40.04999923706055,40.400001525878906,42747507,40.18000030517578,40.44500007629394,40.88333333333333,40.84749984741211,40.97600006103516,41.24500007629395,0.1618441685189368,0.0497512428368859,-0.0426540095857373,0.0,-0.0509479025357522,Capital Goods,1.0,0.2410148437499999
2024-05-16,42.79999923706055,43.0,41.75,42.5,36344580,40.82000045776367,40.554999923706056,40.95,40.96249980926514,41.028000030517575,41.29333343505859,0.188199416325473,0.0142179730633564,-0.0070093280936505,0.0046729151052478,-0.0245326928919977,Capital Goods,1.0,0.239457421875
2024-05-17,42.599998474121094,42.95000076293945,42.099998474121094,42.79999923706055,24116415,41.35999984741211,40.679999923706056,40.97999979654948,41.03499965667724,41.09599990844727,41.2966667175293,0.1794142778691012,-0.0046729151052477,0.0046948537582918,0.0082160164637326,-0.0117370896222858,Capital Goods,1.0,0.2386787109374999
2024-05-21,44.04999923706055,44.20000076293945,41.900001525878906,42.5,45615167,42.369999694824216,41.00499992370605,41.13999964396159,41.26999969482422,41.17199981689453,41.31500002543132,0.2431063222245726,0.0340375778140064,-0.0351872704632532,0.0034052560380684,-0.0488081214170098,Capital Goods,1.0,0.23828935546875
2024-05-22,46.0,46.25,42.95000076293945,44.5,80221850,43.529999542236325,41.62999992370605,41.43333307902018,41.527499771118165,41.32599975585938,41.41666666666666,0.3287611289396837,0.0442678954985965,-0.0326086956521739,0.0054347826086955,-0.0663043312404466,Capital Goods,1.0,0.2380946777343749
2024-05-23,48.29999923706055,48.29999923706055,45.70000076293945,46.400001525878906,90528423,44.74999923706055,42.464999771118165,41.87999979654948,41.849999809265135,41.6279997253418,41.60499992370605,0.4297898022815111,0.0499999834143597,-0.0393374273539072,0.0,-0.053830197001869,Capital Goods,1.0,0.2379973388671875
2024-05-24,45.95000076293945,49.0,45.900001525878906,49.0,53070069,45.37999954223633,43.1,42.163333129882815,42.05749988555908,41.845999755859374,41.75333328247071,0.3265648862162356,-0.0486542134832569,0.0663764784857303,0.0663764784857303,-0.0010881226600734,Capital Goods,1.0,0.2379
2024-05-27,45.20000076293945,46.70000076293945,45.0,45.25,38521150,45.9,43.62999992370605,42.41999994913737,42.20999984741211,42.0079997253418,41.896666590372725,0.2936207426767758,-0.0163220889564142,0.0011061777924026,0.0331858401478144,-0.0044247955655664,Capital Goods,1.0,0.53915
2024-05-28,43.95000076293945,45.849998474121094,43.400001525878906,45.5,26264263,45.88000030517578,44.125,42.63000005086263,42.32499980926514,42.19199981689453,41.95666656494141,0.2387138367776762,-0.0276548667898453,0.035267331289049,0.0432308914266004,-0.0125142031288502,Capital Goods,1.0,0.689775
2024-05-29,46.099998474121094,46.099998474121094,43.54999923706055,43.900001525878906,30979346,45.9,44.714999771118165,43.0533332824707,42.54999980926514,42.40199981689453,42.08833312988281,0.3331536143865801,0.0489191734666501,-0.0477222781141128,0.0,-0.0553145189037701,Capital Goods,1.0,0.7650875
2024-05-30,45.400001525878906,46.900001525878906,44.5,46.29999923706055,31288700,45.32000045776367,45.03499984741211,43.41666666666666,42.73999996185303,42.543999938964845,42.243333180745445,0.3024058811331476,-0.0151843160826814,0.019823737465485,0.0330396464666409,-0.019823821489651,Capital Goods,1.0,0.8027437500000001
2024-05-31,47.650001525878906,47.650001525878906,44.29999923706055,45.70000076293945,115665511,45.66000061035156,45.52000007629395,43.95333353678385,43.0375,42.778000030517575,42.481666564941406,0.4012383117515268,0.0495594696999614,-0.0409234144909816,0.0,-0.0703043479862001,Capital Goods,1.0,0.8215718750000001
2024-06-03,50.0,50.0,50.0,50.0,62876628,46.62000045776367,46.26000022888184,44.62666676839193,43.47000007629394,43.09199996948242,42.77666651407878,0.5044632278168024,0.0493179097348989,0.0,0.0,0.0,Capital Goods,1.0,0.8309859375
2024-06-04,47.5,52.099998474121094,47.5,52.099998474121094,123854100,47.33000030517578,46.60500030517578,45.19333343505859,43.80500011444092,43.32599990844727,43.04833323160808,0.3946494160186032,-0.05,0.0968420731393915,0.0968420731393915,0.0,Capital Goods,1.0,0.8356929687500001
2024-06-05,48.45000076293945,49.79999923706055,45.150001525878906,45.150001525878906,81272335,47.800000762939455,46.85000038146973,45.7433334350586,44.24000015258789,43.6,43.30166664123535,0.4363786980144347,0.0200000160618832,-0.0681114382888677,0.0278637451571257,-0.0681114382888677,Capital Goods,1.0,0.8380464843750001
2024-06-06,49.79999923706055,50.5,48.5,49.45000076293945,49163158,48.68000030517578,47.000000381469725,46.25,44.732500076293945,43.92800003051758,43.56666666666667,0.4956780893604307,0.0278637451571257,-0.0070280819173311,0.0140562404350104,-0.0261044027505346,Capital Goods,1.0,0.8392232421875001
2024-06-07,49.900001525878906,50.45000076293945,49.0,50.0,30336425,49.13000030517578,47.39500045776367,46.72333348592122,45.24750022888183,44.25600006103516,43.83666674296061,0.500070742369906,0.0020080781194859,0.0020039773760174,0.0110220284617688,-0.0180361021715029,Capital Goods,1.0,0.8398116210937501
2024-06-10,47.400001525878906,48.630001068115234,47.400001525878906,47.400001525878906,90220734,48.61000061035156,47.615000534057614,47.04333368937174,45.62250022888183,44.49800018310547,44.01166674296061,0.3902569305717069,-0.0501001988688008,0.0,0.0259493565957964,0.0,Capital Goods,1.0,0.840105810546875
2024-06-11,48.2599983215332,49.290000915527344,47.02000045776367,47.400001525878906,47583387,48.762000274658206,48.04600028991699,47.32400029500325,46.085500144958495,44.79640014648437,44.23199996948242,0.428032741077721,0.0181433917293181,-0.0178200751256673,0.0213427813886715,-0.0256941132800714,Capital Goods,1.0,0.8402529052734375
2024-06-12,50.279998779296875,50.5,48.400001525878906,48.5099983215332,87422931,49.12799987792969,48.46400032043457,47.60933354695638,46.58950004577637,45.21760009765625,44.52133331298828,0.5167623211181754,0.041856620970133,-0.0352028739207623,0.0043755215999272,-0.0373905588516455,Capital Goods,1.0,0.8403264526367188
2024-06-13,49.869998931884766,50.5,49.290000915527344,50.5,48465602,49.14199981689453,48.91100006103515,47.714000193278,46.97299995422363,45.61440002441406,44.79699999491374,0.4987528626857739,-0.0081543328831767,0.0126328670865969,0.0126328670865969,-0.0116301990932387,Capital Goods,1.0,0.8403632263183594
2024-06-14,49.47999954223633,51.189998626708984,49.099998474121094,50.0,85029862,49.05799942016601,49.0939998626709,47.94933344523112,47.30699996948242,46.00960006713867,45.05633328755697,0.4816219348552675,-0.0078203207940934,0.0105093060342451,0.034559399763393,-0.0076798923126679,Capital Goods,1.0,0.8403816131591797
2024-06-18,49.959999084472656,50.290000915527344,48.849998474121094,49.599998474121094,49874657,49.56999893188477,49.089999771118165,48.266666666666666,47.675,46.41199996948242,45.34333330790202,0.5027061666130123,0.0097008800864397,-0.0072057769605413,0.0066053209988399,-0.0222177868433257,Capital Goods,1.0,0.8403908065795899
2024-06-19,48.900001525878906,50.279998779296875,48.75,50.189998626708984,26139387,49.69799957275391,49.22999992370605,48.596666717529295,47.91750011444092,46.808000030517576,45.61333338419596,0.4561452176506264,-0.0212169251004488,0.0263803079872582,0.02822080184778,-0.0030675157709253,Capital Goods,1.0,0.8403954032897949
2024-06-20,50.529998779296875,51.34000015258789,49.54999923706055,51.34000015258789,99070183,49.74799957275391,49.4379997253418,48.89200007120768,48.14400005340576,47.22119995117188,45.97266667683919,0.5277437022979954,0.0333332761258778,0.0160301087049083,0.0160301087049083,-0.0193944105662209,Capital Goods,1.0,0.8403977016448975
2024-06-21,53.04999923706055,53.04999923706055,51.0,51.20000076293945,143678671,50.38399963378906,49.7629997253418,49.401999918619794,48.38150005340576,47.65519989013672,46.40933329264323,0.6384360446980896,0.0498713738104455,-0.0348727332842012,0.0,-0.0386427759951488,Capital Goods,1.0,0.8403988508224487
2024-06-24,54.70000076293945,55.70000076293945,54.150001525878906,55.45000076293945,149419809,51.427999877929686,50.24299964904785,49.87199986775716,48.81900005340576,48.13119995117187,46.912666702270506,0.7109132275099327,0.0311027624808375,0.0137111515455068,0.0182815353940091,-0.0100548305190003,Capital Goods,1.0,0.8403994254112244
2024-06-25,53.599998474121094,55.5,53.31999969482422,55.150001525878906,63723030,52.155999755859376,50.86299934387207,50.1119997660319,49.238999938964845,48.57119995117188,47.36933326721192,0.6625950497811776,-0.0201097307765238,0.0289179682067748,0.0354477906710437,-0.0052238579714151,Capital Goods,1.0,0.8403997127056122
2024-06-26,52.7599983215332,54.369998931884766,52.29999923706055,53.599998474121094,52438770,52.92799911499024,51.31299934387207,50.46266632080078,49.67949981689453,48.91959991455078,47.827999877929685,0.6256976023144795,-0.0156716450839724,0.0159211557867895,0.0305155546165827,-0.0087187092325003,Capital Goods,1.0,0.8403998563528061
2024-06-27,53.279998779296875,54.0,51.5,53.04999923706055,52502181,53.47799911499023,51.61299934387207,50.78466618855794,50.03849983215332,49.210799865722656,48.26399981180827,0.6485388952760144,0.0098559604682823,-0.0043168083240591,0.013513536734218,-0.0334083862627364,Capital Goods,1.0,0.8403999281764031
2024-06-28,52.86000061035156,54.0,52.709999084472656,53.900001525878906,38744898,53.43999938964844,51.91199951171875,50.98866628011068,50.41149978637695,49.3931999206543,48.61933314005534,0.6300902553239549,-0.0078828486968455,0.0196746292758021,0.0215663900205327,-0.0028377132831423,Capital Goods,1.0,0.8403999640882016
2024-07-01,52.93000030517578,53.279998779296875,52.59000015258789,53.20000076293945,25423991,53.0859992980957,52.2569995880127,51.19066619873047,50.675499725341794,49.67239990234375,48.95699984232585,0.6331650286492981,0.0013242469545206,0.0051010855130728,0.0066124782184606,-0.006423581156765,Capital Goods,1.0,0.8403999820441008
2024-07-02,53.029998779296875,53.380001068115234,52.43000030517578,53.0,24502330,52.97199935913086,52.56399955749512,51.565999348958336,50.82699966430664,49.98559982299805,49.30466651916504,0.6375575140961945,0.0018892588993866,-0.0005656945123028,0.0066000810272506,-0.011314321854281,Capital Goods,1.0,0.8403999910220504
2024-07-03,53.529998779296875,53.95000076293945,53.0,53.099998474121094,29907631,53.1259994506836,53.02699928283691,51.91733271280925,51.128499603271486,50.368799743652346,49.62066650390625,0.6595202764558343,0.0094286255234688,-0.00803288464378,0.0078461048612057,-0.009900967520699,Capital Goods,1.0,0.8403999955110253
2024-07-04,54.029998779296875,55.66999816894531,53.369998931884766,53.599998474121094,63199465,53.27599945068359,53.37699928283691,52.16733271280925,51.40749950408936,50.68599975585938,49.88833312988281,0.6814830388154741,0.009340556910182,-0.0079585473790635,0.0303534967000007,-0.0122154333208129,Capital Goods,1.0,0.8403999977555127
2024-07-05,55.4900016784668,56.4900016784668,53.79999923706055,54.369998931884766,96909661,53.80199966430664,53.62099952697754,52.54199956258138,51.69199962615967,51.08959976196289,50.12799987792969,0.7456144322531826,0.0270220790700695,-0.020183865790306,0.0180212645477007,-0.0304559810828418,Capital Goods,1.0,0.8404
2024-07-08,55.20000076293945,56.0,54.5,55.95000076293945,54588551,54.25599975585938,53.67099952697754,52.92333297729492,51.95699958801269,51.39159973144531,50.43633321126302,0.7328759898695725,-0.0052261832177936,0.0135869563339487,0.0144927396015119,-0.0126811730663856,Capital Goods,1.0,0.7978500000000001
2024-07-09,55.369998931884766,55.84000015258789,53.86000061035156,55.29999923706055,33858415,54.72399978637695,53.84799957275391,53.283999633789065,52.35549945831299,51.6063996887207,50.775333150227866,0.7403432486418121,0.0030796769310816,-0.0012642170159752,0.0084883733026852,-0.027271055637743,Capital Goods,1.0,0.776575
2024-07-10,54.88999938964844,56.0,53.900001525878906,55.66999816894531,37727227,54.99599990844727,54.06099967956543,53.68333282470703,52.68699951171875,51.90199966430664,51.13999977111816,0.7192590168840673,-0.0086689462072559,0.014210216578067,0.0202222740516353,-0.0180360334264502,Capital Goods,1.0,0.7659375
2024-07-11,54.720001220703125,55.0,54.20000076293945,55.0,26061094,55.13400039672852,54.204999923706055,53.96266632080078,52.908999633789065,52.15279968261719,51.42733319600424,0.7117917581118277,-0.0030970699733214,0.0051169366420067,0.0051169366420067,-0.0095029321301792,Capital Goods,1.0,0.7606187500000001
2024-07-12,54.630001068115234,55.43000030517578,53.650001525878906,55.0,37499020,54.9620002746582,54.38199996948242,54.06799977620442,53.146999740600585,52.345999755859374,51.73499984741211,0.7078384541845893,-0.0016447395939355,0.0067728157541757,0.0146439542635752,-0.0179388527013649,Capital Goods,1.0,0.7579593750000001
2024-07-15,54.619998931884766,55.0,54.02000045776367,55.0,27141448,54.84599990844727,54.55099983215332,54.06266632080078,53.403999710083006,52.53479965209961,51.96733309427897,0.7073991051023524,-0.0001830887064782,0.0069571782414188,0.0069571782414188,-0.0109849594627297,Capital Goods,1.0,0.7566296875
2024-07-16,55.880001068115234,56.0,54.43000030517578,54.900001525878906,76577863,54.94800033569336,54.83600006103516,54.21466649373372,53.69999980926514,52.87399963378906,52.163333129882815,0.762745360083689,0.0230685126486689,-0.0175375720025802,0.0021474396848792,-0.025948474145016,Capital Goods,1.0,0.7559648437500001
2024-07-18,55.38999938964844,55.720001220703125,53.81999969482422,55.5,68196637,55.04800033569336,55.02200012207031,54.38999989827474,54.02449970245361,53.15919967651367,52.42633310953776,0.7412217792437071,-0.0087688201342284,0.0019859290767949,0.005957787230385,-0.02834446131295,Capital Goods,1.0,0.7556324218750001
2024-07-19,54.54999923706055,55.869998931884766,53.81999969482422,55.380001068115234,52178598,55.01399993896485,55.07400016784668,54.47466659545898,54.2254997253418,53.32999969482422,52.62966639200847,0.704324331777009,-0.0151651951948725,0.0152154324961162,0.024197978245386,-0.0133822099440172,Capital Goods,1.0,0.7554662109375001
2024-07-22,55.08000183105469,55.439998626708984,53.5,54.65999984741211,47805246,55.104000091552734,55.03300018310547,54.6226666768392,54.32699985504151,53.53839981079101,52.80566647847493,0.727604973820781,0.0097159047003994,-0.0076253080915072,0.0065358893189311,-0.02868558058333,Capital Goods,1.0,0.7553831054687501
2024-07-23,57.83000183105469,57.83000183105469,54.0,57.20000076293945,281887693,55.74600067138672,55.29600028991699,54.94933344523112,54.483499908447264,53.87239990234375,53.0699998219808,0.8484001667988001,0.0499273766989877,-0.0108940177791404,0.0,-0.0662286306378426,Capital Goods,1.0,0.7553415527343751
2024-07-24,60.720001220703125,60.720001220703125,59.630001068115234,59.70000076293945,90757700,56.7140007019043,55.83100051879883,55.4620002746582,54.83950004577637,54.302799987792966,53.51399981180827,0.9753449064275056,0.0499740497690337,-0.0167984261735471,0.0,-0.017951253798991,Capital Goods,1.0,0.7553207763671876
2024-07-25,61.470001220703125,63.75,60.79999923706055,62.290000915527344,170325709,57.93000106811523,56.489000701904295,55.99133377075195,55.27500019073487,54.805599975585935,53.9543332417806,1.0082890499669654,0.0123517784078087,0.013339835343098,0.0370912434361392,-0.0108996578873813,Capital Goods,1.0,0.7553103881835939
2024-07-26,61.88999938964844,63.0,61.0,62.68000030517578,67858407,59.39800109863281,57.20600051879883,56.515333811442055,55.70550022125244,55.26,54.34133326212565,1.026737689919025,0.0068325713454493,0.0127645972421754,0.0179350560881927,-0.0143803425177815,Capital Goods,1.0,0.755305194091797
2024-07-29,64.9800033569336,64.9800033569336,62.380001068115234,62.95000076293945,97886927,61.3780014038086,58.241000747680665,57.14800059000651,56.31150035858154,55.73720016479492,54.84500007629394,1.1624677355666813,0.049927354948431,-0.0312404199618671,0.0,-0.0400123446368048,Capital Goods,1.0,0.7553025970458985
2024-07-30,68.22000122070312,68.22000122070312,65.62999725341797,65.80999755859375,114489676,63.45600128173828,59.6010009765625,58.01600062052409,57.07600040435791,56.27800018310547,55.46966679890951,1.304786341822103,0.0498614603937814,-0.0353269366605932,0.0,-0.0379654635142274,Capital Goods,1.0,0.7553012985229492
2024-07-31,69.37999725341797,70.88999938964844,68.27999877929688,70.11000061035156,131539602,65.18800048828125,60.95100059509277,58.9500005086263,57.893500328063965,56.90920013427734,56.11700007120768,1.3557397762313854,0.0170037527405205,0.0105218129984523,0.0217642288268622,-0.0158546918084073,Capital Goods,1.0,0.7553006492614747
2024-08-01,67.9800033569336,70.98999786376953,66.22000122070312,69.93000030517578,134824650,66.49000091552735,62.21000099182129,59.82266743977865,58.6160005569458,57.51800033569336,56.75300013224284,1.2942443097245204,-0.0201786386841548,0.0286848610171963,0.0442776457516742,-0.0258899977834579,Capital Goods,1.0,0.7553003246307374
2024-08-02,71.3499984741211,71.37000274658203,67.05000305175781,67.80000305175781,131096033,68.38200073242187,63.89000091552735,60.93133392333984,59.482000541687015,58.240800323486326,57.44700012207032,1.4422731135483915,0.0495733296671539,-0.049754667109781,0.0002803682254903,-0.0602662300535704,Capital Goods,1.0,0.7553001623153688
2024-08-05,67.8499984741211,71.63999938964844,67.77999877929688,69.9000015258789,209904382,68.95599975585938,65.16700057983398,61.81266708374024,60.10000038146973,58.84040023803711,57.940333429972334,1.2885337770309129,-0.0490539604043504,0.0302137523634538,0.0558585261718598,-0.0010316830714582,Capital Goods,1.0,0.7553000811576844
2024-08-06,66.2699966430664,70.8499984741211,65.5999984741211,68.75,96665562,68.56599884033203,66.01100006103516,62.58933359781901,60.65350017547608,59.37400009155274,58.3259999593099,1.219131367544413,-0.0232866892643678,0.037422717406959,0.0691112428407505,-0.0101101283066898,Capital Goods,1.0,0.7553000405788423
2024-08-07,69.58000183105469,69.58000183105469,68.11000061035156,69.0,65576822,68.60599975585937,66.89700012207031,63.50266698201497,61.36400032043457,60.03600021362305,58.85866673787435,1.364525082250336,0.0499472665709663,-0.008335754754117,0.0,-0.0211267775512912,Capital Goods,1.0,0.7553000202894211
2024-08-08,72.91999816894531,73.05000305175781,70.58000183105469,71.0,212956025,69.59399871826172,68.04199981689453,64.67133356730143,62.26550025939942,60.81160018920898,59.530666732788085,1.5112361739526543,0.0480022456164973,-0.0263302004547085,0.0017828426505346,-0.0320899121866292,Capital Goods,1.0,0.7553000101447106
2024-08-09,76.54000091552734,76.55999755859375,73.0,74.5999984741211,142611445,70.63199920654297,69.50699996948242,66.13733367919922,63.35650024414063,61.7120002746582,60.3060001373291,1.6702466940815035,0.0496434837833511,-0.0253462557904502,0.0002612574186988,-0.0462503380348039,Capital Goods,1.0,0.7553000050723553
2024-08-12,80.36000061035156,80.36000061035156,74.6500015258789,77.1500015258789,131256497,73.13399963378906,71.04499969482421,67.82266693115234,64.64300022125244,62.70680023193359,61.22266680399577,1.8380421851041453,0.04990853996775,-0.0399452346950226,0.0,-0.0710552394363361,Capital Goods,1.0,0.7553000025361777
2024-08-13,80.79000091552734,84.29000091552734,78.3499984741211,81.97000122070312,193725637,76.03800048828126,72.30199966430663,69.35333353678385,65.95150032043458,63.73040023803711,62.151333491007485,1.8569301741384423,0.0053509246131139,0.0146057716524792,0.0433221928498248,-0.0302017875201843,Capital Goods,1.0,0.7553000000000001
2024-08-14,76.7699966430664,82.41000366210938,76.75,82.19000244140625,141960840,77.47599945068359,73.04099960327149,70.42333323160807,66.99600009918213,64.58640014648438,62.94266675313314,1.6803493770968494,-0.0497586858139064,0.0706005736009025,0.0734662923754647,-0.000260474715915,Capital Goods,1.0,0.820575
2024-08-16,79.94999694824219,80.5,74.12000274658203,77.94999694824219,155613726,78.88199920654297,74.23799896240234,71.65533294677735,68.22399997711182,65.58880004882812,63.82333335876465,1.820032559109165,0.0414224364234486,-0.0250156357265999,0.0068793379956457,-0.0729205056184599,Capital Goods,1.0,0.8532125
2024-08-19,80.70999908447266,82.44999694824219,79.20999908447266,80.63999938964844,96552950,79.71599884033203,75.1739990234375,72.90999959309896,69.53199996948243,66.62839996337891,64.71266670227051,1.853416051730862,0.0095059682956895,-0.0008672989173368,0.0215586406084382,-0.0185850578244967,Capital Goods,1.0,0.8695312500000001
2024-08-20,79.43000030517578,81.58000183105469,78.5,81.30999755859375,54449596,79.52999877929688,76.33199920654297,73.87333272298177,70.74949989318847,67.62039993286133,65.51066665649414,1.7971914337102093,-0.0158592342190117,0.0236686043836698,0.0270678775981172,-0.0117084263074739,Capital Goods,1.0,0.8776906250000001
2024-08-21,78.8499984741211,80.1500015258789,78.61000061035156,79.4000015258789,38869576,79.14199829101562,77.58999938964844,74.58199920654297,71.8004997253418,68.58959991455077,66.29899991353354,1.771714548942989,-0.0073020499663386,0.0069753083373658,0.0164870396565002,-0.0030437269297893,Capital Goods,1.0,0.8817703125
2024-08-22,77.56999969482422,79.58999633789062,77.30000305175781,79.2300033569336,41519353,79.30199890136718,78.3889991760254,75.12799936930338,72.64299964904785,69.45719985961914,67.03899993896485,1.7154899309223364,-0.0162333393033225,0.0214000730777383,0.0260409520563809,-0.003480683822723,Capital Goods,1.0,0.88381015625
2024-08-23,78.83999633789062,80.5,77.69999694824219,77.69999694824219,67410388,79.07999877929687,78.98099899291992,75.85199890136718,73.51149940490723,70.39519973754882,67.83733317057292,1.771275199860752,0.0163722656705275,-0.0144596580745977,0.0210553493051288,-0.0144596580745977,Capital Goods,1.0,0.884830078125
2024-08-26,76.4000015258789,79.79000091552734,75.66000366210938,79.33999633789062,57918809,78.21799926757812,78.96699905395508,76.18866577148438,74.23699951171875,71.26919982910157,68.55999984741212,1.664097147430817,-0.0309486926097059,0.0384816067185005,0.0443717188735939,-0.009685835719766,Capital Goods,1.0,0.8853400390625
2024-08-27,77.5,78.30000305175781,76.5999984741211,77.23999786376953,32622346,77.83199920654297,78.68099899291992,76.83199920654297,74.86299934387208,72.16599975585937,69.3223331451416,1.7124151575969933,0.0143978854993673,-0.0033548662739415,0.0103226200226813,-0.0116129229145665,Capital Goods,1.0,0.8855950195312501
2024-08-28,78.95999908447266,79.7300033569336,77.66000366210938,77.94999694824219,47724768,77.85399932861328,78.49799880981445,77.67799936930338,75.39999923706054,73.0111996459961,70.1336664835612,1.7765463834721225,0.0188386978641633,-0.0127913139303604,0.0097518272718972,-0.0164639746382535,Capital Goods,1.0,0.885722509765625
2024-08-29,77.0,78.69000244140625,76.19999694824219,78.66999816894531,41938870,77.73999938964843,78.52099914550782,78.17266591389973,75.78099937438965,73.66239959716796,70.83766644795736,1.6904523952373534,-0.0248226837284511,0.0216882879083806,0.0219480836546266,-0.0103896500228287,Capital Goods,1.0,0.8857862548828126
2024-08-30,75.83999633789062,77.58000183105469,75.12000274658203,77.30000305175781,63934257,77.13999938964844,78.10999908447266,78.3673324584961,76.1739990234375,74.23719940185546,71.51933301289877,1.6394986257029132,-0.015064982624797,0.0192511443086362,0.0229431115135052,-0.0094935868417082,Capital Goods,1.0,0.8858181274414063
2024-09-02,73.80999755859375,76.0999984741211,72.5,75.83999633789062,71966033,76.6219985961914,77.41999893188476,78.18533223470052,76.29699897766113,74.71399932861328,72.16133295694986,1.5503298641428007,-0.0267668628338614,0.0275030327386933,0.0310256197164813,-0.0177482401019429,Capital Goods,1.0,0.8858340637207032
2024-09-03,74.47000122070312,76.37000274658203,73.54000091552734,73.80999755859375,49347993,76.01599884033203,76.9239990234375,77.79266560872396,76.62799911499023,75.09359924316406,72.80766626993815,1.579320871317601,0.0089419277054633,-0.0088626782770333,0.0255136497211536,-0.0124882541953985,Capital Goods,1.0,0.8858420318603516
2024-09-04,74.16000366210938,74.9000015258789,73.30000305175781,74.4000015258789,28321394,75.05599975585938,76.45499954223632,77.35066579182943,77.02249946594239,75.33119934082032,73.35199966430665,1.565704065894675,-0.0041627172487217,0.0032362169891875,0.0099783957285268,-0.0115965556618622,Capital Goods,1.0,0.8858460159301758
2024-09-05,76.0,77.08999633789062,74.66000366210938,75.69999694824219,56483144,74.85599975585937,76.29799957275391,77.29933268229166,77.34349937438965,75.59599945068359,73.86133295694987,1.6465268705180738,0.0248111683795767,-0.0039474085757607,0.0143420570775081,-0.0176315307617187,Capital Goods,1.0,0.8858480079650879
2024-09-06,74.72000122070312,77.3499984741211,74.51000213623047,76.75,43635971,74.63200073242187,75.88600006103516,76.95066630045572,77.43349952697754,75.86559936523437,74.30299962361654,1.590302252497421,-0.0168420892012746,0.0271680774375364,0.0351980354717829,-0.0028104802066634,Capital Goods,1.0,0.885849003982544
2024-09-09,74.33999633789062,77.27999877929688,72.81999969482422,75.27999877929688,87247821,74.73800048828124,75.67999954223633,76.5259994506836,77.3234992980957,75.98519927978515,74.71799952189127,1.5736103386239937,-0.0050857183699725,0.0126446393289252,0.0395480573881565,-0.0204465525685219,Capital Goods,1.0,0.885849501991272
2024-09-10,78.05000305175781,78.05000305175781,75.33999633789062,75.83000183105469,144759489,75.4540008544922,75.73499984741211,76.43399963378906,77.20799942016602,76.39319946289062,75.15366617838542,1.7365743302426602,0.049905930812862,-0.0284433201012299,0.0,-0.0347214171416506,Capital Goods,1.0,0.885849750995636
2024-09-11,81.94999694824219,81.94999694824219,79.0999984741211,79.33999633789062,121404214,77.01199951171876,76.03399963378907,76.64066619873047,77.26599922180176,77.02039947509766,75.61133270263672,1.9078836085477244,0.0499678890966621,-0.0318486968584023,0.0,-0.0347772859091268,Capital Goods,1.0,0.885849875497818
2024-09-12,81.69999694824219,86.04000091552734,80.41000366210938,86.0,186025037,78.1519989013672,76.50399932861328,76.91599934895834,77.51249923706055,77.50519927978516,76.02199935913086,1.8969022273679048,-0.0030506407481368,0.0526316182665453,0.0531212255740303,-0.0157893920969182,Capital Goods,1.0,0.88585
2024-09-13,83.11000061035156,84.5,80.80000305175781,82.13999938964844,82750388,79.82999877929687,77.23099975585937,77.20066630045572,77.67049942016601,77.9127993774414,76.52633260091146,1.9588373780821648,0.0172583074024179,-0.0116712936298825,0.0167248150576395,-0.0277944596514181,Capital Goods,1.0,0.680025
2024-09-16,84.69999694824219,85.8499984741211,83.66000366210938,83.87999725341797,67945786,81.9019989013672,78.31999969482422,77.75399932861328,77.8699993133545,78.23919921875,76.97133255004883,2.028678801525744,0.0191312276045463,-0.0096812246088426,0.0135773502634437,-0.0122785516364105,Capital Goods,1.0,0.5771125
2024-09-17,82.0,85.4000015258789,80.56999969482422,85.18000030517578,61029140,82.69199829101562,79.0729995727539,78.05399932861329,77.99849929809571,78.30479919433594,77.44299926757813,1.910080018833752,-0.0318771788137381,0.0387804915265339,0.0414634332424257,-0.0174390281118997,Capital Goods,1.0,0.52565625
2024-09-18,80.81999969482422,82.9800033569336,80.5199966430664,82.19999694824219,37668180,82.46599884033203,79.73899917602539,78.17799936930338,78.09699935913086,78.30599914550781,77.92799936930338,1.858247886259996,-0.0143902476240948,0.0170749475207725,0.0267261033192964,-0.0037119902609579,Capital Goods,1.0,0.499928125
2024-09-19,80.97000122070312,83.0,78.0,81.88999938964844,60446356,82.31999969482422,80.2359992980957,78.44266611735026,78.26699943542481,78.47399932861327,78.307666015625,1.8648367819929188,0.0018559951304789,0.0113622101404893,0.0250709985018231,-0.0366802664681661,Capital Goods,1.0,0.4870640625
2024-09-20,83.44999694824219,84.0,81.30999755859375,82.23999786376953,74313107,82.38799896240235,81.1089988708496,78.9499994913737,78.49749946594238,78.61399932861327,78.65866597493489,1.973771895626644,0.0306285746591412,-0.0144996899786962,0.006590809728836,-0.0256440918862551,Capital Goods,1.0,0.48063203125
2024-09-23,82.88999938964844,84.98999786376953,82.69999694824219,84.19000244140625,35307207,82.0259994506836,81.9639991760254,79.55533294677734,78.82199935913086,78.70119934082031,78.87033259073893,1.9491737090238976,-0.0067105761422744,0.0156834728113191,0.0253347628131765,-0.0022922239450514,Capital Goods,1.0,0.477416015625
2024-09-24,83.79000091552734,84.19999694824219,82.31999969482422,83.0,34414038,82.38399963378906,82.53799896240234,80.17666625976562,79.13649940490723,78.87559936523438,78.98466593424479,1.9887067482962808,0.0108577817891901,-0.0094283435600363,0.0048931379428933,-0.017543874026032,Capital Goods,1.0,0.4758080078125
2024-09-25,82.95999908447266,83.69999694824219,82.5,83.69999694824219,27040040,82.81199951171875,82.6389991760254,80.76333262125651,79.33649940490723,79.03999938964844,79.05699920654297,1.9522484823492408,-0.0099057384173017,0.008919935775506,0.008919935775506,-0.0055448299125976,Capital Goods,1.0,0.4750040039062499
2024-09-26,81.83999633789062,83.36000061035156,81.5,82.94999694824219,24929699,82.98599853515626,82.65299911499024,81.15266571044921,79.57849922180176,79.2107992553711,79.22599919637044,1.903051774018591,-0.0135005154163708,0.0135630579181447,0.0185728780605676,-0.0041544031415505,Capital Goods,1.0,0.4746020019531249
2024-09-27,81.08999633789062,82.7699966430664,80.5,81.75,42523359,82.51399841308594,82.45099868774415,81.57733205159505,79.84099922180175,79.30079925537109,79.2639991760254,1.8701076304791315,-0.0091642232839734,0.0081391502271035,0.0207177257497392,-0.0072758214889071,Capital Goods,1.0,0.4744010009765624
2024-09-30,80.05000305175781,81.58000183105469,79.37000274658203,80.80000305175781,42376466,81.94599914550781,81.9859992980957,81.95799916585287,80.15299949645996,79.44679931640626,79.24199930826823,1.8244253796812195,-0.0128251736724627,0.0093691439276406,0.0191130383631294,-0.0084946943067086,Capital Goods,1.0,0.4743005004882812
2024-10-01,79.73999786376953,81.52999877929688,79.5,80.30000305175781,27494973,81.13599853515625,81.75999908447265,82.07066548665365,80.41649932861328,79.53639923095703,79.25233256022135,1.810808239133136,-0.0038726442994367,0.0070228894280259,0.0224479679393199,-0.0030097550815031,Capital Goods,1.0,0.4742502502441406
2024-10-03,75.75,78.5999984741211,75.75,76.73999786376953,79766127,79.69399871826172,81.25299911499023,81.65733235677084,80.49599914550781,79.40799926757812,79.14899927775065,1.6355454893382535,-0.0500375968229416,0.0130692787296307,0.0376237422326217,0.0,Capital Goods,1.0,0.4742
2024-10-04,74.66999816894531,76.6500015258789,72.22000122070312,74.8499984741211,77974009,78.25999908447265,80.62299880981445,81.18866577148438,80.42949905395508,79.31479919433593,79.05233256022136,1.5881058422113938,-0.0142574499149133,0.0024106108154511,0.0265167189699633,-0.0328109951562999,Capital Goods,1.0,0.5381
2024-10-07,70.93000030517578,76.48999786376953,70.93000030517578,75.63999938964844,76807728,76.22799987792969,79.37099914550781,80.37666575113933,80.23999900817871,79.11839935302734,78.78866602579753,1.423824473596332,-0.0500870223045615,0.0664034832117288,0.0783871074957267,0.0,Capital Goods,1.0,0.57005
2024-10-08,73.63999938964844,74.19999694824219,66.0999984741211,68.0999984741211,135896990,74.94599914550781,78.44599914550781,79.6393325805664,80.2049991607666,79.11159942626954,78.69666595458985,1.542862605370561,0.0382066695730002,-0.0752308658534033,0.0076045296474087,-0.1023900187129447,Capital Goods,1.0,0.586025
2024-10-09,76.69000244140625,80.5999984741211,74.55000305175781,74.58999633789062,136134618,74.33600006103515,77.7359992980957,79.28533274332682,80.13699913024902,79.20039947509765,78.66966603597005,1.6768355898144272,0.0414177495523791,-0.0273830491154319,0.0509844296289103,-0.0279045419418713,Capital Goods,1.0,0.5940125
2024-10-10,75.44000244140625,77.88999938964844,74.66999816894531,77.5,71016473,74.27400054931641,76.98399963378907,78.92666625976562,79.81149940490722,79.25159942626954,78.55233281453451,1.6219286839153275,-0.0162993866241566,0.0273064354709391,0.0324760984750112,-0.0102068431540547,Capital Goods,1.0,0.5980062500000001
2024-10-11,74.38999938964844,76.06999969482422,74.25,75.75,32799505,74.21800079345704,76.23899993896484,78.48799947102864,79.44599952697754,79.18719940185547,78.46533279418945,1.5758067489100207,-0.0139183857075474,0.0182820355089396,0.0225836848899014,-0.0018819651942075,Capital Goods,1.0,0.600003125
2024-10-14,74.01000213623047,75.0,73.75,74.6500015258789,24979009,74.83400115966796,75.53100051879883,77.8586664835612,78.99099960327149,79.15879943847656,78.40433298746744,1.5591151701617514,-0.0051081765900759,0.0086474715737798,0.0133765414835043,-0.0035130675412207,Capital Goods,1.0,0.6010015625
2024-10-15,73.70999908447266,74.23999786376953,72.1500015258789,74.0999984741211,42418804,74.8480010986328,74.89700012207031,77.24666646321614,78.44149971008301,79.13359954833984,78.40099970499675,1.5459373786959043,-0.004053547400331,0.0052909970762784,0.0071903240520934,-0.0211639883051141,Capital Goods,1.0,0.60150078125
2024-10-16,75.05000305175781,75.6500015258789,73.5199966430664,73.70999908447266,47156496,74.52000122070312,74.42800064086914,76.66399993896485,78.0939998626709,79.01359954833984,78.42033309936524,1.6047977560848212,0.0181794055613742,-0.0178548156268698,0.0079946495632692,-0.0203864936239409,Capital Goods,1.0,0.6017503906249999
2024-10-17,73.01000213623047,75.44999694824219,72.4000015258789,75.38999938964844,32194681,74.03400115966797,74.15400085449218,76.00066680908203,77.70349998474121,78.65599975585937,78.38199971516927,1.5151896454424718,-0.0271818898411032,0.0325982356359488,0.0334200074047237,-0.0083550279756648,Capital Goods,1.0,0.6018751953124999
2024-10-18,72.19000244140625,73.3499984741211,71.0999984741211,72.9000015258789,36018706,73.59400177001953,73.90600128173828,75.35733388264974,77.26450004577637,78.27559997558593,78.25499979654948,1.4791707285776687,-0.0112313336643131,0.009835144209185,0.0160686520776387,-0.0150990986344663,Capital Goods,1.0,0.60193759765625
2024-10-21,70.62999725341797,72.7699966430664,70.30000305175781,72.48999786376953,27026007,72.91800079345703,73.8760009765625,74.66000061035156,76.62350006103516,77.77639984130859,78.11866633097331,1.410646682130485,-0.0216097123594707,0.0263344284678073,0.0302987324489083,-0.0046721536810506,Capital Goods,1.0,0.601968798828125
2024-10-22,68.55999755859375,71.30000305175781,67.5,70.58999633789062,67732028,71.88800048828125,73.36800079345703,73.89400024414063,75.90699996948243,77.13079986572265,77.92599970499674,1.3197208593665823,-0.029307656453633,0.0296090847664043,0.0399650757108378,-0.0154608750924741,Capital Goods,1.0,0.6019843994140626
2024-10-23,68.8499984741211,69.94000244140625,66.0999984741211,67.30000305175781,55215451,70.6479995727539,72.58400039672851,73.16800028483073,75.15999984741211,76.6047998046875,77.61933288574218,1.3324593017501924,0.0042298851495655,-0.0225126427990537,0.0158315757653191,-0.0399419035722078,Capital Goods,1.0,0.6019921997070312
2024-10-24,69.1500015258789,71.13999938964844,68.4000015258789,69.08000183105469,35058205,69.8759994506836,71.95500030517579,72.72800038655599,74.46949996948243,76.13799987792969,77.1926663716634,1.3456370932160395,0.0043573428962467,-0.0010122876830019,0.0287779872719855,-0.0108459867454857,Capital Goods,1.0,0.6019960998535157
2024-10-25,67.47000122070312,70.30000305175781,66.0,69.87999725341797,49452859,68.93199920654297,71.26300048828125,72.24800059000651,73.75100021362304,75.59799987792968,76.71833318074545,1.271842198282643,-0.0242950147231313,0.0357195196251951,0.0419445943360425,-0.0217874787921606,Capital Goods,1.0,0.6019980499267579
2024-10-28,70.83999633789062,72.5999984741211,66.13999938964844,68.0,81820533,68.9739990234375,70.94599990844726,72.24200032552083,73.23850021362304,75.09359985351563,76.30933303833008,1.4198710021065146,0.0499480518188195,-0.0400902948151562,0.0248447519369658,-0.0663466571317179,Capital Goods,1.0,0.6019990249633789
2024-10-29,68.87000274658203,73.5,66.81999969482422,72.75,129971042,69.03600006103515,70.46200027465821,71.9240005493164,72.67950019836425,74.53279998779297,75.7816665649414,1.3333379999146666,-0.0278090583448391,0.0563379860415429,0.0672280683718682,-0.0297662693480805,Capital Goods,1.0,0.6019995124816895
2024-10-30,68.12999725341797,69.62999725341797,67.55999755859375,68.98999786376953,52761387,68.89199981689453,69.76999969482422,71.35333353678385,72.09900016784668,73.9063998413086,75.31933314005533,1.3008328703322858,-0.0107449609939327,0.0126229362251797,0.0220167336044438,-0.0083663542903728,Capital Goods,1.0,0.6019997562408448
2024-10-31,66.94999694824219,68.44000244140625,66.69999694824219,67.95999908447266,41454018,68.45199890136719,69.16399917602538,70.78733317057292,71.65900001525878,73.26599975585937,74.85699971516927,1.2490007377585295,-0.0173198349148118,0.0150859175843023,0.0222554975516422,-0.0037341301179336,Capital Goods,1.0,0.6019998781204223
2024-11-01,68.13999938964844,68.4000015258789,67.19999694824219,67.30000305175781,14965199,68.58599853515625,68.75899887084961,70.37066650390625,71.33250007629394,72.71799987792969,74.42933298746745,1.3012722194145228,0.0177744958274788,-0.0123275072705421,0.0038157049979363,-0.0137951636311439,Capital Goods,1.0,0.6019999390602111
2024-11-04,66.31999969482422,68.23999786376953,65.19999694824219,68.19000244140625,55381082,67.68199920654297,68.32799911499023,69.85799967447916,71.10200004577636,72.12720001220703,73.85833307902018,1.22132777783044,-0.0267097110526347,0.0281966639805031,0.0289505153465063,-0.0168878581383563,Capital Goods,1.0,0.6019999695301055
2024-11-05,67.37000274658203,68.25,65.52999877929688,66.30000305175781,45626050,67.38199920654297,68.20899963378906,69.43533325195312,70.78850021362305,71.62,73.34099985758463,1.2674497128357471,0.0158323741946542,-0.0158824350779547,0.013062152553684,-0.0273119176528237,Capital Goods,1.0,0.6019999847650528
2024-11-06,69.31999969482422,69.8499984741211,67.41999816894531,68.0,50008246,67.61999969482422,68.25599975585938,69.05333302815755,70.42000007629395,71.20320007324219,72.8586664835612,1.3531043519882793,0.0289445876316387,-0.0190421191666966,0.0076456835203426,-0.0274091392706796,Capital Goods,1.0,0.6019999923825263
2024-11-07,66.80000305175781,69.44999694824219,66.44000244140625,69.44999694824219,49354800,67.59000091552734,68.02099990844727,68.6393330891927,69.98800010681153,70.8452001953125,72.31999994913737,1.242412177150764,-0.0363530965689626,0.0396705655002906,0.0396705655002906,-0.0053892304476786,Capital Goods,1.0,0.6019999961912632
2024-11-08,62.5,66.58999633789062,61.84000015258789,66.58999633789062,86095752,66.46200103759766,67.52399978637695,67.99333292643229,69.3935001373291,70.35840026855469,71.67533340454102,1.0535322868077983,-0.0643713002292244,0.06543994140625,0.06543994140625,-0.0105599975585937,Capital Goods,1.0,0.6019999980956316
2024-11-11,62.15999984741211,63.13999938964844,58.560001373291016,61.5,128104971,65.63000106811523,66.6560001373291,67.42866643269856,68.80100002288819,70.00760025024414,71.04433352152506,1.03859760170074,-0.0054400024414062,-0.0106177581890645,0.0157657584401864,-0.057915033509624,Capital Goods,1.0,0.6019999990478158
2024-11-12,59.38999938964844,62.869998931884766,59.099998474121094,62.15999984741211,67563924,64.03400039672852,65.70799980163574,66.81733322143555,68.08500003814697,69.43760025024415,70.35566673278808,0.9169238781208258,-0.04456242703609,0.0466408568148002,0.0585957160801535,-0.0048829923978395,Capital Goods,1.0,0.6019999995239078
2024-11-13,54.029998779296875,59.279998779296875,53.45000076293945,58.0,194511406,60.976000213623045,64.29799995422363,65.8293332417806,67.03399982452393,68.53120010375977,69.49866676330566,0.6814830388154741,-0.0902508951917214,0.0734777218285696,0.0971682420620687,-0.0107347405045595,Capital Goods,1.0,0.602
2024-11-14,56.72999954223633,56.72999954223633,53.650001525878906,54.029998779296875,56957801,58.96199951171875,63.27600021362305,65.00133310953775,66.21999969482422,67.78279998779297,68.86466674804687,0.800081989070045,0.0499722528954421,-0.047593879512184,0.0,-0.0542922270617033,Capital Goods,1.0,0.67865
2024-11-18,59.2599983215332,59.560001373291016,56.79999923706055,59.45000076293945,119110598,58.31399917602539,62.388000106811525,64.45399958292643,65.57349948883056,67.17759994506837,68.35100008646647,0.9112135129897974,0.0445971937195813,0.0032062512114046,0.0050624883606991,-0.041511966826681,Capital Goods,1.0,0.716975
2024-11-19,62.220001220703125,62.220001220703125,59.41999816894531,60.5,74476083,58.3259994506836,61.978000259399415,63.8793332417806,65.15299968719482,66.70599990844727,68.06066678365072,1.0412331935064252,0.0499494259704417,-0.0276438634998099,0.0,-0.0450016553652226,Capital Goods,1.0,0.7361375000000001
2024-11-21,65.33000183105469,65.33000183105469,63.5,63.900001525878906,131579845,59.51399993896485,61.77400016784668,63.64333318074544,64.99149990081787,66.37080001831055,67.78366686503092,1.1778416021933975,0.0499839368263583,-0.0218888759390181,0.0,-0.0280116604892668,Capital Goods,1.0,0.7457187500000001
2024-11-22,65.22000122070312,68.33000183105469,64.5999984741211,66.80000305175781,130345329,61.752000427246095,61.36400032043457,63.44933344523112,64.81000003814697,65.97759994506836,67.40133349100749,1.173009767664264,-0.0016837686708784,0.0242257252603843,0.0476847677421437,-0.0095063283498563,Capital Goods,1.0,0.750509375
2024-11-25,64.2300033569336,67.5,63.709999084472656,67.0,123922270,63.252001190185545,61.10700035095215,63.26800053914388,64.5640001296997,65.62639999389648,67.0276668548584,1.1295235920272215,-0.0151793597859558,0.0431262104669871,0.050910734425696,-0.0080959714352062,Capital Goods,1.0,0.7529046875000001
2024-11-26,63.56999969482422,64.8499984741211,63.29999923706055,64.63999938964844,35463228,64.11400146484375,61.21400032043457,62.96333389282226,64.36900005340576,65.2815998840332,66.66700019836426,1.1005325848524212,-0.010275628641052,0.0168318341979061,0.0201352648331236,-0.0042472936772037,Capital Goods,1.0,0.7541023437500001
2024-11-27,63.59000015258789,64.29000091552734,62.709999084472656,63.880001068115234,37152591,64.3880012512207,61.35700035095215,62.78133392333984,64.00650024414062,65.0,66.31966679890951,1.1014111154543162,0.0003146210139953,0.0045604798683986,0.0110080321003265,-0.0138386706400946,Capital Goods,1.0,0.7547011718750001
2024-11-28,63.72999954223633,65.5,62.900001525878906,63.689998626708984,42559541,64.06800079345703,61.79100036621094,62.53866704305013,63.74950008392334,64.8068000793457,65.98700014750163,1.1075606621050027,0.0022015944222755,-0.0006276622597625,0.0277734264942308,-0.0130236626756501,Capital Goods,1.0,0.7550005859375001
2024-11-29,62.97999954223633,64.22000122070312,62.40999984741211,63.900001525878906,54815057,63.62000045776367,62.68600044250488,62.11600036621094,63.49200019836426,64.5720001220703,65.58466669718425,1.074616518565543,-0.0117683980132927,0.0146078436063752,0.0196888168859894,-0.0090504874399365,Capital Goods,1.0,0.7551502929687501
2024-12-02,66.12000274658203,66.12000274658203,62.279998779296875,63.11000061035156,61128869,63.99800033569336,63.62500076293945,62.07066701253255,63.45050048828125,64.45080017089843,65.35500005086263,1.2125428069366475,0.0498571487324308,-0.0455233214034623,0.0,-0.0580762826342087,Capital Goods,1.0,0.7552251464843751
2024-12-03,65.4000015258789,67.30000305175781,65.0,66.79000091552734,91100475,64.3640007019043,64.23900108337402,62.26400044759114,63.313500595092776,64.36800018310547,65.12866668701172,1.1809163755187408,-0.010889310205607,0.0212538128014938,0.0290520104212395,-0.0061162311398513,Capital Goods,1.0,0.7552625732421876
2024-12-04,67.72000122070312,68.44999694824219,65.33999633789062,65.9000015258789,97607170,65.19000091552735,64.78900108337402,62.634667205810544,63.38350067138672,64.24320037841797,65.03166681925455,1.2828235794624634,0.0354740006222506,-0.0268753641762755,0.0107796177551735,-0.0351447849957347,Capital Goods,1.0,0.7552812866210938
2024-12-05,68.26000213623047,68.80000305175781,66.87999725341797,68.19999694824219,56295912,66.09600143432617,65.08200111389161,63.22600072224935,63.42800064086914,64.2188003540039,65.02166697184245,1.3065434030258931,0.0079740240075816,-0.0008790680649045,0.0079109419664187,-0.0202168889484993,Capital Goods,1.0,0.755290643310547
2024-12-06,67.38999938964844,68.38999938964844,67.27999877929688,68.0,38528682,66.97800140380859,65.29900093078614,64.11666742960612,63.33150062561035,64.18920043945313,64.97300033569336,1.268328075875063,-0.0127454251297226,0.0090517972381116,0.0148389970182074,-0.0016322987290078,Capital Goods,1.0,0.7552953216552736
2024-12-09,67.36000061035156,67.80000305175781,66.4000015258789,67.37999725341797,34635931,67.2260009765625,65.61200065612793,64.82533416748046,63.35950050354004,64.2056005859375,64.91333363850912,1.26701036375351,-0.0004451517965361,0.0002968622756118,0.0065321026932805,-0.0142517677519903,Capital Goods,1.0,0.7552976608276368
2024-12-10,66.55000305175781,67.36000061035156,65.86000061035156,67.30000305175781,29542425,67.45600128173828,65.91000099182129,65.31133448282877,63.56200065612793,64.14200073242188,64.8826670328776,1.231430795970944,-0.0120249042644645,0.0112697214967323,0.0121712625311796,-0.0103681804622851,Capital Goods,1.0,0.7552988304138184
2024-12-11,66.12000274658203,67.19999694824219,65.8499984741211,66.41999816894531,32530712,67.13600158691406,66.1630012512207,65.57133458455404,63.76000080108643,64.13400085449219,64.72533391316732,1.2125428069366475,-0.0064613115771213,0.0045371356609447,0.0163338499213232,-0.0040835490206463,Capital Goods,1.0,0.7553000000000001
2024-12-12,65.69999694824219,66.43000030517578,64.86000061035156,65.61000061035156,33619161,66.6240005493164,66.3600009918213,65.59600092569987,64.07550067901612,64.06720062255859,64.61966705322266,1.19409383185943,-0.0063521745446623,-0.0013698073374572,0.0111111627221029,-0.0127853329818624,Capital Goods,1.0,0.7553000000000001
2024-12-13,66.19999694824219,67.68000030517578,65.26000213623047,65.5,47952699,66.38600006103516,66.68200073242187,65.66133397420248,64.68400058746337,63.94240051269532,64.55533370971679,1.2160565942190698,0.0076103504296034,-0.0105739725152778,0.0223565472078604,-0.0141993180565649,Capital Goods,1.0,0.7553000000000001
2024-12-16,66.36000061035156,68.62000274658203,66.16000366210938,67.5,56788124,66.18600006103516,66.70600051879883,65.803333791097,65.16550064086914,63.924800415039066,64.53566716512044,1.2230848390342304,0.0024169738592959,0.0171790141525496,0.034056692517238,-0.003013817757726,Capital Goods,1.0,0.7553000000000001
2024-12-17,69.55999755859375,69.66999816894531,66.20999908447266,66.36000061035156,188345914,66.78799896240234,67.12200012207032,66.20266698201497,65.68050060272216,64.20720031738281,64.58300043741862,1.363646384085862,0.0482217739422837,-0.046003408001081,0.0015813774326098,-0.0481598417438015,Capital Goods,1.0,0.7553000000000001
2024-12-18,67.94999694824219,70.18000030517578,67.37000274658203,69.80000305175781,68899550,67.15399780273438,67.14499969482422,66.49333343505859,65.96700038909913,64.43880020141602,64.63733367919922,1.292926262477809,-0.0231454954982622,0.027225992444485,0.0328182995892141,-0.008535603056788,Capital Goods,1.0,0.7553000000000001
2024-12-19,67.05000305175781,68.58000183105469,66.19999694824219,66.5,56237783,67.4239990234375,67.02399978637695,66.71466700236003,66.05300045013428,64.7452003479004,64.62666702270508,1.253393558330584,-0.0132449438838077,-0.008202878847496,0.0228187727018569,-0.0126771970891557,Capital Goods,1.0,0.7553000000000001
2024-12-20,64.12999725341797,67.79000091552734,63.95000076293945,67.55000305175781,55042543,67.00999908447265,66.6979995727539,66.7913335164388,65.99850025177003,65.14920028686524,64.45366694132487,1.125130771455167,-0.0435496743540161,0.0533292678124599,0.0570716329153484,-0.002806744085256,Capital Goods,1.0,0.7553000000000001
2024-12-23,63.86000061035156,65.16000366210938,63.279998779296875,65.16000366210938,30077026,66.50999908447265,66.3479995727539,66.64066670735677,65.98000011444091,65.43440032958985,64.35566685994466,1.113271027236031,-0.0042101458697944,0.020357078599011,0.020357078599011,-0.0090823962654437,Capital Goods,1.0,0.7553000000000001
2024-12-24,64.87000274658203,65.37999725341797,63.77000045776367,63.97999954223633,24810689,65.5720001220703,66.17999954223633,66.60533345540365,66.04500026702881,65.6588005065918,64.43466695149739,1.157635901037548,0.015815880466289,-0.0137197960022068,0.0078617925889143,-0.0169570254700862,Capital Goods,1.0,0.7553000000000001
2024-12-26,64.33999633789062,65.1500015258789,63.869998931884766,64.98999786376953,19522002,64.85,66.00199890136719,66.37999979654948,66.08250007629394,65.7436003112793,64.50733350118001,1.1343550914311968,-0.0081702849738099,0.010102604334407,0.0125894503278245,-0.0073049025918123,Capital Goods,1.0,0.7553000000000001
2024-12-27,63.25,64.7300033569336,63.0,64.5,20617504,64.08999938964844,65.75699920654297,66.04599965413412,66.05850009918213,65.66040023803711,64.63600018819173,1.086476430347258,-0.0169411936576177,0.0197628458498024,0.0233992625602148,-0.0039525691699604,Capital Goods,1.0,0.7553000000000001
2024-12-30,61.41999816894531,63.88999938964844,61.11000061035156,63.189998626708984,50198161,63.54799957275391,65.27899932861328,65.6479995727539,65.98050003051758,65.5084001159668,64.88233350118001,1.0060926396809382,-0.0289328352735918,0.0288179829132362,0.0402149347824629,-0.0050471762916868,Capital Goods,1.0,0.7553000000000001
2024-12-31,62.220001220703125,62.41999816894531,61.060001373291016,61.4900016784668,34983814,63.21999969482422,64.86499938964843,65.30533294677734,65.78549995422364,65.42800003051758,65.06533355712891,1.0412331935064252,0.0130251233410538,-0.0117325542898483,0.0032143514033817,-0.0186435201648007,Capital Goods,1.0,0.7553000000000001
2025-01-01,65.33000183105469,65.33000183105469,62.06999969482422,62.63999938964844,62229972,63.31199951171875,64.44199981689454,65.2239995320638,65.78199996948243,65.4984001159668,65.26766700744629,1.1778416021933975,0.0499839368263583,-0.041175606398461,0.0,-0.0499005364282849,Capital Goods,1.0,0.7553000000000001
2025-01-02,62.91999816894531,65.0999984741211,62.54999923706055,65.0,67889756,63.02799987792969,63.93899993896484,65.01066589355469,65.54199981689453,65.4716000366211,65.29100023905436,1.0719809267598577,-0.0368896922480075,0.0330578813030113,0.0346471768693048,-0.005880466348573,Capital Goods,1.0,0.7553000000000001
2025-01-03,61.95000076293945,63.25,61.79999923706055,63.0,42686992,62.76800003051758,63.428999710083005,64.76066614786784,65.22649974822998,65.40040008544922,65.17833353678385,1.02937328172471,-0.0154163610018127,0.0169491400182304,0.0209846524786203,-0.0024213321070472,Capital Goods,1.0,0.7553000000000001
2025-01-06,58.849998474121094,62.119998931884766,58.849998474121094,62.04999923706055,62445389,62.25400009155273,62.90099983215332,64.2706662495931,64.79949970245362,65.23520004272461,64.96600011189778,0.8932040545573958,-0.0500403914550536,0.0543755453850458,0.0555650049710985,0.0,Capital Goods,1.0,0.7553000000000001
2025-01-07,60.880001068115234,61.790000915527344,58.060001373291016,58.060001373291016,59115926,61.98600006103516,62.60299987792969,63.90533294677734,64.47549972534179,65.02559997558593,64.85433336893718,0.9823729836800872,0.0344945224575803,-0.0463206249235947,0.0149474348135105,-0.0463206249235947,Capital Goods,1.0,0.7553000000000001
2025-01-08,60.029998779296875,61.0,59.0,60.79999923706055,37159538,60.92599945068359,62.11899948120117,63.26999969482422,64.14949951171874,64.81079986572266,64.7363333384196,0.945036187131152,-0.0139619295976578,0.0128269277598125,0.0161586080364481,-0.0171580676368778,Capital Goods,1.0,0.7553000000000001
2025-01-09,57.880001068115234,60.349998474121094,57.650001525878906,60.34000015258789,35053006,59.918000030517575,61.47299995422363,62.59866663614909,63.73749942779541,64.41719985961915,64.54600003560384,0.8505964095222482,-0.0358153882209161,0.0425017111105032,0.0426744533590985,-0.0039737307876973,Capital Goods,1.0,0.7553000000000001
